Unique id,Customer Remarks,Order_id,order_date_time,Issue_reported at,issue_responded,Survey_response_Date,Customer_City,Product_category,Item_price,connected_handling_time,Agent_name,CSAT Score,channel_name_Inbound,channel_name_Outcall,category_Feedback,category_Order Related,category_Payments related,category_Product Queries,category_Refund Related,category_Returns,category_Shopzilla Related,Sub-category_Delayed,Sub-category_Exchange / Replacement,Sub-category_Fraudulent User,Sub-category_General Enquiry,Sub-category_Installation/demo,Sub-category_Invoice request,Sub-category_Missing,Sub-category_Online Payment Issues,Sub-category_Order status enquiry,Sub-category_Priority delivery,Sub-category_Product Specific Information,Sub-category_Refund Enquiry,Sub-category_Return cancellation,Sub-category_Return request,Sub-category_Reverse Pickup Enquiry,Sub-category_Shopzila Premium Related,Sub-category_UnProfessional Behaviour,Sub-category_Wrong,Supervisor_Aiden Patel,Supervisor_Alexander Tanaka,Supervisor_Amelia Tanaka,Supervisor_Ava Wong,Supervisor_Brayden Wong,Supervisor_Carter Park,Supervisor_Charlotte Suzuki,Supervisor_Dylan Kim,Supervisor_Elijah Yamaguchi,Supervisor_Emily Yamashita,Supervisor_Emma Park,Supervisor_Ethan Nakamura,Supervisor_Ethan Tan,Supervisor_Harper Wong,Supervisor_Jackson Park,Supervisor_Landon Tanaka,Supervisor_Lucas Singh,Supervisor_Madison Kim,Supervisor_Mason Gupta,Supervisor_Mia Patel,Supervisor_Nathan Patel,Supervisor_Noah Patel,Supervisor_Oliver Nguyen,Supervisor_Olivia Suzuki,Supervisor_Olivia Wang,Supervisor_William Park,Supervisor_Wyatt Kim,Supervisor_Zoe Yamamoto,Manager_Jennifer Nguyen,Manager_John Smith,Manager_Michael Lee,Manager_Olivia Tan,Manager_William Kim,Tenure Bucket_31-60,Tenure Bucket_61-90,Tenure Bucket_>90,Tenure Bucket_On Job Training,Agent Shift_Evening,Agent Shift_Morning,Agent Shift_Split
2e70fcce-8d1c-4219-ba3a-ad3d9c9242bf,,,,03/08/2023 18:41,03/08/2023 18:42,03-Aug-23,,,,206.0,12,5,True,False,False,True,False,False,False,False,False,False,False,False,False,False,False,False,False,True,False,False,False,False,False,False,False,False,False,False,True,False,False,False,False,False,False,False,False,False,False,False,False,False,False,False,False,False,False,False,False,False,False,False,False,False,False,False,False,True,False,False,False,False,False,False,True,False,False
dd386ebf-a0ea-4fa2-8f69-1423e5d617b3,,,,03/08/2023 12:25,03/08/2023 12:51,03-Aug-23,,,,303.0,26,4,True,False,False,False,False,True,False,False,False,False,False,False,False,False,False,False,False,False,False,True,False,False,False,False,False,False,False,False,False,False,False,False,False,False,False,False,True,False,False,False,False,False,False,False,False,False,False,False,False,False,False,False,False,False,False,False,True,False,False,False,False,False,True,False,False,True,False
a75c2b3e-0e2f-40b0-8353-bd046fa2ec4f,,,,04/08/2023 14:19,04/08/2023 15:20,04-Aug-23,,,,156.0,10,5,False,False,False,False,False,False,False,True,False,False,False,False,False,False,False,False,False,False,False,False,False,False,False,False,False,False,False,False,False,False,False,False,False,False,False,False,False,True,False,False,False,False,False,False,False,False,False,False,False,False,False,False,False,False,False,False,True,False,False,False,True,False,False,False,False,True,False
225ff7cd-0906-46c9-b259-046e01700f3c,Pathetic customer care ,,,04/08/2023 17:11,04/08/2023 21:56,04-Aug-23,,,,0.0,69,1,True,False,False,False,False,False,False,False,True,False,False,False,False,False,False,False,False,False,False,False,False,False,False,False,True,False,False,False,False,False,False,True,False,False,False,False,False,False,False,False,False,False,False,False,False,False,False,False,False,False,False,False,False,False,False,False,True,False,False,False,True,False,False,False,True,False,False
4adaaef1-0f9c-4c93-b175-3b692deed437,Thanks for all of you.,7dac1162-3426-4559-baf2-2507e4f33e15,,05/08/2023 17:04,05/08/2023 17:07,05-Aug-23,,,,240.0,32,5,False,True,False,False,False,False,False,False,False,False,False,False,False,False,False,False,False,False,False,False,False,True,False,False,False,False,False,False,False,False,False,False,False,False,False,False,False,False,False,False,False,False,False,False,False,False,False,False,False,False,False,True,False,False,False,False,False,False,True,False,False,False,True,False,False,True,False
3f9a013c-ba0b-49e3-8806-b13b3dc8e79d,,27ec436a-6032-4eb4-b406-1902997bb464,,05/08/2023 13:29,05/08/2023 13:33,05-Aug-23,,,,205.0,33,5,False,True,False,False,False,False,False,True,False,False,False,False,False,False,False,False,False,False,False,False,False,False,True,False,False,False,False,False,False,False,False,False,False,False,False,False,False,False,False,False,False,False,False,False,False,False,True,False,False,False,False,False,False,False,False,False,False,False,True,False,False,False,True,False,False,True,False
6127b452-5972-4742-92cd-f55ee2603012,,2b6f8391-9da4-4d9e-9ab3-b181206c1a85,,05/08/2023 10:37,05/08/2023 10:41,05-Aug-23,,,,574.0,41,5,False,True,False,False,False,False,False,True,False,False,False,False,False,False,False,False,False,False,False,False,False,False,True,False,False,False,False,False,False,False,False,False,False,False,False,False,False,False,False,False,False,False,False,False,False,True,False,False,False,False,False,False,False,False,False,False,False,False,True,False,False,False,False,False,False,True,False
a0a9e179-d42a-478d-9295-4dda1e1b6ac4,,23a50550-ce25-4f52-a668-40e35a72e763,,06/08/2023 15:42,06/08/2023 16:49,06-Aug-23,,,,514.0,11,5,True,False,False,True,False,False,False,False,False,True,False,False,False,False,False,False,False,False,False,False,False,False,False,False,False,False,False,False,False,False,True,False,False,False,False,False,False,False,False,False,False,False,False,False,False,False,False,False,False,False,False,False,False,False,False,False,False,False,False,True,False,False,False,True,True,False,False
cd29b0e4-6708-45cd-96fb-f2841f544006,,5f1550cb-8cfc-4324-b2e8-0aec7a586ff9,,05/08/2023 15:16,05/08/2023 15:24,05-Aug-23,,,,415.0,53,5,False,True,False,False,False,False,False,True,False,False,False,False,False,False,False,False,False,False,False,False,False,False,True,False,False,False,False,False,False,False,False,False,False,False,False,False,False,False,False,False,False,False,False,False,False,False,False,False,False,False,False,True,False,False,False,False,False,False,True,False,False,False,False,False,False,True,False
a1126df4-f5fb-4b9b-b058-700344db690b,no,7e5034ba-8e29-48b9-b891-4f31238fea68,,05/08/2023 14:13,05/08/2023 14:15,05-Aug-23,,,,368.0,30,5,False,True,False,False,False,False,False,True,False,False,False,False,False,False,False,False,False,False,False,False,False,False,True,False,False,False,False,False,False,False,False,False,False,False,False,False,False,False,False,False,False,False,False,False,True,False,False,False,False,False,False,False,False,False,False,False,True,False,False,False,False,False,True,False,False,True,False
0bd9dfa8-10a2-4b36-a718-03ada3605d7a,,ac104f01-834e-4cd7-b411-e2625aa9eae6,,05/08/2023 10:02,05/08/2023 10:07,05-Aug-23,,,,242.0,42,5,False,True,False,False,False,False,False,False,False,False,False,False,False,False,False,False,False,False,False,False,False,True,False,False,False,False,False,False,False,False,False,False,False,False,False,False,False,False,False,False,False,False,False,False,False,False,True,False,False,False,False,False,False,False,False,False,False,False,True,False,False,False,True,False,False,True,False
a8765433-c5c2-454f-8e02-cb85e99dacf2,,d353bc33-7b41-4828-9963-7232dbcbbc6a,,05/08/2023 19:25,05/08/2023 19:35,05-Aug-23,,,,617.0,21,5,False,True,False,False,False,False,False,True,False,False,False,False,False,False,False,False,False,False,False,False,False,False,True,False,False,False,False,False,False,False,False,False,False,False,False,False,False,False,False,False,False,False,False,False,False,False,False,False,False,False,True,False,False,False,False,True,False,False,False,False,False,False,False,True,False,True,False
1032825f-2aaf-43c1-8deb-5dee7b8bab07,,ef1c8fce-fe2e-413c-a81d-15c9484ef9e8,,05/08/2023 13:23,05/08/2023 16:01,05-Aug-23,,,,439.0,63,5,False,True,False,False,False,True,False,False,False,False,False,False,False,False,False,False,False,False,False,True,False,False,False,False,False,False,False,False,False,False,False,False,False,False,False,False,False,False,False,False,False,False,False,False,False,True,False,False,False,False,False,False,False,False,False,False,False,False,True,False,False,False,True,False,False,True,False
1dc9d36e-f5e5-4942-a306-d0915979d084,Very bad experience ,094f42ac-f316-459d-8bda-5b7c8366bf3b,,05/08/2023 12:07,05/08/2023 12:35,05-Aug-23,,,,174.0,43,1,False,True,False,False,False,False,False,False,False,False,False,False,False,False,False,False,False,False,False,False,False,True,False,False,False,False,False,False,False,False,False,False,False,False,False,False,False,False,False,False,False,False,False,False,False,True,False,False,False,False,False,False,False,False,False,False,False,False,True,False,False,False,True,False,False,True,False
b23a7638-00d8-4471-9577-48b30dafc4d1,Good support. ...and one more thing  they were resolved with in the time ,fd886c24-2e85-4afc-8ae4-7a386f42fb31,,05/08/2023 19:33,05/08/2023 19:46,05-Aug-23,,,,464.0,45,3,False,True,False,False,False,False,False,True,False,False,False,False,False,False,False,False,False,False,False,False,False,False,True,False,False,False,False,False,False,False,False,False,False,False,False,False,False,False,False,False,False,False,False,False,False,False,True,False,False,False,False,False,False,False,False,False,False,False,True,False,False,False,False,False,False,True,False
f12492b5-3d45-4398-9315-47692d18ab56,,b1dab16f-29ae-474c-bf71-97385ac090f7,29/07/2023 07:27,05/08/2023 10:55,05/08/2023 11:01,05-Aug-23,GURGAON,Home Appliences,489.0,330.0,4,5,False,True,False,False,False,False,False,True,False,False,False,False,False,False,False,False,False,False,False,False,False,False,True,False,False,False,False,False,False,False,False,False,True,False,False,False,False,False,False,False,False,False,False,False,False,False,False,False,False,False,False,False,False,False,False,False,False,True,False,False,False,False,True,False,True,False,False
f45d487b-bbd3-445b-bf23-6a50baa6bdfc,,6711b5f3-8ace-46e0-9bbb-c880d22bef88,,05/08/2023 10:35,05/08/2023 11:12,05-Aug-23,,,,153.0,22,5,False,True,False,True,False,False,False,False,False,False,False,False,False,False,False,False,False,True,False,False,False,False,False,False,False,False,False,False,False,False,False,False,False,False,False,False,False,False,False,False,False,False,False,False,False,False,True,False,False,False,False,False,False,False,False,False,False,False,True,False,False,False,True,False,False,True,False
1cf5a60a-7bf7-489f-aad0-57b41bfb375f,Good customer executive,be760534-201d-4ede-b162-1ffc6afe7642,,05/08/2023 10:10,05/08/2023 10:26,05-Aug-23,,,,722.0,45,5,False,True,False,False,False,False,False,True,False,False,False,False,False,False,False,False,False,False,False,False,False,False,True,False,False,False,False,False,False,False,False,False,False,False,False,False,False,False,False,False,False,False,False,False,False,False,True,False,False,False,False,False,False,False,False,False,False,False,True,False,False,False,False,False,False,True,False
4205a3d5-3447-44c6-9207-5ab2545e779f,,6bc50bd9-def0-4dcc-ae4f-4f484675bd38,,05/08/2023 20:33,05/08/2023 20:35,05-Aug-23,,,,585.0,8,5,False,True,False,False,False,False,False,True,False,False,False,False,False,False,False,False,False,False,False,False,False,False,True,False,False,False,False,False,False,False,False,False,False,False,False,False,False,False,False,False,False,False,False,False,False,True,False,False,False,False,False,False,False,False,False,False,False,False,True,False,False,False,False,False,False,False,False
66c1de90-7a3e-445d-abe2-2e1d5fd71b1a,,33303c06-a25e-4295-b382-dcfdf2d7d897,,05/08/2023 16:38,05/08/2023 16:43,05-Aug-23,,,,539.0,2,5,False,True,False,False,False,False,False,True,False,False,False,False,False,False,False,False,False,False,False,False,False,False,True,False,False,False,False,False,False,False,False,False,False,False,False,False,False,False,False,False,False,False,False,False,False,False,True,False,False,False,False,False,False,False,False,False,False,False,True,False,False,False,False,False,False,False,False
6b729637-a67b-42d6-b6ac-44ff07468233,,bfe14b9c-b790-4a1e-be36-63b5851053da,,05/08/2023 12:57,05/08/2023 13:14,05-Aug-23,,,,1115.0,53,5,False,True,False,False,False,False,False,False,False,False,False,False,False,False,False,False,False,False,False,False,False,True,False,False,False,False,False,False,False,False,False,False,False,False,False,False,False,False,False,False,False,False,False,False,False,False,False,False,False,False,False,True,False,False,False,False,False,False,True,False,False,False,False,False,False,True,False
49761cec-4f20-4de0-978d-9e4342c26baa,,3a2ad812-3567-498a-8a50-3794607b1a9c,27/07/2023 07:21,05/08/2023 12:43,05/08/2023 12:46,05-Aug-23,URAN,Electronics,899.0,580.0,35,5,False,True,False,False,False,False,False,True,False,False,False,False,False,False,False,False,False,False,False,False,False,False,True,False,False,False,False,False,False,False,False,False,False,False,False,False,False,False,False,False,False,False,False,False,False,False,False,False,False,False,False,True,False,False,False,False,False,False,True,False,False,False,False,False,False,False,False
2bf33e7e-98d1-4426-9210-b2af108fcfd5,Please try to give refund,d2a90adf-e95f-4be6-abe0-8736ead15fdf,,05/08/2023 13:20,05/08/2023 13:36,05-Aug-23,,,,1066.0,41,4,False,True,False,False,False,False,False,False,False,False,False,False,False,False,False,False,False,False,False,False,False,True,False,False,False,False,False,False,False,False,False,False,False,False,False,False,False,False,False,False,False,False,False,False,False,True,False,False,False,False,False,False,False,False,False,False,False,False,True,False,False,False,False,False,False,True,False
28c4268a-8ba4-49bb-ac29-7b6d5cda0e47,,c9aeebbd-0856-4c57-948d-ff3294a656ea,02/08/2023 17:28,05/08/2023 20:45,05/08/2023 20:50,05-Aug-23,CHATRAPUR,Electronics,899.0,865.0,16,4,False,True,False,False,False,False,False,True,False,False,False,False,False,False,False,False,False,False,False,False,False,False,True,False,False,False,False,False,False,False,False,False,False,False,False,False,False,False,False,False,False,False,False,False,False,False,False,False,False,False,False,True,False,False,False,False,False,False,True,False,False,False,False,False,False,False,False
b552b622-2f53-4fa8-a5cd-cb88649e9258,,019e85c2-0c42-4dba-9050-0843944b8d64,,05/08/2023 16:52,05/08/2023 16:55,05-Aug-23,,,,716.0,72,5,False,True,False,True,False,False,False,False,False,True,False,False,False,False,False,False,False,False,False,False,False,False,False,False,False,False,False,False,False,False,False,False,False,False,False,False,False,False,False,False,False,False,False,False,False,False,True,False,False,False,False,False,False,False,False,False,False,False,True,False,False,False,True,False,False,True,False
cf1655c6-743e-4a3e-9498-009b6b09b056,The customer support person was really amazing ?? who solve my all queries and talk to me in a very polite and professional way. I personally I like connect with that person again when I called by Shopzilla customer support service. Thanks for considering my feedback.,1b617ab4-178b-40a8-b5ee-9123b3979265,,05/08/2023 13:51,05/08/2023 18:27,05-Aug-23,,,,711.0,39,5,False,True,False,False,False,False,False,False,False,False,False,False,False,False,False,False,False,False,False,False,False,True,False,False,False,False,False,False,False,False,False,False,False,False,False,False,False,False,False,False,False,False,False,False,False,False,False,False,False,False,False,False,False,False,False,True,False,False,False,False,False,False,False,True,False,True,False
1e4e35c6-75f1-4ff1-8f38-a6217c9f8410,,ff6fb5f8-ab92-4e45-8d77-178ca823d496,,05/08/2023 13:52,05/08/2023 13:56,05-Aug-23,,,,594.0,43,5,False,True,False,False,False,False,False,True,False,False,False,False,False,False,False,False,False,False,False,False,False,False,True,False,False,False,False,False,False,False,False,False,False,False,False,False,False,False,False,False,False,False,False,False,False,True,False,False,False,False,False,False,False,False,False,False,False,False,True,False,False,False,True,False,False,True,False
de852aa4-d9ef-40da-b51c-bafe69970d18,,b43c710b-d427-4018-9560-a6c688085b19,,05/08/2023 18:22,05/08/2023 18:26,05-Aug-23,,,,236.0,77,5,False,True,False,False,False,False,False,True,False,False,False,False,False,False,False,False,False,False,False,False,False,False,True,False,False,False,False,False,False,False,False,False,False,False,False,False,False,False,False,False,False,False,False,False,False,False,True,False,False,False,False,False,False,False,False,False,False,False,True,False,False,False,True,False,False,True,False
d350d798-cbce-42b4-afb2-436a8d8202ea,Please improve the return policy,0f9703e0-5ed1-413b-90df-0c76dec12740,,05/08/2023 17:18,05/08/2023 17:39,05-Aug-23,,,,957.0,8,4,False,True,False,False,False,False,False,True,False,False,False,False,False,False,False,False,False,False,False,False,False,False,True,False,False,False,False,False,False,False,False,False,False,False,False,False,False,False,False,False,False,False,False,False,False,True,False,False,False,False,False,False,False,False,False,False,False,False,True,False,False,False,False,False,False,False,False
08c6a929-a403-4f14-810f-2275fe591230,Good,0258d703-8287-428d-9e48-446e29eec3e5,29/07/2023 03:44,05/08/2023 11:11,05/08/2023 11:50,05-Aug-23,BETTIAH,Electronics,899.0,367.0,41,5,False,True,False,False,False,False,False,True,False,False,False,False,False,False,False,False,False,False,False,False,False,False,True,False,False,False,False,False,False,False,False,False,False,False,False,False,False,False,False,False,False,False,False,False,False,True,False,False,False,False,False,False,False,False,False,False,False,False,True,False,False,False,False,False,False,True,False
ca241d2f-b1e9-420e-9ea9-306a654e4533,,8f0c76e3-2db5-4eab-b2d1-b1576298d396,,05/08/2023 10:27,05/08/2023 10:30,05-Aug-23,,,,777.0,9,5,False,True,False,False,False,False,False,True,False,False,False,False,False,False,False,False,False,False,False,False,False,False,True,False,False,False,False,False,False,False,False,False,False,False,False,False,False,False,False,False,False,False,False,False,False,False,False,False,False,True,False,False,False,False,False,False,True,False,False,False,False,False,True,False,False,True,False
eae37bb3-91ec-4154-ba3c-7e4a6309a946,Not good ,d5d704c1-7d8e-4573-8e9d-aec29e6d3b40,31/07/2023 20:21,04/08/2023 12:04,05/08/2023 07:02,05-Aug-23,PATNA,Electronics,899.0,604.0,59,2,False,True,False,False,False,False,False,True,False,False,False,False,False,False,False,False,False,False,False,False,False,False,True,False,False,False,False,False,False,False,False,False,False,False,False,False,False,False,False,False,False,False,False,False,True,False,False,False,False,False,False,False,False,False,False,False,True,False,False,False,False,False,True,False,False,True,False
662a392f-0d9b-4396-b032-3f296272ab88,Its very pleasant experience about support executiveProblem solved ,2e5efd5c-6152-4d09-8a5e-00e52fd21703,,05/08/2023 13:01,05/08/2023 13:05,05-Aug-23,,,,248.0,55,5,False,True,False,False,False,False,False,True,False,False,False,False,False,False,False,False,False,False,False,False,False,False,True,False,False,False,False,False,False,False,False,False,False,False,False,False,False,False,False,False,False,False,False,False,False,False,True,False,False,False,False,False,False,False,False,False,False,False,True,False,False,False,False,False,False,False,False
c549ac36-910a-4009-a022-ce4097f3ad37,Nice conversation ,b55fcb62-3ee7-4bae-a1e0-f441f48187a0,,05/08/2023 15:48,05/08/2023 16:10,05-Aug-23,,,,430.0,30,5,False,True,False,False,False,False,False,True,False,False,False,False,False,False,False,False,False,False,False,False,False,False,True,False,False,False,False,False,False,False,False,False,False,False,False,False,False,False,False,False,False,False,False,False,True,False,False,False,False,False,False,False,False,False,False,False,True,False,False,False,False,False,True,False,False,True,False
a21e80ea-69d9-4709-aeae-b394edf0c2bf,,72f7f89d-e15a-4955-9c1f-066b10ac56f7,,05/08/2023 12:03,05/08/2023 12:10,05-Aug-23,,,,605.0,42,5,False,True,False,False,False,False,False,True,False,False,False,False,False,False,False,False,False,False,False,False,False,False,True,False,False,False,False,False,False,False,False,False,False,False,False,False,False,False,False,False,False,False,False,False,False,False,True,False,False,False,False,False,False,False,False,False,False,False,True,False,False,False,True,False,False,True,False
bc094bd6-61c9-4a7c-bc43-5a018fd24dc3,,19a19833-4e00-4381-8567-95a0672ada00,,05/08/2023 12:52,05/08/2023 13:02,05-Aug-23,,,,987.0,63,5,False,True,False,False,False,False,False,False,False,False,False,False,False,False,False,False,False,False,False,False,False,True,False,False,False,False,False,False,False,False,False,False,False,False,False,False,False,False,False,False,False,False,False,False,False,True,False,False,False,False,False,False,False,False,False,False,False,False,True,False,False,False,True,False,False,True,False
5e05b4bb-a931-4296-bca7-17361b872ed9,,f6233fb3-ffb0-4343-9d1c-89fd9a667526,02/08/2023 01:08,05/08/2023 20:25,07/08/2023 08:07,07-Aug-23,SONBHADRA,Electronics,799.0,476.0,25,5,False,True,False,False,False,False,False,True,False,False,False,False,False,False,False,False,False,False,False,False,False,False,True,False,False,False,False,False,False,False,False,False,False,True,False,False,False,False,False,False,False,False,False,False,False,False,False,False,False,False,False,False,False,False,False,True,False,False,False,False,False,False,False,True,True,False,False
a4f0f690-06a4-470e-b5ec-1bee53d1a983,Not good ????,92023d85-35b4-4d81-ab01-a2f362870e1c,,06/08/2023 13:39,07/08/2023 20:43,07-Aug-23,,,,547.0,25,1,False,True,False,False,False,False,False,False,False,False,False,False,False,False,False,False,False,False,False,False,False,True,False,False,False,False,False,False,False,False,False,False,False,True,False,False,False,False,False,False,False,False,False,False,False,False,False,False,False,False,False,False,False,False,False,True,False,False,False,False,False,False,False,True,True,False,False
2f46656b-9ea2-458c-aa30-f282117e4719,Plz assure that the products u going to deliver is not detective. ,22b192b3-4c73-4109-a28f-f4e8fbc12578,,06/08/2023 15:51,07/08/2023 09:17,07-Aug-23,,,,533.0,39,3,False,True,False,False,False,False,False,True,False,False,False,False,False,False,False,False,False,False,False,False,False,False,True,False,False,False,False,False,False,False,False,False,False,False,False,False,False,False,False,False,False,False,False,False,False,False,False,False,False,False,False,False,False,False,False,True,False,False,False,False,False,False,False,True,False,True,False
ff3d29c5-9f9e-4419-bd5d-6762a41de24e,Vikash,4b8e002a-774b-49dd-aac3-554c0c73aafe,,06/08/2023 11:55,07/08/2023 07:11,07-Aug-23,,,,206.0,17,1,False,True,False,False,False,True,False,False,False,False,False,False,False,False,False,False,False,False,False,True,False,False,False,False,False,False,False,False,False,False,False,False,False,False,False,False,False,False,False,False,False,False,False,False,False,True,False,False,False,False,False,False,False,False,False,False,False,False,True,False,False,False,False,False,False,True,False
5a48016d-b8fb-4222-843b-7c41715d3ffb,,1094b6bd-0ed5-4290-aecb-36e923e13ec4,,07/08/2023 17:39,07/08/2023 18:07,07-Aug-23,,,,541.0,81,1,True,False,False,False,False,False,False,True,False,False,False,False,False,False,False,True,False,False,False,False,False,False,False,False,False,False,False,False,False,False,False,False,False,False,False,False,False,False,False,False,False,False,False,False,False,False,False,False,False,False,False,False,True,False,False,False,True,False,False,False,False,True,False,False,True,False,False
ef7bd532-33d6-48d8-8318-aec59441e503,,9dd0121d-f16b-40a8-946f-4b32e8659d93,,08/08/2023 11:44,08/08/2023 11:46,08-Aug-23,,,,141.0,33,1,False,True,False,False,False,False,False,True,False,False,False,False,False,False,False,False,False,False,False,False,False,False,False,True,False,False,False,False,False,False,False,False,False,False,False,False,False,False,False,False,False,False,False,False,False,False,True,False,False,False,False,False,False,False,False,False,False,False,True,False,False,False,True,False,False,True,False
12eaf45f-7913-41eb-904d-ac3909d23507,,e5a0fe9f-73a2-47bf-9471-69beb332ed65,,08/08/2023 18:26,08/08/2023 18:32,08-Aug-23,,,,772.0,53,4,False,True,False,False,False,False,False,True,False,False,False,False,False,False,False,False,False,False,False,False,False,False,True,False,False,False,False,False,False,False,False,False,False,False,False,False,False,False,False,False,False,False,False,False,False,False,False,False,False,False,False,True,False,False,False,False,False,False,True,False,False,False,False,False,False,True,False
8d3ac01b-4be1-43e1-82de-db21a76ca0ee,,025a184c-b67d-44e7-bd8e-480acba56448,,08/08/2023 16:50,08/08/2023 17:30,08-Aug-23,,,,355.0,44,4,True,False,False,True,False,False,False,False,False,False,False,False,False,True,False,False,False,False,False,False,False,False,False,False,False,False,False,False,False,False,False,False,False,False,False,False,False,True,False,False,False,False,False,False,False,False,False,False,False,False,False,False,False,False,False,False,True,False,False,False,True,False,False,False,False,True,False
6bfca96c-0715-478c-a416-f6f7278dd215,,90f94e72-9418-42a4-bd3f-bd31d34a0eb1,,09/08/2023 10:35,09/08/2023 11:05,09-Aug-23,,,,125.0,20,2,False,False,False,True,False,False,False,False,False,False,False,False,False,True,False,False,False,False,False,False,False,False,False,False,False,False,False,False,False,False,False,False,False,False,False,False,False,False,False,False,False,False,True,False,False,False,False,False,False,False,False,False,False,False,False,False,False,False,False,False,False,False,True,False,False,True,False
296c5c93-6a4f-4fa5-b276-3feecfeaf636,Call was helpful.,6a318938-1b06-4394-82d7-83a0d7c18f29,29/07/2023 22:52,09/08/2023 12:40,09/08/2023 12:43,09-Aug-23,AGRA,Electronics,868.0,233.0,17,4,False,True,False,False,False,False,False,True,False,False,False,False,False,False,False,False,False,False,False,False,False,False,True,False,False,False,False,False,False,False,False,False,False,False,False,False,False,False,False,False,False,False,False,False,False,True,False,False,False,False,False,False,False,False,False,False,False,False,True,False,False,False,False,False,False,True,False
78d15b89-3932-475e-a99b-b3d56d557443,,2b11401c-1ef7-48ee-a727-edde9156f7ad,,08/08/2023 15:01,08/08/2023 15:38,08-Aug-23,,,,420.0,46,5,False,True,False,False,False,False,False,False,False,False,False,False,False,False,False,False,False,False,False,False,False,True,False,False,False,False,False,False,False,False,False,False,False,False,False,False,False,False,False,False,False,False,False,False,False,False,False,False,False,True,False,False,False,False,False,False,True,False,False,False,False,False,True,False,False,True,False
7f90f0f5-c3f0-4ec5-a81a-1830a3c00136,,41528763-571b-4c5f-8129-b368b0d48c6a,,08/08/2023 10:18,08/08/2023 10:32,08-Aug-23,,,,618.0,72,5,False,True,False,False,False,False,False,True,False,False,False,False,False,False,False,False,False,False,False,False,False,False,True,False,False,False,False,False,False,False,False,False,False,False,False,False,False,False,False,False,False,False,False,False,False,False,True,False,False,False,False,False,False,False,False,False,False,False,True,False,False,False,True,False,False,True,False
bada2145-77aa-4d04-9773-de7fd856caa1,,e14e3c8b-19a3-4e04-9968-c1eb03750c91,,08/08/2023 19:54,08/08/2023 19:58,08-Aug-23,,,,424.0,65,5,False,True,False,False,False,False,False,True,False,False,False,False,False,False,False,False,False,False,False,False,False,False,True,False,False,False,False,False,False,False,False,False,False,False,False,False,False,False,False,False,False,False,False,False,False,True,False,False,False,False,False,False,False,False,False,False,False,False,True,False,False,False,False,False,False,False,False
30e02f57-6b2e-43d4-acd5-9838cd41a680,,041f5351-91e3-4b89-83bd-e2d2103eece6,,08/08/2023 10:30,08/08/2023 15:07,08-Aug-23,,,,623.0,43,5,False,True,False,False,False,False,False,True,False,False,False,False,False,False,False,True,False,False,False,False,False,False,False,False,False,False,False,False,False,False,False,False,False,False,False,False,False,False,False,False,False,False,False,False,False,True,False,False,False,False,False,False,False,False,False,False,False,False,True,False,False,False,True,False,False,True,False
a15245e2-7d3a-409c-8be0-f16c5cbafbba,,51ad9ecb-6b0f-4047-bae1-264343fa00e4,29/07/2023 21:37,07/08/2023 12:04,08/08/2023 09:25,08-Aug-23,AHMEDABAD,Electronics,799.0,427.0,35,4,False,True,False,False,False,False,False,True,False,False,False,False,False,False,False,False,False,False,False,False,False,False,True,False,False,False,False,False,False,False,False,False,False,False,False,False,False,False,False,False,False,False,False,False,False,False,False,False,False,False,False,True,False,False,False,False,False,False,True,False,False,False,False,False,False,False,False
66116d97-0c77-4182-9cf8-54265e90ccb2,,cffd86bd-c905-4d6d-8e8c-4d12749c459b,30/07/2023 20:04,08/08/2023 16:33,08/08/2023 16:42,08-Aug-23,SAMBHAL,Electronics,680.0,335.0,39,4,False,True,False,False,False,False,False,True,False,False,False,False,False,False,False,False,False,False,False,False,False,False,True,False,False,False,False,False,False,False,False,False,False,False,False,False,False,False,False,False,False,False,False,False,False,False,False,False,False,False,False,False,False,False,False,True,False,False,False,False,False,False,False,True,False,True,False
3105c34f-aed8-4f61-b9c7-ab133b3e3e1b,,eaab3f16-c1dd-4085-b7eb-ad677ede1cd5,,08/08/2023 07:33,08/08/2023 08:46,08-Aug-23,,,,142.0,15,4,True,False,False,False,False,False,False,True,False,False,False,False,False,False,False,False,False,False,False,False,False,False,False,True,False,False,False,True,False,False,False,False,False,False,False,False,False,False,False,False,False,False,False,False,False,False,False,False,False,False,False,False,False,False,False,False,True,False,False,False,False,False,True,False,False,True,False
1c79fe81-e559-4379-9f48-37a1a1355e3b,,e258f0e6-500c-4d0f-8ca1-750cd5d90d0f,,08/08/2023 16:37,08/08/2023 17:01,08-Aug-23,,,,192.0,80,5,False,True,False,False,False,False,False,False,False,False,False,False,False,False,False,False,False,False,False,False,False,True,False,False,False,False,False,False,False,False,False,False,False,False,False,False,False,False,False,False,False,False,False,False,False,False,False,False,False,False,False,False,False,False,True,False,False,False,False,True,False,False,False,True,False,True,False
5155d369-7bc3-4c40-9e26-6dcee58ace99,Good service,feb6c5f8-5418-4abc-aec4-494ce0df2791,01/08/2023 13:35,08/08/2023 12:35,08/08/2023 12:39,08-Aug-23,Birbhum,Electronics,899.0,458.0,17,5,False,True,False,False,False,False,False,True,False,False,False,False,False,False,False,False,False,False,False,False,False,False,True,False,False,False,False,False,False,False,False,False,False,False,False,False,False,False,False,False,False,False,False,False,False,True,False,False,False,False,False,False,False,False,False,False,False,False,True,False,False,False,False,False,False,True,False
eb8c386d-8bbd-4cfa-86fb-0716db33b6c7,,35522596-3eb2-4679-abd1-3e382bba41b2,,08/08/2023 18:41,08/08/2023 18:55,08-Aug-23,,,,413.0,45,5,False,True,False,False,False,False,False,False,False,False,False,False,False,False,False,False,False,False,False,False,False,True,False,False,False,False,False,False,False,False,False,False,False,False,False,False,False,False,False,False,False,False,False,False,False,False,True,False,False,False,False,False,False,False,False,False,False,False,True,False,False,False,False,False,False,True,False
22f1adca-6fbd-458d-adbe-b35e125dbf43,,30e13b41-f0e0-4308-83c3-e450d77e0c33,,08/08/2023 18:47,08/08/2023 18:51,08-Aug-23,,,,514.0,79,5,False,True,False,False,False,False,False,True,False,False,False,False,False,False,False,False,False,False,False,False,False,False,True,False,False,False,False,False,False,False,False,False,False,False,False,False,False,False,False,False,False,False,False,False,False,True,False,False,False,False,False,False,False,False,False,False,False,False,True,False,False,False,True,False,False,False,False
6c93411b-26c5-4b02-9067-5b33bb1d97a3,  service is good ??,8aff7549-2fee-434c-ad63-ab3dbd3c0b75,,08/08/2023 13:11,08/08/2023 13:16,08-Aug-23,,,,645.0,53,5,False,True,False,False,False,False,False,True,False,False,False,False,False,False,False,False,False,False,False,False,False,False,True,False,False,False,False,False,False,False,False,False,False,False,False,False,False,False,False,False,False,False,False,False,False,False,False,False,False,False,False,True,False,False,False,False,False,False,True,False,False,False,False,False,False,True,False
ddaae943-3535-452e-857f-591d4b9ae0c8,Thanks ,68b1ae3c-a0f9-48c7-96f0-2e17a460814c,03/08/2023 13:42,07/08/2023 13:55,08/08/2023 09:21,08-Aug-23,BAREILLY,Electronics,799.0,362.0,65,5,False,True,False,False,False,False,False,False,False,False,False,False,False,False,False,False,False,False,False,False,False,True,False,False,False,False,False,False,False,False,False,False,False,False,False,False,False,False,False,False,False,False,False,False,False,True,False,False,False,False,False,False,False,False,False,False,False,False,True,False,False,False,False,False,False,False,False
0cc90b93-5c97-4ce5-92cc-f22edd0164a3,,2e513345-9dfb-4981-b707-d54ee978f808,,08/08/2023 13:35,08/08/2023 13:41,08-Aug-23,,,,567.0,55,5,False,True,False,False,False,False,False,True,False,False,False,False,False,False,False,False,False,False,False,False,False,False,True,False,False,False,False,False,False,False,False,False,False,False,False,False,False,False,False,False,False,False,False,False,False,False,True,False,False,False,False,False,False,False,False,False,False,False,True,False,False,False,False,False,False,False,False
00c52c83-d40a-4b0f-80ea-fcffe23cef76,Good job,8f14a636-094a-4810-8d61-c14b2478c9bd,30/07/2023 18:10,08/08/2023 11:13,08/08/2023 16:01,08-Aug-23,BASTI,Electronics,699.0,384.0,14,5,False,True,False,False,False,False,False,True,False,False,False,False,False,False,False,False,False,False,False,False,False,False,True,False,False,False,False,False,False,False,False,False,False,False,False,False,False,False,True,False,False,False,False,False,False,False,False,False,False,False,False,False,False,False,False,False,False,False,True,False,False,False,True,False,False,True,False
5b3a9dfe-8c26-4c5f-9824-02db5daf7ecb,Super customer care,fe85b0a1-5abb-4f02-8750-61937e039bfd,04/08/2023 00:03,08/08/2023 11:03,08/08/2023 11:07,08-Aug-23,MADHUGIRI,Electronics,899.0,655.0,23,5,False,True,False,False,False,False,False,True,False,False,False,False,False,False,False,False,False,False,False,False,False,False,True,False,False,False,False,False,False,False,False,False,False,False,False,False,False,False,False,False,False,False,False,False,False,False,False,False,False,False,False,True,False,False,False,False,False,False,True,False,False,False,False,False,False,True,False
1c9bdad3-78f0-4c5e-8e81-c1cc3e201d6c,,a428a0fb-95b0-49d7-9c2a-b9308ba439b9,,08/08/2023 10:27,08/08/2023 15:34,08-Aug-23,,,,683.0,75,5,False,True,False,False,False,False,False,False,False,False,False,False,False,False,False,False,False,False,False,False,False,True,False,False,False,False,False,False,False,False,False,False,False,False,False,False,False,False,False,False,False,False,False,False,False,False,True,False,False,False,False,False,False,False,False,False,False,False,True,False,False,False,True,False,False,True,False
52caf904-0de6-4a3f-bb7d-500db5a35edb,Excellent ,2656772b-6bda-46b4-af03-aa2f11c40327,,08/08/2023 11:00,08/08/2023 11:01,08-Aug-23,,,,640.0,19,5,False,True,False,True,False,False,False,False,False,False,False,False,False,False,False,False,False,True,False,False,False,False,False,False,False,False,False,False,False,False,False,False,False,False,False,False,False,False,False,False,False,False,False,False,False,False,False,False,False,False,False,True,False,False,False,False,False,False,True,False,False,False,True,False,False,True,False
45e4ed2f-83c5-4f21-8ed7-b0574e0a29d8,,96e6ba4e-c601-44be-a4be-5a727c7bdb99,,08/08/2023 19:31,08/08/2023 19:35,08-Aug-23,,,,473.0,55,5,False,True,False,False,False,False,False,True,False,False,False,False,False,False,False,False,False,False,False,False,False,False,True,False,False,False,False,False,False,False,False,False,False,False,False,False,False,False,False,False,False,False,False,False,False,False,True,False,False,False,False,False,False,False,False,False,False,False,True,False,False,False,False,False,False,False,False
76b2e009-da88-4186-a396-252f776f53f4,,1982e6b2-8740-4f8b-8213-af5698c80c80,03/08/2023 21:03,08/08/2023 15:09,08/08/2023 15:33,08-Aug-23,NEW DELHI,Electronics,799.0,217.0,77,4,False,True,False,False,False,False,False,False,False,False,False,False,False,False,False,False,False,False,False,False,False,True,False,False,False,False,False,False,False,False,False,False,False,False,False,False,False,False,False,False,False,False,False,False,False,False,True,False,False,False,False,False,False,False,False,False,False,False,True,False,False,False,True,False,False,True,False
99889c59-eada-435d-b126-218dab9a1903,,e991563e-9ebc-4c92-8b28-2a1823412a4e,,08/08/2023 10:39,08/08/2023 11:06,08-Aug-23,,,,124.0,32,5,False,True,False,True,False,False,False,False,False,False,False,False,False,False,False,False,False,True,False,False,False,False,False,False,False,False,False,False,False,False,False,False,False,False,False,False,False,False,False,False,False,False,False,False,False,False,False,False,False,False,False,True,False,False,False,False,False,False,True,False,False,False,True,False,False,True,False
3cb8651d-a8d8-4977-97dc-ed748897ae3b,Very nice ??,b5305d56-474b-42b1-9212-3bba5204cb0f,,09/08/2023 13:18,09/08/2023 13:19,09-Aug-23,,,,72.0,0,5,True,False,False,True,False,False,False,False,False,False,False,False,False,True,False,False,False,False,False,False,False,False,False,False,False,False,False,False,False,False,False,False,False,False,False,False,False,False,False,False,False,False,False,False,False,False,False,False,False,False,True,False,False,False,False,False,True,False,False,False,True,False,False,False,False,True,False
d186ba6f-6c11-4609-b74c-bed259f2afed,Delivery date booking  e samay bataye ,e573ff9a-122b-40c1-90e1-b7a199570c73,,08/08/2023 15:12,08/08/2023 15:15,08-Aug-23,,,,311.0,33,5,False,True,False,False,False,False,False,True,False,False,False,False,False,False,False,False,False,False,False,False,False,False,True,False,False,False,False,False,False,False,False,False,False,False,False,False,False,False,False,False,False,False,False,False,False,False,True,False,False,False,False,False,False,False,False,False,False,False,True,False,False,False,True,False,False,True,False
53ef012d-0ec3-4e2b-8fb7-82394411bda5,,b223b477-c128-4b23-95d1-5c3aaf2cef7f,02/08/2023 09:21,08/08/2023 11:05,08/08/2023 11:06,08-Aug-23,Barkatha,Electronics,799.0,196.0,77,5,False,True,False,False,False,False,False,True,False,False,False,False,False,False,False,False,False,False,False,False,False,False,True,False,False,False,False,False,False,False,False,False,False,False,False,False,False,False,False,False,False,False,False,False,False,False,True,False,False,False,False,False,False,False,False,False,False,False,True,False,False,False,True,False,False,True,False
c3f8a4c9-311b-404b-8c4c-77b30c1afe44,Hi,ab923e49-a578-4430-9bb9-42fa1507de59,,08/08/2023 18:59,08/08/2023 19:06,08-Aug-23,,,,205.0,34,5,True,False,False,False,False,False,False,True,False,False,False,False,False,False,False,True,False,False,False,False,False,False,False,False,False,False,False,False,False,False,False,False,False,False,False,False,False,False,False,False,False,False,True,False,False,False,False,False,False,False,False,False,False,False,False,False,False,False,False,False,False,False,True,False,False,False,True
a0cb6d88-887f-4d86-9b5c-de335cd549d4,Nice,eeaf0bf3-28e3-4043-a44c-ce9a34f0b554,,08/08/2023 13:54,08/08/2023 13:57,08-Aug-23,,,,278.0,14,5,False,True,False,False,False,False,False,True,False,False,False,False,False,False,False,False,False,False,False,False,False,False,True,False,False,False,False,False,False,False,False,False,False,False,False,False,False,False,True,False,False,False,False,False,False,False,False,False,False,False,False,False,False,False,False,False,False,False,True,False,False,False,True,False,False,True,False
e085da33-1034-4e40-a02e-e4e743c6dc7f,,4f312030-af20-481f-98ab-2db334f3f74a,,08/08/2023 18:10,08/08/2023 18:19,08-Aug-23,,,,673.0,42,5,False,True,False,False,False,False,False,False,False,False,False,False,False,False,False,False,False,False,False,False,False,True,False,False,False,False,False,False,False,False,False,False,False,False,False,False,False,False,False,False,False,False,False,False,False,False,True,False,False,False,False,False,False,False,False,False,False,False,True,False,False,False,True,False,False,True,False
96064850-c695-4864-a7dd-da9dd1f91891,,48a87e78-cd49-410c-b012-75ec7858bf49,,08/08/2023 13:43,08/08/2023 13:50,08-Aug-23,,,,577.0,18,5,False,True,False,False,False,False,False,True,False,False,False,False,False,False,False,False,False,False,False,False,False,False,True,False,False,False,False,False,False,False,False,False,False,False,False,False,False,False,False,False,False,True,False,False,False,False,False,False,False,False,False,False,False,False,False,False,True,False,False,False,False,False,True,False,False,True,False
8d093faf-8359-494d-9955-224cf8a5de8d,Very genuine person ??????,9c7ac0e3-2c31-42d6-903e-ad11439ed523,03/08/2023 15:52,08/08/2023 15:29,08/08/2023 15:32,08-Aug-23,BALESHWAR,Electronics,899.0,460.0,8,5,False,True,False,False,False,False,False,True,False,False,False,False,False,False,False,False,False,False,False,False,False,False,True,False,False,False,False,False,False,False,False,False,False,False,False,False,False,False,False,False,False,False,False,False,False,True,False,False,False,False,False,False,False,False,False,False,False,False,True,False,False,False,False,False,False,False,False
8972e644-8458-49d5-b7d1-5d226bf6657b,Im glad to you for solving my issue.,c9af451c-7945-4995-9d16-27cf132feb94,,08/08/2023 11:03,08/08/2023 11:27,08-Aug-23,,,,317.0,45,4,False,True,False,False,False,False,False,False,False,False,False,False,False,False,False,False,False,False,False,False,False,True,False,False,False,False,False,False,False,False,False,False,False,False,False,False,False,False,False,False,False,False,False,False,False,False,True,False,False,False,False,False,False,False,False,False,False,False,True,False,False,False,False,False,False,True,False
81c077b0-c66b-4e13-857e-ae97e11de330,,9547c084-3358-41e3-8af8-9a28ae054566,05/08/2023 16:17,08/08/2023 14:53,08/08/2023 18:58,08-Aug-23,ORAI,Electronics,799.0,299.0,80,5,False,True,False,False,False,False,False,True,False,False,False,False,False,False,False,False,False,False,False,False,False,False,True,False,False,False,False,False,False,False,False,False,False,False,False,False,False,False,False,False,False,False,False,False,False,False,False,False,False,False,False,False,False,False,True,False,False,False,False,True,False,False,False,True,False,True,False
81e486af-752d-4339-b869-d1c6744bd25d,,2c2d9277-da5f-44fa-88fe-e23c8b59ebed,,08/08/2023 17:25,08/08/2023 17:33,08-Aug-23,,,,229.0,80,5,False,True,False,False,False,False,False,False,False,False,False,False,False,False,False,False,False,False,False,False,False,True,False,False,False,False,False,False,False,False,False,False,False,False,False,False,False,False,False,False,False,False,False,False,False,False,False,False,False,False,False,False,False,False,True,False,False,False,False,True,False,False,False,True,False,True,False
f5a7fc02-f1ba-4259-a4d6-7109d909ad96,,a7eef98a-efaa-4910-9353-5306991dba5f,,08/08/2023 18:37,08/08/2023 20:09,08-Aug-23,,,,527.0,72,5,False,True,False,False,False,False,False,True,False,False,False,False,False,False,False,False,False,False,False,False,False,False,True,False,False,False,False,False,False,False,False,False,False,False,False,False,False,False,False,False,False,False,False,False,False,False,True,False,False,False,False,False,False,False,False,False,False,False,True,False,False,False,True,False,False,True,False
5d0930ad-e562-41b9-acfb-1ecc2a3e033a,Very good & politely addressed our complaint ,a98f64ae-d096-4396-bf51-02c89bc4e021,,10/08/2023 19:09,10/08/2023 19:11,10-Aug-23,,,,329.0,3,5,True,False,False,False,False,False,False,True,False,False,False,True,False,False,False,False,False,False,False,False,False,False,False,False,False,False,False,False,False,False,False,False,False,False,False,False,False,False,False,True,False,False,False,False,False,False,False,False,False,False,False,False,False,False,False,False,False,True,False,False,False,False,True,False,True,False,False
333122c0-3e6a-4453-9f63-cb16dc9df5b0,,d6e5345d-f61d-477f-a7d4-d011bbe00ed7,,10/08/2023 15:09,10/08/2023 15:12,10-Aug-23,,,,196.0,37,5,True,False,False,False,False,False,False,True,False,False,False,False,False,False,False,False,False,False,False,False,False,False,False,True,False,False,False,True,False,False,False,False,False,False,False,False,False,False,False,False,False,False,False,False,False,False,False,False,False,False,False,False,False,False,False,False,True,False,False,False,False,False,True,False,False,True,False
7361142d-daea-4091-b695-67b2510885d6,,f8664c0c-9c12-41d8-8dc6-c7739754a73f,,10/08/2023 13:23,10/08/2023 17:05,10-Aug-23,,,,171.0,5,1,True,False,False,False,False,False,False,True,False,False,False,False,False,False,False,False,False,False,False,False,False,False,False,True,False,False,False,False,False,False,False,False,False,False,False,True,False,False,False,False,False,False,False,False,False,False,False,False,False,False,False,False,False,False,False,False,False,True,False,False,False,True,False,False,False,False,False
5e85497a-3a42-4405-8c9b-4c8ddc88b73e,It was nice customer service...I'm happy that my problem has been resolved within a short of time.. !!,3f6674ab-c412-46d2-bd1d-d74887b46242,,09/08/2023 20:18,10/08/2023 14:51,10-Aug-23,,,,942.0,8,5,False,True,False,False,False,False,False,True,False,False,False,False,False,False,False,False,False,False,False,False,False,False,True,False,False,False,False,False,False,False,False,False,False,False,False,False,False,False,False,False,False,False,False,False,False,True,False,False,False,False,False,False,False,False,False,False,False,False,True,False,False,False,False,False,False,False,False
73f00571-64cd-402e-9af5-0f9869ab0bd3,,4280d9fc-3046-45c0-ab09-4642e7a65565,03/08/2023 21:02,11/08/2023 17:29,11/08/2023 17:38,11-Aug-23,VAPI,Electronics,899.0,716.0,47,5,False,True,False,False,False,False,False,False,False,False,False,False,False,False,False,False,False,False,False,False,False,True,False,False,False,False,False,False,False,False,False,False,False,False,False,False,False,False,False,False,False,False,False,False,False,False,False,False,True,False,False,False,False,False,False,False,False,False,False,False,False,False,True,False,False,False,False
150a36e8-48bc-47d2-bce6-436b65d2fab8,Product is not best.delivery good.costmor care good help my product refund ,f89b47a1-c44e-48bd-98d8-037db0ee5d53,21/07/2023 20:12,11/08/2023 19:38,11/08/2023 19:53,11-Aug-23,GOHANA,Electronics,899.0,429.0,65,4,False,True,False,False,False,False,False,True,False,False,False,False,False,False,False,False,False,False,False,False,False,False,True,False,False,False,False,False,False,False,False,False,False,False,False,False,False,False,False,False,False,False,False,False,False,True,False,False,False,False,False,False,False,False,False,False,False,False,True,False,False,False,False,False,False,False,False
634b2b47-6327-4e7c-8aa4-8bb9d38ed039,,4a11ec1c-28c0-47fe-9ad7-4fe00270d76f,06/08/2023 21:17,12/08/2023 11:46,12/08/2023 11:48,12-Aug-23,MUMBAI,Electronics,999.0,310.0,42,5,False,True,False,False,False,False,False,True,False,False,False,False,False,False,False,False,False,False,False,False,False,False,True,False,False,False,False,False,False,False,False,False,False,False,False,False,False,False,False,False,False,False,False,False,False,False,True,False,False,False,False,False,False,False,False,False,False,False,True,False,False,False,True,False,False,True,False
1c0c98aa-2fdc-4899-af96-de7cbec1977c,Shopzilla Is the Best,9e94dd00-4e52-4389-91c2-646027ad8680,03/08/2023 11:00,11/08/2023 12:52,11/08/2023 12:56,11-Aug-23,BERHAMPORE,Electronics,799.0,217.0,56,5,False,True,False,False,False,False,False,True,False,False,False,False,False,False,False,False,False,False,False,False,False,False,True,False,False,False,False,False,False,False,False,False,False,True,False,False,False,False,False,False,False,False,False,False,False,False,False,False,False,False,False,False,False,False,False,True,False,False,False,False,False,False,False,True,True,False,False
d0bdd99e-f3a5-428f-9f81-00a5a5332772,,ace9007e-4c43-4797-8b9b-8a87995a7723,09/08/2023 13:28,11/08/2023 14:44,11/08/2023 15:58,11-Aug-23,MUMBAI,Electronics,999.0,168.0,19,5,False,True,False,True,False,False,False,False,False,False,False,False,False,False,False,False,False,True,False,False,False,False,False,False,False,False,False,False,False,False,False,False,False,False,False,False,False,False,False,False,False,False,False,False,False,False,False,False,False,False,False,True,False,False,False,False,False,False,True,False,False,False,True,False,False,True,False
43efcc9f-7143-4895-8ffe-e50421ee8b00,Good,6b41d7d0-e746-4a89-b56e-e48704ce111e,05/08/2023 00:40,11/08/2023 18:20,11/08/2023 19:47,11-Aug-23,MUMBAI,Electronics,679.0,557.0,53,5,False,True,False,False,False,False,False,True,False,False,False,False,False,False,False,False,False,False,False,False,False,False,True,False,False,False,False,False,False,False,False,False,False,False,False,False,False,False,False,False,False,False,False,False,False,False,False,False,False,False,False,True,False,False,False,False,False,False,True,False,False,False,False,False,False,True,False
01a77aa0-f409-4737-8a71-cc509e97416c,,07780858-db09-44b0-9329-2fc15ec05494,05/08/2023 23:56,11/08/2023 14:06,12/08/2023 12:02,12-Aug-23,NAGPUR,Electronics,799.0,239.0,77,5,False,True,False,False,False,False,False,True,False,False,False,False,False,False,False,False,False,False,False,False,False,False,True,False,False,False,False,False,False,False,False,False,False,False,False,False,False,False,False,False,False,False,False,False,False,False,True,False,False,False,False,False,False,False,False,False,False,False,True,False,False,False,True,False,False,True,False
ceefcd08-3f24-4579-bd46-0ae4630a5459,,25a24980-d332-45bd-a281-aaaa381c3a14,06/08/2023 10:52,11/08/2023 10:17,11/08/2023 10:38,11-Aug-23,NIZAMABAD,Electronics,999.0,346.0,41,4,False,True,False,False,False,False,False,False,False,False,False,False,False,False,False,False,False,False,False,False,False,True,False,False,False,False,False,False,False,False,False,False,False,False,False,False,False,False,False,False,False,False,False,False,False,True,False,False,False,False,False,False,False,False,False,False,False,False,True,False,False,False,False,False,False,True,False
891fd7e5-59a5-43f9-9b1c-cf9b2e14b14e,Thankyou ,70c121f6-73ee-438c-a8a1-c2debb9f1b30,25/07/2023 14:28,12/08/2023 10:40,12/08/2023 10:44,12-Aug-23,ANAND,Electronics,899.0,418.0,78,5,False,True,False,False,False,False,False,True,False,False,False,False,False,False,False,False,False,False,False,False,False,False,True,False,False,False,False,False,False,False,True,False,False,False,False,False,False,False,False,False,False,False,False,False,False,False,False,False,False,False,False,False,False,False,False,False,False,False,True,False,False,False,True,False,False,True,False
82d615a4-6731-4a79-84b7-2bdb42e2c4dc,Product delivery time shuld be fast.Otherwise Shopzilla's service is very good.,a22e098c-72ed-4a12-8348-b9a626361cde,04/08/2023 16:55,12/08/2023 10:16,12/08/2023 12:17,12-Aug-23,BARASAT,Electronics,799.0,466.0,43,5,False,True,False,False,False,False,False,True,False,False,False,False,False,False,False,False,False,False,False,False,False,False,True,False,False,False,False,False,False,False,False,False,False,False,False,False,False,False,False,False,False,False,False,False,False,True,False,False,False,False,False,False,False,False,False,False,False,False,True,False,False,False,True,False,False,True,False
9a1546a1-8faf-4723-8f99-33ed2bf462e6,,8f1bd6e3-0bc5-4b9f-a070-628d4f6964bb,03/08/2023 09:20,12/08/2023 10:47,12/08/2023 10:50,12-Aug-23,DAINHAT,Electronics,999.0,370.0,24,5,False,True,False,False,False,False,False,True,False,False,False,False,False,False,False,False,False,False,False,False,False,False,True,False,False,False,False,False,False,True,False,False,False,False,False,False,False,False,False,False,False,False,False,False,False,False,False,False,False,False,False,False,False,False,False,False,False,True,False,False,False,False,True,False,False,True,False
a6049ef0-fc38-4614-8319-13a9acead808,,,,12/08/2023 11:01,12/08/2023 12:12,12-Aug-23,,,,568.0,75,5,False,True,False,False,False,False,False,False,False,False,False,False,False,False,False,False,False,False,False,False,False,True,False,False,False,False,False,False,False,False,False,False,False,False,False,False,False,False,False,False,False,False,False,False,False,False,True,False,False,False,False,False,False,False,False,False,False,False,True,False,False,False,True,False,False,True,False
821583b1-48d9-40bb-849c-a32b0382d1fc,plz allow return policy for all the products,7c772843-f137-45aa-bbe2-e2d4bf8a1029,03/08/2023 12:05,11/08/2023 10:26,11/08/2023 10:37,11-Aug-23,MAPUSA,Electronics,999.0,467.0,16,5,False,True,False,False,False,False,False,True,False,False,False,False,False,False,False,False,False,False,False,False,False,False,True,False,False,False,False,False,False,False,False,False,False,False,False,False,False,False,False,False,False,False,False,False,False,False,False,False,False,False,False,True,False,False,False,False,False,False,True,False,False,False,False,False,False,False,False
b4c7ceea-92d5-4f75-81aa-4e0a129ee638,Very very Excellent,4389d91b-e040-4322-99d8-b9e6549f23b9,07/08/2023 10:47,11/08/2023 10:06,11/08/2023 10:40,11-Aug-23,BARASAT,Electronics,799.0,509.0,53,5,False,True,False,False,False,False,False,True,False,False,False,False,False,False,False,False,False,False,False,False,False,False,True,False,False,False,False,False,False,False,False,False,False,False,False,False,False,False,False,False,False,False,False,False,False,False,False,False,False,False,False,True,False,False,False,False,False,False,True,False,False,False,False,False,False,True,False
d7a52dfd-cc7a-4d3e-b37f-5aee41f05580,,8496f62e-8edd-40d8-9675-aa9c721cd95d,04/08/2023 21:47,11/08/2023 19:46,11/08/2023 19:57,11-Aug-23,KARAD,Electronics,999.0,301.0,46,5,False,True,False,False,False,False,False,True,False,False,False,False,False,False,False,False,False,False,False,False,False,False,True,False,False,False,False,False,False,False,False,False,False,False,False,False,False,False,False,False,False,False,False,False,False,False,False,False,False,True,False,False,False,False,False,False,True,False,False,False,False,False,True,False,False,True,False
004c904f-7e6d-42f4-a942-b574ee6bf1ef,,b7267838-c319-4fbe-aa6c-d93c6e65a925,09/08/2023 01:26,11/08/2023 21:31,11/08/2023 21:33,11-Aug-23,GOBINDPUR,Books & General merchandise,449.0,470.0,34,5,True,False,False,False,False,False,False,True,False,False,False,False,False,False,False,False,False,False,False,False,False,False,True,False,False,False,False,False,False,False,False,False,False,False,False,False,False,False,False,False,False,False,True,False,False,False,False,False,False,False,False,False,False,False,False,False,False,False,False,False,False,False,True,False,False,False,True
22df64f7-2530-46e1-ba58-fee4265802f5,nothing every thing is good,9ee09e99-97a4-4713-8cb1-2d8cf07c41d1,02/08/2023 14:26,11/08/2023 11:01,11/08/2023 11:41,11-Aug-23,PATNA,Electronics,700.0,253.0,77,5,False,True,False,False,False,False,False,True,False,False,False,False,False,False,False,False,False,False,False,False,False,False,True,False,False,False,False,False,False,False,False,False,False,False,False,False,False,False,False,False,False,False,False,False,False,False,True,False,False,False,False,False,False,False,False,False,False,False,True,False,False,False,True,False,False,True,False
029ae646-5956-47c2-b621-c40b94f5ee61,,40523f55-cfb0-4286-b928-59cb6c4a617c,06/08/2023 00:06,12/08/2023 12:52,12/08/2023 13:07,12-Aug-23,KURNOOL,Electronics,999.0,548.0,2,4,False,True,False,False,False,False,False,True,False,False,False,False,False,False,False,False,False,False,False,False,False,False,True,False,False,False,False,False,False,False,False,False,False,False,False,False,False,False,False,False,False,False,False,False,False,False,True,False,False,False,False,False,False,False,False,False,False,False,True,False,False,False,False,False,False,False,False
581b96c8-0344-4f11-a9bc-0c625a1710c5,,29468053-c352-4362-addd-c77615e090f0,02/08/2023 22:41,12/08/2023 11:23,12/08/2023 23:11,12-Aug-23,NAGPUR,Electronics,999.0,411.0,51,4,False,True,False,False,False,False,False,True,False,False,False,False,False,False,False,False,False,False,False,False,False,False,True,False,False,False,False,False,False,False,False,False,False,False,False,False,False,False,False,False,False,False,False,False,False,False,True,False,False,False,False,False,False,False,False,False,False,False,True,False,False,False,True,False,False,True,False
0e2daad4-2185-4f85-84ae-dd7ae4a132c6,,,,12/08/2023 12:34,12/08/2023 12:37,12-Aug-23,,,,383.0,78,5,False,True,False,False,False,False,False,True,False,False,False,False,False,False,False,False,False,False,False,False,False,False,True,False,False,False,False,False,False,False,True,False,False,False,False,False,False,False,False,False,False,False,False,False,False,False,False,False,False,False,False,False,False,False,False,False,False,False,True,False,False,False,True,False,False,True,False
bc34a27a-bf19-4132-9629-88b09a9b6e2a,Good girl ache se bath ki waaoo,63f549dd-1f99-4a1d-9be8-4d2de4040cce,03/08/2023 14:30,11/08/2023 13:09,11/08/2023 13:13,11-Aug-23,BARMER,Electronics,999.0,319.0,76,5,False,True,False,False,False,False,False,True,False,False,False,False,False,False,False,False,False,False,False,False,False,False,True,False,False,False,False,False,False,False,False,False,False,False,False,False,False,False,False,False,False,False,False,False,True,False,False,False,False,False,False,False,False,False,False,False,True,False,False,False,False,False,True,False,False,False,True
aa45b277-77fe-49f2-8bf8-81886b81210e,,d07055af-dbee-4b84-82d2-e03a527e040e,28/07/2023 23:59,12/08/2023 19:35,12/08/2023 21:25,12-Aug-23,MALEGAON,Electronics,999.0,398.0,68,4,False,True,False,False,False,False,False,True,False,False,False,False,False,False,False,False,False,False,False,False,False,False,True,False,False,False,False,False,False,False,False,False,False,False,False,False,False,False,False,False,False,False,False,False,False,False,False,False,False,False,True,False,False,False,False,False,False,False,True,False,False,False,False,True,False,True,False
75bc0360-b5c6-4566-9880-24d5681f2de6,Thanku so much for resolving my problem thanks to Shopzilla.,40086ff4-4a4b-4f97-ac50-2aaca7da9571,06/08/2023 16:26,12/08/2023 10:33,12/08/2023 10:53,12-Aug-23,VIRAR,Electronics,999.0,221.0,28,5,False,True,False,False,False,False,False,True,False,False,False,False,False,False,False,False,False,False,False,False,False,False,True,False,False,False,False,False,False,False,False,False,False,False,False,False,False,False,False,False,False,False,False,False,False,False,False,False,False,True,False,False,False,False,False,False,True,False,False,False,False,False,True,False,False,True,False
4354df76-0740-44fe-812b-fe056424119a,,,,12/08/2023 19:41,12/08/2023 19:51,12-Aug-23,,,,597.0,68,5,False,True,False,False,False,False,False,False,False,False,False,False,False,False,False,False,False,False,False,False,False,True,False,False,False,False,False,False,False,False,False,False,False,False,False,False,False,False,False,False,False,False,False,False,False,False,False,False,False,False,True,False,False,False,False,False,False,False,True,False,False,False,False,True,False,True,False
8864786d-d1aa-4508-a99c-86bf1516bf55,,,,12/08/2023 20:02,12/08/2023 20:07,12-Aug-23,,,,371.0,79,5,False,True,False,False,False,False,False,True,False,False,False,False,False,False,False,False,False,False,False,False,False,False,True,False,False,False,False,False,False,False,False,False,False,False,False,False,False,False,False,False,False,False,False,False,False,True,False,False,False,False,False,False,False,False,False,False,False,False,True,False,False,False,True,False,False,False,False
07030f1f-84c9-493c-a8a3-159f6d58ebc9,Thank you ,8baa3add-355d-491d-8f4c-25ad4f5f4d03,01/08/2023 10:48,11/08/2023 15:21,11/08/2023 17:19,11-Aug-23,VADODARA,Electronics,999.0,454.0,19,4,False,True,False,False,False,False,False,False,False,False,False,False,False,False,False,False,False,False,False,False,False,True,False,False,False,False,False,False,False,False,False,False,False,False,False,False,False,False,False,False,False,False,False,False,False,False,False,False,False,False,False,True,False,False,False,False,False,False,True,False,False,False,True,False,False,True,False
425f908d-1b44-4c05-8f77-873ee3471496,,8c1ba946-8116-421e-be46-aed2a482b57e,05/08/2023 07:45,11/08/2023 17:42,11/08/2023 19:45,11-Aug-23,AURANGABAD,Electronics,899.0,365.0,53,5,False,True,False,False,False,False,False,True,False,False,False,False,False,False,False,False,False,False,False,False,False,False,True,False,False,False,False,False,False,False,False,False,False,False,False,False,False,False,False,False,False,False,False,False,False,False,False,False,False,False,False,True,False,False,False,False,False,False,True,False,False,False,False,False,False,True,False
b200f914-1b7c-405b-b484-5b1d17892fe3,,c1da9c35-ca93-4777-878b-39bcb453f5f0,05/08/2023 03:26,11/08/2023 15:29,11/08/2023 22:38,11-Aug-23,TALCHER,Electronics,899.0,849.0,19,5,False,True,False,False,False,False,False,False,False,False,False,False,False,False,False,False,False,False,False,False,False,True,False,False,False,False,False,False,False,False,False,False,False,False,False,False,False,False,False,False,False,False,False,False,False,False,False,False,False,False,False,True,False,False,False,False,False,False,True,False,False,False,True,False,False,True,False
f7c381d0-e537-45f5-987e-99db9ffad826,,df9999e2-0a9b-4c45-a8f8-2018be8d4aa9,08/08/2023 10:23,11/08/2023 16:26,12/08/2023 07:21,12-Aug-23,BANGALORE,Electronics,999.0,838.0,62,5,False,True,False,False,False,False,False,True,False,False,False,False,False,False,False,False,False,False,False,False,False,False,True,False,False,False,False,False,False,False,False,False,False,False,False,False,False,False,False,False,False,False,False,False,False,False,False,False,False,False,True,False,False,False,False,True,False,False,False,False,False,False,False,True,False,True,False
1c241e19-5b0b-43b4-ba82-c4a126d41c86,,,,12/08/2023 11:20,12/08/2023 11:29,12-Aug-23,,,,731.0,23,5,False,True,False,False,False,False,False,False,False,False,False,False,False,False,False,False,False,False,False,False,False,True,False,False,False,False,False,False,False,False,False,False,False,False,False,False,False,False,False,False,False,False,False,False,False,False,False,False,False,False,False,True,False,False,False,False,False,False,True,False,False,False,False,False,False,True,False
5d52cd2b-4af4-44ed-a7bd-f74a9c900088,,1460eaa8-ceb0-40e6-a9ee-0b0dda1bca9c,10/08/2023 18:58,12/08/2023 13:57,12/08/2023 14:02,12-Aug-23,BARPETA,Mobile,13974.0,1986.0,73,1,True,False,False,False,False,False,True,False,False,False,False,False,False,False,False,False,False,False,False,False,True,False,False,False,False,False,False,False,False,False,False,False,False,False,False,False,False,False,False,False,False,False,False,False,False,True,False,False,False,False,False,False,False,False,False,True,False,False,False,False,False,False,False,True,False,True,False
f5b74aa2-934d-4d44-a9aa-db68f42fc1c3,Excellent ,29313068-1c8e-4253-9ea4-44a5419da215,03/08/2023 09:48,10/08/2023 12:33,12/08/2023 11:15,12-Aug-23,PURI,Home Appliences,869.0,368.0,22,5,False,True,False,False,False,False,False,True,False,False,False,False,False,False,False,False,False,False,False,False,False,False,True,False,False,False,False,False,False,False,False,False,False,False,False,False,False,False,False,False,False,False,False,False,False,False,True,False,False,False,False,False,False,False,False,False,False,False,True,False,False,False,True,False,False,True,False
b364ed3e-9bd9-49b0-84aa-328fc67361e8,,30a32334-ffb4-4d6b-b9c4-c95cfc4661ab,04/08/2023 17:14,11/08/2023 16:52,11/08/2023 17:12,11-Aug-23,UDAIPUR,Electronics,999.0,396.0,77,5,False,True,False,False,False,False,False,True,False,False,False,False,False,False,False,False,False,False,False,False,False,False,True,False,False,False,False,False,False,False,False,False,False,False,False,False,False,False,False,False,False,False,False,False,False,False,True,False,False,False,False,False,False,False,False,False,False,False,True,False,False,False,True,False,False,True,False
b9d109b9-35fa-40b2-a358-8ef83ac47bda,"The lady executive was very polite and I was happy to interact with her, she really very supportive and thank you for your consultant ",155b8e74-98d3-48f8-890e-2b4888905dcd,05/08/2023 12:07,11/08/2023 10:59,11/08/2023 11:09,11-Aug-23,BHUBANESWAR,Electronics,999.0,304.0,19,5,False,True,False,False,False,False,False,False,False,False,False,False,False,False,False,False,False,False,False,False,False,True,False,False,False,False,False,False,False,False,False,False,False,False,False,False,False,False,False,False,False,False,False,False,False,False,False,False,False,False,False,True,False,False,False,False,False,False,True,False,False,False,True,False,False,True,False
e75f5f67-f603-48f9-adc7-c36947d860d9,,9c2abd81-4efc-4f93-9b2d-d17785d8699e,03/08/2023 21:43,11/08/2023 10:25,11/08/2023 10:33,11-Aug-23,DHARWAD,Electronics,999.0,479.0,1,5,False,True,False,False,False,False,False,True,False,False,False,False,False,False,False,False,False,False,False,False,False,False,True,False,False,False,False,False,False,False,False,False,False,False,False,False,False,False,False,False,False,False,False,False,False,False,False,True,False,False,False,False,False,False,False,False,False,True,False,False,False,False,True,False,False,False,False
fe24848b-e3dd-4e06-8486-7d3d3e98042d,,19cfad42-ca94-44d6-b38c-3d2577b3ed9b,09/08/2023 13:38,11/08/2023 14:32,11/08/2023 14:39,11-Aug-23,GAUTAM BUDDHA NAGAR,Electronics,899.0,496.0,43,5,False,True,False,False,False,False,False,False,False,False,False,False,False,False,False,False,False,False,False,False,False,True,False,False,False,False,False,False,False,False,False,False,False,False,False,False,False,False,False,False,False,False,False,False,False,True,False,False,False,False,False,False,False,False,False,False,False,False,True,False,False,False,True,False,False,True,False
e38a55da-416c-41e2-8919-9eea199f61ed,,bd8d1888-3f93-467a-8042-5e69c22d2c59,04/08/2023 07:56,10/08/2023 17:18,12/08/2023 11:14,12-Aug-23,MUMBAI,Electronics,899.0,171.0,54,2,False,True,False,False,False,False,False,False,False,False,False,False,False,False,False,False,False,False,False,False,False,True,False,False,False,False,False,False,False,False,False,False,False,False,False,False,False,False,False,False,False,False,False,False,False,False,False,False,False,False,False,True,False,False,False,False,False,False,True,False,False,False,True,False,False,False,False
6ac559d2-a834-48c6-8340-bd4392286f8c,,,,12/08/2023 10:45,12/08/2023 10:47,12-Aug-23,,,,608.0,6,5,False,True,False,False,False,False,False,True,False,False,False,False,False,False,False,False,False,False,False,False,False,False,True,False,False,False,False,False,False,False,False,True,False,False,False,False,False,False,False,False,False,False,False,False,False,False,False,False,False,False,False,False,False,False,False,False,False,True,False,False,False,False,True,False,False,False,False
54c0bc83-0a14-40e4-8312-5a7bce72f123,,e5d8fdc5-d3e4-4f76-98b6-84332a144d92,07/08/2023 09:04,12/08/2023 10:43,12/08/2023 10:45,12-Aug-23,MODINAGAR,Electronics,799.0,531.0,2,5,False,True,False,False,False,False,False,True,False,False,False,False,False,False,False,False,False,False,False,False,False,False,True,False,False,False,False,False,False,False,False,False,False,False,False,False,False,False,False,False,False,False,False,False,False,False,True,False,False,False,False,False,False,False,False,False,False,False,True,False,False,False,False,False,False,False,False
734be6c4-2db1-40b3-ae18-23c7404ccc87,,f2e3668e-2f47-4db0-b830-11e105de6b35,09/08/2023 15:51,11/08/2023 17:49,11/08/2023 17:56,11-Aug-23,MUMBAI,Electronics,999.0,597.0,28,5,False,True,False,False,False,False,False,True,False,False,False,False,False,False,False,False,False,False,False,False,False,False,True,False,False,False,False,False,False,False,False,False,False,False,False,False,False,False,False,False,False,False,False,False,False,False,False,False,False,True,False,False,False,False,False,False,True,False,False,False,False,False,True,False,False,True,False
63ce13ed-dda3-4611-b1e1-df7aeafe432f,,e546468f-d352-4396-8eb2-765eef48f9fa,04/08/2023 16:31,08/08/2023 16:29,12/08/2023 10:29,12-Aug-23,HAMIRPUR,Home Appliences,703.0,475.0,59,5,False,True,False,False,False,False,False,True,False,False,False,False,False,False,False,False,False,False,False,False,False,False,True,False,False,False,False,False,False,False,False,False,False,False,False,False,False,False,False,False,False,False,False,False,True,False,False,False,False,False,False,False,False,False,False,False,True,False,False,False,False,False,True,False,False,True,False
19c61377-24da-4a08-8b7a-010ebac3cde6,,33ffcc67-f41f-4b04-8008-b1f22781bb5f,08/08/2023 14:28,11/08/2023 15:16,13/08/2023 10:08,13-Aug-23,BANSBERIA,Electronics,899.0,358.0,42,5,False,True,False,False,False,False,False,False,False,False,False,False,False,False,False,False,False,False,False,False,False,True,False,False,False,False,False,False,False,False,False,False,False,False,False,False,False,False,False,False,False,False,False,False,False,False,True,False,False,False,False,False,False,False,False,False,False,False,True,False,False,False,True,False,False,True,False
6d31d1fa-2814-4f25-a8d9-4e06ef581538,,65bc872f-ed8c-4ce8-9e7f-0dd5b7e14881,07/08/2023 14:28,11/08/2023 16:56,11/08/2023 17:17,11-Aug-23,KOLKATA,Electronics,899.0,349.0,28,4,False,True,False,False,False,False,False,True,False,False,False,False,False,False,False,False,False,False,False,False,False,False,True,False,False,False,False,False,False,False,False,False,False,False,False,False,False,False,False,False,False,False,False,False,False,False,False,False,False,True,False,False,False,False,False,False,True,False,False,False,False,False,True,False,False,True,False
abf385db-925e-44c5-8112-a4399b61716c,Happy ??,a5e11d88-27f0-49c0-adc2-2b9c776d269c,04/08/2023 08:51,11/08/2023 20:20,11/08/2023 20:29,11-Aug-23,PANIKOII,Electronics,999.0,721.0,79,5,False,True,False,False,False,False,False,True,False,False,False,False,False,False,False,False,False,False,False,False,False,False,True,False,False,False,False,False,False,False,False,False,False,False,False,False,False,False,False,False,False,False,False,False,False,True,False,False,False,False,False,False,False,False,False,False,False,False,True,False,False,False,True,False,False,False,False
de8058e6-8335-44b6-9c59-9e5e786050de,,,,12/08/2023 19:22,13/08/2023 11:05,13-Aug-23,,,,331.0,16,5,False,True,False,False,False,False,False,True,False,False,False,False,False,False,False,False,False,False,False,False,False,False,True,False,False,False,False,False,False,False,False,False,False,False,False,False,False,False,False,False,False,False,False,False,False,False,False,False,False,False,False,True,False,False,False,False,False,False,True,False,False,False,False,False,False,False,False
8067b8c7-67a1-4c86-a21b-27593bc162a2,,,,12/08/2023 12:04,12/08/2023 12:08,12-Aug-23,,,,587.0,53,5,False,True,False,False,False,False,False,True,False,False,False,False,False,False,False,False,False,False,False,False,False,False,True,False,False,False,False,False,False,False,False,False,False,False,False,False,False,False,False,False,False,False,False,False,False,False,False,False,False,False,False,True,False,False,False,False,False,False,True,False,False,False,False,False,False,True,False
a4e10929-f872-4a9f-a4d4-0fd371f9c466,,f19686d1-b460-419f-9aef-43fd75a74ca5,09/08/2023 15:58,11/08/2023 15:58,11/08/2023 17:06,11-Aug-23,SHRIGONDA,Electronics,799.0,284.0,56,2,False,True,False,False,False,False,False,False,False,False,False,False,False,False,False,False,False,False,False,False,False,True,False,False,False,False,False,False,False,False,False,False,False,True,False,False,False,False,False,False,False,False,False,False,False,False,False,False,False,False,False,False,False,False,False,True,False,False,False,False,False,False,False,True,True,False,False
972057e8-aab0-4a11-9652-0fdfe2ce48e6,,70d8247b-d669-45de-9d8f-492ab2a51f98,05/08/2023 08:37,11/08/2023 14:10,11/08/2023 14:25,11-Aug-23,PATNA,Electronics,549.0,672.0,53,5,False,True,False,False,False,False,False,False,False,False,False,False,False,False,False,False,False,False,False,False,False,True,False,False,False,False,False,False,False,False,False,False,False,False,False,False,False,False,False,False,False,False,False,False,False,False,False,False,False,False,False,True,False,False,False,False,False,False,True,False,False,False,False,False,False,True,False
7f55a2c1-9e16-4dd4-aa1c-8c28b40e02e0,THANK YOU Shopzilla ??,a5c8d130-0005-4aa1-b3d8-0ce5144ae6c5,08/08/2023 09:03,11/08/2023 10:33,11/08/2023 10:36,11-Aug-23,NEW DELHI,Electronics,999.0,265.0,56,5,False,True,False,False,False,False,False,False,False,False,False,False,False,False,False,False,False,False,False,False,False,True,False,False,False,False,False,False,False,False,False,False,False,True,False,False,False,False,False,False,False,False,False,False,False,False,False,False,False,False,False,False,False,False,False,True,False,False,False,False,False,False,False,True,True,False,False
6b7cdc37-6940-4931-a3b2-daf5897d49c5,,5a0adce2-47a7-493b-8774-107da87322b9,26/07/2023 16:02,11/08/2023 20:56,11/08/2023 20:59,11-Aug-23,BIKANER,Electronics,883.0,346.0,35,5,False,True,False,False,False,False,False,True,False,False,False,False,False,False,False,False,False,False,False,False,False,False,True,False,False,False,False,False,False,False,False,False,False,False,False,False,False,False,False,False,False,False,False,False,False,False,False,False,False,False,False,True,False,False,False,False,False,False,True,False,False,False,False,False,False,False,False
b95aa5ba-4954-4b9d-950b-5e62ae64bdc6,,01c41286-c92e-42ea-8e4e-f6c3e2929927,09/08/2023 11:18,13/08/2023 12:04,14/08/2023 20:55,14-Aug-23,GREATER NOIDA,Electronics,899.0,261.0,51,5,False,True,False,False,False,False,False,True,False,False,False,False,False,False,False,False,False,False,False,False,False,False,True,False,False,False,False,False,False,False,False,False,False,False,False,False,False,False,False,False,False,False,False,False,False,False,True,False,False,False,False,False,False,False,False,False,False,False,True,False,False,False,True,False,False,True,False
e3582ef0-8157-4c83-97b8-61bd20fa38df,,1d994ac4-9de2-4bcc-883e-df5d4263cfcc,04/08/2023 17:27,14/08/2023 10:33,14/08/2023 12:31,14-Aug-23,TARAPUR,Electronics,899.0,707.0,72,5,False,True,False,False,False,False,False,True,False,False,False,False,False,False,False,False,False,False,False,False,False,False,True,False,False,False,False,False,False,False,False,False,False,False,False,False,False,False,False,False,False,False,False,False,False,False,True,False,False,False,False,False,False,False,False,False,False,False,True,False,False,False,True,False,False,True,False
16315719-248b-46a4-b070-a96f3ccdafcf,Very nice ,,,15/08/2023 09:16,15/08/2023 09:21,15-Aug-23,,,,226.0,49,5,True,False,False,False,False,False,False,True,False,False,False,False,False,False,False,False,False,False,False,False,False,False,False,True,False,False,False,False,False,False,False,False,False,False,False,False,False,False,False,False,False,False,False,False,False,False,False,False,False,False,False,False,True,False,False,False,True,False,False,False,True,False,False,False,False,True,False
e3cf47c5-7531-4273-8c77-1b3a41076eb0,,53f34a92-3a56-441d-9e78-9e2e430e33a3,07/08/2023 17:51,14/08/2023 18:27,15/08/2023 20:35,15-Aug-23,HYDERABAD,Electronics,899.0,459.0,4,5,False,True,False,False,False,False,False,True,False,False,False,False,False,False,False,False,False,False,False,False,False,False,True,False,False,False,False,False,False,False,False,False,True,False,False,False,False,False,False,False,False,False,False,False,False,False,False,False,False,False,False,False,False,False,False,False,False,True,False,False,False,False,True,False,True,False,False
dc5cab59-eb68-4d67-b0b4-6b5db7ccdcd6,Good,,,14/08/2023 15:34,14/08/2023 22:13,14-Aug-23,,,,552.0,17,5,False,True,False,False,False,False,False,True,False,False,False,False,False,False,False,False,False,False,False,False,False,False,True,False,False,False,False,False,False,False,False,False,False,False,False,False,False,False,False,False,False,False,False,False,False,True,False,False,False,False,False,False,False,False,False,False,False,False,True,False,False,False,False,False,False,True,False
84530729-d66b-4aba-a12e-00834caa5e89,,,,14/08/2023 16:56,14/08/2023 17:03,14-Aug-23,,,,602.0,31,5,False,True,False,False,False,False,False,True,False,False,False,False,False,False,False,False,False,False,False,False,False,False,True,False,False,False,False,False,False,False,False,False,False,False,False,False,False,False,False,False,False,False,False,False,False,False,True,False,False,False,False,False,False,False,False,False,False,False,True,False,False,False,False,False,False,True,False
41bdadf5-0cc9-41e8-ba36-2e28056499b0,,4bc535e0-0e6c-4d07-8e9f-57f4d388fdae,04/08/2023 23:40,14/08/2023 12:42,14/08/2023 12:48,14-Aug-23,LUCKNOW,Electronics,899.0,607.0,55,5,False,True,False,False,False,False,False,False,False,False,False,False,False,False,False,False,False,False,False,False,False,True,False,False,False,False,False,False,False,False,False,False,False,False,False,False,False,False,False,False,False,False,False,False,False,False,True,False,False,False,False,False,False,False,False,False,False,False,True,False,False,False,False,False,False,False,False
d224b69b-56f3-4ab9-817c-84acc2e66945,,,,14/08/2023 16:31,14/08/2023 16:42,14-Aug-23,,,,980.0,74,5,False,True,False,False,False,False,False,True,False,False,False,False,False,False,False,False,False,False,False,False,False,False,True,False,False,False,False,True,False,False,False,False,False,False,False,False,False,False,False,False,False,False,False,False,False,False,False,False,False,False,False,False,False,False,False,False,True,False,False,False,False,False,True,False,False,True,False
f6970548-1e3e-4650-89f3-2dda7b79108b,,6d2b062d-0608-482c-a9ef-7449b3922e80,09/08/2023 21:13,13/08/2023 18:32,14/08/2023 01:11,14-Aug-23,JAMNAGAR,Electronics,999.0,418.0,24,5,False,True,False,False,False,False,False,True,False,False,False,False,False,False,False,False,False,False,False,False,False,False,True,False,False,False,False,False,False,True,False,False,False,False,False,False,False,False,False,False,False,False,False,False,False,False,False,False,False,False,False,False,False,False,False,False,False,True,False,False,False,False,True,False,False,True,False
6c7f470c-f677-4854-b28c-cf3c3b2c3643,Ensure the same.,,,14/08/2023 10:46,14/08/2023 10:49,14-Aug-23,,,,615.0,33,5,False,True,False,False,False,False,False,True,False,False,False,False,False,False,False,False,False,False,False,False,False,False,True,False,False,False,False,False,False,False,False,False,False,False,False,False,False,False,False,False,False,False,False,False,False,False,True,False,False,False,False,False,False,False,False,False,False,False,True,False,False,False,True,False,False,True,False
9446c825-1cf1-488f-ac49-1ae8980e15a7,,,,14/08/2023 10:18,14/08/2023 10:22,14-Aug-23,,,,438.0,63,5,False,True,False,False,False,False,False,True,False,False,False,False,False,False,False,False,False,False,False,False,False,False,True,False,False,False,False,False,False,False,False,False,False,False,False,False,False,False,False,False,False,False,False,False,False,True,False,False,False,False,False,False,False,False,False,False,False,False,True,False,False,False,True,False,False,True,False
fc783e41-8c9b-41b6-a1cc-71d80da3cfc2,,,,14/08/2023 15:31,14/08/2023 15:34,14-Aug-23,,,,0.0,31,3,False,True,False,False,False,False,False,False,False,False,False,False,False,False,False,False,False,False,False,False,False,True,False,False,False,False,False,False,False,False,False,False,False,False,False,False,False,False,False,False,False,False,False,False,False,False,True,False,False,False,False,False,False,False,False,False,False,False,True,False,False,False,False,False,False,True,False
05f3586a-dbd3-4181-a427-933ff678eb3c,,,,14/08/2023 15:04,14/08/2023 15:06,14-Aug-23,,,,343.0,75,5,False,True,False,False,False,False,False,True,False,False,False,False,False,False,False,False,False,False,False,False,False,False,True,False,False,False,False,False,False,False,False,False,False,False,False,False,False,False,False,False,False,False,False,False,False,False,True,False,False,False,False,False,False,False,False,False,False,False,True,False,False,False,True,False,False,True,False
3a3112a2-e170-4eec-8ef8-3d9e1609fa12,,ce51333e-18d9-456d-ac5a-322057b868b6,11/08/2023 16:10,14/08/2023 18:24,14/08/2023 22:26,14-Aug-23,KOLKATA,Electronics,854.0,525.0,16,5,False,True,False,False,False,False,False,True,False,False,False,False,False,False,False,False,False,False,False,False,False,False,True,False,False,False,False,False,False,False,False,False,False,False,False,False,False,False,False,False,False,False,False,False,False,False,False,False,False,False,False,True,False,False,False,False,False,False,True,False,False,False,False,False,False,False,False
200f2600-3041-4b7e-a20a-9bb5c5a712f2,,,,14/08/2023 17:39,14/08/2023 17:57,14-Aug-23,,,,754.0,31,5,False,True,False,False,False,False,False,False,False,False,False,False,False,False,False,False,False,False,False,False,False,True,False,False,False,False,False,False,False,False,False,False,False,False,False,False,False,False,False,False,False,False,False,False,False,False,True,False,False,False,False,False,False,False,False,False,False,False,True,False,False,False,False,False,False,True,False
a580e830-8ced-4722-a6c2-af1f9372a16f,,f82b70c0-0d45-449f-81c2-feaf41af332c,05/08/2023 09:24,12/08/2023 12:09,15/08/2023 15:19,15-Aug-23,SRINAGAR,LifeStyle,269.0,418.0,70,1,True,False,True,False,False,False,False,False,False,False,False,False,False,False,False,False,False,False,False,False,False,False,False,False,False,True,False,False,False,False,False,True,False,False,False,False,False,False,False,False,False,False,False,False,False,False,False,False,False,False,False,False,False,False,False,False,True,False,False,False,False,False,True,False,False,True,False
c5569e70-cc75-481a-a0b6-9ef99635f058,,2a804758-752f-46a2-99ba-0b207733dccd,04/08/2023 10:18,14/08/2023 20:24,14/08/2023 20:45,14-Aug-23,BHUBANESWAR,Electronics,699.0,234.0,55,4,False,True,False,False,False,False,False,True,False,False,False,False,False,False,False,False,False,False,False,False,False,False,True,False,False,False,False,False,False,False,False,False,False,False,False,False,False,False,False,False,False,False,False,False,False,False,True,False,False,False,False,False,False,False,False,False,False,False,True,False,False,False,False,False,False,False,False
d24d9033-fc4b-4012-bb6a-2ecf1fd29bb2,The officers was very good in talk...and resolved my problem..,,,14/08/2023 12:38,14/08/2023 12:45,14-Aug-23,,,,660.0,39,5,False,True,False,False,False,False,False,False,False,False,False,False,False,False,False,False,False,False,False,False,False,True,False,False,False,False,False,False,False,False,False,False,False,False,False,False,False,False,False,False,False,False,False,False,False,False,False,False,False,False,False,False,False,False,False,True,False,False,False,False,False,False,False,True,False,True,False
acc62ca9-e1e8-4998-aca8-ca924faa62cf,,,,14/08/2023 16:29,14/08/2023 16:33,14-Aug-23,,,,610.0,55,5,False,True,False,False,False,False,False,False,False,False,False,False,False,False,False,False,False,False,False,False,False,True,False,False,False,False,False,False,False,False,False,False,False,False,False,False,False,False,False,False,False,False,False,False,False,False,True,False,False,False,False,False,False,False,False,False,False,False,True,False,False,False,False,False,False,False,False
28c46a62-2be4-401b-b73c-2c68486dd5cc,Service is very good,e16cbbea-80e5-4387-a407-2043d70ff80b,03/08/2023 10:46,14/08/2023 13:35,14/08/2023 14:22,14-Aug-23,MAHESANA,Electronics,999.0,732.0,72,5,False,True,False,False,False,False,False,True,False,False,False,False,False,False,False,False,False,False,False,False,False,False,True,False,False,False,False,False,False,False,False,False,False,False,False,False,False,False,False,False,False,False,False,False,False,False,True,False,False,False,False,False,False,False,False,False,False,False,True,False,False,False,True,False,False,True,False
ee67e456-4cc1-40a4-9253-d1ecca814030,Satishfied,6d9a1662-fb09-4937-b288-6d3cb659d03e,05/08/2023 17:52,14/08/2023 17:42,14/08/2023 17:45,14-Aug-23,NAGERCOIL,Home Appliences,924.0,301.0,33,4,False,True,False,False,False,False,False,True,False,False,False,False,False,False,False,False,False,False,False,False,False,False,True,False,False,False,False,False,False,False,False,False,False,False,False,False,False,False,False,False,False,False,False,False,False,False,True,False,False,False,False,False,False,False,False,False,False,False,True,False,False,False,True,False,False,True,False
bbef0fc4-4f2d-4749-9092-6d126b4cabee,,5abcd310-6b0b-41c1-9812-67cd2cd8a036,02/08/2023 12:24,13/08/2023 18:01,14/08/2023 11:36,14-Aug-23,Vikasnagar,Electronics,999.0,815.0,79,5,False,True,False,False,False,False,False,True,False,False,False,False,False,False,False,False,False,False,False,False,False,False,True,False,False,False,False,False,False,False,False,False,False,False,False,False,False,False,False,False,False,False,False,False,False,True,False,False,False,False,False,False,False,False,False,False,False,False,True,False,False,False,True,False,False,False,False
8e08fd14-f790-4c18-842e-aaf1dadf0ce6,,be4d3ba2-104e-435a-903b-a76bdf1c5e95,04/08/2023 14:15,13/08/2023 12:32,14/08/2023 23:46,14-Aug-23,SURAT,Electronics,949.0,496.0,53,5,False,True,False,False,False,False,False,True,False,False,False,False,False,False,False,False,False,False,False,False,False,False,True,False,False,False,False,False,False,False,False,False,False,False,False,False,False,False,False,False,False,False,False,False,False,False,False,False,False,False,False,True,False,False,False,False,False,False,True,False,False,False,False,False,False,True,False
27c2659e-df10-4bac-af87-da3fae75a8b2,No ,107f7d8a-6126-4c7b-8680-4fdc1a80fd30,09/08/2023 11:57,14/08/2023 18:07,14/08/2023 19:34,14-Aug-23,SALON,Electronics,899.0,361.0,63,5,False,True,False,False,False,False,False,True,False,False,False,False,False,False,False,False,False,False,False,False,False,False,True,False,False,False,False,False,False,False,False,False,False,False,False,False,False,False,False,False,False,False,False,False,False,True,False,False,False,False,False,False,False,False,False,False,False,False,True,False,False,False,True,False,False,True,False
b2662fb2-7c83-4f86-bc51-3c156a551532,,,,14/08/2023 14:19,14/08/2023 14:26,14-Aug-23,,,,848.0,42,5,False,True,False,False,False,False,False,True,False,False,False,False,False,False,False,False,False,False,False,False,False,False,True,False,False,False,False,False,False,False,False,False,False,False,False,False,False,False,False,False,False,False,False,False,False,False,True,False,False,False,False,False,False,False,False,False,False,False,True,False,False,False,True,False,False,True,False
af113d9f-c1bd-4fcc-935b-3e43fc4b7d67,,,,14/08/2023 13:31,14/08/2023 13:38,14-Aug-23,,,,230.0,42,5,False,True,False,False,False,False,False,True,False,False,False,False,False,False,False,False,False,False,False,False,False,False,True,False,False,False,False,False,False,False,False,False,False,False,False,False,False,False,False,False,False,False,False,False,False,False,True,False,False,False,False,False,False,False,False,False,False,False,True,False,False,False,True,False,False,True,False
351b7c83-f5c9-4abf-912e-900cbacdb757,The executive was so polite and helpful. He helped me throughout the whole process for creating a new return.Thank You so much.,,,14/08/2023 18:24,14/08/2023 19:02,14-Aug-23,,,,918.0,45,5,False,True,False,False,False,False,False,False,False,False,False,False,False,False,False,False,False,False,False,False,False,True,False,False,False,False,False,False,False,False,False,False,False,False,False,False,False,False,False,False,False,False,False,False,False,False,True,False,False,False,False,False,False,False,False,False,False,False,True,False,False,False,False,False,False,True,False
f997b25a-57c0-4c36-b833-903a9c8db5ff,,f2e1aad5-4a1c-4325-afc4-2a35fae8d699,10/08/2023 17:36,14/08/2023 17:51,14/08/2023 17:54,14-Aug-23,GAUTAM BUDDHA NAGAR,Electronics,899.0,497.0,33,4,False,True,False,False,False,False,False,True,False,False,False,False,False,False,False,False,False,False,False,False,False,False,True,False,False,False,False,False,False,False,False,False,False,False,False,False,False,False,False,False,False,False,False,False,False,False,True,False,False,False,False,False,False,False,False,False,False,False,True,False,False,False,True,False,False,True,False
122c315b-eaba-44be-b4cc-a2bf6270a0aa,,e995004c-ea47-4824-b8fa-ef70f5232a28,06/08/2023 19:42,14/08/2023 18:11,14/08/2023 19:48,14-Aug-23,DUMKA,Electronics,999.0,760.0,72,5,False,True,False,False,False,False,False,True,False,False,False,False,False,False,False,False,False,False,False,False,False,False,True,False,False,False,False,False,False,False,False,False,False,False,False,False,False,False,False,False,False,False,False,False,False,False,True,False,False,False,False,False,False,False,False,False,False,False,True,False,False,False,True,False,False,True,False
79ceb3bf-7088-4ffd-bc4f-8e573aa0bc27,,,,14/08/2023 16:41,14/08/2023 18:12,14-Aug-23,,,,492.0,79,1,False,True,False,False,False,False,False,True,False,False,False,False,False,False,False,False,False,False,False,False,False,False,True,False,False,False,False,False,False,False,False,False,False,False,False,False,False,False,False,False,False,False,False,False,False,True,False,False,False,False,False,False,False,False,False,False,False,False,True,False,False,False,True,False,False,False,False
ed30ab96-be32-4103-9b40-ce4342085c95,,e5e79f2e-dce8-45ef-a5b9-392f860aff84,09/08/2023 00:58,12/08/2023 11:56,14/08/2023 12:48,14-Aug-23,HOWRAH,Electronics,899.0,290.0,32,5,False,True,False,False,False,False,False,True,False,False,False,False,False,False,False,False,False,False,False,False,False,False,True,False,False,False,False,False,False,False,False,False,False,False,False,False,False,False,False,False,False,False,False,False,False,False,False,False,False,False,False,True,False,False,False,False,False,False,True,False,False,False,True,False,False,True,False
f5b9f8d9-05d1-4e67-b5dd-01b37b0a71b6,Shopzilla should provide all good equipments . Some faculty material may cause tension in customer's mind like this mixer grinder ,4660b47e-c6ec-4cf0-9b05-56c9386fe99d,03/08/2023 19:11,14/08/2023 13:49,14/08/2023 13:52,14-Aug-23,NALBARI,Home Appliences,999.0,301.0,79,5,False,True,False,False,False,False,False,True,False,False,False,False,False,False,False,False,False,False,False,False,False,False,True,False,False,False,False,False,False,False,False,False,False,False,False,False,False,False,False,False,False,False,False,False,False,True,False,False,False,False,False,False,False,False,False,False,False,False,True,False,False,False,True,False,False,False,False
c0fbd050-d1ee-43ef-9b62-256a2feb370a,,,,14/08/2023 12:38,14/08/2023 12:42,14-Aug-23,,,,599.0,62,5,False,True,False,False,False,False,False,True,False,False,False,False,False,False,False,False,False,False,False,False,False,False,True,False,False,False,False,False,False,False,False,False,False,False,False,False,False,False,False,False,False,False,False,False,False,False,False,False,False,False,True,False,False,False,False,True,False,False,False,False,False,False,False,True,False,True,False
0a1731c9-5cc1-4fa2-8a13-92f40a071b34,,f14d842e-090b-4c62-9f0a-df0cef035726,04/08/2023 16:34,14/08/2023 12:28,14/08/2023 12:32,14-Aug-23,PATNA,Electronics,949.0,448.0,55,5,False,True,False,False,False,False,False,True,False,False,False,False,False,False,False,False,False,False,False,False,False,False,True,False,False,False,False,False,False,False,False,False,False,False,False,False,False,False,False,False,False,False,False,False,False,False,True,False,False,False,False,False,False,False,False,False,False,False,True,False,False,False,False,False,False,False,False
3227ba63-d574-4e59-91ea-73a0d7bfed6b,Very good ,,,14/08/2023 19:20,14/08/2023 19:23,14-Aug-23,,,,462.0,51,5,False,True,False,False,False,False,False,True,False,False,False,True,False,False,False,False,False,False,False,False,False,False,False,False,False,False,False,False,False,False,False,False,False,False,False,False,False,False,False,False,False,False,False,False,False,False,True,False,False,False,False,False,False,False,False,False,False,False,True,False,False,False,True,False,False,True,False
99404533-a4b6-47c7-a80c-d9220a763ba1,,67a88bed-484c-4c0c-82e8-c164b9294ab9,11/08/2023 04:09,14/08/2023 11:28,14/08/2023 11:34,14-Aug-23,BANGALORE,Electronics,899.0,873.0,17,5,False,True,False,False,False,False,False,True,False,False,False,False,False,False,False,False,False,False,False,False,False,False,True,False,False,False,False,False,False,False,False,False,False,False,False,False,False,False,False,False,False,False,False,False,False,True,False,False,False,False,False,False,False,False,False,False,False,False,True,False,False,False,False,False,False,True,False
0bc9b461-b08d-453a-b2e2-8a5866a52e81,,,,14/08/2023 13:06,14/08/2023 13:10,14-Aug-23,,,,550.0,54,5,False,True,False,False,False,False,False,True,False,False,False,False,False,False,False,False,False,False,False,False,False,False,True,False,False,False,False,False,False,False,False,False,False,False,False,False,False,False,False,False,False,False,False,False,False,False,False,False,False,False,False,True,False,False,False,False,False,False,True,False,False,False,True,False,False,False,False
9251fe72-9636-4a9e-a866-48a4c66563c5,Good ,,,14/08/2023 11:34,14/08/2023 11:36,14-Aug-23,,,,1277.0,63,5,False,True,False,False,False,False,False,True,False,False,False,False,False,False,False,True,False,False,False,False,False,False,False,False,False,False,False,False,False,False,False,False,False,False,False,False,False,False,False,False,False,False,False,False,False,True,False,False,False,False,False,False,False,False,False,False,False,False,True,False,False,False,True,False,False,True,False
81ababd1-0634-4126-9f1b-5dd0493a60f9,,9c623821-7f14-40dc-992e-dcc0c54e9b49,24/07/2023 12:57,14/08/2023 12:27,14/08/2023 12:35,14-Aug-23,KOLKATA,Electronics,999.0,419.0,32,4,False,True,False,False,False,False,False,True,False,False,False,False,False,False,False,False,False,False,False,False,False,False,True,False,False,False,False,False,False,False,False,False,False,False,False,False,False,False,False,False,False,False,False,False,False,False,False,False,False,False,False,True,False,False,False,False,False,False,True,False,False,False,True,False,False,True,False
473de3fb-934b-4dd4-8f9d-91559ce291a8,Great experience in solving issue ,44f1503a-3f73-44eb-a311-d7584df3b815,07/08/2023 21:29,14/08/2023 18:07,14/08/2023 18:10,14-Aug-23,BAGHPAT,Electronics,999.0,398.0,43,5,False,True,False,False,False,False,False,True,False,False,False,False,False,False,False,False,False,False,False,False,False,False,True,False,False,False,False,False,False,False,False,False,False,False,False,False,False,False,False,False,False,False,False,False,False,True,False,False,False,False,False,False,False,False,False,False,False,False,True,False,False,False,True,False,False,True,False
1e21450b-e512-4958-bf6f-f23bcba5d8aa,,,,14/08/2023 10:50,14/08/2023 10:58,14-Aug-23,,,,1094.0,47,5,False,True,False,False,False,False,False,False,False,False,False,False,False,False,False,False,False,False,False,False,False,True,False,False,False,False,False,False,False,False,False,False,False,False,False,False,False,False,False,False,False,False,False,False,False,False,False,False,True,False,False,False,False,False,False,False,False,False,False,False,False,False,True,False,False,False,False
96444d43-87bf-4ecc-9a79-c9956e4c817e,,,,14/08/2023 17:59,14/08/2023 19:19,14-Aug-23,,,,645.0,43,4,False,True,False,False,False,False,False,True,False,False,False,False,False,False,False,True,False,False,False,False,False,False,False,False,False,False,False,False,False,False,False,False,False,False,False,False,False,False,False,False,False,False,False,False,False,True,False,False,False,False,False,False,False,False,False,False,False,False,True,False,False,False,True,False,False,True,False
f4ba390e-527a-40c3-9a67-d99413704810,Vary vary good ????,,,15/08/2023 17:58,16/08/2023 12:21,16-Aug-23,,,,962.0,9,5,False,True,False,False,False,False,False,True,False,False,False,False,False,False,False,False,False,False,False,False,False,False,True,False,False,False,False,False,False,False,False,False,False,False,False,False,False,False,False,False,False,False,False,False,False,False,False,False,False,True,False,False,False,False,False,False,True,False,False,False,False,False,True,False,False,True,False
f5d14e4b-22a1-46c8-be22-d647626536a0,,ba090950-5778-45ce-a17e-a6ef7e4ccc85,11/08/2023 12:45,16/08/2023 14:10,17/08/2023 09:03,17-Aug-23,PATNA,Electronics,669.0,374.0,65,5,False,True,False,False,False,False,False,True,False,False,False,False,False,False,False,False,False,False,False,False,False,False,True,False,False,False,False,False,False,False,False,False,False,False,False,False,False,False,False,False,False,False,False,False,False,True,False,False,False,False,False,False,False,False,False,False,False,False,True,False,False,False,False,False,False,False,False
abf0ff85-b805-491c-a68d-b23da5890ba1,,bf952bf2-3613-4eed-8831-0ab25867a894,,17/08/2023 10:49,17/08/2023 10:50,17-Aug-23,,,,746.0,29,1,True,False,False,False,False,False,False,True,False,False,False,False,False,False,False,False,False,False,False,False,False,False,False,True,False,False,False,True,False,False,False,False,False,False,False,False,False,False,False,False,False,False,False,False,False,False,False,False,False,False,False,False,False,False,False,False,True,False,False,False,True,False,False,False,False,True,False
1689d9f3-aba7-48c1-b32c-1978c26e2547,,269ae776-181d-4446-94bc-2906d7200d79,,17/08/2023 22:49,17/08/2023 22:54,17-Aug-23,,,,176.0,64,5,True,False,False,False,False,False,False,True,False,False,True,False,False,False,False,False,False,False,False,False,False,False,False,False,False,False,False,False,False,False,False,False,False,False,False,False,False,False,False,False,False,False,False,False,False,False,False,True,False,False,False,False,False,False,False,False,True,False,False,False,False,False,True,False,False,False,True
534653f7-b16d-450a-b3d4-f6de198b9f1a,,41c53d64-4f19-4c98-a7b7-b7d9a5b381a7,,17/08/2023 15:11,17/08/2023 18:10,17-Aug-23,,,,410.0,77,5,False,True,False,False,False,False,False,True,False,False,False,False,False,False,False,False,False,False,False,False,False,False,True,False,False,False,False,False,False,False,False,False,False,False,False,False,False,False,False,False,False,False,False,False,False,False,True,False,False,False,False,False,False,False,False,False,False,False,True,False,False,False,True,False,False,True,False
2e405c0f-12ab-464a-957e-43f3e126e08d,For customer support I am solve my problem to return item,f0eb0e47-74e1-4ced-85cd-b94ce7daa87b,,16/08/2023 11:18,17/08/2023 12:21,17-Aug-23,,,,538.0,53,5,False,True,False,False,False,False,False,True,False,False,False,False,False,False,False,False,False,False,False,False,False,False,True,False,False,False,False,False,False,False,False,False,False,False,False,False,False,False,False,False,False,False,False,False,False,False,False,False,False,False,False,True,False,False,False,False,False,False,True,False,False,False,False,False,False,True,False
f18d9405-0004-4ed8-af57-3e5a415d40e7,,05d1b441-4112-439d-8f90-6ad1049355e9,08/08/2023 13:35,18/08/2023 10:10,18/08/2023 10:14,18-Aug-23,DEHRADUN,Electronics,899.0,363.0,32,5,False,True,False,False,False,False,False,True,False,False,False,False,False,False,False,False,False,False,False,False,False,False,True,False,False,False,False,False,False,False,False,False,False,False,False,False,False,False,False,False,False,False,False,False,False,False,False,False,False,False,False,True,False,False,False,False,False,False,True,False,False,False,True,False,False,True,False
e5cf1652-4179-4725-af61-bb903f3299ac,,1521da9e-f818-41ab-9f49-a2efe19aaa48,,18/08/2023 11:19,18/08/2023 11:27,18-Aug-23,,,,646.0,2,5,False,True,False,False,False,False,False,True,False,False,False,False,False,False,False,False,False,False,False,False,False,False,True,False,False,False,False,False,False,False,False,False,False,False,False,False,False,False,False,False,False,False,False,False,False,False,True,False,False,False,False,False,False,False,False,False,False,False,True,False,False,False,False,False,False,False,False
ce3a498d-727a-4378-9b2f-519fb1e85c12,Good ,eadb0b0e-4c5c-4105-a458-f0ad7a1f0b1d,09/08/2023 12:45,18/08/2023 19:12,18/08/2023 19:16,18-Aug-23,ROORKEE,Electronics,899.0,45.0,35,5,False,True,False,False,False,False,False,True,False,False,False,False,False,False,False,False,False,False,False,False,False,False,True,False,False,False,False,False,False,False,False,False,False,False,False,False,False,False,False,False,False,False,False,False,False,False,False,False,False,False,False,True,False,False,False,False,False,False,True,False,False,False,False,False,False,False,False
98105df6-15f2-4e73-a593-38138e4fdee4,Apse bat karke bahot hi   apka ,d7dc9ec3-c5e4-4f30-b1fa-54ca1545c4e5,06/08/2023 10:13,17/08/2023 15:46,18/08/2023 10:44,18-Aug-23,RAYAGADA,Electronics,775.0,413.0,2,5,False,True,False,False,False,False,False,True,False,False,False,False,False,False,False,False,False,False,False,False,False,False,True,False,False,False,False,False,False,False,False,False,False,False,False,False,False,False,False,False,False,False,False,False,False,False,True,False,False,False,False,False,False,False,False,False,False,False,True,False,False,False,False,False,False,False,False
fa2278cf-6df8-446b-a876-982ea0e6e6bc,Super ,9a67fc0c-6958-4eb7-96cf-3398d42841df,,18/08/2023 14:55,18/08/2023 15:02,18-Aug-23,,,,182.0,72,5,False,True,False,True,False,False,False,False,False,False,False,False,False,False,False,False,False,True,False,False,False,False,False,False,False,False,False,False,False,False,False,False,False,False,False,False,False,False,False,False,False,False,False,False,False,False,True,False,False,False,False,False,False,False,False,False,False,False,True,False,False,False,True,False,False,True,False
8316b00f-bd4e-43c9-96e0-5e028c85644a,Thanks sir,93a20c6f-9436-4df0-8147-079b31e3f9c8,,18/08/2023 13:36,18/08/2023 13:40,18-Aug-23,,,,167.0,55,5,False,True,False,True,False,False,False,False,False,False,False,False,False,False,False,False,False,True,False,False,False,False,False,False,False,False,False,False,False,False,False,False,False,False,False,False,False,False,False,False,False,False,False,False,False,False,True,False,False,False,False,False,False,False,False,False,False,False,True,False,False,False,False,False,False,False,False
d148e334-561c-4f1c-8339-0a27cf9921fb,,29c2264b-eb92-4c5f-9b92-3435a62cd872,,18/08/2023 12:02,18/08/2023 12:07,18-Aug-23,,,,422.0,75,5,False,True,False,False,False,False,False,True,False,False,False,False,False,False,False,False,False,False,False,False,False,False,True,False,False,False,False,False,False,False,False,False,False,False,False,False,False,False,False,False,False,False,False,False,False,False,True,False,False,False,False,False,False,False,False,False,False,False,True,False,False,False,True,False,False,True,False
66b067d8-cbb0-4d92-ad94-9b9fc760e269,Very nice ,73cf3e01-19dd-4747-b1da-edb624639e62,04/08/2023 23:05,18/08/2023 12:33,18/08/2023 12:37,18-Aug-23,NEEMRANA,Electronics,643.0,227.0,79,5,False,True,False,False,False,False,False,True,False,False,False,False,False,False,False,False,False,False,False,False,False,False,True,False,False,False,False,False,False,False,False,False,False,False,False,False,False,False,False,False,False,False,False,False,False,True,False,False,False,False,False,False,False,False,False,False,False,False,True,False,False,False,True,False,False,False,False
01cef62a-6ff8-4fb7-a3a9-07bb82b0cf0d,,8dfa48f8-dbca-4deb-ac7e-77507d4e0473,04/08/2023 18:42,17/08/2023 15:53,19/08/2023 09:48,19-Aug-23,DUMKA,Electronics,999.0,393.0,16,4,False,True,False,False,False,False,False,True,False,False,False,False,False,False,False,False,False,False,False,False,False,False,False,True,False,False,False,False,False,False,False,False,False,False,False,False,False,False,False,False,False,False,False,False,False,False,False,False,False,False,False,True,False,False,False,False,False,False,True,False,False,False,False,False,False,False,False
89b8ba13-fa38-4ed9-8c67-b0ee610cac30,It's good,28b67f05-6f59-4d63-a873-d49396a9e87b,13/08/2023 22:07,18/08/2023 15:53,18/08/2023 15:58,18-Aug-23,NAMAKKAL,Electronics,699.0,343.0,63,5,False,True,False,False,False,False,False,True,False,False,False,False,False,False,False,False,False,False,False,False,False,False,True,False,False,False,False,False,False,False,False,False,False,False,False,False,False,False,False,False,False,False,False,False,False,True,False,False,False,False,False,False,False,False,False,False,False,False,True,False,False,False,True,False,False,True,False
39b135bc-f697-4bb4-8e81-6d9af63e0beb,,6d955045-92ef-4ae7-9eb1-33a419aca6b3,,18/08/2023 13:58,18/08/2023 13:59,18-Aug-23,,,,502.0,8,5,False,True,False,False,False,False,False,True,False,False,False,False,False,False,False,False,False,False,False,False,False,False,False,True,False,False,False,False,False,False,False,False,False,False,False,False,False,False,False,False,False,False,False,False,False,True,False,False,False,False,False,False,False,False,False,False,False,False,True,False,False,False,False,False,False,False,False
8f45648c-878a-4edb-8806-ed14fb9c696a,,2cd9b930-584e-4118-b0d1-99d512555a8a,,18/08/2023 17:38,18/08/2023 17:41,18-Aug-23,,,,202.0,72,5,False,True,False,False,False,False,False,True,False,False,False,False,False,False,False,False,False,False,False,False,False,False,False,True,False,False,False,False,False,False,False,False,False,False,False,False,False,False,False,False,False,False,False,False,False,False,True,False,False,False,False,False,False,False,False,False,False,False,True,False,False,False,True,False,False,True,False
7905b6ac-e5c0-45e5-a71c-989d6050ceef,Excellent ,025b5c51-2942-4404-9bfd-27263cb3c829,01/08/2023 21:16,18/08/2023 11:01,18/08/2023 11:03,18-Aug-23,MUMBAI,Electronics,899.0,282.0,33,1,False,True,False,False,False,False,False,True,False,False,False,False,False,False,False,False,False,False,False,False,False,False,True,False,False,False,False,False,False,False,False,False,False,False,False,False,False,False,False,False,False,False,False,False,False,False,True,False,False,False,False,False,False,False,False,False,False,False,True,False,False,False,True,False,False,True,False
ba866b6c-627b-43b8-a29d-32df46452fea,,a6a9875c-cd43-42f3-9a14-89fd70a90548,08/08/2023 12:51,17/08/2023 16:20,19/08/2023 04:58,19-Aug-23,GREATER NOIDA,Electronics,899.0,719.0,75,5,False,True,False,False,False,False,False,True,False,False,False,False,False,False,False,False,False,False,False,False,False,False,True,False,False,False,False,False,False,False,False,False,False,False,False,False,False,False,False,False,False,False,False,False,False,False,True,False,False,False,False,False,False,False,False,False,False,False,True,False,False,False,True,False,False,True,False
0954ec1b-d660-4737-a90b-8f8778e547c8,,abe70ac5-64df-49fe-a4a4-2dbf9b34895a,,18/08/2023 13:21,18/08/2023 14:50,18-Aug-23,,,,502.0,2,5,False,True,False,False,False,False,False,True,False,False,False,False,False,False,False,False,False,False,False,False,False,False,True,False,False,False,False,False,False,False,False,False,False,False,False,False,False,False,False,False,False,False,False,False,False,False,True,False,False,False,False,False,False,False,False,False,False,False,True,False,False,False,False,False,False,False,False
41d9678b-6f16-4940-9e22-62b173fb8f15,,e4df787d-b947-4c7b-b3eb-6c743cf665cc,,18/08/2023 15:55,18/08/2023 16:01,18-Aug-23,,,,386.0,79,5,False,True,False,False,False,False,False,False,False,False,False,False,False,False,False,False,False,False,False,False,False,True,False,False,False,False,False,False,False,False,False,False,False,False,False,False,False,False,False,False,False,False,False,False,False,True,False,False,False,False,False,False,False,False,False,False,False,False,True,False,False,False,True,False,False,False,False
94e83ff7-d920-4b6c-a590-afadb71f85e4,Good,0b9e04b3-50d8-473c-bc58-3b0269ed8034,05/08/2023 17:37,18/08/2023 16:28,18/08/2023 16:39,18-Aug-23,KURNOOL,Electronics,899.0,299.0,77,3,False,True,False,False,False,False,False,True,False,False,False,False,False,False,False,False,False,False,False,False,False,False,True,False,False,False,False,False,False,False,False,False,False,False,False,False,False,False,False,False,False,False,False,False,False,False,True,False,False,False,False,False,False,False,False,False,False,False,True,False,False,False,True,False,False,True,False
f9af8085-e991-4205-8804-caefe6194040,Only one request time is more important ,63e80be2-2f80-4c8c-b516-2166d759f92f,06/08/2023 12:02,18/08/2023 11:48,18/08/2023 11:50,18-Aug-23,DEOGHAR,Electronics,899.0,312.0,77,4,False,True,False,False,False,False,False,True,False,False,False,False,False,False,False,False,False,False,False,False,False,False,True,False,False,False,False,False,False,False,False,False,False,False,False,False,False,False,False,False,False,False,False,False,False,False,True,False,False,False,False,False,False,False,False,False,False,False,True,False,False,False,True,False,False,True,False
4ca43ec3-3419-410f-81ab-f24293a1e1e4,Nice ,822a54a4-c290-4a34-8983-e20bf3880232,,18/08/2023 16:41,18/08/2023 16:46,18-Aug-23,,,,457.0,22,5,False,True,False,True,False,False,False,False,False,False,False,False,False,False,False,False,False,True,False,False,False,False,False,False,False,False,False,False,False,False,False,False,False,False,False,False,False,False,False,False,False,False,False,False,False,False,True,False,False,False,False,False,False,False,False,False,False,False,True,False,False,False,True,False,False,True,False
b6501670-1fcc-49cb-8ab6-95fd411fc851,Excellent ,4f863da4-fd0b-4ad0-ab2f-a7ad93a20157,08/08/2023 21:50,18/08/2023 18:43,18/08/2023 19:00,18-Aug-23,GHAZIABAD,Electronics,899.0,216.0,33,5,False,True,False,False,False,False,False,True,False,False,False,False,False,False,False,False,False,False,False,False,False,False,True,False,False,False,False,False,False,False,False,False,False,False,False,False,False,False,False,False,False,False,False,False,False,False,True,False,False,False,False,False,False,False,False,False,False,False,True,False,False,False,True,False,False,True,False
d2ccbd0b-0fc1-4423-a502-3a43e3ead27c,,79306db8-ccde-409a-98ac-acce647756d6,13/08/2023 17:38,18/08/2023 20:44,18/08/2023 22:22,18-Aug-23,LUCKNOW,Electronics,899.0,264.0,46,4,False,True,False,False,False,False,False,True,False,False,False,False,False,False,False,False,False,False,False,False,False,False,True,False,False,False,False,False,False,False,False,False,False,False,False,False,False,False,False,False,False,False,False,False,False,False,False,False,False,True,False,False,False,False,False,False,True,False,False,False,False,False,True,False,False,True,False
39bd727b-511d-431a-a778-5e8fef7173df,,af33d3b1-4642-41b9-8365-b321515f55d0,08/08/2023 08:21,17/08/2023 11:34,18/08/2023 07:59,18-Aug-23,JAIPUR,Electronics,678.0,501.0,19,4,False,True,False,False,False,False,False,True,False,False,False,False,False,False,False,False,False,False,False,False,False,False,True,False,False,False,False,False,False,False,False,False,False,False,False,False,False,False,False,False,False,False,False,False,False,False,False,False,False,False,False,True,False,False,False,False,False,False,True,False,False,False,True,False,False,True,False
bf93595b-5e48-4541-afab-891a1228699e,,47134774-9c94-4050-8cbc-ba9ff0be03ae,,18/08/2023 11:50,18/08/2023 13:37,18-Aug-23,,,,299.0,24,5,False,True,False,False,False,False,False,True,False,False,False,False,False,False,False,False,False,False,False,False,False,False,True,False,False,False,False,False,False,True,False,False,False,False,False,False,False,False,False,False,False,False,False,False,False,False,False,False,False,False,False,False,False,False,False,False,False,True,False,False,False,False,True,False,False,True,False
cc54c9f4-580c-43e5-9892-31d5377235e2,,41c0c9fc-99e9-4827-94d6-7511bcb6b5ae,,18/08/2023 10:58,18/08/2023 11:04,18-Aug-23,,,,291.0,7,5,False,True,False,False,False,False,False,False,False,False,False,False,False,False,False,False,False,False,False,False,False,True,False,False,False,False,False,False,False,False,True,False,False,False,False,False,False,False,False,False,False,False,False,False,False,False,False,False,False,False,False,False,False,False,False,False,False,False,False,True,False,False,False,True,True,False,False
b5e75d38-8f49-455e-890c-d35a02cde666,Very nice service no improvement required ??,b10ec80b-2668-4e73-8575-b89ce57496b5,,18/08/2023 20:48,18/08/2023 20:53,18-Aug-23,,,,252.0,30,5,False,True,False,False,False,False,False,True,False,False,False,False,False,False,False,False,False,False,False,False,False,False,True,False,False,False,False,False,False,False,False,False,False,False,False,False,False,False,False,False,False,False,False,False,True,False,False,False,False,False,False,False,False,False,False,False,True,False,False,False,False,False,True,False,False,True,False
93291d71-99de-4674-b175-cbd701088c50,,cc64fd49-dc50-4c93-bb7e-943e6cbdf1b2,04/08/2023 09:13,18/08/2023 14:35,18/08/2023 14:47,18-Aug-23,DHANBAD,Electronics,899.0,436.0,53,5,False,True,False,False,False,False,False,True,False,False,False,False,False,False,False,False,False,False,False,False,False,False,True,False,False,False,False,False,False,False,False,False,False,False,False,False,False,False,False,False,False,False,False,False,False,False,False,False,False,False,False,True,False,False,False,False,False,False,True,False,False,False,False,False,False,True,False
6bffa29d-b19e-402f-b0dc-8dfe1739e91b,,ce35e39f-dea9-4c7a-a478-98d3566f51d3,,18/08/2023 15:14,18/08/2023 15:39,18-Aug-23,,,,507.0,55,5,False,True,False,False,False,False,False,True,False,False,False,False,False,False,False,False,False,False,False,False,False,False,True,False,False,False,False,False,False,False,False,False,False,False,False,False,False,False,False,False,False,False,False,False,False,False,True,False,False,False,False,False,False,False,False,False,False,False,True,False,False,False,False,False,False,False,False
45410ea9-909f-48b8-9a36-1c0947290d6b,,f78f44cf-d595-4550-89c7-117202e90792,,18/08/2023 11:16,18/08/2023 11:20,18-Aug-23,,,,508.0,14,5,False,True,False,False,False,False,False,True,False,False,False,False,False,False,False,False,False,False,False,False,False,False,True,False,False,False,False,False,False,False,False,False,False,False,False,False,False,False,True,False,False,False,False,False,False,False,False,False,False,False,False,False,False,False,False,False,False,False,True,False,False,False,True,False,False,True,False
3f7be180-78cc-45fe-9360-44478d2c75d4,Request you to send my order fastly,231b1af5-9fc1-42a7-91bc-832dc19024a9,,18/08/2023 13:08,18/08/2023 18:54,18-Aug-23,,,,407.0,75,4,False,True,False,False,False,False,False,True,False,False,False,False,False,False,False,False,False,False,False,False,False,False,True,False,False,False,False,False,False,False,False,False,False,False,False,False,False,False,False,False,False,False,False,False,False,False,True,False,False,False,False,False,False,False,False,False,False,False,True,False,False,False,True,False,False,True,False
3f8f649f-b3ca-4a6a-bac2-327a160549cc,,10be0d8e-2222-4f64-933e-7f461ab19810,,18/08/2023 16:30,18/08/2023 16:30,18-Aug-23,,,,183.0,19,5,False,True,False,True,False,False,False,False,False,False,False,False,False,False,False,False,False,True,False,False,False,False,False,False,False,False,False,False,False,False,False,False,False,False,False,False,False,False,False,False,False,False,False,False,False,False,False,False,False,False,False,True,False,False,False,False,False,False,True,False,False,False,True,False,False,True,False
cec2b505-bf22-4ba4-893c-c5c728797a4f,Make fast ,6bb46196-1c37-4e18-b3eb-ba3954be5681,,18/08/2023 12:35,18/08/2023 12:53,18-Aug-23,,,,155.0,43,5,False,True,False,False,False,False,False,True,False,False,False,False,False,False,False,False,False,False,False,False,False,False,False,True,False,False,False,False,False,False,False,False,False,False,False,False,False,False,False,False,False,False,False,False,False,True,False,False,False,False,False,False,False,False,False,False,False,False,True,False,False,False,True,False,False,True,False
de1cdb73-2eab-4635-85ae-ebe4af73029a,,87df978a-bc3d-425d-9b95-fbd198348ec4,,18/08/2023 14:31,18/08/2023 14:32,18-Aug-23,,,,490.0,36,5,True,False,False,True,False,False,False,False,False,False,False,False,False,False,False,False,False,True,False,False,False,False,False,False,False,False,False,False,False,False,False,False,False,False,False,False,False,False,False,False,True,False,False,False,False,False,False,False,False,False,False,False,False,False,False,False,False,False,False,False,False,False,True,False,False,False,True
dfb40e3c-dc51-4050-878d-02707f1a9895,,cdbe29de-0664-4b76-a389-e1bfada12d59,,18/08/2023 12:41,18/08/2023 12:51,18-Aug-23,,,,1025.0,2,5,False,True,False,False,False,False,False,True,False,False,False,False,False,False,False,False,False,False,False,False,False,False,False,False,False,False,True,False,False,False,False,False,False,False,False,False,False,False,False,False,False,False,False,False,False,False,True,False,False,False,False,False,False,False,False,False,False,False,True,False,False,False,False,False,False,False,False
3079f51d-02c3-45aa-add2-5b66e79d7e69,,c2ae32a4-bea7-4c14-822a-17e84e2bae7c,07/08/2023 11:57,18/08/2023 15:59,18/08/2023 16:01,18-Aug-23,SILIGURI,Electronics,799.0,262.0,22,5,False,True,False,False,False,False,False,True,False,False,False,False,False,False,False,False,False,False,False,False,False,False,True,False,False,False,False,False,False,False,False,False,False,False,False,False,False,False,False,False,False,False,False,False,False,False,True,False,False,False,False,False,False,False,False,False,False,False,True,False,False,False,True,False,False,True,False
a2a6f588-4853-432e-bd7e-8e9b265b8116,,fedd772f-114c-4f22-93ad-7049584ae14e,,18/08/2023 12:25,18/08/2023 13:01,18-Aug-23,,,,218.0,63,5,False,True,False,True,False,False,False,False,False,False,False,False,False,False,False,False,False,True,False,False,False,False,False,False,False,False,False,False,False,False,False,False,False,False,False,False,False,False,False,False,False,False,False,False,False,True,False,False,False,False,False,False,False,False,False,False,False,False,True,False,False,False,True,False,False,True,False
760917d9-cfa2-48ea-9d57-196c8b52bc42,,2e60898b-a908-4160-a4d2-aa1eb1c3e3f7,05/08/2023 23:02,18/08/2023 16:09,18/08/2023 16:12,18-Aug-23,NAGPUR,Electronics,899.0,428.0,19,5,False,True,False,False,False,False,False,True,False,False,False,False,False,False,False,False,False,False,False,False,False,False,True,False,False,False,False,False,False,False,False,False,False,False,False,False,False,False,False,False,False,False,False,False,False,False,False,False,False,False,False,True,False,False,False,False,False,False,True,False,False,False,True,False,False,True,False
e111b90a-766d-4e22-9362-9e2ec106293a,,a0353d29-6b5c-47ea-ba0f-07b125b16c08,,19/08/2023 10:22,20/08/2023 10:11,20-Aug-23,,,,519.0,23,4,False,True,False,False,False,False,False,False,False,False,False,False,False,False,False,False,False,False,False,False,False,True,False,False,False,False,False,False,False,False,False,False,False,False,False,False,False,False,False,False,False,False,False,False,False,False,False,False,False,False,False,True,False,False,False,False,False,False,True,False,False,False,False,False,False,True,False
bd1153d4-eea5-4111-828a-0c2819a730ee,,a7084aae-df9c-47c5-9da5-89cb5237d997,,20/08/2023 11:36,21/08/2023 00:01,21-Aug-23,,,,394.0,6,5,False,True,False,False,False,False,False,False,False,False,False,False,False,False,False,False,False,False,False,False,False,True,False,False,False,False,False,False,False,False,False,True,False,False,False,False,False,False,False,False,False,False,False,False,False,False,False,False,False,False,False,False,False,False,False,False,False,True,False,False,False,False,True,False,False,False,False
42f8aa9d-a83b-4395-8e19-43be505513ac,,83e9b114-4288-4733-afb2-125ac2fc4749,,21/08/2023 20:50,21/08/2023 20:53,21-Aug-23,,,,231.0,66,4,False,False,False,False,False,False,True,False,False,False,False,False,False,False,False,False,False,False,False,False,True,False,False,False,False,False,False,False,False,False,False,False,False,False,False,False,False,False,False,False,False,False,False,True,False,False,False,False,False,False,False,False,False,False,False,False,True,False,False,False,False,False,True,False,True,False,False
d1a52873-389a-4ad3-8043-7480181bda2a,good services,297dc352-e97d-4687-b8f6-ba2fa0620488,26/07/2023 14:28,19/08/2023 14:11,21/08/2023 14:14,21-Aug-23,MOGA,Electronics,799.0,364.0,33,4,False,True,False,False,False,False,False,True,False,False,False,False,False,False,False,False,False,False,False,False,False,False,True,False,False,False,False,False,False,False,False,False,False,False,False,False,False,False,False,False,False,False,False,False,False,False,True,False,False,False,False,False,False,False,False,False,False,False,True,False,False,False,True,False,False,True,False
e2b611cc-5409-4766-8222-bb85b5b79e6d,,5d8fb95c-1f03-47d3-a231-7b9442e6d347,,22/08/2023 08:19,22/08/2023 08:22,22-Aug-23,,,,1100.0,52,5,True,False,False,False,True,False,False,False,False,False,False,False,False,False,False,False,True,False,False,False,False,False,False,False,False,False,False,False,False,False,False,False,True,False,False,False,False,False,False,False,False,False,False,False,False,False,False,False,False,False,False,False,False,False,False,True,False,False,False,False,False,False,False,True,True,False,False
e505eab9-7656-400c-b300-bd7ade5d4cd4,,4b685ec0-3abf-4bb5-9abe-f0c821a34f2b,01/08/2023 00:38,19/08/2023 16:07,22/08/2023 17:05,22-Aug-23,HYDERABAD,Home Appliences,2999.0,302.0,82,1,False,False,False,False,False,False,False,True,False,False,False,False,False,False,False,False,False,False,False,False,False,False,False,True,False,False,False,False,False,False,False,False,False,False,False,False,False,False,False,False,False,False,False,False,False,False,False,False,False,False,False,False,False,True,False,False,False,True,False,False,True,False,False,False,True,False,False
fdae957f-1034-434c-a799-2e43177f31b3,,8f8b2f04-ee20-4e7a-9d8e-5a685582f3a5,,23/08/2023 14:39,23/08/2023 14:41,23-Aug-23,,,,611.0,35,5,True,False,False,False,False,False,False,True,False,False,False,False,False,False,False,False,False,False,False,False,False,False,True,False,False,False,False,False,False,False,False,False,False,False,False,False,False,False,False,False,False,False,False,False,False,False,False,False,False,False,False,True,False,False,False,False,False,False,True,False,False,False,False,False,False,False,False
6bc13204-839d-4f2a-8471-eae51fe0237d,,1feba9e5-5c78-4bbd-89d4-704025be7662,15/08/2023 18:58,22/08/2023 11:17,24/08/2023 16:17,24-Aug-23,KOLKATA,Electronics,999.0,207.0,43,1,False,True,False,False,False,False,False,False,False,False,False,False,False,False,False,False,False,False,False,False,False,True,False,False,False,False,False,False,False,False,False,False,False,False,False,False,False,False,False,False,False,False,False,False,False,True,False,False,False,False,False,False,False,False,False,False,False,False,True,False,False,False,True,False,False,True,False
13821e3b-ad45-4fe9-8cd5-aa84f7776577,,24f54677-02cb-412a-8d2e-71b2b7d4cf97,,24/08/2023 14:53,25/08/2023 10:18,25-Aug-23,,,,466.0,35,5,False,True,False,False,False,False,False,False,False,False,False,False,False,False,False,False,False,False,False,False,False,True,False,False,False,False,False,False,False,False,False,False,False,False,False,False,False,False,False,False,False,False,False,False,False,False,False,False,False,False,False,True,False,False,False,False,False,False,True,False,False,False,False,False,False,False,False
0bf7cb2d-2276-4d26-9782-97032839755a,Cheater & Fraud ,36ef1349-aeed-4595-9b15-308c177d392e,,24/08/2023 14:04,25/08/2023 14:27,25-Aug-23,,,,285.0,79,1,False,True,False,False,False,False,False,False,False,False,False,False,False,False,False,False,False,False,False,False,False,True,False,False,False,False,False,False,False,False,False,False,False,False,False,False,False,False,False,False,False,False,False,False,False,True,False,False,False,False,False,False,False,False,False,False,False,False,True,False,False,False,True,False,False,False,False
e023a535-3f6b-4dfe-9f11-4cb738d9c79c,I am satisfied with conversation,ac3bda42-1d14-4320-a8d2-268882ed11f9,,24/08/2023 15:01,25/08/2023 14:23,25-Aug-23,,,,318.0,32,5,False,True,False,False,False,False,False,True,False,False,False,False,False,False,False,False,False,False,False,False,False,False,True,False,False,False,False,False,False,False,False,False,False,False,False,False,False,False,False,False,False,False,False,False,False,False,False,False,False,False,False,True,False,False,False,False,False,False,True,False,False,False,True,False,False,True,False
e14f6cd5-9e8c-4036-8e6d-89714768977e,,6047da52-ccc1-4160-a315-9676557ec65f,,26/08/2023 20:14,26/08/2023 20:15,26-Aug-23,,,,737.0,67,1,True,False,False,False,False,False,False,True,False,False,False,False,False,False,False,False,False,False,False,False,False,False,False,True,False,False,False,False,False,False,False,False,False,False,False,False,False,False,False,False,True,False,False,False,False,False,False,False,False,False,False,False,False,False,False,False,False,False,False,True,False,False,False,True,True,False,False
ab54eb77-012e-4669-a8f9-6061b4a1eb32,,1e79896b-03ff-4795-8420-d30e45213de1,14/08/2023 13:10,26/08/2023 16:30,26/08/2023 16:40,26-Aug-23,BERMO,LifeStyle,764.0,776.0,58,3,True,False,False,True,False,False,False,False,False,False,False,False,False,False,False,False,False,True,False,False,False,False,False,False,False,False,False,False,False,False,False,False,False,False,False,False,False,True,False,False,False,False,False,False,False,False,False,False,False,False,False,False,False,False,False,False,True,False,False,False,True,False,False,False,False,True,False
999a95bd-5108-4473-8d82-eb70859f3693,,378aa563-18f6-49db-bbdd-a31def1a88b5,,25/08/2023 13:18,26/08/2023 09:00,26-Aug-23,,,,63.0,60,5,True,False,False,True,False,False,False,False,False,False,False,False,False,False,True,False,False,False,False,False,False,False,False,False,False,False,False,False,False,False,False,False,False,False,False,False,False,False,False,True,False,False,False,False,False,False,False,False,False,False,False,False,False,False,False,False,False,False,False,True,False,False,False,True,False,True,False
bd9a5908-adf7-44d2-8c11-f1fe29f3a350,,7fb77faf-a7e0-445a-bfdf-fed667ad8881,23/08/2023 20:20,25/08/2023 15:03,26/08/2023 06:12,26-Aug-23,SARAN,Electronics,999.0,282.0,68,5,False,True,False,False,False,False,False,True,False,False,False,False,False,False,False,False,False,False,False,False,False,False,True,False,False,False,False,False,False,False,False,False,False,False,False,False,False,False,False,False,False,False,False,False,False,False,False,False,False,False,True,False,False,False,False,False,False,False,True,False,False,False,False,True,False,True,False
7beba7b2-c1cf-425b-a45a-de717be3b495,,4ad7e14a-8787-435b-b6c0-14339858f19c,16/08/2023 15:17,25/08/2023 17:19,26/08/2023 18:18,26-Aug-23,PUNE,Electronics,798.0,281.0,41,5,False,True,False,False,False,False,False,True,False,False,False,False,False,False,False,False,False,False,False,False,False,False,True,False,False,False,False,False,False,False,False,False,False,False,False,False,False,False,False,False,False,False,False,False,False,True,False,False,False,False,False,False,False,False,False,False,False,False,True,False,False,False,False,False,False,True,False
49c9629b-da1d-4f94-98e7-4d4e4989d338,,,,27/08/2023 14:16,27/08/2023 14:17,27-Aug-23,,,,856.0,71,3,True,False,False,False,False,False,False,False,True,False,False,False,False,False,False,False,False,False,False,False,False,False,False,False,True,False,False,False,False,False,False,False,False,False,False,False,False,False,True,False,False,False,False,False,False,False,False,False,False,False,False,False,False,False,False,True,False,False,False,False,False,False,False,True,False,True,False
29ebcb89-a69b-4bc0-9157-8d3157970e35,Please As per the concern make some new policy for the dilevery excutive..,,,27/08/2023 20:49,27/08/2023 20:50,27-Aug-23,,,,353.0,27,5,True,False,False,False,False,False,False,True,False,False,False,False,False,False,False,False,False,False,False,False,False,False,False,True,False,False,False,False,False,False,False,False,False,False,False,False,True,False,False,False,False,False,False,False,False,False,False,False,False,False,False,False,False,False,False,False,False,True,False,False,False,False,True,False,False,True,False
559081d5-d339-429f-a352-0c760e0bdf61,,feadbb7d-2249-40d6-9771-c5b8cadbd250,,29/08/2023 19:57,29/08/2023 19:59,29-Aug-23,,,,660.0,40,5,True,False,False,True,False,False,False,False,False,True,False,False,False,False,False,False,False,False,False,False,False,False,False,False,False,False,False,False,False,False,False,False,False,False,False,False,False,False,False,False,False,False,False,False,False,True,False,False,False,False,False,False,False,False,False,True,False,False,False,False,False,False,False,True,False,True,False
471ca4bb-554a-490c-a89b-d19d00aaa752,,f8dc973d-b36f-4507-94e8-5d8bd5ff02db,,30/08/2023 15:46,30/08/2023 15:49,30-Aug-23,,,,457.0,48,5,True,False,False,False,False,False,False,True,False,False,False,False,False,False,False,False,False,False,False,False,False,False,False,True,False,False,False,False,False,False,False,False,False,False,False,False,False,True,False,False,False,False,False,False,False,False,False,False,False,False,False,False,False,False,False,False,True,False,False,False,True,False,False,False,False,True,False
06c7100c-19be-4086-b11a-845dd97e127c,good service & good sport,cd5229f0-b255-4826-be9b-49a3270d84e9,,30/08/2023 12:44,30/08/2023 12:49,30-Aug-23,,,,527.0,13,5,True,False,False,False,False,False,False,False,True,False,False,False,True,False,False,False,False,False,False,False,False,False,False,False,False,False,False,False,False,False,False,False,False,False,False,False,False,False,False,False,False,False,False,False,False,False,False,False,False,False,False,True,False,False,False,False,False,False,False,False,True,False,False,False,True,False,False
ae45d9ff-efa6-4e73-902a-613502a63e20,,efb3eb9b-7c61-4359-bda3-5108799ba8d5,,30/08/2023 08:36,30/08/2023 08:38,30-Aug-23,,,,282.0,50,5,True,False,False,True,False,False,False,False,False,False,False,False,False,False,False,False,False,False,True,False,False,False,False,False,False,False,False,False,False,False,False,False,False,False,False,False,False,False,False,True,False,False,False,False,False,False,False,False,False,False,False,False,False,False,False,True,False,False,False,False,False,False,False,True,True,False,False
a7d4705a-d107-4b90-877f-7b5a11b74541,Thank you Shopzilla support ,4667678f-5c16-42e0-b5d0-74d8059de66e,,30/08/2023 13:06,30/08/2023 13:07,30-Aug-23,,,,429.0,57,5,True,False,False,False,False,False,True,False,False,False,False,False,False,False,False,False,False,False,False,False,True,False,False,False,False,False,False,False,False,False,False,False,False,False,False,False,False,False,True,False,False,False,False,False,False,False,False,False,False,False,False,False,False,False,False,True,False,False,False,False,False,False,False,True,False,True,False
f6e22f4d-0779-416e-9dbb-eea6b4c206af,,2b1d1922-7c70-4524-a9ab-643b83561a42,,30/08/2023 09:35,31/08/2023 09:30,31-Aug-23,,,,427.0,61,5,True,False,True,False,False,False,False,False,False,False,False,False,False,False,False,False,False,False,False,False,False,False,False,False,False,True,False,False,False,False,False,False,False,False,True,False,False,False,False,False,False,False,False,False,False,False,False,False,False,False,False,False,False,False,False,False,False,True,False,False,False,False,True,False,False,True,False
2adb7651-c900-43b9-a539-d8f1d64df3c5,Sir apse muze koi dikkat nhi hai but apka custmer care ka muze kuch bhi solution  ,3af034d2-a0ac-4693-8d2f-4c21901ef4e1,12/08/2023 06:49,31/08/2023 20:46,31/08/2023 21:17,31-Aug-23,SRINAGAR,LifeStyle,999.0,505.0,38,4,True,False,False,True,False,False,False,False,False,False,False,False,False,False,False,False,False,True,False,False,False,False,False,False,False,False,False,True,False,False,False,False,False,False,False,False,False,False,False,False,False,False,False,False,False,False,False,False,False,False,False,False,False,False,False,False,True,False,False,False,False,False,True,False,False,True,False
