Area,Room,Address,Price,Price(USD),Parking_True,Warehouse_True,Elevator_True
63,-1.4239177461487142,156,-0.43735372032591396,61666.67,True,True,True
60,-1.4239177461487142,156,-0.43735372032591396,61666.67,True,True,True
79,-0.11338455885202178,117,-0.5950608588673938,18333.33,True,True,True
95,-0.11338455885202178,152,-0.552297961685954,30083.33,True,True,True
123,-0.11338455885202178,150,0.18740917466533294,233333.33,True,True,True
70,-0.11338455885202178,106,-0.4130910836272248,68333.33,True,True,False
87,-0.11338455885202178,117,-0.5889951996927215,20000.0,True,True,True
59,-1.4239177461487142,156,-0.4009597652778802,71666.67,True,True,True
54,-0.11338455885202178,13,-0.6019757103265202,16433.33,True,True,False
71,-1.4239177461487142,183,-0.37427086490932204,79000.0,True,True,True
68,-0.11338455885202178,183,-0.36456581022984635,81666.67,True,True,True
64,-1.4239177461487142,100,-0.40702542445255246,70000.0,True,True,True
54,-1.4239177461487142,100,-0.45676382968486534,56333.33,False,True,True
136,1.1971486284446706,135,0.672661908639117,366666.67,True,True,True
95,-0.11338455885202178,188,-0.055217192321559055,166666.67,True,True,True
63,-1.4239177461487142,71,-0.5926345951975248,19000.0,False,True,False
155,1.1971486284446706,100,0.15101521961729916,223333.33,True,True,True
64,-0.11338455885202178,120,-0.48587899372329235,48333.33,False,True,False
140,1.1971486284446706,183,0.11462126456926534,213333.33,True,True,True
42,-1.4239177461487142,120,-0.4931577847328991,46333.33,False,True,False
93,-0.11338455885202178,150,0.18740917466533294,233333.33,True,True,True
87,-0.11338455885202178,154,-0.3585001510551741,83333.33,True,True,True
65,-1.4239177461487142,156,-0.4337143248211106,62666.67,True,True,True
99,-0.11338455885202178,99,-0.38555299097421253,75900.0,True,True,True
105,-0.11338455885202178,135,0.20560615218934986,238333.33,True,True,True
160,1.1971486284446706,179,1.1512424175207614,498166.67,True,True,True
77,-0.11338455885202178,12,-0.4469374618218962,59033.33,True,True,True
123,-0.11338455885202178,120,-0.16937289798889174,135300.0,True,True,True
110,-0.11338455885202178,163,-0.5853558041879181,21000.0,True,True,True
100,-0.11338455885202178,183,-0.27358092260976186,106666.67,True,True,True
90,-0.11338455885202178,141,-0.4798133345486201,50000.0,False,True,False
49,-1.4239177461487142,183,-0.39489410610320785,73333.33,True,True,True
96,-0.11338455885202178,190,0.29319427067161785,262400.0,True,True,True
67,-0.11338455885202178,52,-0.37669712857919097,78333.33,True,True,False
68,-0.11338455885202178,183,-0.3585001510551741,83333.33,True,True,True
62,-1.4239177461487142,181,-0.4009597652778802,71666.67,True,False,True
55,-1.4239177461487142,183,-0.4009597652778802,71666.67,True,True,True
110,-0.11338455885202178,183,-0.20685867168836655,125000.0,True,True,True
129,-0.11338455885202178,183,-0.024888896448197556,175000.0,True,True,True
109,-0.11338455885202178,183,-0.07584043351544488,161000.0,True,True,True
58,-1.4239177461487142,135,-0.24931828591107266,113333.33,True,True,True
55,-1.4239177461487142,135,-0.19472735333902197,128333.33,True,True,True
150,-0.11338455885202178,152,-0.5162072895966539,40000.0,False,True,True
60,-0.11338455885202178,192,-0.3403031735311572,88333.33,True,True,True
130,1.1971486284446706,147,-0.055217192321559055,166666.67,True,True,False
88,-0.11338455885202178,61,-0.08554548819492055,158333.33,True,True,True
51,-1.4239177461487142,61,-0.30026982297832,99333.33,True,True,True
113,1.1971486284446706,150,0.18740917466533294,233333.33,True,True,False
110,-0.11338455885202178,128,-0.41491078137962645,67833.33,True,True,True
60,-1.4239177461487142,1,-0.3633526783949119,82000.0,True,True,True
98,-0.11338455885202178,117,-0.5962739907023282,18000.0,True,True,True
62,-0.11338455885202178,111,-0.48587899372329235,48333.33,False,False,True
150,1.1971486284446706,50,0.551348725145671,333333.33,True,True,True
75,-0.11338455885202178,115,-0.5847492382704509,21166.67,False,False,False
61,-1.4239177461487142,122,-0.4155173472970937,67666.67,True,True,False
72,-0.11338455885202178,156,-0.37669712857919097,78333.33,True,True,True
100,-0.11338455885202178,125,-0.2978435593084511,100000.0,True,True,True
122,1.1971486284446706,14,0.21167181136402216,240000.0,True,True,True
215,1.1971486284446706,113,-0.4494850386752586,58333.33,True,True,True
101,-0.11338455885202178,127,-0.26144960426041725,110000.0,True,True,True
67,-0.11338455885202178,122,-0.32210619600714024,93333.33,True,True,True
72,-0.11338455885202178,122,-0.39489410610320785,73333.33,True,True,False
63,-1.4239177461487142,122,-0.39489410610320785,73333.33,True,True,False
75,-0.11338455885202178,122,-0.39489410610320785,73333.33,True,True,False
109,-0.11338455885202178,156,-0.23718696756172808,116666.67,True,True,True
122,-0.11338455885202178,14,0.18740917466533294,233333.33,True,True,True
70,-1.4239177461487142,26,-0.28571224095910647,103333.33,True,True,True
60,-1.4239177461487142,183,-0.36456581022984635,81666.67,True,True,True
53,-1.4239177461487142,40,-0.42886179748137276,64000.0,True,True,False
90,-1.4239177461487142,114,-0.55866690381936,28333.33,False,True,False
72,-0.11338455885202178,12,-0.4616163570246032,55000.0,True,True,True
74,-0.11338455885202178,12,-0.45555069784993085,56666.67,True,True,True
88,1.1971486284446706,115,-0.5938477270324594,18666.67,False,False,True
63,-1.4239177461487142,122,-0.4009597652778802,71666.67,True,True,True
114,1.1971486284446706,142,0.005439399425163944,183333.33,True,True,True
151,1.1971486284446706,135,0.5756113618443601,340000.0,True,True,True
42,-1.4239177461487142,156,-0.44827190684032414,58666.67,True,False,True
300,1.1971486284446706,21,-0.4798133345486201,50000.0,True,True,False
110,-0.11338455885202178,183,-0.20928493535823547,124333.33,True,True,True
100,-0.11338455885202178,152,-0.5865689360228525,20666.67,False,False,False
140,-1.4239177461487142,157,-0.5914214633625904,19333.33,False,False,False
70,-0.11338455885202178,108,-0.29177790013377874,101666.67,True,True,True
60,-0.11338455885202178,183,-0.4191567428018971,66666.67,True,True,False
76,-0.11338455885202178,106,-0.34636883270582947,86666.67,True,True,True
148,1.1971486284446706,35,0.06488285933695248,199666.67,True,True,True
75,-0.11338455885202178,106,-0.3827627877538633,76666.67,True,True,True
40,-1.4239177461487142,120,-0.5040759712473093,43333.33,True,True,False
65,-0.11338455885202178,164,-0.38640218325866665,75666.67,True,True,True
140,1.1971486284446706,134,-0.17653037581500505,133333.33,True,True,True
110,-0.11338455885202178,184,-0.17653037581500505,133333.33,True,True,True
70,-0.11338455885202178,4,-0.4616163570246032,55000.0,True,False,True
128,1.1971486284446706,93,0.15101521961729916,223333.33,True,True,True
94,-0.11338455885202178,115,-0.5914214633625904,19333.33,True,True,True
67,-1.4239177461487142,122,-0.3827627877538633,76666.67,True,True,True
75,-1.4239177461487142,152,-0.5829295405180491,21666.67,True,True,True
130,-0.11338455885202178,39,1.3884096912504482,563333.33,True,True,True
40,-2.7344509334454066,152,-0.6316974402824145,8266.67,False,False,False
97,-0.11338455885202178,117,-0.5999133862071316,17000.0,True,True,True
110,-0.11338455885202178,156,-0.19472735333902197,128333.33,True,True,True
150,1.1971486284446706,138,0.06609599117188694,200000.0,True,True,True
75,-0.11338455885202178,27,-0.5671588266639012,26000.0,False,False,False
137,1.1971486284446706,147,0.21167181136402216,240000.0,True,True,True
85,-0.11338455885202178,115,-0.6120447045564762,13666.67,True,True,True
68,-0.11338455885202178,113,-0.6096184408866073,14333.33,False,True,False
78,-0.11338455885202178,23,-0.5647325629940323,26666.67,False,True,False
85,-0.11338455885202178,115,-0.595667424784861,18166.67,True,True,True
100,-0.11338455885202178,115,-0.5065022349171782,42666.67,True,True,False
71,-0.11338455885202178,122,-0.32210619600714024,93333.33,True,True,True
140,1.1971486284446706,61,0.6969245453378061,373333.33,True,True,True
136,1.1971486284446706,115,-0.5707982221687046,25000.0,True,True,False
48,-1.4239177461487142,74,-0.55866690381936,28333.33,False,False,False
100,-0.11338455885202178,88,-0.26144960426041725,110000.0,True,True,True
82,-0.11338455885202178,158,-0.26387586793028617,109333.33,True,False,True
120,1.1971486284446706,51,-0.07947982902024826,160000.0,True,True,True
139,1.1971486284446706,61,0.22380312971336674,243333.33,True,True,True
110,1.1971486284446706,81,-0.18259603498967736,131666.67,True,True,True
78,-0.11338455885202178,115,-0.616897231896214,12333.33,False,False,True
79,-0.11338455885202178,21,-0.5707982221687046,25000.0,False,False,False
66,-0.11338455885202178,141,-0.4525178682625947,57500.0,True,True,True
78,-0.11338455885202178,76,-0.5671588266639012,26000.0,True,True,True
85,-0.11338455885202178,157,-0.4896397024115892,47300.0,True,True,True
100,-0.11338455885202178,124,-0.5162072895966539,40000.0,True,True,False
80,-0.11338455885202178,110,-0.22505564921238347,120000.0,True,True,True
44,-1.4239177461487142,141,-0.5344042671206708,35000.0,True,True,False
120,-0.11338455885202178,157,-0.5162072895966539,40000.0,True,True,False
50,-1.4239177461487142,152,-0.6205366274010174,11333.33,False,True,False
121,1.1971486284446706,111,-0.26144960426041725,110000.0,True,True,False
80,-0.11338455885202178,19,-0.32210619600714024,93333.33,True,True,True
70,-0.11338455885202178,22,-0.5162072895966539,40000.0,False,True,True
160,-1.4239177461487142,124,-0.6613463823282126,120.0,False,False,False
40,-2.7344509334454066,113,-0.6417664345123705,5500.0,False,False,False
88,-0.11338455885202178,127,-0.31482740499753353,95333.33,True,True,True
141,1.1971486284446706,119,-0.1995798806787598,127000.0,True,True,True
140,1.1971486284446706,119,-0.44463251133552073,59666.67,True,True,True
120,-0.11338455885202178,119,-0.4761739390438167,51000.0,True,True,True
66,-0.11338455885202178,24,-0.5404699262953431,33333.33,False,True,False
70,-0.11338455885202178,122,-0.23718696756172808,116666.67,True,True,True
75,-0.11338455885202178,69,-0.2978435593084511,100000.0,True,False,True
70,-0.11338455885202178,45,-0.4434193795005863,60000.0,False,True,True
150,1.1971486284446706,135,1.764480560080131,666666.67,True,True,True
95,-0.11338455885202178,62,-0.5465355854700154,31666.67,True,True,True
127,-0.11338455885202178,163,0.06609599117188694,200000.0,True,True,True
123,1.1971486284446706,146,-0.21292433086303886,123333.33,True,True,True
63,-0.11338455885202178,163,-0.4191567428018971,66666.67,True,True,True
90,-0.11338455885202178,122,-0.29177790013377874,101666.67,True,True,True
105,-0.11338455885202178,117,-0.5883886337752543,20166.67,True,True,True
180,1.1971486284446706,118,0.5392174067963263,330000.0,True,True,True
120,1.1971486284446706,120,-0.21292433086303886,123333.33,True,False,True
65,-0.11338455885202178,52,-0.3585001510551741,83333.33,True,True,True
158,1.1971486284446706,50,0.609579053222525,349333.33,True,True,True
144,1.1971486284446706,29,0.26407910663319084,254400.0,True,True,True
144,1.1971486284446706,122,0.26407910663319084,254400.0,True,True,True
130,1.1971486284446706,57,0.8303690471805968,410000.0,True,True,True
245,1.1971486284446706,50,2.607607185359581,898333.33,True,True,True
190,1.1971486284446706,77,2.286127249101949,810000.0,True,True,True
63,-0.11338455885202178,26,-0.2978435593084511,100000.0,True,True,True
75,-0.11338455885202178,40,-0.40702542445255246,70000.0,True,True,True
88,-0.11338455885202178,60,-0.09161114736959286,156666.67,True,False,True
108,-0.11338455885202178,118,0.45187191468104526,306000.0,True,True,True
117,-0.11338455885202178,71,-0.47016893646089114,52650.0,True,True,True
200,1.1971486284446706,118,0.793975092132563,400000.0,True,True,True
65,-1.4239177461487142,120,-0.4494850386752586,58333.33,True,True,False
90,-0.11338455885202178,26,-0.2032192761835632,126000.0,True,True,True
125,-0.11338455885202178,68,0.3208536765081236,270000.0,True,True,True
140,1.1971486284446706,68,0.4421668600015696,303333.33,True,True,True
71,-0.11338455885202178,65,-0.4737476753739478,51666.67,False,True,True
71,-0.11338455885202178,74,-0.4628294888595376,54666.67,False,True,True
236,2.5076818157413627,57,1.764480560080131,666666.67,True,True,True
67,-0.11338455885202178,26,-0.3281718551818126,91666.67,True,True,True
60,-1.4239177461487142,122,-0.4494850386752586,58333.33,True,True,True
220,1.1971486284446706,68,1.2064399160102792,513333.33,True,True,True
44,-1.4239177461487142,13,-0.619323495566083,11666.67,True,True,False
68,-1.4239177461487142,68,-0.16257935971325876,137166.67,True,True,True
100,-0.11338455885202178,118,0.30872235815877896,266666.67,True,True,True
86,-0.11338455885202178,117,-0.5914214633625904,19333.33,True,True,True
84,-0.11338455885202178,117,-0.5938477270324594,18666.67,True,True,True
94,-0.11338455885202178,68,-0.07947982902024826,160000.0,True,True,True
55,-1.4239177461487142,183,-0.4737476753739478,51666.67,False,True,False
113,-0.11338455885202178,135,0.24806576641205597,250000.0,True,True,True
71,-0.11338455885202178,71,-0.5853558041879181,21000.0,True,True,True
70,-0.11338455885202178,36,-0.4191567428018971,66666.67,True,True,False
200,1.1971486284446706,62,-0.3706314694045187,80000.0,True,True,True
106,-0.11338455885202178,62,-0.5283386079459985,36666.67,True,True,True
320,2.5076818157413627,135,2.249733294053915,800000.0,True,True,True
114,-0.11338455885202178,184,-0.19836674884382535,127333.33,True,True,True
100,-0.11338455885202178,122,0.06609599117188694,200000.0,True,True,True
122,-0.11338455885202178,135,0.04183335447319775,193333.33,True,True,True
200,-0.11338455885202178,31,-0.23718696756172808,116666.67,True,True,False
154,1.1971486284446706,135,0.8303690471805968,410000.0,True,True,True
210,1.1971486284446706,118,1.2488995302329853,525000.0,True,True,True
200,1.1971486284446706,40,0.672661908639117,366666.67,True,True,True
65,-1.4239177461487142,163,-0.2978435593084511,100000.0,True,True,True
124,1.1971486284446706,120,-0.18041239768679534,132266.67,True,True,True
83,-0.11338455885202178,132,-0.43019624249980065,63633.33,True,True,True
270,2.5076818157413627,50,3.92385522626347,1260000.0,True,True,True
104,-0.11338455885202178,40,0.029702036123853144,190000.0,True,True,True
150,1.1971486284446706,189,0.6107921850574595,349666.67,True,True,True
103,1.1971486284446706,183,-0.27358092260976186,106666.67,True,True,True
48,-1.4239177461487142,183,-0.42886179748137276,64000.0,True,True,True
165,1.1971486284446706,57,0.8303690471805968,410000.0,True,True,True
135,-0.11338455885202178,57,0.23593444806271135,246666.67,True,True,False
86,-0.11338455885202178,135,0.09035862787057615,206666.67,True,True,True
75,-0.11338455885202178,40,-0.37669712857919097,78333.33,True,True,True
58,-1.4239177461487142,40,-0.43735372032591396,61666.67,True,True,True
125,-0.11338455885202178,150,1.9464503353203,716666.67,True,True,True
82,-0.11338455885202178,126,-0.43298644572014994,62866.67,True,True,True
58,-0.11338455885202178,156,-0.39489410610320785,73333.33,True,True,True
101,-0.11338455885202178,24,-0.379972584533514,77433.33,True,True,True
90,-0.11338455885202178,105,0.16314653796664375,226666.67,True,True,True
180,1.1971486284446706,50,1.849399788525543,690000.0,True,True,True
132,1.1971486284446706,57,0.09642428704524844,208333.33,True,True,True
81,-0.11338455885202178,176,-0.43577664894049917,62100.0,True,True,True
153,1.1971486284446706,118,0.915288275626009,433333.33,True,True,True
166,1.1971486284446706,123,0.854631683879286,416666.67,True,True,True
200,1.1971486284446706,118,1.400541009599793,566666.67,True,True,True
113,-0.11338455885202178,118,0.36937894990550196,283333.33,True,True,True
100,-0.11338455885202178,176,-0.3827627877538633,76666.67,True,True,True
80,-0.11338455885202178,26,-0.25538394508574497,111666.67,True,True,True
76,-0.11338455885202178,74,-0.4191567428018971,66666.67,True,True,True
128,1.1971486284446706,122,0.029702036123853144,190000.0,True,True,True
210,1.1971486284446706,150,2.613672844534253,900000.0,True,True,True
140,-0.11338455885202178,150,0.8667630022286306,420000.0,True,True,True
74,-0.11338455885202178,10,-0.455308071482944,56733.33,True,True,True
75,-1.4239177461487142,26,-0.2978435593084511,100000.0,True,True,True
120,-0.11338455885202178,118,0.24806576641205597,250000.0,True,True,True
85,-0.11338455885202178,43,-0.055217192321559055,166666.67,True,True,True
105,-0.11338455885202178,117,-0.5768638813433768,23333.33,True,True,True
175,1.1971486284446706,50,1.2307025527089686,520000.0,True,True,True
170,1.1971486284446706,50,1.200374256835607,511666.67,True,True,True
58,-1.4239177461487142,42,-0.3208930641722058,93666.67,True,True,True
75,-0.11338455885202178,115,-0.613864402308878,13166.67,True,True,True
160,1.1971486284446706,57,1.1700459609622456,503333.33,True,True,True
62,-1.4239177461487142,156,-0.43735372032591396,61666.67,True,True,True
93,-0.11338455885202178,134,-0.48587899372329235,48333.33,True,True,True
75,-0.11338455885202178,71,-0.5750441835909752,23833.33,True,True,True
86,-0.11338455885202178,71,-0.5162072895966539,40000.0,True,True,False
120,-0.11338455885202178,164,-0.1449889481067091,142000.0,True,True,True
95,-0.11338455885202178,13,-0.4798133345486201,50000.0,True,True,True
70,-0.11338455885202178,183,-0.40459916078268354,70666.67,True,True,False
75,-0.11338455885202178,40,-0.4191567428018971,66666.67,True,True,False
81,-0.11338455885202178,117,-0.590208331527656,19666.67,True,False,True
65,-1.4239177461487142,183,-0.4276486656464383,64333.33,True,True,False
75,-0.11338455885202178,40,-0.3305981188516815,91000.0,True,True,True
106,-0.11338455885202178,40,-0.2796465817844342,105000.0,True,True,False
115,-0.11338455885202178,40,-0.10374246571893746,153333.33,True,True,True
100,-0.11338455885202178,146,-0.2978435593084511,100000.0,True,True,True
118,-0.11338455885202178,40,-0.11587378406828205,150000.0,True,True,True
116,-0.11338455885202178,40,-0.04308587397221446,170000.0,True,True,True
76,-0.11338455885202178,146,-0.39489410610320785,73333.33,True,True,True
74,-0.11338455885202178,40,-0.3827627877538633,76666.67,True,True,False
96,-0.11338455885202178,135,-0.11587378406828205,150000.0,True,True,True
87,-0.11338455885202178,117,-0.5859623701053853,20833.33,True,True,True
43,-1.4239177461487142,108,-0.46525575252940654,54000.0,True,True,False
155,1.1971486284446706,105,1.4066066687744652,568333.33,True,True,True
53,-1.4239177461487142,40,-0.42886179748137276,64000.0,True,True,True
160,1.1971486284446706,50,1.4733289196958606,586666.67,True,True,True
78,-0.11338455885202178,146,-0.3888284469285356,75000.0,True,True,True
230,1.1971486284446706,105,2.407440432595395,843333.33,True,True,True
55,-1.4239177461487142,183,-0.43735372032591396,61666.67,True,True,True
120,-0.11338455885202178,135,0.7575811370845291,390000.0,True,True,False
78,-0.11338455885202178,163,-0.22505564921238347,120000.0,True,True,True
95,-0.11338455885202178,163,-0.12800510241762666,146666.67,True,True,True
170,1.1971486284446706,57,1.2064399160102792,513333.33,True,True,True
175,1.1971486284446706,150,2.0980918146871073,758333.33,True,True,True
115,1.1971486284446706,122,-0.11587378406828205,150000.0,True,True,True
113,-0.11338455885202178,122,-0.14013642076697128,143333.33,True,True,True
85,-0.11338455885202178,122,-0.2517445495809416,112666.67,True,True,True
140,1.1971486284446706,135,0.551348725145671,333333.33,True,True,True
90,-0.11338455885202178,135,0.12675258291860994,216666.67,True,True,True
63,-1.4239177461487142,122,-0.39489410610320785,73333.33,True,False,False
75,-0.11338455885202178,26,-0.27115465893989293,107333.33,True,True,True
130,1.1971486284446706,122,0.095211155210314,208000.0,True,True,True
91,-0.11338455885202178,122,-0.25538394508574497,111666.67,True,True,True
121,1.1971486284446706,119,-0.21898999003771116,121666.67,True,True,True
140,1.1971486284446706,135,1.2185712343596238,516666.67,True,True,True
126,-0.11338455885202178,40,0.005439399425163944,183333.33,True,True,True
450,-0.11338455885202178,2,-0.15226773911631586,140000.0,True,True,False
500,-0.11338455885202178,2,-0.18866169416434966,130000.0,True,True,False
110,-1.4239177461487142,118,0.13888390126795455,220000.0,True,True,True
145,1.1971486284446706,63,-0.09161114736959286,156666.67,True,True,True
81,-0.11338455885202178,152,-0.5635194311590979,27000.0,True,True,True
64,-0.11338455885202178,146,-0.39489410610320785,73333.33,True,True,True
112,-0.11338455885202178,146,-0.21535059453290778,122666.67,True,True,True
192,1.1971486284446706,93,0.8752549250731718,422333.33,True,True,True
164,1.1971486284446706,93,0.551348725145671,333333.33,True,True,True
135,1.1971486284446706,118,0.3208536765081236,270000.0,True,True,True
170,1.1971486284446706,89,0.4542981783509142,306666.67,True,True,True
130,1.1971486284446706,89,-0.030954555622869858,173333.33,True,True,True
84,-0.11338455885202178,156,-0.24931828591107266,113333.33,True,True,True
82,-0.11338455885202178,156,-0.23112130838705577,118333.33,True,True,True
265,1.1971486284446706,50,1.764480560080131,666666.67,True,True,True
60,-1.4239177461487142,163,-0.42522240197656935,65000.0,True,True,True
145,1.1971486284446706,118,1.2185712343596238,516666.67,True,True,True
65,-1.4239177461487142,163,-0.4191567428018971,66666.67,False,True,True
60,-1.4239177461487142,163,-0.38518905142373216,76000.0,True,True,False
70,-0.11338455885202178,163,-0.42522240197656935,65000.0,True,True,True
92,-0.11338455885202178,52,-0.18866169416434966,130000.0,True,True,True
98,-0.11338455885202178,118,0.28445972146008974,260000.0,True,True,True
62,-1.4239177461487142,163,-0.38518905142373216,76000.0,True,True,True
65,-1.4239177461487142,122,-0.3099748776577957,96666.67,True,True,True
90,-0.11338455885202178,112,-0.055217192321559055,166666.67,True,True,True
59,-0.11338455885202178,163,-0.4312880611512417,63333.33,True,True,True
60,-0.11338455885202178,163,-0.39489410610320785,73333.33,True,True,True
70,-0.11338455885202178,163,-0.3585001510551741,83333.33,True,True,True
60,-1.4239177461487142,163,-0.39489410610320785,73333.33,True,True,True
165,1.1971486284446706,118,0.612005316892394,350000.0,True,True,True
135,-0.11338455885202178,189,1.461197601346516,583333.33,True,True,True
65,-1.4239177461487142,163,-0.4191567428018971,66666.67,True,True,True
60,-1.4239177461487142,163,-0.3888284469285356,75000.0,True,True,True
86,-0.11338455885202178,163,-0.22505564921238347,120000.0,True,True,True
109,-0.11338455885202178,68,0.06609599117188694,200000.0,True,True,True
98,-0.11338455885202178,100,-0.31701104230041555,94733.33,True,True,False
80,-0.11338455885202178,26,-0.28328597728923754,104000.0,True,True,True
143,1.1971486284446706,57,0.4130516959631425,295333.33,True,True,True
95,-0.11338455885202178,135,-0.10980812489360976,151666.67,True,True,True
86,-0.11338455885202178,122,-0.21292433086303886,123333.33,True,True,True
160,1.1971486284446706,57,0.551348725145671,333333.33,True,True,True
200,1.1971486284446706,118,1.3495894725325455,552666.67,True,True,True
74,-1.4239177461487142,122,-0.2675152634350896,108333.33,True,True,True
350,1.1971486284446706,189,5.707159023617126,1750000.0,True,True,True
87,-0.11338455885202178,108,-0.23112130838705577,118333.33,True,True,True
82,-0.11338455885202178,183,-0.24325262673640036,115000.0,True,True,True
55,-1.4239177461487142,146,-0.3597132828901085,83000.0,True,True,True
148,1.1971486284446706,43,0.35724763155615735,280000.0,True,True,True
55,-1.4239177461487142,146,-0.41673047913202815,67333.33,True,False,True
100,-0.11338455885202178,163,-0.20079301251369427,126666.67,True,True,False
130,1.1971486284446706,26,-0.018823237273525258,176666.67,True,True,True
335,2.5076818157413627,135,3.402208537241652,1116666.67,True,True,True
320,2.5076818157413627,135,4.190744229949051,1333333.33,True,True,True
192,1.1971486284446706,135,1.703823968333408,650000.0,True,True,True
100,-0.11338455885202178,57,0.30872235815877896,266666.67,True,True,True
148,1.1971486284446706,135,1.1336520059142117,493333.33,True,True,True
145,-0.11338455885202178,150,1.1215206875648671,490000.0,True,True,True
192,2.5076818157413627,135,2.007106927067023,733333.33,True,True,True
235,1.1971486284446706,106,1.3338187586783976,548333.33,True,True,True
225,1.1971486284446706,68,1.2488995302329853,525000.0,True,True,True
221,2.5076818157413627,135,2.371046477547361,833333.33,True,True,True
312,2.5076818157413627,50,4.797310147416281,1500000.0,True,True,True
188,1.1971486284446706,112,1.4820634689073886,589066.67,True,True,True
170,-0.11338455885202178,50,0.8425003655299413,413333.33,True,True,True
198,1.1971486284446706,50,2.701018336649534,924000.0,True,True,True
80,-0.11338455885202178,106,-0.28571224095910647,103333.33,True,True,True
170,1.1971486284446706,105,1.606773421538651,623333.33,True,True,True
110,-0.11338455885202178,166,0.13888390126795455,220000.0,True,True,True
650,-0.11338455885202178,2,-0.030954555622869858,173333.33,True,True,False
200,1.1971486284446706,135,0.793975092132563,400000.0,True,True,True
101,1.1971486284446706,43,0.12675258291860994,216666.67,True,True,True
104,-0.11338455885202178,52,-0.19472735333902197,128333.33,True,True,True
70,-0.11338455885202178,108,-0.27358092260976186,106666.67,True,True,True
76,-0.11338455885202178,146,-0.3500082282106329,85666.67,True,True,False
110,-0.11338455885202178,52,-0.14013642076697128,143333.33,True,True,True
160,-0.11338455885202178,118,1.303490462805036,540000.0,True,True,True
179,1.1971486284446706,39,1.012338822420766,460000.0,True,True,True
256,1.1971486284446706,39,1.582510784839962,616666.67,True,True,True
90,-0.11338455885202178,52,-0.19472735333902197,128333.33,True,True,True
77,-0.11338455885202178,146,-0.3500082282106329,85666.67,True,True,True
96,-0.11338455885202178,118,0.017570717774508544,186666.67,True,True,True
75,-1.4239177461487142,26,-0.2675152634350896,108333.33,True,True,True
79,-0.11338455885202178,0,-0.2978435593084511,100000.0,True,True,True
67,-1.4239177461487142,135,-0.24931828591107266,113333.33,True,True,True
125,-0.11338455885202178,146,0.11462126456926534,213333.33,True,True,True
75,-0.11338455885202178,146,-0.4325011929861761,63000.0,True,True,False
91,-0.11338455885202178,135,-0.006691918924180656,180000.0,True,True,True
105,-0.11338455885202178,115,-0.48982167218682937,47250.0,True,True,True
66,-0.11338455885202178,111,-0.46950171395167717,52833.33,True,True,True
86,-0.11338455885202178,163,-0.26508899976522066,109000.0,True,True,True
72,-0.11338455885202178,108,-0.3730577330743876,79333.33,True,True,False
148,-0.11338455885202178,85,-0.11587378406828205,150000.0,True,False,True
84,-0.11338455885202178,135,-0.10374246571893746,153333.33,True,True,True
128,-0.11338455885202178,105,0.8910256389273198,426666.67,True,True,True
65,-1.4239177461487142,183,-0.18866169416434966,130000.0,True,True,True
140,1.1971486284446706,118,0.7697124554338738,393333.33,True,True,True
115,-0.11338455885202178,43,0.23593444806271135,246666.67,True,True,True
105,-0.11338455885202178,135,0.029702036123853144,190000.0,True,True,True
87,-0.11338455885202178,117,-0.5829295405180491,21666.67,True,True,True
60,-1.4239177461487142,119,-0.5556340742320238,29166.67,True,True,True
68,-1.4239177461487142,164,-0.3427294372010261,87666.67,True,True,True
103,-0.11338455885202178,67,0.4627901011954554,309000.0,True,True,True
55,-1.4239177461487142,183,-0.39489410610320785,73333.33,True,True,True
140,1.1971486284446706,122,0.27232840311074513,256666.67,True,True,True
257,2.5076818157413627,119,0.8970912981019921,428333.33,True,True,True
82,-0.11338455885202178,122,-0.17434673851212304,133933.33,True,True,True
167,1.1971486284446706,122,0.6348121953891618,356266.67,True,True,True
53,-1.4239177461487142,183,-0.4628294888595376,54666.67,False,True,False
51,-1.4239177461487142,183,-0.4737476753739478,51666.67,False,True,False
54,-1.4239177461487142,183,-0.4033860289477491,71000.0,True,True,False
82,-0.11338455885202178,142,-0.16439905746566047,136666.67,True,True,True
75,-0.11338455885202178,183,-0.32210619600714024,93333.33,True,True,True
98,-0.11338455885202178,183,-0.11344752039841315,150666.67,True,True,True
70,-1.4239177461487142,105,0.017570717774508544,186666.67,True,True,True
64,-1.4239177461487142,42,-0.21292433086303886,123333.33,True,True,True
85,-0.11338455885202178,74,-0.40702542445255246,70000.0,True,True,True
48,-1.4239177461487142,116,-0.542896189965212,32666.67,False,True,False
246,1.1971486284446706,43,2.067763518813746,750000.0,True,True,True
168,1.1971486284446706,57,1.036601459119455,466666.67,True,True,True
280,2.5076818157413627,135,4.008774454708882,1283333.33,True,True,True
84,-0.11338455885202178,117,-0.5792901450132458,22666.67,True,True,True
108,-0.11338455885202178,61,-0.03338081929273878,172666.67,True,True,True
62,-1.4239177461487142,146,-0.3487950963756984,86000.0,True,True,True
70,-0.11338455885202178,163,-0.25295768141587605,112333.33,True,True,True
135,1.1971486284446706,0,0.12432631924874103,216000.0,True,True,True
108,-0.11338455885202178,50,0.09035862787057615,206666.67,True,True,True
91,-0.11338455885202178,43,-0.03338081929273878,172666.67,True,True,True
120,-0.11338455885202178,57,0.41790422330288035,296666.67,True,True,True
112,-0.11338455885202178,57,0.24806576641205597,250000.0,True,True,False
69,-0.11338455885202178,120,-0.4434193795005863,60000.0,True,True,True
400,3.8182150030380555,87,9.649837487154123,2833333.33,True,True,False
660,3.8182150030380555,87,6.010441982350741,1833333.33,True,True,False
66,-1.4239177461487142,120,-0.43735372032591396,61666.67,True,False,True
80,-0.11338455885202178,111,-0.4009597652778802,71666.67,True,True,True
44,-1.4239177461487142,120,-0.5550275083145566,29333.33,True,True,False
180,1.1971486284446706,40,0.4737082877098655,312000.0,True,True,True
164,1.1971486284446706,40,0.5319386157867196,328000.0,True,True,True
213,1.1971486284446706,40,1.0953170399302827,482800.0,True,True,True
100,-0.11338455885202178,146,-0.24931828591107266,113333.33,True,True,True
300,1.1971486284446706,105,6.071098574097464,1850000.0,True,True,True
126,1.1971486284446706,111,-0.2978435593084511,100000.0,True,True,True
85,-0.11338455885202178,91,-0.3585001510551741,83333.33,True,True,True
57,-1.4239177461487142,116,-0.5077153667521127,42333.33,False,True,True
61,-1.4239177461487142,146,-0.4203698746368315,66333.33,False,True,False
79,-0.11338455885202178,74,-0.4413570553811977,60566.67,True,True,True
68,-1.4239177461487142,120,-0.36456581022984635,81666.67,True,True,True
105,-0.11338455885202178,117,-0.5404699262953431,33333.33,True,True,True
105,-0.11338455885202178,135,0.27232840311074513,256666.67,True,True,True
160,-0.11338455885202178,117,-0.4276486656464383,64333.33,True,True,True
100,-0.11338455885202178,117,-0.5908148974451232,19500.0,True,True,True
125,1.1971486284446706,135,0.854631683879286,416666.67,True,True,True
94,-0.11338455885202178,117,-0.5416830581302775,33000.0,True,False,True
80,-0.11338455885202178,108,-0.39489410610320785,73333.33,False,True,False
75,-0.11338455885202178,116,-0.3827627877538633,76666.67,True,False,True
99,1.1971486284446706,106,-0.15348087095125032,139666.67,True,True,True
90,-0.11338455885202178,146,-0.1645203706491539,136633.33,True,True,True
129,1.1971486284446706,146,-0.11587378406828205,150000.0,True,True,True
245,1.1971486284446706,14,3.76614808772199,1216666.67,True,True,True
102,-0.11338455885202178,116,-0.4155173472970937,67666.67,True,True,False
141,1.1971486284446706,113,-0.5131744600093178,40833.33,True,True,True
96,-0.11338455885202178,146,-0.19594048517395643,128000.0,True,True,True
155,1.1971486284446706,68,0.3815102682548466,286666.67,True,True,True
300,1.1971486284446706,50,6.071098574097464,1850000.0,True,True,True
87,-0.11338455885202178,57,0.09812267161415669,208800.0,True,True,True
105,-0.11338455885202178,57,0.09035862787057615,206666.67,True,True,True
61,-1.4239177461487142,156,-0.43735372032591396,61666.67,True,True,True
88,-0.11338455885202178,40,-0.21292433086303886,123333.33,True,True,True
101,-0.11338455885202178,183,-0.21292433086303886,123333.33,True,True,True
130,-0.11338455885202178,162,-0.2675152634350896,108333.33,True,True,True
150,1.1971486284446706,78,0.28445972146008974,260000.0,True,True,True
144,-0.11338455885202178,127,0.13888390126795455,220000.0,True,True,True
91,-0.11338455885202178,163,-0.11587378406828205,150000.0,True,True,True
68,-0.11338455885202178,183,-0.39489410610320785,73333.33,True,True,True
133,1.1971486284446706,134,-0.3876153150936011,75333.33,True,True,True
71,-0.11338455885202178,160,-0.46367868114399174,54433.33,True,True,True
64,-1.4239177461487142,117,-0.5792901450132458,22666.67,True,True,True
132,-0.11338455885202178,134,-0.38955632602949625,74800.0,True,True,True
95,-0.11338455885202178,0,0.017570717774508544,186666.67,True,True,True
95,-0.11338455885202178,0,-0.11587378406828205,150000.0,True,True,True
102,-0.11338455885202178,0,-0.030954555622869858,173333.33,True,True,True
120,-0.11338455885202178,0,0.09642428704524844,208333.33,True,True,True
117,1.1971486284446706,40,-0.10374246571893746,153333.33,True,True,True
55,-1.4239177461487142,79,-0.4713214117040789,52333.33,True,True,True
60,-1.4239177461487142,107,-0.6259957206582225,9833.33,True,True,True
85,-0.11338455885202178,74,-0.4312880611512417,63333.33,True,True,True
80,-0.11338455885202178,74,-0.4494850386752586,58333.33,False,True,True
54,-1.4239177461487142,74,-0.4798133345486201,50000.0,True,True,True
57,-1.4239177461487142,52,-0.4337143248211106,62666.67,True,True,True
101,-0.11338455885202178,120,-0.2820728454543031,104333.33,True,False,True
65,-0.11338455885202178,52,-0.4240092701416349,65333.33,True,True,False
91,-0.11338455885202178,122,-0.2699415271049585,107666.67,True,True,True
105,-0.11338455885202178,117,-0.5780770131783114,23000.0,True,True,True
86,-0.11338455885202178,26,-0.23961323123159697,116000.0,True,True,True
200,1.1971486284446706,50,3.584178312481821,1166666.67,True,True,True
87,-0.11338455885202178,117,-0.5695850903337701,25333.33,True,True,True
103,-0.11338455885202178,156,-0.23112130838705577,118333.33,True,True,True
81,-0.11338455885202178,41,-0.3109817770807913,96390.0,True,True,True
73,-0.11338455885202178,52,-0.34636883270582947,86666.67,True,True,True
90,-0.11338455885202178,107,-0.6065856112992711,15166.67,True,True,True
134,1.1971486284446706,13,-0.46768201619927546,53333.33,True,True,True
51,-1.4239177461487142,156,-0.41673047913202815,67333.33,True,True,False
108,-0.11338455885202178,117,-0.5040759712473093,43333.33,True,True,False
86,-0.11338455885202178,117,-0.587782067857787,20333.33,True,True,True
110,-0.11338455885202178,117,-0.43492745665604504,62333.33,True,True,False
88,-0.11338455885202178,117,-0.572011354003639,24666.67,True,True,True
85,-0.11338455885202178,117,-0.5671588266639012,26000.0,True,True,True
100,-0.11338455885202178,120,-0.2978435593084511,100000.0,True,True,True
87,-0.11338455885202178,117,-0.5750441835909752,23833.33,True,True,True
191,1.1971486284446706,50,1.5394446046997885,604833.33,True,True,True
91,-0.11338455885202178,141,-0.4078746167370066,69766.67,True,True,True
282,1.1971486284446706,50,3.7855581970809413,1222000.0,True,True,True
282,-0.11338455885202178,105,2.977612395014591,1000000.0,True,True,True
210,1.1971486284446706,50,2.1405514289098133,770000.0,True,True,True
170,-0.11338455885202178,86,0.2043930203544154,238000.0,True,True,True
89,-0.11338455885202178,99,-0.4134550231777051,68233.33,True,True,True
64,-0.11338455885202178,135,-0.27358092260976186,106666.67,True,True,True
89,-0.11338455885202178,108,-0.28571224095910647,103333.33,True,True,True
135,1.1971486284446706,189,0.7697124554338738,393333.33,True,True,True
75,-0.11338455885202178,6,-0.4616163570246032,55000.0,False,False,False
105,-0.11338455885202178,6,-0.17774350764993951,133000.0,True,True,True
111,-0.11338455885202178,135,0.16314653796664375,226666.67,True,True,True
133,1.1971486284446706,161,0.24175748087039675,248266.67,True,True,True
65,-1.4239177461487142,135,-0.2675152634350896,108333.33,True,True,False
65,-1.4239177461487142,88,-0.3403031735311572,88333.33,False,True,True
112,-0.11338455885202178,57,0.3329849948574682,273333.33,True,True,True
147,1.1971486284446706,43,0.35724763155615735,280000.0,True,True,True
150,1.1971486284446706,135,0.793975092132563,400000.0,True,True,True
67,-1.4239177461487142,163,-0.24325262673640036,115000.0,True,True,True
220,1.1971486284446706,43,1.1579146426129008,500000.0,True,True,True
66,-0.11338455885202178,100,-0.3572870192202396,83666.67,True,True,True
75,-0.11338455885202178,146,-0.4337143248211106,62666.67,True,True,False
180,1.1971486284446706,14,0.8667630022286306,420000.0,True,True,True
103,-0.11338455885202178,135,-0.030954555622869858,173333.33,True,True,True
68,-1.4239177461487142,183,-0.22869504471718685,119000.0,True,True,True
115,-0.11338455885202178,118,0.672661908639117,366666.67,True,True,True
115,-0.11338455885202178,13,-0.4312880611512417,63333.33,True,True,True
150,1.1971486284446706,100,0.35724763155615735,280000.0,True,True,True
78,-0.11338455885202178,125,-0.4191567428018971,66666.67,True,True,True
100,-0.11338455885202178,119,-0.5404699262953431,33333.33,True,True,True
58,-1.4239177461487142,122,-0.3403031735311572,88333.33,True,True,True
90,-0.11338455885202178,122,-0.15226773911631586,140000.0,True,True,True
235,1.1971486284446706,57,2.249733294053915,800000.0,True,True,True
48,-1.4239177461487142,122,-0.3888284469285356,75000.0,True,True,True
70,-0.11338455885202178,122,-0.32210619600714024,93333.33,True,True,True
86,-0.11338455885202178,122,-0.15226773911631586,140000.0,True,True,True
88,-0.11338455885202178,26,-0.22505564921238347,120000.0,True,True,True
145,1.1971486284446706,123,0.915288275626009,433333.33,True,True,True
64,-0.11338455885202178,74,-0.4798133345486201,50000.0,True,True,False
135,1.1971486284446706,135,0.7302856707985038,382500.0,True,True,True
50,-1.4239177461487142,120,-0.5089284985870471,42000.0,False,True,False
87,-0.11338455885202178,117,-0.5962739907023282,18000.0,True,True,True
84,-0.11338455885202178,117,-0.5950608588673938,18333.33,True,True,True
300,2.5076818157413627,189,4.433370596935943,1400000.0,True,True,True
137,1.1971486284446706,189,0.551348725145671,333333.33,True,True,True
105,-0.11338455885202178,179,0.49069213339894796,316666.67,True,True,True
145,-0.11338455885202178,189,0.672661908639117,366666.67,True,True,True
170,-0.11338455885202178,189,3.220238762001483,1066666.67,True,True,True
157,1.1971486284446706,189,1.1336520059142117,493333.33,True,True,True
170,1.1971486284446706,189,1.643167376586685,633333.33,True,True,True
283,1.1971486284446706,189,2.941218439966557,990000.0,True,True,True
84,-0.11338455885202178,117,-0.5962739907023282,18000.0,True,True,True
" 3,310,000,000 ",-0.11338455885202178,111,-0.2602364724254828,110333.33,True,True,True
80,-0.11338455885202178,108,-0.2675152634350896,108333.33,True,True,False
863,-0.11338455885202178,57,0.28809911696489315,261000.0,True,True,True
125,-0.11338455885202178,77,0.3936415866041912,290000.0,True,True,True
65,-0.11338455885202178,122,-0.37669712857919097,78333.33,True,True,True
105,-0.11338455885202178,163,-0.018823237273525258,176666.67,True,True,True
170,1.1971486284446706,50,1.606773421538651,623333.33,True,True,True
230,1.1971486284446706,43,1.6795613316347187,643333.33,True,True,True
200,1.1971486284446706,118,2.007106927067023,733333.33,True,True,True
150,1.1971486284446706,118,0.915288275626009,433333.33,True,True,True
93,-0.11338455885202178,26,-0.09767680654426517,155000.0,True,True,True
110,-0.11338455885202178,26,-0.11587378406828205,150000.0,True,True,True
415,3.8182150030380555,105,5.883063139682623,1798333.33,True,True,True
95,-0.11338455885202178,135,0.029702036123853144,190000.0,True,True,True
128,1.1971486284446706,43,0.4251830143124871,298666.67,True,True,True
140,-0.11338455885202178,135,0.35724763155615735,280000.0,True,True,True
86,-0.11338455885202178,163,-0.27358092260976186,106666.67,True,True,True
70,-0.11338455885202178,135,-0.18866169416434966,130000.0,True,True,True
173,1.1971486284446706,40,0.49251183115134967,317166.67,True,True,True
72,-0.11338455885202178,163,-0.2796465817844342,105000.0,True,True,True
73,-0.11338455885202178,135,-0.18866169416434966,130000.0,True,True,True
75,-1.4239177461487142,26,-0.27358092260976186,106666.67,True,True,True
67,-0.11338455885202178,183,-0.39489410610320785,73333.33,True,True,True
68,-0.11338455885202178,40,-0.33423751435648485,90000.0,True,True,True
88,-0.11338455885202178,117,-0.4312880611512417,63333.33,True,True,True
111,-0.11338455885202178,135,0.02497082196760875,188700.0,True,True,True
98,-0.11338455885202178,183,-0.20685867168836655,125000.0,True,True,False
62,-0.11338455885202178,183,-0.3281718551818126,91666.67,True,True,True
80,-0.11338455885202178,26,-0.14741521177657801,141333.33,True,True,True
200,2.5076818157413627,135,1.1579146426129008,500000.0,True,True,True
210,2.5076818157413627,135,1.2185712343596238,516666.67,True,True,True
162,1.1971486284446706,150,0.8121720696565798,405000.0,True,True,True
150,1.1971486284446706,43,0.793975092132563,400000.0,True,True,True
82,-0.11338455885202178,117,-0.5283386079459985,36666.67,True,True,True
130,1.1971486284446706,118,0.6847932269884616,370000.0,True,True,True
76,-0.11338455885202178,135,-0.17653037581500505,133333.33,True,True,True
96,-0.11338455885202178,150,-0.07947982902024826,160000.0,True,True,True
135,1.1971486284446706,135,0.3936415866041912,290000.0,True,False,True
165,1.1971486284446706,150,1.1336520059142117,493333.33,True,True,True
120,-0.11338455885202178,152,-0.5344042671206708,35000.0,True,True,True
160,-0.11338455885202178,117,-0.4191567428018971,66666.67,True,True,True
150,1.1971486284446706,57,0.43003554165222496,300000.0,True,True,True
51,-1.4239177461487142,120,-0.5040759712473093,43333.33,False,True,True
75,-1.4239177461487142,43,-0.18866169416434966,130000.0,True,True,True
180,1.1971486284446706,40,0.5392174067963263,330000.0,True,True,True
93,-0.11338455885202178,152,-0.51850010876468,39370.0,True,True,True
84,-0.11338455885202178,152,-0.5221758982245315,38360.0,True,True,True
92,-0.11338455885202178,152,-0.5390141680934217,33733.33,False,True,True
105,-0.11338455885202178,152,-0.4961906143202353,45500.0,True,True,True
67,-0.11338455885202178,26,-0.3706314694045187,80000.0,True,True,False
100,-0.11338455885202178,43,0.005439399425163944,183333.33,True,True,True
170,1.1971486284446706,118,0.6483992719404278,360000.0,True,True,True
162,1.1971486284446706,118,0.2601970847614006,253333.33,True,True,True
43,-1.4239177461487142,156,-0.4094516881224214,69333.33,True,True,True
150,1.1971486284446706,57,0.854631683879286,416666.67,True,True,True
245,1.1971486284446706,50,2.013172586241695,735000.0,True,True,True
93,-0.11338455885202178,108,-0.15954653012592263,138000.0,True,True,True
60,-1.4239177461487142,119,-0.6259957206582225,9833.33,True,True,True
128,1.1971486284446706,57,0.46642949670025874,310000.0,True,True,True
87,-0.11338455885202178,117,-0.5653391289114995,26500.0,True,True,True
100,-0.11338455885202178,68,0.005439399425163944,183333.33,True,True,True
124,-0.11338455885202178,68,0.19226170200507078,234666.67,True,True,True
156,1.1971486284446706,0,0.47856081504960335,313333.33,True,True,True
171,1.1971486284446706,57,1.036601459119455,466666.67,True,True,True
58,-0.11338455885202178,26,-0.4094516881224214,69333.33,True,True,False
88,-0.11338455885202178,12,-0.4162452263980544,67466.67,True,True,True
190,1.1971486284446706,105,2.334652522499327,823333.33,True,True,True
61,-1.4239177461487142,26,-0.3973203697730768,72666.67,True,True,False
165,1.1971486284446706,105,1.424803646298482,573333.33,True,True,True
235,1.1971486284446706,57,2.55301625278753,883333.33,True,True,True
87,-0.11338455885202178,117,-0.5805032768481803,22333.33,True,True,True
121,1.1971486284446706,117,-0.5853558041879181,21000.0,True,True,True
105,-0.11338455885202178,117,-0.5459290195525481,31833.33,True,True,True
100,1.1971486284446706,117,-0.6011265180420661,16666.67,True,True,True
105,-0.11338455885202178,117,-0.542896189965212,32666.67,True,True,True
69,-0.11338455885202178,146,-0.4130910836272248,68333.33,True,True,True
115,-0.11338455885202178,150,0.915288275626009,433333.33,True,True,True
157,1.1971486284446706,150,1.582510784839962,616666.67,True,True,True
145,1.1971486284446706,68,0.25303960693528726,251366.67,True,True,True
160,1.1971486284446706,179,0.6362679535910831,356666.67,True,True,True
261,2.5076818157413627,189,2.492359661040807,866666.67,True,True,True
145,1.1971486284446706,189,0.672661908639117,366666.67,True,True,True
51,-1.4239177461487142,120,-0.5071088008346454,42500.0,False,True,True
87,-0.11338455885202178,117,-0.6023396498770005,16333.33,True,True,True
116,-0.11338455885202178,36,-0.13407076159229897,145000.0,True,True,True
95,-0.11338455885202178,74,-0.38518905142373216,76000.0,True,True,True
75,-0.11338455885202178,74,-0.3888284469285356,75000.0,True,True,True
86,-0.11338455885202178,84,-0.4218256328387529,65933.33,True,True,True
95,-0.11338455885202178,122,-0.15226773911631586,140000.0,True,True,True
85,-0.11338455885202178,192,-0.42461583605910214,65166.67,True,True,True
88,-0.11338455885202178,176,-0.4162452263980544,67466.67,True,True,True
93,-0.11338455885202178,10,-0.4022942102963081,71300.0,True,True,True
70,-0.11338455885202178,12,-0.4640426206944721,54333.33,True,True,True
140,1.1971486284446706,135,0.5270860884469818,326666.67,True,True,True
81,-0.11338455885202178,26,-0.17653037581500505,133333.33,True,True,True
45,-1.4239177461487142,111,-0.5162072895966539,40000.0,False,False,False
58,-1.4239177461487142,122,-0.4312880611512417,63333.33,True,True,False
140,1.1971486284446706,36,-0.12800510241762666,146666.67,True,True,True
100,-0.11338455885202178,86,-0.2274819128822524,119333.33,True,True,True
96,-0.11338455885202178,18,-0.20685867168836655,125000.0,True,True,True
79,-0.11338455885202178,40,-0.31604053683246797,95000.0,True,True,True
125,1.1971486284446706,119,-0.20685867168836655,125000.0,True,True,True
75,-0.11338455885202178,108,-0.29177790013377874,101666.67,True,True,True
145,-0.11338455885202178,18,-0.11587378406828205,150000.0,True,True,True
102,-0.11338455885202178,127,-0.11344752039841315,150666.67,True,True,False
115,-0.11338455885202178,191,-0.13407076159229897,145000.0,True,True,True
140,1.1971486284446706,119,0.36937894990550196,283333.33,True,True,True
66,-1.4239177461487142,122,-0.26144960426041725,110000.0,True,True,True
161,1.1971486284446706,119,0.3511819723814851,278333.33,True,True,True
102,-0.11338455885202178,119,-0.11587378406828205,150000.0,True,True,True
145,2.5076818157413627,119,-0.04308587397221446,170000.0,True,True,True
95,-0.11338455885202178,146,-0.30148295481325443,99000.0,True,True,True
78,-0.11338455885202178,115,-0.6059790453818039,15333.33,True,True,True
90,-0.11338455885202178,40,-0.2796465817844342,105000.0,True,True,True
66,-1.4239177461487142,111,-0.529551739780933,36333.33,True,True,False
48,-1.4239177461487142,74,-0.5635194311590979,27000.0,True,True,True
85,-0.11338455885202178,156,-0.27358092260976186,106666.67,True,True,True
63,-1.4239177461487142,141,-0.4191567428018971,66666.67,True,True,True
105,-0.11338455885202178,36,-0.5362239648730724,34500.0,True,True,True
55,-1.4239177461487142,84,-0.529551739780933,36333.33,True,True,False
103,-0.11338455885202178,107,-0.5362239648730724,34500.0,True,True,True
155,1.1971486284446706,150,0.551348725145671,333333.33,True,True,True
101,-0.11338455885202178,162,-0.5362239648730724,34500.0,True,True,True
106,-0.11338455885202178,71,-0.5107481963394488,41500.0,True,True,False
100,-0.11338455885202178,119,-0.5362239648730724,34500.0,True,True,True
77,-0.11338455885202178,156,-0.3403031735311572,88333.33,True,True,True
66,-0.11338455885202178,26,-0.33423751435648485,90000.0,True,True,True
105,1.1971486284446706,146,-0.22505564921238347,120000.0,True,True,True
117,-0.11338455885202178,192,0.12675258291860994,216666.67,True,True,True
118,-0.11338455885202178,156,-0.18866169416434966,130000.0,True,True,True
151,1.1971486284446706,152,-0.47860020271368564,50333.33,True,True,True
" 16,160,000,000 ",1.1971486284446706,118,1.2986379354652982,538666.67,True,True,True
86,-0.11338455885202178,117,-0.6011265180420661,16666.67,True,True,True
85,-0.11338455885202178,117,-0.5889951996927215,20000.0,True,True,True
86,-0.11338455885202178,117,-0.5707982221687046,25000.0,True,True,True
86,-0.11338455885202178,117,-0.5889951996927215,20000.0,True,True,True
75,-0.11338455885202178,26,-0.26144960426041725,110000.0,True,True,True
200,1.1971486284446706,50,1.764480560080131,666666.67,True,True,True
46,-1.4239177461487142,13,-0.6071921772167383,15000.0,True,True,False
98,-0.11338455885202178,117,-0.5926345951975248,19000.0,True,True,True
90,-0.11338455885202178,189,0.15101521961729916,223333.33,True,True,True
70,-0.11338455885202178,163,-0.30390921848312336,98333.33,True,True,True
40,-1.4239177461487142,13,-0.619323495566083,11666.67,True,True,True
58,-1.4239177461487142,106,-0.3281718551818126,91666.67,True,True,True
90,-0.11338455885202178,11,-0.10495559755387192,153000.0,True,True,True
78,-0.11338455885202178,40,-0.26144960426041725,110000.0,True,True,True
200,1.1971486284446706,105,1.764480560080131,666666.67,True,True,True
82,-0.11338455885202178,39,-0.15226773911631586,140000.0,True,True,True
115,1.1971486284446706,57,0.24624606865965426,249500.0,True,True,True
125,-0.11338455885202178,37,0.7029902045124785,375000.0,True,True,True
107,-0.11338455885202178,118,0.4542981783509142,306666.67,True,True,True
55,-1.4239177461487142,79,-0.55866690381936,28333.33,False,True,False
50,-1.4239177461487142,141,-0.4798133345486201,50000.0,True,True,True
75,-0.11338455885202178,117,-0.6545043187791824,2000.0,True,True,True
420,3.8182150030380555,13,0.672661908639117,366666.67,True,True,False
225,2.5076818157413627,13,0.005439399425163944,183333.33,True,True,False
230,1.1971486284446706,68,1.012338822420766,460000.0,True,True,True
147,1.1971486284446706,44,0.73331850038584,383333.33,True,True,True
97,-0.11338455885202178,117,-0.5526012446446876,30000.0,True,True,True
145,1.1971486284446706,37,0.8303690471805968,410000.0,True,True,True
50,-1.4239177461487142,100,-0.4494850386752586,58333.33,True,True,False
117,-0.11338455885202178,68,0.07822730952123155,203333.33,True,True,True
72,-1.4239177461487142,13,-0.5732244858385735,24333.33,True,True,False
161,1.1971486284446706,39,0.915288275626009,433333.33,True,True,True
400,3.8182150030380555,43,1.582510784839962,616666.67,True,True,True
230,1.1971486284446706,50,2.128420110560469,766666.67,True,True,True
170,1.1971486284446706,68,0.30265669898410663,265000.0,True,True,True
58,-1.4239177461487142,183,-0.4130910836272248,68333.33,True,True,True
57,-1.4239177461487142,156,-0.42522240197656935,65000.0,True,True,True
115,1.1971486284446706,50,0.3208536765081236,270000.0,True,True,True
50,-1.4239177461487142,120,-0.5162072895966539,40000.0,True,True,True
84,-0.11338455885202178,115,-0.55866690381936,28333.33,True,True,False
78,-0.11338455885202178,152,-0.5914214633625904,19333.33,False,True,False
64,-0.11338455885202178,13,-0.5453224536350809,32000.0,True,True,False
113,-0.11338455885202178,122,0.12675258291860994,216666.67,True,True,True
175,1.1971486284446706,68,0.4846264742242757,315000.0,True,True,True
111,-0.11338455885202178,68,0.07216165034655925,201666.67,True,True,True
128,1.1971486284446706,68,0.12675258291860994,216666.67,True,True,True
200,2.5076818157413627,57,1.036601459119455,466666.67,True,True,True
131,-0.11338455885202178,135,0.30629609448891004,266000.0,True,True,True
105,1.1971486284446706,68,0.06609599117188694,200000.0,True,True,True
61,-0.11338455885202178,141,-0.5283386079459985,36666.67,True,True,False
140,1.1971486284446706,112,0.10248994621992075,210000.0,True,True,True
185,1.1971486284446706,190,0.43003554165222496,300000.0,True,True,True
122,-0.11338455885202178,135,0.29659103980943435,263333.33,True,True,True
69,-0.11338455885202178,97,-0.2013995784311615,126500.0,True,True,True
95,-0.11338455885202178,122,0.15101521961729916,223333.33,True,True,True
90,-0.11338455885202178,1,-0.17653037581500505,133333.33,True,True,True
57,-1.4239177461487142,111,-0.46768201619927546,53333.33,True,True,True
400,1.1971486284446706,11,-0.4191567428018971,66666.67,True,True,False
81,-0.11338455885202178,13,-0.527161870066112,36990.0,True,True,False
94,-0.11338455885202178,13,-0.5101416304219816,41666.67,True,True,True
134,-0.11338455885202178,76,-0.4667115107313279,53600.0,True,True,True
74,-0.11338455885202178,115,-0.6235694569883536,10500.0,False,False,True
44,-1.4239177461487142,13,-0.5908148974451232,19500.0,True,True,False
100,-0.11338455885202178,125,-0.2675152634350896,108333.33,True,True,True
175,1.1971486284446706,150,0.46642949670025874,310000.0,True,True,True
54,-0.11338455885202178,156,-0.43735372032591396,61666.67,True,True,False
96,-0.11338455885202178,12,-0.3936809742682734,73666.67,True,True,True
90,-0.11338455885202178,79,-0.3706314694045187,80000.0,True,True,True
90,-0.11338455885202178,156,-0.27722031811456527,105666.67,True,True,True
68,-0.11338455885202178,79,-0.5283386079459985,36666.67,False,False,False
90,-0.11338455885202178,156,-0.27358092260976186,106666.67,True,True,True
97,-0.11338455885202178,122,-0.09161114736959286,156666.67,True,True,True
78,-0.11338455885202178,122,-0.3305981188516815,91000.0,True,True,False
125,1.1971486284446706,156,0.011505058599836245,185000.0,True,True,True
97,-0.11338455885202178,50,0.06003033199721464,198333.33,True,True,True
100,-0.11338455885202178,50,0.09035862787057615,206666.67,True,True,True
63,-0.11338455885202178,52,-0.40702542445255246,70000.0,True,True,True
57,-1.4239177461487142,122,-0.4191567428018971,66666.67,True,True,True
80,-0.11338455885202178,131,-0.4931577847328991,46333.33,True,True,True
88,-0.11338455885202178,131,-0.47083615897010506,52466.67,True,True,True
94,-0.11338455885202178,131,-0.4540949396480095,57066.67,True,True,True
109,1.1971486284446706,52,-0.14862834361151248,141000.0,True,True,True
78,-0.11338455885202178,68,-0.26144960426041725,110000.0,True,True,True
250,1.1971486284446706,105,3.280895353748206,1083333.33,True,True,True
140,1.1971486284446706,68,0.16314653796664375,226666.67,True,True,True
100,-0.11338455885202178,117,-0.6011265180420661,16666.67,True,True,True
95,-0.11338455885202178,146,-0.2796465817844342,105000.0,True,True,True
85,-0.11338455885202178,115,-0.5222729487713261,38333.33,True,True,True
83,-0.11338455885202178,41,-0.3494016622931656,85833.33,True,True,True
100,-0.11338455885202178,118,0.005439399425163944,183333.33,True,True,True
60,-0.11338455885202178,118,-0.24325262673640036,115000.0,True,True,True
82,-0.11338455885202178,100,-0.29177790013377874,101666.67,True,True,True
150,1.1971486284446706,24,-0.32210619600714024,93333.33,True,True,True
49,-1.4239177461487142,71,-0.6059790453818039,15333.33,True,True,False
216,2.5076818157413627,13,0.029702036123853144,190000.0,True,True,False
" 1,000 ",-0.11338455885202178,31,0.18740917466533294,233333.33,True,True,False
77,-0.11338455885202178,115,-0.6084053090516729,14666.67,False,False,False
63,-1.4239177461487142,146,-0.4094516881224214,69333.33,True,True,True
125,1.1971486284446706,115,-0.5040759712473093,43333.33,True,True,False
45,-1.4239177461487142,40,-0.4312880611512417,63333.33,True,True,True
135,1.1971486284446706,123,0.24806576641205597,250000.0,True,True,True
80,-0.11338455885202178,123,-0.09161114736959286,156666.67,True,False,True
155,1.1971486284446706,57,0.5270860884469818,326666.67,True,True,True
125,1.1971486284446706,122,0.10248994621992075,210000.0,True,True,True
95,-0.11338455885202178,123,0.09642428704524844,208333.33,True,True,True
85,-0.11338455885202178,123,-0.11587378406828205,150000.0,True,True,True
110,-0.11338455885202178,123,0.3208536765081236,270000.0,True,True,True
680,3.8182150030380555,43,9.237372663276405,2720000.0,True,True,False
63,-1.4239177461487142,146,-0.37669712857919097,78333.33,True,True,True
60,-1.4239177461487142,135,-0.22505564921238347,120000.0,True,True,True
210,1.1971486284446706,57,1.036601459119455,466666.67,True,True,True
145,1.1971486284446706,57,0.7454498187351846,386666.67,True,True,True
171,1.1971486284446706,75,0.41790422330288035,296666.67,True,True,True
55,-1.4239177461487142,40,-0.4397799839957829,61000.0,True,True,True
140,1.1971486284446706,75,0.27232840311074513,256666.67,True,True,True
147,1.1971486284446706,75,0.3936415866041912,290000.0,True,True,True
83,-0.11338455885202178,146,-0.3706314694045187,80000.0,True,True,True
105,-0.11338455885202178,117,-0.5994281334731578,17133.33,True,True,True
55,-1.4239177461487142,40,-0.4191567428018971,66666.67,True,True,True
750,3.8182150030380555,90,8.436705652219661,2500000.0,True,True,True
62,-0.11338455885202178,122,-0.40702542445255246,70000.0,True,True,True
55,-1.4239177461487142,119,-0.4312880611512417,63333.33,True,True,True
75,-0.11338455885202178,183,-0.42522240197656935,65000.0,True,True,False
95,-0.11338455885202178,183,-0.15226773911631586,140000.0,True,True,True
89,-0.11338455885202178,26,-0.22262938554251455,120666.67,True,True,True
202,1.1971486284446706,6,0.24491162364122637,249133.33,True,True,True
51,-1.4239177461487142,163,-0.45312443418006193,57333.33,True,True,False
400,-1.4239177461487142,145,-0.2978435593084511,100000.0,True,False,False
145,1.1971486284446706,122,0.2601970847614006,253333.33,True,True,True
115,1.1971486284446706,122,-0.055217192321559055,166666.67,True,True,True
130,1.1971486284446706,150,0.3633132907308297,281666.67,True,True,True
62,-1.4239177461487142,125,-0.5465355854700154,31666.67,False,True,False
94,-0.11338455885202178,146,-0.2784334499494997,105333.33,True,True,True
87,-0.11338455885202178,117,-0.5737097385725473,24200.0,True,True,True
51,-0.11338455885202178,84,-0.5344042671206708,35000.0,False,True,True
95,-0.11338455885202178,146,-0.31361427316259904,95666.67,True,True,True
80,-0.11338455885202178,74,-0.4009597652778802,71666.67,True,True,True
145,1.1971486284446706,122,-0.14013642076697128,143333.33,True,True,True
155,1.1971486284446706,150,0.46642949670025874,310000.0,True,True,True
88,-0.11338455885202178,42,-0.18380916682461182,131333.33,True,True,True
175,1.1971486284446706,57,1.1852101088989262,507500.0,True,True,True
94,-0.11338455885202178,156,-0.09161114736959286,156666.67,True,True,True
89,-0.11338455885202178,43,-0.26144960426041725,110000.0,True,True,True
62,-0.11338455885202178,118,-0.24931828591107266,113333.33,True,True,False
136,1.1971486284446706,122,0.25413142558672824,251666.67,True,True,True
60,-1.4239177461487142,52,-0.36456581022984635,81666.67,True,True,True
120,1.1971486284446706,163,-0.055217192321559055,166666.67,True,True,True
137,1.1971486284446706,113,-0.4494850386752586,58333.33,True,True,True
160,1.1971486284446706,150,0.854631683879286,416666.67,True,True,True
110,-0.11338455885202178,135,0.40577290495353574,293333.33,True,True,True
71,-0.11338455885202178,13,-0.5477487173049499,31333.33,True,True,False
80,-0.11338455885202178,13,-0.527125476111064,37000.0,True,True,False
84,1.1971486284446706,13,-0.46889514803420995,53000.0,True,True,True
77,-0.11338455885202178,57,0.010777179498875569,184800.0,True,True,True
74,-0.11338455885202178,156,-0.16439905746566047,136666.67,True,True,True
130,1.1971486284446706,146,-0.006691918924180656,180000.0,True,True,True
70,-0.11338455885202178,163,-0.3706314694045187,80000.0,True,True,True
75,-0.11338455885202178,115,-0.6145922814098386,12966.67,False,True,True
83,-0.11338455885202178,118,-0.055217192321559055,166666.67,True,False,True
65,-1.4239177461487142,26,-0.23718696756172808,116666.67,True,True,True
62,-1.4239177461487142,125,-0.5283386079459985,36666.67,False,True,False
140,1.1971486284446706,162,-0.48175434548451523,49466.67,True,True,True
235,1.1971486284446706,57,2.480228342691462,863333.33,True,True,True
102,-0.11338455885202178,57,0.3208536765081236,270000.0,True,True,True
138,1.1971486284446706,76,-0.5111121358899291,41400.0,True,True,True
49,-1.4239177461487142,13,-0.6156841000612796,12666.67,True,True,False
250,1.1971486284446706,105,4.797310147416281,1500000.0,True,True,False
48,-1.4239177461487142,141,-0.5410764922128103,33166.67,True,True,False
68,-0.11338455885202178,120,-0.4737476753739478,51666.67,True,True,False
128,1.1971486284446706,93,-0.030954555622869858,173333.33,True,True,True
60,-1.4239177461487142,120,-0.4943709165678336,46000.0,True,True,True
85,-0.11338455885202178,108,-0.27358092260976186,106666.67,True,True,True
85,-0.11338455885202178,71,-0.5932411611149921,18833.33,True,True,True
78,-0.11338455885202178,71,-0.5950608588673938,18333.33,True,False,False
38,-1.4239177461487142,120,-0.55866690381936,28333.33,True,True,False
92,-0.11338455885202178,120,-0.3269587233468781,92000.0,True,False,True
95,-0.11338455885202178,156,-0.09767680654426517,155000.0,True,True,True
105,1.1971486284446706,40,-0.18866169416434966,130000.0,True,True,True
92,-0.11338455885202178,117,-0.5950608588673938,18333.33,False,False,True
76,-0.11338455885202178,183,-0.3706314694045187,80000.0,True,True,False
85,-0.11338455885202178,185,-0.5101416304219816,41666.67,True,True,True
161,1.1971486284446706,57,1.200374256835607,511666.67,True,True,True
50,-1.4239177461487142,128,-0.5707982221687046,25000.0,True,False,True
78,-0.11338455885202178,183,-0.3403031735311572,88333.33,True,True,True
54,-1.4239177461487142,40,-0.4009597652778802,71666.67,True,True,True
100,-0.11338455885202178,146,-0.20079301251369427,126666.67,True,True,True
100,-0.11338455885202178,40,-0.23718696756172808,116666.67,True,True,True
110,1.1971486284446706,74,-0.3791233922490599,77666.67,True,True,True
57,-1.4239177461487142,40,-0.4130910836272248,68333.33,True,True,True
63,-0.11338455885202178,13,-0.556240640149491,29000.0,True,True,False
100,-0.11338455885202178,111,-0.22505564921238347,120000.0,True,True,True
80,-1.4239177461487142,152,-0.5938477270324594,18666.67,False,True,False
115,-0.11338455885202178,40,-0.15226773911631586,140000.0,True,True,True
68,-1.4239177461487142,183,-0.42522240197656935,65000.0,True,True,False
48,-1.4239177461487142,183,-0.4312880611512417,63333.33,True,True,False
75,-0.11338455885202178,183,-0.36456581022984635,81666.67,True,True,False
115,-0.11338455885202178,156,-0.055217192321559055,166666.67,True,True,True
106,-0.11338455885202178,40,-0.23718696756172808,116666.67,True,True,True
56,-1.4239177461487142,40,-0.421583006471766,66000.0,True,True,True
58,-1.4239177461487142,40,-0.4094516881224214,69333.33,True,True,True
95,-0.11338455885202178,26,-0.21292433086303886,123333.33,True,True,True
50,-1.4239177461487142,183,-0.4312880611512417,63333.33,True,True,True
60,-0.11338455885202178,26,-0.40702542445255246,70000.0,True,True,False
60,-1.4239177461487142,40,-0.42886179748137276,64000.0,True,True,True
92,-0.11338455885202178,96,-0.3585001510551741,83333.33,True,True,False
57,-1.4239177461487142,183,-0.3827627877538633,76666.67,True,True,True
72,-0.11338455885202178,183,-0.3827627877538633,76666.67,True,True,False
71,-0.11338455885202178,40,-0.38518905142373216,76000.0,True,True,False
123,-0.11338455885202178,110,-0.22505564921238347,120000.0,True,True,True
50,-1.4239177461487142,183,-0.42522240197656935,65000.0,True,True,True
58,-1.4239177461487142,146,-0.43735372032591396,61666.67,True,True,True
54,-1.4239177461487142,40,-0.4130910836272248,68333.33,True,True,True
85,-0.11338455885202178,146,-0.37669712857919097,78333.33,True,True,True
85,-0.11338455885202178,183,-0.24325262673640036,115000.0,True,True,True
125,1.1971486284446706,101,-0.5040759712473093,43333.33,False,True,True
55,-1.4239177461487142,40,-0.42886179748137276,64000.0,True,True,True
72,-0.11338455885202178,183,-0.3585001510551741,83333.33,True,True,True
115,-0.11338455885202178,40,-0.030954555622869858,173333.33,True,True,True
100,-0.11338455885202178,183,-0.24325262673640036,115000.0,True,True,True
116,-0.11338455885202178,119,-0.15590713462111924,139000.0,True,True,True
105,-0.11338455885202178,119,-0.2675152634350896,108333.33,True,True,True
60,-1.4239177461487142,40,-0.4434193795005863,60000.0,True,True,False
53,-1.4239177461487142,52,-0.40459916078268354,70666.67,True,True,True
55,-1.4239177461487142,40,-0.4458456431704552,59333.33,True,True,True
76,-0.11338455885202178,40,-0.3888284469285356,75000.0,True,True,True
111,1.1971486284446706,119,-0.23718696756172808,116666.67,True,True,True
77,-0.11338455885202178,62,-0.4009597652778802,71666.67,True,True,True
58,-1.4239177461487142,40,-0.43614058849097953,62000.0,True,True,True
94,-0.11338455885202178,164,-0.27358092260976186,106666.67,True,True,False
58,-1.4239177461487142,146,-0.4337143248211106,62666.67,True,True,True
108,-0.11338455885202178,62,-0.26144960426041725,110000.0,True,True,True
56,-1.4239177461487142,52,-0.4191567428018971,66666.67,True,True,True
84,-0.11338455885202178,106,-0.2675152634350896,108333.33,True,True,True
60,-0.11338455885202178,19,-0.42522240197656935,65000.0,True,True,True
53,-1.4239177461487142,117,-0.6047659135468695,15666.67,False,True,True
73,-0.11338455885202178,120,-0.3518279259630345,85166.67,True,True,True
73,-0.11338455885202178,120,-0.42279613830670043,65666.67,False,False,True
150,1.1971486284446706,120,-0.04308587397221446,170000.0,True,True,True
114,-0.11338455885202178,120,-0.2054029134864452,125400.0,True,True,True
53,-1.4239177461487142,117,-0.5962739907023282,18000.0,False,True,True
125,1.1971486284446706,120,-0.17653037581500505,133333.33,True,True,True
145,1.1971486284446706,57,0.9911090153094128,454166.67,True,True,True
197,1.1971486284446706,37,1.6085931192910528,623833.33,True,True,True
105,-0.11338455885202178,85,-0.17653037581500505,133333.33,True,True,True
135,1.1971486284446706,172,-0.17046471664033278,135000.0,True,True,True
137,1.1971486284446706,158,-0.0964636747093307,155333.33,True,True,True
90,-0.11338455885202178,26,-0.27358092260976186,106666.67,True,True,False
125,-0.11338455885202178,163,0.1419167308552907,220833.33,True,True,True
175,1.1971486284446706,57,1.2185712343596238,516666.67,True,True,True
52,-1.4239177461487142,40,-0.3827627877538633,76666.67,True,True,True
110,1.1971486284446706,119,-0.28571224095910647,103333.33,True,True,True
112,-0.11338455885202178,119,-0.26144960426041725,110000.0,True,False,True
65,-0.11338455885202178,156,-0.4009597652778802,71666.67,True,True,True
48,-1.4239177461487142,13,-0.6132578363914107,13333.33,True,True,True
105,-0.11338455885202178,119,-0.32210619600714024,93333.33,True,True,True
56,-1.4239177461487142,146,-0.39004157876347,74666.67,True,True,True
108,-0.11338455885202178,62,-0.4312880611512417,63333.33,True,True,True
78,-0.11338455885202178,163,-0.30754861398792677,97333.33,True,True,True
85,-0.11338455885202178,115,-0.5987002543721972,17333.33,True,True,True
105,-0.11338455885202178,117,-0.5968805566197954,17833.33,True,True,True
145,1.1971486284446706,135,0.672661908639117,366666.67,True,True,True
145,1.1971486284446706,122,0.42882240981729053,299666.67,True,True,True
140,1.1971486284446706,122,0.09035862787057615,206666.67,True,True,True
66,-0.11338455885202178,111,-0.4701082798691444,52666.67,True,True,True
150,-0.11338455885202178,28,-0.5162072895966539,40000.0,False,True,True
98,-0.11338455885202178,26,-0.11830004773815098,149333.33,True,True,True
108,-0.11338455885202178,119,-0.25538394508574497,111666.67,True,True,True
95,-0.11338455885202178,111,-0.34636883270582947,86666.67,True,True,True
64,-1.4239177461487142,49,-0.5526012446446876,30000.0,False,False,True
75,-1.4239177461487142,49,-0.4343208907385778,62500.0,True,False,True
90,-0.11338455885202178,119,-0.3585001510551741,83333.33,True,True,True
93,-0.11338455885202178,49,-0.47860020271368564,50333.33,True,True,True
148,1.1971486284446706,119,0.03576769529852544,191666.67,True,True,True
64,-1.4239177461487142,48,-0.5344042671206708,35000.0,False,True,False
114,-0.11338455885202178,119,-0.22505564921238347,120000.0,True,True,True
107,-0.11338455885202178,119,-0.23718696756172808,116666.67,True,True,True
113,-0.11338455885202178,119,-0.26508899976522066,109000.0,True,True,True
115,-0.11338455885202178,57,0.23593444806271135,246666.67,True,True,True
115,-0.11338455885202178,119,-0.22505564921238347,120000.0,True,True,True
120,-0.11338455885202178,60,0.35724763155615735,280000.0,True,True,True
76,-0.11338455885202178,26,-0.33423751435648485,90000.0,True,True,True
106,-0.11338455885202178,106,-0.11344752039841315,150666.67,True,True,True
105,-0.11338455885202178,57,0.17527785631598836,230000.0,True,True,True
87,-0.11338455885202178,128,-0.4713214117040789,52333.33,False,False,True
68,-0.11338455885202178,111,-0.42279613830670043,65666.67,True,True,True
70,-0.11338455885202178,122,-0.3487950963756984,86000.0,True,True,True
165,1.1971486284446706,111,-0.024888896448197556,175000.0,True,True,True
365,2.5076818157413627,39,5.094527446975223,1581666.67,True,True,True
175,1.1971486284446706,118,1.2185712343596238,516666.67,True,True,True
70,-0.11338455885202178,135,-0.07947982902024826,160000.0,True,True,True
165,1.1971486284446706,93,0.5792507573491635,341000.0,True,True,True
115,-0.11338455885202178,26,-0.04551213764208338,169333.33,True,True,True
93,-0.11338455885202178,146,-0.3099748776577957,96666.67,True,False,True
181,1.1971486284446706,93,0.915288275626009,433333.33,True,True,True
175,1.1971486284446706,93,0.7181543524491593,379166.67,True,True,True
146,1.1971486284446706,93,0.36937894990550196,283333.33,True,True,True
135,1.1971486284446706,93,0.09035862787057615,206666.67,True,True,True
50,-1.4239177461487142,164,-0.421583006471766,66000.0,True,True,True
110,-0.11338455885202178,117,-0.5968805566197954,17833.33,True,True,True
108,-0.11338455885202178,89,0.18740917466533294,233333.33,True,True,True
121,1.1971486284446706,117,-0.587782067857787,20333.33,True,True,True
220,1.1971486284446706,44,3.60844094918051,1173333.33,True,True,True
240,2.5076818157413627,44,4.008774454708882,1283333.33,True,True,True
90,-0.11338455885202178,155,0.005439399425163944,183333.33,True,True,True
117,-0.11338455885202178,105,0.854631683879286,416666.67,True,True,True
142,1.1971486284446706,122,0.25413142558672824,251666.67,True,True,True
55,-1.4239177461487142,183,-0.42522240197656935,65000.0,True,True,False
85,-0.11338455885202178,156,-0.26144960426041725,110000.0,True,True,True
162,1.1971486284446706,105,1.3156217811543807,543333.33,True,True,True
100,-0.11338455885202178,7,0.12675258291860994,216666.67,True,True,True
165,1.1971486284446706,150,0.8425003655299413,413333.33,True,True,True
150,1.1971486284446706,105,1.1579146426129008,500000.0,True,True,True
83,-0.11338455885202178,126,-0.48587899372329235,48333.33,True,True,True
200,1.1971486284446706,184,0.551348725145671,333333.33,True,False,True
95,-0.11338455885202178,0,0.15101521961729916,223333.33,True,True,True
82,-0.11338455885202178,119,-0.37669712857919097,78333.33,True,True,True
112,1.1971486284446706,156,0.017570717774508544,186666.67,True,True,True
96,-0.11338455885202178,108,-0.18866169416434966,130000.0,True,True,True
86,1.1971486284446706,115,-0.6102250068040745,14166.67,True,True,True
105,-0.11338455885202178,117,-0.5477487173049499,31333.33,True,True,True
115,-0.11338455885202178,111,-0.26387586793028617,109333.33,True,True,True
87,-0.11338455885202178,146,-0.2978435593084511,100000.0,True,True,True
165,1.1971486284446706,50,0.73331850038584,383333.33,True,True,True
135,1.1971486284446706,93,0.2389672776500475,247500.0,True,True,True
110,-0.11338455885202178,52,-0.21656372636784224,122333.33,True,True,True
80,-0.11338455885202178,163,-0.23718696756172808,116666.67,True,True,True
66,-0.11338455885202178,163,-0.4434193795005863,60000.0,True,True,True
88,-0.11338455885202178,126,-0.4737476753739478,51666.67,True,True,True
70,-1.4239177461487142,152,-0.556240640149491,29000.0,True,True,False
130,1.1971486284446706,52,0.017570717774508544,186666.67,True,True,True
87,-0.11338455885202178,106,-0.2978435593084511,100000.0,True,True,True
86,-0.11338455885202178,163,-0.11587378406828205,150000.0,True,True,True
62,-1.4239177461487142,164,-0.3706314694045187,80000.0,True,True,True
87,-0.11338455885202178,117,-0.5738310517560408,24166.67,True,True,True
70,-0.11338455885202178,163,-0.4191567428018971,66666.67,True,True,True
65,-0.11338455885202178,163,-0.33423751435648485,90000.0,True,True,True
64,-0.11338455885202178,163,-0.40702542445255246,70000.0,True,True,True
62,-0.11338455885202178,163,-0.39489410610320785,73333.33,True,True,True
140,1.1971486284446706,57,0.30872235815877896,266666.67,True,True,True
125,1.1971486284446706,57,0.19954049301467755,236666.67,True,True,True
68,-0.11338455885202178,163,-0.40702542445255246,70000.0,True,True,True
67,-0.11338455885202178,183,-0.39489410610320785,73333.33,True,False,False
64,-0.11338455885202178,163,-0.4130910836272248,68333.33,True,True,True
95,-0.11338455885202178,108,-0.18866169416434966,130000.0,True,True,False
97,-0.11338455885202178,117,-0.5683719584988357,25666.67,True,True,True
136,1.1971486284446706,119,-0.14013642076697128,143333.33,True,True,True
70,-1.4239177461487142,183,-0.3706314694045187,80000.0,True,True,True
85,-0.11338455885202178,126,-0.47896414226416595,50233.33,True,True,True
105,-0.11338455885202178,117,-0.5465355854700154,31666.67,True,True,True
50,-1.4239177461487142,106,-0.4312880611512417,63333.33,True,False,True
57,-1.4239177461487142,164,-0.3281718551818126,91666.67,True,True,True
95,-0.11338455885202178,183,-0.26144960426041725,110000.0,True,True,True
65,-0.11338455885202178,183,-0.3730577330743876,79333.33,True,True,True
100,-0.11338455885202178,170,-0.4191567428018971,66666.67,False,True,False
128,1.1971486284446706,86,-0.18259603498967736,131666.67,True,True,True
93,-0.11338455885202178,57,0.06609599117188694,200000.0,True,True,True
75,-0.11338455885202178,126,-0.5071088008346454,42500.0,True,True,True
133,2.5076818157413627,74,-0.09161114736959286,156666.67,True,True,False
100,-0.11338455885202178,108,-0.12193944324295436,148333.33,True,True,True
140,1.1971486284446706,119,-0.07947982902024826,160000.0,True,True,True
92,-0.11338455885202178,26,-0.22869504471718685,119000.0,True,True,True
120,-0.11338455885202178,11,-0.11587378406828205,150000.0,True,True,False
45,-1.4239177461487142,74,-0.5368305307905397,34333.33,True,True,False
130,-0.11338455885202178,57,0.1740647244810539,229666.67,True,True,False
95,-0.11338455885202178,102,-0.39671380385560956,72833.33,False,True,True
150,1.1971486284446706,57,0.612005316892394,350000.0,False,False,False
72,-0.11338455885202178,126,-0.5154794104956932,40200.0,True,True,True
60,-1.4239177461487142,26,-0.25538394508574497,111666.67,True,True,True
190,1.1971486284446706,39,0.793975092132563,400000.0,True,True,True
125,-0.11338455885202178,150,0.5210204292723095,325000.0,True,True,True
90,-0.11338455885202178,106,-0.24689202224120374,114000.0,True,True,True
105,-0.11338455885202178,146,-0.16439905746566047,136666.67,True,True,True
90,-0.11338455885202178,156,-0.31604053683246797,95000.0,True,True,True
102,-0.11338455885202178,163,0.017570717774508544,186666.67,True,True,True
50,-1.4239177461487142,111,-0.4798133345486201,50000.0,True,True,True
66,-0.11338455885202178,122,-0.3888284469285356,75000.0,True,True,False
125,1.1971486284446706,187,0.39970724577886346,291666.67,True,True,True
132,1.1971486284446706,115,-0.4130910836272248,68333.33,True,True,True
103,-0.11338455885202178,26,-0.14013642076697128,143333.33,True,True,True
270,3.8182150030380555,187,0.975944867372732,450000.0,True,True,False
130,-0.11338455885202178,156,-0.15469400278618478,139333.33,True,True,True
77,-0.11338455885202178,192,-0.41673047913202815,67333.33,True,True,False
71,-1.4239177461487142,192,-0.3827627877538633,76666.67,True,True,True
160,1.1971486284446706,11,0.34754257687668166,277333.33,True,True,True
110,-0.11338455885202178,156,-0.2481051540761382,113666.67,True,True,True
75,-0.11338455885202178,156,-0.421583006471766,66000.0,True,True,True
75,-0.11338455885202178,156,-0.3706314694045187,80000.0,True,True,True
85,-0.11338455885202178,109,-0.11587378406828205,150000.0,True,True,True
130,1.1971486284446706,135,0.36937894990550196,283333.33,True,True,True
73,-0.11338455885202178,126,-0.45809827470329323,55966.67,True,True,True
95,-0.11338455885202178,135,0.005439399425163944,183333.33,True,True,True
250,2.5076818157413627,150,3.584178312481821,1166666.67,True,True,False
65,-0.11338455885202178,141,-0.4494850386752586,58333.33,True,True,True
64,-0.11338455885202178,19,-0.40823855628748695,69666.67,True,True,True
94,-0.11338455885202178,180,-0.1607596619608571,137666.67,True,True,True
110,-0.11338455885202178,117,-0.6162906659787468,12500.0,True,True,True
105,-0.11338455885202178,117,-0.5950608588673938,18333.33,True,True,True
145,1.1971486284446706,68,0.43003554165222496,300000.0,True,True,True
105,-0.11338455885202178,117,-0.5556340742320238,29166.67,True,True,True
120,-0.11338455885202178,50,0.793975092132563,400000.0,True,True,True
100,-0.11338455885202178,64,-0.28571224095910647,103333.33,True,True,True
115,-0.11338455885202178,181,-0.20079301251369427,126666.67,True,True,True
100,-0.11338455885202178,146,-0.26144960426041725,110000.0,False,True,True
63,-1.4239177461487142,111,-0.5065022349171782,42666.67,True,True,True
55,-1.4239177461487142,183,-0.4312880611512417,63333.33,False,False,False
123,1.1971486284446706,104,-0.26144960426041725,110000.0,True,True,True
81,-0.11338455885202178,126,-0.48951838922809576,47333.33,True,True,True
130,1.1971486284446706,74,-0.32210619600714024,93333.33,True,True,True
108,-0.11338455885202178,118,0.27232840311074513,256666.67,True,True,True
135,1.1971486284446706,125,-0.30390921848312336,98333.33,True,True,True
82,-0.11338455885202178,183,-0.23718696756172808,116666.67,True,True,True
120,-0.11338455885202178,164,-0.14620207994164355,141666.67,True,True,True
303,1.1971486284446706,7,2.977612395014591,1000000.0,True,True,True
200,1.1971486284446706,112,1.521854193093239,600000.0,True,True,True
50,-1.4239177461487142,156,-0.43735372032591396,61666.67,True,True,True
80,-0.11338455885202178,156,-0.23112130838705577,118333.33,True,True,True
100,-0.11338455885202178,117,-0.5283386079459985,36666.67,True,True,True
85,-0.11338455885202178,156,-0.3730577330743876,79333.33,True,True,True
44,-1.4239177461487142,156,-0.4931577847328991,46333.33,True,True,False
115,-0.11338455885202178,166,0.3329849948574682,273333.33,True,True,True
75,-0.11338455885202178,106,-0.3063354821529923,97666.67,True,True,True
65,-1.4239177461487142,156,-0.39246784243333893,74000.0,True,True,True
106,-0.11338455885202178,187,0.029702036123853144,190000.0,True,True,True
203,1.1971486284446706,189,3.705491495975267,1200000.0,True,True,True
92,-0.11338455885202178,146,-0.33423751435648485,90000.0,True,True,True
62,-1.4239177461487142,164,-0.39853350160801126,72333.33,True,True,True
92,-0.11338455885202178,118,0.15101521961729916,223333.33,True,True,True
85,-0.11338455885202178,26,-0.2796465817844342,105000.0,True,True,True
60,-1.4239177461487142,135,-0.26144960426041725,110000.0,True,True,True
100,-0.11338455885202178,40,-0.24931828591107266,113333.33,True,True,True
100,-0.11338455885202178,108,-0.04308587397221446,170000.0,True,True,True
121,-0.11338455885202178,56,0.24806576641205597,250000.0,True,True,True
63,-1.4239177461487142,50,0.017570717774508544,186666.67,True,True,True
98,-0.11338455885202178,183,-0.12800510241762666,146666.67,True,True,True
67,-0.11338455885202178,118,-0.23718696756172808,116666.67,True,True,True
87,-0.11338455885202178,183,-0.3184668005023369,94333.33,True,True,True
115,1.1971486284446706,118,-0.018823237273525258,176666.67,True,True,True
49,-1.4239177461487142,122,-0.3827627877538633,76666.67,False,False,True
40,-2.7344509334454066,111,-0.5829295405180491,21666.67,False,True,False
130,1.1971486284446706,187,0.30872235815877896,266666.67,True,True,True
144,1.1971486284446706,118,0.30872235815877896,266666.67,True,True,False
53,-1.4239177461487142,163,-0.3669920738997153,81000.0,True,True,True
88,-0.11338455885202178,26,-0.24931828591107266,113333.33,True,True,True
105,-0.11338455885202178,163,-0.18866169416434966,130000.0,True,True,True
90,-0.11338455885202178,123,0.1340313739282167,218666.67,True,True,True
75,-0.11338455885202178,167,-0.4009597652778802,71666.67,True,True,True
170,1.1971486284446706,105,1.400541009599793,566666.67,True,True,True
204,1.1971486284446706,44,3.2978791994372885,1088000.0,True,True,True
95,-0.11338455885202178,52,-0.22505564921238347,120000.0,True,True,True
54,-1.4239177461487142,13,-0.6011265180420661,16666.67,True,True,False
98,-0.11338455885202178,146,-0.27115465893989293,107333.33,True,True,True
90,-0.11338455885202178,52,-0.22505564921238347,120000.0,True,True,True
97,-0.11338455885202178,52,-0.20079301251369427,126666.67,True,True,True
71,-0.11338455885202178,40,-0.35486075555037067,84333.33,True,True,True
150,1.1971486284446706,150,0.793975092132563,400000.0,True,True,True
116,1.1971486284446706,118,0.3208536765081236,270000.0,True,True,True
120,-0.11338455885202178,135,0.3815102682548466,286666.67,True,True,True
79,-0.11338455885202178,183,-0.3706314694045187,80000.0,True,True,True
79,-0.11338455885202178,183,-0.28571224095910647,103333.33,True,True,True
135,-0.11338455885202178,39,0.551348725145671,333333.33,True,True,True
110,-0.11338455885202178,183,-0.18259603498967736,131666.67,True,True,True
110,1.1971486284446706,146,-0.09161114736959286,156666.67,True,True,True
87,-0.11338455885202178,183,-0.20079301251369427,126666.67,True,True,True
75,-0.11338455885202178,122,-0.20685867168836655,125000.0,True,True,True
108,-0.11338455885202178,183,-0.18259603498967736,131666.67,True,True,True
110,-0.11338455885202178,26,0.029702036123853144,190000.0,True,True,True
100,-0.11338455885202178,146,-0.04308587397221446,170000.0,True,True,True
140,1.1971486284446706,150,0.4542981783509142,306666.67,True,True,True
72,-0.11338455885202178,163,-0.40544835306713767,70433.33,True,True,False
73,-0.11338455885202178,163,-0.4060549189846049,70266.67,True,True,False
145,1.1971486284446706,37,0.833401876767933,410833.33,True,True,True
75,-0.11338455885202178,108,-0.37245116715692034,79500.0,True,True,False
92,-0.11338455885202178,187,0.10248994621992075,210000.0,True,True,True
80,-0.11338455885202178,160,-0.39246784243333893,74000.0,True,True,True
127,-0.11338455885202178,43,0.4166910914679459,296333.33,True,True,True
74,-0.11338455885202178,187,-0.18623543049448074,130666.67,True,True,True
105,1.1971486284446706,115,-0.5089284985870471,42000.0,True,True,True
112,1.1971486284446706,115,-0.4919446528979647,46666.67,True,True,False
120,-0.11338455885202178,150,0.24806576641205597,250000.0,True,True,True
123,1.1971486284446706,117,-0.6011265180420661,16666.67,True,True,True
140,1.1971486284446706,150,0.551348725145671,333333.33,True,True,True
63,-1.4239177461487142,122,-0.23718696756172808,116666.67,True,True,True
56,-1.4239177461487142,122,-0.42522240197656935,65000.0,True,True,True
105,-0.11338455885202178,52,-0.13407076159229897,145000.0,True,True,True
97,-0.11338455885202178,187,-0.055217192321559055,166666.67,True,True,True
140,1.1971486284446706,75,0.4542981783509142,306666.67,True,True,True
60,-0.11338455885202178,26,-0.4616163570246032,55000.0,True,True,False
54,-1.4239177461487142,122,-0.4191567428018971,66666.67,False,True,True
90,-0.11338455885202178,43,0.06609599117188694,200000.0,True,True,True
92,-0.11338455885202178,52,-0.18259603498967736,131666.67,True,True,True
65,-0.11338455885202178,52,-0.4312880611512417,63333.33,False,True,False
76,-0.11338455885202178,13,-0.5530864973786614,29866.67,True,True,True
72,-0.11338455885202178,163,-0.34636883270582947,86666.67,True,True,True
135,1.1971486284446706,50,0.73331850038584,383333.33,True,True,True
87,-0.11338455885202178,117,-0.6011265180420661,16666.67,True,True,True
255,1.1971486284446706,50,2.492359661040807,866666.67,True,True,True
100,-0.11338455885202178,187,-0.14013642076697128,143333.33,True,True,False
194,-0.11338455885202178,105,1.7456770166386468,661500.0,True,True,True
600,-0.11338455885202178,123,0.44823251917624185,305000.0,True,True,True
160,1.1971486284446706,135,0.975944867372732,450000.0,True,True,True
98,-0.11338455885202178,57,0.18231402095860821,231933.33,True,True,True
133,1.1971486284446706,13,-0.46768201619927546,53333.33,False,False,False
108,-0.11338455885202178,183,0.01951172871040368,187200.0,True,True,True
76,-0.11338455885202178,146,-0.32210619600714024,93333.33,True,True,True
73,-0.11338455885202178,131,-0.5125678940918506,41000.0,True,True,True
76,-0.11338455885202178,164,-0.2796465817844342,105000.0,True,True,True
80,-0.11338455885202178,164,-0.21535059453290778,122666.67,True,True,True
92,-0.11338455885202178,57,0.13888390126795455,220000.0,True,True,True
130,-0.11338455885202178,123,0.36937894990550196,283333.33,True,True,True
71,-0.11338455885202178,20,-0.4628294888595376,54666.67,True,True,True
56,-1.4239177461487142,156,-0.4312880611512417,63333.33,True,True,True
105,-0.11338455885202178,117,-0.5538143764796222,29666.67,True,True,True
93,-0.11338455885202178,26,-0.13164449792243005,145666.67,True,True,True
179,1.1971486284446706,118,0.5082825450054976,321500.0,True,True,True
100,-0.11338455885202178,60,0.09035862787057615,206666.67,True,True,True
110,1.1971486284446706,135,-0.030954555622869858,173333.33,True,True,True
98,-0.11338455885202178,108,-0.07341416984557596,161666.67,True,True,True
101,-0.11338455885202178,135,0.011505058599836245,185000.0,True,True,True
105,-0.11338455885202178,117,-0.5647325629940323,26666.67,True,True,True
157,1.1971486284446706,68,0.5331517476216541,328333.33,True,True,True
90,-0.11338455885202178,126,-0.46525575252940654,54000.0,True,True,True
97,-0.11338455885202178,117,-0.5695850903337701,25333.33,True,True,True
120,1.1971486284446706,119,-0.5074727403851258,42400.0,True,True,True
303,2.5076818157413627,179,5.161249697896619,1600000.0,True,True,True
60,-1.4239177461487142,187,-0.2675152634350896,108333.33,True,True,True
245,3.8182150030380555,37,1.0972580508661778,483333.33,True,True,True
100,-0.11338455885202178,117,-0.5659456948289667,26333.33,True,True,True
185,1.1971486284446706,118,0.6423336127657555,358333.33,True,True,True
62,-0.11338455885202178,26,-0.23718696756172808,116666.67,True,True,True
79,-0.11338455885202178,26,-0.29796487249194453,99966.67,True,True,True
400,3.8182150030380555,97,6.131755165844187,1866666.67,True,True,False
200,1.1971486284446706,162,-0.055217192321559055,166666.67,True,True,True
105,-0.11338455885202178,117,-0.5574537719844255,28666.67,True,True,True
128,1.1971486284446706,148,0.029702036123853144,190000.0,True,True,True
115,1.1971486284446706,122,0.14737582411249578,222333.33,True,True,True
377,2.5076818157413627,44,3.179962785081659,1055600.0,True,True,True
77,-0.11338455885202178,26,-0.3706314694045187,80000.0,True,True,False
190,1.1971486284446706,122,0.7211871820364953,380000.0,True,True,True
130,1.1971486284446706,187,0.28445972146008974,260000.0,True,True,True
133,1.1971486284446706,39,0.3815102682548466,286666.67,True,True,True
143,1.1971486284446706,108,-0.12800510241762666,146666.67,True,True,True
76,-0.11338455885202178,26,-0.15833339829098816,138333.33,True,True,True
155,1.1971486284446706,183,-0.055217192321559055,166666.67,True,True,True
96,-0.11338455885202178,42,-0.15226773911631586,140000.0,True,True,True
190,1.1971486284446706,57,1.036601459119455,466666.67,True,True,True
147,1.1971486284446706,68,0.4421668600015696,303333.33,True,True,True
85,-0.11338455885202178,40,-0.32210619600714024,93333.33,True,True,True
76,-0.11338455885202178,42,-0.22505564921238347,120000.0,True,True,True
103,-0.11338455885202178,105,0.18740917466533294,233333.33,True,True,True
194,1.1971486284446706,105,1.7472540880240617,661933.33,True,True,True
95,-0.11338455885202178,135,0.09035862787057615,206666.67,True,True,True
79,-0.11338455885202178,108,-0.27358092260976186,106666.67,False,True,False
83,-0.11338455885202178,115,-0.5761966588341629,23516.67,True,True,True
70,-0.11338455885202178,164,-0.3585001510551741,83333.33,True,True,True
87,-0.11338455885202178,105,-0.10374246571893746,153333.33,True,True,True
87,-0.11338455885202178,117,-0.6011265180420661,16666.67,False,True,True
84,1.1971486284446706,13,-0.473262422639974,51800.0,True,True,True
91,-0.11338455885202178,167,-0.28571224095910647,103333.33,True,True,True
145,-0.11338455885202178,57,0.793975092132563,400000.0,True,True,True
68,-0.11338455885202178,106,-0.36456581022984635,81666.67,True,True,True
127,1.1971486284446706,56,0.01611495957258719,186266.67,True,True,True
68,-1.4239177461487142,42,-0.28571224095910647,103333.33,True,True,True
105,-0.11338455885202178,117,-0.5963953038858217,17966.67,True,True,True
89,-0.11338455885202178,156,-0.27479405444469635,106333.33,True,True,True
82,-0.11338455885202178,111,-0.34636883270582947,86666.67,True,True,True
65,-1.4239177461487142,122,-0.3888284469285356,75000.0,True,True,False
80,-0.11338455885202178,60,-0.06734851067090365,163333.33,True,True,True
145,1.1971486284446706,105,1.0972580508661778,483333.33,True,True,True
235,1.1971486284446706,105,1.764480560080131,666666.67,True,True,True
192,1.1971486284446706,77,3.4009954054067175,1116333.33,True,True,True
160,1.1971486284446706,77,0.9298458576452225,437333.33,True,True,True
160,1.1971486284446706,105,1.5703794664906172,613333.33,True,True,True
106,-0.11338455885202178,117,-0.5647325629940323,26666.67,True,True,True
75,-0.11338455885202178,152,-0.5865689360228525,20666.67,False,True,True
100,-0.11338455885202178,152,-0.5647325629940323,26666.67,True,True,True
58,-1.4239177461487142,42,-0.31604053683246797,95000.0,True,True,True
44,-1.4239177461487142,120,-0.5659456948289667,26333.33,False,True,False
108,-0.11338455885202178,57,0.43003554165222496,300000.0,True,True,True
87,-0.11338455885202178,11,-0.5950608588673938,18333.33,True,True,True
231,1.1971486284446706,189,4.578582477577598,1439900.0,True,True,True
120,1.1971486284446706,119,-0.4494850386752586,58333.33,True,True,True
103,-0.11338455885202178,135,0.029702036123853144,190000.0,True,True,True
78,-0.11338455885202178,115,-0.6065856112992711,15166.67,False,False,False
85,-0.11338455885202178,57,0.21167181136402216,240000.0,True,True,True
195,1.1971486284446706,179,1.703823968333408,650000.0,True,True,True
142,1.1971486284446706,11,0.005439399425163944,183333.33,True,True,True
90,-0.11338455885202178,119,-0.5022562734949075,43833.33,True,True,True
85,-0.11338455885202178,57,0.22380312971336674,243333.33,True,True,True
350,2.5076818157413627,105,9.103928161433615,2683333.33,True,True,True
210,2.5076818157413627,105,1.885793743573577,700000.0,True,True,True
87,-0.11338455885202178,117,-0.5538143764796222,29666.67,True,True,True
85,-0.11338455885202178,163,-0.12800510241762666,146666.67,True,True,True
92,-0.11338455885202178,163,-0.17774350764993951,133000.0,True,True,True
90,-0.11338455885202178,146,-0.15833339829098816,138333.33,True,True,True
87,-0.11338455885202178,146,-0.29177790013377874,101666.67,True,True,True
108,-0.11338455885202178,183,-0.24325262673640036,115000.0,True,True,True
85,-0.11338455885202178,163,-0.24931828591107266,113333.33,True,True,False
68,-0.11338455885202178,163,-0.39489410610320785,73333.33,True,True,True
138,-0.11338455885202178,189,1.4308693054731545,575000.0,True,True,True
78,-0.11338455885202178,115,-0.6363073412551654,7000.0,True,True,True
94,-0.11338455885202178,126,-0.4540949396480095,57066.67,True,True,True
168,1.1971486284446706,14,1.2792278261063468,533333.33,True,True,True
100,-0.11338455885202178,105,0.09035862787057615,206666.67,True,True,True
100,-0.11338455885202178,7,0.10248994621992075,210000.0,True,True,True
44,-1.4239177461487142,116,-0.5368305307905397,34333.33,False,True,False
300,1.1971486284446706,87,2.613672844534253,900000.0,False,False,False
280,2.5076818157413627,179,3.074662941809348,1026666.67,True,True,True
65,-0.11338455885202178,183,-0.3269587233468781,92000.0,True,True,True
180,1.1971486284446706,7,0.975944867372732,450000.0,True,True,True
176,-0.11338455885202178,71,-0.32210619600714024,93333.33,True,True,False
83,-0.11338455885202178,26,-0.19363553468758096,128633.33,True,True,True
300,2.5076818157413627,50,3.826804679468713,1233333.33,True,True,True
68,-0.11338455885202178,120,-0.4943709165678336,46000.0,False,True,False
220,1.1971486284446706,14,3.584178312481821,1166666.67,True,True,True
140,1.1971486284446706,13,-0.48175434548451523,49466.67,True,True,True
290,2.5076818157413627,50,3.705491495975267,1200000.0,True,True,True
75,-0.11338455885202178,76,-0.5571504890256919,28750.0,False,True,True
133,1.1971486284446706,40,0.30872235815877896,266666.67,True,True,True
87,-0.11338455885202178,0,0.024242942866648076,188500.0,True,True,True
60,-0.11338455885202178,120,-0.4798133345486201,50000.0,False,True,True
149,1.1971486284446706,183,0.38660542196157127,288066.67,True,True,True
238,1.1971486284446706,179,4.5352736710704376,1428000.0,True,True,True
90,-0.11338455885202178,122,-0.23718696756172808,116666.67,True,True,True
100,-0.11338455885202178,126,-0.43735372032591396,61666.67,True,True,True
94,-0.11338455885202178,26,-0.11441802586636071,150400.0,True,True,True
80,-0.11338455885202178,116,-0.25417081325081053,112000.0,True,True,True
55,-0.11338455885202178,116,-0.5065022349171782,42666.67,False,False,False
114,1.1971486284446706,135,0.16314653796664375,226666.67,True,True,True
146,1.1971486284446706,68,0.2601970847614006,253333.33,True,True,True
70,-0.11338455885202178,122,-0.38518905142373216,76000.0,True,True,False
86,-0.11338455885202178,11,-0.08797175186478948,157666.67,True,True,True
69,-1.4239177461487142,119,-0.40702542445255246,70000.0,False,True,True
60,-1.4239177461487142,183,-0.26144960426041725,110000.0,True,True,True
101,-0.11338455885202178,119,-0.23718696756172808,116666.67,True,True,True
97,-0.11338455885202178,65,-0.3827627877538633,76666.67,True,True,True
105,-0.11338455885202178,64,-0.22869504471718685,119000.0,True,True,True
110,-0.11338455885202178,135,0.854631683879286,416666.67,True,True,False
75,-0.11338455885202178,122,-0.33423751435648485,90000.0,True,True,True
110,-0.11338455885202178,122,0.12553945108367548,216333.33,True,True,True
149,1.1971486284446706,97,0.4589080793236651,307933.33,True,True,False
105,-0.11338455885202178,127,-0.055217192321559055,166666.67,True,True,True
110,-0.11338455885202178,119,-0.23718696756172808,116666.67,True,True,True
190,1.1971486284446706,86,0.915288275626009,433333.33,True,True,True
160,-0.11338455885202178,187,0.3815102682548466,286666.67,True,True,True
67,-0.11338455885202178,120,-0.4191567428018971,66666.67,False,True,True
121,-0.11338455885202178,100,0.005439399425163944,183333.33,True,True,True
105,-0.11338455885202178,61,0.22986878888803905,245000.0,True,True,True
83,-0.11338455885202178,183,-0.3706314694045187,80000.0,True,True,False
62,-1.4239177461487142,120,-0.4943709165678336,46000.0,False,True,True
55,-1.4239177461487142,120,-0.4494850386752586,58333.33,True,True,True
88,-0.11338455885202178,120,-0.36456581022984635,81666.67,True,True,True
86,-0.11338455885202178,6,-0.2978435593084511,100000.0,True,False,True
62,-1.4239177461487142,100,-0.3888284469285356,75000.0,True,True,True
65,-1.4239177461487142,15,-0.28571224095910647,103333.33,True,True,False
135,-0.11338455885202178,105,1.139717665088884,495000.0,True,True,True
226,2.5076818157413627,90,1.400541009599793,566666.67,True,True,True
70,-0.11338455885202178,172,-0.4155173472970937,67666.67,True,True,True
85,-1.4239177461487142,77,0.19954049301467755,236666.67,True,True,True
170,1.1971486284446706,122,0.47249515587493107,311666.67,True,True,True
170,1.1971486284446706,105,1.036601459119455,466666.67,True,True,True
574,3.8182150030380555,106,6.617007899817971,2000000.0,True,True,False
360,2.5076818157413627,105,3.948117862962159,1266666.67,True,True,True
120,-0.11338455885202178,135,0.22380312971336674,243333.33,True,True,True
120,1.1971486284446706,122,0.14616269227756132,222000.0,True,True,True
97,-0.11338455885202178,172,-0.3791233922490599,77666.67,True,False,True
150,1.1971486284446706,118,0.7279807203121283,381866.67,True,True,True
140,-0.11338455885202178,118,0.612005316892394,350000.0,True,True,True
85,-0.11338455885202178,122,-0.26144960426041725,110000.0,True,True,True
240,1.1971486284446706,179,4.918623330909727,1533333.33,True,True,True
120,1.1971486284446706,117,-0.5805032768481803,22333.33,True,True,True
100,-0.11338455885202178,146,-0.09161114736959286,156666.67,True,True,True
105,1.1971486284446706,13,-0.24931828591107266,113333.33,True,True,False
75,-0.11338455885202178,122,-0.30026982297832,99333.33,True,True,True
51,-1.4239177461487142,172,-0.4943709165678336,46000.0,True,True,True
89,-0.11338455885202178,146,-0.16439905746566047,136666.67,True,True,True
130,1.1971486284446706,135,0.612005316892394,350000.0,True,True,True
140,-0.11338455885202178,118,0.551348725145671,333333.33,True,True,True
100,-0.11338455885202178,122,0.023636376949180846,188333.33,True,True,True
290,1.1971486284446706,50,3.826804679468713,1233333.33,True,True,True
290,2.5076818157413627,50,3.462865128988375,1133333.33,True,True,True
200,1.1971486284446706,14,3.559915675783132,1160000.0,True,True,True
450,1.1971486284446706,31,-0.19472735333902197,128333.33,True,False,False
37,-1.4239177461487142,13,-0.6187169296486158,11833.33,False,True,False
140,1.1971486284446706,57,0.41790422330288035,296666.67,True,True,True
150,1.1971486284446706,138,-0.006691918924180656,180000.0,True,True,True
465,-0.11338455885202178,31,-0.26144960426041725,110000.0,True,False,False
160,1.1971486284446706,57,0.5270860884469818,326666.67,True,True,True
403,3.8182150030380555,13,0.915288275626009,433333.33,True,False,False
165,-0.11338455885202178,113,-0.5162072895966539,40000.0,True,True,True
405,3.8182150030380555,13,0.672661908639117,366666.67,True,True,False
400,3.8182150030380555,13,0.672661908639117,366666.67,True,True,False
87,-0.11338455885202178,117,-0.5950608588673938,18333.33,True,True,True
88,-0.11338455885202178,183,-0.28571224095910647,103333.33,True,True,True
86,-0.11338455885202178,6,-0.30706336125395295,97466.67,True,True,True
350,1.1971486284446706,118,-0.5404699262953431,33333.33,True,True,False
200,1.1971486284446706,86,0.793975092132563,400000.0,True,True,True
115,1.1971486284446706,179,0.8728286614033028,421666.67,True,True,True
90,-0.11338455885202178,57,0.18740917466533294,233333.33,True,True,True
107,1.1971486284446706,57,0.11704752823913427,214000.0,True,True,True
84,-0.11338455885202178,120,-0.3356932725584062,89600.0,True,True,True
112,-0.11338455885202178,117,-0.603552781711935,16000.0,True,True,True
114,-0.11338455885202178,119,-0.21413746269797332,123000.0,True,True,True
120,1.1971486284446706,117,-0.5829295405180491,21666.67,True,True,True
113,-0.11338455885202178,119,-0.20079301251369427,126666.67,True,True,True
84,-0.11338455885202178,184,-0.28571224095910647,103333.33,True,True,True
45,-1.4239177461487142,156,-0.4701082798691444,52666.67,False,True,False
155,-0.11338455885202178,117,-0.4312880611512417,63333.33,True,True,True
56,-1.4239177461487142,156,-0.36456581022984635,81666.67,True,True,True
67,-0.11338455885202178,40,-0.3730577330743876,79333.33,True,True,True
79,-0.11338455885202178,40,-0.34636883270582947,86666.67,True,True,True
65,-1.4239177461487142,57,-0.14923490952897972,140833.33,True,True,True
113,-0.11338455885202178,134,-0.4737476753739478,51666.67,True,True,True
54,-1.4239177461487142,14,-0.23718696756172808,116666.67,True,True,False
170,1.1971486284446706,179,1.2428338710583131,523333.33,False,False,False
42,-1.4239177461487142,74,-0.5344042671206708,35000.0,False,True,True
160,1.1971486284446706,113,-0.5513881128097532,30333.33,False,True,False
56,-1.4239177461487142,122,-0.31604053683246797,95000.0,True,True,True
75,-0.11338455885202178,134,-0.5404699262953431,33333.33,True,True,True
80,-0.11338455885202178,134,-0.5707982221687046,25000.0,True,True,False
41,-1.4239177461487142,50,-0.35486075555037067,84333.33,False,True,True
117,-0.11338455885202178,134,-0.4701082798691444,52666.67,False,True,True
88,-0.11338455885202178,0,0.017570717774508544,186666.67,True,True,True
114,-0.11338455885202178,0,0.15101521961729916,223333.33,True,True,True
75,-0.11338455885202178,152,-0.5726179199211062,24500.0,True,True,True
160,1.1971486284446706,13,-0.2978435593084511,100000.0,True,True,True
87,-0.11338455885202178,0,0.017570717774508544,186666.67,True,True,True
104,-0.11338455885202178,0,-0.24931828591107266,113333.33,True,True,True
90,-0.11338455885202178,152,-0.5811098427656475,22166.67,False,True,False
120,-0.11338455885202178,13,-0.4434193795005863,60000.0,True,True,False
88,-0.11338455885202178,152,-0.5695850903337701,25333.33,False,True,True
76,-0.11338455885202178,0,-0.2978435593084511,100000.0,True,True,True
85,-0.11338455885202178,163,-0.22505564921238347,120000.0,True,True,True
71,-0.11338455885202178,108,-0.34636883270582947,86666.67,False,True,False
200,1.1971486284446706,68,1.1518489834382286,498333.33,True,True,True
104,-0.11338455885202178,6,-0.15226773911631586,140000.0,True,False,True
165,1.1971486284446706,14,1.764480560080131,666666.67,True,True,True
82,-0.11338455885202178,0,-0.20079301251369427,126666.67,True,True,True
115,-0.11338455885202178,57,0.34511631320681274,276666.67,True,True,True
350,3.8182150030380555,57,3.584178312481821,1166666.67,True,True,True
106,-0.11338455885202178,0,-0.11587378406828205,150000.0,True,True,True
40,-1.4239177461487142,79,-0.5550275083145566,29333.33,False,True,True
130,-0.11338455885202178,57,0.793975092132563,400000.0,True,True,True
46,-1.4239177461487142,74,-0.5707982221687046,25000.0,True,True,False
121,-0.11338455885202178,36,-0.07462730168051042,161333.33,True,True,True
80,-0.11338455885202178,74,-0.4798133345486201,50000.0,True,True,True
154,1.1971486284446706,111,-0.17653037581500505,133333.33,True,True,True
60,-1.4239177461487142,74,-0.5380436626254742,34000.0,False,True,False
68,-0.11338455885202178,183,-0.3827627877538633,76666.67,True,True,True
89,-0.11338455885202178,13,-0.5283386079459985,36666.67,True,False,True
70,-0.11338455885202178,74,-0.46768201619927546,53333.33,True,True,True
45,-1.4239177461487142,125,-0.5040759712473093,43333.33,True,True,True
113,-0.11338455885202178,11,-0.04551213764208338,169333.33,True,True,True
85,-0.11338455885202178,39,-0.15226773911631586,140000.0,True,True,True
42,-1.4239177461487142,174,-0.5435027558826793,32500.0,True,False,True
108,-0.11338455885202178,156,-0.14013642076697128,143333.33,True,True,True
82,-0.11338455885202178,122,-0.3099748776577957,96666.67,True,True,True
76,-0.11338455885202178,122,-0.14620207994164355,141666.67,True,False,True
79,-0.11338455885202178,122,-0.2675152634350896,108333.33,True,True,True
71,-0.11338455885202178,122,-0.33423751435648485,90000.0,True,True,True
73,-0.11338455885202178,122,-0.23112130838705577,118333.33,True,True,True
89,-0.11338455885202178,152,-0.46646888436434103,53666.67,True,True,True
85,-0.11338455885202178,146,-0.3281718551818126,91666.67,True,True,True
96,-0.11338455885202178,40,-0.18259603498967736,131666.67,True,True,True
95,-0.11338455885202178,13,-0.5162072895966539,40000.0,True,True,True
60,-0.11338455885202178,122,-0.4130910836272248,68333.33,True,True,True
88,-0.11338455885202178,115,-0.6029462157944677,16166.67,False,False,True
145,1.1971486284446706,118,-0.48587899372329235,48333.33,True,True,True
75,-0.11338455885202178,92,-0.6314548139154276,8333.33,False,True,False
145,1.1971486284446706,60,0.2905253806347621,261666.67,True,True,True
105,1.1971486284446706,111,-0.3087617458228612,97000.0,True,True,True
67,-0.11338455885202178,52,-0.40459916078268354,70666.67,True,True,True
78,-0.11338455885202178,74,-0.3888284469285356,75000.0,True,False,True
125,-0.11338455885202178,57,0.854631683879286,416666.67,True,True,True
91,-0.11338455885202178,156,-0.25538394508574497,111666.67,True,True,True
195,1.1971486284446706,57,1.643167376586685,633333.33,True,True,True
87,-0.11338455885202178,117,-0.5908148974451232,19500.0,False,False,True
99,-0.11338455885202178,122,-0.15226773911631586,140000.0,True,True,True
113,-0.11338455885202178,122,-0.04308587397221446,170000.0,True,True,True
100,-0.11338455885202178,122,-0.14013642076697128,143333.33,True,True,True
200,1.1971486284446706,189,2.249733294053915,800000.0,True,True,True
106,-0.11338455885202178,117,-0.5938477270324594,18666.67,True,True,True
105,-0.11338455885202178,156,-0.20685867168836655,125000.0,True,True,True
228,1.1971486284446706,189,1.7999040096602172,676400.0,True,True,True
75,-0.11338455885202178,156,-0.21898999003771116,121666.67,True,True,True
84,1.1971486284446706,156,-0.29177790013377874,101666.67,True,True,True
90,-0.11338455885202178,146,-0.2796465817844342,105000.0,True,True,True
66,-0.11338455885202178,111,-0.4701082798691444,52666.67,True,False,True
130,1.1971486284446706,109,0.28445972146008974,260000.0,True,True,True
101,-0.11338455885202178,26,-0.09161114736959286,156666.67,True,True,True
103,-0.11338455885202178,156,-0.27115465893989293,107333.33,False,True,False
60,-0.11338455885202178,120,-0.48587899372329235,48333.33,True,True,False
123,-0.11338455885202178,119,-0.6181103637311485,12000.0,True,True,True
70,-0.11338455885202178,122,-0.33423751435648485,90000.0,True,True,True
177,1.1971486284446706,179,1.970712972018989,723333.33,True,True,True
230,1.1971486284446706,50,2.007106927067023,733333.33,True,True,True
105,-0.11338455885202178,117,-0.5962739907023282,18000.0,True,True,True
87,-0.11338455885202178,117,-0.5635194311590979,27000.0,False,False,True
104,-0.11338455885202178,117,-0.590208331527656,19666.67,True,True,True
105,-0.11338455885202178,117,-0.5944542929499266,18500.0,True,True,True
310,1.1971486284446706,44,4.857966739163004,1516666.67,True,True,True
108,-0.11338455885202178,158,-0.10980812489360976,151666.67,True,True,True
75,-0.11338455885202178,26,-0.3281718551818126,91666.67,True,True,False
108,-0.11338455885202178,158,-0.1607596619608571,137666.67,True,True,True
116,-0.11338455885202178,183,-0.04915153314688676,168333.33,True,True,True
43,-1.4239177461487142,158,-0.4434193795005863,60000.0,True,True,True
64,-0.11338455885202178,74,-0.5501749809748188,30666.67,False,True,False
48,-1.4239177461487142,141,-0.5346468934876577,34933.33,True,True,False
134,1.1971486284446706,13,-0.5283386079459985,36666.67,True,True,True
100,-0.11338455885202178,117,-0.5829295405180491,21666.67,False,False,False
230,1.1971486284446706,50,1.849399788525543,690000.0,True,True,True
238,1.1971486284446706,179,5.027805196053828,1563333.33,True,True,True
270,3.8182150030380555,14,1.0972580508661778,483333.33,True,True,False
105,-0.11338455885202178,13,-0.5283386079459985,36666.67,False,True,False
86,-0.11338455885202178,117,-0.5671588266639012,26000.0,True,True,True
130,1.1971486284446706,184,0.1582940106269059,225333.33,True,True,True
87,-0.11338455885202178,117,-0.5453224536350809,32000.0,True,True,True
80,-0.11338455885202178,152,-0.5162072895966539,40000.0,False,True,False
112,-0.11338455885202178,187,0.017570717774508544,186666.67,True,True,True
120,-0.11338455885202178,117,-0.4434193795005863,60000.0,True,True,False
125,-0.11338455885202178,117,-0.40702542445255246,70000.0,True,True,True
100,-0.11338455885202178,192,-0.28571224095910647,103333.33,True,True,True
100,-0.11338455885202178,120,-0.34636883270582947,86666.67,True,True,True
123,1.1971486284446706,40,0.017570717774508544,186666.67,True,True,True
100,-0.11338455885202178,120,-0.17653037581500505,133333.33,True,True,True
88,-0.11338455885202178,108,-0.30026982297832,99333.33,True,True,True
87,-0.11338455885202178,117,-0.574437617673508,24000.0,True,True,True
85,-0.11338455885202178,117,-0.5732244858385735,24333.33,True,True,True
84,-0.11338455885202178,142,-0.34636883270582947,86666.67,False,True,False
110,-0.11338455885202178,187,0.029702036123853144,190000.0,True,True,True
170,1.1971486284446706,105,2.0192382454163673,736666.67,True,True,True
220,1.1971486284446706,105,1.7402179233814417,660000.0,True,True,True
101,-0.11338455885202178,187,0.005439399425163944,183333.33,True,True,True
100,-0.11338455885202178,57,0.16314653796664375,226666.67,True,True,True
193,1.1971486284446706,86,0.915288275626009,433333.33,True,True,True
45,-1.4239177461487142,13,-0.613864402308878,13166.67,False,True,False
86,-0.11338455885202178,120,-0.4130910836272248,68333.33,True,False,True
138,1.1971486284446706,71,-0.45676382968486534,56333.33,True,True,True
55,-1.4239177461487142,135,-0.17653037581500505,133333.33,True,True,True
100,-0.11338455885202178,57,0.3329849948574682,273333.33,True,True,True
108,-0.11338455885202178,119,-0.29493204290460834,100800.0,True,True,True
94,-0.11338455885202178,57,0.3511819723814851,278333.33,True,True,True
101,-0.11338455885202178,57,0.40577290495353574,293333.33,True,True,True
101,-0.11338455885202178,57,0.36937894990550196,283333.33,True,True,True
99,-1.4239177461487142,57,0.35724763155615735,280000.0,True,True,True
97,-0.11338455885202178,150,0.24806576641205597,250000.0,True,True,True
" 8,400,000,000 ",-0.11338455885202178,57,0.3936415866041912,290000.0,True,True,True
126,-0.11338455885202178,57,0.73331850038584,383333.33,True,True,True
105,-0.11338455885202178,117,-0.5980936884547299,17500.0,True,True,True
101,-0.11338455885202178,167,-0.2559905110032122,111500.0,True,True,True
100,-0.11338455885202178,57,0.34511631320681274,276666.67,True,True,True
90,-0.11338455885202178,152,-0.5416830581302775,33000.0,True,True,True
146,1.1971486284446706,135,0.6483992719404278,360000.0,True,True,True
90,1.1971486284446706,141,-0.3524344918805018,85000.0,True,True,False
60,-0.11338455885202178,149,-0.4579769615197998,56000.0,False,True,False
130,1.1971486284446706,150,1.0729954141674887,476666.67,True,True,True
85,-0.11338455885202178,6,-0.33423751435648485,90000.0,True,True,False
132,1.1971486284446706,118,0.5392174067963263,330000.0,True,True,True
115,-0.11338455885202178,167,-0.10374246571893746,153333.33,True,True,True
70,-0.11338455885202178,120,-0.4737476753739478,51666.67,False,True,False
145,1.1971486284446706,120,-0.18866169416434966,130000.0,True,True,True
88,-0.11338455885202178,122,-0.30026982297832,99333.33,True,True,True
54,-1.4239177461487142,24,-0.5610931674892289,27666.67,False,True,False
65,-0.11338455885202178,120,-0.4616163570246032,55000.0,True,True,False
70,-1.4239177461487142,36,-0.4191567428018971,66666.67,True,True,False
63,-1.4239177461487142,111,-0.4943709165678336,46000.0,True,True,True
190,1.1971486284446706,189,0.915288275626009,433333.33,True,True,True
57,-1.4239177461487142,125,-0.5162072895966539,40000.0,True,True,True
144,1.1971486284446706,179,0.793975092132563,400000.0,True,True,True
85,-0.11338455885202178,146,-0.24325262673640036,115000.0,True,True,True
65,-0.11338455885202178,184,-0.4191567428018971,66666.67,False,True,True
88,1.1971486284446706,115,-0.5987002543721972,17333.33,False,False,True
74,-0.11338455885202178,34,-0.16439905746566047,136666.67,True,True,True
76,-0.11338455885202178,115,-0.6175037978136813,12166.67,False,False,False
88,-0.11338455885202178,115,-0.5914214633625904,19333.33,False,False,True
49,-1.4239177461487142,122,-0.3349653934574455,89800.0,True,True,True
287,3.8182150030380555,177,6.313724941084356,1916666.67,True,True,False
95,-0.11338455885202178,122,-0.18866169416434966,130000.0,True,True,False
65,-1.4239177461487142,6,-0.45676382968486534,56333.33,True,True,True
86,-0.11338455885202178,105,0.015144454104639625,186000.0,True,True,True
86,-0.11338455885202178,77,0.005439399425163944,183333.33,True,True,True
90,-0.11338455885202178,62,-0.5780770131783114,23000.0,True,True,True
62,-0.11338455885202178,43,-0.26144960426041725,110000.0,True,True,False
157,1.1971486284446706,57,0.9880761857220766,453333.33,True,True,True
90,-0.11338455885202178,162,-0.5780770131783114,23000.0,True,True,True
190,1.1971486284446706,57,1.2185712343596238,516666.67,True,True,True
90,-0.11338455885202178,127,-0.5022562734949075,43833.33,True,True,True
150,1.1971486284446706,57,0.672661908639117,366666.67,True,True,True
70,-0.11338455885202178,152,-0.5726179199211062,24500.0,True,True,True
91,-0.11338455885202178,169,-0.2978435593084511,100000.0,True,True,True
155,1.1971486284446706,57,1.1215206875648671,490000.0,True,True,True
245,1.1971486284446706,105,1.9537291263299066,718666.67,True,True,True
120,-0.11338455885202178,183,-0.055217192321559055,166666.67,True,True,True
150,-0.11338455885202178,57,0.915288275626009,433333.33,True,True,True
65,-0.11338455885202178,183,-0.3888284469285356,75000.0,True,True,False
106,-0.11338455885202178,183,-0.18866169416434966,130000.0,True,True,True
100,-0.11338455885202178,57,0.35724763155615735,280000.0,True,True,True
125,-0.11338455885202178,57,0.672661908639117,366666.67,True,True,True
57,-1.4239177461487142,52,-0.4325011929861761,63000.0,True,True,True
160,1.1971486284446706,105,1.3762783729011037,560000.0,True,True,True
43,-1.4239177461487142,24,-0.5162072895966539,40000.0,False,True,True
115,1.1971486284446706,52,-0.23718696756172808,116666.67,True,True,True
80,-0.11338455885202178,52,-0.3099748776577957,96666.67,True,True,True
93,-0.11338455885202178,163,-0.10374246571893746,153333.33,True,True,True
65,-0.11338455885202178,125,-0.4130910836272248,68333.33,True,False,True
90,-0.11338455885202178,163,-0.2978435593084511,100000.0,True,True,True
200,-0.11338455885202178,13,-0.4191567428018971,66666.67,True,True,False
135,1.1971486284446706,150,0.43003554165222496,300000.0,True,True,True
63,-0.11338455885202178,19,-0.49922344390757145,44666.67,False,True,False
53,-1.4239177461487142,19,-0.4798133345486201,50000.0,True,True,True
50,-1.4239177461487142,125,-0.5635194311590979,27000.0,False,True,False
72,-0.11338455885202178,125,-0.4658623184468738,53833.33,True,True,False
148,1.1971486284446706,135,0.854631683879286,416666.67,True,True,True
80,-0.11338455885202178,19,-0.360926414725043,82666.67,True,True,True
60,-0.11338455885202178,13,-0.5465355854700154,31666.67,True,True,True
102,-0.11338455885202178,150,0.5389747804293394,329933.33,True,True,True
95,-0.11338455885202178,97,0.005439399425163944,183333.33,True,True,True
83,-0.11338455885202178,128,-0.45555069784993085,56666.67,True,True,True
95,-0.11338455885202178,57,0.34511631320681274,276666.67,True,True,True
83,-0.11338455885202178,141,-0.3827627877538633,76666.67,True,True,True
60,-1.4239177461487142,107,-0.5556340742320238,29166.67,True,True,True
65,-0.11338455885202178,74,-0.4919446528979647,46666.67,True,True,True
90,-0.11338455885202178,57,0.3329849948574682,273333.33,True,True,True
200,1.1971486284446706,68,1.036601459119455,466666.67,True,True,True
53,-1.4239177461487142,74,-0.48951838922809576,47333.33,True,True,True
43,-1.4239177461487142,24,-0.5101416304219816,41666.67,True,True,True
97,-0.11338455885202178,163,-0.19108795783421859,129333.33,True,True,True
42,-1.4239177461487142,74,-0.5453224536350809,32000.0,True,False,True
120,-0.11338455885202178,0,-0.19108795783421859,129333.33,True,True,True
97,-0.11338455885202178,142,-0.2274819128822524,119333.33,True,True,True
97,-0.11338455885202178,163,-0.23718696756172808,116666.67,True,True,True
90,-0.11338455885202178,163,-0.26387586793028617,109333.33,True,True,True
97,-0.11338455885202178,26,-0.22505564921238347,120000.0,True,True,True
90,-0.11338455885202178,163,-0.21535059453290778,122666.67,True,True,True
198,1.1971486284446706,57,0.975944867372732,450000.0,True,True,True
929,3.8182150030380555,188,9.043271569686892,2666666.67,True,True,False
90,-0.11338455885202178,122,-0.09403741103946178,156000.0,True,True,True
150,1.1971486284446706,122,0.47856081504960335,313333.33,True,True,True
136,1.1971486284446706,163,0.09035862787057615,206666.67,True,True,True
120,-0.11338455885202178,163,-0.16439905746566047,136666.67,True,True,True
90,-0.11338455885202178,122,-0.23476070389185916,117333.33,True,True,True
550,1.1971486284446706,2,-0.11587378406828205,150000.0,True,True,False
50,-1.4239177461487142,122,-0.3585001510551741,83333.33,True,True,True
90,-0.11338455885202178,97,0.06609599117188694,200000.0,True,True,True
55,-1.4239177461487142,122,-0.3827627877538633,76666.67,True,True,True
75,-0.11338455885202178,74,-0.37669712857919097,78333.33,True,True,True
47,-1.4239177461487142,122,-0.40702542445255246,70000.0,True,True,True
65,-0.11338455885202178,122,-0.3888284469285356,75000.0,True,True,False
420,2.5076818157413627,189,10.547555045005623,3080000.0,True,True,True
124,1.1971486284446706,163,0.06003033199721464,198333.33,True,True,True
86,-0.11338455885202178,122,-0.14620207994164355,141666.67,True,True,True
70,-1.4239177461487142,122,-0.28571224095910647,103333.33,True,True,True
181,1.1971486284446706,179,0.9880761857220766,453333.33,True,True,True
68,-0.11338455885202178,122,-0.3912547105984045,74333.33,True,True,False
67,-0.11338455885202178,122,-0.34636883270582947,86666.67,True,True,True
72,-1.4239177461487142,112,-0.11587378406828205,150000.0,True,True,True
145,1.1971486284446706,26,0.08429296869590384,205000.0,True,True,True
116,-0.11338455885202178,150,0.5343648794565885,328666.67,True,True,True
65,-1.4239177461487142,108,-0.33423751435648485,90000.0,True,True,True
125,-0.11338455885202178,112,0.46642949670025874,310000.0,True,True,True
143,1.1971486284446706,135,0.6969245453378061,373333.33,True,True,True
150,1.1971486284446706,135,1.1336520059142117,493333.33,True,True,True
88,-0.11338455885202178,163,-0.3512213600455673,85333.33,True,True,True
380,2.5076818157413627,44,5.403876064883511,1666666.67,True,True,True
95,-0.11338455885202178,111,-0.2990566911433855,99666.67,True,True,True
58,-1.4239177461487142,156,-0.31604053683246797,95000.0,True,True,True
190,1.1971486284446706,50,2.371046477547361,833333.33,True,True,True
120,-0.11338455885202178,43,0.27232840311074513,256666.67,True,True,True
130,1.1971486284446706,155,0.24806576641205597,250000.0,True,True,True
85,-0.11338455885202178,122,-0.32210619600714024,93333.33,True,True,False
100,-0.11338455885202178,71,-0.5283386079459985,36666.67,True,True,False
115,-0.11338455885202178,57,0.49069213339894796,316666.67,True,True,True
76,-0.11338455885202178,146,-0.360926414725043,82666.67,True,True,True
125,-0.11338455885202178,122,0.06609599117188694,200000.0,True,True,True
110,-0.11338455885202178,122,-0.18866169416434966,130000.0,True,True,True
96,-0.11338455885202178,122,-0.15833339829098816,138333.33,True,True,True
75,-0.11338455885202178,71,-0.5101416304219816,41666.67,True,True,False
105,-0.11338455885202178,26,-0.14013642076697128,143333.33,True,True,True
160,1.1971486284446706,68,0.18740917466533294,233333.33,True,True,True
76,-0.11338455885202178,74,-0.4434193795005863,60000.0,True,True,True
290,2.5076818157413627,189,1.2731621669316746,531666.67,True,True,True
110,-0.11338455885202178,188,0.011505058599836245,185000.0,False,True,True
198,2.5076818157413627,13,-0.030954555622869858,173333.33,True,True,False
105,-0.11338455885202178,13,-0.4276486656464383,64333.33,True,True,True
90,-0.11338455885202178,71,-0.5285812343129854,36600.0,True,True,True
63,-1.4239177461487142,71,-0.5547848819475697,29400.0,True,True,True
100,-0.11338455885202178,26,-0.22505564921238347,120000.0,True,True,True
117,1.1971486284446706,71,-0.4203698746368315,66333.33,True,True,True
91,-0.11338455885202178,71,-0.4628294888595376,54666.67,True,True,False
60,-1.4239177461487142,71,-0.5671588266639012,26000.0,True,True,False
110,-0.11338455885202178,71,-0.35486075555037067,84333.33,True,True,True
96,-0.11338455885202178,111,-0.2990566911433855,99666.67,True,True,True
113,-0.11338455885202178,43,-0.14013642076697128,143333.33,True,True,True
74,-0.11338455885202178,163,-0.32210619600714024,93333.33,True,True,True
155,1.1971486284446706,39,0.5270860884469818,326666.67,True,True,True
125,-0.11338455885202178,111,-0.18866169416434966,130000.0,True,True,True
49,-1.4239177461487142,37,-0.2796465817844342,105000.0,True,False,True
148,1.1971486284446706,135,0.8643367385587617,419333.33,True,True,True
134,1.1971486284446706,125,-0.30390921848312336,98333.33,True,True,True
90,-0.11338455885202178,26,-0.22505564921238347,120000.0,True,True,True
110,-1.4239177461487142,26,-0.12193944324295436,148333.33,True,True,True
115,-0.11338455885202178,122,-0.006085353006713427,180166.67,True,True,True
90,-0.11338455885202178,32,-0.018823237273525258,176666.67,True,True,True
95,-0.11338455885202178,106,-0.14013642076697128,143333.33,True,True,True
105,-0.11338455885202178,117,-0.5707982221687046,25000.0,True,True,True
63,-0.11338455885202178,10,-0.4630721152265245,54600.0,True,True,True
185,1.1971486284446706,118,0.915288275626009,433333.33,True,True,True
250,1.1971486284446706,44,4.190744229949051,1333333.33,True,True,True
88,-0.11338455885202178,108,-0.19472735333902197,128333.33,True,True,False
95,-0.11338455885202178,164,-0.14013642076697128,143333.33,True,True,True
108,-0.11338455885202178,68,0.11462126456926534,213333.33,True,True,True
90,-0.11338455885202178,163,-0.2032192761835632,126000.0,True,True,True
160,1.1971486284446706,179,0.5028234517482926,320000.0,True,True,True
78,-0.11338455885202178,115,-0.6102250068040745,14166.67,False,True,True
120,1.1971486284446706,119,-0.590208331527656,19666.67,True,True,True
158,1.1971486284446706,118,0.6799406996487237,368666.67,True,True,True
56,-1.4239177461487142,183,-0.3888284469285356,75000.0,True,True,True
155,1.1971486284446706,118,0.936518082737362,439166.67,True,True,True
100,-0.11338455885202178,163,0.029702036123853144,190000.0,True,True,True
182,1.1971486284446706,135,0.73331850038584,383333.33,True,True,True
63,-0.11338455885202178,146,-0.3888284469285356,75000.0,True,True,True
125,-0.11338455885202178,152,-0.5368305307905397,34333.33,True,True,True
53,-1.4239177461487142,152,-0.613864402308878,13166.67,False,False,False
150,1.1971486284446706,43,0.49069213339894796,316666.67,True,True,True
62,-0.11338455885202178,122,-0.39489410610320785,73333.33,True,True,False
113,-0.11338455885202178,43,0.06609599117188694,200000.0,True,True,True
93,-0.11338455885202178,115,-0.5829295405180491,21666.67,True,True,False
84,-0.11338455885202178,31,-0.4009597652778802,71666.67,True,True,True
83,-0.11338455885202178,74,-0.39489410610320785,73333.33,True,True,True
150,1.1971486284446706,57,0.915288275626009,433333.33,True,True,True
147,1.1971486284446706,43,0.5028234517482926,320000.0,True,True,True
75,-0.11338455885202178,135,0.005439399425163944,183333.33,True,True,True
119,-0.11338455885202178,156,-0.09161114736959286,156666.67,True,True,True
105,-0.11338455885202178,135,-0.07947982902024826,160000.0,True,True,True
70,-0.11338455885202178,192,-0.07584043351544488,161000.0,True,True,True
115,-0.11338455885202178,43,0.10248994621992075,210000.0,True,True,True
179,1.1971486284446706,179,0.3153945832509185,268500.0,True,True,True
86,-0.11338455885202178,26,-0.22505564921238347,120000.0,True,True,True
70,-1.4239177461487142,183,-0.21898999003771116,121666.67,True,True,True
48,-1.4239177461487142,146,-0.4494850386752586,58333.33,True,True,True
70,-0.11338455885202178,84,-0.5101416304219816,41666.67,False,True,True
102,-0.11338455885202178,135,0.08065357319110046,204000.0,True,True,True
85,-0.11338455885202178,117,-0.6047659135468695,15666.67,True,False,True
72,-0.11338455885202178,183,-0.3706314694045187,80000.0,True,True,False
180,1.1971486284446706,135,1.0972580508661778,483333.33,True,True,True
138,1.1971486284446706,135,0.46642949670025874,310000.0,True,True,True
87,-0.11338455885202178,152,-0.5453224536350809,32000.0,True,True,True
705,3.8182150030380555,0,10.377716588114799,3033333.33,True,True,False
200,1.1971486284446706,135,1.2792278261063468,533333.33,True,True,True
87,-0.11338455885202178,117,-0.5926345951975248,19000.0,True,True,True
75,-0.11338455885202178,146,-0.25538394508574497,111666.67,True,True,True
57,-1.4239177461487142,183,-0.3099748776577957,96666.67,True,True,True
62,-1.4239177461487142,183,-0.3403031735311572,88333.33,True,True,True
65,-0.11338455885202178,183,-0.28571224095910647,103333.33,True,True,True
70,-1.4239177461487142,135,-0.26144960426041725,110000.0,False,True,False
65,-1.4239177461487142,183,-0.32210619600714024,93333.33,True,True,True
100,-0.11338455885202178,111,-0.32210619600714024,93333.33,True,True,True
210,1.1971486284446706,135,1.3277530995037252,546666.67,True,True,True
110,-0.11338455885202178,135,0.41790422330288035,296666.67,True,True,True
68,-0.11338455885202178,183,-0.3099748776577957,96666.67,True,True,True
101,-0.11338455885202178,135,0.012111624517303474,185166.67,True,True,True
165,1.1971486284446706,135,0.612005316892394,350000.0,True,True,True
300,2.5076818157413627,135,2.977612395014591,1000000.0,True,True,True
245,1.1971486284446706,150,1.643167376586685,633333.33,True,True,True
105,-0.11338455885202178,13,-0.5404699262953431,33333.33,True,True,False
135,-0.11338455885202178,135,0.40577290495353574,293333.33,True,True,True
130,1.1971486284446706,135,0.46642949670025874,310000.0,True,True,True
83,-0.11338455885202178,135,-0.10374246571893746,153333.33,True,False,True
60,-1.4239177461487142,135,-0.09767680654426517,155000.0,True,True,True
52,-1.4239177461487142,164,-0.3281718551818126,91666.67,True,True,True
60,-0.11338455885202178,183,-0.31604053683246797,95000.0,True,True,True
70,-0.11338455885202178,40,-0.2978435593084511,100000.0,True,True,True
140,1.1971486284446706,150,0.6969245453378061,373333.33,True,True,True
120,-0.11338455885202178,135,0.16314653796664375,226666.67,True,True,True
62,-1.4239177461487142,152,-0.5999133862071316,17000.0,True,True,True
70,-0.11338455885202178,183,-0.34636883270582947,86666.67,True,True,True
150,1.1971486284446706,135,0.49069213339894796,316666.67,True,True,True
69,-0.11338455885202178,156,-0.43735372032591396,61666.67,True,True,False
70,-1.4239177461487142,40,-0.34636883270582947,86666.67,True,True,True
100,-0.11338455885202178,74,-0.3827627877538633,76666.67,True,True,True
75,-0.11338455885202178,183,-0.3585001510551741,83333.33,True,True,False
103,-0.11338455885202178,19,-0.2796465817844342,105000.0,True,True,True
85,-0.11338455885202178,156,-0.3403031735311572,88333.33,True,True,True
150,1.1971486284446706,122,0.612005316892394,350000.0,True,True,True
66,-0.11338455885202178,123,-0.14620207994164355,141666.67,True,True,True
101,-0.11338455885202178,120,-0.26144960426041725,110000.0,True,False,True
290,2.5076818157413627,14,2.613672844534253,900000.0,True,True,True
106,-0.11338455885202178,135,0.06609599117188694,200000.0,True,True,True
107,1.1971486284446706,47,-0.30148295481325443,99000.0,True,True,False
122,-0.11338455885202178,74,-0.18866169416434966,130000.0,True,True,True
195,1.1971486284446706,150,1.703823968333408,650000.0,True,True,True
98,-0.11338455885202178,146,-0.27358092260976186,106666.67,True,True,True
98,-0.11338455885202178,117,-0.5683719584988357,25666.67,True,True,True
200,1.1971486284446706,57,1.2792278261063468,533333.33,True,True,True
400,2.5076818157413627,44,6.980947450298309,2100000.0,True,True,True
110,-0.11338455885202178,43,0.34511631320681274,276666.67,True,True,True
95,-0.11338455885202178,111,-0.30390921848312336,98333.33,True,True,True
60,-1.4239177461487142,164,-0.3706314694045187,80000.0,True,True,True
76,-0.11338455885202178,115,-0.6199300614835502,11500.0,False,False,False
222,1.1971486284446706,57,1.7402179233814417,660000.0,True,True,True
120,-0.11338455885202178,122,0.06609599117188694,200000.0,True,True,True
270,1.1971486284446706,77,2.55301625278753,883333.33,True,True,True
110,-0.11338455885202178,164,-0.2274819128822524,119333.33,True,True,False
84,-0.11338455885202178,152,-0.5426535635982251,32733.33,True,True,True
76,-0.11338455885202178,152,-0.556240640149491,29000.0,True,True,True
75,-0.11338455885202178,115,-0.6132578363914107,13333.33,False,True,True
170,2.5076818157413627,13,-0.2905647682988443,102000.0,True,True,True
92,-0.11338455885202178,13,-0.5489618491398843,31000.0,False,True,False
122,1.1971486284446706,115,-0.55866690381936,28333.33,True,True,False
170,1.1971486284446706,43,0.28445972146008974,260000.0,True,True,True
147,1.1971486284446706,118,0.3511819723814851,278333.33,True,True,True
47,-1.4239177461487142,74,-0.55866690381936,28333.33,False,True,False
100,-0.11338455885202178,118,0.06609599117188694,200000.0,True,True,True
180,1.1971486284446706,135,0.975944867372732,450000.0,True,True,True
90,-0.11338455885202178,108,-0.2796465817844342,105000.0,True,True,True
80,-0.11338455885202178,146,-0.3524344918805018,85000.0,True,True,True
59,-1.4239177461487142,120,-0.46768201619927546,53333.33,True,False,True
87,-0.11338455885202178,117,-0.55866690381936,28333.33,True,True,True
50,-1.4239177461487142,111,-0.5404699262953431,33333.33,False,True,True
123,1.1971486284446706,57,0.23593444806271135,246666.67,True,True,True
56,-1.4239177461487142,52,-0.39489410610320785,73333.33,True,True,True
105,-0.11338455885202178,117,-0.5471421513874826,31500.0,True,True,True
57,-1.4239177461487142,19,-0.4494850386752586,58333.33,True,True,True
78,-0.11338455885202178,163,-0.23718696756172808,116666.67,True,True,True
92,-0.11338455885202178,163,-0.19108795783421859,129333.33,True,True,True
100,-0.11338455885202178,117,-0.5344042671206708,35000.0,True,True,True
152,1.1971486284446706,135,0.5270860884469818,326666.67,True,True,True
155,1.1971486284446706,150,0.43003554165222496,300000.0,True,True,True
115,1.1971486284446706,146,-0.19230108966915305,129000.0,True,True,True
145,1.1971486284446706,150,0.672661908639117,366666.67,True,True,True
115,-0.11338455885202178,187,-0.006691918924180656,180000.0,True,True,True
60,-1.4239177461487142,26,-0.39610723793814234,73000.0,True,True,False
160,1.1971486284446706,57,0.5756113618443601,340000.0,True,True,True
101,-0.11338455885202178,106,-0.03702021479754216,171666.67,True,True,True
98,-0.11338455885202178,163,-0.22505564921238347,120000.0,True,True,True
92,-0.11338455885202178,122,-0.19230108966915305,129000.0,True,True,True
90,-0.11338455885202178,108,-0.19108795783421859,129333.33,True,True,True
150,1.1971486284446706,183,0.21167181136402216,240000.0,True,True,True
106,-0.11338455885202178,119,-0.3026960866481889,98666.67,True,True,True
135,1.1971486284446706,36,-0.15226773911631586,140000.0,True,True,True
209,1.1971486284446706,183,0.915288275626009,433333.33,True,True,True
115,-0.11338455885202178,167,-0.22505564921238347,120000.0,True,True,False
110,-0.11338455885202178,181,-0.18259603498967736,131666.67,True,True,False
90,-0.11338455885202178,108,-0.2796465817844342,105000.0,False,True,True
190,1.1971486284446706,14,2.249733294053915,800000.0,True,True,True
133,1.1971486284446706,57,0.9516822306740428,443333.33,True,True,True
200,1.1971486284446706,7,2.613672844534253,900000.0,True,True,True
220,1.1971486284446706,77,3.4143398555909967,1120000.0,True,True,True
130,1.1971486284446706,57,0.3936415866041912,290000.0,True,True,True
123,1.1971486284446706,18,-0.24325262673640036,115000.0,True,True,False
105,-0.11338455885202178,36,-0.16439905746566047,136666.67,True,True,True
103,1.1971486284446706,156,-0.16100228832784397,137600.0,True,True,True
105,-0.11338455885202178,117,-0.5756507495084424,23666.67,True,True,True
161,1.1971486284446706,119,0.11462126456926534,213333.33,True,True,True
115,1.1971486284446706,152,-0.46768201619927546,53333.33,False,True,True
85,-0.11338455885202178,18,-0.28571224095910647,103333.33,False,False,False
50,-0.11338455885202178,156,-0.4409931158307174,60666.67,True,True,False
160,1.1971486284446706,119,0.15101521961729916,223333.33,True,True,True
232,1.1971486284446706,50,2.128420110560469,766666.67,True,True,True
117,-0.11338455885202178,156,-0.19108795783421859,129333.33,True,True,True
77,-0.11338455885202178,183,-0.24931828591107266,113333.33,True,True,True
100,-0.11338455885202178,187,-0.18259603498967736,131666.67,True,True,False
85,-0.11338455885202178,108,-0.30390921848312336,98333.33,True,True,False
145,1.1971486284446706,50,0.672661908639117,366666.67,True,True,True
127,1.1971486284446706,64,-0.11830004773815098,149333.33,True,True,True
79,-0.11338455885202178,156,-0.30390921848312336,98333.33,True,True,True
120,-0.11338455885202178,57,0.672661908639117,366666.67,True,True,True
173,1.1971486284446706,105,0.672661908639117,366666.67,True,True,True
195,1.1971486284446706,50,1.4345087009779578,576000.0,True,True,True
66,-0.11338455885202178,183,-0.38640218325866665,75666.67,True,True,True
140,1.1971486284446706,57,0.6908588861631338,371666.67,True,True,True
93,-0.11338455885202178,17,-0.5040759712473093,43333.33,True,True,True
80,-0.11338455885202178,187,-0.14620207994164355,141666.67,True,True,True
119,-0.11338455885202178,156,-0.006691918924180656,180000.0,True,True,True
100,-0.11338455885202178,43,0.12675258291860994,216666.67,True,True,True
115,-0.11338455885202178,156,-0.19594048517395643,128000.0,True,True,True
52,-1.4239177461487142,43,-0.21292433086303886,123333.33,True,True,True
136,1.1971486284446706,119,-0.49679718023770253,45333.33,True,True,True
95,-0.11338455885202178,156,-0.055217192321559055,166666.67,True,True,True
83,1.1971486284446706,156,-0.28571224095910647,103333.33,True,True,True
100,-0.11338455885202178,152,-0.45555069784993085,56666.67,True,True,True
70,-0.11338455885202178,156,-0.3524344918805018,85000.0,True,True,False
73,-0.11338455885202178,156,-0.3487950963756984,86000.0,True,True,False
70,-0.11338455885202178,146,-0.4191567428018971,66666.67,True,True,True
105,-0.11338455885202178,117,-0.6011265180420661,16666.67,True,True,True
87,-0.11338455885202178,117,-0.5974871225372627,17666.67,True,True,True
66,-1.4239177461487142,117,-0.574437617673508,24000.0,True,True,True
98,-0.11338455885202178,117,-0.5404699262953431,33333.33,True,True,True
64,-0.11338455885202178,146,-0.421583006471766,66000.0,True,True,True
65,-0.11338455885202178,146,-0.4191567428018971,66666.67,True,True,True
85,-0.11338455885202178,26,-0.25538394508574497,111666.67,True,True,True
85,-0.11338455885202178,122,-0.11587378406828205,150000.0,True,True,True
93,-0.11338455885202178,57,0.017570717774508544,186666.67,True,True,True
155,1.1971486284446706,68,0.43003554165222496,300000.0,True,True,True
450,-0.11338455885202178,2,-0.11587378406828205,150000.0,False,False,False
117,1.1971486284446706,150,0.16314653796664375,226666.67,True,True,True
85,-0.11338455885202178,113,-0.5841426723529837,21333.33,True,True,True
500,2.5076818157413627,31,1.764480560080131,666666.67,True,True,False
900,1.1971486284446706,31,0.36937894990550196,283333.33,True,True,False
60,-1.4239177461487142,119,-0.556240640149491,29000.0,True,True,True
58,-0.11338455885202178,137,-0.5162072895966539,40000.0,True,True,True
118,-0.11338455885202178,152,-0.5453224536350809,32000.0,True,True,True
98,-0.11338455885202178,57,0.3936415866041912,290000.0,True,True,True
60,-1.4239177461487142,100,-0.40702542445255246,70000.0,False,True,True
85,-0.11338455885202178,57,0.23593444806271135,246666.67,True,True,True
110,-0.11338455885202178,68,-0.055217192321559055,166666.67,True,True,True
190,1.1971486284446706,57,0.793975092132563,400000.0,True,True,True
150,1.1971486284446706,57,1.0972580508661778,483333.33,True,True,True
197,1.1971486284446706,57,0.9516822306740428,443333.33,True,True,True
153,-0.11338455885202178,57,0.9516822306740428,443333.33,True,True,True
99,-0.11338455885202178,68,-0.06734851067090365,163333.33,True,True,True
195,1.1971486284446706,57,1.7523492417307862,663333.33,True,True,True
125,-0.11338455885202178,57,0.7454498187351846,386666.67,True,True,True
103,-0.11338455885202178,68,0.1437364286076924,221333.33,True,True,True
235,1.1971486284446706,57,2.431703069294084,850000.0,True,True,True
107,-0.11338455885202178,179,0.9395509123246982,440000.0,True,True,True
195,1.1971486284446706,57,1.703823968333408,650000.0,True,True,True
170,1.1971486284446706,57,1.0972580508661778,483333.33,False,False,False
153,1.1971486284446706,57,0.915288275626009,433333.33,True,True,True
90,-0.11338455885202178,120,-0.3403031735311572,88333.33,True,True,True
88,-0.11338455885202178,57,0.2601970847614006,253333.33,True,True,True
100,-0.11338455885202178,57,0.36937894990550196,283333.33,True,True,True
100,-0.11338455885202178,135,0.12675258291860994,216666.67,True,True,True
203,1.1971486284446706,15,1.012338822420766,460000.0,True,True,True
200,1.1971486284446706,14,0.9516822306740428,443333.33,True,True,True
200,1.1971486284446706,15,1.0002075040714211,456666.67,True,True,True
116,1.1971486284446706,57,0.30872235815877896,266666.67,True,True,True
202,1.1971486284446706,15,0.9516822306740428,443333.33,False,False,False
202,1.1971486284446706,14,0.9395509123246982,440000.0,True,True,True
61,-1.4239177461487142,160,-0.5018923339444272,43933.33,True,True,True
70,-0.11338455885202178,74,-0.4737476753739478,51666.67,True,True,True
62,-0.11338455885202178,24,-0.4919446528979647,46666.67,True,True,True
200,1.1971486284446706,15,0.9516822306740428,443333.33,True,True,True
120,1.1971486284446706,111,-0.18259603498967736,131666.67,True,True,True
87,-0.11338455885202178,11,-0.08190609269011719,159333.33,True,True,True
200,1.1971486284446706,14,0.9638135490233873,446666.67,True,True,True
80,-0.11338455885202178,115,-0.6011265180420661,16666.67,True,True,True
202,1.1971486284446706,15,0.975944867372732,450000.0,False,False,False
57,-1.4239177461487142,111,-0.5016497075774403,44000.0,False,True,True
202,1.1971486284446706,15,1.0002075040714211,456666.67,True,True,True
84,-0.11338455885202178,120,-0.3888284469285356,75000.0,True,True,True
202,1.1971486284446706,14,1.1215206875648671,490000.0,True,True,True
93,-0.11338455885202178,135,0.017570717774508544,186666.67,True,True,True
85,-0.11338455885202178,57,0.30872235815877896,266666.67,True,True,True
100,-0.11338455885202178,135,0.23593444806271135,246666.67,True,True,True
153,-0.11338455885202178,14,0.612005316892394,350000.0,True,True,True
122,1.1971486284446706,135,0.30872235815877896,266666.67,True,True,True
150,-0.11338455885202178,14,0.612005316892394,350000.0,True,True,True
56,-0.11338455885202178,111,-0.4798133345486201,50000.0,True,True,True
150,-0.11338455885202178,15,0.612005316892394,350000.0,True,True,True
202,1.1971486284446706,15,1.0729954141674887,476666.67,True,True,True
201,1.1971486284446706,14,1.0608640958181441,473333.33,True,True,True
140,1.1971486284446706,152,-0.34758196454076395,86333.33,True,True,True
200,1.1971486284446706,14,1.036601459119455,466666.67,True,True,True
67,-0.11338455885202178,74,-0.4798133345486201,50000.0,True,True,False
86,-0.11338455885202178,57,0.21167181136402216,240000.0,True,True,True
84,-0.11338455885202178,57,0.23593444806271135,246666.67,True,True,True
86,-0.11338455885202178,26,-0.20079301251369427,126666.67,True,True,True
67,-0.11338455885202178,156,-0.3827627877538633,76666.67,True,True,True
90,-0.11338455885202178,108,-0.07947982902024826,160000.0,True,True,True
83,-0.11338455885202178,57,0.22380312971336674,243333.33,True,True,True
70,-0.11338455885202178,74,-0.4519113023451275,57666.67,True,True,True
88,-0.11338455885202178,152,-0.5240683838870291,37840.0,True,True,True
167,1.1971486284446706,57,0.672661908639117,366666.67,True,True,True
100,-0.11338455885202178,152,-0.5829295405180491,21666.67,False,False,False
100,-0.11338455885202178,152,-0.5404699262953431,33333.33,True,True,True
60,-0.11338455885202178,163,-0.3827627877538633,76666.67,True,True,True
155,1.1971486284446706,57,0.672661908639117,366666.67,True,True,True
76,-0.11338455885202178,74,-0.43735372032591396,61666.67,True,True,True
90,-0.11338455885202178,152,-0.5526012446446876,30000.0,True,True,True
65,-1.4239177461487142,152,-0.5968805566197954,17833.33,True,True,True
80,-0.11338455885202178,152,-0.5792901450132458,22666.67,True,True,True
135,-0.11338455885202178,57,0.3936415866041912,290000.0,True,True,True
94,-0.11338455885202178,152,-0.5465355854700154,31666.67,True,True,True
110,-0.11338455885202178,57,0.3329849948574682,273333.33,True,True,True
115,1.1971486284446706,50,0.17527785631598836,230000.0,True,True,True
170,1.1971486284446706,57,0.6969245453378061,373333.33,True,True,True
115,1.1971486284446706,50,0.17527785631598836,230000.0,False,True,True
60,-1.4239177461487142,31,-0.5526012446446876,30000.0,False,False,False
105,-0.11338455885202178,135,0.04183335447319775,193333.33,True,True,True
61,-0.11338455885202178,141,-0.5356173989556052,34666.67,False,True,False
100,-0.11338455885202178,135,0.06609599117188694,200000.0,True,True,True
145,1.1971486284446706,74,-0.10374246571893746,153333.33,True,True,True
87,-0.11338455885202178,117,-0.6036740948954284,15966.67,True,True,True
87,-0.11338455885202178,117,-0.6016117707760399,16533.33,True,True,True
115,1.1971486284446706,150,0.12675258291860994,216666.67,True,True,True
85,-0.11338455885202178,117,-0.5780770131783114,23000.0,True,True,True
67,-0.11338455885202178,122,-0.38518905142373216,76000.0,True,True,False
94,-0.11338455885202178,156,-0.38518905142373216,76000.0,True,True,True
94,-0.11338455885202178,192,-0.2978435593084511,100000.0,True,True,True
99,-0.11338455885202178,192,-0.15833339829098816,138333.33,True,True,True
86,-0.11338455885202178,117,-0.5538143764796222,29666.67,True,True,True
60,-0.11338455885202178,183,-0.3403031735311572,88333.33,True,True,True
58,-1.4239177461487142,150,-0.24931828591107266,113333.33,True,True,True
76,-0.11338455885202178,146,-0.31604053683246797,95000.0,True,True,True
57,-1.4239177461487142,164,-0.3706314694045187,80000.0,True,True,True
81,-0.11338455885202178,183,-0.26144960426041725,110000.0,True,True,True
112,1.1971486284446706,183,-0.22505564921238347,120000.0,True,True,True
75,-0.11338455885202178,156,-0.23718696756172808,116666.67,True,True,True
153,1.1971486284446706,122,0.24806576641205597,250000.0,True,True,True
95,-0.11338455885202178,150,-0.04308587397221446,170000.0,True,True,True
101,-0.11338455885202178,150,0.13463793984568395,218833.33,True,True,True
65,-0.11338455885202178,74,-0.48587899372329235,48333.33,True,True,False
88,1.1971486284446706,115,-0.6041593476294023,15833.33,False,True,True
113,1.1971486284446706,57,0.06609599117188694,200000.0,True,True,False
50,-1.4239177461487142,152,-0.6181103637311485,12000.0,True,True,False
45,-1.4239177461487142,111,-0.5162072895966539,40000.0,False,False,True
53,-1.4239177461487142,100,-0.49801031207263696,45000.0,False,True,True
100,-0.11338455885202178,13,-0.4434193795005863,60000.0,True,True,True
50,-1.4239177461487142,157,-0.6011265180420661,16666.67,True,True,False
43,-2.7344509334454066,101,-0.6181103637311485,12000.0,False,True,False
85,-0.11338455885202178,21,-0.5689785244163029,25500.0,True,True,False
134,1.1971486284446706,106,0.11462126456926534,213333.33,True,True,True
90,-0.11338455885202178,146,-0.2978435593084511,100000.0,True,True,True
90,-0.11338455885202178,152,-0.5089284985870471,42000.0,True,True,True
135,-0.11338455885202178,136,-0.39489410610320785,73333.33,True,True,False
130,1.1971486284446706,127,0.047899013647870047,195000.0,True,True,True
55,-1.4239177461487142,13,-0.5950608588673938,18333.33,True,True,False
200,3.8182150030380555,36,0.793975092132563,400000.0,False,False,False
107,-0.11338455885202178,151,-0.5647325629940323,26666.67,True,True,True
150,-0.11338455885202178,113,-0.5077153667521127,42333.33,True,True,True
56,-1.4239177461487142,111,-0.5162072895966539,40000.0,False,True,False
160,1.1971486284446706,18,-0.11587378406828205,150000.0,True,True,False
138,1.1971486284446706,141,-0.2269966601482786,119466.67,True,True,True
125,1.1971486284446706,170,-0.20685867168836655,125000.0,True,True,True
83,-0.11338455885202178,146,-0.3572870192202396,83666.67,True,True,True
131,1.1971486284446706,127,0.047899013647870047,195000.0,True,True,True
115,-0.11338455885202178,26,-0.07098790617570704,162333.33,True,True,True
50,-1.4239177461487142,13,-0.5829295405180491,21666.67,True,True,False
91,-0.11338455885202178,183,-0.22505564921238347,120000.0,True,True,True
80,-0.11338455885202178,26,-0.2499248518285399,113166.67,True,True,True
40,-1.4239177461487142,125,-0.574437617673508,24000.0,False,True,False
68,-0.11338455885202178,146,-0.4009597652778802,71666.67,True,True,True
110,-0.11338455885202178,156,-0.18623543049448074,130666.67,True,True,True
63,-1.4239177461487142,192,-0.5732244858385735,24333.33,True,True,False
50,-1.4239177461487142,24,-0.5610931674892289,27666.67,True,True,False
110,-0.11338455885202178,146,0.011505058599836245,185000.0,True,True,True
95,-0.11338455885202178,146,-0.30754861398792677,97333.33,True,True,True
65,-0.11338455885202178,163,-0.3888284469285356,75000.0,True,True,True
62,-0.11338455885202178,24,-0.5489618491398843,31000.0,False,True,False
37,-1.4239177461487142,65,-0.5610931674892289,27666.67,False,True,True
105,-0.11338455885202178,183,-0.21898999003771116,121666.67,True,True,True
41,-1.4239177461487142,141,-0.5683719584988357,25666.67,False,True,False
85,-0.11338455885202178,155,-0.10374246571893746,153333.33,True,True,True
150,1.1971486284446706,150,0.8364347063552691,411666.67,True,True,True
83,-0.11338455885202178,40,-0.32210619600714024,93333.33,True,True,True
174,1.1971486284446706,176,0.551348725145671,333333.33,True,True,True
105,1.1971486284446706,187,-0.08857831778225671,157500.0,True,True,True
57,-0.11338455885202178,182,-0.5083219326695799,42166.67,False,False,True
200,1.1971486284446706,138,0.18740917466533294,233333.33,True,True,True
75,-0.11338455885202178,21,-0.5889951996927215,20000.0,False,False,False
87,-0.11338455885202178,117,-0.5526012446446876,30000.0,False,False,False
63,-0.11338455885202178,125,-0.5089284985870471,42000.0,False,True,False
64,-0.11338455885202178,26,-0.39004157876347,74666.67,True,True,True
65,-0.11338455885202178,111,-0.5162072895966539,40000.0,False,False,False
44,-1.4239177461487142,157,-0.5926345951975248,19000.0,False,True,False
85,-0.11338455885202178,113,-0.6187169296486158,11833.33,False,False,False
43,-1.4239177461487142,5,-0.5647325629940323,26666.67,False,True,False
118,1.1971486284446706,142,-0.06734851067090365,163333.33,True,True,True
92,-0.11338455885202178,156,-0.33423751435648485,90000.0,True,True,True
124,1.1971486284446706,142,-0.24931828591107266,113333.33,True,True,True
56,-1.4239177461487142,74,-0.5465355854700154,31666.67,False,True,False
40,-1.4239177461487142,120,-0.556240640149491,29000.0,False,True,False
92,-0.11338455885202178,183,-0.30148295481325443,99000.0,True,True,True
86,-0.11338455885202178,26,-0.2578102087556139,111000.0,True,True,True
51,-0.11338455885202178,156,-0.43735372032591396,61666.67,True,True,False
70,-1.4239177461487142,21,-0.5938477270324594,18666.67,False,False,False
85,-0.11338455885202178,152,-0.5329485089187495,35400.0,True,True,True
51,-1.4239177461487142,111,-0.5526012446446876,30000.0,False,True,False
131,-0.11338455885202178,128,-0.24931828591107266,113333.33,True,True,True
48,-1.4239177461487142,84,-0.5623062993241633,27333.33,False,True,False
84,-0.11338455885202178,13,-0.5680080189483553,25766.67,True,True,False
95,-0.11338455885202178,65,-0.37669712857919097,78333.33,True,True,True
74,-0.11338455885202178,48,-0.3026960866481889,98666.67,True,True,True
68,-0.11338455885202178,40,-0.3585001510551741,83333.33,True,True,True
240,2.5076818157413627,119,-0.07947982902024826,160000.0,True,True,True
" 3,600 ",-0.11338455885202178,157,0.5173810337675061,324000.0,False,False,False
44,-1.4239177461487142,125,-0.5683719584988357,25666.67,False,True,False
82,-0.11338455885202178,156,-0.31604053683246797,95000.0,True,True,True
42,-1.4239177461487142,120,-0.5453224536350809,32000.0,False,True,False
63,-1.4239177461487142,14,-0.17653037581500505,133333.33,True,True,True
110,-0.11338455885202178,140,-0.5707982221687046,25000.0,False,True,True
235,1.1971486284446706,105,3.098925578508037,1033333.33,True,True,True
500,-0.11338455885202178,2,-0.28571224095910647,103333.33,True,True,False
57,-1.4239177461487142,52,-0.4276486656464383,64333.33,True,True,False
170,1.1971486284446706,113,-0.5065022349171782,42666.67,True,True,True
115,-0.11338455885202178,62,-0.4130910836272248,68333.33,True,True,False
68,-0.11338455885202178,164,-0.33423751435648485,90000.0,True,True,True
62,-1.4239177461487142,21,-0.5865689360228525,20666.67,False,True,True
56,-1.4239177461487142,146,-0.39489410610320785,73333.33,True,True,True
75,-0.11338455885202178,156,-0.28449910912417203,103666.67,True,True,True
95,-0.11338455885202178,118,0.047899013647870047,195000.0,True,True,True
144,1.1971486284446706,188,0.5959919766712591,345600.0,True,True,True
50,-1.4239177461487142,124,-0.6156841000612796,12666.67,False,False,True
78,-0.11338455885202178,142,-0.40702542445255246,70000.0,True,True,False
95,-0.11338455885202178,128,-0.4130910836272248,68333.33,True,False,True
90,-0.11338455885202178,128,-0.4434193795005863,60000.0,True,True,True
350,2.5076818157413627,105,8.072766101739322,2400000.0,True,True,True
71,-0.11338455885202178,183,-0.3791233922490599,77666.67,True,True,True
80,-1.4239177461487142,121,-0.6156841000612796,12666.67,False,False,False
44,-1.4239177461487142,111,-0.5404699262953431,33333.33,True,False,True
46,-1.4239177461487142,74,-0.5222729487713261,38333.33,True,True,True
78,-0.11338455885202178,142,-0.4179436109669626,67000.0,True,True,False
67,-0.11338455885202178,79,-0.5319780034508018,35666.67,False,True,False
49,-1.4239177461487142,13,-0.64843865960451,3666.67,True,True,False
105,-0.11338455885202178,13,-0.5162072895966539,40000.0,True,True,True
72,-0.11338455885202178,24,-0.5052891030822437,43000.0,False,True,True
65,-0.11338455885202178,141,-0.513781025926785,40666.67,False,True,True
80,-0.11338455885202178,184,-0.3997466334429457,72000.0,True,True,True
66,-0.11338455885202178,74,-0.5177843609820687,39566.67,False,True,False
58,-0.11338455885202178,74,-0.5149941577617194,40333.33,False,True,False
67,-0.11338455885202178,141,-0.5143875918442522,40500.0,False,True,False
89,-0.11338455885202178,13,-0.5322206298177887,35600.0,True,True,False
75,-0.11338455885202178,24,-0.48587899372329235,48333.33,True,True,True
85,-0.11338455885202178,160,-0.48709212555822684,48000.0,False,True,True
94,-0.11338455885202178,26,-0.14013642076697128,143333.33,True,True,True
67,-0.11338455885202178,74,-0.48709212555822684,48000.0,True,True,False
60,-1.4239177461487142,152,-0.5501749809748188,30666.67,False,True,True
67,-1.4239177461487142,24,-0.490124955145563,47166.67,True,False,True
65,-0.11338455885202178,24,-0.5028628394123749,43666.67,False,False,True
72,-0.11338455885202178,24,-0.5040759712473093,43333.33,False,True,True
62,-0.11338455885202178,141,-0.49801031207263696,45000.0,True,True,True
37,-1.4239177461487142,111,-0.5405912394788365,33300.0,False,True,True
105,1.1971486284446706,146,-0.23112130838705577,118333.33,True,True,True
78,-0.11338455885202178,115,-0.6111955122720221,13900.0,False,False,True
53,-1.4239177461487142,21,-0.6071921772167383,15000.0,False,True,False
80,-0.11338455885202178,146,-0.36456581022984635,81666.67,False,True,True
88,-0.11338455885202178,119,-0.31604053683246797,95000.0,True,True,True
39,-1.4239177461487142,13,-0.616897231896214,12333.33,False,True,False
128,-0.11338455885202178,75,0.08356508959494317,204800.0,True,True,True
87,-0.11338455885202178,154,-0.36456581022984635,81666.67,True,True,True
48,-1.4239177461487142,24,-0.5610931674892289,27666.67,False,True,False
75,-0.11338455885202178,122,-0.3827627877538633,76666.67,True,True,True
110,1.1971486284446706,75,0.0855061005308383,205333.33,True,True,True
172,1.1971486284446706,68,0.46642949670025874,310000.0,True,True,True
147,1.1971486284446706,187,0.7454498187351846,386666.67,True,True,True
70,-1.4239177461487142,46,-0.47496080720888223,51333.33,True,True,False
235,1.1971486284446706,105,2.795642619774422,950000.0,True,True,True
115,-0.11338455885202178,68,0.06609599117188694,200000.0,True,True,True
114,-0.11338455885202178,113,-0.529551739780933,36333.33,True,True,True
40,-1.4239177461487142,120,-0.4943709165678336,46000.0,True,True,False
125,1.1971486284446706,187,0.3633132907308297,281666.67,True,True,True
90,-0.11338455885202178,62,-0.5022562734949075,43833.33,True,True,True
78,-0.11338455885202178,61,-0.44414725860154697,59800.0,False,True,True
62,-0.11338455885202178,192,-0.48709212555822684,48000.0,True,False,True
47,-1.4239177461487142,111,-0.5344042671206708,35000.0,False,True,False
114,1.1971486284446706,187,-0.06734851067090365,163333.33,True,True,True
65,-1.4239177461487142,163,-0.3585001510551741,83333.33,True,True,True
50,-1.4239177461487142,21,-0.6120447045564762,13666.67,False,True,False
125,-0.11338455885202178,72,-0.4494850386752586,58333.33,True,True,True
41,-1.4239177461487142,141,-0.5629128652416306,27166.67,False,False,False
136,1.1971486284446706,187,0.3329849948574682,273333.33,True,True,True
40,-1.4239177461487142,74,-0.5647325629940323,26666.67,False,True,False
60,-0.11338455885202178,160,-0.5829295405180491,21666.67,False,True,False
75,-0.11338455885202178,120,-0.4494850386752586,58333.33,True,True,True
120,1.1971486284446706,187,0.30872235815877896,266666.67,True,True,True
165,1.1971486284446706,113,-0.5404699262953431,33333.33,True,True,True
110,-0.11338455885202178,113,-0.5841426723529837,21333.33,False,True,False
116,-0.11338455885202178,156,-0.09888993837919963,154666.67,True,True,True
115,-0.11338455885202178,156,-0.11587378406828205,150000.0,True,True,True
77,-0.11338455885202178,113,-0.6059790453818039,15333.33,False,True,True
120,1.1971486284446706,187,0.18740917466533294,233333.33,True,True,True
100,-0.11338455885202178,113,-0.5817164086831147,22000.0,False,True,True
130,1.1971486284446706,187,0.06609599117188694,200000.0,True,True,True
60,-1.4239177461487142,71,-0.5162072895966539,40000.0,True,True,True
75,-0.11338455885202178,115,-0.6150775341438124,12833.33,False,True,True
128,1.1971486284446706,105,0.36937894990550196,283333.33,True,True,False
150,-0.11338455885202178,189,1.1579146426129008,500000.0,True,True,True
135,1.1971486284446706,187,0.551348725145671,333333.33,True,True,True
60,-1.4239177461487142,188,-0.5162072895966539,40000.0,True,True,True
41,-1.4239177461487142,44,-0.5629128652416306,27166.67,False,False,False
113,-0.11338455885202178,105,0.43003554165222496,300000.0,True,True,True
52,-1.4239177461487142,13,-0.5811098427656475,22166.67,False,True,True
100,-0.11338455885202178,14,0.18740917466533294,233333.33,True,True,True
66,-0.11338455885202178,122,-0.3403031735311572,88333.33,True,True,False
200,1.1971486284446706,105,2.856299211521145,966666.67,True,True,True
90,-1.4239177461487142,77,0.551348725145671,333333.33,True,True,True
200,1.1971486284446706,105,1.036601459119455,466666.67,True,True,True
51,-1.4239177461487142,129,-0.5101416304219816,41666.67,True,False,True
70,-0.11338455885202178,122,-0.3366637780263538,89333.33,True,True,False
73,-0.11338455885202178,183,-0.39489410610320785,73333.33,True,True,False
245,-0.11338455885202178,71,0.28445972146008974,260000.0,False,False,False
87,-0.11338455885202178,32,0.047899013647870047,195000.0,True,True,True
120,-0.11338455885202178,179,0.43003554165222496,300000.0,True,True,True
171,1.1971486284446706,44,0.894058468514656,427500.0,True,True,True
66,-0.11338455885202178,122,-0.3633526783949119,82000.0,True,True,False
77,-0.11338455885202178,14,-0.030954555622869858,173333.33,True,True,True
40,-1.4239177461487142,100,-0.5101416304219816,41666.67,True,True,False
105,-0.11338455885202178,146,-0.32210619600714024,93333.33,True,True,True
50,-1.4239177461487142,112,-0.2978435593084511,100000.0,True,True,True
94,-0.11338455885202178,11,-0.24931828591107266,113333.33,True,True,False
65,-0.11338455885202178,183,-0.4009597652778802,71666.67,True,True,False
57,-1.4239177461487142,176,-0.5707982221687046,25000.0,True,True,False
79,-0.11338455885202178,115,-0.6120447045564762,13666.67,True,True,True
60,-0.11338455885202178,74,-0.5829295405180491,21666.67,False,True,False
86,-0.11338455885202178,54,-0.5707982221687046,25000.0,True,True,False
80,-0.11338455885202178,183,-0.33423751435648485,90000.0,True,True,True
68,-0.11338455885202178,183,-0.3827627877538633,76666.67,True,True,False
43,-1.4239177461487142,100,-0.5004365757425059,44333.33,True,True,False
55,-1.4239177461487142,183,-0.4312880611512417,63333.33,True,True,True
77,-0.11338455885202178,108,-0.3366637780263538,89333.33,True,True,True
58,-1.4239177461487142,115,-0.6235694569883536,10500.0,False,False,False
62,-1.4239177461487142,111,-0.48709212555822684,48000.0,True,False,True
65,-0.11338455885202178,183,-0.39489410610320785,73333.33,True,True,False
60,-1.4239177461487142,141,-0.4761739390438167,51000.0,True,True,True
35,-1.4239177461487142,141,-0.5817164086831147,22000.0,False,True,False
54,-1.4239177461487142,19,-0.5283386079459985,36666.67,False,True,False
70,-0.11338455885202178,164,-0.3888284469285356,75000.0,True,True,True
122,1.1971486284446706,59,0.15101521961729916,223333.33,True,True,True
54,-1.4239177461487142,141,-0.5524799314611942,30033.33,False,True,False
80,-0.11338455885202178,157,-0.55866690381936,28333.33,True,True,True
71,-0.11338455885202178,141,-0.4494850386752586,58333.33,True,True,True
220,2.5076818157413627,157,0.24806576641205597,250000.0,True,True,False
61,-1.4239177461487142,125,-0.5601226620212814,27933.33,False,True,False
49,-1.4239177461487142,65,-0.5310074979828543,35933.33,False,True,False
55,-0.11338455885202178,141,-0.498064903005209,44985.0,True,True,True
41,-1.4239177461487142,65,-0.5598800356542945,28000.0,False,True,False
64,-0.11338455885202178,141,-0.5283386079459985,36666.67,True,True,False
240,2.5076818157413627,13,-0.14013642076697128,143333.33,True,True,False
32,-1.4239177461487142,65,-0.587782067857787,20333.33,False,True,False
52,-1.4239177461487142,65,-0.5453224536350809,32000.0,False,True,False
50,-1.4239177461487142,141,-0.5841426723529837,21333.33,False,True,False
32,-1.4239177461487142,48,-0.5477487173049499,31333.33,False,True,True
40,-1.4239177461487142,19,-0.5222729487713261,38333.33,True,True,True
73,-1.4239177461487142,84,-0.4846658618883579,48666.67,False,True,True
50,-1.4239177461487142,13,-0.5701916562512374,25166.67,True,True,False
45,-1.4239177461487142,74,-0.5714047880861718,24833.33,False,True,False
65,-0.11338455885202178,125,-0.5065022349171782,42666.67,True,True,False
51,-1.4239177461487142,141,-0.5222729487713261,38333.33,True,True,True
300,1.1971486284446706,62,2.249733294053915,800000.0,True,True,False
100,-0.11338455885202178,117,-0.33423751435648485,90000.0,True,True,False
55,-0.11338455885202178,19,-0.5404699262953431,33333.33,True,True,True
200,-0.11338455885202178,76,-0.3403031735311572,88333.33,False,False,False
38,-1.4239177461487142,79,-0.5234860806062607,38000.0,True,True,True
140,1.1971486284446706,50,0.46642949670025874,310000.0,True,True,True
42,-1.4239177461487142,192,-0.5841426723529837,21333.33,False,True,False
58,-1.4239177461487142,26,-0.4191567428018971,66666.67,True,True,False
67,-0.11338455885202178,74,-0.5162072895966539,40000.0,False,True,True
57,-1.4239177461487142,141,-0.556240640149491,29000.0,True,True,False
53,-0.11338455885202178,74,-0.5283386079459985,36666.67,True,True,False
95,-0.11338455885202178,105,0.41790422330288035,296666.67,True,True,True
128,1.1971486284446706,120,-0.13407076159229897,145000.0,True,True,True
62,-0.11338455885202178,115,-0.619323495566083,11666.67,False,False,True
60,-1.4239177461487142,141,-0.5246992124411951,37666.67,False,True,False
52,-1.4239177461487142,141,-0.5283386079459985,36666.67,True,True,False
52,-1.4239177461487142,74,-0.5222608174529768,38336.67,False,True,False
45,-1.4239177461487142,79,-0.5447158877176137,32166.67,False,True,True
60,-1.4239177461487142,43,-0.2978435593084511,100000.0,True,True,True
83,-0.11338455885202178,176,-0.45555069784993085,56666.67,False,True,True
211,1.1971486284446706,93,1.2549651894076577,526666.67,True,True,True
65,-0.11338455885202178,79,-0.4883052573931613,47666.67,True,True,False
115,-0.11338455885202178,111,-0.5040759712473093,43333.33,False,True,False
70,-0.11338455885202178,26,-0.40702542445255246,70000.0,True,True,False
51,-1.4239177461487142,141,-0.556240640149491,29000.0,False,True,False
100,-0.11338455885202178,105,0.24806576641205597,250000.0,True,True,True
115,-0.11338455885202178,189,0.5756113618443601,340000.0,True,True,True
160,1.1971486284446706,105,1.461197601346516,583333.33,True,True,True
107,-0.11338455885202178,67,0.12675258291860994,216666.67,True,True,True
82,-0.11338455885202178,115,-0.6011265180420661,16666.67,True,False,True
135,-0.11338455885202178,189,1.521854193093239,600000.0,True,True,True
198,1.1971486284446706,43,1.521854193093239,600000.0,True,True,True
85,-0.11338455885202178,13,-0.5283386079459985,36666.67,True,True,True
92,-0.11338455885202178,158,-0.2675152634350896,108333.33,True,True,True
115,-0.11338455885202178,189,1.521854193093239,600000.0,True,True,True
65,-1.4239177461487142,40,-0.39853350160801126,72333.33,True,True,True
175,1.1971486284446706,50,2.007106927067023,733333.33,True,True,True
95,-0.11338455885202178,57,0.5270860884469818,326666.67,True,True,True
225,1.1971486284446706,50,4.008774454708882,1283333.33,True,True,True
270,2.5076818157413627,105,3.584178312481821,1166666.67,True,True,True
200,1.1971486284446706,105,3.462865128988375,1133333.33,True,True,True
60,-1.4239177461487142,107,-0.5162072895966539,40000.0,True,True,True
88,-0.11338455885202178,158,-0.25538394508574497,111666.67,False,True,True
250,1.1971486284446706,105,3.462865128988375,1133333.33,True,True,True
55,-1.4239177461487142,120,-0.46768201619927546,53333.33,False,True,False
91,-0.11338455885202178,111,-0.36638550798224806,81166.67,True,True,True
80,-0.11338455885202178,122,-0.32210619600714024,93333.33,True,True,False
74,-0.11338455885202178,115,-0.6084053090516729,14666.67,False,False,False
90,-0.11338455885202178,120,-0.45555069784993085,56666.67,True,True,False
43,-1.4239177461487142,160,-0.5707982221687046,25000.0,False,True,True
78,-0.11338455885202178,115,-0.6096184408866073,14333.33,False,True,True
72,-0.11338455885202178,115,-0.6150775341438124,12833.33,True,False,True
100,-0.11338455885202178,76,-0.5162072895966539,40000.0,False,False,False
110,-0.11338455885202178,11,-0.17653037581500505,133333.33,True,False,False
62,-1.4239177461487142,71,-0.5914214633625904,19333.33,False,True,False
120,-1.4239177461487142,4,-0.2796465817844342,105000.0,False,False,False
120,-0.11338455885202178,43,0.43003554165222496,300000.0,True,True,True
64,-0.11338455885202178,111,-0.44463251133552073,59666.67,True,True,True
147,1.1971486284446706,135,0.4438652445704778,303800.0,True,True,True
140,1.1971486284446706,77,0.3208536765081236,270000.0,True,True,True
170,1.1971486284446706,68,0.3075092263238445,266333.33,True,True,True
109,-0.11338455885202178,68,0.19954049301467755,236666.67,True,True,True
310,1.1971486284446706,14,8.363917742123595,2480000.0,True,True,True
283,1.1971486284446706,50,3.4434550196294236,1128000.0,True,True,True
66,-1.4239177461487142,145,-0.6257530942912356,9900.0,False,False,False
75,-0.11338455885202178,62,-0.5889951996927215,20000.0,False,True,False
63,-0.11338455885202178,111,-0.45919009335473426,55666.67,True,True,True
77,-0.11338455885202178,60,0.09035862787057615,206666.67,True,True,True
59,-0.11338455885202178,146,-0.46768201619927546,53333.33,True,True,True
220,3.8182150030380555,13,0.12675258291860994,216666.67,True,False,False
66,-0.11338455885202178,164,-0.4191567428018971,66666.67,True,True,False
80,-0.11338455885202178,146,-0.36456581022984635,81666.67,True,True,False
55,-1.4239177461487142,110,-0.47496080720888223,51333.33,False,False,True
63,-0.11338455885202178,13,-0.6120447045564762,13666.67,False,True,False
92,-0.11338455885202178,122,-0.17653037581500505,133333.33,True,True,True
88,-0.11338455885202178,150,-0.024888896448197556,175000.0,True,True,True
75,-0.11338455885202178,74,-0.421583006471766,66000.0,True,True,True
114,-0.11338455885202178,113,-0.5283386079459985,36666.67,True,True,True
80,-0.11338455885202178,122,-0.2978435593084511,100000.0,True,True,True
50,-1.4239177461487142,152,-0.6156841000612796,12666.67,False,False,False
66,-0.11338455885202178,122,-0.30390921848312336,98333.33,True,True,True
102,-0.11338455885202178,142,-0.5829295405180491,21666.67,True,True,True
72,-0.11338455885202178,122,-0.27358092260976186,106666.67,True,True,True
62,-1.4239177461487142,125,-0.43614058849097953,62000.0,False,False,False
110,-0.11338455885202178,113,-0.5598800356542945,28000.0,False,True,True
70,-0.11338455885202178,188,-0.024888896448197556,175000.0,True,True,True
115,-0.11338455885202178,135,0.06609599117188694,200000.0,True,True,True
71,-0.11338455885202178,74,-0.4458456431704552,59333.33,True,True,False
125,-0.11338455885202178,152,-0.4949774824853008,45833.33,True,True,True
42,-1.4239177461487142,156,-0.4494850386752586,58333.33,True,False,True
66,-0.11338455885202178,100,-0.39489410610320785,73333.33,True,True,False
65,-1.4239177461487142,192,-0.5829295405180491,21666.67,False,False,False
130,2.5076818157413627,94,0.09035862787057615,206666.67,False,False,False
65,-1.4239177461487142,164,-0.36456581022984635,81666.67,True,True,True
39,-1.4239177461487142,141,-0.5695850903337701,25333.33,False,False,False
60,-0.11338455885202178,125,-0.43735372032591396,61666.67,False,True,True
75,-0.11338455885202178,141,-0.3876153150936011,75333.33,True,True,True
70,-1.4239177461487142,141,-0.5186335532665228,39333.33,False,True,False
57,-0.11338455885202178,141,-0.46768201619927546,53333.33,True,True,True
39,-1.4239177461487142,141,-0.5647325629940323,26666.67,False,True,False
70,-0.11338455885202178,169,-0.45555069784993085,56666.67,False,False,False
110,-0.11338455885202178,43,0.12675258291860994,216666.67,True,True,True
47,-1.4239177461487142,125,-0.556240640149491,29000.0,False,True,False
114,-0.11338455885202178,109,0.12675258291860994,216666.67,False,False,False
60,-1.4239177461487142,165,-0.3936809742682734,73666.67,False,True,True
115,1.1971486284446706,71,-0.4616163570246032,55000.0,True,True,True
110,1.1971486284446706,68,0.047899013647870047,195000.0,True,True,True
78,-0.11338455885202178,74,-0.4130910836272248,68333.33,True,True,True
80,-0.11338455885202178,43,-0.12800510241762666,146666.67,True,True,True
78,-0.11338455885202178,115,-0.6108315727215418,14000.0,False,False,True
73,-0.11338455885202178,13,-0.556483266516478,28933.33,True,True,False
63,-0.11338455885202178,19,-0.4931577847328991,46333.33,True,True,False
98,-0.11338455885202178,13,-0.49558404840276804,45666.67,True,True,True
105,-0.11338455885202178,71,-0.4798133345486201,50000.0,True,True,True
50,-1.4239177461487142,170,-0.5101416304219816,41666.67,True,True,False
51,-1.4239177461487142,76,-0.587782067857787,20333.33,False,True,True
105,1.1971486284446706,76,-0.5216663828538589,38500.0,True,True,True
55,-1.4239177461487142,76,-0.5817164086831147,22000.0,False,True,True
105,-0.11338455885202178,76,-0.5210598169363917,38666.67,True,True,True
105,1.1971486284446706,76,-0.502620213045388,43733.33,True,True,True
70,-0.11338455885202178,76,-0.5751654967744686,23800.0,True,True,True
82,-0.11338455885202178,76,-0.5623062993241633,27333.33,True,True,True
50,-1.4239177461487142,97,-0.2675152634350896,108333.33,True,True,True
105,-0.11338455885202178,117,-0.5695850903337701,25333.33,True,True,True
110,-0.11338455885202178,60,0.40577290495353574,293333.33,True,True,True
85,-0.11338455885202178,76,-0.55866690381936,28333.33,True,True,True
78,-0.11338455885202178,122,-0.28571224095910647,103333.33,True,True,False
106,-0.11338455885202178,117,-0.6005199521245989,16833.33,True,True,True
95,-0.11338455885202178,57,0.029702036123853144,190000.0,True,True,True
62,-1.4239177461487142,170,-0.4761739390438167,51000.0,True,False,True
78,-0.11338455885202178,31,-0.6023396498770005,16333.33,False,False,False
225,2.5076818157413627,77,1.7948088559534925,675000.0,True,True,True
72,-0.11338455885202178,156,-0.34636883270582947,86666.67,True,True,False
50,-1.4239177461487142,115,-0.6162906659787468,12500.0,True,False,False
50,-1.4239177461487142,3,-0.55866690381936,28333.33,False,True,False
103,-0.11338455885202178,109,-0.18866169416434966,130000.0,False,True,False
47,-1.4239177461487142,38,-0.5774704472608441,23166.67,True,True,False
90,-0.11338455885202178,79,-0.4191567428018971,66666.67,True,True,True
80,-0.11338455885202178,122,-0.2056455398534321,125333.33,True,True,True
450,2.5076818157413627,105,2.371046477547361,833333.33,True,True,True
72,-0.11338455885202178,141,-0.45555069784993085,56666.67,True,True,True
258,2.5076818157413627,75,0.793975092132563,400000.0,True,True,False
98,-0.11338455885202178,141,-0.3427294372010261,87666.67,True,True,True
130,1.1971486284446706,152,-0.5889951996927215,20000.0,False,True,False
700,1.1971486284446706,31,-0.11587378406828205,150000.0,True,True,False
104,-0.11338455885202178,152,-0.5526012446446876,30000.0,True,True,True
140,1.1971486284446706,43,0.672661908639117,366666.67,True,True,True
96,-0.11338455885202178,156,-0.23718696756172808,116666.67,True,True,True
58,-1.4239177461487142,152,-0.6132578363914107,13333.33,False,True,False
150,1.1971486284446706,141,-0.11587378406828205,150000.0,True,True,True
55,-0.11338455885202178,156,-0.43492745665604504,62333.33,True,True,False
60,-1.4239177461487142,152,-0.6096184408866073,14333.33,False,False,False
98,-0.11338455885202178,117,-0.5659456948289667,26333.33,True,True,True
85,-0.11338455885202178,152,-0.5805032768481803,22333.33,True,True,True
85,-0.11338455885202178,45,-0.25538394508574497,111666.67,True,False,True
80,-0.11338455885202178,70,-0.4343815473303245,62483.33,True,True,True
57,-1.4239177461487142,105,-0.22505564921238347,120000.0,False,False,True
63,-1.4239177461487142,74,-0.5162072895966539,40000.0,True,True,False
85,-0.11338455885202178,70,-0.4243368157370672,65243.33,True,True,True
70,-0.11338455885202178,70,-0.6132578363914107,13333.33,True,True,True
100,-0.11338455885202178,70,-0.3847159300081078,76130.0,True,True,True
90,-0.11338455885202178,70,-0.4105253097963384,69038.33,True,True,True
75,-0.11338455885202178,115,-0.6175037978136813,12166.67,False,False,False
42,-1.4239177461487142,104,-0.5604866015717617,27833.33,True,False,False
250,2.5076818157413627,189,1.6128390807133235,625000.0,True,True,True
83,-0.11338455885202178,38,-0.48102646638355456,49666.67,True,True,True
90,-0.11338455885202178,31,-0.5883886337752543,20166.67,True,True,True
72,-0.11338455885202178,131,-0.5154794104956932,40200.0,True,True,True
52,-1.4239177461487142,31,-0.6162906659787468,12500.0,False,False,False
106,-0.11338455885202178,31,-0.37548399674425653,78666.67,True,True,True
73,-0.11338455885202178,115,-0.6150775341438124,12833.33,True,True,True
100,-0.11338455885202178,131,-0.43735372032591396,61666.67,True,True,True
85,-0.11338455885202178,152,-0.5841426723529837,21333.33,True,True,False
49,-1.4239177461487142,3,-0.5380436626254742,34000.0,False,False,False
115,-0.11338455885202178,41,-0.006691918924180656,180000.0,True,True,True
127,-0.11338455885202178,100,-0.07632568624941867,160866.67,True,True,True
93,-0.11338455885202178,61,-0.22505564921238347,120000.0,False,True,True
47,-1.4239177461487142,71,-0.6259957206582225,9833.33,False,False,False
117,1.1971486284446706,167,-0.12315257507788882,148000.0,True,True,True
182,1.1971486284446706,93,0.7454498187351846,386666.67,True,True,True
160,1.1971486284446706,19,-0.2978435593084511,100000.0,True,True,True
163,1.1971486284446706,93,0.6847932269884616,370000.0,True,True,True
83,-0.11338455885202178,31,-0.4737476753739478,51666.67,True,True,False
142,1.1971486284446706,68,0.12250662149633934,215500.0,True,True,True
92,-0.11338455885202178,117,-0.5932411611149921,18833.33,True,True,True
100,-0.11338455885202178,115,-0.5526012446446876,30000.0,True,False,True
60,-1.4239177461487142,115,-0.5817164086831147,22000.0,True,True,False
58,-1.4239177461487142,115,-0.6229628910708863,10666.67,False,False,True
85,-0.11338455885202178,117,-0.5829295405180491,21666.67,True,True,True
87,-0.11338455885202178,117,-0.5792901450132458,22666.67,True,True,True
88,-1.4239177461487142,115,-0.6156841000612796,12666.67,False,False,True
210,2.5076818157413627,100,2.128420110560469,766666.67,True,True,False
72,-0.11338455885202178,131,-0.6119233913729828,13700.0,True,True,True
101,-0.11338455885202178,52,-0.10980812489360976,151666.67,True,True,True
68,-0.11338455885202178,115,-0.6241760229058209,10333.33,False,True,True
60,-1.4239177461487142,71,-0.5817164086831147,22000.0,False,True,True
65,-0.11338455885202178,71,-0.5671588266639012,26000.0,False,True,True
117,-0.11338455885202178,150,0.6241366352417386,353333.33,True,True,True
96,-1.4239177461487142,71,-0.45555069784993085,56666.67,False,False,False
98,-0.11338455885202178,117,-0.5513881128097532,30333.33,True,True,True
52,-1.4239177461487142,13,-0.5805032768481803,22333.33,True,True,False
85,-0.11338455885202178,122,-0.24931828591107266,113333.33,True,True,True
62,-0.11338455885202178,122,-0.4494850386752586,58333.33,True,True,True
74,-0.11338455885202178,115,-0.6108315727215418,14000.0,False,False,False
74,-0.11338455885202178,115,-0.6247825888232881,10166.67,False,False,True
58,-1.4239177461487142,115,-0.6308482479979604,8500.0,False,False,False
125,1.1971486284446706,115,-0.4616163570246032,55000.0,True,True,False
75,-0.11338455885202178,115,-0.6199300614835502,11500.0,False,False,True
58,3.8182150030380555,115,-0.6259957206582225,9833.33,False,False,True
74,-0.11338455885202178,115,-0.5526012446446876,30000.0,True,True,True
45,-1.4239177461487142,120,-0.5101416304219816,41666.67,False,True,True
58,-1.4239177461487142,115,-0.6284219843280915,9166.67,True,True,True
75,-0.11338455885202178,115,-0.6320613798328948,8166.67,False,False,False
75,-0.11338455885202178,115,-0.6247825888232881,10166.67,True,False,True
88,-0.11338455885202178,163,-0.23718696756172808,116666.67,True,True,True
130,-0.11338455885202178,74,-0.030954555622869858,173333.33,True,True,False
120,-0.11338455885202178,91,-0.46525575252940654,54000.0,True,True,True
85,-0.11338455885202178,26,-0.26144960426041725,110000.0,True,True,True
150,1.1971486284446706,122,0.16314653796664375,226666.67,True,True,True
165,1.1971486284446706,57,0.5331517476216541,328333.33,True,True,True
240,2.5076818157413627,13,0.029702036123853144,190000.0,True,True,False
76,-0.11338455885202178,183,-0.4203698746368315,66333.33,True,True,False
120,-0.11338455885202178,150,0.5270860884469818,326666.67,True,True,True
165,1.1971486284446706,69,-0.1613662278783243,137500.0,False,True,False
73,-0.11338455885202178,26,-0.3281718551818126,91666.67,True,False,False
70,-0.11338455885202178,40,-0.3281718551818126,91666.67,True,True,True
120,1.1971486284446706,146,-0.11223438856347868,151000.0,True,True,True
79,-0.11338455885202178,119,-0.3585001510551741,83333.33,True,True,True
90,-0.11338455885202178,152,-0.542896189965212,32666.67,True,True,True
128,-0.11338455885202178,115,-0.5465355854700154,31666.67,False,True,False
75,-0.11338455885202178,163,-0.3827627877538633,76666.67,True,True,True
94,-0.11338455885202178,168,-0.3403031735311572,88333.33,True,True,True
106,-0.11338455885202178,113,-0.5526012446446876,30000.0,True,True,True
72,-0.11338455885202178,122,-0.3827627877538633,76666.67,True,True,True
208,-0.11338455885202178,119,0.73331850038584,383333.33,True,True,False
126,1.1971486284446706,188,0.26941688670690245,255866.67,True,True,True
105,-0.11338455885202178,134,-0.5283386079459985,36666.67,True,True,False
92,-0.11338455885202178,80,-0.2978435593084511,100000.0,False,True,True
80,-0.11338455885202178,160,-0.4907315210630302,47000.0,True,True,True
130,-1.4239177461487142,31,0.36937894990550196,283333.33,True,True,False
300,2.5076818157413627,166,0.43003554165222496,300000.0,True,True,True
73,-0.11338455885202178,119,-0.39489410610320785,73333.33,True,True,True
100,-0.11338455885202178,145,-0.5768638813433768,23333.33,False,True,True
80,-0.11338455885202178,71,-0.5283386079459985,36666.67,True,True,False
105,-0.11338455885202178,52,-0.10980812489360976,151666.67,True,True,True
59,-1.4239177461487142,100,-0.40702542445255246,70000.0,True,True,True
41,-1.4239177461487142,160,-0.5671588266639012,26000.0,True,True,False
85,-0.11338455885202178,188,-0.055217192321559055,166666.67,True,True,True
66,-1.4239177461487142,156,-0.43735372032591396,61666.67,False,True,False
78,-0.11338455885202178,115,-0.6126512704739434,13500.0,False,False,True
113,-0.11338455885202178,71,-0.47738707087875115,50666.67,True,True,False
88,-0.11338455885202178,26,-0.17653037581500505,133333.33,True,True,True
96,-0.11338455885202178,63,-0.31604053683246797,95000.0,False,False,False
180,3.8182150030380555,150,2.832036574822456,960000.0,True,True,False
59,-0.11338455885202178,79,-0.5319780034508018,35666.67,False,True,False
58,-0.11338455885202178,125,-0.5077153667521127,42333.33,False,True,True
46,-1.4239177461487142,74,-0.5388928549099283,33766.67,False,True,False
67,-1.4239177461487142,158,-0.34636883270582947,86666.67,True,True,True
57,-0.11338455885202178,141,-0.529551739780933,36333.33,False,False,False
95,-0.11338455885202178,26,-0.17653037581500505,133333.33,True,True,True
73,-1.4239177461487142,113,-0.603552781711935,16000.0,True,True,True
87,-0.11338455885202178,117,-0.5819590350501016,21933.33,True,True,True
122,2.5076818157413627,81,-0.36820520573464977,80666.67,True,False,True
50,-1.4239177461487142,79,-0.5404699262953431,33333.33,False,False,False
62,-1.4239177461487142,79,-0.5380436626254742,34000.0,False,False,False
86,-0.11338455885202178,118,-0.006691918924180656,180000.0,True,True,True
53,-1.4239177461487142,74,-0.5526012446446876,30000.0,False,False,False
100,-0.11338455885202178,119,-0.6090118749691401,14500.0,True,True,True
55,-1.4239177461487142,133,-0.6247825888232881,10166.67,True,True,False
58,-1.4239177461487142,115,-0.6247825888232881,10166.67,False,False,True
78,-0.11338455885202178,71,-0.5404699262953431,33333.33,True,True,False
145,1.1971486284446706,44,0.5695457026696878,338333.33,True,True,True
110,-0.11338455885202178,187,0.06609599117188694,200000.0,True,True,True
64,-1.4239177461487142,133,-0.619323495566083,11666.67,True,True,True
86,-0.11338455885202178,41,-0.5157220368626801,40133.33,False,True,False
75,-0.11338455885202178,31,-0.5987002543721972,17333.33,False,False,False
110,-0.11338455885202178,52,-0.10980812489360976,151666.67,True,True,True
71,-0.11338455885202178,183,-0.4191567428018971,66666.67,False,False,False
90,-0.11338455885202178,163,-0.20685867168836655,125000.0,True,True,True
63,-1.4239177461487142,120,-0.4005958257273998,71766.67,True,False,True
50,-2.7344509334454066,107,-0.6199300614835502,11500.0,True,True,True
85,-0.11338455885202178,117,-0.5732244858385735,24333.33,True,False,True
83,-0.11338455885202178,118,-0.09161114736959286,156666.67,True,True,True
175,1.1971486284446706,44,1.461197601346516,583333.33,True,True,True
57,-1.4239177461487142,118,-0.21292433086303886,123333.33,True,True,True
66,-0.11338455885202178,52,-0.4494850386752586,58333.33,False,False,False
74,-0.11338455885202178,156,-0.3718446012394531,79666.67,True,True,True
45,-1.4239177461487142,130,-0.5416830581302775,33000.0,True,False,True
78,-0.11338455885202178,43,-0.09161114736959286,156666.67,True,True,True
75,-0.11338455885202178,115,-0.6278154184106242,9333.33,False,True,True
103,-0.11338455885202178,71,-0.48684949919123993,48066.67,True,True,True
61,-1.4239177461487142,52,-0.4434193795005863,60000.0,False,False,False
124,1.1971486284446706,146,-0.18866169416434966,130000.0,True,True,True
62,-1.4239177461487142,31,-0.5756507495084424,23666.67,False,False,False
110,-0.11338455885202178,60,0.18740917466533294,233333.33,True,True,True
180,1.1971486284446706,118,0.915288275626009,433333.33,True,True,True
40,-1.4239177461487142,13,-0.6302416820804931,8666.67,True,True,False
95,-0.11338455885202178,132,-0.48587899372329235,48333.33,True,True,True
104,-0.11338455885202178,169,-0.39489410610320785,73333.33,True,True,False
37,-1.4239177461487142,13,-0.6199300614835502,11500.0,True,True,False
60,-1.4239177461487142,157,-0.5889951996927215,20000.0,True,True,False
69,-0.11338455885202178,156,-0.34636883270582947,86666.67,True,True,True
700,1.1971486284446706,31,0.18740917466533294,233333.33,True,True,False
95,-0.11338455885202178,105,0.43003554165222496,300000.0,True,False,True
51,-1.4239177461487142,13,-0.5805032768481803,22333.33,True,True,False
106,-0.11338455885202178,190,0.017570717774508544,186666.67,True,True,True
100,-0.11338455885202178,100,-0.27358092260976186,106666.67,True,True,True
80,-0.11338455885202178,85,-0.3706314694045187,80000.0,True,True,True
78,-0.11338455885202178,58,-0.5841426723529837,21333.33,True,True,True
90,-0.11338455885202178,31,-0.49801031207263696,45000.0,True,True,True
95,-0.11338455885202178,135,0.49069213339894796,316666.67,False,True,True
86,1.1971486284446706,115,-0.6217497592359519,11000.0,False,True,True
65,-1.4239177461487142,62,-0.6181103637311485,12000.0,True,True,True
102,-1.4239177461487142,71,-0.4616163570246032,55000.0,False,True,False
75,-0.11338455885202178,163,-0.33423751435648485,90000.0,True,True,True
150,3.8182150030380555,146,0.6362679535910831,356666.67,True,True,False
60,-1.4239177461487142,115,-0.6144709682263452,13000.0,True,True,True
72,-1.4239177461487142,44,0.33905065403214046,275000.0,True,True,True
93,-0.11338455885202178,120,0.005439399425163944,183333.33,False,False,False
106,-0.11338455885202178,60,0.11462126456926534,213333.33,True,True,True
48,-1.4239177461487142,145,-0.6363073412551654,7000.0,False,True,False
75,-0.11338455885202178,163,-0.40702542445255246,70000.0,True,True,False
163,-0.11338455885202178,50,0.5246598247771128,326000.0,True,True,True
119,-0.11338455885202178,156,-0.17653037581500505,133333.33,True,True,True
65,-0.11338455885202178,0,-0.3585001510551741,83333.33,True,True,True
57,-1.4239177461487142,113,-0.6071921772167383,15000.0,False,False,True
74,-0.11338455885202178,171,-0.5671588266639012,26000.0,False,True,True
119,1.1971486284446706,156,0.005439399425163944,183333.33,True,True,True
68,-1.4239177461487142,71,-0.5629128652416306,27166.67,False,False,False
180,2.5076818157413627,107,-0.33181125068661593,90666.67,True,True,True
70,-1.4239177461487142,64,-0.3815496559189288,77000.0,True,True,True
60,-1.4239177461487142,125,-0.4209764405542988,66166.67,True,True,True
88,-0.11338455885202178,6,-0.3585001510551741,83333.33,False,True,False
82,-0.11338455885202178,156,-0.32210619600714024,93333.33,True,True,True
63,-1.4239177461487142,128,-0.5242139597072213,37800.0,True,True,True
120,1.1971486284446706,107,-0.4494850386752586,58333.33,True,True,True
56,-1.4239177461487142,132,-0.4312880611512417,63333.33,False,False,False
75,-0.11338455885202178,135,-0.19472735333902197,128333.33,True,False,True
60,-1.4239177461487142,62,-0.6108315727215418,14000.0,False,True,False
50,-0.11338455885202178,119,-0.6217497592359519,11000.0,True,True,True
253,3.8182150030380555,106,3.0212851410722315,1012000.0,True,True,False
111,-0.11338455885202178,40,-0.17774350764993951,133000.0,True,True,True
105,1.1971486284446706,106,0.06427629341948525,199500.0,True,True,True
92,-1.4239177461487142,105,0.10248994621992075,210000.0,True,True,True
350,2.5076818157413627,57,3.584178312481821,1166666.67,True,True,True
100,-0.11338455885202178,98,-0.16439905746566047,136666.67,True,True,True
150,1.1971486284446706,107,-0.39004157876347,74666.67,True,True,True
94,-0.11338455885202178,110,-0.3706314694045187,80000.0,False,True,False
140,1.1971486284446706,110,0.15101521961729916,223333.33,True,True,True
65,2.5076818157413627,187,0.36937894990550196,283333.33,True,True,False
84,-0.11338455885202178,110,-0.34636883270582947,86666.67,True,True,True
114,-0.11338455885202178,96,0.1679990653063816,228000.0,True,True,True
114,-0.11338455885202178,110,0.005439399425163944,183333.33,True,True,True
40,-1.4239177461487142,110,-0.4798133345486201,50000.0,True,False,True
82,-0.11338455885202178,115,-0.6189595560156026,11766.67,False,False,True
87,-0.11338455885202178,85,-0.37669712857919097,78333.33,True,True,True
86,-0.11338455885202178,115,-0.6047659135468695,15666.67,False,False,True
500,3.8182150030380555,55,7.830139734752431,2333333.33,True,True,False
61,-1.4239177461487142,146,-0.48102646638355456,49666.67,False,True,False
96,-0.11338455885202178,146,-0.021249500943394176,176000.0,True,True,True
90,-0.11338455885202178,156,-0.24931828591107266,113333.33,True,True,True
135,1.1971486284446706,110,0.06609599117188694,200000.0,True,True,True
58,-1.4239177461487142,115,-0.6259957206582225,9833.33,False,False,True
114,-0.11338455885202178,60,0.25413142558672824,251666.67,True,True,True
75,-0.11338455885202178,115,-0.6156841000612796,12666.67,False,False,False
90,-0.11338455885202178,110,-0.24325262673640036,115000.0,True,True,True
90,-0.11338455885202178,146,-0.3099748776577957,96666.67,True,True,True
100,-0.11338455885202178,100,-0.20079301251369427,126666.67,True,True,True
82,-0.11338455885202178,160,-0.46768201619927546,53333.33,True,True,True
58,-0.11338455885202178,13,-0.5703129694347308,25133.33,True,True,False
70,-0.11338455885202178,78,-0.27358092260976186,106666.67,True,True,True
110,-2.7344509334454066,115,-0.6494091650724576,3400.0,True,True,True
303,3.8182150030380555,16,3.381585296047766,1111000.0,True,True,False
83,-0.11338455885202178,115,-0.6011265180420661,16666.67,False,False,True
75,-0.11338455885202178,115,-0.6314548139154276,8333.33,True,True,True
54,-1.4239177461487142,115,-0.6302416820804931,8666.67,False,False,False
85,-0.11338455885202178,192,-0.579896710930713,22500.0,True,True,True
75,-0.11338455885202178,115,-0.6144709682263452,13000.0,True,True,True
78,-0.11338455885202178,115,-0.6132578363914107,13333.33,True,False,True
78,-0.11338455885202178,115,-0.613864402308878,13166.67,False,False,True
95,-0.11338455885202178,93,-0.16621875521806215,136166.67,True,True,True
100,-0.11338455885202178,111,-0.2796465817844342,105000.0,True,True,True
75,-0.11338455885202178,115,-0.613621775941891,13233.33,False,True,True
114,-0.11338455885202178,143,0.1679990653063816,228000.0,True,True,True
50,-1.4239177461487142,92,-0.6314548139154276,8333.33,False,False,False
75,-0.11338455885202178,52,-0.33423751435648485,90000.0,True,False,True
105,-0.11338455885202178,4,-0.3706314694045187,80000.0,True,True,True
141,1.1971486284446706,153,-0.40520572670015076,70500.0,True,True,True
74,-0.11338455885202178,120,-0.46768201619927546,53333.33,False,True,False
38,-1.4239177461487142,49,-0.5829295405180491,21666.67,True,True,False
80,-1.4239177461487142,57,-0.55866690381936,28333.33,True,True,True
102,-0.11338455885202178,139,-0.5479428183985393,31280.0,True,True,True
110,-0.11338455885202178,105,0.6289891625814764,354666.67,True,True,True
98,-0.11338455885202178,152,-0.5610931674892289,27666.67,False,False,False
45,-1.4239177461487142,160,-0.5538143764796222,29666.67,False,True,True
105,-0.11338455885202178,74,-0.3585001510551741,83333.33,True,True,True
135,-0.11338455885202178,134,-0.23718696756172808,116666.67,True,True,False
65,-1.4239177461487142,135,-0.2384000993966625,116333.33,False,False,True
88,-0.11338455885202178,153,-0.5707982221687046,25000.0,False,True,True
110,-0.11338455885202178,183,-0.04915153314688676,168333.33,True,True,True
63,-0.11338455885202178,110,-0.34636883270582947,86666.67,True,True,True
45,-1.4239177461487142,79,-0.5538143764796222,29666.67,False,True,False
40,-1.4239177461487142,19,-0.5404699262953431,33333.33,False,True,False
100,-0.11338455885202178,110,-0.22505564921238347,120000.0,False,False,False
89,-0.11338455885202178,11,-0.23718696756172808,116666.67,True,True,False
65,-0.11338455885202178,4,-0.5004365757425059,44333.33,True,True,False
125,-0.11338455885202178,26,0.09642428704524844,208333.33,True,True,True
136,1.1971486284446706,118,0.22380312971336674,243333.33,True,True,True
150,1.1971486284446706,68,0.2601970847614006,253333.33,True,True,True
55,-1.4239177461487142,183,-0.4701082798691444,52666.67,False,True,False
130,1.1971486284446706,143,0.3633132907308297,281666.67,True,True,True
73,-0.11338455885202178,183,-0.43856685216084845,61333.33,False,True,False
85,-0.11338455885202178,110,-0.22505564921238347,120000.0,True,True,True
100,-0.11338455885202178,166,0.029702036123853144,190000.0,True,True,True
83,-0.11338455885202178,112,-0.6551108846966496,1833.33,True,True,True
110,1.1971486284446706,119,-0.2796465817844342,105000.0,True,True,True
71,-0.11338455885202178,106,-0.3997466334429457,72000.0,True,True,True
37,-1.4239177461487142,65,-0.5926345951975248,19000.0,False,True,False
68,-1.4239177461487142,119,-0.40702542445255246,70000.0,True,True,True
78,-1.4239177461487142,119,-0.36456581022984635,81666.67,True,True,True
60,-1.4239177461487142,122,-0.4191567428018971,66666.67,True,True,False
113,-0.11338455885202178,78,-0.27722031811456527,105666.67,True,True,True
300,3.8182150030380555,87,2.371046477547361,833333.33,True,True,False
50,-0.11338455885202178,74,-0.5732244858385735,24333.33,False,True,False
60,-1.4239177461487142,24,-0.5610931674892289,27666.67,False,True,False
37,-1.4239177461487142,111,-0.5865689360228525,20666.67,False,False,False
33,-1.4239177461487142,24,-0.5938477270324594,18666.67,False,True,False
73,-0.11338455885202178,74,-0.4701082798691444,52666.67,False,True,True
59,-1.4239177461487142,24,-0.5550275083145566,29333.33,False,True,False
95,-0.11338455885202178,124,-0.48587899372329235,48333.33,True,True,True
75,-0.11338455885202178,115,-0.6253891547407553,10000.0,False,False,False
65,-0.11338455885202178,111,-0.4737476753739478,51666.67,False,True,True
52,-1.4239177461487142,120,-0.5101416304219816,41666.67,False,True,False
105,-0.11338455885202178,13,-0.5283386079459985,36666.67,True,True,False
50,-1.4239177461487142,111,-0.55866690381936,28333.33,False,True,False
74,-0.11338455885202178,120,-0.39489410610320785,73333.33,True,True,True
132,1.1971486284446706,165,0.15101521961729916,223333.33,True,False,True
104,-0.11338455885202178,96,-0.15226773911631586,140000.0,True,True,True
50,-1.4239177461487142,74,-0.5750441835909752,23833.33,False,False,False
55,-1.4239177461487142,84,-0.5283386079459985,36666.67,True,True,True
46,-1.4239177461487142,84,-0.5768638813433768,23333.33,False,False,False
55,-0.11338455885202178,24,-0.5380436626254742,34000.0,False,True,True
108,-0.11338455885202178,115,-0.5222729487713261,38333.33,True,True,False
130,-0.11338455885202178,82,-0.44887847275779136,58500.0,True,True,True
" 2,550,000,000 ",-0.11338455885202178,26,-0.3524344918805018,85000.0,True,True,True
40,-1.4239177461487142,172,-0.5344042671206708,35000.0,False,True,False
63,-1.4239177461487142,172,-0.49801031207263696,45000.0,False,False,True
140,1.1971486284446706,97,0.30872235815877896,266666.67,True,True,True
42,-1.4239177461487142,74,-0.5526012446446876,30000.0,True,True,True
90,-0.11338455885202178,172,-0.2796465817844342,105000.0,True,True,True
39,-1.4239177461487142,13,-0.5950608588673938,18333.33,True,True,False
55,-0.11338455885202178,13,-0.6071921772167383,15000.0,True,True,True
200,1.1971486284446706,150,1.036601459119455,466666.67,True,True,True
98,-0.11338455885202178,160,-0.42522240197656935,65000.0,True,True,True
71,-0.11338455885202178,141,-0.5180269873490556,39500.0,True,True,False
50,-1.4239177461487142,172,-0.5101416304219816,41666.67,False,False,True
53,-1.4239177461487142,172,-0.5267615365605837,37100.0,False,True,False
60,-1.4239177461487142,122,-0.3281718551818126,91666.67,True,True,True
160,1.1971486284446706,113,-0.542896189965212,32666.67,True,True,True
63,-0.11338455885202178,172,-0.4325011929861761,63000.0,True,False,True
96,-0.11338455885202178,172,-0.3706314694045187,80000.0,True,True,True
90,-0.11338455885202178,172,-0.3827627877538633,76666.67,True,True,True
120,1.1971486284446706,172,-0.268728395270024,108000.0,True,True,True
100,-0.11338455885202178,172,-0.34636883270582947,86666.67,True,True,True
80,-0.11338455885202178,111,-0.36577894206478084,81333.33,True,True,True
43,-1.4239177461487142,172,-0.5162072895966539,40000.0,True,True,True
79,-0.11338455885202178,172,-0.3063354821529923,97666.67,True,True,True
50,-1.4239177461487142,172,-0.5162072895966539,40000.0,False,False,True
60,-1.4239177461487142,172,-0.5259123442761295,37333.33,False,True,False
55,-1.4239177461487142,172,-0.48951838922809576,47333.33,False,False,False
150,1.1971486284446706,37,0.793975092132563,400000.0,True,True,True
55,-1.4239177461487142,13,-0.6071921772167383,15000.0,True,True,True
55,-1.4239177461487142,172,-0.5216663828538589,38500.0,False,True,False
60,-1.4239177461487142,172,-0.4919446528979647,46666.67,True,True,False
96,-0.11338455885202178,61,0.005439399425163944,183333.33,True,True,True
112,-0.11338455885202178,119,-0.26144960426041725,110000.0,True,True,True
65,-0.11338455885202178,13,-0.5889951996927215,20000.0,True,True,False
100,-0.11338455885202178,119,-0.5331911352857364,35333.33,True,True,True
105,-0.11338455885202178,187,0.017570717774508544,186666.67,True,True,True
125,1.1971486284446706,97,0.12675258291860994,216666.67,True,False,False
48,-1.4239177461487142,74,-0.5410764922128103,33166.67,True,True,False
67,-0.11338455885202178,64,-0.39853350160801126,72333.33,True,True,True
83,-0.11338455885202178,50,0.09035862787057615,206666.67,True,True,True
150,1.1971486284446706,117,-0.18866169416434966,130000.0,True,True,True
111,1.1971486284446706,119,-0.2796465817844342,105000.0,True,True,True
53,-0.11338455885202178,172,-0.5283386079459985,36666.67,False,False,False
75,-0.11338455885202178,115,-0.619323495566083,11666.67,False,False,True
92,-0.11338455885202178,137,-0.3827627877538633,76666.67,True,True,True
53,-1.4239177461487142,74,-0.4798133345486201,50000.0,True,True,True
47,-1.4239177461487142,79,-0.5647325629940323,26666.67,False,True,False
330,1.1971486284446706,50,4.942885967608416,1540000.0,True,True,True
44,-1.4239177461487142,74,-0.5356173989556052,34666.67,True,True,False
80,-0.11338455885202178,57,0.06609599117188694,200000.0,True,True,True
81,-0.11338455885202178,176,-0.4434193795005863,60000.0,True,True,False
117,1.1971486284446706,111,-0.21535059453290778,122666.67,True,True,True
37,-1.4239177461487142,19,-0.5465355854700154,31666.67,False,True,False
82,-0.11338455885202178,115,-0.6181103637311485,12000.0,True,True,True
150,1.1971486284446706,188,0.06609599117188694,200000.0,False,True,False
51,-1.4239177461487142,70,-0.5576357417596657,28616.67,True,True,False
95,-0.11338455885202178,156,-0.2675152634350896,108333.33,True,True,True
80,-0.11338455885202178,115,-0.6144709682263452,13000.0,False,False,True
133,1.1971486284446706,43,0.35724763155615735,280000.0,True,True,True
48,-1.4239177461487142,49,-0.5756507495084424,23666.67,False,False,True
185,1.1971486284446706,40,0.49069213339894796,316666.67,True,True,True
62,-1.4239177461487142,49,-0.5640046838930716,26866.67,True,True,True
75,-0.11338455885202178,49,-0.5162072895966539,40000.0,True,False,True
48,-1.4239177461487142,49,-0.572011354003639,24666.67,False,False,True
55,1.1971486284446706,65,-0.4616163570246032,55000.0,True,True,True
48,-1.4239177461487142,111,-0.49801031207263696,45000.0,True,True,True
49,-1.4239177461487142,160,-0.5526012446446876,30000.0,True,True,True
60,-0.11338455885202178,41,-0.4943709165678336,46000.0,False,True,True
130,1.1971486284446706,119,-0.15833339829098816,138333.33,True,True,True
70,-0.11338455885202178,128,-0.4409931158307174,60666.67,True,False,True
113,-0.11338455885202178,119,-0.27722031811456527,105666.67,True,True,True
80,-0.11338455885202178,0,-0.2978435593084511,100000.0,True,True,True
93,-0.11338455885202178,153,-0.5829295405180491,21666.67,True,True,False
60,-1.4239177461487142,127,-0.556240640149491,29000.0,True,True,True
56,-0.11338455885202178,41,-0.4737476753739478,51666.67,True,True,True
65,-0.11338455885202178,26,-0.34394256903596054,87333.33,True,True,True
68,-0.11338455885202178,111,-0.5016497075774403,44000.0,False,True,True
104,-0.11338455885202178,160,-0.4397799839957829,61000.0,True,True,True
84,-0.11338455885202178,26,-0.19472735333902197,128333.33,True,True,True
72,-0.11338455885202178,183,-0.4191567428018971,66666.67,True,True,False
80,-0.11338455885202178,152,-0.5550275083145566,29333.33,True,True,True
44,-1.4239177461487142,74,-0.5344042671206708,35000.0,True,True,False
105,-0.11338455885202178,119,-0.33423751435648485,90000.0,True,True,True
124,1.1971486284446706,146,-0.17895663948487397,132666.67,True,True,True
220,1.1971486284446706,105,1.8736624252242322,696666.67,True,True,True
83,-0.11338455885202178,183,-0.3415163053660916,88000.0,True,True,True
115,-0.11338455885202178,183,-0.06734851067090365,163333.33,True,True,True
80,-0.11338455885202178,111,-0.3888284469285356,75000.0,True,True,True
66,-1.4239177461487142,13,-0.5707982221687046,25000.0,False,True,False
68,-0.11338455885202178,183,-0.3063354821529923,97666.67,True,True,True
60,-0.11338455885202178,183,-0.3524344918805018,85000.0,True,True,True
62,-0.11338455885202178,122,-0.3888284469285356,75000.0,True,True,False
87,-0.11338455885202178,116,-0.3585001510551741,83333.33,True,False,True
59,-1.4239177461487142,183,-0.42522240197656935,65000.0,True,True,False
55,-1.4239177461487142,41,-0.48587899372329235,48333.33,True,True,True
101,-0.11338455885202178,119,-0.024646270081210665,175066.67,True,True,True
62,-0.11338455885202178,156,-0.40702542445255246,70000.0,True,True,False
113,-0.11338455885202178,118,0.3663461203181658,282500.0,True,True,True
78,-0.11338455885202178,81,-0.23718696756172808,116666.67,True,True,True
66,-1.4239177461487142,153,-0.5987002543721972,17333.33,True,True,False
38,-1.4239177461487142,13,-0.6229628910708863,10666.67,False,True,False
90,-0.11338455885202178,187,0.10248994621992075,210000.0,True,True,False
45,-1.4239177461487142,79,-0.5792901450132458,22666.67,False,False,False
72,-0.11338455885202178,135,-0.17653037581500505,133333.33,True,True,True
105,-0.11338455885202178,106,-0.06734851067090365,163333.33,True,True,True
155,1.1971486284446706,106,-0.04308587397221446,170000.0,True,True,True
112,1.1971486284446706,0,-0.14013642076697128,143333.33,True,True,True
65,-1.4239177461487142,66,-0.5999133862071316,17000.0,True,True,True
40,-1.4239177461487142,41,-0.5228795146887935,38166.67,True,True,True
140,1.1971486284446706,119,-0.20079301251369427,126666.67,True,True,True
155,1.1971486284446706,106,-0.018823237273525258,176666.67,True,True,True
50,-1.4239177461487142,183,-0.39489410610320785,73333.33,True,True,True
45,-1.4239177461487142,71,-0.6353368357872179,7266.67,False,True,False
68,-1.4239177461487142,150,-0.055217192321559055,166666.67,True,True,True
85,-0.11338455885202178,71,-0.6096184408866073,14333.33,False,True,False
170,1.1971486284446706,106,0.30872235815877896,266666.67,True,True,True
50,-1.4239177461487142,71,-0.632667945750362,8000.0,False,True,False
55,-1.4239177461487142,71,-0.6217497592359519,11000.0,False,True,False
75,-0.11338455885202178,135,-0.6235694569883536,10500.0,True,True,True
96,1.1971486284446706,157,-0.5228795146887935,38166.67,True,False,True
58,-1.4239177461487142,115,-0.6332745116678292,7833.33,False,False,False
43,-1.4239177461487142,102,-0.5768638813433768,23333.33,False,True,False
103,-0.11338455885202178,52,-0.17653037581500505,133333.33,True,True,True
70,-1.4239177461487142,118,-0.04308587397221446,170000.0,True,True,True
150,1.1971486284446706,118,0.5210204292723095,325000.0,True,True,True
65,-1.4239177461487142,113,-0.6229628910708863,10666.67,False,True,False
140,-0.11338455885202178,93,-0.006691918924180656,180000.0,False,True,True
79,-0.11338455885202178,160,-0.4919446528979647,46666.67,False,True,True
97,-0.11338455885202178,74,-0.3827627877538633,76666.67,False,False,True
90,-0.11338455885202178,93,0.09399802337537953,207666.67,True,True,True
175,1.1971486284446706,182,0.3815102682548466,286666.67,True,True,True
90,-0.11338455885202178,93,0.12675258291860994,216666.67,True,True,True
58,-1.4239177461487142,30,-0.2978435593084511,100000.0,True,True,False
100,-0.11338455885202178,89,-0.018823237273525258,176666.67,True,True,True
135,-0.11338455885202178,143,-0.20079301251369427,126666.67,False,False,False
185,1.1971486284446706,43,1.303490462805036,540000.0,True,True,True
50,-1.4239177461487142,108,-0.4500916045927258,58166.67,False,True,False
85,-0.11338455885202178,141,-0.4191567428018971,66666.67,True,True,True
110,1.1971486284446706,0,-0.14620207994164355,141666.67,True,True,True
67,-0.11338455885202178,26,-0.2796465817844342,105000.0,True,True,True
190,1.1971486284446706,40,0.49069213339894796,316666.67,True,True,True
95,-0.11338455885202178,187,0.10248994621992075,210000.0,True,True,True
55,-1.4239177461487142,141,-0.5344042671206708,35000.0,True,True,False
75,-0.11338455885202178,115,-0.5950608588673938,18333.33,False,False,True
87,-0.11338455885202178,74,-0.43614058849097953,62000.0,True,True,True
42,-1.4239177461487142,74,-0.5489618491398843,31000.0,True,True,True
80,-1.4239177461487142,75,-0.11587378406828205,150000.0,True,True,True
102,-0.11338455885202178,135,-0.055217192321559055,166666.67,True,True,True
140,1.1971486284446706,40,0.22380312971336674,243333.33,True,True,True
120,-0.11338455885202178,135,0.06609599117188694,200000.0,True,True,True
212,2.5076818157413627,50,3.705491495975267,1200000.0,True,True,False
62,-0.11338455885202178,122,-0.40702542445255246,70000.0,True,True,False
41,-1.4239177461487142,160,-0.5659456948289667,26333.33,False,False,True
75,-0.11338455885202178,74,-0.45555069784993085,56666.67,False,True,True
57,-1.4239177461487142,160,-0.5416830581302775,33000.0,True,True,True
50,-1.4239177461487142,65,-0.4798133345486201,50000.0,True,True,True
54,-1.4239177461487142,122,-0.3196799323372714,94000.0,True,True,True
133,1.1971486284446706,119,0.24806576641205597,250000.0,True,True,True
97,-0.11338455885202178,150,0.017570717774508544,186666.67,True,True,True
165,1.1971486284446706,105,1.480001144788,588500.0,True,True,True
59,-1.4239177461487142,125,-0.5222729487713261,38333.33,True,True,True
60,-0.11338455885202178,79,-0.48587899372329235,48333.33,True,True,False
135,-0.11338455885202178,97,0.5477093296408676,332333.33,True,True,True
60,-1.4239177461487142,19,-0.572011354003639,24666.67,False,True,False
52,-1.4239177461487142,105,-0.10374246571893746,153333.33,True,True,True
65,-1.4239177461487142,65,-0.4761739390438167,51000.0,True,True,True
95,-0.11338455885202178,156,-0.2796465817844342,105000.0,True,True,True
60,-1.4239177461487142,108,-0.38518905142373216,76000.0,True,True,False
92,-0.11338455885202178,115,-0.590208331527656,19666.67,True,True,True
83,-0.11338455885202178,97,-0.06734851067090365,163333.33,True,True,True
72,-0.11338455885202178,163,-0.40823855628748695,69666.67,True,True,False
122,1.1971486284446706,187,0.06609599117188694,200000.0,True,True,True
118,-0.11338455885202178,150,0.5877426801937048,343333.33,True,True,True
120,-0.11338455885202178,170,-0.23961323123159697,116000.0,True,True,True
115,1.1971486284446706,57,0.11462126456926534,213333.33,True,True,False
102,-0.11338455885202178,157,-0.5131744600093178,40833.33,True,True,True
65,-0.11338455885202178,156,-0.3706314694045187,80000.0,True,True,True
70,-0.11338455885202178,122,-0.39853350160801126,72333.33,True,True,False
66,-0.11338455885202178,26,-0.34394256903596054,87333.33,True,True,True
60,-1.4239177461487142,122,-0.33423751435648485,90000.0,True,True,False
46,-1.4239177461487142,156,-0.4616163570246032,55000.0,True,True,False
180,1.1971486284446706,105,1.2792278261063468,533333.33,True,True,True
60,-1.4239177461487142,81,-0.4312880611512417,63333.33,False,True,False
145,1.1971486284446706,152,-0.450698170510193,58000.0,True,True,True
63,-1.4239177461487142,138,-0.46525575252940654,54000.0,True,True,True
58,-1.4239177461487142,74,-0.5040759712473093,43333.33,True,True,True
83,-0.11338455885202178,156,-0.27358092260976186,106666.67,True,True,True
136,1.1971486284446706,138,-0.03702021479754216,171666.67,True,True,True
68,-0.11338455885202178,113,-0.5999133862071316,17000.0,False,True,False
55,-1.4239177461487142,172,-0.4919446528979647,46666.67,False,True,True
600,-0.11338455885202178,31,-0.17653037581500505,133333.33,False,False,False
89,-0.11338455885202178,146,-0.2796465817844342,105000.0,True,True,True
101,-0.11338455885202178,97,0.22380312971336674,243333.33,True,True,True
85,-0.11338455885202178,146,-0.3008763888957872,99166.67,True,True,True
87,1.1971486284446706,115,-0.6025822762439874,16266.67,False,False,True
73,-1.4239177461487142,184,-0.39489410610320785,73333.33,True,True,True
98,-0.11338455885202178,117,-0.5950608588673938,18333.33,True,True,True
135,1.1971486284446706,57,0.029702036123853144,190000.0,True,True,True
105,-0.11338455885202178,97,0.2808203259552864,259000.0,True,True,True
90,-0.11338455885202178,149,-0.5404699262953431,33333.33,True,True,False
71,-0.11338455885202178,183,-0.32210619600714024,93333.33,True,True,False
75,-0.11338455885202178,115,-0.6150775341438124,12833.33,True,True,True
345,2.5076818157413627,75,1.400541009599793,566666.67,True,True,True
90,-0.11338455885202178,146,-0.2675152634350896,108333.33,True,True,True
48,-1.4239177461487142,49,-0.5647325629940323,26666.67,True,False,False
110,-0.11338455885202178,105,0.8061064104819076,403333.33,True,True,True
82,-0.11338455885202178,74,-0.4325011929861761,63000.0,True,True,True
44,-1.4239177461487142,108,-0.4616163570246032,55000.0,False,False,False
58,-1.4239177461487142,164,-0.3585001510551741,83333.33,True,True,True
117,-0.11338455885202178,150,0.21167181136402216,240000.0,True,True,True
96,-0.11338455885202178,146,-0.2978435593084511,100000.0,True,True,True
89,-0.11338455885202178,192,-0.28571224095910647,103333.33,True,True,True
108,-0.11338455885202178,146,-0.04308587397221446,170000.0,True,True,True
134,-0.11338455885202178,96,-0.5477487173049499,31333.33,True,True,True
70,-0.11338455885202178,40,-0.3997466334429457,72000.0,True,True,True
64,-0.11338455885202178,122,-0.39004157876347,74666.67,True,True,True
56,1.1971486284446706,17,-0.5526012446446876,30000.0,False,True,False
57,-1.4239177461487142,10,0.5270860884469818,326666.67,False,True,False
55,-1.4239177461487142,183,-0.3888284469285356,75000.0,True,True,True
43,-1.4239177461487142,74,-0.5526012446446876,30000.0,False,True,True
105,-0.11338455885202178,156,-0.20079301251369427,126666.67,True,True,True
41,-0.11338455885202178,141,-0.5659456948289667,26333.33,False,False,False
78,-0.11338455885202178,160,-0.49801031207263696,45000.0,True,True,True
110,-0.11338455885202178,188,0.029702036123853144,190000.0,True,True,True
92,-0.11338455885202178,122,-0.16439905746566047,136666.67,True,True,True
96,-0.11338455885202178,57,0.08732579828324,205833.33,True,True,True
108,-0.11338455885202178,119,-0.23718696756172808,116666.67,True,True,True
76,-0.11338455885202178,160,-0.49801031207263696,45000.0,False,True,True
80,-0.11338455885202178,68,-0.14013642076697128,143333.33,True,True,True
105,-0.11338455885202178,183,-0.2796465817844342,105000.0,False,False,False
75,-1.4239177461487142,62,-0.5707982221687046,25000.0,False,True,False
56,-0.11338455885202178,13,-0.5993068202896644,17166.67,True,True,False
50,-1.4239177461487142,19,-0.5162072895966539,40000.0,False,False,False
40,-1.4239177461487142,74,-0.5610931674892289,27666.67,True,True,False
46,-1.4239177461487142,74,-0.5477487173049499,31333.33,False,True,True
93,-0.11338455885202178,74,-0.34636883270582947,86666.67,True,True,True
530,2.5076818157413627,39,8.98261497794017,2650000.0,True,True,True
62,-1.4239177461487142,100,-0.40702542445255246,70000.0,True,True,False
100,-0.11338455885202178,146,-0.20079301251369427,126666.67,True,True,False
150,1.1971486284446706,119,-0.5689785244163029,25500.0,True,True,True
270,2.5076818157413627,75,0.915288275626009,433333.33,True,True,False
50,-1.4239177461487142,83,-0.5756507495084424,23666.67,False,True,False
130,-0.11338455885202178,118,0.49069213339894796,316666.67,True,True,True
69,-0.11338455885202178,141,-0.4919446528979647,46666.67,False,True,False
66,-1.4239177461487142,124,-0.5889951996927215,20000.0,False,True,False
90,-0.11338455885202178,107,-0.5780770131783114,23000.0,True,True,True
75,-0.11338455885202178,68,-0.10495559755387192,153000.0,True,True,True
58,-1.4239177461487142,40,-0.39489410610320785,73333.33,True,True,True
300,1.1971486284446706,16,1.400541009599793,566666.67,True,True,False
97,-0.11338455885202178,160,-0.4312880611512417,63333.33,True,False,True
98,-0.11338455885202178,115,-0.5707982221687046,25000.0,False,True,False
73,-0.11338455885202178,115,-0.6162906659787468,12500.0,True,True,False
35,-1.4239177461487142,125,-0.5416830581302775,33000.0,True,True,False
85,-0.11338455885202178,111,-0.4191567428018971,66666.67,True,True,False
105,-0.11338455885202178,183,-0.23718696756172808,116666.67,True,True,True
55,-1.4239177461487142,164,-0.4130910836272248,68333.33,True,True,False
40,-1.4239177461487142,84,-0.5635194311590979,27000.0,False,True,True
68,-0.11338455885202178,111,-0.4798133345486201,50000.0,False,True,False
44,-1.4239177461487142,83,-0.5830508537015426,21633.33,True,True,True
130,-0.11338455885202178,179,1.546116829791928,606666.67,True,True,True
68,-0.11338455885202178,111,-0.5016497075774403,44000.0,False,False,True
90,-0.11338455885202178,106,-0.08554548819492055,158333.33,True,True,True
73,-1.4239177461487142,150,0.24806576641205597,250000.0,True,True,False
64,-0.11338455885202178,156,-0.4312880611512417,63333.33,False,True,False
82,-0.11338455885202178,25,-0.46768201619927546,53333.33,True,True,True
51,-1.4239177461487142,141,-0.55866690381936,28333.33,False,True,False
43,-1.4239177461487142,24,-0.5738310517560408,24166.67,False,True,True
65,-1.4239177461487142,122,-0.37791026041412545,78000.0,True,True,True
68,-1.4239177461487142,68,-0.16257935971325876,137166.67,False,False,False
65,-0.11338455885202178,6,-0.4494850386752586,58333.33,True,False,True
59,-1.4239177461487142,183,-0.4191567428018971,66666.67,True,True,True
155,1.1971486284446706,57,0.915288275626009,433333.33,True,True,True
58,-1.4239177461487142,122,-0.37669712857919097,78333.33,True,True,True
72,-0.11338455885202178,115,-0.6156841000612796,12666.67,False,False,False
56,-1.4239177461487142,83,-0.5807459032151672,22266.67,False,True,False
90,-0.11338455885202178,26,-0.23112130838705577,118333.33,True,True,True
93,-0.11338455885202178,156,-0.3124011413276646,96000.0,True,True,True
84,-0.11338455885202178,156,-0.3706314694045187,80000.0,True,True,True
107,-0.11338455885202178,115,-0.5950608588673938,18333.33,True,True,True
150,1.1971486284446706,166,0.8849599797526475,425000.0,True,True,True
120,-0.11338455885202178,95,-0.34636883270582947,86666.67,False,False,False
87,-0.11338455885202178,115,-0.5950608588673938,18333.33,True,False,True
76,-0.11338455885202178,156,-0.4203698746368315,66333.33,True,True,False
83,-0.11338455885202178,156,-0.30026982297832,99333.33,True,True,True
115,-0.11338455885202178,26,-0.18866169416434966,130000.0,True,True,True
115,-0.11338455885202178,75,0.09035862787057615,206666.67,True,True,True
85,-0.11338455885202178,3,-0.3324178166040832,90500.0,True,False,True
50,-0.11338455885202178,84,-0.5732244858385735,24333.33,False,True,False
123,-0.11338455885202178,187,0.26383648026620393,254333.33,True,True,True
630,-2.7344509334454066,166,8.509493562315729,2520000.0,False,False,False
115,-0.11338455885202178,152,-0.5465355854700154,31666.67,True,False,True
47,-1.4239177461487142,125,-0.5647325629940323,26666.67,False,True,False
40,-1.4239177461487142,141,-0.5707982221687046,25000.0,False,True,False
250,1.1971486284446706,179,4.190744229949051,1333333.33,True,True,True
85,-0.11338455885202178,152,-0.55866690381936,28333.33,False,True,True
80,-0.11338455885202178,74,-0.39246784243333893,74000.0,True,True,True
750,3.8182150030380555,178,-0.23718696756172808,116666.67,True,True,False
85,-0.11338455885202178,74,-0.4331077589036434,62833.33,False,False,True
170,1.1971486284446706,97,0.7697124554338738,393333.33,True,True,True
71,-0.11338455885202178,152,-0.5980936884547299,17500.0,False,True,True
105,-0.11338455885202178,152,-0.5501749809748188,30666.67,True,True,True
80,-1.4239177461487142,152,-0.5914214633625904,19333.33,False,True,True
95,-0.11338455885202178,152,-0.5489618491398843,31000.0,True,True,True
78,-0.11338455885202178,181,-0.3585001510551741,83333.33,True,True,False
110,-0.11338455885202178,156,-0.16803845297046385,135666.67,True,True,True
71,-0.11338455885202178,40,-0.30390921848312336,98333.33,True,True,True
65,-1.4239177461487142,135,-0.2384000993966625,116333.33,True,True,True
88,-0.11338455885202178,135,-0.030954555622869858,173333.33,True,True,True
135,1.1971486284446706,135,0.24806576641205597,250000.0,True,True,True
50,-1.4239177461487142,160,-0.5635194311590979,27000.0,True,True,False
42,-1.4239177461487142,159,-0.5501749809748188,30666.67,False,True,False
171,-0.11338455885202178,44,0.73331850038584,383333.33,False,True,False
60,-1.4239177461487142,146,1.521854193093239,600000.0,False,False,False
45,-1.4239177461487142,74,-0.5647325629940323,26666.67,False,True,False
55,-1.4239177461487142,141,-0.5283386079459985,36666.67,False,True,False
72,-0.11338455885202178,141,-0.49801031207263696,45000.0,False,True,False
72,-0.11338455885202178,111,-0.43614058849097953,62000.0,True,True,True
100,-0.11338455885202178,163,0.017570717774508544,186666.67,True,True,True
61,-1.4239177461487142,111,-0.5186335532665228,39333.33,False,False,True
253,2.5076818157413627,75,0.7193674842840937,379500.0,True,True,True
72,-0.11338455885202178,74,-0.43735372032591396,61666.67,True,True,True
98,-0.11338455885202178,156,-0.1668253211355294,136000.0,True,True,True
145,1.1971486284446706,177,0.29659103980943435,263333.33,True,True,True
93,-0.11338455885202178,135,-0.06128285149623136,165000.0,True,True,True
125,1.1971486284446706,141,-0.23718696756172808,116666.67,True,True,True
60,-0.11338455885202178,19,-0.46525575252940654,54000.0,True,True,False
120,-0.11338455885202178,187,0.21167181136402216,240000.0,True,True,True
118,-0.11338455885202178,107,-0.6229628910708863,10666.67,True,True,True
89,-0.11338455885202178,122,-0.2978435593084511,100000.0,True,True,True
62,-1.4239177461487142,84,-0.45919009335473426,55666.67,True,True,True
80,-0.11338455885202178,106,-0.30390921848312336,98333.33,True,True,True
77,-0.11338455885202178,19,-0.4434193795005863,60000.0,False,True,True
72,-0.11338455885202178,13,-0.5465355854700154,31666.67,False,False,False
80,-0.11338455885202178,40,-0.30026982297832,99333.33,True,True,True
62,-1.4239177461487142,107,-0.5556340742320238,29166.67,True,True,True
94,-0.11338455885202178,51,-0.28571224095910647,103333.33,False,True,False
91,-0.11338455885202178,115,-0.6053724794643367,15500.0,True,True,True
92,-0.11338455885202178,156,-0.27358092260976186,106666.67,True,True,True
71,-1.4239177461487142,156,-0.3827627877538633,76666.67,True,True,True
92,-0.11338455885202178,146,-0.26144960426041725,110000.0,True,True,True
63,-0.11338455885202178,168,-0.4434193795005863,60000.0,False,True,True
90,-0.11338455885202178,138,-0.26144960426041725,110000.0,True,True,True
140,1.1971486284446706,86,-0.4443898849685338,59733.33,True,True,True
63,-1.4239177461487142,173,-0.5647325629940323,26666.67,True,False,True
81,-0.11338455885202178,183,-0.24931828591107266,113333.33,True,True,True
98,-0.11338455885202178,190,0.04183335447319775,193333.33,True,True,True
84,-0.11338455885202178,156,-0.3694183375695842,80333.33,True,True,True
92,-0.11338455885202178,156,-0.3099748776577957,96666.67,True,True,True
86,-0.11338455885202178,145,-0.6107102595380484,14033.33,True,True,True
56,-1.4239177461487142,156,-0.4325011929861761,63000.0,True,True,True
74,-0.11338455885202178,192,-0.4556707979015894,56633.67,True,True,True
90,-0.11338455885202178,107,-0.5022562734949075,43833.33,True,True,True
48,-1.4239177461487142,65,-0.5465355854700154,31666.67,False,False,False
80,-0.11338455885202178,122,-0.32210619600714024,93333.33,True,True,True
120,-0.11338455885202178,127,-0.47544605994285605,51200.0,True,True,True
39,-1.4239177461487142,111,-0.5198466851014573,39000.0,True,False,True
80,-0.11338455885202178,74,-0.40702542445255246,70000.0,True,True,True
190,1.1971486284446706,105,1.1821772793115901,506666.67,True,True,True
210,1.1971486284446706,77,3.5308005117447046,1152000.0,True,True,True
90,-0.11338455885202178,26,-0.22626878104731793,119666.67,True,True,True
75,-0.11338455885202178,115,-0.6135004627583975,13266.67,False,False,True
67,-1.4239177461487142,122,-0.4009597652778802,71666.67,True,True,False
72,-0.11338455885202178,33,-0.3099748776577957,96666.67,True,True,True
93,-0.11338455885202178,119,-0.3827627877538633,76666.67,True,True,True
119,-0.11338455885202178,183,-0.06128285149623136,165000.0,True,True,True
62,-0.11338455885202178,122,-0.39489410610320785,73333.33,True,True,True
320,3.8182150030380555,142,2.734986028027699,933333.33,False,False,False
145,3.8182150030380555,74,-0.055217192321559055,166666.67,False,False,False
75,-0.11338455885202178,115,-0.613864402308878,13166.67,False,False,False
73,-0.11338455885202178,9,-0.55866690381936,28333.33,True,True,False
62,-0.11338455885202178,122,-0.3827627877538633,76666.67,False,True,False
149,1.1971486284446706,115,-0.40702542445255246,70000.0,True,True,True
68,-0.11338455885202178,122,-0.4130910836272248,68333.33,False,True,True
75,-0.11338455885202178,183,-0.360926414725043,82666.67,True,True,False
133,3.8182150030380555,74,-0.09161114736959286,156666.67,False,False,False
63,-0.11338455885202178,122,-0.4337143248211106,62666.67,True,True,False
58,-1.4239177461487142,120,-0.6011265180420661,16666.67,True,True,True
67,-1.4239177461487142,75,0.15101521961729916,223333.33,True,True,True
70,-1.4239177461487142,156,-0.38640218325866665,75666.67,True,True,True
135,1.1971486284446706,105,0.43003554165222496,300000.0,True,True,True
122,2.5076818157413627,11,-0.3706314694045187,80000.0,True,False,True
80,-0.11338455885202178,156,-0.34758196454076395,86333.33,True,True,True
55,-1.4239177461487142,122,-0.3281718551818126,91666.67,True,True,True
86,-0.11338455885202178,156,-0.28571224095910647,103333.33,True,True,False
30,-2.7344509334454066,111,-0.6011265180420661,16666.67,False,True,False
88,-0.11338455885202178,163,-0.11587378406828205,150000.0,True,True,True
220,1.1971486284446706,75,0.975944867372732,450000.0,True,True,True
102,-0.11338455885202178,147,-0.30390921848312336,98333.33,True,True,False
97,-0.11338455885202178,57,0.06609599117188694,200000.0,True,True,True
150,1.1971486284446706,187,0.672661908639117,366666.67,True,True,True
64,-1.4239177461487142,8,-0.5835361064355165,21500.0,True,True,False
100,-0.11338455885202178,156,-0.15226773911631586,140000.0,True,True,True
97,-0.11338455885202178,156,-0.26144960426041725,110000.0,True,True,True
80,-0.11338455885202178,156,-0.18259603498967736,131666.67,True,True,True
53,-1.4239177461487142,100,-0.3827627877538633,76666.67,False,True,True
68,-0.11338455885202178,111,-0.4579769615197998,56000.0,True,True,True
105,-0.11338455885202178,51,-0.14013642076697128,143333.33,True,True,False
70,-0.11338455885202178,122,-0.3827627877538633,76666.67,True,True,False
86,-0.11338455885202178,26,-0.14013642076697128,143333.33,True,True,True
62,-1.4239177461487142,24,-0.5790475186462589,22733.33,False,True,False
40,-0.11338455885202178,141,-0.5610931674892289,27666.67,False,False,False
57,-1.4239177461487142,79,-0.45555069784993085,56666.67,True,False,True
40,-1.4239177461487142,125,-0.5659456948289667,26333.33,False,True,False
35,-1.4239177461487142,141,-0.5671588266639012,26000.0,True,True,False
112,-0.11338455885202178,57,0.382723400089781,287000.0,True,True,True
140,1.1971486284446706,135,0.30872235815877896,266666.67,True,True,True
48,-1.4239177461487142,48,-0.5065022349171782,42666.67,False,False,True
175,1.1971486284446706,77,1.400541009599793,566666.67,True,True,True
135,-0.11338455885202178,43,0.3208536765081236,270000.0,True,True,True
45,-1.4239177461487142,79,-0.5550275083145566,29333.33,False,True,False
50,-1.4239177461487142,19,-0.5101416304219816,41666.67,True,True,False
61,-1.4239177461487142,26,-0.4191567428018971,66666.67,True,True,True
47,-1.4239177461487142,141,-0.5344042671206708,35000.0,True,True,False
210,1.1971486284446706,50,3.4143398555909967,1120000.0,True,True,True
82,-0.11338455885202178,115,-0.6065856112992711,15166.67,False,False,True
72,-0.11338455885202178,120,-0.37354298580836137,79200.0,False,False,False
44,-1.4239177461487142,74,-0.5471421513874826,31500.0,False,True,False
58,-1.4239177461487142,19,-0.5077153667521127,42333.33,False,True,False
127,-0.11338455885202178,157,-0.3585001510551741,83333.33,True,True,True
124,1.1971486284446706,57,0.27232840311074513,256666.67,True,True,True
65,-0.11338455885202178,156,-0.37669712857919097,78333.33,True,True,True
110,-0.11338455885202178,57,0.38878905926445334,288666.67,True,True,True
200,2.5076818157413627,105,1.1579146426129008,500000.0,True,True,True
240,1.1971486284446706,44,3.5308005117447046,1152000.0,True,True,False
75,-0.11338455885202178,115,-0.6217497592359519,11000.0,False,False,True
130,-1.4239177461487142,111,-0.5065022349171782,42666.67,True,True,True
72,-0.11338455885202178,121,-0.6253891547407553,10000.0,False,False,False
101,-0.11338455885202178,75,-0.030954555622869858,173333.33,True,True,True
82,-0.11338455885202178,122,-0.26144960426041725,110000.0,True,True,True
150,1.1971486284446706,44,0.7648599280941359,392000.0,True,True,False
48,-1.4239177461487142,24,-0.572011354003639,24666.67,False,False,False
115,-0.11338455885202178,192,-0.047938401311952296,168666.67,True,True,True
106,-0.11338455885202178,50,-0.12193944324295436,148333.33,True,True,True
205,1.1971486284446706,50,1.764480560080131,666666.67,True,True,True
125,-0.11338455885202178,57,-0.5253057783586623,37500.0,True,True,True
85,-0.11338455885202178,146,-0.3099748776577957,96666.67,True,True,True
220,2.5076818157413627,19,1.1579146426129008,500000.0,True,True,False
104,-0.11338455885202178,156,-0.1668253211355294,136000.0,False,False,False
99,-0.11338455885202178,156,-0.18866169416434966,130000.0,True,True,True
165,1.1971486284446706,150,1.5400511706172557,605000.0,True,True,True
98,-0.11338455885202178,117,-0.5829295405180491,21666.67,True,True,True
71,-0.11338455885202178,146,-0.4009597652778802,71666.67,False,True,True
104,-0.11338455885202178,119,-0.23718696756172808,116666.67,True,True,True
102,-0.11338455885202178,156,-0.17653037581500505,133333.33,True,True,True
112,-0.11338455885202178,156,-0.006691918924180656,180000.0,True,True,True
80,-1.4239177461487142,152,-0.5950608588673938,18333.33,False,True,False
69,-0.11338455885202178,74,-0.45555069784993085,56666.67,True,True,True
135,1.1971486284446706,135,0.43003554165222496,300000.0,True,True,True
44,-1.4239177461487142,125,-0.5404699262953431,33333.33,False,True,False
80,-0.11338455885202178,146,-0.360926414725043,82666.67,True,True,False
80,-0.11338455885202178,119,-0.5707982221687046,25000.0,True,True,True
60,-1.4239177461487142,115,-0.6253891547407553,10000.0,False,False,False
108,-0.11338455885202178,135,0.3815102682548466,286666.67,True,True,True
150,-0.11338455885202178,97,0.3329849948574682,273333.33,True,True,True
78,-0.11338455885202178,115,-0.5671588266639012,26000.0,False,False,False
77,-0.11338455885202178,53,-0.6047659135468695,15666.67,True,True,False
160,3.8182150030380555,187,1.521854193093239,600000.0,True,True,False
106,-0.11338455885202178,62,-0.37791026041412545,78000.0,True,True,True
135,1.1971486284446706,184,0.017570717774508544,186666.67,True,True,True
102,1.1971486284446706,11,-0.14013642076697128,143333.33,False,False,True
68,-0.11338455885202178,122,-0.4009597652778802,71666.67,True,True,True
77,-0.11338455885202178,74,-0.4579769615197998,56000.0,True,True,True
72,-0.11338455885202178,192,-0.5526012446446876,30000.0,True,True,False
84,-0.11338455885202178,175,-0.5904509578946429,19600.0,False,True,True
69,-1.4239177461487142,144,-0.5538143764796222,29666.67,True,True,True
55,-1.4239177461487142,13,-0.5650358459527659,26583.33,True,True,True
94,-0.11338455885202178,183,-0.16439905746566047,136666.67,True,True,True
120,1.1971486284446706,119,-0.6259957206582225,9833.33,True,True,True
90,-0.11338455885202178,119,-0.6266022865756897,9666.67,True,True,True
54,-1.4239177461487142,24,-0.5695850903337701,25333.33,False,True,False
144,1.1971486284446706,57,0.21773747053869447,241666.67,True,True,True
80,-0.11338455885202178,115,-0.6156841000612796,12666.67,False,False,False
110,1.1971486284446706,112,0.13281824209328225,218333.33,True,True,True
55,-0.11338455885202178,187,-0.4009597652778802,71666.67,False,True,False
65,-0.11338455885202178,122,-0.4312880611512417,63333.33,False,True,False
60,-0.11338455885202178,141,-0.47738707087875115,50666.67,True,True,True
69,-0.11338455885202178,13,-0.542896189965212,32666.67,True,True,False
180,2.5076818157413627,119,-0.33181125068661593,90666.67,True,True,True
180,-0.11338455885202178,115,-0.40702542445255246,70000.0,True,True,False
130,-0.11338455885202178,100,0.10248994621992075,210000.0,False,True,False
120,-0.11338455885202178,192,-0.48709212555822684,48000.0,True,True,True
82,-0.11338455885202178,57,0.18740917466533294,233333.33,True,True,True
128,1.1971486284446706,57,0.4542981783509142,306666.67,True,True,True
103,-0.11338455885202178,192,-0.5222729487713261,38333.33,True,True,True
85,-0.11338455885202178,50,0.07822730952123155,203333.33,True,True,True
68,-1.4239177461487142,5,-0.4919446528979647,46666.67,True,False,True
110,1.1971486284446706,184,0.13281824209328225,218333.33,True,True,True
94,-0.11338455885202178,115,-0.5792901450132458,22666.67,False,False,True
42,-1.4239177461487142,103,-0.5841426723529837,21333.33,False,False,False
63,-1.4239177461487142,122,-0.39489410610320785,73333.33,True,True,True
62,-1.4239177461487142,115,-0.619323495566083,11666.67,False,False,True
155,1.1971486284446706,75,1.0305357999447826,465000.0,True,True,True
65,-0.11338455885202178,4,-0.4737476753739478,51666.67,True,True,True
138,1.1971486284446706,75,0.49069213339894796,316666.67,True,True,True
135,1.1971486284446706,19,-0.24446575857133482,114666.67,True,True,True
71,-1.4239177461487142,117,-0.5962739907023282,18000.0,False,True,True
175,1.1971486284446706,86,0.612005316892394,350000.0,True,True,True
145,1.1971486284446706,150,0.612005316892394,350000.0,True,True,True
285,2.5076818157413627,150,2.795642619774422,950000.0,True,True,True
125,1.1971486284446706,150,0.7029902045124785,375000.0,True,True,True
115,-0.11338455885202178,150,0.793975092132563,400000.0,True,True,True
59,-1.4239177461487142,13,-0.5758933758754293,23600.0,True,True,True
89,1.1971486284446706,115,-0.6096184408866073,14333.33,True,True,True
65,-1.4239177461487142,115,-0.6205366274010174,11333.33,True,True,True
78,-0.11338455885202178,115,-0.603552781711935,16000.0,True,True,True
82,-0.11338455885202178,26,-0.2978435593084511,100000.0,True,True,True
125,-0.11338455885202178,57,-0.4737476753739478,51666.67,False,True,False
60,-0.11338455885202178,174,-0.5065022349171782,42666.67,False,True,True
57,-0.11338455885202178,141,-0.5162072895966539,40000.0,False,True,False
66,-0.11338455885202178,4,-0.5259123442761295,37333.33,False,True,False
80,-0.11338455885202178,183,-0.2978435593084511,100000.0,True,True,True
46,-1.4239177461487142,156,-0.45555069784993085,56666.67,True,True,True
80,-0.11338455885202178,40,-0.2978435593084511,100000.0,True,True,True
73,-0.11338455885202178,163,-0.2905647682988443,102000.0,True,True,True
115,-0.11338455885202178,108,-0.03398738521020601,172500.0,False,False,False
65,-0.11338455885202178,184,-0.42522240197656935,65000.0,True,True,False
72,-0.11338455885202178,163,-0.3524344918805018,85000.0,True,True,True
80,-0.11338455885202178,163,-0.2978435593084511,100000.0,True,True,True
135,1.1971486284446706,192,-0.4798133345486201,50000.0,True,True,True
80,-0.11338455885202178,26,-0.2978435593084511,100000.0,True,True,True
97,-0.11338455885202178,100,-0.17653037581500505,133333.33,True,True,True
150,1.1971486284446706,105,0.672661908639117,366666.67,True,True,True
175,1.1971486284446706,147,0.28445972146008974,260000.0,True,True,True
74,-1.4239177461487142,115,-0.603552781711935,16000.0,False,True,True
157,1.1971486284446706,93,0.5756113618443601,340000.0,True,True,True
92,-0.11338455885202178,52,-0.25538394508574497,111666.67,True,True,True
190,1.1971486284446706,118,0.8364347063552691,411666.67,True,True,True
110,-0.11338455885202178,118,0.40577290495353574,293333.33,True,True,True
50,-1.4239177461487142,120,-0.5283386079459985,36666.67,False,True,False
197,1.1971486284446706,93,1.226213964919711,518766.67,True,True,True
107,-0.11338455885202178,30,0.3815102682548466,286666.67,True,True,True
78,-0.11338455885202178,50,0.21167181136402216,240000.0,True,True,True
46,-1.4239177461487142,26,-0.42522240197656935,65000.0,True,True,True
112,-0.11338455885202178,90,0.35724763155615735,280000.0,True,True,True
60,-1.4239177461487142,169,-0.4798133345486201,50000.0,False,True,False
120,-0.11338455885202178,105,0.43003554165222496,300000.0,True,True,True
115,-0.11338455885202178,59,0.32691933568279585,271666.67,True,True,True
95,-0.11338455885202178,163,-0.26144960426041725,110000.0,True,True,True
92,-0.11338455885202178,26,-0.24931828591107266,113333.33,True,True,True
71,-0.11338455885202178,183,-0.4191567428018971,66666.67,True,True,False
95,-0.11338455885202178,31,-0.4494850386752586,58333.33,True,True,True
40,-1.4239177461487142,141,-0.5853558041879181,21000.0,False,True,False
52,-1.4239177461487142,122,-0.37548399674425653,78666.67,True,True,True
84,-0.11338455885202178,141,-0.4312880611512417,63333.33,True,True,True
80,-0.11338455885202178,12,-0.4434193795005863,60000.0,True,True,True
58,-1.4239177461487142,141,-0.5750441835909752,23833.33,False,True,False
68,-0.11338455885202178,156,-0.38640218325866665,75666.67,True,True,True
90,-0.11338455885202178,163,-0.25538394508574497,111666.67,True,True,True
65,-1.4239177461487142,132,-0.4919446528979647,46666.67,False,True,False
200,-0.11338455885202178,134,-0.31604053683246797,95000.0,False,False,False
72,-0.11338455885202178,12,-0.45919009335473426,55666.67,True,True,True
80,-0.11338455885202178,125,-0.4434193795005863,60000.0,True,True,True
71,-0.11338455885202178,12,-0.461616346349043,55000.0,True,True,True
86,-0.11338455885202178,12,-0.421583006471766,66000.0,True,True,True
75,-0.11338455885202178,115,-0.6199300614835502,11500.0,False,True,True
54,-1.4239177461487142,183,2.0677635191776855,750000.0,True,True,True
60,-1.4239177461487142,146,-0.4240092701416349,65333.33,True,True,True
105,1.1971486284446706,40,0.045472749978001124,194333.33,True,True,True
72,-0.11338455885202178,0,-0.25538394508574497,111666.67,True,True,True
186,1.1971486284446706,118,0.46642949670025874,310000.0,True,True,True
110,-0.11338455885202178,68,0.07216165034655925,201666.67,True,True,True
78,-0.11338455885202178,192,-0.572011354003639,24666.67,True,False,True
84,-0.11338455885202178,71,-0.5580603379018928,28500.0,True,True,True
53,-1.4239177461487142,76,-0.6071921772167383,15000.0,False,False,False
63,1.1971486284446706,73,-0.48587899372329235,48333.33,False,True,False
53,-1.4239177461487142,156,-0.48345273005342343,49000.0,False,True,False
105,-0.11338455885202178,163,-0.23718696756172808,116666.67,True,True,True
100,-0.11338455885202178,135,-0.10980812489360976,151666.67,True,True,True
93,-0.11338455885202178,135,-0.18866169416434966,130000.0,True,True,True
83,1.1971486284446706,17,-0.5057136992244708,42883.33,False,False,False
100,-0.11338455885202178,135,-0.11830004773815098,149333.33,True,True,True
80,-0.11338455885202178,31,-0.5707982221687046,25000.0,False,False,False
90,-0.11338455885202178,135,-0.024888896448197556,175000.0,True,True,True
73,-0.11338455885202178,26,-0.4312880611512417,63333.33,True,True,True
82,-0.11338455885202178,156,-0.22505564921238347,120000.0,True,True,True
148,1.1971486284446706,187,0.3257062038478614,271333.33,True,True,True
90,-0.11338455885202178,156,-0.2796465817844342,105000.0,True,False,True
112,-0.11338455885202178,32,0.18740917466533294,233333.33,True,True,True
45,-1.4239177461487142,160,0.41790422330288035,296666.67,False,False,True
70,-0.11338455885202178,100,-0.43735372032591396,61666.67,True,True,False
107,-0.11338455885202178,97,0.2598331452109202,253233.33,True,True,True
37,-1.4239177461487142,170,-0.5186335532665228,39333.33,True,True,True
65,-1.4239177461487142,74,-0.4525178682625947,57500.0,True,True,True
66,-0.11338455885202178,186,-0.5404699262953431,33333.33,False,True,False
130,1.1971486284446706,119,-0.5568472060669583,28833.33,True,True,True
63,1.1971486284446706,159,-0.5162072895966539,40000.0,True,True,False
75,-0.11338455885202178,153,-0.6011265180420661,16666.67,False,True,False
52,-1.4239177461487142,74,-0.5162072895966539,40000.0,True,False,False
86,1.1971486284446706,115,-0.6284219843280915,9166.67,False,True,True
58,-1.4239177461487142,115,-0.6319400666494014,8200.0,False,False,True
76,-0.11338455885202178,183,-0.34636883270582947,86666.67,True,True,True
87,-0.11338455885202178,192,-0.5792901450132458,22666.67,True,True,True
54,-2.7344509334454066,152,-0.6047659135468695,15666.67,False,False,False
140,1.1971486284446706,35,0.10248994621992075,210000.0,True,True,True
74,-0.11338455885202178,115,-0.6238120833553404,10433.33,False,False,True
186,1.1971486284446706,179,1.1579146426129008,500000.0,True,True,True
140,1.1971486284446706,96,0.35724763155615735,280000.0,True,True,True
114,-0.11338455885202178,119,-0.17653037581500505,133333.33,True,True,True
51,-1.4239177461487142,111,-0.5283386079459985,36666.67,False,False,True
180,1.1971486284446706,77,1.036601459119455,466666.67,True,True,True
70,-1.4239177461487142,122,-0.23718696756172808,116666.67,True,True,True
120,1.1971486284446706,142,-0.006691918924180656,180000.0,True,True,True
137,1.1971486284446706,122,0.16921219714131605,228333.33,True,True,True
92,-0.11338455885202178,156,-0.27115465893989293,107333.33,True,True,True
45,-1.4239177461487142,183,-0.4616163570246032,55000.0,True,True,False
68,-0.11338455885202178,182,-0.5404699262953431,33333.33,False,True,True
85,-0.11338455885202178,26,-0.27358092260976186,106666.67,False,True,True
118,-0.11338455885202178,96,0.19711422934480863,236000.0,True,True,True
180,1.1971486284446706,93,0.6483992719404278,360000.0,True,True,False
60,-1.4239177461487142,183,-0.43614058849097953,62000.0,True,True,False
80,-0.11338455885202178,157,-0.6120447045564762,13666.67,False,True,True
86,-0.11338455885202178,175,-0.5987002543721972,17333.33,False,True,False
123,1.1971486284446706,179,0.854631683879286,416666.67,True,True,True
148,1.1971486284446706,35,0.06609599117188694,200000.0,True,True,True
58,-1.4239177461487142,115,-0.6223563251534191,10833.33,False,False,True
60,-1.4239177461487142,183,-0.42522240197656935,65000.0,True,True,True
133,1.1971486284446706,150,0.551348725145671,333333.33,True,False,True
94,-0.11338455885202178,31,-0.5896017656101887,19833.33,False,True,True
68,-0.11338455885202178,24,-0.509171124954034,41933.33,False,True,True
61,-0.11338455885202178,13,-0.6059790453818039,15333.33,False,True,False
75,-0.11338455885202178,183,-0.3403031735311572,88333.33,True,True,True
81,-0.11338455885202178,183,-0.12133287732548713,148500.0,True,True,True
74,-0.11338455885202178,96,-0.16803845297046385,135666.67,True,True,True
97,-0.11338455885202178,156,-0.33423751435648485,90000.0,True,True,True
94,-0.11338455885202178,105,0.3633132907308297,281666.67,True,True,True
113,1.1971486284446706,111,-0.27722031811456527,105666.67,True,True,True
63,-1.4239177461487142,52,-0.4325011929861761,63000.0,True,True,False
86,-0.11338455885202178,163,-0.23718696756172808,116666.67,True,True,True
83,-0.11338455885202178,105,0.16314653796664375,226666.67,True,True,True
105,-0.11338455885202178,39,0.017570717774508544,186666.67,True,True,True
82,-0.11338455885202178,115,-0.6181103637311485,12000.0,False,True,True
