Area,Room,Address,Price,Price(USD),Parking_True,Warehouse_True,Elevator_True
63,1,156,1850000000.0,61666.67,True,True,True
60,1,156,1850000000.0,61666.67,True,True,True
79,2,117,550000000.0,18333.33,True,True,True
95,2,152,902500000.0,30083.33,True,True,True
123,2,150,7000000000.0,233333.33,True,True,True
70,2,106,2050000000.0,68333.33,True,True,False
87,2,117,600000000.0,20000.0,True,True,True
59,1,156,2150000000.0,71666.67,True,True,True
54,2,13,493000000.0,16433.33,True,True,False
71,1,183,2370000000.0,79000.0,True,True,True
68,2,183,2450000000.0,81666.67,True,True,True
64,1,100,2100000000.0,70000.0,True,True,True
54,1,100,1690000000.0,56333.33,False,True,True
136,3,135,11000000000.0,366666.67,True,True,True
95,2,188,5000000000.0,166666.67,True,True,True
63,1,71,570000000.0,19000.0,False,True,False
155,3,100,6700000000.0,223333.33,True,True,True
64,2,120,1450000000.0,48333.33,False,True,False
140,3,183,6400000000.0,213333.33,True,True,True
42,1,120,1390000000.0,46333.33,False,True,False
93,2,150,7000000000.0,233333.33,True,True,True
87,2,154,2500000000.0,83333.33,True,True,True
65,1,156,1880000000.0,62666.67,True,True,True
99,2,99,2277000000.0,75900.0,True,True,True
105,2,135,7150000000.0,238333.33,True,True,True
160,3,179,14945000000.0,498166.67,True,True,True
77,2,12,1771000000.0,59033.33,True,True,True
123,2,120,4059000000.0,135300.0,True,True,True
110,2,163,630000000.0,21000.0,True,True,True
100,2,183,3200000000.0,106666.67,True,True,True
90,2,141,1500000000.0,50000.0,False,True,False
49,1,183,2200000000.0,73333.33,True,True,True
96,2,190,7872000000.0,262400.0,True,True,True
67,2,52,2350000000.0,78333.33,True,True,False
68,2,183,2500000000.0,83333.33,True,True,True
62,1,181,2150000000.0,71666.67,True,False,True
55,1,183,2150000000.0,71666.67,True,True,True
110,2,183,3750000000.0,125000.0,True,True,True
129,2,183,5250000000.0,175000.0,True,True,True
109,2,183,4830000000.0,161000.0,True,True,True
58,1,135,3400000000.0,113333.33,True,True,True
55,1,135,3850000000.0,128333.33,True,True,True
150,2,152,1200000000.0,40000.0,False,True,True
60,2,192,2650000000.0,88333.33,True,True,True
130,3,147,5000000000.0,166666.67,True,True,False
88,2,61,4750000000.0,158333.33,True,True,True
51,1,61,2980000000.0,99333.33,True,True,True
113,3,150,7000000000.0,233333.33,True,True,False
110,2,128,2035000000.0,67833.33,True,True,True
60,1,1,2460000000.0,82000.0,True,True,True
98,2,117,540000000.0,18000.0,True,True,True
62,2,111,1450000000.0,48333.33,False,False,True
150,3,50,10000000000.0,333333.33,True,True,True
75,2,115,635000000.0,21166.67,False,False,False
61,1,122,2030000000.0,67666.67,True,True,False
72,2,156,2350000000.0,78333.33,True,True,True
100,2,125,3000000000.0,100000.0,True,True,True
122,3,14,7200000000.0,240000.0,True,True,True
215,3,113,1750000000.0,58333.33,True,True,True
101,2,127,3300000000.0,110000.0,True,True,True
67,2,122,2800000000.0,93333.33,True,True,True
72,2,122,2200000000.0,73333.33,True,True,False
63,1,122,2200000000.0,73333.33,True,True,False
75,2,122,2200000000.0,73333.33,True,True,False
109,2,156,3500000000.0,116666.67,True,True,True
122,2,14,7000000000.0,233333.33,True,True,True
70,1,26,3100000000.0,103333.33,True,True,True
60,1,183,2450000000.0,81666.67,True,True,True
53,1,40,1920000000.0,64000.0,True,True,False
90,1,114,850000000.0,28333.33,False,True,False
72,2,12,1650000000.0,55000.0,True,True,True
74,2,12,1700000000.0,56666.67,True,True,True
88,3,115,560000000.0,18666.67,False,False,True
63,1,122,2150000000.0,71666.67,True,True,True
114,3,142,5500000000.0,183333.33,True,True,True
151,3,135,10200000000.0,340000.0,True,True,True
42,1,156,1760000000.0,58666.67,True,False,True
300,3,21,1500000000.0,50000.0,True,True,False
110,2,183,3730000000.0,124333.33,True,True,True
100,2,152,620000000.0,20666.67,False,False,False
140,1,157,580000000.0,19333.33,False,False,False
70,2,108,3050000000.0,101666.67,True,True,True
60,2,183,2000000000.0,66666.67,True,True,False
76,2,106,2600000000.0,86666.67,True,True,True
148,3,35,5990000000.0,199666.67,True,True,True
75,2,106,2300000000.0,76666.67,True,True,True
40,1,120,1300000000.0,43333.33,True,True,False
65,2,164,2270000000.0,75666.67,True,True,True
140,3,134,4000000000.0,133333.33,True,True,True
110,2,184,4000000000.0,133333.33,True,True,True
70,2,4,1650000000.0,55000.0,True,False,True
128,3,93,6700000000.0,223333.33,True,True,True
94,2,115,580000000.0,19333.33,True,True,True
67,1,122,2300000000.0,76666.67,True,True,True
75,1,152,650000000.0,21666.67,True,True,True
130,2,39,16900000000.0,563333.33,True,True,True
40,0,152,248000000.0,8266.67,False,False,False
97,2,117,510000000.0,17000.0,True,True,True
110,2,156,3850000000.0,128333.33,True,True,True
150,3,138,6000000000.0,200000.0,True,True,True
75,2,27,780000000.0,26000.0,False,False,False
137,3,147,7200000000.0,240000.0,True,True,True
85,2,115,410000000.0,13666.67,True,True,True
68,2,113,430000000.0,14333.33,False,True,False
78,2,23,800000000.0,26666.67,False,True,False
85,2,115,545000000.0,18166.67,True,True,True
100,2,115,1280000000.0,42666.67,True,True,False
71,2,122,2800000000.0,93333.33,True,True,True
140,3,61,11200000000.0,373333.33,True,True,True
136,3,115,750000000.0,25000.0,True,True,False
48,1,74,850000000.0,28333.33,False,False,False
100,2,88,3300000000.0,110000.0,True,True,True
82,2,158,3280000000.0,109333.33,True,False,True
120,3,51,4800000000.0,160000.0,True,True,True
139,3,61,7300000000.0,243333.33,True,True,True
110,3,81,3950000000.0,131666.67,True,True,True
78,2,115,370000000.0,12333.33,False,False,True
79,2,21,750000000.0,25000.0,False,False,False
66,2,141,1725000000.0,57500.0,True,True,True
78,2,76,780000000.0,26000.0,True,True,True
85,2,157,1419000000.0,47300.0,True,True,True
100,2,124,1200000000.0,40000.0,True,True,False
80,2,110,3600000000.0,120000.0,True,True,True
44,1,141,1050000000.0,35000.0,True,True,False
120,2,157,1200000000.0,40000.0,True,True,False
50,1,152,340000000.0,11333.33,False,True,False
121,3,111,3300000000.0,110000.0,True,True,False
80,2,19,2800000000.0,93333.33,True,True,True
70,2,22,1200000000.0,40000.0,False,True,True
160,1,124,3600000.0,120.0,False,False,False
40,0,113,165000000.0,5500.0,False,False,False
88,2,127,2860000000.0,95333.33,True,True,True
141,3,119,3810000000.0,127000.0,True,True,True
140,3,119,1790000000.0,59666.67,True,True,True
120,2,119,1530000000.0,51000.0,True,True,True
66,2,24,1000000000.0,33333.33,False,True,False
70,2,122,3500000000.0,116666.67,True,True,True
75,2,69,3000000000.0,100000.0,True,False,True
70,2,45,1800000000.0,60000.0,False,True,True
150,3,135,20000000000.0,666666.67,True,True,True
95,2,62,950000000.0,31666.67,True,True,True
127,2,163,6000000000.0,200000.0,True,True,True
123,3,146,3700000000.0,123333.33,True,True,True
63,2,163,2000000000.0,66666.67,True,True,True
90,2,122,3050000000.0,101666.67,True,True,True
105,2,117,605000000.0,20166.67,True,True,True
180,3,118,9900000000.0,330000.0,True,True,True
120,3,120,3700000000.0,123333.33,True,False,True
65,2,52,2500000000.0,83333.33,True,True,True
158,3,50,10480000000.0,349333.33,True,True,True
144,3,29,7632000000.0,254400.0,True,True,True
144,3,122,7632000000.0,254400.0,True,True,True
130,3,57,12300000000.0,410000.0,True,True,True
245,3,50,26950000000.0,898333.33,True,True,True
190,3,77,24300000000.0,810000.0,True,True,True
63,2,26,3000000000.0,100000.0,True,True,True
75,2,40,2100000000.0,70000.0,True,True,True
88,2,60,4700000000.0,156666.67,True,False,True
108,2,118,9180000000.0,306000.0,True,True,True
117,2,71,1579500000.0,52650.0,True,True,True
200,3,118,12000000000.0,400000.0,True,True,True
65,1,120,1750000000.0,58333.33,True,True,False
90,2,26,3780000000.0,126000.0,True,True,True
125,2,68,8100000000.0,270000.0,True,True,True
140,3,68,9100000000.0,303333.33,True,True,True
71,2,65,1550000000.0,51666.67,False,True,True
71,2,74,1640000000.0,54666.67,False,True,True
236,4,57,20000000000.0,666666.67,True,True,True
67,2,26,2750000000.0,91666.67,True,True,True
60,1,122,1750000000.0,58333.33,True,True,True
220,3,68,15400000000.0,513333.33,True,True,True
44,1,13,350000000.0,11666.67,True,True,False
68,1,68,4115000000.0,137166.67,True,True,True
100,2,118,8000000000.0,266666.67,True,True,True
86,2,117,580000000.0,19333.33,True,True,True
84,2,117,560000000.0,18666.67,True,True,True
94,2,68,4800000000.0,160000.0,True,True,True
55,1,183,1550000000.0,51666.67,False,True,False
113,2,135,7500000000.0,250000.0,True,True,True
71,2,71,630000000.0,21000.0,True,True,True
70,2,36,2000000000.0,66666.67,True,True,False
200,3,62,2400000000.0,80000.0,True,True,True
106,2,62,1100000000.0,36666.67,True,True,True
320,4,135,24000000000.0,800000.0,True,True,True
114,2,184,3820000000.0,127333.33,True,True,True
100,2,122,6000000000.0,200000.0,True,True,True
122,2,135,5800000000.0,193333.33,True,True,True
200,2,31,3500000000.0,116666.67,True,True,False
154,3,135,12300000000.0,410000.0,True,True,True
210,3,118,15750000000.0,525000.0,True,True,True
200,3,40,11000000000.0,366666.67,True,True,True
65,1,163,3000000000.0,100000.0,True,True,True
124,3,120,3968000000.0,132266.67,True,True,True
83,2,132,1909000000.0,63633.33,True,True,True
270,4,50,37800000000.0,1260000.0,True,True,True
104,2,40,5700000000.0,190000.0,True,True,True
150,3,189,10490000000.0,349666.67,True,True,True
103,3,183,3200000000.0,106666.67,True,True,True
48,1,183,1920000000.0,64000.0,True,True,True
165,3,57,12300000000.0,410000.0,True,True,True
135,2,57,7400000000.0,246666.67,True,True,False
86,2,135,6200000000.0,206666.67,True,True,True
75,2,40,2350000000.0,78333.33,True,True,True
58,1,40,1850000000.0,61666.67,True,True,True
125,2,150,21500000000.0,716666.67,True,True,True
82,2,126,1886000000.0,62866.67,True,True,True
58,2,156,2200000000.0,73333.33,True,True,True
101,2,24,2323000000.0,77433.33,True,True,True
90,2,105,6800000000.0,226666.67,True,True,True
180,3,50,20700000000.0,690000.0,True,True,True
132,3,57,6250000000.0,208333.33,True,True,True
81,2,176,1863000000.0,62100.0,True,True,True
153,3,118,13000000000.0,433333.33,True,True,True
166,3,123,12500000000.0,416666.67,True,True,True
200,3,118,17000000000.0,566666.67,True,True,True
113,2,118,8500000000.0,283333.33,True,True,True
100,2,176,2300000000.0,76666.67,True,True,True
80,2,26,3350000000.0,111666.67,True,True,True
76,2,74,2000000000.0,66666.67,True,True,True
128,3,122,5700000000.0,190000.0,True,True,True
210,3,150,27000000000.0,900000.0,True,True,True
140,2,150,12600000000.0,420000.0,True,True,True
74,2,10,1702000000.0,56733.33,True,True,True
75,1,26,3000000000.0,100000.0,True,True,True
120,2,118,7500000000.0,250000.0,True,True,True
85,2,43,5000000000.0,166666.67,True,True,True
105,2,117,700000000.0,23333.33,True,True,True
175,3,50,15600000000.0,520000.0,True,True,True
170,3,50,15350000000.0,511666.67,True,True,True
58,1,42,2810000000.0,93666.67,True,True,True
75,2,115,395000000.0,13166.67,True,True,True
160,3,57,15100000000.0,503333.33,True,True,True
62,1,156,1850000000.0,61666.67,True,True,True
93,2,134,1450000000.0,48333.33,True,True,True
75,2,71,715000000.0,23833.33,True,True,True
86,2,71,1200000000.0,40000.0,True,True,False
120,2,164,4260000000.0,142000.0,True,True,True
95,2,13,1500000000.0,50000.0,True,True,True
70,2,183,2120000000.0,70666.67,True,True,False
75,2,40,2000000000.0,66666.67,True,True,False
81,2,117,590000000.0,19666.67,True,False,True
65,1,183,1930000000.0,64333.33,True,True,False
75,2,40,2730000000.0,91000.0,True,True,True
106,2,40,3150000000.0,105000.0,True,True,False
115,2,40,4600000000.0,153333.33,True,True,True
100,2,146,3000000000.0,100000.0,True,True,True
118,2,40,4500000000.0,150000.0,True,True,True
116,2,40,5100000000.0,170000.0,True,True,True
76,2,146,2200000000.0,73333.33,True,True,True
74,2,40,2300000000.0,76666.67,True,True,False
96,2,135,4500000000.0,150000.0,True,True,True
87,2,117,625000000.0,20833.33,True,True,True
43,1,108,1620000000.0,54000.0,True,True,False
155,3,105,17050000000.0,568333.33,True,True,True
53,1,40,1920000000.0,64000.0,True,True,True
160,3,50,17600000000.0,586666.67,True,True,True
78,2,146,2250000000.0,75000.0,True,True,True
230,3,105,25300000000.0,843333.33,True,True,True
55,1,183,1850000000.0,61666.67,True,True,True
120,2,135,11700000000.0,390000.0,True,True,False
78,2,163,3600000000.0,120000.0,True,True,True
95,2,163,4400000000.0,146666.67,True,True,True
170,3,57,15400000000.0,513333.33,True,True,True
175,3,150,22750000000.0,758333.33,True,True,True
115,3,122,4500000000.0,150000.0,True,True,True
113,2,122,4300000000.0,143333.33,True,True,True
85,2,122,3380000000.0,112666.67,True,True,True
140,3,135,10000000000.0,333333.33,True,True,True
90,2,135,6500000000.0,216666.67,True,True,True
63,1,122,2200000000.0,73333.33,True,False,False
75,2,26,3220000000.0,107333.33,True,True,True
130,3,122,6240000000.0,208000.0,True,True,True
91,2,122,3350000000.0,111666.67,True,True,True
121,3,119,3650000000.0,121666.67,True,True,True
140,3,135,15500000000.0,516666.67,True,True,True
126,2,40,5500000000.0,183333.33,True,True,True
450,2,2,4200000000.0,140000.0,True,True,False
500,2,2,3900000000.0,130000.0,True,True,False
110,1,118,6600000000.0,220000.0,True,True,True
145,3,63,4700000000.0,156666.67,True,True,True
81,2,152,810000000.0,27000.0,True,True,True
64,2,146,2200000000.0,73333.33,True,True,True
112,2,146,3680000000.0,122666.67,True,True,True
192,3,93,12670000000.0,422333.33,True,True,True
164,3,93,10000000000.0,333333.33,True,True,True
135,3,118,8100000000.0,270000.0,True,True,True
170,3,89,9200000000.0,306666.67,True,True,True
130,3,89,5200000000.0,173333.33,True,True,True
84,2,156,3400000000.0,113333.33,True,True,True
82,2,156,3550000000.0,118333.33,True,True,True
265,3,50,20000000000.0,666666.67,True,True,True
60,1,163,1950000000.0,65000.0,True,True,True
145,3,118,15500000000.0,516666.67,True,True,True
65,1,163,2000000000.0,66666.67,False,True,True
60,1,163,2280000000.0,76000.0,True,True,False
70,2,163,1950000000.0,65000.0,True,True,True
92,2,52,3900000000.0,130000.0,True,True,True
98,2,118,7800000000.0,260000.0,True,True,True
62,1,163,2280000000.0,76000.0,True,True,True
65,1,122,2900000000.0,96666.67,True,True,True
90,2,112,5000000000.0,166666.67,True,True,True
59,2,163,1900000000.0,63333.33,True,True,True
60,2,163,2200000000.0,73333.33,True,True,True
70,2,163,2500000000.0,83333.33,True,True,True
60,1,163,2200000000.0,73333.33,True,True,True
165,3,118,10500000000.0,350000.0,True,True,True
135,2,189,17500000000.0,583333.33,True,True,True
65,1,163,2000000000.0,66666.67,True,True,True
60,1,163,2250000000.0,75000.0,True,True,True
86,2,163,3600000000.0,120000.0,True,True,True
109,2,68,6000000000.0,200000.0,True,True,True
98,2,100,2842000000.0,94733.33,True,True,False
80,2,26,3120000000.0,104000.0,True,True,True
143,3,57,8860000000.0,295333.33,True,True,True
95,2,135,4550000000.0,151666.67,True,True,True
86,2,122,3700000000.0,123333.33,True,True,True
160,3,57,10000000000.0,333333.33,True,True,True
200,3,118,16580000000.0,552666.67,True,True,True
74,1,122,3250000000.0,108333.33,True,True,True
350,3,189,52500000000.0,1750000.0,True,True,True
87,2,108,3550000000.0,118333.33,True,True,True
82,2,183,3450000000.0,115000.0,True,True,True
55,1,146,2490000000.0,83000.0,True,True,True
148,3,43,8400000000.0,280000.0,True,True,True
55,1,146,2020000000.0,67333.33,True,False,True
100,2,163,3800000000.0,126666.67,True,True,False
130,3,26,5300000000.0,176666.67,True,True,True
335,4,135,33500000000.0,1116666.67,True,True,True
320,4,135,40000000000.0,1333333.33,True,True,True
192,3,135,19500000000.0,650000.0,True,True,True
100,2,57,8000000000.0,266666.67,True,True,True
148,3,135,14800000000.0,493333.33,True,True,True
145,2,150,14700000000.0,490000.0,True,True,True
192,4,135,22000000000.0,733333.33,True,True,True
235,3,106,16450000000.0,548333.33,True,True,True
225,3,68,15750000000.0,525000.0,True,True,True
221,4,135,25000000000.0,833333.33,True,True,True
312,4,50,45000000000.0,1500000.0,True,True,True
188,3,112,17672000000.0,589066.67,True,True,True
170,2,50,12400000000.0,413333.33,True,True,True
198,3,50,27720000000.0,924000.0,True,True,True
80,2,106,3100000000.0,103333.33,True,True,True
170,3,105,18700000000.0,623333.33,True,True,True
110,2,166,6600000000.0,220000.0,True,True,True
650,2,2,5200000000.0,173333.33,True,True,False
200,3,135,12000000000.0,400000.0,True,True,True
101,3,43,6500000000.0,216666.67,True,True,True
104,2,52,3850000000.0,128333.33,True,True,True
70,2,108,3200000000.0,106666.67,True,True,True
76,2,146,2570000000.0,85666.67,True,True,False
110,2,52,4300000000.0,143333.33,True,True,True
160,2,118,16200000000.0,540000.0,True,True,True
179,3,39,13800000000.0,460000.0,True,True,True
256,3,39,18500000000.0,616666.67,True,True,True
90,2,52,3850000000.0,128333.33,True,True,True
77,2,146,2570000000.0,85666.67,True,True,True
96,2,118,5600000000.0,186666.67,True,True,True
75,1,26,3250000000.0,108333.33,True,True,True
79,2,0,3000000000.0,100000.0,True,True,True
67,1,135,3400000000.0,113333.33,True,True,True
125,2,146,6400000000.0,213333.33,True,True,True
75,2,146,1890000000.0,63000.0,True,True,False
91,2,135,5400000000.0,180000.0,True,True,True
105,2,115,1417500000.0,47250.0,True,True,True
66,2,111,1585000000.0,52833.33,True,True,True
86,2,163,3270000000.0,109000.0,True,True,True
72,2,108,2380000000.0,79333.33,True,True,False
148,2,85,4500000000.0,150000.0,True,False,True
84,2,135,4600000000.0,153333.33,True,True,True
128,2,105,12800000000.0,426666.67,True,True,True
65,1,183,3900000000.0,130000.0,True,True,True
140,3,118,11800000000.0,393333.33,True,True,True
115,2,43,7400000000.0,246666.67,True,True,True
105,2,135,5700000000.0,190000.0,True,True,True
87,2,117,650000000.0,21666.67,True,True,True
60,1,119,875000000.0,29166.67,True,True,True
68,1,164,2630000000.0,87666.67,True,True,True
103,2,67,9270000000.0,309000.0,True,True,True
55,1,183,2200000000.0,73333.33,True,True,True
140,3,122,7700000000.0,256666.67,True,True,True
257,4,119,12850000000.0,428333.33,True,True,True
82,2,122,4018000000.0,133933.33,True,True,True
167,3,122,10688000000.0,356266.67,True,True,True
53,1,183,1640000000.0,54666.67,False,True,False
51,1,183,1550000000.0,51666.67,False,True,False
54,1,183,2130000000.0,71000.0,True,True,False
82,2,142,4100000000.0,136666.67,True,True,True
75,2,183,2800000000.0,93333.33,True,True,True
98,2,183,4520000000.0,150666.67,True,True,True
70,1,105,5600000000.0,186666.67,True,True,True
64,1,42,3700000000.0,123333.33,True,True,True
85,2,74,2100000000.0,70000.0,True,True,True
48,1,116,980000000.0,32666.67,False,True,False
246,3,43,22500000000.0,750000.0,True,True,True
168,3,57,14000000000.0,466666.67,True,True,True
280,4,135,38500000000.0,1283333.33,True,True,True
84,2,117,680000000.0,22666.67,True,True,True
108,2,61,5180000000.0,172666.67,True,True,True
62,1,146,2580000000.0,86000.0,True,True,True
70,2,163,3370000000.0,112333.33,True,True,True
135,3,0,6480000000.0,216000.0,True,True,True
108,2,50,6200000000.0,206666.67,True,True,True
91,2,43,5180000000.0,172666.67,True,True,True
120,2,57,8900000000.0,296666.67,True,True,True
112,2,57,7500000000.0,250000.0,True,True,False
69,2,120,1800000000.0,60000.0,True,True,True
400,5,87,85000000000.0,2833333.33,True,True,False
660,5,87,55000000000.0,1833333.33,True,True,False
66,1,120,1850000000.0,61666.67,True,False,True
80,2,111,2150000000.0,71666.67,True,True,True
44,1,120,880000000.0,29333.33,True,True,False
180,3,40,9360000000.0,312000.0,True,True,True
164,3,40,9840000000.0,328000.0,True,True,True
213,3,40,14484000000.0,482800.0,True,True,True
100,2,146,3400000000.0,113333.33,True,True,True
300,3,105,55500000000.0,1850000.0,True,True,True
126,3,111,3000000000.0,100000.0,True,True,True
85,2,91,2500000000.0,83333.33,True,True,True
57,1,116,1270000000.0,42333.33,False,True,True
61,1,146,1990000000.0,66333.33,False,True,False
79,2,74,1817000000.0,60566.67,True,True,True
68,1,120,2450000000.0,81666.67,True,True,True
105,2,117,1000000000.0,33333.33,True,True,True
105,2,135,7700000000.0,256666.67,True,True,True
160,2,117,1930000000.0,64333.33,True,True,True
100,2,117,585000000.0,19500.0,True,True,True
125,3,135,12500000000.0,416666.67,True,True,True
94,2,117,990000000.0,33000.0,True,False,True
80,2,108,2200000000.0,73333.33,False,True,False
75,2,116,2300000000.0,76666.67,True,False,True
99,3,106,4190000000.0,139666.67,True,True,True
90,2,146,4099000000.0,136633.33,True,True,True
129,3,146,4500000000.0,150000.0,True,True,True
245,3,14,36500000000.0,1216666.67,True,True,True
102,2,116,2030000000.0,67666.67,True,True,False
141,3,113,1225000000.0,40833.33,True,True,True
96,2,146,3840000000.0,128000.0,True,True,True
155,3,68,8600000000.0,286666.67,True,True,True
300,3,50,55500000000.0,1850000.0,True,True,True
87,2,57,6264000000.0,208800.0,True,True,True
105,2,57,6200000000.0,206666.67,True,True,True
61,1,156,1850000000.0,61666.67,True,True,True
88,2,40,3700000000.0,123333.33,True,True,True
101,2,183,3700000000.0,123333.33,True,True,True
130,2,162,3250000000.0,108333.33,True,True,True
150,3,78,7800000000.0,260000.0,True,True,True
144,2,127,6600000000.0,220000.0,True,True,True
91,2,163,4500000000.0,150000.0,True,True,True
68,2,183,2200000000.0,73333.33,True,True,True
133,3,134,2260000000.0,75333.33,True,True,True
71,2,160,1633000000.0,54433.33,True,True,True
64,1,117,680000000.0,22666.67,True,True,True
132,2,134,2244000000.0,74800.0,True,True,True
95,2,0,5600000000.0,186666.67,True,True,True
95,2,0,4500000000.0,150000.0,True,True,True
102,2,0,5200000000.0,173333.33,True,True,True
120,2,0,6250000000.0,208333.33,True,True,True
117,3,40,4600000000.0,153333.33,True,True,True
55,1,79,1570000000.0,52333.33,True,True,True
60,1,107,295000000.0,9833.33,True,True,True
85,2,74,1900000000.0,63333.33,True,True,True
80,2,74,1750000000.0,58333.33,False,True,True
54,1,74,1500000000.0,50000.0,True,True,True
57,1,52,1880000000.0,62666.67,True,True,True
101,2,120,3130000000.0,104333.33,True,False,True
65,2,52,1960000000.0,65333.33,True,True,False
91,2,122,3230000000.0,107666.67,True,True,True
105,2,117,690000000.0,23000.0,True,True,True
86,2,26,3480000000.0,116000.0,True,True,True
200,3,50,35000000000.0,1166666.67,True,True,True
87,2,117,760000000.0,25333.33,True,True,True
103,2,156,3550000000.0,118333.33,True,True,True
81,2,41,2891700000.0,96390.0,True,True,True
73,2,52,2600000000.0,86666.67,True,True,True
90,2,107,455000000.0,15166.67,True,True,True
134,3,13,1600000000.0,53333.33,True,True,True
51,1,156,2020000000.0,67333.33,True,True,False
108,2,117,1300000000.0,43333.33,True,True,False
86,2,117,610000000.0,20333.33,True,True,True
110,2,117,1870000000.0,62333.33,True,True,False
88,2,117,740000000.0,24666.67,True,True,True
85,2,117,780000000.0,26000.0,True,True,True
100,2,120,3000000000.0,100000.0,True,True,True
87,2,117,715000000.0,23833.33,True,True,True
191,3,50,18145000000.0,604833.33,True,True,True
91,2,141,2093000000.0,69766.67,True,True,True
282,3,50,36660000000.0,1222000.0,True,True,True
282,2,105,30000000000.0,1000000.0,True,True,True
210,3,50,23100000000.0,770000.0,True,True,True
170,2,86,7140000000.0,238000.0,True,True,True
89,2,99,2047000000.0,68233.33,True,True,True
64,2,135,3200000000.0,106666.67,True,True,True
89,2,108,3100000000.0,103333.33,True,True,True
135,3,189,11800000000.0,393333.33,True,True,True
75,2,6,1650000000.0,55000.0,False,False,False
105,2,6,3990000000.0,133000.0,True,True,True
111,2,135,6800000000.0,226666.67,True,True,True
133,3,161,7448000000.0,248266.67,True,True,True
65,1,135,3250000000.0,108333.33,True,True,False
65,1,88,2650000000.0,88333.33,False,True,True
112,2,57,8200000000.0,273333.33,True,True,True
147,3,43,8400000000.0,280000.0,True,True,True
150,3,135,12000000000.0,400000.0,True,True,True
67,1,163,3450000000.0,115000.0,True,True,True
220,3,43,15000000000.0,500000.0,True,True,True
66,2,100,2510000000.0,83666.67,True,True,True
75,2,146,1880000000.0,62666.67,True,True,False
180,3,14,12600000000.0,420000.0,True,True,True
103,2,135,5200000000.0,173333.33,True,True,True
68,1,183,3570000000.0,119000.0,True,True,True
115,2,118,11000000000.0,366666.67,True,True,True
115,2,13,1900000000.0,63333.33,True,True,True
150,3,100,8400000000.0,280000.0,True,True,True
78,2,125,2000000000.0,66666.67,True,True,True
100,2,119,1000000000.0,33333.33,True,True,True
58,1,122,2650000000.0,88333.33,True,True,True
90,2,122,4200000000.0,140000.0,True,True,True
235,3,57,24000000000.0,800000.0,True,True,True
48,1,122,2250000000.0,75000.0,True,True,True
70,2,122,2800000000.0,93333.33,True,True,True
86,2,122,4200000000.0,140000.0,True,True,True
88,2,26,3600000000.0,120000.0,True,True,True
145,3,123,13000000000.0,433333.33,True,True,True
64,2,74,1500000000.0,50000.0,True,True,False
135,3,135,11475000000.0,382500.0,True,True,True
50,1,120,1260000000.0,42000.0,False,True,False
87,2,117,540000000.0,18000.0,True,True,True
84,2,117,550000000.0,18333.33,True,True,True
300,4,189,42000000000.0,1400000.0,True,True,True
137,3,189,10000000000.0,333333.33,True,True,True
105,2,179,9500000000.0,316666.67,True,True,True
145,2,189,11000000000.0,366666.67,True,True,True
170,2,189,32000000000.0,1066666.67,True,True,True
157,3,189,14800000000.0,493333.33,True,True,True
170,3,189,19000000000.0,633333.33,True,True,True
283,3,189,29700000000.0,990000.0,True,True,True
84,2,117,540000000.0,18000.0,True,True,True
" 3,310,000,000 ",2,111,3310000000.0,110333.33,True,True,True
80,2,108,3250000000.0,108333.33,True,True,False
863,2,57,7830000000.0,261000.0,True,True,True
125,2,77,8700000000.0,290000.0,True,True,True
65,2,122,2350000000.0,78333.33,True,True,True
105,2,163,5300000000.0,176666.67,True,True,True
170,3,50,18700000000.0,623333.33,True,True,True
230,3,43,19300000000.0,643333.33,True,True,True
200,3,118,22000000000.0,733333.33,True,True,True
150,3,118,13000000000.0,433333.33,True,True,True
93,2,26,4650000000.0,155000.0,True,True,True
110,2,26,4500000000.0,150000.0,True,True,True
415,5,105,53950000000.0,1798333.33,True,True,True
95,2,135,5700000000.0,190000.0,True,True,True
128,3,43,8960000000.0,298666.67,True,True,True
140,2,135,8400000000.0,280000.0,True,True,True
86,2,163,3200000000.0,106666.67,True,True,True
70,2,135,3900000000.0,130000.0,True,True,True
173,3,40,9515000000.0,317166.67,True,True,True
72,2,163,3150000000.0,105000.0,True,True,True
73,2,135,3900000000.0,130000.0,True,True,True
75,1,26,3200000000.0,106666.67,True,True,True
67,2,183,2200000000.0,73333.33,True,True,True
68,2,40,2700000000.0,90000.0,True,True,True
88,2,117,1900000000.0,63333.33,True,True,True
111,2,135,5661000000.0,188700.0,True,True,True
98,2,183,3750000000.0,125000.0,True,True,False
62,2,183,2750000000.0,91666.67,True,True,True
80,2,26,4240000000.0,141333.33,True,True,True
200,4,135,15000000000.0,500000.0,True,True,True
210,4,135,15500000000.0,516666.67,True,True,True
162,3,150,12150000000.0,405000.0,True,True,True
150,3,43,12000000000.0,400000.0,True,True,True
82,2,117,1100000000.0,36666.67,True,True,True
130,3,118,11100000000.0,370000.0,True,True,True
76,2,135,4000000000.0,133333.33,True,True,True
96,2,150,4800000000.0,160000.0,True,True,True
135,3,135,8700000000.0,290000.0,True,False,True
165,3,150,14800000000.0,493333.33,True,True,True
120,2,152,1050000000.0,35000.0,True,True,True
160,2,117,2000000000.0,66666.67,True,True,True
150,3,57,9000000000.0,300000.0,True,True,True
51,1,120,1300000000.0,43333.33,False,True,True
75,1,43,3900000000.0,130000.0,True,True,True
180,3,40,9900000000.0,330000.0,True,True,True
93,2,152,1181100000.0,39370.0,True,True,True
84,2,152,1150800000.0,38360.0,True,True,True
92,2,152,1012000000.0,33733.33,False,True,True
105,2,152,1365000000.0,45500.0,True,True,True
67,2,26,2400000000.0,80000.0,True,True,False
100,2,43,5500000000.0,183333.33,True,True,True
170,3,118,10800000000.0,360000.0,True,True,True
162,3,118,7600000000.0,253333.33,True,True,True
43,1,156,2080000000.0,69333.33,True,True,True
150,3,57,12500000000.0,416666.67,True,True,True
245,3,50,22050000000.0,735000.0,True,True,True
93,2,108,4140000000.0,138000.0,True,True,True
60,1,119,295000000.0,9833.33,True,True,True
128,3,57,9300000000.0,310000.0,True,True,True
87,2,117,795000000.0,26500.0,True,True,True
100,2,68,5500000000.0,183333.33,True,True,True
124,2,68,7040000000.0,234666.67,True,True,True
156,3,0,9400000000.0,313333.33,True,True,True
171,3,57,14000000000.0,466666.67,True,True,True
58,2,26,2080000000.0,69333.33,True,True,False
88,2,12,2024000000.0,67466.67,True,True,True
190,3,105,24700000000.0,823333.33,True,True,True
61,1,26,2180000000.0,72666.67,True,True,False
165,3,105,17200000000.0,573333.33,True,True,True
235,3,57,26500000000.0,883333.33,True,True,True
87,2,117,670000000.0,22333.33,True,True,True
121,3,117,630000000.0,21000.0,True,True,True
105,2,117,955000000.0,31833.33,True,True,True
100,3,117,500000000.0,16666.67,True,True,True
105,2,117,980000000.0,32666.67,True,True,True
69,2,146,2050000000.0,68333.33,True,True,True
115,2,150,13000000000.0,433333.33,True,True,True
157,3,150,18500000000.0,616666.67,True,True,True
145,3,68,7541000000.0,251366.67,True,True,True
160,3,179,10700000000.0,356666.67,True,True,True
261,4,189,26000000000.0,866666.67,True,True,True
145,3,189,11000000000.0,366666.67,True,True,True
51,1,120,1275000000.0,42500.0,False,True,True
87,2,117,490000000.0,16333.33,True,True,True
116,2,36,4350000000.0,145000.0,True,True,True
95,2,74,2280000000.0,76000.0,True,True,True
75,2,74,2250000000.0,75000.0,True,True,True
86,2,84,1978000000.0,65933.33,True,True,True
95,2,122,4200000000.0,140000.0,True,True,True
85,2,192,1955000000.0,65166.67,True,True,True
88,2,176,2024000000.0,67466.67,True,True,True
93,2,10,2139000000.0,71300.0,True,True,True
70,2,12,1630000000.0,54333.33,True,True,True
140,3,135,9800000000.0,326666.67,True,True,True
81,2,26,4000000000.0,133333.33,True,True,True
45,1,111,1200000000.0,40000.0,False,False,False
58,1,122,1900000000.0,63333.33,True,True,False
140,3,36,4400000000.0,146666.67,True,True,True
100,2,86,3580000000.0,119333.33,True,True,True
96,2,18,3750000000.0,125000.0,True,True,True
79,2,40,2850000000.0,95000.0,True,True,True
125,3,119,3750000000.0,125000.0,True,True,True
75,2,108,3050000000.0,101666.67,True,True,True
145,2,18,4500000000.0,150000.0,True,True,True
102,2,127,4520000000.0,150666.67,True,True,False
115,2,191,4350000000.0,145000.0,True,True,True
140,3,119,8500000000.0,283333.33,True,True,True
66,1,122,3300000000.0,110000.0,True,True,True
161,3,119,8350000000.0,278333.33,True,True,True
102,2,119,4500000000.0,150000.0,True,True,True
145,4,119,5100000000.0,170000.0,True,True,True
95,2,146,2970000000.0,99000.0,True,True,True
78,2,115,460000000.0,15333.33,True,True,True
90,2,40,3150000000.0,105000.0,True,True,True
66,1,111,1090000000.0,36333.33,True,True,False
48,1,74,810000000.0,27000.0,True,True,True
85,2,156,3200000000.0,106666.67,True,True,True
63,1,141,2000000000.0,66666.67,True,True,True
105,2,36,1035000000.0,34500.0,True,True,True
55,1,84,1090000000.0,36333.33,True,True,False
103,2,107,1035000000.0,34500.0,True,True,True
155,3,150,10000000000.0,333333.33,True,True,True
101,2,162,1035000000.0,34500.0,True,True,True
106,2,71,1245000000.0,41500.0,True,True,False
100,2,119,1035000000.0,34500.0,True,True,True
77,2,156,2650000000.0,88333.33,True,True,True
66,2,26,2700000000.0,90000.0,True,True,True
105,3,146,3600000000.0,120000.0,True,True,True
117,2,192,6500000000.0,216666.67,True,True,True
118,2,156,3900000000.0,130000.0,True,True,True
151,3,152,1510000000.0,50333.33,True,True,True
" 16,160,000,000 ",3,118,16160000000.0,538666.67,True,True,True
86,2,117,500000000.0,16666.67,True,True,True
85,2,117,600000000.0,20000.0,True,True,True
86,2,117,750000000.0,25000.0,True,True,True
86,2,117,600000000.0,20000.0,True,True,True
75,2,26,3300000000.0,110000.0,True,True,True
200,3,50,20000000000.0,666666.67,True,True,True
46,1,13,450000000.0,15000.0,True,True,False
98,2,117,570000000.0,19000.0,True,True,True
90,2,189,6700000000.0,223333.33,True,True,True
70,2,163,2950000000.0,98333.33,True,True,True
40,1,13,350000000.0,11666.67,True,True,True
58,1,106,2750000000.0,91666.67,True,True,True
90,2,11,4590000000.0,153000.0,True,True,True
78,2,40,3300000000.0,110000.0,True,True,True
200,3,105,20000000000.0,666666.67,True,True,True
82,2,39,4200000000.0,140000.0,True,True,True
115,3,57,7485000000.0,249500.0,True,True,True
125,2,37,11250000000.0,375000.0,True,True,True
107,2,118,9200000000.0,306666.67,True,True,True
55,1,79,850000000.0,28333.33,False,True,False
50,1,141,1500000000.0,50000.0,True,True,True
75,2,117,60000000.0,2000.0,True,True,True
420,5,13,11000000000.0,366666.67,True,True,False
225,4,13,5500000000.0,183333.33,True,True,False
230,3,68,13800000000.0,460000.0,True,True,True
147,3,44,11500000000.0,383333.33,True,True,True
97,2,117,900000000.0,30000.0,True,True,True
145,3,37,12300000000.0,410000.0,True,True,True
50,1,100,1750000000.0,58333.33,True,True,False
117,2,68,6100000000.0,203333.33,True,True,True
72,1,13,730000000.0,24333.33,True,True,False
161,3,39,13000000000.0,433333.33,True,True,True
400,5,43,18500000000.0,616666.67,True,True,True
230,3,50,23000000000.0,766666.67,True,True,True
170,3,68,7950000000.0,265000.0,True,True,True
58,1,183,2050000000.0,68333.33,True,True,True
57,1,156,1950000000.0,65000.0,True,True,True
115,3,50,8100000000.0,270000.0,True,True,True
50,1,120,1200000000.0,40000.0,True,True,True
84,2,115,850000000.0,28333.33,True,True,False
78,2,152,580000000.0,19333.33,False,True,False
64,2,13,960000000.0,32000.0,True,True,False
113,2,122,6500000000.0,216666.67,True,True,True
175,3,68,9450000000.0,315000.0,True,True,True
111,2,68,6050000000.0,201666.67,True,True,True
128,3,68,6500000000.0,216666.67,True,True,True
200,4,57,14000000000.0,466666.67,True,True,True
131,2,135,7980000000.0,266000.0,True,True,True
105,3,68,6000000000.0,200000.0,True,True,True
61,2,141,1100000000.0,36666.67,True,True,False
140,3,112,6300000000.0,210000.0,True,True,True
185,3,190,9000000000.0,300000.0,True,True,True
122,2,135,7900000000.0,263333.33,True,True,True
69,2,97,3795000000.0,126500.0,True,True,True
95,2,122,6700000000.0,223333.33,True,True,True
90,2,1,4000000000.0,133333.33,True,True,True
57,1,111,1600000000.0,53333.33,True,True,True
400,3,11,2000000000.0,66666.67,True,True,False
81,2,13,1109700000.0,36990.0,True,True,False
94,2,13,1250000000.0,41666.67,True,True,True
134,2,76,1608000000.0,53600.0,True,True,True
74,2,115,315000000.0,10500.0,False,False,True
44,1,13,585000000.0,19500.0,True,True,False
100,2,125,3250000000.0,108333.33,True,True,True
175,3,150,9300000000.0,310000.0,True,True,True
54,2,156,1850000000.0,61666.67,True,True,False
96,2,12,2210000000.0,73666.67,True,True,True
90,2,79,2400000000.0,80000.0,True,True,True
90,2,156,3170000000.0,105666.67,True,True,True
68,2,79,1100000000.0,36666.67,False,False,False
90,2,156,3200000000.0,106666.67,True,True,True
97,2,122,4700000000.0,156666.67,True,True,True
78,2,122,2730000000.0,91000.0,True,True,False
125,3,156,5550000000.0,185000.0,True,True,True
97,2,50,5950000000.0,198333.33,True,True,True
100,2,50,6200000000.0,206666.67,True,True,True
63,2,52,2100000000.0,70000.0,True,True,True
57,1,122,2000000000.0,66666.67,True,True,True
80,2,131,1390000000.0,46333.33,True,True,True
88,2,131,1574000000.0,52466.67,True,True,True
94,2,131,1712000000.0,57066.67,True,True,True
109,3,52,4230000000.0,141000.0,True,True,True
78,2,68,3300000000.0,110000.0,True,True,True
250,3,105,32500000000.0,1083333.33,True,True,True
140,3,68,6800000000.0,226666.67,True,True,True
100,2,117,500000000.0,16666.67,True,True,True
95,2,146,3150000000.0,105000.0,True,True,True
85,2,115,1150000000.0,38333.33,True,True,True
83,2,41,2575000000.0,85833.33,True,True,True
100,2,118,5500000000.0,183333.33,True,True,True
60,2,118,3450000000.0,115000.0,True,True,True
82,2,100,3050000000.0,101666.67,True,True,True
150,3,24,2800000000.0,93333.33,True,True,True
49,1,71,460000000.0,15333.33,True,True,False
216,4,13,5700000000.0,190000.0,True,True,False
" 1,000 ",2,31,7000000000.0,233333.33,True,True,False
77,2,115,440000000.0,14666.67,False,False,False
63,1,146,2080000000.0,69333.33,True,True,True
125,3,115,1300000000.0,43333.33,True,True,False
45,1,40,1900000000.0,63333.33,True,True,True
135,3,123,7500000000.0,250000.0,True,True,True
80,2,123,4700000000.0,156666.67,True,False,True
155,3,57,9800000000.0,326666.67,True,True,True
125,3,122,6300000000.0,210000.0,True,True,True
95,2,123,6250000000.0,208333.33,True,True,True
85,2,123,4500000000.0,150000.0,True,True,True
110,2,123,8100000000.0,270000.0,True,True,True
680,5,43,81600000000.0,2720000.0,True,True,False
63,1,146,2350000000.0,78333.33,True,True,True
60,1,135,3600000000.0,120000.0,True,True,True
210,3,57,14000000000.0,466666.67,True,True,True
145,3,57,11600000000.0,386666.67,True,True,True
171,3,75,8900000000.0,296666.67,True,True,True
55,1,40,1830000000.0,61000.0,True,True,True
140,3,75,7700000000.0,256666.67,True,True,True
147,3,75,8700000000.0,290000.0,True,True,True
83,2,146,2400000000.0,80000.0,True,True,True
105,2,117,514000000.0,17133.33,True,True,True
55,1,40,2000000000.0,66666.67,True,True,True
750,5,90,75000000000.0,2500000.0,True,True,True
62,2,122,2100000000.0,70000.0,True,True,True
55,1,119,1900000000.0,63333.33,True,True,True
75,2,183,1950000000.0,65000.0,True,True,False
95,2,183,4200000000.0,140000.0,True,True,True
89,2,26,3620000000.0,120666.67,True,True,True
202,3,6,7474000000.0,249133.33,True,True,True
51,1,163,1720000000.0,57333.33,True,True,False
400,1,145,3000000000.0,100000.0,True,False,False
145,3,122,7600000000.0,253333.33,True,True,True
115,3,122,5000000000.0,166666.67,True,True,True
130,3,150,8450000000.0,281666.67,True,True,True
62,1,125,950000000.0,31666.67,False,True,False
94,2,146,3160000000.0,105333.33,True,True,True
87,2,117,726000000.0,24200.0,True,True,True
51,2,84,1050000000.0,35000.0,False,True,True
95,2,146,2870000000.0,95666.67,True,True,True
80,2,74,2150000000.0,71666.67,True,True,True
145,3,122,4300000000.0,143333.33,True,True,True
155,3,150,9300000000.0,310000.0,True,True,True
88,2,42,3940000000.0,131333.33,True,True,True
175,3,57,15225000000.0,507500.0,True,True,True
94,2,156,4700000000.0,156666.67,True,True,True
89,2,43,3300000000.0,110000.0,True,True,True
62,2,118,3400000000.0,113333.33,True,True,False
136,3,122,7550000000.0,251666.67,True,True,True
60,1,52,2450000000.0,81666.67,True,True,True
120,3,163,5000000000.0,166666.67,True,True,True
137,3,113,1750000000.0,58333.33,True,True,True
160,3,150,12500000000.0,416666.67,True,True,True
110,2,135,8800000000.0,293333.33,True,True,True
71,2,13,940000000.0,31333.33,True,True,False
80,2,13,1110000000.0,37000.0,True,True,False
84,3,13,1590000000.0,53000.0,True,True,True
77,2,57,5544000000.0,184800.0,True,True,True
74,2,156,4100000000.0,136666.67,True,True,True
130,3,146,5400000000.0,180000.0,True,True,True
70,2,163,2400000000.0,80000.0,True,True,True
75,2,115,389000000.0,12966.67,False,True,True
83,2,118,5000000000.0,166666.67,True,False,True
65,1,26,3500000000.0,116666.67,True,True,True
62,1,125,1100000000.0,36666.67,False,True,False
140,3,162,1484000000.0,49466.67,True,True,True
235,3,57,25900000000.0,863333.33,True,True,True
102,2,57,8100000000.0,270000.0,True,True,True
138,3,76,1242000000.0,41400.0,True,True,True
49,1,13,380000000.0,12666.67,True,True,False
250,3,105,45000000000.0,1500000.0,True,True,False
48,1,141,995000000.0,33166.67,True,True,False
68,2,120,1550000000.0,51666.67,True,True,False
128,3,93,5200000000.0,173333.33,True,True,True
60,1,120,1380000000.0,46000.0,True,True,True
85,2,108,3200000000.0,106666.67,True,True,True
85,2,71,565000000.0,18833.33,True,True,True
78,2,71,550000000.0,18333.33,True,False,False
38,1,120,850000000.0,28333.33,True,True,False
92,2,120,2760000000.0,92000.0,True,False,True
95,2,156,4650000000.0,155000.0,True,True,True
105,3,40,3900000000.0,130000.0,True,True,True
92,2,117,550000000.0,18333.33,False,False,True
76,2,183,2400000000.0,80000.0,True,True,False
85,2,185,1250000000.0,41666.67,True,True,True
161,3,57,15350000000.0,511666.67,True,True,True
50,1,128,750000000.0,25000.0,True,False,True
78,2,183,2650000000.0,88333.33,True,True,True
54,1,40,2150000000.0,71666.67,True,True,True
100,2,146,3800000000.0,126666.67,True,True,True
100,2,40,3500000000.0,116666.67,True,True,True
110,3,74,2330000000.0,77666.67,True,True,True
57,1,40,2050000000.0,68333.33,True,True,True
63,2,13,870000000.0,29000.0,True,True,False
100,2,111,3600000000.0,120000.0,True,True,True
80,1,152,560000000.0,18666.67,False,True,False
115,2,40,4200000000.0,140000.0,True,True,True
68,1,183,1950000000.0,65000.0,True,True,False
48,1,183,1900000000.0,63333.33,True,True,False
75,2,183,2450000000.0,81666.67,True,True,False
115,2,156,5000000000.0,166666.67,True,True,True
106,2,40,3500000000.0,116666.67,True,True,True
56,1,40,1980000000.0,66000.0,True,True,True
58,1,40,2080000000.0,69333.33,True,True,True
95,2,26,3700000000.0,123333.33,True,True,True
50,1,183,1900000000.0,63333.33,True,True,True
60,2,26,2100000000.0,70000.0,True,True,False
60,1,40,1920000000.0,64000.0,True,True,True
92,2,96,2500000000.0,83333.33,True,True,False
57,1,183,2300000000.0,76666.67,True,True,True
72,2,183,2300000000.0,76666.67,True,True,False
71,2,40,2280000000.0,76000.0,True,True,False
123,2,110,3600000000.0,120000.0,True,True,True
50,1,183,1950000000.0,65000.0,True,True,True
58,1,146,1850000000.0,61666.67,True,True,True
54,1,40,2050000000.0,68333.33,True,True,True
85,2,146,2350000000.0,78333.33,True,True,True
85,2,183,3450000000.0,115000.0,True,True,True
125,3,101,1300000000.0,43333.33,False,True,True
55,1,40,1920000000.0,64000.0,True,True,True
72,2,183,2500000000.0,83333.33,True,True,True
115,2,40,5200000000.0,173333.33,True,True,True
100,2,183,3450000000.0,115000.0,True,True,True
116,2,119,4170000000.0,139000.0,True,True,True
105,2,119,3250000000.0,108333.33,True,True,True
60,1,40,1800000000.0,60000.0,True,True,False
53,1,52,2120000000.0,70666.67,True,True,True
55,1,40,1780000000.0,59333.33,True,True,True
76,2,40,2250000000.0,75000.0,True,True,True
111,3,119,3500000000.0,116666.67,True,True,True
77,2,62,2150000000.0,71666.67,True,True,True
58,1,40,1860000000.0,62000.0,True,True,True
94,2,164,3200000000.0,106666.67,True,True,False
58,1,146,1880000000.0,62666.67,True,True,True
108,2,62,3300000000.0,110000.0,True,True,True
56,1,52,2000000000.0,66666.67,True,True,True
84,2,106,3250000000.0,108333.33,True,True,True
60,2,19,1950000000.0,65000.0,True,True,True
53,1,117,470000000.0,15666.67,False,True,True
73,2,120,2555000000.0,85166.67,True,True,True
73,2,120,1970000000.0,65666.67,False,False,True
150,3,120,5100000000.0,170000.0,True,True,True
114,2,120,3762000000.0,125400.0,True,True,True
53,1,117,540000000.0,18000.0,False,True,True
125,3,120,4000000000.0,133333.33,True,True,True
145,3,57,13625000000.0,454166.67,True,True,True
197,3,37,18715000000.0,623833.33,True,True,True
105,2,85,4000000000.0,133333.33,True,True,True
135,3,172,4050000000.0,135000.0,True,True,True
137,3,158,4660000000.0,155333.33,True,True,True
90,2,26,3200000000.0,106666.67,True,True,False
125,2,163,6625000000.0,220833.33,True,True,True
175,3,57,15500000000.0,516666.67,True,True,True
52,1,40,2300000000.0,76666.67,True,True,True
110,3,119,3100000000.0,103333.33,True,True,True
112,2,119,3300000000.0,110000.0,True,False,True
65,2,156,2150000000.0,71666.67,True,True,True
48,1,13,400000000.0,13333.33,True,True,True
105,2,119,2800000000.0,93333.33,True,True,True
56,1,146,2240000000.0,74666.67,True,True,True
108,2,62,1900000000.0,63333.33,True,True,True
78,2,163,2920000000.0,97333.33,True,True,True
85,2,115,520000000.0,17333.33,True,True,True
105,2,117,535000000.0,17833.33,True,True,True
145,3,135,11000000000.0,366666.67,True,True,True
145,3,122,8990000000.0,299666.67,True,True,True
140,3,122,6200000000.0,206666.67,True,True,True
66,2,111,1580000000.0,52666.67,True,True,True
150,2,28,1200000000.0,40000.0,False,True,True
98,2,26,4480000000.0,149333.33,True,True,True
108,2,119,3350000000.0,111666.67,True,True,True
95,2,111,2600000000.0,86666.67,True,True,True
64,1,49,900000000.0,30000.0,False,False,True
75,1,49,1875000000.0,62500.0,True,False,True
90,2,119,2500000000.0,83333.33,True,True,True
93,2,49,1510000000.0,50333.33,True,True,True
148,3,119,5750000000.0,191666.67,True,True,True
64,1,48,1050000000.0,35000.0,False,True,False
114,2,119,3600000000.0,120000.0,True,True,True
107,2,119,3500000000.0,116666.67,True,True,True
113,2,119,3270000000.0,109000.0,True,True,True
115,2,57,7400000000.0,246666.67,True,True,True
115,2,119,3600000000.0,120000.0,True,True,True
120,2,60,8400000000.0,280000.0,True,True,True
76,2,26,2700000000.0,90000.0,True,True,True
106,2,106,4520000000.0,150666.67,True,True,True
105,2,57,6900000000.0,230000.0,True,True,True
87,2,128,1570000000.0,52333.33,False,False,True
68,2,111,1970000000.0,65666.67,True,True,True
70,2,122,2580000000.0,86000.0,True,True,True
165,3,111,5250000000.0,175000.0,True,True,True
365,4,39,47450000000.0,1581666.67,True,True,True
175,3,118,15500000000.0,516666.67,True,True,True
70,2,135,4800000000.0,160000.0,True,True,True
165,3,93,10230000000.0,341000.0,True,True,True
115,2,26,5080000000.0,169333.33,True,True,True
93,2,146,2900000000.0,96666.67,True,False,True
181,3,93,13000000000.0,433333.33,True,True,True
175,3,93,11375000000.0,379166.67,True,True,True
146,3,93,8500000000.0,283333.33,True,True,True
135,3,93,6200000000.0,206666.67,True,True,True
50,1,164,1980000000.0,66000.0,True,True,True
110,2,117,535000000.0,17833.33,True,True,True
108,2,89,7000000000.0,233333.33,True,True,True
121,3,117,610000000.0,20333.33,True,True,True
220,3,44,35200000000.0,1173333.33,True,True,True
240,4,44,38500000000.0,1283333.33,True,True,True
90,2,155,5500000000.0,183333.33,True,True,True
117,2,105,12500000000.0,416666.67,True,True,True
142,3,122,7550000000.0,251666.67,True,True,True
55,1,183,1950000000.0,65000.0,True,True,False
85,2,156,3300000000.0,110000.0,True,True,True
162,3,105,16300000000.0,543333.33,True,True,True
100,2,7,6500000000.0,216666.67,True,True,True
165,3,150,12400000000.0,413333.33,True,True,True
150,3,105,15000000000.0,500000.0,True,True,True
83,2,126,1450000000.0,48333.33,True,True,True
200,3,184,10000000000.0,333333.33,True,False,True
95,2,0,6700000000.0,223333.33,True,True,True
82,2,119,2350000000.0,78333.33,True,True,True
112,3,156,5600000000.0,186666.67,True,True,True
96,2,108,3900000000.0,130000.0,True,True,True
86,3,115,425000000.0,14166.67,True,True,True
105,2,117,940000000.0,31333.33,True,True,True
115,2,111,3280000000.0,109333.33,True,True,True
87,2,146,3000000000.0,100000.0,True,True,True
165,3,50,11500000000.0,383333.33,True,True,True
135,3,93,7425000000.0,247500.0,True,True,True
110,2,52,3670000000.0,122333.33,True,True,True
80,2,163,3500000000.0,116666.67,True,True,True
66,2,163,1800000000.0,60000.0,True,True,True
88,2,126,1550000000.0,51666.67,True,True,True
70,1,152,870000000.0,29000.0,True,True,False
130,3,52,5600000000.0,186666.67,True,True,True
87,2,106,3000000000.0,100000.0,True,True,True
86,2,163,4500000000.0,150000.0,True,True,True
62,1,164,2400000000.0,80000.0,True,True,True
87,2,117,725000000.0,24166.67,True,True,True
70,2,163,2000000000.0,66666.67,True,True,True
65,2,163,2700000000.0,90000.0,True,True,True
64,2,163,2100000000.0,70000.0,True,True,True
62,2,163,2200000000.0,73333.33,True,True,True
140,3,57,8000000000.0,266666.67,True,True,True
125,3,57,7100000000.0,236666.67,True,True,True
68,2,163,2100000000.0,70000.0,True,True,True
67,2,183,2200000000.0,73333.33,True,False,False
64,2,163,2050000000.0,68333.33,True,True,True
95,2,108,3900000000.0,130000.0,True,True,False
97,2,117,770000000.0,25666.67,True,True,True
136,3,119,4300000000.0,143333.33,True,True,True
70,1,183,2400000000.0,80000.0,True,True,True
85,2,126,1507000000.0,50233.33,True,True,True
105,2,117,950000000.0,31666.67,True,True,True
50,1,106,1900000000.0,63333.33,True,False,True
57,1,164,2750000000.0,91666.67,True,True,True
95,2,183,3300000000.0,110000.0,True,True,True
65,2,183,2380000000.0,79333.33,True,True,True
100,2,170,2000000000.0,66666.67,False,True,False
128,3,86,3950000000.0,131666.67,True,True,True
93,2,57,6000000000.0,200000.0,True,True,True
75,2,126,1275000000.0,42500.0,True,True,True
133,4,74,4700000000.0,156666.67,True,True,False
100,2,108,4450000000.0,148333.33,True,True,True
140,3,119,4800000000.0,160000.0,True,True,True
92,2,26,3570000000.0,119000.0,True,True,True
120,2,11,4500000000.0,150000.0,True,True,False
45,1,74,1030000000.0,34333.33,True,True,False
130,2,57,6890000000.0,229666.67,True,True,False
95,2,102,2185000000.0,72833.33,False,True,True
150,3,57,10500000000.0,350000.0,False,False,False
72,2,126,1206000000.0,40200.0,True,True,True
60,1,26,3350000000.0,111666.67,True,True,True
190,3,39,12000000000.0,400000.0,True,True,True
125,2,150,9750000000.0,325000.0,True,True,True
90,2,106,3420000000.0,114000.0,True,True,True
105,2,146,4100000000.0,136666.67,True,True,True
90,2,156,2850000000.0,95000.0,True,True,True
102,2,163,5600000000.0,186666.67,True,True,True
50,1,111,1500000000.0,50000.0,True,True,True
66,2,122,2250000000.0,75000.0,True,True,False
125,3,187,8750000000.0,291666.67,True,True,True
132,3,115,2050000000.0,68333.33,True,True,True
103,2,26,4300000000.0,143333.33,True,True,True
270,5,187,13500000000.0,450000.0,True,True,False
130,2,156,4180000000.0,139333.33,True,True,True
77,2,192,2020000000.0,67333.33,True,True,False
71,1,192,2300000000.0,76666.67,True,True,True
160,3,11,8320000000.0,277333.33,True,True,True
110,2,156,3410000000.0,113666.67,True,True,True
75,2,156,1980000000.0,66000.0,True,True,True
75,2,156,2400000000.0,80000.0,True,True,True
85,2,109,4500000000.0,150000.0,True,True,True
130,3,135,8500000000.0,283333.33,True,True,True
73,2,126,1679000000.0,55966.67,True,True,True
95,2,135,5500000000.0,183333.33,True,True,True
250,4,150,35000000000.0,1166666.67,True,True,False
65,2,141,1750000000.0,58333.33,True,True,True
64,2,19,2090000000.0,69666.67,True,True,True
94,2,180,4130000000.0,137666.67,True,True,True
110,2,117,375000000.0,12500.0,True,True,True
105,2,117,550000000.0,18333.33,True,True,True
145,3,68,9000000000.0,300000.0,True,True,True
105,2,117,875000000.0,29166.67,True,True,True
120,2,50,12000000000.0,400000.0,True,True,True
100,2,64,3100000000.0,103333.33,True,True,True
115,2,181,3800000000.0,126666.67,True,True,True
100,2,146,3300000000.0,110000.0,False,True,True
63,1,111,1280000000.0,42666.67,True,True,True
55,1,183,1900000000.0,63333.33,False,False,False
123,3,104,3300000000.0,110000.0,True,True,True
81,2,126,1420000000.0,47333.33,True,True,True
130,3,74,2800000000.0,93333.33,True,True,True
108,2,118,7700000000.0,256666.67,True,True,True
135,3,125,2950000000.0,98333.33,True,True,True
82,2,183,3500000000.0,116666.67,True,True,True
120,2,164,4250000000.0,141666.67,True,True,True
303,3,7,30000000000.0,1000000.0,True,True,True
200,3,112,18000000000.0,600000.0,True,True,True
50,1,156,1850000000.0,61666.67,True,True,True
80,2,156,3550000000.0,118333.33,True,True,True
100,2,117,1100000000.0,36666.67,True,True,True
85,2,156,2380000000.0,79333.33,True,True,True
44,1,156,1390000000.0,46333.33,True,True,False
115,2,166,8200000000.0,273333.33,True,True,True
75,2,106,2930000000.0,97666.67,True,True,True
65,1,156,2220000000.0,74000.0,True,True,True
106,2,187,5700000000.0,190000.0,True,True,True
203,3,189,36000000000.0,1200000.0,True,True,True
92,2,146,2700000000.0,90000.0,True,True,True
62,1,164,2170000000.0,72333.33,True,True,True
92,2,118,6700000000.0,223333.33,True,True,True
85,2,26,3150000000.0,105000.0,True,True,True
60,1,135,3300000000.0,110000.0,True,True,True
100,2,40,3400000000.0,113333.33,True,True,True
100,2,108,5100000000.0,170000.0,True,True,True
121,2,56,7500000000.0,250000.0,True,True,True
63,1,50,5600000000.0,186666.67,True,True,True
98,2,183,4400000000.0,146666.67,True,True,True
67,2,118,3500000000.0,116666.67,True,True,True
87,2,183,2830000000.0,94333.33,True,True,True
115,3,118,5300000000.0,176666.67,True,True,True
49,1,122,2300000000.0,76666.67,False,False,True
40,0,111,650000000.0,21666.67,False,True,False
130,3,187,8000000000.0,266666.67,True,True,True
144,3,118,8000000000.0,266666.67,True,True,False
53,1,163,2430000000.0,81000.0,True,True,True
88,2,26,3400000000.0,113333.33,True,True,True
105,2,163,3900000000.0,130000.0,True,True,True
90,2,123,6560000000.0,218666.67,True,True,True
75,2,167,2150000000.0,71666.67,True,True,True
170,3,105,17000000000.0,566666.67,True,True,True
204,3,44,32640000000.0,1088000.0,True,True,True
95,2,52,3600000000.0,120000.0,True,True,True
54,1,13,500000000.0,16666.67,True,True,False
98,2,146,3220000000.0,107333.33,True,True,True
90,2,52,3600000000.0,120000.0,True,True,True
97,2,52,3800000000.0,126666.67,True,True,True
71,2,40,2530000000.0,84333.33,True,True,True
150,3,150,12000000000.0,400000.0,True,True,True
116,3,118,8100000000.0,270000.0,True,True,True
120,2,135,8600000000.0,286666.67,True,True,True
79,2,183,2400000000.0,80000.0,True,True,True
79,2,183,3100000000.0,103333.33,True,True,True
135,2,39,10000000000.0,333333.33,True,True,True
110,2,183,3950000000.0,131666.67,True,True,True
110,3,146,4700000000.0,156666.67,True,True,True
87,2,183,3800000000.0,126666.67,True,True,True
75,2,122,3750000000.0,125000.0,True,True,True
108,2,183,3950000000.0,131666.67,True,True,True
110,2,26,5700000000.0,190000.0,True,True,True
100,2,146,5100000000.0,170000.0,True,True,True
140,3,150,9200000000.0,306666.67,True,True,True
72,2,163,2113000000.0,70433.33,True,True,False
73,2,163,2108000000.0,70266.67,True,True,False
145,3,37,12325000000.0,410833.33,True,True,True
75,2,108,2385000000.0,79500.0,True,True,False
92,2,187,6300000000.0,210000.0,True,True,True
80,2,160,2220000000.0,74000.0,True,True,True
127,2,43,8890000000.0,296333.33,True,True,True
74,2,187,3920000000.0,130666.67,True,True,True
105,3,115,1260000000.0,42000.0,True,True,True
112,3,115,1400000000.0,46666.67,True,True,False
120,2,150,7500000000.0,250000.0,True,True,True
123,3,117,500000000.0,16666.67,True,True,True
140,3,150,10000000000.0,333333.33,True,True,True
63,1,122,3500000000.0,116666.67,True,True,True
56,1,122,1950000000.0,65000.0,True,True,True
105,2,52,4350000000.0,145000.0,True,True,True
97,2,187,5000000000.0,166666.67,True,True,True
140,3,75,9200000000.0,306666.67,True,True,True
60,2,26,1650000000.0,55000.0,True,True,False
54,1,122,2000000000.0,66666.67,False,True,True
90,2,43,6000000000.0,200000.0,True,True,True
92,2,52,3950000000.0,131666.67,True,True,True
65,2,52,1900000000.0,63333.33,False,True,False
76,2,13,896000000.0,29866.67,True,True,True
72,2,163,2600000000.0,86666.67,True,True,True
135,3,50,11500000000.0,383333.33,True,True,True
87,2,117,500000000.0,16666.67,True,True,True
255,3,50,26000000000.0,866666.67,True,True,True
100,2,187,4300000000.0,143333.33,True,True,False
194,2,105,19845000000.0,661500.0,True,True,True
600,2,123,9150000000.0,305000.0,True,True,True
160,3,135,13500000000.0,450000.0,True,True,True
98,2,57,6958000000.0,231933.33,True,True,True
133,3,13,1600000000.0,53333.33,False,False,False
108,2,183,5616000000.0,187200.0,True,True,True
76,2,146,2800000000.0,93333.33,True,True,True
73,2,131,1230000000.0,41000.0,True,True,True
76,2,164,3150000000.0,105000.0,True,True,True
80,2,164,3680000000.0,122666.67,True,True,True
92,2,57,6600000000.0,220000.0,True,True,True
130,2,123,8500000000.0,283333.33,True,True,True
71,2,20,1640000000.0,54666.67,True,True,True
56,1,156,1900000000.0,63333.33,True,True,True
105,2,117,890000000.0,29666.67,True,True,True
93,2,26,4370000000.0,145666.67,True,True,True
179,3,118,9645000000.0,321500.0,True,True,True
100,2,60,6200000000.0,206666.67,True,True,True
110,3,135,5200000000.0,173333.33,True,True,True
98,2,108,4850000000.0,161666.67,True,True,True
101,2,135,5550000000.0,185000.0,True,True,True
105,2,117,800000000.0,26666.67,True,True,True
157,3,68,9850000000.0,328333.33,True,True,True
90,2,126,1620000000.0,54000.0,True,True,True
97,2,117,760000000.0,25333.33,True,True,True
120,3,119,1272000000.0,42400.0,True,True,True
303,4,179,48000000000.0,1600000.0,True,True,True
60,1,187,3250000000.0,108333.33,True,True,True
245,5,37,14500000000.0,483333.33,True,True,True
100,2,117,790000000.0,26333.33,True,True,True
185,3,118,10750000000.0,358333.33,True,True,True
62,2,26,3500000000.0,116666.67,True,True,True
79,2,26,2999000000.0,99966.67,True,True,True
400,5,97,56000000000.0,1866666.67,True,True,False
200,3,162,5000000000.0,166666.67,True,True,True
105,2,117,860000000.0,28666.67,True,True,True
128,3,148,5700000000.0,190000.0,True,True,True
115,3,122,6670000000.0,222333.33,True,True,True
377,4,44,31668000000.0,1055600.0,True,True,True
77,2,26,2400000000.0,80000.0,True,True,False
190,3,122,11400000000.0,380000.0,True,True,True
130,3,187,7800000000.0,260000.0,True,True,True
133,3,39,8600000000.0,286666.67,True,True,True
143,3,108,4400000000.0,146666.67,True,True,True
76,2,26,4150000000.0,138333.33,True,True,True
155,3,183,5000000000.0,166666.67,True,True,True
96,2,42,4200000000.0,140000.0,True,True,True
190,3,57,14000000000.0,466666.67,True,True,True
147,3,68,9100000000.0,303333.33,True,True,True
85,2,40,2800000000.0,93333.33,True,True,True
76,2,42,3600000000.0,120000.0,True,True,True
103,2,105,7000000000.0,233333.33,True,True,True
194,3,105,19858000000.0,661933.33,True,True,True
95,2,135,6200000000.0,206666.67,True,True,True
79,2,108,3200000000.0,106666.67,False,True,False
83,2,115,705500000.0,23516.67,True,True,True
70,2,164,2500000000.0,83333.33,True,True,True
87,2,105,4600000000.0,153333.33,True,True,True
87,2,117,500000000.0,16666.67,False,True,True
84,3,13,1554000000.0,51800.0,True,True,True
91,2,167,3100000000.0,103333.33,True,True,True
145,2,57,12000000000.0,400000.0,True,True,True
68,2,106,2450000000.0,81666.67,True,True,True
127,3,56,5588000000.0,186266.67,True,True,True
68,1,42,3100000000.0,103333.33,True,True,True
105,2,117,539000000.0,17966.67,True,True,True
89,2,156,3190000000.0,106333.33,True,True,True
82,2,111,2600000000.0,86666.67,True,True,True
65,1,122,2250000000.0,75000.0,True,True,False
80,2,60,4900000000.0,163333.33,True,True,True
145,3,105,14500000000.0,483333.33,True,True,True
235,3,105,20000000000.0,666666.67,True,True,True
192,3,77,33490000000.0,1116333.33,True,True,True
160,3,77,13120000000.0,437333.33,True,True,True
160,3,105,18400000000.0,613333.33,True,True,True
106,2,117,800000000.0,26666.67,True,True,True
75,2,152,620000000.0,20666.67,False,True,True
100,2,152,800000000.0,26666.67,True,True,True
58,1,42,2850000000.0,95000.0,True,True,True
44,1,120,790000000.0,26333.33,False,True,False
108,2,57,9000000000.0,300000.0,True,True,True
87,2,11,550000000.0,18333.33,True,True,True
231,3,189,43197000000.0,1439900.0,True,True,True
120,3,119,1750000000.0,58333.33,True,True,True
103,2,135,5700000000.0,190000.0,True,True,True
78,2,115,455000000.0,15166.67,False,False,False
85,2,57,7200000000.0,240000.0,True,True,True
195,3,179,19500000000.0,650000.0,True,True,True
142,3,11,5500000000.0,183333.33,True,True,True
90,2,119,1315000000.0,43833.33,True,True,True
85,2,57,7300000000.0,243333.33,True,True,True
350,4,105,80500000000.0,2683333.33,True,True,True
210,4,105,21000000000.0,700000.0,True,True,True
87,2,117,890000000.0,29666.67,True,True,True
85,2,163,4400000000.0,146666.67,True,True,True
92,2,163,3990000000.0,133000.0,True,True,True
90,2,146,4150000000.0,138333.33,True,True,True
87,2,146,3050000000.0,101666.67,True,True,True
108,2,183,3450000000.0,115000.0,True,True,True
85,2,163,3400000000.0,113333.33,True,True,False
68,2,163,2200000000.0,73333.33,True,True,True
138,2,189,17250000000.0,575000.0,True,True,True
78,2,115,210000000.0,7000.0,True,True,True
94,2,126,1712000000.0,57066.67,True,True,True
168,3,14,16000000000.0,533333.33,True,True,True
100,2,105,6200000000.0,206666.67,True,True,True
100,2,7,6300000000.0,210000.0,True,True,True
44,1,116,1030000000.0,34333.33,False,True,False
300,3,87,27000000000.0,900000.0,False,False,False
280,4,179,30800000000.0,1026666.67,True,True,True
65,2,183,2760000000.0,92000.0,True,True,True
180,3,7,13500000000.0,450000.0,True,True,True
176,2,71,2800000000.0,93333.33,True,True,False
83,2,26,3859000000.0,128633.33,True,True,True
300,4,50,37000000000.0,1233333.33,True,True,True
68,2,120,1380000000.0,46000.0,False,True,False
220,3,14,35000000000.0,1166666.67,True,True,True
140,3,13,1484000000.0,49466.67,True,True,True
290,4,50,36000000000.0,1200000.0,True,True,True
75,2,76,862500000.0,28750.0,False,True,True
133,3,40,8000000000.0,266666.67,True,True,True
87,2,0,5655000000.0,188500.0,True,True,True
60,2,120,1500000000.0,50000.0,False,True,True
149,3,183,8642000000.0,288066.67,True,True,True
238,3,179,42840000000.0,1428000.0,True,True,True
90,2,122,3500000000.0,116666.67,True,True,True
100,2,126,1850000000.0,61666.67,True,True,True
94,2,26,4512000000.0,150400.0,True,True,True
80,2,116,3360000000.0,112000.0,True,True,True
55,2,116,1280000000.0,42666.67,False,False,False
114,3,135,6800000000.0,226666.67,True,True,True
146,3,68,7600000000.0,253333.33,True,True,True
70,2,122,2280000000.0,76000.0,True,True,False
86,2,11,4730000000.0,157666.67,True,True,True
69,1,119,2100000000.0,70000.0,False,True,True
60,1,183,3300000000.0,110000.0,True,True,True
101,2,119,3500000000.0,116666.67,True,True,True
97,2,65,2300000000.0,76666.67,True,True,True
105,2,64,3570000000.0,119000.0,True,True,True
110,2,135,12500000000.0,416666.67,True,True,False
75,2,122,2700000000.0,90000.0,True,True,True
110,2,122,6490000000.0,216333.33,True,True,True
149,3,97,9238000000.0,307933.33,True,True,False
105,2,127,5000000000.0,166666.67,True,True,True
110,2,119,3500000000.0,116666.67,True,True,True
190,3,86,13000000000.0,433333.33,True,True,True
160,2,187,8600000000.0,286666.67,True,True,True
67,2,120,2000000000.0,66666.67,False,True,True
121,2,100,5500000000.0,183333.33,True,True,True
105,2,61,7350000000.0,245000.0,True,True,True
83,2,183,2400000000.0,80000.0,True,True,False
62,1,120,1380000000.0,46000.0,False,True,True
55,1,120,1750000000.0,58333.33,True,True,True
88,2,120,2450000000.0,81666.67,True,True,True
86,2,6,3000000000.0,100000.0,True,False,True
62,1,100,2250000000.0,75000.0,True,True,True
65,1,15,3100000000.0,103333.33,True,True,False
135,2,105,14850000000.0,495000.0,True,True,True
226,4,90,17000000000.0,566666.67,True,True,True
70,2,172,2030000000.0,67666.67,True,True,True
85,1,77,7100000000.0,236666.67,True,True,True
170,3,122,9350000000.0,311666.67,True,True,True
170,3,105,14000000000.0,466666.67,True,True,True
574,5,106,60000000000.0,2000000.0,True,True,False
360,4,105,38000000000.0,1266666.67,True,True,True
120,2,135,7300000000.0,243333.33,True,True,True
120,3,122,6660000000.0,222000.0,True,True,True
97,2,172,2330000000.0,77666.67,True,False,True
150,3,118,11456000000.0,381866.67,True,True,True
140,2,118,10500000000.0,350000.0,True,True,True
85,2,122,3300000000.0,110000.0,True,True,True
240,3,179,46000000000.0,1533333.33,True,True,True
120,3,117,670000000.0,22333.33,True,True,True
100,2,146,4700000000.0,156666.67,True,True,True
105,3,13,3400000000.0,113333.33,True,True,False
75,2,122,2980000000.0,99333.33,True,True,True
51,1,172,1380000000.0,46000.0,True,True,True
89,2,146,4100000000.0,136666.67,True,True,True
130,3,135,10500000000.0,350000.0,True,True,True
140,2,118,10000000000.0,333333.33,True,True,True
100,2,122,5650000000.0,188333.33,True,True,True
290,3,50,37000000000.0,1233333.33,True,True,True
290,4,50,34000000000.0,1133333.33,True,True,True
200,3,14,34800000000.0,1160000.0,True,True,True
450,3,31,3850000000.0,128333.33,True,False,False
37,1,13,355000000.0,11833.33,False,True,False
140,3,57,8900000000.0,296666.67,True,True,True
150,3,138,5400000000.0,180000.0,True,True,True
465,2,31,3300000000.0,110000.0,True,False,False
160,3,57,9800000000.0,326666.67,True,True,True
403,5,13,13000000000.0,433333.33,True,False,False
165,2,113,1200000000.0,40000.0,True,True,True
405,5,13,11000000000.0,366666.67,True,True,False
400,5,13,11000000000.0,366666.67,True,True,False
87,2,117,550000000.0,18333.33,True,True,True
88,2,183,3100000000.0,103333.33,True,True,True
86,2,6,2924000000.0,97466.67,True,True,True
350,3,118,1000000000.0,33333.33,True,True,False
200,3,86,12000000000.0,400000.0,True,True,True
115,3,179,12650000000.0,421666.67,True,True,True
90,2,57,7000000000.0,233333.33,True,True,True
107,3,57,6420000000.0,214000.0,True,True,True
84,2,120,2688000000.0,89600.0,True,True,True
112,2,117,480000000.0,16000.0,True,True,True
114,2,119,3690000000.0,123000.0,True,True,True
120,3,117,650000000.0,21666.67,True,True,True
113,2,119,3800000000.0,126666.67,True,True,True
84,2,184,3100000000.0,103333.33,True,True,True
45,1,156,1580000000.0,52666.67,False,True,False
155,2,117,1900000000.0,63333.33,True,True,True
56,1,156,2450000000.0,81666.67,True,True,True
67,2,40,2380000000.0,79333.33,True,True,True
79,2,40,2600000000.0,86666.67,True,True,True
65,1,57,4225000000.0,140833.33,True,True,True
113,2,134,1550000000.0,51666.67,True,True,True
54,1,14,3500000000.0,116666.67,True,True,False
170,3,179,15700000000.0,523333.33,False,False,False
42,1,74,1050000000.0,35000.0,False,True,True
160,3,113,910000000.0,30333.33,False,True,False
56,1,122,2850000000.0,95000.0,True,True,True
75,2,134,1000000000.0,33333.33,True,True,True
80,2,134,750000000.0,25000.0,True,True,False
41,1,50,2530000000.0,84333.33,False,True,True
117,2,134,1580000000.0,52666.67,False,True,True
88,2,0,5600000000.0,186666.67,True,True,True
114,2,0,6700000000.0,223333.33,True,True,True
75,2,152,735000000.0,24500.0,True,True,True
160,3,13,3000000000.0,100000.0,True,True,True
87,2,0,5600000000.0,186666.67,True,True,True
104,2,0,3400000000.0,113333.33,True,True,True
90,2,152,665000000.0,22166.67,False,True,False
120,2,13,1800000000.0,60000.0,True,True,False
88,2,152,760000000.0,25333.33,False,True,True
76,2,0,3000000000.0,100000.0,True,True,True
85,2,163,3600000000.0,120000.0,True,True,True
71,2,108,2600000000.0,86666.67,False,True,False
200,3,68,14950000000.0,498333.33,True,True,True
104,2,6,4200000000.0,140000.0,True,False,True
165,3,14,20000000000.0,666666.67,True,True,True
82,2,0,3800000000.0,126666.67,True,True,True
115,2,57,8300000000.0,276666.67,True,True,True
350,5,57,35000000000.0,1166666.67,True,True,True
106,2,0,4500000000.0,150000.0,True,True,True
40,1,79,880000000.0,29333.33,False,True,True
130,2,57,12000000000.0,400000.0,True,True,True
46,1,74,750000000.0,25000.0,True,True,False
121,2,36,4840000000.0,161333.33,True,True,True
80,2,74,1500000000.0,50000.0,True,True,True
154,3,111,4000000000.0,133333.33,True,True,True
60,1,74,1020000000.0,34000.0,False,True,False
68,2,183,2300000000.0,76666.67,True,True,True
89,2,13,1100000000.0,36666.67,True,False,True
70,2,74,1600000000.0,53333.33,True,True,True
45,1,125,1300000000.0,43333.33,True,True,True
113,2,11,5080000000.0,169333.33,True,True,True
85,2,39,4200000000.0,140000.0,True,True,True
42,1,174,975000000.0,32500.0,True,False,True
108,2,156,4300000000.0,143333.33,True,True,True
82,2,122,2900000000.0,96666.67,True,True,True
76,2,122,4250000000.0,141666.67,True,False,True
79,2,122,3250000000.0,108333.33,True,True,True
71,2,122,2700000000.0,90000.0,True,True,True
73,2,122,3550000000.0,118333.33,True,True,True
89,2,152,1610000000.0,53666.67,True,True,True
85,2,146,2750000000.0,91666.67,True,True,True
96,2,40,3950000000.0,131666.67,True,True,True
95,2,13,1200000000.0,40000.0,True,True,True
60,2,122,2050000000.0,68333.33,True,True,True
88,2,115,485000000.0,16166.67,False,False,True
145,3,118,1450000000.0,48333.33,True,True,True
75,2,92,250000000.0,8333.33,False,True,False
145,3,60,7850000000.0,261666.67,True,True,True
105,3,111,2910000000.0,97000.0,True,True,True
67,2,52,2120000000.0,70666.67,True,True,True
78,2,74,2250000000.0,75000.0,True,False,True
125,2,57,12500000000.0,416666.67,True,True,True
91,2,156,3350000000.0,111666.67,True,True,True
195,3,57,19000000000.0,633333.33,True,True,True
87,2,117,585000000.0,19500.0,False,False,True
99,2,122,4200000000.0,140000.0,True,True,True
113,2,122,5100000000.0,170000.0,True,True,True
100,2,122,4300000000.0,143333.33,True,True,True
200,3,189,24000000000.0,800000.0,True,True,True
106,2,117,560000000.0,18666.67,True,True,True
105,2,156,3750000000.0,125000.0,True,True,True
228,3,189,20292000000.0,676400.0,True,True,True
75,2,156,3650000000.0,121666.67,True,True,True
84,3,156,3050000000.0,101666.67,True,True,True
90,2,146,3150000000.0,105000.0,True,True,True
66,2,111,1580000000.0,52666.67,True,False,True
130,3,109,7800000000.0,260000.0,True,True,True
101,2,26,4700000000.0,156666.67,True,True,True
103,2,156,3220000000.0,107333.33,False,True,False
60,2,120,1450000000.0,48333.33,True,True,False
123,2,119,360000000.0,12000.0,True,True,True
70,2,122,2700000000.0,90000.0,True,True,True
177,3,179,21700000000.0,723333.33,True,True,True
230,3,50,22000000000.0,733333.33,True,True,True
105,2,117,540000000.0,18000.0,True,True,True
87,2,117,810000000.0,27000.0,False,False,True
104,2,117,590000000.0,19666.67,True,True,True
105,2,117,555000000.0,18500.0,True,True,True
310,3,44,45500000000.0,1516666.67,True,True,True
108,2,158,4550000000.0,151666.67,True,True,True
75,2,26,2750000000.0,91666.67,True,True,False
108,2,158,4130000000.0,137666.67,True,True,True
116,2,183,5050000000.0,168333.33,True,True,True
43,1,158,1800000000.0,60000.0,True,True,True
64,2,74,920000000.0,30666.67,False,True,False
48,1,141,1048000000.0,34933.33,True,True,False
134,3,13,1100000000.0,36666.67,True,True,True
100,2,117,650000000.0,21666.67,False,False,False
230,3,50,20700000000.0,690000.0,True,True,True
238,3,179,46900000000.0,1563333.33,True,True,True
270,5,14,14500000000.0,483333.33,True,True,False
105,2,13,1100000000.0,36666.67,False,True,False
86,2,117,780000000.0,26000.0,True,True,True
130,3,184,6760000000.0,225333.33,True,True,True
87,2,117,960000000.0,32000.0,True,True,True
80,2,152,1200000000.0,40000.0,False,True,False
112,2,187,5600000000.0,186666.67,True,True,True
120,2,117,1800000000.0,60000.0,True,True,False
125,2,117,2100000000.0,70000.0,True,True,True
100,2,192,3100000000.0,103333.33,True,True,True
100,2,120,2600000000.0,86666.67,True,True,True
123,3,40,5600000000.0,186666.67,True,True,True
100,2,120,4000000000.0,133333.33,True,True,True
88,2,108,2980000000.0,99333.33,True,True,True
87,2,117,720000000.0,24000.0,True,True,True
85,2,117,730000000.0,24333.33,True,True,True
84,2,142,2600000000.0,86666.67,False,True,False
110,2,187,5700000000.0,190000.0,True,True,True
170,3,105,22100000000.0,736666.67,True,True,True
220,3,105,19800000000.0,660000.0,True,True,True
101,2,187,5500000000.0,183333.33,True,True,True
100,2,57,6800000000.0,226666.67,True,True,True
193,3,86,13000000000.0,433333.33,True,True,True
45,1,13,395000000.0,13166.67,False,True,False
86,2,120,2050000000.0,68333.33,True,False,True
138,3,71,1690000000.0,56333.33,True,True,True
55,1,135,4000000000.0,133333.33,True,True,True
100,2,57,8200000000.0,273333.33,True,True,True
108,2,119,3024000000.0,100800.0,True,True,True
94,2,57,8350000000.0,278333.33,True,True,True
101,2,57,8800000000.0,293333.33,True,True,True
101,2,57,8500000000.0,283333.33,True,True,True
99,1,57,8400000000.0,280000.0,True,True,True
97,2,150,7500000000.0,250000.0,True,True,True
" 8,400,000,000 ",2,57,8700000000.0,290000.0,True,True,True
126,2,57,11500000000.0,383333.33,True,True,True
105,2,117,525000000.0,17500.0,True,True,True
101,2,167,3345000000.0,111500.0,True,True,True
100,2,57,8300000000.0,276666.67,True,True,True
90,2,152,990000000.0,33000.0,True,True,True
146,3,135,10800000000.0,360000.0,True,True,True
90,3,141,2550000000.0,85000.0,True,True,False
60,2,149,1680000000.0,56000.0,False,True,False
130,3,150,14300000000.0,476666.67,True,True,True
85,2,6,2700000000.0,90000.0,True,True,False
132,3,118,9900000000.0,330000.0,True,True,True
115,2,167,4600000000.0,153333.33,True,True,True
70,2,120,1550000000.0,51666.67,False,True,False
145,3,120,3900000000.0,130000.0,True,True,True
88,2,122,2980000000.0,99333.33,True,True,True
54,1,24,830000000.0,27666.67,False,True,False
65,2,120,1650000000.0,55000.0,True,True,False
70,1,36,2000000000.0,66666.67,True,True,False
63,1,111,1380000000.0,46000.0,True,True,True
190,3,189,13000000000.0,433333.33,True,True,True
57,1,125,1200000000.0,40000.0,True,True,True
144,3,179,12000000000.0,400000.0,True,True,True
85,2,146,3450000000.0,115000.0,True,True,True
65,2,184,2000000000.0,66666.67,False,True,True
88,3,115,520000000.0,17333.33,False,False,True
74,2,34,4100000000.0,136666.67,True,True,True
76,2,115,365000000.0,12166.67,False,False,False
88,2,115,580000000.0,19333.33,False,False,True
49,1,122,2694000000.0,89800.0,True,True,True
287,5,177,57500000000.0,1916666.67,True,True,False
95,2,122,3900000000.0,130000.0,True,True,False
65,1,6,1690000000.0,56333.33,True,True,True
86,2,105,5580000000.0,186000.0,True,True,True
86,2,77,5500000000.0,183333.33,True,True,True
90,2,62,690000000.0,23000.0,True,True,True
62,2,43,3300000000.0,110000.0,True,True,False
157,3,57,13600000000.0,453333.33,True,True,True
90,2,162,690000000.0,23000.0,True,True,True
190,3,57,15500000000.0,516666.67,True,True,True
90,2,127,1315000000.0,43833.33,True,True,True
150,3,57,11000000000.0,366666.67,True,True,True
70,2,152,735000000.0,24500.0,True,True,True
91,2,169,3000000000.0,100000.0,True,True,True
155,3,57,14700000000.0,490000.0,True,True,True
245,3,105,21560000000.0,718666.67,True,True,True
120,2,183,5000000000.0,166666.67,True,True,True
150,2,57,13000000000.0,433333.33,True,True,True
65,2,183,2250000000.0,75000.0,True,True,False
106,2,183,3900000000.0,130000.0,True,True,True
100,2,57,8400000000.0,280000.0,True,True,True
125,2,57,11000000000.0,366666.67,True,True,True
57,1,52,1890000000.0,63000.0,True,True,True
160,3,105,16800000000.0,560000.0,True,True,True
43,1,24,1200000000.0,40000.0,False,True,True
115,3,52,3500000000.0,116666.67,True,True,True
80,2,52,2900000000.0,96666.67,True,True,True
93,2,163,4600000000.0,153333.33,True,True,True
65,2,125,2050000000.0,68333.33,True,False,True
90,2,163,3000000000.0,100000.0,True,True,True
200,2,13,2000000000.0,66666.67,True,True,False
135,3,150,9000000000.0,300000.0,True,True,True
63,2,19,1340000000.0,44666.67,False,True,False
53,1,19,1500000000.0,50000.0,True,True,True
50,1,125,810000000.0,27000.0,False,True,False
72,2,125,1615000000.0,53833.33,True,True,False
148,3,135,12500000000.0,416666.67,True,True,True
80,2,19,2480000000.0,82666.67,True,True,True
60,2,13,950000000.0,31666.67,True,True,True
102,2,150,9898000000.0,329933.33,True,True,True
95,2,97,5500000000.0,183333.33,True,True,True
83,2,128,1700000000.0,56666.67,True,True,True
95,2,57,8300000000.0,276666.67,True,True,True
83,2,141,2300000000.0,76666.67,True,True,True
60,1,107,875000000.0,29166.67,True,True,True
65,2,74,1400000000.0,46666.67,True,True,True
90,2,57,8200000000.0,273333.33,True,True,True
200,3,68,14000000000.0,466666.67,True,True,True
53,1,74,1420000000.0,47333.33,True,True,True
43,1,24,1250000000.0,41666.67,True,True,True
97,2,163,3880000000.0,129333.33,True,True,True
42,1,74,960000000.0,32000.0,True,False,True
120,2,0,3880000000.0,129333.33,True,True,True
97,2,142,3580000000.0,119333.33,True,True,True
97,2,163,3500000000.0,116666.67,True,True,True
90,2,163,3280000000.0,109333.33,True,True,True
97,2,26,3600000000.0,120000.0,True,True,True
90,2,163,3680000000.0,122666.67,True,True,True
198,3,57,13500000000.0,450000.0,True,True,True
929,5,188,80000000000.0,2666666.67,True,True,False
90,2,122,4680000000.0,156000.0,True,True,True
150,3,122,9400000000.0,313333.33,True,True,True
136,3,163,6200000000.0,206666.67,True,True,True
120,2,163,4100000000.0,136666.67,True,True,True
90,2,122,3520000000.0,117333.33,True,True,True
550,3,2,4500000000.0,150000.0,True,True,False
50,1,122,2500000000.0,83333.33,True,True,True
90,2,97,6000000000.0,200000.0,True,True,True
55,1,122,2300000000.0,76666.67,True,True,True
75,2,74,2350000000.0,78333.33,True,True,True
47,1,122,2100000000.0,70000.0,True,True,True
65,2,122,2250000000.0,75000.0,True,True,False
420,4,189,92400000000.0,3080000.0,True,True,True
124,3,163,5950000000.0,198333.33,True,True,True
86,2,122,4250000000.0,141666.67,True,True,True
70,1,122,3100000000.0,103333.33,True,True,True
181,3,179,13600000000.0,453333.33,True,True,True
68,2,122,2230000000.0,74333.33,True,True,False
67,2,122,2600000000.0,86666.67,True,True,True
72,1,112,4500000000.0,150000.0,True,True,True
145,3,26,6150000000.0,205000.0,True,True,True
116,2,150,9860000000.0,328666.67,True,True,True
65,1,108,2700000000.0,90000.0,True,True,True
125,2,112,9300000000.0,310000.0,True,True,True
143,3,135,11200000000.0,373333.33,True,True,True
150,3,135,14800000000.0,493333.33,True,True,True
88,2,163,2560000000.0,85333.33,True,True,True
380,4,44,50000000000.0,1666666.67,True,True,True
95,2,111,2990000000.0,99666.67,True,True,True
58,1,156,2850000000.0,95000.0,True,True,True
190,3,50,25000000000.0,833333.33,True,True,True
120,2,43,7700000000.0,256666.67,True,True,True
130,3,155,7500000000.0,250000.0,True,True,True
85,2,122,2800000000.0,93333.33,True,True,False
100,2,71,1100000000.0,36666.67,True,True,False
115,2,57,9500000000.0,316666.67,True,True,True
76,2,146,2480000000.0,82666.67,True,True,True
125,2,122,6000000000.0,200000.0,True,True,True
110,2,122,3900000000.0,130000.0,True,True,True
96,2,122,4150000000.0,138333.33,True,True,True
75,2,71,1250000000.0,41666.67,True,True,False
105,2,26,4300000000.0,143333.33,True,True,True
160,3,68,7000000000.0,233333.33,True,True,True
76,2,74,1800000000.0,60000.0,True,True,True
290,4,189,15950000000.0,531666.67,True,True,True
110,2,188,5550000000.0,185000.0,False,True,True
198,4,13,5200000000.0,173333.33,True,True,False
105,2,13,1930000000.0,64333.33,True,True,True
90,2,71,1098000000.0,36600.0,True,True,True
63,1,71,882000000.0,29400.0,True,True,True
100,2,26,3600000000.0,120000.0,True,True,True
117,3,71,1990000000.0,66333.33,True,True,True
91,2,71,1640000000.0,54666.67,True,True,False
60,1,71,780000000.0,26000.0,True,True,False
110,2,71,2530000000.0,84333.33,True,True,True
96,2,111,2990000000.0,99666.67,True,True,True
113,2,43,4300000000.0,143333.33,True,True,True
74,2,163,2800000000.0,93333.33,True,True,True
155,3,39,9800000000.0,326666.67,True,True,True
125,2,111,3900000000.0,130000.0,True,True,True
49,1,37,3150000000.0,105000.0,True,False,True
148,3,135,12580000000.0,419333.33,True,True,True
134,3,125,2950000000.0,98333.33,True,True,True
90,2,26,3600000000.0,120000.0,True,True,True
110,1,26,4450000000.0,148333.33,True,True,True
115,2,122,5405000000.0,180166.67,True,True,True
90,2,32,5300000000.0,176666.67,True,True,True
95,2,106,4300000000.0,143333.33,True,True,True
105,2,117,750000000.0,25000.0,True,True,True
63,2,10,1638000000.0,54600.0,True,True,True
185,3,118,13000000000.0,433333.33,True,True,True
250,3,44,40000000000.0,1333333.33,True,True,True
88,2,108,3850000000.0,128333.33,True,True,False
95,2,164,4300000000.0,143333.33,True,True,True
108,2,68,6400000000.0,213333.33,True,True,True
90,2,163,3780000000.0,126000.0,True,True,True
160,3,179,9600000000.0,320000.0,True,True,True
78,2,115,425000000.0,14166.67,False,True,True
120,3,119,590000000.0,19666.67,True,True,True
158,3,118,11060000000.0,368666.67,True,True,True
56,1,183,2250000000.0,75000.0,True,True,True
155,3,118,13175000000.0,439166.67,True,True,True
100,2,163,5700000000.0,190000.0,True,True,True
182,3,135,11500000000.0,383333.33,True,True,True
63,2,146,2250000000.0,75000.0,True,True,True
125,2,152,1030000000.0,34333.33,True,True,True
53,1,152,395000000.0,13166.67,False,False,False
150,3,43,9500000000.0,316666.67,True,True,True
62,2,122,2200000000.0,73333.33,True,True,False
113,2,43,6000000000.0,200000.0,True,True,True
93,2,115,650000000.0,21666.67,True,True,False
84,2,31,2150000000.0,71666.67,True,True,True
83,2,74,2200000000.0,73333.33,True,True,True
150,3,57,13000000000.0,433333.33,True,True,True
147,3,43,9600000000.0,320000.0,True,True,True
75,2,135,5500000000.0,183333.33,True,True,True
119,2,156,4700000000.0,156666.67,True,True,True
105,2,135,4800000000.0,160000.0,True,True,True
70,2,192,4830000000.0,161000.0,True,True,True
115,2,43,6300000000.0,210000.0,True,True,True
179,3,179,8055000000.0,268500.0,True,True,True
86,2,26,3600000000.0,120000.0,True,True,True
70,1,183,3650000000.0,121666.67,True,True,True
48,1,146,1750000000.0,58333.33,True,True,True
70,2,84,1250000000.0,41666.67,False,True,True
102,2,135,6120000000.0,204000.0,True,True,True
85,2,117,470000000.0,15666.67,True,False,True
72,2,183,2400000000.0,80000.0,True,True,False
180,3,135,14500000000.0,483333.33,True,True,True
138,3,135,9300000000.0,310000.0,True,True,True
87,2,152,960000000.0,32000.0,True,True,True
705,5,0,91000000000.0,3033333.33,True,True,False
200,3,135,16000000000.0,533333.33,True,True,True
87,2,117,570000000.0,19000.0,True,True,True
75,2,146,3350000000.0,111666.67,True,True,True
57,1,183,2900000000.0,96666.67,True,True,True
62,1,183,2650000000.0,88333.33,True,True,True
65,2,183,3100000000.0,103333.33,True,True,True
70,1,135,3300000000.0,110000.0,False,True,False
65,1,183,2800000000.0,93333.33,True,True,True
100,2,111,2800000000.0,93333.33,True,True,True
210,3,135,16400000000.0,546666.67,True,True,True
110,2,135,8900000000.0,296666.67,True,True,True
68,2,183,2900000000.0,96666.67,True,True,True
101,2,135,5555000000.0,185166.67,True,True,True
165,3,135,10500000000.0,350000.0,True,True,True
300,4,135,30000000000.0,1000000.0,True,True,True
245,3,150,19000000000.0,633333.33,True,True,True
105,2,13,1000000000.0,33333.33,True,True,False
135,2,135,8800000000.0,293333.33,True,True,True
130,3,135,9300000000.0,310000.0,True,True,True
83,2,135,4600000000.0,153333.33,True,False,True
60,1,135,4650000000.0,155000.0,True,True,True
52,1,164,2750000000.0,91666.67,True,True,True
60,2,183,2850000000.0,95000.0,True,True,True
70,2,40,3000000000.0,100000.0,True,True,True
140,3,150,11200000000.0,373333.33,True,True,True
120,2,135,6800000000.0,226666.67,True,True,True
62,1,152,510000000.0,17000.0,True,True,True
70,2,183,2600000000.0,86666.67,True,True,True
150,3,135,9500000000.0,316666.67,True,True,True
69,2,156,1850000000.0,61666.67,True,True,False
70,1,40,2600000000.0,86666.67,True,True,True
100,2,74,2300000000.0,76666.67,True,True,True
75,2,183,2500000000.0,83333.33,True,True,False
103,2,19,3150000000.0,105000.0,True,True,True
85,2,156,2650000000.0,88333.33,True,True,True
150,3,122,10500000000.0,350000.0,True,True,True
66,2,123,4250000000.0,141666.67,True,True,True
101,2,120,3300000000.0,110000.0,True,False,True
290,4,14,27000000000.0,900000.0,True,True,True
106,2,135,6000000000.0,200000.0,True,True,True
107,3,47,2970000000.0,99000.0,True,True,False
122,2,74,3900000000.0,130000.0,True,True,True
195,3,150,19500000000.0,650000.0,True,True,True
98,2,146,3200000000.0,106666.67,True,True,True
98,2,117,770000000.0,25666.67,True,True,True
200,3,57,16000000000.0,533333.33,True,True,True
400,4,44,63000000000.0,2100000.0,True,True,True
110,2,43,8300000000.0,276666.67,True,True,True
95,2,111,2950000000.0,98333.33,True,True,True
60,1,164,2400000000.0,80000.0,True,True,True
76,2,115,345000000.0,11500.0,False,False,False
222,3,57,19800000000.0,660000.0,True,True,True
120,2,122,6000000000.0,200000.0,True,True,True
270,3,77,26500000000.0,883333.33,True,True,True
110,2,164,3580000000.0,119333.33,True,True,False
84,2,152,982000000.0,32733.33,True,True,True
76,2,152,870000000.0,29000.0,True,True,True
75,2,115,400000000.0,13333.33,False,True,True
170,4,13,3060000000.0,102000.0,True,True,True
92,2,13,930000000.0,31000.0,False,True,False
122,3,115,850000000.0,28333.33,True,True,False
170,3,43,7800000000.0,260000.0,True,True,True
147,3,118,8350000000.0,278333.33,True,True,True
47,1,74,850000000.0,28333.33,False,True,False
100,2,118,6000000000.0,200000.0,True,True,True
180,3,135,13500000000.0,450000.0,True,True,True
90,2,108,3150000000.0,105000.0,True,True,True
80,2,146,2550000000.0,85000.0,True,True,True
59,1,120,1600000000.0,53333.33,True,False,True
87,2,117,850000000.0,28333.33,True,True,True
50,1,111,1000000000.0,33333.33,False,True,True
123,3,57,7400000000.0,246666.67,True,True,True
56,1,52,2200000000.0,73333.33,True,True,True
105,2,117,945000000.0,31500.0,True,True,True
57,1,19,1750000000.0,58333.33,True,True,True
78,2,163,3500000000.0,116666.67,True,True,True
92,2,163,3880000000.0,129333.33,True,True,True
100,2,117,1050000000.0,35000.0,True,True,True
152,3,135,9800000000.0,326666.67,True,True,True
155,3,150,9000000000.0,300000.0,True,True,True
115,3,146,3870000000.0,129000.0,True,True,True
145,3,150,11000000000.0,366666.67,True,True,True
115,2,187,5400000000.0,180000.0,True,True,True
60,1,26,2190000000.0,73000.0,True,True,False
160,3,57,10200000000.0,340000.0,True,True,True
101,2,106,5150000000.0,171666.67,True,True,True
98,2,163,3600000000.0,120000.0,True,True,True
92,2,122,3870000000.0,129000.0,True,True,True
90,2,108,3880000000.0,129333.33,True,True,True
150,3,183,7200000000.0,240000.0,True,True,True
106,2,119,2960000000.0,98666.67,True,True,True
135,3,36,4200000000.0,140000.0,True,True,True
209,3,183,13000000000.0,433333.33,True,True,True
115,2,167,3600000000.0,120000.0,True,True,False
110,2,181,3950000000.0,131666.67,True,True,False
90,2,108,3150000000.0,105000.0,False,True,True
190,3,14,24000000000.0,800000.0,True,True,True
133,3,57,13300000000.0,443333.33,True,True,True
200,3,7,27000000000.0,900000.0,True,True,True
220,3,77,33600000000.0,1120000.0,True,True,True
130,3,57,8700000000.0,290000.0,True,True,True
123,3,18,3450000000.0,115000.0,True,True,False
105,2,36,4100000000.0,136666.67,True,True,True
103,3,156,4128000000.0,137600.0,True,True,True
105,2,117,710000000.0,23666.67,True,True,True
161,3,119,6400000000.0,213333.33,True,True,True
115,3,152,1600000000.0,53333.33,False,True,True
85,2,18,3100000000.0,103333.33,False,False,False
50,2,156,1820000000.0,60666.67,True,True,False
160,3,119,6700000000.0,223333.33,True,True,True
232,3,50,23000000000.0,766666.67,True,True,True
117,2,156,3880000000.0,129333.33,True,True,True
77,2,183,3400000000.0,113333.33,True,True,True
100,2,187,3950000000.0,131666.67,True,True,False
85,2,108,2950000000.0,98333.33,True,True,False
145,3,50,11000000000.0,366666.67,True,True,True
127,3,64,4480000000.0,149333.33,True,True,True
79,2,156,2950000000.0,98333.33,True,True,True
120,2,57,11000000000.0,366666.67,True,True,True
173,3,105,11000000000.0,366666.67,True,True,True
195,3,50,17280000000.0,576000.0,True,True,True
66,2,183,2270000000.0,75666.67,True,True,True
140,3,57,11150000000.0,371666.67,True,True,True
93,2,17,1300000000.0,43333.33,True,True,True
80,2,187,4250000000.0,141666.67,True,True,True
119,2,156,5400000000.0,180000.0,True,True,True
100,2,43,6500000000.0,216666.67,True,True,True
115,2,156,3840000000.0,128000.0,True,True,True
52,1,43,3700000000.0,123333.33,True,True,True
136,3,119,1360000000.0,45333.33,True,True,True
95,2,156,5000000000.0,166666.67,True,True,True
83,3,156,3100000000.0,103333.33,True,True,True
100,2,152,1700000000.0,56666.67,True,True,True
70,2,156,2550000000.0,85000.0,True,True,False
73,2,156,2580000000.0,86000.0,True,True,False
70,2,146,2000000000.0,66666.67,True,True,True
105,2,117,500000000.0,16666.67,True,True,True
87,2,117,530000000.0,17666.67,True,True,True
66,1,117,720000000.0,24000.0,True,True,True
98,2,117,1000000000.0,33333.33,True,True,True
64,2,146,1980000000.0,66000.0,True,True,True
65,2,146,2000000000.0,66666.67,True,True,True
85,2,26,3350000000.0,111666.67,True,True,True
85,2,122,4500000000.0,150000.0,True,True,True
93,2,57,5600000000.0,186666.67,True,True,True
155,3,68,9000000000.0,300000.0,True,True,True
450,2,2,4500000000.0,150000.0,False,False,False
117,3,150,6800000000.0,226666.67,True,True,True
85,2,113,640000000.0,21333.33,True,True,True
500,4,31,20000000000.0,666666.67,True,True,False
900,3,31,8500000000.0,283333.33,True,True,False
60,1,119,870000000.0,29000.0,True,True,True
58,2,137,1200000000.0,40000.0,True,True,True
118,2,152,960000000.0,32000.0,True,True,True
98,2,57,8700000000.0,290000.0,True,True,True
60,1,100,2100000000.0,70000.0,False,True,True
85,2,57,7400000000.0,246666.67,True,True,True
110,2,68,5000000000.0,166666.67,True,True,True
190,3,57,12000000000.0,400000.0,True,True,True
150,3,57,14500000000.0,483333.33,True,True,True
197,3,57,13300000000.0,443333.33,True,True,True
153,2,57,13300000000.0,443333.33,True,True,True
99,2,68,4900000000.0,163333.33,True,True,True
195,3,57,19900000000.0,663333.33,True,True,True
125,2,57,11600000000.0,386666.67,True,True,True
103,2,68,6640000000.0,221333.33,True,True,True
235,3,57,25500000000.0,850000.0,True,True,True
107,2,179,13200000000.0,440000.0,True,True,True
195,3,57,19500000000.0,650000.0,True,True,True
170,3,57,14500000000.0,483333.33,False,False,False
153,3,57,13000000000.0,433333.33,True,True,True
90,2,120,2650000000.0,88333.33,True,True,True
88,2,57,7600000000.0,253333.33,True,True,True
100,2,57,8500000000.0,283333.33,True,True,True
100,2,135,6500000000.0,216666.67,True,True,True
203,3,15,13800000000.0,460000.0,True,True,True
200,3,14,13300000000.0,443333.33,True,True,True
200,3,15,13700000000.0,456666.67,True,True,True
116,3,57,8000000000.0,266666.67,True,True,True
202,3,15,13300000000.0,443333.33,False,False,False
202,3,14,13200000000.0,440000.0,True,True,True
61,1,160,1318000000.0,43933.33,True,True,True
70,2,74,1550000000.0,51666.67,True,True,True
62,2,24,1400000000.0,46666.67,True,True,True
200,3,15,13300000000.0,443333.33,True,True,True
120,3,111,3950000000.0,131666.67,True,True,True
87,2,11,4780000000.0,159333.33,True,True,True
200,3,14,13400000000.0,446666.67,True,True,True
80,2,115,500000000.0,16666.67,True,True,True
202,3,15,13500000000.0,450000.0,False,False,False
57,1,111,1320000000.0,44000.0,False,True,True
202,3,15,13700000000.0,456666.67,True,True,True
84,2,120,2250000000.0,75000.0,True,True,True
202,3,14,14700000000.0,490000.0,True,True,True
93,2,135,5600000000.0,186666.67,True,True,True
85,2,57,8000000000.0,266666.67,True,True,True
100,2,135,7400000000.0,246666.67,True,True,True
153,2,14,10500000000.0,350000.0,True,True,True
122,3,135,8000000000.0,266666.67,True,True,True
150,2,14,10500000000.0,350000.0,True,True,True
56,2,111,1500000000.0,50000.0,True,True,True
150,2,15,10500000000.0,350000.0,True,True,True
202,3,15,14300000000.0,476666.67,True,True,True
201,3,14,14200000000.0,473333.33,True,True,True
140,3,152,2590000000.0,86333.33,True,True,True
200,3,14,14000000000.0,466666.67,True,True,True
67,2,74,1500000000.0,50000.0,True,True,False
86,2,57,7200000000.0,240000.0,True,True,True
84,2,57,7400000000.0,246666.67,True,True,True
86,2,26,3800000000.0,126666.67,True,True,True
67,2,156,2300000000.0,76666.67,True,True,True
90,2,108,4800000000.0,160000.0,True,True,True
83,2,57,7300000000.0,243333.33,True,True,True
70,2,74,1730000000.0,57666.67,True,True,True
88,2,152,1135200000.0,37840.0,True,True,True
167,3,57,11000000000.0,366666.67,True,True,True
100,2,152,650000000.0,21666.67,False,False,False
100,2,152,1000000000.0,33333.33,True,True,True
60,2,163,2300000000.0,76666.67,True,True,True
155,3,57,11000000000.0,366666.67,True,True,True
76,2,74,1850000000.0,61666.67,True,True,True
90,2,152,900000000.0,30000.0,True,True,True
65,1,152,535000000.0,17833.33,True,True,True
80,2,152,680000000.0,22666.67,True,True,True
135,2,57,8700000000.0,290000.0,True,True,True
94,2,152,950000000.0,31666.67,True,True,True
110,2,57,8200000000.0,273333.33,True,True,True
115,3,50,6900000000.0,230000.0,True,True,True
170,3,57,11200000000.0,373333.33,True,True,True
115,3,50,6900000000.0,230000.0,False,True,True
60,1,31,900000000.0,30000.0,False,False,False
105,2,135,5800000000.0,193333.33,True,True,True
61,2,141,1040000000.0,34666.67,False,True,False
100,2,135,6000000000.0,200000.0,True,True,True
145,3,74,4600000000.0,153333.33,True,True,True
87,2,117,479000000.0,15966.67,True,True,True
87,2,117,496000000.0,16533.33,True,True,True
115,3,150,6500000000.0,216666.67,True,True,True
85,2,117,690000000.0,23000.0,True,True,True
67,2,122,2280000000.0,76000.0,True,True,False
94,2,156,2280000000.0,76000.0,True,True,True
94,2,192,3000000000.0,100000.0,True,True,True
99,2,192,4150000000.0,138333.33,True,True,True
86,2,117,890000000.0,29666.67,True,True,True
60,2,183,2650000000.0,88333.33,True,True,True
58,1,150,3400000000.0,113333.33,True,True,True
76,2,146,2850000000.0,95000.0,True,True,True
57,1,164,2400000000.0,80000.0,True,True,True
81,2,183,3300000000.0,110000.0,True,True,True
112,3,183,3600000000.0,120000.0,True,True,True
75,2,156,3500000000.0,116666.67,True,True,True
153,3,122,7500000000.0,250000.0,True,True,True
95,2,150,5100000000.0,170000.0,True,True,True
101,2,150,6565000000.0,218833.33,True,True,True
65,2,74,1450000000.0,48333.33,True,True,False
88,3,115,475000000.0,15833.33,False,True,True
113,3,57,6000000000.0,200000.0,True,True,False
50,1,152,360000000.0,12000.0,True,True,False
45,1,111,1200000000.0,40000.0,False,False,True
53,1,100,1350000000.0,45000.0,False,True,True
100,2,13,1800000000.0,60000.0,True,True,True
50,1,157,500000000.0,16666.67,True,True,False
43,0,101,360000000.0,12000.0,False,True,False
85,2,21,765000000.0,25500.0,True,True,False
134,3,106,6400000000.0,213333.33,True,True,True
90,2,146,3000000000.0,100000.0,True,True,True
90,2,152,1260000000.0,42000.0,True,True,True
135,2,136,2200000000.0,73333.33,True,True,False
130,3,127,5850000000.0,195000.0,True,True,True
55,1,13,550000000.0,18333.33,True,True,False
200,5,36,12000000000.0,400000.0,False,False,False
107,2,151,800000000.0,26666.67,True,True,True
150,2,113,1270000000.0,42333.33,True,True,True
56,1,111,1200000000.0,40000.0,False,True,False
160,3,18,4500000000.0,150000.0,True,True,False
138,3,141,3584000000.0,119466.67,True,True,True
125,3,170,3750000000.0,125000.0,True,True,True
83,2,146,2510000000.0,83666.67,True,True,True
131,3,127,5850000000.0,195000.0,True,True,True
115,2,26,4870000000.0,162333.33,True,True,True
50,1,13,650000000.0,21666.67,True,True,False
91,2,183,3600000000.0,120000.0,True,True,True
80,2,26,3395000000.0,113166.67,True,True,True
40,1,125,720000000.0,24000.0,False,True,False
68,2,146,2150000000.0,71666.67,True,True,True
110,2,156,3920000000.0,130666.67,True,True,True
63,1,192,730000000.0,24333.33,True,True,False
50,1,24,830000000.0,27666.67,True,True,False
110,2,146,5550000000.0,185000.0,True,True,True
95,2,146,2920000000.0,97333.33,True,True,True
65,2,163,2250000000.0,75000.0,True,True,True
62,2,24,930000000.0,31000.0,False,True,False
37,1,65,830000000.0,27666.67,False,True,True
105,2,183,3650000000.0,121666.67,True,True,True
41,1,141,770000000.0,25666.67,False,True,False
85,2,155,4600000000.0,153333.33,True,True,True
150,3,150,12350000000.0,411666.67,True,True,True
83,2,40,2800000000.0,93333.33,True,True,True
174,3,176,10000000000.0,333333.33,True,True,True
105,3,187,4725000000.0,157500.0,True,True,True
57,2,182,1265000000.0,42166.67,False,False,True
200,3,138,7000000000.0,233333.33,True,True,True
75,2,21,600000000.0,20000.0,False,False,False
87,2,117,900000000.0,30000.0,False,False,False
63,2,125,1260000000.0,42000.0,False,True,False
64,2,26,2240000000.0,74666.67,True,True,True
65,2,111,1200000000.0,40000.0,False,False,False
44,1,157,570000000.0,19000.0,False,True,False
85,2,113,355000000.0,11833.33,False,False,False
43,1,5,800000000.0,26666.67,False,True,False
118,3,142,4900000000.0,163333.33,True,True,True
92,2,156,2700000000.0,90000.0,True,True,True
124,3,142,3400000000.0,113333.33,True,True,True
56,1,74,950000000.0,31666.67,False,True,False
40,1,120,870000000.0,29000.0,False,True,False
92,2,183,2970000000.0,99000.0,True,True,True
86,2,26,3330000000.0,111000.0,True,True,True
51,2,156,1850000000.0,61666.67,True,True,False
70,1,21,560000000.0,18666.67,False,False,False
85,2,152,1062000000.0,35400.0,True,True,True
51,1,111,900000000.0,30000.0,False,True,False
131,2,128,3400000000.0,113333.33,True,True,True
48,1,84,820000000.0,27333.33,False,True,False
84,2,13,773000000.0,25766.67,True,True,False
95,2,65,2350000000.0,78333.33,True,True,True
74,2,48,2960000000.0,98666.67,True,True,True
68,2,40,2500000000.0,83333.33,True,True,True
240,4,119,4800000000.0,160000.0,True,True,True
" 3,600 ",2,157,9720000000.0,324000.0,False,False,False
44,1,125,770000000.0,25666.67,False,True,False
82,2,156,2850000000.0,95000.0,True,True,True
42,1,120,960000000.0,32000.0,False,True,False
63,1,14,4000000000.0,133333.33,True,True,True
110,2,140,750000000.0,25000.0,False,True,True
235,3,105,31000000000.0,1033333.33,True,True,True
500,2,2,3100000000.0,103333.33,True,True,False
57,1,52,1930000000.0,64333.33,True,True,False
170,3,113,1280000000.0,42666.67,True,True,True
115,2,62,2050000000.0,68333.33,True,True,False
68,2,164,2700000000.0,90000.0,True,True,True
62,1,21,620000000.0,20666.67,False,True,True
56,1,146,2200000000.0,73333.33,True,True,True
75,2,156,3110000000.0,103666.67,True,True,True
95,2,118,5850000000.0,195000.0,True,True,True
144,3,188,10368000000.0,345600.0,True,True,True
50,1,124,380000000.0,12666.67,False,False,True
78,2,142,2100000000.0,70000.0,True,True,False
95,2,128,2050000000.0,68333.33,True,False,True
90,2,128,1800000000.0,60000.0,True,True,True
350,4,105,72000000000.0,2400000.0,True,True,True
71,2,183,2330000000.0,77666.67,True,True,True
80,1,121,380000000.0,12666.67,False,False,False
44,1,111,1000000000.0,33333.33,True,False,True
46,1,74,1150000000.0,38333.33,True,True,True
78,2,142,2010000000.0,67000.0,True,True,False
67,2,79,1070000000.0,35666.67,False,True,False
49,1,13,110000000.0,3666.67,True,True,False
105,2,13,1200000000.0,40000.0,True,True,True
72,2,24,1290000000.0,43000.0,False,True,True
65,2,141,1220000000.0,40666.67,False,True,True
80,2,184,2160000000.0,72000.0,True,True,True
66,2,74,1187000000.0,39566.67,False,True,False
58,2,74,1210000000.0,40333.33,False,True,False
67,2,141,1215000000.0,40500.0,False,True,False
89,2,13,1068000000.0,35600.0,True,True,False
75,2,24,1450000000.0,48333.33,True,True,True
85,2,160,1440000000.0,48000.0,False,True,True
94,2,26,4300000000.0,143333.33,True,True,True
67,2,74,1440000000.0,48000.0,True,True,False
60,1,152,920000000.0,30666.67,False,True,True
67,1,24,1415000000.0,47166.67,True,False,True
65,2,24,1310000000.0,43666.67,False,False,True
72,2,24,1300000000.0,43333.33,False,True,True
62,2,141,1350000000.0,45000.0,True,True,True
37,1,111,999000000.0,33300.0,False,True,True
105,3,146,3550000000.0,118333.33,True,True,True
78,2,115,417000000.0,13900.0,False,False,True
53,1,21,450000000.0,15000.0,False,True,False
80,2,146,2450000000.0,81666.67,False,True,True
88,2,119,2850000000.0,95000.0,True,True,True
39,1,13,370000000.0,12333.33,False,True,False
128,2,75,6144000000.0,204800.0,True,True,True
87,2,154,2450000000.0,81666.67,True,True,True
48,1,24,830000000.0,27666.67,False,True,False
75,2,122,2300000000.0,76666.67,True,True,True
110,3,75,6160000000.0,205333.33,True,True,True
172,3,68,9300000000.0,310000.0,True,True,True
147,3,187,11600000000.0,386666.67,True,True,True
70,1,46,1540000000.0,51333.33,True,True,False
235,3,105,28500000000.0,950000.0,True,True,True
115,2,68,6000000000.0,200000.0,True,True,True
114,2,113,1090000000.0,36333.33,True,True,True
40,1,120,1380000000.0,46000.0,True,True,False
125,3,187,8450000000.0,281666.67,True,True,True
90,2,62,1315000000.0,43833.33,True,True,True
78,2,61,1794000000.0,59800.0,False,True,True
62,2,192,1440000000.0,48000.0,True,False,True
47,1,111,1050000000.0,35000.0,False,True,False
114,3,187,4900000000.0,163333.33,True,True,True
65,1,163,2500000000.0,83333.33,True,True,True
50,1,21,410000000.0,13666.67,False,True,False
125,2,72,1750000000.0,58333.33,True,True,True
41,1,141,815000000.0,27166.67,False,False,False
136,3,187,8200000000.0,273333.33,True,True,True
40,1,74,800000000.0,26666.67,False,True,False
60,2,160,650000000.0,21666.67,False,True,False
75,2,120,1750000000.0,58333.33,True,True,True
120,3,187,8000000000.0,266666.67,True,True,True
165,3,113,1000000000.0,33333.33,True,True,True
110,2,113,640000000.0,21333.33,False,True,False
116,2,156,4640000000.0,154666.67,True,True,True
115,2,156,4500000000.0,150000.0,True,True,True
77,2,113,460000000.0,15333.33,False,True,True
120,3,187,7000000000.0,233333.33,True,True,True
100,2,113,660000000.0,22000.0,False,True,True
130,3,187,6000000000.0,200000.0,True,True,True
60,1,71,1200000000.0,40000.0,True,True,True
75,2,115,385000000.0,12833.33,False,True,True
128,3,105,8500000000.0,283333.33,True,True,False
150,2,189,15000000000.0,500000.0,True,True,True
135,3,187,10000000000.0,333333.33,True,True,True
60,1,188,1200000000.0,40000.0,True,True,True
41,1,44,815000000.0,27166.67,False,False,False
113,2,105,9000000000.0,300000.0,True,True,True
52,1,13,665000000.0,22166.67,False,True,True
100,2,14,7000000000.0,233333.33,True,True,True
66,2,122,2650000000.0,88333.33,True,True,False
200,3,105,29000000000.0,966666.67,True,True,True
90,1,77,10000000000.0,333333.33,True,True,True
200,3,105,14000000000.0,466666.67,True,True,True
51,1,129,1250000000.0,41666.67,True,False,True
70,2,122,2680000000.0,89333.33,True,True,False
73,2,183,2200000000.0,73333.33,True,True,False
245,2,71,7800000000.0,260000.0,False,False,False
87,2,32,5850000000.0,195000.0,True,True,True
120,2,179,9000000000.0,300000.0,True,True,True
171,3,44,12825000000.0,427500.0,True,True,True
66,2,122,2460000000.0,82000.0,True,True,False
77,2,14,5200000000.0,173333.33,True,True,True
40,1,100,1250000000.0,41666.67,True,True,False
105,2,146,2800000000.0,93333.33,True,True,True
50,1,112,3000000000.0,100000.0,True,True,True
94,2,11,3400000000.0,113333.33,True,True,False
65,2,183,2150000000.0,71666.67,True,True,False
57,1,176,750000000.0,25000.0,True,True,False
79,2,115,410000000.0,13666.67,True,True,True
60,2,74,650000000.0,21666.67,False,True,False
86,2,54,750000000.0,25000.0,True,True,False
80,2,183,2700000000.0,90000.0,True,True,True
68,2,183,2300000000.0,76666.67,True,True,False
43,1,100,1330000000.0,44333.33,True,True,False
55,1,183,1900000000.0,63333.33,True,True,True
77,2,108,2680000000.0,89333.33,True,True,True
58,1,115,315000000.0,10500.0,False,False,False
62,1,111,1440000000.0,48000.0,True,False,True
65,2,183,2200000000.0,73333.33,True,True,False
60,1,141,1530000000.0,51000.0,True,True,True
35,1,141,660000000.0,22000.0,False,True,False
54,1,19,1100000000.0,36666.67,False,True,False
70,2,164,2250000000.0,75000.0,True,True,True
122,3,59,6700000000.0,223333.33,True,True,True
54,1,141,901000000.0,30033.33,False,True,False
80,2,157,850000000.0,28333.33,True,True,True
71,2,141,1750000000.0,58333.33,True,True,True
220,4,157,7500000000.0,250000.0,True,True,False
61,1,125,838000000.0,27933.33,False,True,False
49,1,65,1078000000.0,35933.33,False,True,False
55,2,141,1349550000.0,44985.0,True,True,True
41,1,65,840000000.0,28000.0,False,True,False
64,2,141,1100000000.0,36666.67,True,True,False
240,4,13,4300000000.0,143333.33,True,True,False
32,1,65,610000000.0,20333.33,False,True,False
52,1,65,960000000.0,32000.0,False,True,False
50,1,141,640000000.0,21333.33,False,True,False
32,1,48,940000000.0,31333.33,False,True,True
40,1,19,1150000000.0,38333.33,True,True,True
73,1,84,1460000000.0,48666.67,False,True,True
50,1,13,755000000.0,25166.67,True,True,False
45,1,74,745000000.0,24833.33,False,True,False
65,2,125,1280000000.0,42666.67,True,True,False
51,1,141,1150000000.0,38333.33,True,True,True
300,3,62,24000000000.0,800000.0,True,True,False
100,2,117,2700000000.0,90000.0,True,True,False
55,2,19,1000000000.0,33333.33,True,True,True
200,2,76,2650000000.0,88333.33,False,False,False
38,1,79,1140000000.0,38000.0,True,True,True
140,3,50,9300000000.0,310000.0,True,True,True
42,1,192,640000000.0,21333.33,False,True,False
58,1,26,2000000000.0,66666.67,True,True,False
67,2,74,1200000000.0,40000.0,False,True,True
57,1,141,870000000.0,29000.0,True,True,False
53,2,74,1100000000.0,36666.67,True,True,False
95,2,105,8900000000.0,296666.67,True,True,True
128,3,120,4350000000.0,145000.0,True,True,True
62,2,115,350000000.0,11666.67,False,False,True
60,1,141,1130000000.0,37666.67,False,True,False
52,1,141,1100000000.0,36666.67,True,True,False
52,1,74,1150100000.0,38336.67,False,True,False
45,1,79,965000000.0,32166.67,False,True,True
60,1,43,3000000000.0,100000.0,True,True,True
83,2,176,1700000000.0,56666.67,False,True,True
211,3,93,15800000000.0,526666.67,True,True,True
65,2,79,1430000000.0,47666.67,True,True,False
115,2,111,1300000000.0,43333.33,False,True,False
70,2,26,2100000000.0,70000.0,True,True,False
51,1,141,870000000.0,29000.0,False,True,False
100,2,105,7500000000.0,250000.0,True,True,True
115,2,189,10200000000.0,340000.0,True,True,True
160,3,105,17500000000.0,583333.33,True,True,True
107,2,67,6500000000.0,216666.67,True,True,True
82,2,115,500000000.0,16666.67,True,False,True
135,2,189,18000000000.0,600000.0,True,True,True
198,3,43,18000000000.0,600000.0,True,True,True
85,2,13,1100000000.0,36666.67,True,True,True
92,2,158,3250000000.0,108333.33,True,True,True
115,2,189,18000000000.0,600000.0,True,True,True
65,1,40,2170000000.0,72333.33,True,True,True
175,3,50,22000000000.0,733333.33,True,True,True
95,2,57,9800000000.0,326666.67,True,True,True
225,3,50,38500000000.0,1283333.33,True,True,True
270,4,105,35000000000.0,1166666.67,True,True,True
200,3,105,34000000000.0,1133333.33,True,True,True
60,1,107,1200000000.0,40000.0,True,True,True
88,2,158,3350000000.0,111666.67,False,True,True
250,3,105,34000000000.0,1133333.33,True,True,True
55,1,120,1600000000.0,53333.33,False,True,False
91,2,111,2435000000.0,81166.67,True,True,True
80,2,122,2800000000.0,93333.33,True,True,False
74,2,115,440000000.0,14666.67,False,False,False
90,2,120,1700000000.0,56666.67,True,True,False
43,1,160,750000000.0,25000.0,False,True,True
78,2,115,430000000.0,14333.33,False,True,True
72,2,115,385000000.0,12833.33,True,False,True
100,2,76,1200000000.0,40000.0,False,False,False
110,2,11,4000000000.0,133333.33,True,False,False
62,1,71,580000000.0,19333.33,False,True,False
120,1,4,3150000000.0,105000.0,False,False,False
120,2,43,9000000000.0,300000.0,True,True,True
64,2,111,1790000000.0,59666.67,True,True,True
147,3,135,9114000000.0,303800.0,True,True,True
140,3,77,8100000000.0,270000.0,True,True,True
170,3,68,7990000000.0,266333.33,True,True,True
109,2,68,7100000000.0,236666.67,True,True,True
310,3,14,74400000000.0,2480000.0,True,True,True
283,3,50,33840000000.0,1128000.0,True,True,True
66,1,145,297000000.0,9900.0,False,False,False
75,2,62,600000000.0,20000.0,False,True,False
63,2,111,1670000000.0,55666.67,True,True,True
77,2,60,6200000000.0,206666.67,True,True,True
59,2,146,1600000000.0,53333.33,True,True,True
220,5,13,6500000000.0,216666.67,True,False,False
66,2,164,2000000000.0,66666.67,True,True,False
80,2,146,2450000000.0,81666.67,True,True,False
55,1,110,1540000000.0,51333.33,False,False,True
63,2,13,410000000.0,13666.67,False,True,False
92,2,122,4000000000.0,133333.33,True,True,True
88,2,150,5250000000.0,175000.0,True,True,True
75,2,74,1980000000.0,66000.0,True,True,True
114,2,113,1100000000.0,36666.67,True,True,True
80,2,122,3000000000.0,100000.0,True,True,True
50,1,152,380000000.0,12666.67,False,False,False
66,2,122,2950000000.0,98333.33,True,True,True
102,2,142,650000000.0,21666.67,True,True,True
72,2,122,3200000000.0,106666.67,True,True,True
62,1,125,1860000000.0,62000.0,False,False,False
110,2,113,840000000.0,28000.0,False,True,True
70,2,188,5250000000.0,175000.0,True,True,True
115,2,135,6000000000.0,200000.0,True,True,True
71,2,74,1780000000.0,59333.33,True,True,False
125,2,152,1375000000.0,45833.33,True,True,True
42,1,156,1750000000.0,58333.33,True,False,True
66,2,100,2200000000.0,73333.33,True,True,False
65,1,192,650000000.0,21666.67,False,False,False
130,4,94,6200000000.0,206666.67,False,False,False
65,1,164,2450000000.0,81666.67,True,True,True
39,1,141,760000000.0,25333.33,False,False,False
60,2,125,1850000000.0,61666.67,False,True,True
75,2,141,2260000000.0,75333.33,True,True,True
70,1,141,1180000000.0,39333.33,False,True,False
57,2,141,1600000000.0,53333.33,True,True,True
39,1,141,800000000.0,26666.67,False,True,False
70,2,169,1700000000.0,56666.67,False,False,False
110,2,43,6500000000.0,216666.67,True,True,True
47,1,125,870000000.0,29000.0,False,True,False
114,2,109,6500000000.0,216666.67,False,False,False
60,1,165,2210000000.0,73666.67,False,True,True
115,3,71,1650000000.0,55000.0,True,True,True
110,3,68,5850000000.0,195000.0,True,True,True
78,2,74,2050000000.0,68333.33,True,True,True
80,2,43,4400000000.0,146666.67,True,True,True
78,2,115,420000000.0,14000.0,False,False,True
73,2,13,868000000.0,28933.33,True,True,False
63,2,19,1390000000.0,46333.33,True,True,False
98,2,13,1370000000.0,45666.67,True,True,True
105,2,71,1500000000.0,50000.0,True,True,True
50,1,170,1250000000.0,41666.67,True,True,False
51,1,76,610000000.0,20333.33,False,True,True
105,3,76,1155000000.0,38500.0,True,True,True
55,1,76,660000000.0,22000.0,False,True,True
105,2,76,1160000000.0,38666.67,True,True,True
105,3,76,1312000000.0,43733.33,True,True,True
70,2,76,714000000.0,23800.0,True,True,True
82,2,76,820000000.0,27333.33,True,True,True
50,1,97,3250000000.0,108333.33,True,True,True
105,2,117,760000000.0,25333.33,True,True,True
110,2,60,8800000000.0,293333.33,True,True,True
85,2,76,850000000.0,28333.33,True,True,True
78,2,122,3100000000.0,103333.33,True,True,False
106,2,117,505000000.0,16833.33,True,True,True
95,2,57,5700000000.0,190000.0,True,True,True
62,1,170,1530000000.0,51000.0,True,False,True
78,2,31,490000000.0,16333.33,False,False,False
225,4,77,20250000000.0,675000.0,True,True,True
72,2,156,2600000000.0,86666.67,True,True,False
50,1,115,375000000.0,12500.0,True,False,False
50,1,3,850000000.0,28333.33,False,True,False
103,2,109,3900000000.0,130000.0,False,True,False
47,1,38,695000000.0,23166.67,True,True,False
90,2,79,2000000000.0,66666.67,True,True,True
80,2,122,3760000000.0,125333.33,True,True,True
450,4,105,25000000000.0,833333.33,True,True,True
72,2,141,1700000000.0,56666.67,True,True,True
258,4,75,12000000000.0,400000.0,True,True,False
98,2,141,2630000000.0,87666.67,True,True,True
130,3,152,600000000.0,20000.0,False,True,False
700,3,31,4500000000.0,150000.0,True,True,False
104,2,152,900000000.0,30000.0,True,True,True
140,3,43,11000000000.0,366666.67,True,True,True
96,2,156,3500000000.0,116666.67,True,True,True
58,1,152,400000000.0,13333.33,False,True,False
150,3,141,4500000000.0,150000.0,True,True,True
55,2,156,1870000000.0,62333.33,True,True,False
60,1,152,430000000.0,14333.33,False,False,False
98,2,117,790000000.0,26333.33,True,True,True
85,2,152,670000000.0,22333.33,True,True,True
85,2,45,3350000000.0,111666.67,True,False,True
80,2,70,1874500000.0,62483.33,True,True,True
57,1,105,3600000000.0,120000.0,False,False,True
63,1,74,1200000000.0,40000.0,True,True,False
85,2,70,1957300000.0,65243.33,True,True,True
70,2,70,400000000.0,13333.33,True,True,True
100,2,70,2283900000.0,76130.0,True,True,True
90,2,70,2071150000.0,69038.33,True,True,True
75,2,115,365000000.0,12166.67,False,False,False
42,1,104,835000000.0,27833.33,True,False,False
250,4,189,18750000000.0,625000.0,True,True,True
83,2,38,1490000000.0,49666.67,True,True,True
90,2,31,605000000.0,20166.67,True,True,True
72,2,131,1206000000.0,40200.0,True,True,True
52,1,31,375000000.0,12500.0,False,False,False
106,2,31,2360000000.0,78666.67,True,True,True
73,2,115,385000000.0,12833.33,True,True,True
100,2,131,1850000000.0,61666.67,True,True,True
85,2,152,640000000.0,21333.33,True,True,False
49,1,3,1020000000.0,34000.0,False,False,False
115,2,41,5400000000.0,180000.0,True,True,True
127,2,100,4826000000.0,160866.67,True,True,True
93,2,61,3600000000.0,120000.0,False,True,True
47,1,71,295000000.0,9833.33,False,False,False
117,3,167,4440000000.0,148000.0,True,True,True
182,3,93,11600000000.0,386666.67,True,True,True
160,3,19,3000000000.0,100000.0,True,True,True
163,3,93,11100000000.0,370000.0,True,True,True
83,2,31,1550000000.0,51666.67,True,True,False
142,3,68,6465000000.0,215500.0,True,True,True
92,2,117,565000000.0,18833.33,True,True,True
100,2,115,900000000.0,30000.0,True,False,True
60,1,115,660000000.0,22000.0,True,True,False
58,1,115,320000000.0,10666.67,False,False,True
85,2,117,650000000.0,21666.67,True,True,True
87,2,117,680000000.0,22666.67,True,True,True
88,1,115,380000000.0,12666.67,False,False,True
210,4,100,23000000000.0,766666.67,True,True,False
72,2,131,411000000.0,13700.0,True,True,True
101,2,52,4550000000.0,151666.67,True,True,True
68,2,115,310000000.0,10333.33,False,True,True
60,1,71,660000000.0,22000.0,False,True,True
65,2,71,780000000.0,26000.0,False,True,True
117,2,150,10600000000.0,353333.33,True,True,True
96,1,71,1700000000.0,56666.67,False,False,False
98,2,117,910000000.0,30333.33,True,True,True
52,1,13,670000000.0,22333.33,True,True,False
85,2,122,3400000000.0,113333.33,True,True,True
62,2,122,1750000000.0,58333.33,True,True,True
74,2,115,420000000.0,14000.0,False,False,False
74,2,115,305000000.0,10166.67,False,False,True
58,1,115,255000000.0,8500.0,False,False,False
125,3,115,1650000000.0,55000.0,True,True,False
75,2,115,345000000.0,11500.0,False,False,True
58,5,115,295000000.0,9833.33,False,False,True
74,2,115,900000000.0,30000.0,True,True,True
45,1,120,1250000000.0,41666.67,False,True,True
58,1,115,275000000.0,9166.67,True,True,True
75,2,115,245000000.0,8166.67,False,False,False
75,2,115,305000000.0,10166.67,True,False,True
88,2,163,3500000000.0,116666.67,True,True,True
130,2,74,5200000000.0,173333.33,True,True,False
120,2,91,1620000000.0,54000.0,True,True,True
85,2,26,3300000000.0,110000.0,True,True,True
150,3,122,6800000000.0,226666.67,True,True,True
165,3,57,9850000000.0,328333.33,True,True,True
240,4,13,5700000000.0,190000.0,True,True,False
76,2,183,1990000000.0,66333.33,True,True,False
120,2,150,9800000000.0,326666.67,True,True,True
165,3,69,4125000000.0,137500.0,False,True,False
73,2,26,2750000000.0,91666.67,True,False,False
70,2,40,2750000000.0,91666.67,True,True,True
120,3,146,4530000000.0,151000.0,True,True,True
79,2,119,2500000000.0,83333.33,True,True,True
90,2,152,980000000.0,32666.67,True,True,True
128,2,115,950000000.0,31666.67,False,True,False
75,2,163,2300000000.0,76666.67,True,True,True
94,2,168,2650000000.0,88333.33,True,True,True
106,2,113,900000000.0,30000.0,True,True,True
72,2,122,2300000000.0,76666.67,True,True,True
208,2,119,11500000000.0,383333.33,True,True,False
126,3,188,7676000000.0,255866.67,True,True,True
105,2,134,1100000000.0,36666.67,True,True,False
92,2,80,3000000000.0,100000.0,False,True,True
80,2,160,1410000000.0,47000.0,True,True,True
130,1,31,8500000000.0,283333.33,True,True,False
300,4,166,9000000000.0,300000.0,True,True,True
73,2,119,2200000000.0,73333.33,True,True,True
100,2,145,700000000.0,23333.33,False,True,True
80,2,71,1100000000.0,36666.67,True,True,False
105,2,52,4550000000.0,151666.67,True,True,True
59,1,100,2100000000.0,70000.0,True,True,True
41,1,160,780000000.0,26000.0,True,True,False
85,2,188,5000000000.0,166666.67,True,True,True
66,1,156,1850000000.0,61666.67,False,True,False
78,2,115,405000000.0,13500.0,False,False,True
113,2,71,1520000000.0,50666.67,True,True,False
88,2,26,4000000000.0,133333.33,True,True,True
96,2,63,2850000000.0,95000.0,False,False,False
180,5,150,28800000000.0,960000.0,True,True,False
59,2,79,1070000000.0,35666.67,False,True,False
58,2,125,1270000000.0,42333.33,False,True,True
46,1,74,1013000000.0,33766.67,False,True,False
67,1,158,2600000000.0,86666.67,True,True,True
57,2,141,1090000000.0,36333.33,False,False,False
95,2,26,4000000000.0,133333.33,True,True,True
73,1,113,480000000.0,16000.0,True,True,True
87,2,117,658000000.0,21933.33,True,True,True
122,4,81,2420000000.0,80666.67,True,False,True
50,1,79,1000000000.0,33333.33,False,False,False
62,1,79,1020000000.0,34000.0,False,False,False
86,2,118,5400000000.0,180000.0,True,True,True
53,1,74,900000000.0,30000.0,False,False,False
100,2,119,435000000.0,14500.0,True,True,True
55,1,133,305000000.0,10166.67,True,True,False
58,1,115,305000000.0,10166.67,False,False,True
78,2,71,1000000000.0,33333.33,True,True,False
145,3,44,10150000000.0,338333.33,True,True,True
110,2,187,6000000000.0,200000.0,True,True,True
64,1,133,350000000.0,11666.67,True,True,True
86,2,41,1204000000.0,40133.33,False,True,False
75,2,31,520000000.0,17333.33,False,False,False
110,2,52,4550000000.0,151666.67,True,True,True
71,2,183,2000000000.0,66666.67,False,False,False
90,2,163,3750000000.0,125000.0,True,True,True
63,1,120,2153000000.0,71766.67,True,False,True
50,0,107,345000000.0,11500.0,True,True,True
85,2,117,730000000.0,24333.33,True,False,True
83,2,118,4700000000.0,156666.67,True,True,True
175,3,44,17500000000.0,583333.33,True,True,True
57,1,118,3700000000.0,123333.33,True,True,True
66,2,52,1750000000.0,58333.33,False,False,False
74,2,156,2390000000.0,79666.67,True,True,True
45,1,130,990000000.0,33000.0,True,False,True
78,2,43,4700000000.0,156666.67,True,True,True
75,2,115,280000000.0,9333.33,False,True,True
103,2,71,1442000000.0,48066.67,True,True,True
61,1,52,1800000000.0,60000.0,False,False,False
124,3,146,3900000000.0,130000.0,True,True,True
62,1,31,710000000.0,23666.67,False,False,False
110,2,60,7000000000.0,233333.33,True,True,True
180,3,118,13000000000.0,433333.33,True,True,True
40,1,13,260000000.0,8666.67,True,True,False
95,2,132,1450000000.0,48333.33,True,True,True
104,2,169,2200000000.0,73333.33,True,True,False
37,1,13,345000000.0,11500.0,True,True,False
60,1,157,600000000.0,20000.0,True,True,False
69,2,156,2600000000.0,86666.67,True,True,True
700,3,31,7000000000.0,233333.33,True,True,False
95,2,105,9000000000.0,300000.0,True,False,True
51,1,13,670000000.0,22333.33,True,True,False
106,2,190,5600000000.0,186666.67,True,True,True
100,2,100,3200000000.0,106666.67,True,True,True
80,2,85,2400000000.0,80000.0,True,True,True
78,2,58,640000000.0,21333.33,True,True,True
90,2,31,1350000000.0,45000.0,True,True,True
95,2,135,9500000000.0,316666.67,False,True,True
86,3,115,330000000.0,11000.0,False,True,True
65,1,62,360000000.0,12000.0,True,True,True
102,1,71,1650000000.0,55000.0,False,True,False
75,2,163,2700000000.0,90000.0,True,True,True
150,5,146,10700000000.0,356666.67,True,True,False
60,1,115,390000000.0,13000.0,True,True,True
72,1,44,8250000000.0,275000.0,True,True,True
93,2,120,5500000000.0,183333.33,False,False,False
106,2,60,6400000000.0,213333.33,True,True,True
48,1,145,210000000.0,7000.0,False,True,False
75,2,163,2100000000.0,70000.0,True,True,False
163,2,50,9780000000.0,326000.0,True,True,True
119,2,156,4000000000.0,133333.33,True,True,True
65,2,0,2500000000.0,83333.33,True,True,True
57,1,113,450000000.0,15000.0,False,False,True
74,2,171,780000000.0,26000.0,False,True,True
119,3,156,5500000000.0,183333.33,True,True,True
68,1,71,815000000.0,27166.67,False,False,False
180,4,107,2720000000.0,90666.67,True,True,True
70,1,64,2310000000.0,77000.0,True,True,True
60,1,125,1985000000.0,66166.67,True,True,True
88,2,6,2500000000.0,83333.33,False,True,False
82,2,156,2800000000.0,93333.33,True,True,True
63,1,128,1134000000.0,37800.0,True,True,True
120,3,107,1750000000.0,58333.33,True,True,True
56,1,132,1900000000.0,63333.33,False,False,False
75,2,135,3850000000.0,128333.33,True,False,True
60,1,62,420000000.0,14000.0,False,True,False
50,2,119,330000000.0,11000.0,True,True,True
253,5,106,30360000000.0,1012000.0,True,True,False
111,2,40,3990000000.0,133000.0,True,True,True
105,3,106,5985000000.0,199500.0,True,True,True
92,1,105,6300000000.0,210000.0,True,True,True
350,4,57,35000000000.0,1166666.67,True,True,True
100,2,98,4100000000.0,136666.67,True,True,True
150,3,107,2240000000.0,74666.67,True,True,True
94,2,110,2400000000.0,80000.0,False,True,False
140,3,110,6700000000.0,223333.33,True,True,True
65,4,187,8500000000.0,283333.33,True,True,False
84,2,110,2600000000.0,86666.67,True,True,True
114,2,96,6840000000.0,228000.0,True,True,True
114,2,110,5500000000.0,183333.33,True,True,True
40,1,110,1500000000.0,50000.0,True,False,True
82,2,115,353000000.0,11766.67,False,False,True
87,2,85,2350000000.0,78333.33,True,True,True
86,2,115,470000000.0,15666.67,False,False,True
500,5,55,70000000000.0,2333333.33,True,True,False
61,1,146,1490000000.0,49666.67,False,True,False
96,2,146,5280000000.0,176000.0,True,True,True
90,2,156,3400000000.0,113333.33,True,True,True
135,3,110,6000000000.0,200000.0,True,True,True
58,1,115,295000000.0,9833.33,False,False,True
114,2,60,7550000000.0,251666.67,True,True,True
75,2,115,380000000.0,12666.67,False,False,False
90,2,110,3450000000.0,115000.0,True,True,True
90,2,146,2900000000.0,96666.67,True,True,True
100,2,100,3800000000.0,126666.67,True,True,True
82,2,160,1600000000.0,53333.33,True,True,True
58,2,13,754000000.0,25133.33,True,True,False
70,2,78,3200000000.0,106666.67,True,True,True
110,0,115,102000000.0,3400.0,True,True,True
303,5,16,33330000000.0,1111000.0,True,True,False
83,2,115,500000000.0,16666.67,False,False,True
75,2,115,250000000.0,8333.33,True,True,True
54,1,115,260000000.0,8666.67,False,False,False
85,2,192,675000000.0,22500.0,True,True,True
75,2,115,390000000.0,13000.0,True,True,True
78,2,115,400000000.0,13333.33,True,False,True
78,2,115,395000000.0,13166.67,False,False,True
95,2,93,4085000000.0,136166.67,True,True,True
100,2,111,3150000000.0,105000.0,True,True,True
75,2,115,397000000.0,13233.33,False,True,True
114,2,143,6840000000.0,228000.0,True,True,True
50,1,92,250000000.0,8333.33,False,False,False
75,2,52,2700000000.0,90000.0,True,False,True
105,2,4,2400000000.0,80000.0,True,True,True
141,3,153,2115000000.0,70500.0,True,True,True
74,2,120,1600000000.0,53333.33,False,True,False
38,1,49,650000000.0,21666.67,True,True,False
80,1,57,850000000.0,28333.33,True,True,True
102,2,139,938400000.0,31280.0,True,True,True
110,2,105,10640000000.0,354666.67,True,True,True
98,2,152,830000000.0,27666.67,False,False,False
45,1,160,890000000.0,29666.67,False,True,True
105,2,74,2500000000.0,83333.33,True,True,True
135,2,134,3500000000.0,116666.67,True,True,False
65,1,135,3490000000.0,116333.33,False,False,True
88,2,153,750000000.0,25000.0,False,True,True
110,2,183,5050000000.0,168333.33,True,True,True
63,2,110,2600000000.0,86666.67,True,True,True
45,1,79,890000000.0,29666.67,False,True,False
40,1,19,1000000000.0,33333.33,False,True,False
100,2,110,3600000000.0,120000.0,False,False,False
89,2,11,3500000000.0,116666.67,True,True,False
65,2,4,1330000000.0,44333.33,True,True,False
125,2,26,6250000000.0,208333.33,True,True,True
136,3,118,7300000000.0,243333.33,True,True,True
150,3,68,7600000000.0,253333.33,True,True,True
55,1,183,1580000000.0,52666.67,False,True,False
130,3,143,8450000000.0,281666.67,True,True,True
73,2,183,1840000000.0,61333.33,False,True,False
85,2,110,3600000000.0,120000.0,True,True,True
100,2,166,5700000000.0,190000.0,True,True,True
83,2,112,55000000.0,1833.33,True,True,True
110,3,119,3150000000.0,105000.0,True,True,True
71,2,106,2160000000.0,72000.0,True,True,True
37,1,65,570000000.0,19000.0,False,True,False
68,1,119,2100000000.0,70000.0,True,True,True
78,1,119,2450000000.0,81666.67,True,True,True
60,1,122,2000000000.0,66666.67,True,True,False
113,2,78,3170000000.0,105666.67,True,True,True
300,5,87,25000000000.0,833333.33,True,True,False
50,2,74,730000000.0,24333.33,False,True,False
60,1,24,830000000.0,27666.67,False,True,False
37,1,111,620000000.0,20666.67,False,False,False
33,1,24,560000000.0,18666.67,False,True,False
73,2,74,1580000000.0,52666.67,False,True,True
59,1,24,880000000.0,29333.33,False,True,False
95,2,124,1450000000.0,48333.33,True,True,True
75,2,115,300000000.0,10000.0,False,False,False
65,2,111,1550000000.0,51666.67,False,True,True
52,1,120,1250000000.0,41666.67,False,True,False
105,2,13,1100000000.0,36666.67,True,True,False
50,1,111,850000000.0,28333.33,False,True,False
74,2,120,2200000000.0,73333.33,True,True,True
132,3,165,6700000000.0,223333.33,True,False,True
104,2,96,4200000000.0,140000.0,True,True,True
50,1,74,715000000.0,23833.33,False,False,False
55,1,84,1100000000.0,36666.67,True,True,True
46,1,84,700000000.0,23333.33,False,False,False
55,2,24,1020000000.0,34000.0,False,True,True
108,2,115,1150000000.0,38333.33,True,True,False
130,2,82,1755000000.0,58500.0,True,True,True
" 2,550,000,000 ",2,26,2550000000.0,85000.0,True,True,True
40,1,172,1050000000.0,35000.0,False,True,False
63,1,172,1350000000.0,45000.0,False,False,True
140,3,97,8000000000.0,266666.67,True,True,True
42,1,74,900000000.0,30000.0,True,True,True
90,2,172,3150000000.0,105000.0,True,True,True
39,1,13,550000000.0,18333.33,True,True,False
55,2,13,450000000.0,15000.0,True,True,True
200,3,150,14000000000.0,466666.67,True,True,True
98,2,160,1950000000.0,65000.0,True,True,True
71,2,141,1185000000.0,39500.0,True,True,False
50,1,172,1250000000.0,41666.67,False,False,True
53,1,172,1113000000.0,37100.0,False,True,False
60,1,122,2750000000.0,91666.67,True,True,True
160,3,113,980000000.0,32666.67,True,True,True
63,2,172,1890000000.0,63000.0,True,False,True
96,2,172,2400000000.0,80000.0,True,True,True
90,2,172,2300000000.0,76666.67,True,True,True
120,3,172,3240000000.0,108000.0,True,True,True
100,2,172,2600000000.0,86666.67,True,True,True
80,2,111,2440000000.0,81333.33,True,True,True
43,1,172,1200000000.0,40000.0,True,True,True
79,2,172,2930000000.0,97666.67,True,True,True
50,1,172,1200000000.0,40000.0,False,False,True
60,1,172,1120000000.0,37333.33,False,True,False
55,1,172,1420000000.0,47333.33,False,False,False
150,3,37,12000000000.0,400000.0,True,True,True
55,1,13,450000000.0,15000.0,True,True,True
55,1,172,1155000000.0,38500.0,False,True,False
60,1,172,1400000000.0,46666.67,True,True,False
96,2,61,5500000000.0,183333.33,True,True,True
112,2,119,3300000000.0,110000.0,True,True,True
65,2,13,600000000.0,20000.0,True,True,False
100,2,119,1060000000.0,35333.33,True,True,True
105,2,187,5600000000.0,186666.67,True,True,True
125,3,97,6500000000.0,216666.67,True,False,False
48,1,74,995000000.0,33166.67,True,True,False
67,2,64,2170000000.0,72333.33,True,True,True
83,2,50,6200000000.0,206666.67,True,True,True
150,3,117,3900000000.0,130000.0,True,True,True
111,3,119,3150000000.0,105000.0,True,True,True
53,2,172,1100000000.0,36666.67,False,False,False
75,2,115,350000000.0,11666.67,False,False,True
92,2,137,2300000000.0,76666.67,True,True,True
53,1,74,1500000000.0,50000.0,True,True,True
47,1,79,800000000.0,26666.67,False,True,False
330,3,50,46200000000.0,1540000.0,True,True,True
44,1,74,1040000000.0,34666.67,True,True,False
80,2,57,6000000000.0,200000.0,True,True,True
81,2,176,1800000000.0,60000.0,True,True,False
117,3,111,3680000000.0,122666.67,True,True,True
37,1,19,950000000.0,31666.67,False,True,False
82,2,115,360000000.0,12000.0,True,True,True
150,3,188,6000000000.0,200000.0,False,True,False
51,1,70,858500000.0,28616.67,True,True,False
95,2,156,3250000000.0,108333.33,True,True,True
80,2,115,390000000.0,13000.0,False,False,True
133,3,43,8400000000.0,280000.0,True,True,True
48,1,49,710000000.0,23666.67,False,False,True
185,3,40,9500000000.0,316666.67,True,True,True
62,1,49,806000000.0,26866.67,True,True,True
75,2,49,1200000000.0,40000.0,True,False,True
48,1,49,740000000.0,24666.67,False,False,True
55,3,65,1650000000.0,55000.0,True,True,True
48,1,111,1350000000.0,45000.0,True,True,True
49,1,160,900000000.0,30000.0,True,True,True
60,2,41,1380000000.0,46000.0,False,True,True
130,3,119,4150000000.0,138333.33,True,True,True
70,2,128,1820000000.0,60666.67,True,False,True
113,2,119,3170000000.0,105666.67,True,True,True
80,2,0,3000000000.0,100000.0,True,True,True
93,2,153,650000000.0,21666.67,True,True,False
60,1,127,870000000.0,29000.0,True,True,True
56,2,41,1550000000.0,51666.67,True,True,True
65,2,26,2620000000.0,87333.33,True,True,True
68,2,111,1320000000.0,44000.0,False,True,True
104,2,160,1830000000.0,61000.0,True,True,True
84,2,26,3850000000.0,128333.33,True,True,True
72,2,183,2000000000.0,66666.67,True,True,False
80,2,152,880000000.0,29333.33,True,True,True
44,1,74,1050000000.0,35000.0,True,True,False
105,2,119,2700000000.0,90000.0,True,True,True
124,3,146,3980000000.0,132666.67,True,True,True
220,3,105,20900000000.0,696666.67,True,True,True
83,2,183,2640000000.0,88000.0,True,True,True
115,2,183,4900000000.0,163333.33,True,True,True
80,2,111,2250000000.0,75000.0,True,True,True
66,1,13,750000000.0,25000.0,False,True,False
68,2,183,2930000000.0,97666.67,True,True,True
60,2,183,2550000000.0,85000.0,True,True,True
62,2,122,2250000000.0,75000.0,True,True,False
87,2,116,2500000000.0,83333.33,True,False,True
59,1,183,1950000000.0,65000.0,True,True,False
55,1,41,1450000000.0,48333.33,True,True,True
101,2,119,5252000000.0,175066.67,True,True,True
62,2,156,2100000000.0,70000.0,True,True,False
113,2,118,8475000000.0,282500.0,True,True,True
78,2,81,3500000000.0,116666.67,True,True,True
66,1,153,520000000.0,17333.33,True,True,False
38,1,13,320000000.0,10666.67,False,True,False
90,2,187,6300000000.0,210000.0,True,True,False
45,1,79,680000000.0,22666.67,False,False,False
72,2,135,4000000000.0,133333.33,True,True,True
105,2,106,4900000000.0,163333.33,True,True,True
155,3,106,5100000000.0,170000.0,True,True,True
112,3,0,4300000000.0,143333.33,True,True,True
65,1,66,510000000.0,17000.0,True,True,True
40,1,41,1145000000.0,38166.67,True,True,True
140,3,119,3800000000.0,126666.67,True,True,True
155,3,106,5300000000.0,176666.67,True,True,True
50,1,183,2200000000.0,73333.33,True,True,True
45,1,71,218000000.0,7266.67,False,True,False
68,1,150,5000000000.0,166666.67,True,True,True
85,2,71,430000000.0,14333.33,False,True,False
170,3,106,8000000000.0,266666.67,True,True,True
50,1,71,240000000.0,8000.0,False,True,False
55,1,71,330000000.0,11000.0,False,True,False
75,2,135,315000000.0,10500.0,True,True,True
96,3,157,1145000000.0,38166.67,True,False,True
58,1,115,235000000.0,7833.33,False,False,False
43,1,102,700000000.0,23333.33,False,True,False
103,2,52,4000000000.0,133333.33,True,True,True
70,1,118,5100000000.0,170000.0,True,True,True
150,3,118,9750000000.0,325000.0,True,True,True
65,1,113,320000000.0,10666.67,False,True,False
140,2,93,5400000000.0,180000.0,False,True,True
79,2,160,1400000000.0,46666.67,False,True,True
97,2,74,2300000000.0,76666.67,False,False,True
90,2,93,6230000000.0,207666.67,True,True,True
175,3,182,8600000000.0,286666.67,True,True,True
90,2,93,6500000000.0,216666.67,True,True,True
58,1,30,3000000000.0,100000.0,True,True,False
100,2,89,5300000000.0,176666.67,True,True,True
135,2,143,3800000000.0,126666.67,False,False,False
185,3,43,16200000000.0,540000.0,True,True,True
50,1,108,1745000000.0,58166.67,False,True,False
85,2,141,2000000000.0,66666.67,True,True,True
110,3,0,4250000000.0,141666.67,True,True,True
67,2,26,3150000000.0,105000.0,True,True,True
190,3,40,9500000000.0,316666.67,True,True,True
95,2,187,6300000000.0,210000.0,True,True,True
55,1,141,1050000000.0,35000.0,True,True,False
75,2,115,550000000.0,18333.33,False,False,True
87,2,74,1860000000.0,62000.0,True,True,True
42,1,74,930000000.0,31000.0,True,True,True
80,1,75,4500000000.0,150000.0,True,True,True
102,2,135,5000000000.0,166666.67,True,True,True
140,3,40,7300000000.0,243333.33,True,True,True
120,2,135,6000000000.0,200000.0,True,True,True
212,4,50,36000000000.0,1200000.0,True,True,False
62,2,122,2100000000.0,70000.0,True,True,False
41,1,160,790000000.0,26333.33,False,False,True
75,2,74,1700000000.0,56666.67,False,True,True
57,1,160,990000000.0,33000.0,True,True,True
50,1,65,1500000000.0,50000.0,True,True,True
54,1,122,2820000000.0,94000.0,True,True,True
133,3,119,7500000000.0,250000.0,True,True,True
97,2,150,5600000000.0,186666.67,True,True,True
165,3,105,17655000000.0,588500.0,True,True,True
59,1,125,1150000000.0,38333.33,True,True,True
60,2,79,1450000000.0,48333.33,True,True,False
135,2,97,9970000000.0,332333.33,True,True,True
60,1,19,740000000.0,24666.67,False,True,False
52,1,105,4600000000.0,153333.33,True,True,True
65,1,65,1530000000.0,51000.0,True,True,True
95,2,156,3150000000.0,105000.0,True,True,True
60,1,108,2280000000.0,76000.0,True,True,False
92,2,115,590000000.0,19666.67,True,True,True
83,2,97,4900000000.0,163333.33,True,True,True
72,2,163,2090000000.0,69666.67,True,True,False
122,3,187,6000000000.0,200000.0,True,True,True
118,2,150,10300000000.0,343333.33,True,True,True
120,2,170,3480000000.0,116000.0,True,True,True
115,3,57,6400000000.0,213333.33,True,True,False
102,2,157,1225000000.0,40833.33,True,True,True
65,2,156,2400000000.0,80000.0,True,True,True
70,2,122,2170000000.0,72333.33,True,True,False
66,2,26,2620000000.0,87333.33,True,True,True
60,1,122,2700000000.0,90000.0,True,True,False
46,1,156,1650000000.0,55000.0,True,True,False
180,3,105,16000000000.0,533333.33,True,True,True
60,1,81,1900000000.0,63333.33,False,True,False
145,3,152,1740000000.0,58000.0,True,True,True
63,1,138,1620000000.0,54000.0,True,True,True
58,1,74,1300000000.0,43333.33,True,True,True
83,2,156,3200000000.0,106666.67,True,True,True
136,3,138,5150000000.0,171666.67,True,True,True
68,2,113,510000000.0,17000.0,False,True,False
55,1,172,1400000000.0,46666.67,False,True,True
600,2,31,4000000000.0,133333.33,False,False,False
89,2,146,3150000000.0,105000.0,True,True,True
101,2,97,7300000000.0,243333.33,True,True,True
85,2,146,2975000000.0,99166.67,True,True,True
87,3,115,488000000.0,16266.67,False,False,True
73,1,184,2200000000.0,73333.33,True,True,True
98,2,117,550000000.0,18333.33,True,True,True
135,3,57,5700000000.0,190000.0,True,True,True
105,2,97,7770000000.0,259000.0,True,True,True
90,2,149,1000000000.0,33333.33,True,True,False
71,2,183,2800000000.0,93333.33,True,True,False
75,2,115,385000000.0,12833.33,True,True,True
345,4,75,17000000000.0,566666.67,True,True,True
90,2,146,3250000000.0,108333.33,True,True,True
48,1,49,800000000.0,26666.67,True,False,False
110,2,105,12100000000.0,403333.33,True,True,True
82,2,74,1890000000.0,63000.0,True,True,True
44,1,108,1650000000.0,55000.0,False,False,False
58,1,164,2500000000.0,83333.33,True,True,True
117,2,150,7200000000.0,240000.0,True,True,True
96,2,146,3000000000.0,100000.0,True,True,True
89,2,192,3100000000.0,103333.33,True,True,True
108,2,146,5100000000.0,170000.0,True,True,True
134,2,96,940000000.0,31333.33,True,True,True
70,2,40,2160000000.0,72000.0,True,True,True
64,2,122,2240000000.0,74666.67,True,True,True
56,3,17,900000000.0,30000.0,False,True,False
57,1,10,9800000000.0,326666.67,False,True,False
55,1,183,2250000000.0,75000.0,True,True,True
43,1,74,900000000.0,30000.0,False,True,True
105,2,156,3800000000.0,126666.67,True,True,True
41,2,141,790000000.0,26333.33,False,False,False
78,2,160,1350000000.0,45000.0,True,True,True
110,2,188,5700000000.0,190000.0,True,True,True
92,2,122,4100000000.0,136666.67,True,True,True
96,2,57,6175000000.0,205833.33,True,True,True
108,2,119,3500000000.0,116666.67,True,True,True
76,2,160,1350000000.0,45000.0,False,True,True
80,2,68,4300000000.0,143333.33,True,True,True
105,2,183,3150000000.0,105000.0,False,False,False
75,1,62,750000000.0,25000.0,False,True,False
56,2,13,515000000.0,17166.67,True,True,False
50,1,19,1200000000.0,40000.0,False,False,False
40,1,74,830000000.0,27666.67,True,True,False
46,1,74,940000000.0,31333.33,False,True,True
93,2,74,2600000000.0,86666.67,True,True,True
530,4,39,79500000000.0,2650000.0,True,True,True
62,1,100,2100000000.0,70000.0,True,True,False
100,2,146,3800000000.0,126666.67,True,True,False
150,3,119,765000000.0,25500.0,True,True,True
270,4,75,13000000000.0,433333.33,True,True,False
50,1,83,710000000.0,23666.67,False,True,False
130,2,118,9500000000.0,316666.67,True,True,True
69,2,141,1400000000.0,46666.67,False,True,False
66,1,124,600000000.0,20000.0,False,True,False
90,2,107,690000000.0,23000.0,True,True,True
75,2,68,4590000000.0,153000.0,True,True,True
58,1,40,2200000000.0,73333.33,True,True,True
300,3,16,17000000000.0,566666.67,True,True,False
97,2,160,1900000000.0,63333.33,True,False,True
98,2,115,750000000.0,25000.0,False,True,False
73,2,115,375000000.0,12500.0,True,True,False
35,1,125,990000000.0,33000.0,True,True,False
85,2,111,2000000000.0,66666.67,True,True,False
105,2,183,3500000000.0,116666.67,True,True,True
55,1,164,2050000000.0,68333.33,True,True,False
40,1,84,810000000.0,27000.0,False,True,True
68,2,111,1500000000.0,50000.0,False,True,False
44,1,83,649000000.0,21633.33,True,True,True
130,2,179,18200000000.0,606666.67,True,True,True
68,2,111,1320000000.0,44000.0,False,False,True
90,2,106,4750000000.0,158333.33,True,True,True
73,1,150,7500000000.0,250000.0,True,True,False
64,2,156,1900000000.0,63333.33,False,True,False
82,2,25,1600000000.0,53333.33,True,True,True
51,1,141,850000000.0,28333.33,False,True,False
43,1,24,725000000.0,24166.67,False,True,True
65,1,122,2340000000.0,78000.0,True,True,True
68,1,68,4115000000.0,137166.67,False,False,False
65,2,6,1750000000.0,58333.33,True,False,True
59,1,183,2000000000.0,66666.67,True,True,True
155,3,57,13000000000.0,433333.33,True,True,True
58,1,122,2350000000.0,78333.33,True,True,True
72,2,115,380000000.0,12666.67,False,False,False
56,1,83,668000000.0,22266.67,False,True,False
90,2,26,3550000000.0,118333.33,True,True,True
93,2,156,2880000000.0,96000.0,True,True,True
84,2,156,2400000000.0,80000.0,True,True,True
107,2,115,550000000.0,18333.33,True,True,True
150,3,166,12750000000.0,425000.0,True,True,True
120,2,95,2600000000.0,86666.67,False,False,False
87,2,115,550000000.0,18333.33,True,False,True
76,2,156,1990000000.0,66333.33,True,True,False
83,2,156,2980000000.0,99333.33,True,True,True
115,2,26,3900000000.0,130000.0,True,True,True
115,2,75,6200000000.0,206666.67,True,True,True
85,2,3,2715000000.0,90500.0,True,False,True
50,2,84,730000000.0,24333.33,False,True,False
123,2,187,7630000000.0,254333.33,True,True,True
630,0,166,75600000000.0,2520000.0,False,False,False
115,2,152,950000000.0,31666.67,True,False,True
47,1,125,800000000.0,26666.67,False,True,False
40,1,141,750000000.0,25000.0,False,True,False
250,3,179,40000000000.0,1333333.33,True,True,True
85,2,152,850000000.0,28333.33,False,True,True
80,2,74,2220000000.0,74000.0,True,True,True
750,5,178,3500000000.0,116666.67,True,True,False
85,2,74,1885000000.0,62833.33,False,False,True
170,3,97,11800000000.0,393333.33,True,True,True
71,2,152,525000000.0,17500.0,False,True,True
105,2,152,920000000.0,30666.67,True,True,True
80,1,152,580000000.0,19333.33,False,True,True
95,2,152,930000000.0,31000.0,True,True,True
78,2,181,2500000000.0,83333.33,True,True,False
110,2,156,4070000000.0,135666.67,True,True,True
71,2,40,2950000000.0,98333.33,True,True,True
65,1,135,3490000000.0,116333.33,True,True,True
88,2,135,5200000000.0,173333.33,True,True,True
135,3,135,7500000000.0,250000.0,True,True,True
50,1,160,810000000.0,27000.0,True,True,False
42,1,159,920000000.0,30666.67,False,True,False
171,2,44,11500000000.0,383333.33,False,True,False
60,1,146,18000000000.0,600000.0,False,False,False
45,1,74,800000000.0,26666.67,False,True,False
55,1,141,1100000000.0,36666.67,False,True,False
72,2,141,1350000000.0,45000.0,False,True,False
72,2,111,1860000000.0,62000.0,True,True,True
100,2,163,5600000000.0,186666.67,True,True,True
61,1,111,1180000000.0,39333.33,False,False,True
253,4,75,11385000000.0,379500.0,True,True,True
72,2,74,1850000000.0,61666.67,True,True,True
98,2,156,4080000000.0,136000.0,True,True,True
145,3,177,7900000000.0,263333.33,True,True,True
93,2,135,4950000000.0,165000.0,True,True,True
125,3,141,3500000000.0,116666.67,True,True,True
60,2,19,1620000000.0,54000.0,True,True,False
120,2,187,7200000000.0,240000.0,True,True,True
118,2,107,320000000.0,10666.67,True,True,True
89,2,122,3000000000.0,100000.0,True,True,True
62,1,84,1670000000.0,55666.67,True,True,True
80,2,106,2950000000.0,98333.33,True,True,True
77,2,19,1800000000.0,60000.0,False,True,True
72,2,13,950000000.0,31666.67,False,False,False
80,2,40,2980000000.0,99333.33,True,True,True
62,1,107,875000000.0,29166.67,True,True,True
94,2,51,3100000000.0,103333.33,False,True,False
91,2,115,465000000.0,15500.0,True,True,True
92,2,156,3200000000.0,106666.67,True,True,True
71,1,156,2300000000.0,76666.67,True,True,True
92,2,146,3300000000.0,110000.0,True,True,True
63,2,168,1800000000.0,60000.0,False,True,True
90,2,138,3300000000.0,110000.0,True,True,True
140,3,86,1792000000.0,59733.33,True,True,True
63,1,173,800000000.0,26666.67,True,False,True
81,2,183,3400000000.0,113333.33,True,True,True
98,2,190,5800000000.0,193333.33,True,True,True
84,2,156,2410000000.0,80333.33,True,True,True
92,2,156,2900000000.0,96666.67,True,True,True
86,2,145,421000000.0,14033.33,True,True,True
56,1,156,1890000000.0,63000.0,True,True,True
74,2,192,1699010000.0,56633.67,True,True,True
90,2,107,1315000000.0,43833.33,True,True,True
48,1,65,950000000.0,31666.67,False,False,False
80,2,122,2800000000.0,93333.33,True,True,True
120,2,127,1536000000.0,51200.0,True,True,True
39,1,111,1170000000.0,39000.0,True,False,True
80,2,74,2100000000.0,70000.0,True,True,True
190,3,105,15200000000.0,506666.67,True,True,True
210,3,77,34560000000.0,1152000.0,True,True,True
90,2,26,3590000000.0,119666.67,True,True,True
75,2,115,398000000.0,13266.67,False,False,True
67,1,122,2150000000.0,71666.67,True,True,False
72,2,33,2900000000.0,96666.67,True,True,True
93,2,119,2300000000.0,76666.67,True,True,True
119,2,183,4950000000.0,165000.0,True,True,True
62,2,122,2200000000.0,73333.33,True,True,True
320,5,142,28000000000.0,933333.33,False,False,False
145,5,74,5000000000.0,166666.67,False,False,False
75,2,115,395000000.0,13166.67,False,False,False
73,2,9,850000000.0,28333.33,True,True,False
62,2,122,2300000000.0,76666.67,False,True,False
149,3,115,2100000000.0,70000.0,True,True,True
68,2,122,2050000000.0,68333.33,False,True,True
75,2,183,2480000000.0,82666.67,True,True,False
133,5,74,4700000000.0,156666.67,False,False,False
63,2,122,1880000000.0,62666.67,True,True,False
58,1,120,500000000.0,16666.67,True,True,True
67,1,75,6700000000.0,223333.33,True,True,True
70,1,156,2270000000.0,75666.67,True,True,True
135,3,105,9000000000.0,300000.0,True,True,True
122,4,11,2400000000.0,80000.0,True,False,True
80,2,156,2590000000.0,86333.33,True,True,True
55,1,122,2750000000.0,91666.67,True,True,True
86,2,156,3100000000.0,103333.33,True,True,False
30,0,111,500000000.0,16666.67,False,True,False
88,2,163,4500000000.0,150000.0,True,True,True
220,3,75,13500000000.0,450000.0,True,True,True
102,2,147,2950000000.0,98333.33,True,True,False
97,2,57,6000000000.0,200000.0,True,True,True
150,3,187,11000000000.0,366666.67,True,True,True
64,1,8,645000000.0,21500.0,True,True,False
100,2,156,4200000000.0,140000.0,True,True,True
97,2,156,3300000000.0,110000.0,True,True,True
80,2,156,3950000000.0,131666.67,True,True,True
53,1,100,2300000000.0,76666.67,False,True,True
68,2,111,1680000000.0,56000.0,True,True,True
105,2,51,4300000000.0,143333.33,True,True,False
70,2,122,2300000000.0,76666.67,True,True,False
86,2,26,4300000000.0,143333.33,True,True,True
62,1,24,682000000.0,22733.33,False,True,False
40,2,141,830000000.0,27666.67,False,False,False
57,1,79,1700000000.0,56666.67,True,False,True
40,1,125,790000000.0,26333.33,False,True,False
35,1,141,780000000.0,26000.0,True,True,False
112,2,57,8610000000.0,287000.0,True,True,True
140,3,135,8000000000.0,266666.67,True,True,True
48,1,48,1280000000.0,42666.67,False,False,True
175,3,77,17000000000.0,566666.67,True,True,True
135,2,43,8100000000.0,270000.0,True,True,True
45,1,79,880000000.0,29333.33,False,True,False
50,1,19,1250000000.0,41666.67,True,True,False
61,1,26,2000000000.0,66666.67,True,True,True
47,1,141,1050000000.0,35000.0,True,True,False
210,3,50,33600000000.0,1120000.0,True,True,True
82,2,115,455000000.0,15166.67,False,False,True
72,2,120,2376000000.0,79200.0,False,False,False
44,1,74,945000000.0,31500.0,False,True,False
58,1,19,1270000000.0,42333.33,False,True,False
127,2,157,2500000000.0,83333.33,True,True,True
124,3,57,7700000000.0,256666.67,True,True,True
65,2,156,2350000000.0,78333.33,True,True,True
110,2,57,8660000000.0,288666.67,True,True,True
200,4,105,15000000000.0,500000.0,True,True,True
240,3,44,34560000000.0,1152000.0,True,True,False
75,2,115,330000000.0,11000.0,False,False,True
130,1,111,1280000000.0,42666.67,True,True,True
72,2,121,300000000.0,10000.0,False,False,False
101,2,75,5200000000.0,173333.33,True,True,True
82,2,122,3300000000.0,110000.0,True,True,True
150,3,44,11760000000.0,392000.0,True,True,False
48,1,24,740000000.0,24666.67,False,False,False
115,2,192,5060000000.0,168666.67,True,True,True
106,2,50,4450000000.0,148333.33,True,True,True
205,3,50,20000000000.0,666666.67,True,True,True
125,2,57,1125000000.0,37500.0,True,True,True
85,2,146,2900000000.0,96666.67,True,True,True
220,4,19,15000000000.0,500000.0,True,True,False
104,2,156,4080000000.0,136000.0,False,False,False
99,2,156,3900000000.0,130000.0,True,True,True
165,3,150,18150000000.0,605000.0,True,True,True
98,2,117,650000000.0,21666.67,True,True,True
71,2,146,2150000000.0,71666.67,False,True,True
104,2,119,3500000000.0,116666.67,True,True,True
102,2,156,4000000000.0,133333.33,True,True,True
112,2,156,5400000000.0,180000.0,True,True,True
80,1,152,550000000.0,18333.33,False,True,False
69,2,74,1700000000.0,56666.67,True,True,True
135,3,135,9000000000.0,300000.0,True,True,True
44,1,125,1000000000.0,33333.33,False,True,False
80,2,146,2480000000.0,82666.67,True,True,False
80,2,119,750000000.0,25000.0,True,True,True
60,1,115,300000000.0,10000.0,False,False,False
108,2,135,8600000000.0,286666.67,True,True,True
150,2,97,8200000000.0,273333.33,True,True,True
78,2,115,780000000.0,26000.0,False,False,False
77,2,53,470000000.0,15666.67,True,True,False
160,5,187,18000000000.0,600000.0,True,True,False
106,2,62,2340000000.0,78000.0,True,True,True
135,3,184,5600000000.0,186666.67,True,True,True
102,3,11,4300000000.0,143333.33,False,False,True
68,2,122,2150000000.0,71666.67,True,True,True
77,2,74,1680000000.0,56000.0,True,True,True
72,2,192,900000000.0,30000.0,True,True,False
84,2,175,588000000.0,19600.0,False,True,True
69,1,144,890000000.0,29666.67,True,True,True
55,1,13,797500000.0,26583.33,True,True,True
94,2,183,4100000000.0,136666.67,True,True,True
120,3,119,295000000.0,9833.33,True,True,True
90,2,119,290000000.0,9666.67,True,True,True
54,1,24,760000000.0,25333.33,False,True,False
144,3,57,7250000000.0,241666.67,True,True,True
80,2,115,380000000.0,12666.67,False,False,False
110,3,112,6550000000.0,218333.33,True,True,True
55,2,187,2150000000.0,71666.67,False,True,False
65,2,122,1900000000.0,63333.33,False,True,False
60,2,141,1520000000.0,50666.67,True,True,True
69,2,13,980000000.0,32666.67,True,True,False
180,4,119,2720000000.0,90666.67,True,True,True
180,2,115,2100000000.0,70000.0,True,True,False
130,2,100,6300000000.0,210000.0,False,True,False
120,2,192,1440000000.0,48000.0,True,True,True
82,2,57,7000000000.0,233333.33,True,True,True
128,3,57,9200000000.0,306666.67,True,True,True
103,2,192,1150000000.0,38333.33,True,True,True
85,2,50,6100000000.0,203333.33,True,True,True
68,1,5,1400000000.0,46666.67,True,False,True
110,3,184,6550000000.0,218333.33,True,True,True
94,2,115,680000000.0,22666.67,False,False,True
42,1,103,640000000.0,21333.33,False,False,False
63,1,122,2200000000.0,73333.33,True,True,True
62,1,115,350000000.0,11666.67,False,False,True
155,3,75,13950000000.0,465000.0,True,True,True
65,2,4,1550000000.0,51666.67,True,True,True
138,3,75,9500000000.0,316666.67,True,True,True
135,3,19,3440000000.0,114666.67,True,True,True
71,1,117,540000000.0,18000.0,False,True,True
175,3,86,10500000000.0,350000.0,True,True,True
145,3,150,10500000000.0,350000.0,True,True,True
285,4,150,28500000000.0,950000.0,True,True,True
125,3,150,11250000000.0,375000.0,True,True,True
115,2,150,12000000000.0,400000.0,True,True,True
59,1,13,708000000.0,23600.0,True,True,True
89,3,115,430000000.0,14333.33,True,True,True
65,1,115,340000000.0,11333.33,True,True,True
78,2,115,480000000.0,16000.0,True,True,True
82,2,26,3000000000.0,100000.0,True,True,True
125,2,57,1550000000.0,51666.67,False,True,False
60,2,174,1280000000.0,42666.67,False,True,True
57,2,141,1200000000.0,40000.0,False,True,False
66,2,4,1120000000.0,37333.33,False,True,False
80,2,183,3000000000.0,100000.0,True,True,True
46,1,156,1700000000.0,56666.67,True,True,True
80,2,40,3000000000.0,100000.0,True,True,True
73,2,163,3060000000.0,102000.0,True,True,True
115,2,108,5175000000.0,172500.0,False,False,False
65,2,184,1950000000.0,65000.0,True,True,False
72,2,163,2550000000.0,85000.0,True,True,True
80,2,163,3000000000.0,100000.0,True,True,True
135,3,192,1500000000.0,50000.0,True,True,True
80,2,26,3000000000.0,100000.0,True,True,True
97,2,100,4000000000.0,133333.33,True,True,True
150,3,105,11000000000.0,366666.67,True,True,True
175,3,147,7800000000.0,260000.0,True,True,True
74,1,115,480000000.0,16000.0,False,True,True
157,3,93,10200000000.0,340000.0,True,True,True
92,2,52,3350000000.0,111666.67,True,True,True
190,3,118,12350000000.0,411666.67,True,True,True
110,2,118,8800000000.0,293333.33,True,True,True
50,1,120,1100000000.0,36666.67,False,True,False
197,3,93,15563000000.0,518766.67,True,True,True
107,2,30,8600000000.0,286666.67,True,True,True
78,2,50,7200000000.0,240000.0,True,True,True
46,1,26,1950000000.0,65000.0,True,True,True
112,2,90,8400000000.0,280000.0,True,True,True
60,1,169,1500000000.0,50000.0,False,True,False
120,2,105,9000000000.0,300000.0,True,True,True
115,2,59,8150000000.0,271666.67,True,True,True
95,2,163,3300000000.0,110000.0,True,True,True
92,2,26,3400000000.0,113333.33,True,True,True
71,2,183,2000000000.0,66666.67,True,True,False
95,2,31,1750000000.0,58333.33,True,True,True
40,1,141,630000000.0,21000.0,False,True,False
52,1,122,2360000000.0,78666.67,True,True,True
84,2,141,1900000000.0,63333.33,True,True,True
80,2,12,1800000000.0,60000.0,True,True,True
58,1,141,715000000.0,23833.33,False,True,False
68,2,156,2270000000.0,75666.67,True,True,True
90,2,163,3350000000.0,111666.67,True,True,True
65,1,132,1400000000.0,46666.67,False,True,False
200,2,134,2850000000.0,95000.0,False,False,False
72,2,12,1670000000.0,55666.67,True,True,True
80,2,125,1800000000.0,60000.0,True,True,True
71,2,12,1650000088.0,55000.0,True,True,True
86,2,12,1980000000.0,66000.0,True,True,True
75,2,115,345000000.0,11500.0,False,True,True
54,1,183,22500000003.0,750000.0,True,True,True
60,1,146,1960000000.0,65333.33,True,True,True
105,3,40,5830000000.0,194333.33,True,True,True
72,2,0,3350000000.0,111666.67,True,True,True
186,3,118,9300000000.0,310000.0,True,True,True
110,2,68,6050000000.0,201666.67,True,True,True
78,2,192,740000000.0,24666.67,True,False,True
84,2,71,855000000.0,28500.0,True,True,True
53,1,76,450000000.0,15000.0,False,False,False
63,3,73,1450000000.0,48333.33,False,True,False
53,1,156,1470000000.0,49000.0,False,True,False
105,2,163,3500000000.0,116666.67,True,True,True
100,2,135,4550000000.0,151666.67,True,True,True
93,2,135,3900000000.0,130000.0,True,True,True
83,3,17,1286500000.0,42883.33,False,False,False
100,2,135,4480000000.0,149333.33,True,True,True
80,2,31,750000000.0,25000.0,False,False,False
90,2,135,5250000000.0,175000.0,True,True,True
73,2,26,1900000000.0,63333.33,True,True,True
82,2,156,3600000000.0,120000.0,True,True,True
148,3,187,8140000000.0,271333.33,True,True,True
90,2,156,3150000000.0,105000.0,True,False,True
112,2,32,7000000000.0,233333.33,True,True,True
45,1,160,8900000000.0,296666.67,False,False,True
70,2,100,1850000000.0,61666.67,True,True,False
107,2,97,7597000000.0,253233.33,True,True,True
37,1,170,1180000000.0,39333.33,True,True,True
65,1,74,1725000000.0,57500.0,True,True,True
66,2,186,1000000000.0,33333.33,False,True,False
130,3,119,865000000.0,28833.33,True,True,True
63,3,159,1200000000.0,40000.0,True,True,False
75,2,153,500000000.0,16666.67,False,True,False
52,1,74,1200000000.0,40000.0,True,False,False
86,3,115,275000000.0,9166.67,False,True,True
58,1,115,246000000.0,8200.0,False,False,True
76,2,183,2600000000.0,86666.67,True,True,True
87,2,192,680000000.0,22666.67,True,True,True
54,0,152,470000000.0,15666.67,False,False,False
140,3,35,6300000000.0,210000.0,True,True,True
74,2,115,313000000.0,10433.33,False,False,True
186,3,179,15000000000.0,500000.0,True,True,True
140,3,96,8400000000.0,280000.0,True,True,True
114,2,119,4000000000.0,133333.33,True,True,True
51,1,111,1100000000.0,36666.67,False,False,True
180,3,77,14000000000.0,466666.67,True,True,True
70,1,122,3500000000.0,116666.67,True,True,True
120,3,142,5400000000.0,180000.0,True,True,True
137,3,122,6850000000.0,228333.33,True,True,True
92,2,156,3220000000.0,107333.33,True,True,True
45,1,183,1650000000.0,55000.0,True,True,False
68,2,182,1000000000.0,33333.33,False,True,True
85,2,26,3200000000.0,106666.67,False,True,True
118,2,96,7080000000.0,236000.0,True,True,True
180,3,93,10800000000.0,360000.0,True,True,False
60,1,183,1860000000.0,62000.0,True,True,False
80,2,157,410000000.0,13666.67,False,True,True
86,2,175,520000000.0,17333.33,False,True,False
123,3,179,12500000000.0,416666.67,True,True,True
148,3,35,6000000000.0,200000.0,True,True,True
58,1,115,325000000.0,10833.33,False,False,True
60,1,183,1950000000.0,65000.0,True,True,True
133,3,150,10000000000.0,333333.33,True,False,True
94,2,31,595000000.0,19833.33,False,True,True
68,2,24,1258000000.0,41933.33,False,True,True
61,2,13,460000000.0,15333.33,False,True,False
75,2,183,2650000000.0,88333.33,True,True,True
81,2,183,4455000000.0,148500.0,True,True,True
74,2,96,4070000000.0,135666.67,True,True,True
97,2,156,2700000000.0,90000.0,True,True,True
94,2,105,8450000000.0,281666.67,True,True,True
113,3,111,3170000000.0,105666.67,True,True,True
63,1,52,1890000000.0,63000.0,True,True,False
86,2,163,3500000000.0,116666.67,True,True,True
83,2,105,6800000000.0,226666.67,True,True,True
105,2,39,5600000000.0,186666.67,True,True,True
82,2,115,360000000.0,12000.0,False,True,True
