dataset_id,artifact_file,task_type,target_column,model_type,status,error,accuracy,precision,recall,f1_score,test_samples,n_classes,is_binary,resolved_dataset_path,model_path,executed_tools,tool_flow,task,train_accuracy,test_accuracy,overfitting_gap,training_samples,features,model_saved,test_indices_file,r2_score,mse,rmse,mae,mape,train_r2,test_r2,model,evaluation_method,suspicious,difficulty,pipeline_variant
classification__easy__abhishek14398_heart-disease-classification__heart,classification__easy__abhishek14398_heart-disease-classification__heart__variant_01_of_05.json,classification,target,logistic,success,,0.8852,0.8788,0.9062,0.8923,61.0,2.0,True,/home/joshua/Code/ai_projects/amalia/backend/data/uploads/datasets/classification/easy/abhishek14398_heart-disease-classification/heart.csv,/home/joshua/Code/ai_projects/amalia/data/batch_results/corrected_execution/models/classification__easy__abhishek14398_heart-disease-classification__heart.pkl,3.0,"['1:load_csv', '2:train_classification_model', '3:evaluate_classification_model']",,,,,,,,,,,,,,,,DeepSeek,Corrected (test_indices),False,easy,
classification__easy__abhishek14398_heart-disease-classification__heart,classification__easy__abhishek14398_heart-disease-classification__heart__variant_02_of_05.json,classification,target,logistic,success,,0.8852,0.8788,0.9062,0.8923,61.0,2.0,True,/home/joshua/Code/ai_projects/amalia/backend/data/uploads/datasets/classification/easy/abhishek14398_heart-disease-classification/heart.csv,/home/joshua/Code/ai_projects/amalia/data/batch_results/corrected_execution/models/classification__easy__abhishek14398_heart-disease-classification__heart.pkl,3.0,"['1:load_csv', '2:train_classification_model', '3:evaluate_classification_model']",,,,,,,,,,,,,,,,DeepSeek,Corrected (test_indices),False,easy,
classification__easy__abhishek14398_heart-disease-classification__heart,classification__easy__abhishek14398_heart-disease-classification__heart__variant_03_of_05.json,classification,target,logistic,success,,0.8852,0.8788,0.9062,0.8923,61.0,2.0,True,/home/joshua/Code/ai_projects/amalia/backend/data/uploads/datasets/classification/easy/abhishek14398_heart-disease-classification/heart.csv,/home/joshua/Code/ai_projects/amalia/data/batch_results/corrected_execution/models/classification__easy__abhishek14398_heart-disease-classification__heart.pkl,3.0,"['1:load_csv', '2:train_classification_model', '3:evaluate_classification_model']",,,,,,,,,,,,,,,,DeepSeek,Corrected (test_indices),False,easy,
classification__easy__abhishek14398_heart-disease-classification__heart,classification__easy__abhishek14398_heart-disease-classification__heart__variant_04_of_05.json,classification,target,logistic,success,,0.8852,0.8788,0.9062,0.8923,61.0,2.0,True,/home/joshua/Code/ai_projects/amalia/backend/data/uploads/datasets/classification/easy/abhishek14398_heart-disease-classification/heart.csv,/home/joshua/Code/ai_projects/amalia/data/batch_results/corrected_execution/models/classification__easy__abhishek14398_heart-disease-classification__heart.pkl,3.0,"['1:load_csv', '2:train_classification_model', '3:evaluate_classification_model']",,,,,,,,,,,,,,,,DeepSeek,Corrected (test_indices),False,easy,
classification__easy__abhishek14398_heart-disease-classification__heart,classification__easy__abhishek14398_heart-disease-classification__heart__variant_05_of_05.json,classification,target,logistic,success,,0.8852,0.8788,0.9062,0.8923,61.0,2.0,True,/home/joshua/Code/ai_projects/amalia/backend/data/uploads/datasets/classification/easy/abhishek14398_heart-disease-classification/heart.csv,/home/joshua/Code/ai_projects/amalia/data/batch_results/corrected_execution/models/classification__easy__abhishek14398_heart-disease-classification__heart.pkl,3.0,"['1:load_csv', '2:train_classification_model', '3:evaluate_classification_model']",,,,,,,,,,,,,,,,DeepSeek,Corrected (test_indices),False,easy,
classification__easy__brsahan_genomic-data-for-cancer__gene_expression,classification__easy__brsahan_genomic-data-for-cancer__gene_expression__variant_01_of_05.json,classification,Cancer Present,logistic,success,,0.8483,0.8175,0.8566,0.8366,600.0,2.0,True,/home/joshua/Code/ai_projects/amalia/backend/data/uploads/datasets/classification/easy/brsahan_genomic-data-for-cancer/gene_expression.csv,/home/joshua/Code/ai_projects/amalia/data/batch_results/corrected_execution/models/classification__easy__brsahan_genomic-data-for-cancer__gene_expression.pkl,3.0,"['1:load_csv', '2:train_classification_model', '3:evaluate_classification_model']",,,,,,,,,,,,,,,,DeepSeek,Corrected (test_indices),False,easy,
classification__easy__brsahan_genomic-data-for-cancer__gene_expression,classification__easy__brsahan_genomic-data-for-cancer__gene_expression__variant_02_of_05.json,classification,Cancer Present,logistic,success,,0.8483,0.8175,0.8566,0.8366,600.0,2.0,True,/home/joshua/Code/ai_projects/amalia/backend/data/uploads/datasets/classification/easy/brsahan_genomic-data-for-cancer/gene_expression.csv,/home/joshua/Code/ai_projects/amalia/data/batch_results/corrected_execution/models/classification__easy__brsahan_genomic-data-for-cancer__gene_expression.pkl,3.0,"['1:load_csv', '2:train_classification_model', '3:evaluate_classification_model']",,,,,,,,,,,,,,,,DeepSeek,Corrected (test_indices),False,easy,
classification__easy__brsahan_genomic-data-for-cancer__gene_expression,classification__easy__brsahan_genomic-data-for-cancer__gene_expression__variant_03_of_05.json,classification,Cancer Present,logistic,success,,0.8483,0.8175,0.8566,0.8366,600.0,2.0,True,/home/joshua/Code/ai_projects/amalia/backend/data/uploads/datasets/classification/easy/brsahan_genomic-data-for-cancer/gene_expression.csv,/home/joshua/Code/ai_projects/amalia/data/batch_results/corrected_execution/models/classification__easy__brsahan_genomic-data-for-cancer__gene_expression.pkl,3.0,"['1:load_csv', '2:train_classification_model', '3:evaluate_classification_model']",,,,,,,,,,,,,,,,DeepSeek,Corrected (test_indices),False,easy,
classification__easy__brsahan_genomic-data-for-cancer__gene_expression,classification__easy__brsahan_genomic-data-for-cancer__gene_expression__variant_04_of_05.json,classification,,,failed,invalid literal for int() with base 10: '0.80.80.80.80.80.80.80.80.80.80.80.80.80.80.80.80.80.80.80.80.80.80.80.80.80.80.80.80.80.80.80.80.80.80.80.80.80.80.80.80.80.80.80.80.80.80.80.80.80.80.80.80.80.80.80.80.80.80.80.80.80.80.80.80.80.80,,,,,,,,,,,,,,,,,,,,,,,,,,,DeepSeek,Corrected (test_indices),False,easy,
classification__easy__brsahan_genomic-data-for-cancer__gene_expression,classification__easy__brsahan_genomic-data-for-cancer__gene_expression__variant_05_of_05.json,classification,Cancer Present,logistic,success,,0.8483,0.8175,0.8566,0.8366,600.0,2.0,True,/home/joshua/Code/ai_projects/amalia/backend/data/uploads/datasets/classification/easy/brsahan_genomic-data-for-cancer/gene_expression.csv,/home/joshua/Code/ai_projects/amalia/data/batch_results/corrected_execution/models/classification__easy__brsahan_genomic-data-for-cancer__gene_expression.pkl,3.0,"['1:load_csv', '2:train_classification_model', '3:evaluate_classification_model']",,,,,,,,,,,,,,,,DeepSeek,Corrected (test_indices),False,easy,
classification__easy__brsahan_genomic-data-for-cancer__gene_expression_cleaned,classification__easy__brsahan_genomic-data-for-cancer__gene_expression_cleaned__variant_01_of_05.json,classification,,,failed,invalid literal for int() with base 10: '0.80.80.80.80.80.80.80.80.80.80.80.80.80.80.80.80.80.80.80.80.80.80.80.80.80.80.80.80.80.80.80.80.80.80.80.80.80.80.80.80.80.80.80.80.80.80.80.80.80.80.80.80.80.80.80.80.80.80.80.80.80.80.80.80.80.80,,,,,,,,,,,,,,,,,,,,,,,,,,,DeepSeek,Corrected (test_indices),False,easy,
classification__easy__brsahan_genomic-data-for-cancer__gene_expression_cleaned,classification__easy__brsahan_genomic-data-for-cancer__gene_expression_cleaned__variant_02_of_05.json,classification,Cancer Present,logistic,success,,0.8528,0.8592,0.8472,0.8531,428.0,2.0,True,/home/joshua/Code/ai_projects/amalia/backend/data/uploads/datasets/classification/easy/brsahan_genomic-data-for-cancer/gene_expression_cleaned.csv,/home/joshua/Code/ai_projects/amalia/data/batch_results/corrected_execution/models/classification__easy__brsahan_genomic-data-for-cancer__gene_expression_cleaned.pkl,3.0,"['1:load_csv', '2:train_classification_model', '3:evaluate_classification_model']",,,,,,,,,,,,,,,,DeepSeek,Corrected (test_indices),False,easy,
classification__easy__brsahan_genomic-data-for-cancer__gene_expression_cleaned,classification__easy__brsahan_genomic-data-for-cancer__gene_expression_cleaned__variant_03_of_05.json,classification,Cancer Present,logistic,success,,0.8528,0.8592,0.8472,0.8531,428.0,2.0,True,/home/joshua/Code/ai_projects/amalia/backend/data/uploads/datasets/classification/easy/brsahan_genomic-data-for-cancer/gene_expression_cleaned.csv,/home/joshua/Code/ai_projects/amalia/data/batch_results/corrected_execution/models/classification__easy__brsahan_genomic-data-for-cancer__gene_expression_cleaned.pkl,3.0,"['1:load_csv', '2:train_classification_model', '3:evaluate_classification_model']",,,,,,,,,,,,,,,,DeepSeek,Corrected (test_indices),False,easy,
classification__easy__brsahan_genomic-data-for-cancer__gene_expression_cleaned,classification__easy__brsahan_genomic-data-for-cancer__gene_expression_cleaned__variant_04_of_05.json,classification,Cancer Present,logistic,success,,0.8528,0.8592,0.8472,0.8531,428.0,2.0,True,/home/joshua/Code/ai_projects/amalia/backend/data/uploads/datasets/classification/easy/brsahan_genomic-data-for-cancer/gene_expression_cleaned.csv,/home/joshua/Code/ai_projects/amalia/data/batch_results/corrected_execution/models/classification__easy__brsahan_genomic-data-for-cancer__gene_expression_cleaned.pkl,3.0,"['1:load_csv', '2:train_classification_model', '3:evaluate_classification_model']",,,,,,,,,,,,,,,,DeepSeek,Corrected (test_indices),False,easy,
classification__easy__brsahan_genomic-data-for-cancer__gene_expression_cleaned,classification__easy__brsahan_genomic-data-for-cancer__gene_expression_cleaned__variant_05_of_05.json,classification,Cancer Present,logistic,success,,0.8528,0.8592,0.8472,0.8531,428.0,2.0,True,/home/joshua/Code/ai_projects/amalia/backend/data/uploads/datasets/classification/easy/brsahan_genomic-data-for-cancer/gene_expression_cleaned.csv,/home/joshua/Code/ai_projects/amalia/data/batch_results/corrected_execution/models/classification__easy__brsahan_genomic-data-for-cancer__gene_expression_cleaned.pkl,3.0,"['1:load_csv', '2:train_classification_model', '3:evaluate_classification_model']",,,,,,,,,,,,,,,,DeepSeek,Corrected (test_indices),False,easy,
classification__easy__brsahan_genomic-data-for-cancer__gene_expression_scaled,classification__easy__brsahan_genomic-data-for-cancer__gene_expression_scaled__variant_01_of_05.json,classification,,,success,,,,,,,,,/home/joshua/Code/ai_projects/amalia/backend/data/uploads/datasets/classification/easy/brsahan_genomic-data-for-cancer/gene_expression_scaled.csv,,0.0,[],,,,,,,,,,,,,,,,DeepSeek,Corrected (test_indices),False,easy,
classification__easy__brsahan_genomic-data-for-cancer__gene_expression_scaled,classification__easy__brsahan_genomic-data-for-cancer__gene_expression_scaled__variant_02_of_05.json,classification,Cancer Present,gradient_boosting,success,,,,,,428.0,2.0,,/home/joshua/Code/ai_projects/amalia/backend/data/uploads/datasets/classification/easy/brsahan_genomic-data-for-cancer/gene_expression_scaled.csv,/home/joshua/Code/ai_projects/amalia/data/batch_results/corrected_execution/models/classification__easy__brsahan_genomic-data-for-cancer__gene_expression_scaled.pkl,1.0,['2:train_classification_model'],classification,0.9316,0.9089,0.0227,1710.0,"['Gene One', 'Gene Two']",/home/joshua/Code/ai_projects/amalia/data/batch_results/corrected_execution/models/classification__easy__brsahan_genomic-data-for-cancer__gene_expression_scaled.pkl,/home/joshua/Code/ai_projects/amalia/data/batch_results/corrected_execution/models/classification__easy__brsahan_genomic-data-for-cancer__gene_expression_scaled_test_indices.json,,,,,,,,DeepSeek,Corrected (test_indices),False,easy,
classification__easy__brsahan_genomic-data-for-cancer__gene_expression_scaled,classification__easy__brsahan_genomic-data-for-cancer__gene_expression_scaled__variant_03_of_05.json,classification,Cancer Present,logistic,success,,0.8528,0.8592,0.8472,0.8531,428.0,2.0,True,/home/joshua/Code/ai_projects/amalia/backend/data/uploads/datasets/classification/easy/brsahan_genomic-data-for-cancer/gene_expression_scaled.csv,/home/joshua/Code/ai_projects/amalia/data/batch_results/corrected_execution/models/classification__easy__brsahan_genomic-data-for-cancer__gene_expression_scaled.pkl,3.0,"['1:load_csv', '2:train_classification_model', '3:evaluate_classification_model']",,,,,,,,,,,,,,,,DeepSeek,Corrected (test_indices),False,easy,
classification__easy__brsahan_genomic-data-for-cancer__gene_expression_scaled,classification__easy__brsahan_genomic-data-for-cancer__gene_expression_scaled__variant_04_of_05.json,classification,Cancer Present,logistic,success,,0.8528,0.8592,0.8472,0.8531,428.0,2.0,True,/home/joshua/Code/ai_projects/amalia/backend/data/uploads/datasets/classification/easy/brsahan_genomic-data-for-cancer/gene_expression_scaled.csv,/home/joshua/Code/ai_projects/amalia/data/batch_results/corrected_execution/models/classification__easy__brsahan_genomic-data-for-cancer__gene_expression_scaled.pkl,3.0,"['1:load_csv', '2:train_classification_model', '3:evaluate_classification_model']",,,,,,,,,,,,,,,,DeepSeek,Corrected (test_indices),False,easy,
classification__easy__brsahan_genomic-data-for-cancer__gene_expression_scaled,classification__easy__brsahan_genomic-data-for-cancer__gene_expression_scaled__variant_05_of_05.json,classification,Cancer Present,logistic,success,,0.8528,0.8592,0.8472,0.8531,428.0,2.0,True,/home/joshua/Code/ai_projects/amalia/backend/data/uploads/datasets/classification/easy/brsahan_genomic-data-for-cancer/gene_expression_scaled.csv,/home/joshua/Code/ai_projects/amalia/data/batch_results/corrected_execution/models/classification__easy__brsahan_genomic-data-for-cancer__gene_expression_scaled.pkl,3.0,"['1:load_csv', '2:train_classification_model', '3:evaluate_classification_model']",,,,,,,,,,,,,,,,DeepSeek,Corrected (test_indices),False,easy,
classification__easy__fedesoriano_stellar-classification-dataset-sdss17__star_classification,classification__easy__fedesoriano_stellar-classification-dataset-sdss17__star_classification__variant_01_of_05.json,classification,class,logistic,success,,0.5927,0.4465,0.5927,0.4693,4000.0,3.0,False,/home/joshua/Code/ai_projects/amalia/backend/data/uploads/datasets/classification/easy/fedesoriano_stellar-classification-dataset-sdss17/star_classification.csv,/home/joshua/Code/ai_projects/amalia/data/batch_results/corrected_execution/models/classification__easy__fedesoriano_stellar-classification-dataset-sdss17__star_classification.pkl,3.0,"['1:load_csv', '2:train_classification_model', '3:evaluate_classification_model']",,,,,,,,,,,,,,,,DeepSeek,Corrected (test_indices),False,easy,
classification__easy__fedesoriano_stellar-classification-dataset-sdss17__star_classification,classification__easy__fedesoriano_stellar-classification-dataset-sdss17__star_classification__variant_02_of_05.json,classification,class,logistic,success,,0.5927,0.4465,0.5927,0.4693,4000.0,3.0,False,/home/joshua/Code/ai_projects/amalia/backend/data/uploads/datasets/classification/easy/fedesoriano_stellar-classification-dataset-sdss17/star_classification.csv,/home/joshua/Code/ai_projects/amalia/data/batch_results/corrected_execution/models/classification__easy__fedesoriano_stellar-classification-dataset-sdss17__star_classification.pkl,3.0,"['1:load_csv', '2:train_classification_model', '3:evaluate_classification_model']",,,,,,,,,,,,,,,,DeepSeek,Corrected (test_indices),False,easy,
classification__easy__fedesoriano_stellar-classification-dataset-sdss17__star_classification,classification__easy__fedesoriano_stellar-classification-dataset-sdss17__star_classification__variant_03_of_05.json,classification,class,logistic,success,,0.5927,0.4465,0.5927,0.4693,4000.0,3.0,False,/home/joshua/Code/ai_projects/amalia/backend/data/uploads/datasets/classification/easy/fedesoriano_stellar-classification-dataset-sdss17/star_classification.csv,/home/joshua/Code/ai_projects/amalia/data/batch_results/corrected_execution/models/classification__easy__fedesoriano_stellar-classification-dataset-sdss17__star_classification.pkl,3.0,"['1:load_csv', '2:train_classification_model', '3:evaluate_classification_model']",,,,,,,,,,,,,,,,DeepSeek,Corrected (test_indices),False,easy,
classification__easy__fedesoriano_stellar-classification-dataset-sdss17__star_classification,classification__easy__fedesoriano_stellar-classification-dataset-sdss17__star_classification__variant_04_of_05.json,classification,class,logistic,success,,0.5927,0.4465,0.5927,0.4693,4000.0,3.0,False,/home/joshua/Code/ai_projects/amalia/backend/data/uploads/datasets/classification/easy/fedesoriano_stellar-classification-dataset-sdss17/star_classification.csv,/home/joshua/Code/ai_projects/amalia/data/batch_results/corrected_execution/models/classification__easy__fedesoriano_stellar-classification-dataset-sdss17__star_classification.pkl,3.0,"['1:load_csv', '2:train_classification_model', '3:evaluate_classification_model']",,,,,,,,,,,,,,,,DeepSeek,Corrected (test_indices),False,easy,
classification__easy__fedesoriano_stellar-classification-dataset-sdss17__star_classification,classification__easy__fedesoriano_stellar-classification-dataset-sdss17__star_classification__variant_05_of_05.json,classification,,,success,,,,,,,,,/home/joshua/Code/ai_projects/amalia/backend/data/uploads/datasets/classification/easy/fedesoriano_stellar-classification-dataset-sdss17/star_classification.csv,,0.0,[],,,,,,,,,,,,,,,,DeepSeek,Corrected (test_indices),False,easy,
classification__easy__fedesoriano_stellar-classification-dataset-sdss17__star_classification_encoded,classification__easy__fedesoriano_stellar-classification-dataset-sdss17__star_classification_encoded__variant_01_of_05.json,classification,class,logistic,success,,0.5927,0.4465,0.5927,0.4693,4000.0,3.0,False,/home/joshua/Code/ai_projects/amalia/backend/data/uploads/datasets/classification/easy/fedesoriano_stellar-classification-dataset-sdss17/star_classification_encoded.csv,/home/joshua/Code/ai_projects/amalia/data/batch_results/corrected_execution/models/classification__easy__fedesoriano_stellar-classification-dataset-sdss17__star_classification_encoded.pkl,3.0,"['1:load_csv', '2:train_classification_model', '3:evaluate_classification_model']",,,,,,,,,,,,,,,,DeepSeek,Corrected (test_indices),False,easy,
classification__easy__fedesoriano_stellar-classification-dataset-sdss17__star_classification_encoded,classification__easy__fedesoriano_stellar-classification-dataset-sdss17__star_classification_encoded__variant_02_of_05.json,classification,class,logistic,success,,0.5927,0.4465,0.5927,0.4693,4000.0,3.0,False,/home/joshua/Code/ai_projects/amalia/backend/data/uploads/datasets/classification/easy/fedesoriano_stellar-classification-dataset-sdss17/star_classification_encoded.csv,/home/joshua/Code/ai_projects/amalia/data/batch_results/corrected_execution/models/classification__easy__fedesoriano_stellar-classification-dataset-sdss17__star_classification_encoded.pkl,3.0,"['1:load_csv', '2:train_classification_model', '3:evaluate_classification_model']",,,,,,,,,,,,,,,,DeepSeek,Corrected (test_indices),False,easy,
classification__easy__fedesoriano_stellar-classification-dataset-sdss17__star_classification_encoded,classification__easy__fedesoriano_stellar-classification-dataset-sdss17__star_classification_encoded__variant_03_of_05.json,classification,class,logistic,success,,0.5927,0.4465,0.5927,0.4693,4000.0,3.0,False,/home/joshua/Code/ai_projects/amalia/backend/data/uploads/datasets/classification/easy/fedesoriano_stellar-classification-dataset-sdss17/star_classification_encoded.csv,/home/joshua/Code/ai_projects/amalia/data/batch_results/corrected_execution/models/classification__easy__fedesoriano_stellar-classification-dataset-sdss17__star_classification_encoded.pkl,3.0,"['1:load_csv', '2:train_classification_model', '3:evaluate_classification_model']",,,,,,,,,,,,,,,,DeepSeek,Corrected (test_indices),False,easy,
classification__easy__fedesoriano_stellar-classification-dataset-sdss17__star_classification_encoded,classification__easy__fedesoriano_stellar-classification-dataset-sdss17__star_classification_encoded__variant_04_of_05.json,classification,class,logistic,success,,0.5927,0.4465,0.5927,0.4693,4000.0,3.0,False,/home/joshua/Code/ai_projects/amalia/backend/data/uploads/datasets/classification/easy/fedesoriano_stellar-classification-dataset-sdss17/star_classification_encoded.csv,/home/joshua/Code/ai_projects/amalia/data/batch_results/corrected_execution/models/classification__easy__fedesoriano_stellar-classification-dataset-sdss17__star_classification_encoded.pkl,3.0,"['1:load_csv', '2:train_classification_model', '3:evaluate_classification_model']",,,,,,,,,,,,,,,,DeepSeek,Corrected (test_indices),False,easy,
classification__easy__fedesoriano_stellar-classification-dataset-sdss17__star_classification_encoded,classification__easy__fedesoriano_stellar-classification-dataset-sdss17__star_classification_encoded__variant_05_of_05.json,classification,class,logistic,success,,0.5927,0.4465,0.5927,0.4693,4000.0,3.0,False,/home/joshua/Code/ai_projects/amalia/backend/data/uploads/datasets/classification/easy/fedesoriano_stellar-classification-dataset-sdss17/star_classification_encoded.csv,/home/joshua/Code/ai_projects/amalia/data/batch_results/corrected_execution/models/classification__easy__fedesoriano_stellar-classification-dataset-sdss17__star_classification_encoded.pkl,3.0,"['1:load_csv', '2:train_classification_model', '3:evaluate_classification_model']",,,,,,,,,,,,,,,,DeepSeek,Corrected (test_indices),False,easy,
classification__easy__fedesoriano_stellar-classification-dataset-sdss17__star_classification_scaled,classification__easy__fedesoriano_stellar-classification-dataset-sdss17__star_classification_scaled__variant_01_of_05.json,classification,class,logistic,success,,0.5927,0.4465,0.5927,0.4693,4000.0,3.0,False,/home/joshua/Code/ai_projects/amalia/backend/data/uploads/datasets/classification/easy/fedesoriano_stellar-classification-dataset-sdss17/star_classification_scaled.csv,/home/joshua/Code/ai_projects/amalia/data/batch_results/corrected_execution/models/classification__easy__fedesoriano_stellar-classification-dataset-sdss17__star_classification_scaled.pkl,3.0,"['1:load_csv', '2:train_classification_model', '3:evaluate_classification_model']",,,,,,,,,,,,,,,,DeepSeek,Corrected (test_indices),False,easy,
classification__easy__fedesoriano_stellar-classification-dataset-sdss17__star_classification_scaled,classification__easy__fedesoriano_stellar-classification-dataset-sdss17__star_classification_scaled__variant_02_of_05.json,classification,class,logistic,success,,0.5927,0.4465,0.5927,0.4693,4000.0,3.0,False,/home/joshua/Code/ai_projects/amalia/backend/data/uploads/datasets/classification/easy/fedesoriano_stellar-classification-dataset-sdss17/star_classification_scaled.csv,/home/joshua/Code/ai_projects/amalia/data/batch_results/corrected_execution/models/classification__easy__fedesoriano_stellar-classification-dataset-sdss17__star_classification_scaled.pkl,3.0,"['1:load_csv', '2:train_classification_model', '3:evaluate_classification_model']",,,,,,,,,,,,,,,,DeepSeek,Corrected (test_indices),False,easy,
classification__easy__fedesoriano_stellar-classification-dataset-sdss17__star_classification_scaled,classification__easy__fedesoriano_stellar-classification-dataset-sdss17__star_classification_scaled__variant_03_of_05.json,classification,class,logistic,success,,0.5927,0.4465,0.5927,0.4693,4000.0,3.0,False,/home/joshua/Code/ai_projects/amalia/backend/data/uploads/datasets/classification/easy/fedesoriano_stellar-classification-dataset-sdss17/star_classification_scaled.csv,/home/joshua/Code/ai_projects/amalia/data/batch_results/corrected_execution/models/classification__easy__fedesoriano_stellar-classification-dataset-sdss17__star_classification_scaled.pkl,3.0,"['1:load_csv', '2:train_classification_model', '3:evaluate_classification_model']",,,,,,,,,,,,,,,,DeepSeek,Corrected (test_indices),False,easy,
classification__easy__fedesoriano_stellar-classification-dataset-sdss17__star_classification_scaled,classification__easy__fedesoriano_stellar-classification-dataset-sdss17__star_classification_scaled__variant_04_of_05.json,classification,class,logistic,success,,0.5927,0.4465,0.5927,0.4693,4000.0,3.0,False,/home/joshua/Code/ai_projects/amalia/backend/data/uploads/datasets/classification/easy/fedesoriano_stellar-classification-dataset-sdss17/star_classification_scaled.csv,/home/joshua/Code/ai_projects/amalia/data/batch_results/corrected_execution/models/classification__easy__fedesoriano_stellar-classification-dataset-sdss17__star_classification_scaled.pkl,3.0,"['1:load_csv', '2:train_classification_model', '3:evaluate_classification_model']",,,,,,,,,,,,,,,,DeepSeek,Corrected (test_indices),False,easy,
classification__easy__fedesoriano_stellar-classification-dataset-sdss17__star_classification_scaled,classification__easy__fedesoriano_stellar-classification-dataset-sdss17__star_classification_scaled__variant_05_of_05.json,classification,class,logistic,success,,0.5927,0.4465,0.5927,0.4693,4000.0,3.0,False,/home/joshua/Code/ai_projects/amalia/backend/data/uploads/datasets/classification/easy/fedesoriano_stellar-classification-dataset-sdss17/star_classification_scaled.csv,/home/joshua/Code/ai_projects/amalia/data/batch_results/corrected_execution/models/classification__easy__fedesoriano_stellar-classification-dataset-sdss17__star_classification_scaled.pkl,3.0,"['1:load_csv', '2:train_classification_model', '3:evaluate_classification_model']",,,,,,,,,,,,,,,,DeepSeek,Corrected (test_indices),False,easy,
classification__easy__himanshunakrani_naive-bayes-classification-data__Naive-Bayes-Classification-Data,classification__easy__himanshunakrani_naive-bayes-classification-data__Naive-Bayes-Classification-Data__variant_01_of_05.json,classification,diabetes,logistic,success,,0.9296,0.951,0.9151,0.9327,199.0,2.0,True,/home/joshua/Code/ai_projects/amalia/backend/data/uploads/datasets/classification/easy/himanshunakrani_naive-bayes-classification-data/Naive-Bayes-Classification-Data.csv,/home/joshua/Code/ai_projects/amalia/data/batch_results/corrected_execution/models/classification__easy__himanshunakrani_naive-bayes-classification-data__Naive-Bayes-Classification-Data.pkl,3.0,"['1:load_csv', '2:train_classification_model', '3:evaluate_classification_model']",,,,,,,,,,,,,,,,DeepSeek,Corrected (test_indices),False,easy,
classification__easy__himanshunakrani_naive-bayes-classification-data__Naive-Bayes-Classification-Data,classification__easy__himanshunakrani_naive-bayes-classification-data__Naive-Bayes-Classification-Data__variant_02_of_05.json,classification,diabetes,logistic,success,,0.9296,0.951,0.9151,0.9327,199.0,2.0,True,/home/joshua/Code/ai_projects/amalia/backend/data/uploads/datasets/classification/easy/himanshunakrani_naive-bayes-classification-data/Naive-Bayes-Classification-Data.csv,/home/joshua/Code/ai_projects/amalia/data/batch_results/corrected_execution/models/classification__easy__himanshunakrani_naive-bayes-classification-data__Naive-Bayes-Classification-Data.pkl,3.0,"['1:load_csv', '2:train_classification_model', '3:evaluate_classification_model']",,,,,,,,,,,,,,,,DeepSeek,Corrected (test_indices),False,easy,
classification__easy__himanshunakrani_naive-bayes-classification-data__Naive-Bayes-Classification-Data,classification__easy__himanshunakrani_naive-bayes-classification-data__Naive-Bayes-Classification-Data__variant_03_of_05.json,classification,diabetes,logistic,success,,0.9296,0.951,0.9151,0.9327,199.0,2.0,True,/home/joshua/Code/ai_projects/amalia/backend/data/uploads/datasets/classification/easy/himanshunakrani_naive-bayes-classification-data/Naive-Bayes-Classification-Data.csv,/home/joshua/Code/ai_projects/amalia/data/batch_results/corrected_execution/models/classification__easy__himanshunakrani_naive-bayes-classification-data__Naive-Bayes-Classification-Data.pkl,3.0,"['1:load_csv', '2:train_classification_model', '3:evaluate_classification_model']",,,,,,,,,,,,,,,,DeepSeek,Corrected (test_indices),False,easy,
classification__easy__himanshunakrani_naive-bayes-classification-data__Naive-Bayes-Classification-Data,classification__easy__himanshunakrani_naive-bayes-classification-data__Naive-Bayes-Classification-Data__variant_04_of_05.json,classification,diabetes,logistic,success,,0.9296,0.951,0.9151,0.9327,199.0,2.0,True,/home/joshua/Code/ai_projects/amalia/backend/data/uploads/datasets/classification/easy/himanshunakrani_naive-bayes-classification-data/Naive-Bayes-Classification-Data.csv,/home/joshua/Code/ai_projects/amalia/data/batch_results/corrected_execution/models/classification__easy__himanshunakrani_naive-bayes-classification-data__Naive-Bayes-Classification-Data.pkl,3.0,"['1:load_csv', '2:train_classification_model', '3:evaluate_classification_model']",,,,,,,,,,,,,,,,DeepSeek,Corrected (test_indices),False,easy,
classification__easy__himanshunakrani_naive-bayes-classification-data__Naive-Bayes-Classification-Data,classification__easy__himanshunakrani_naive-bayes-classification-data__Naive-Bayes-Classification-Data__variant_05_of_05.json,classification,,,success,,,,,,,,,/home/joshua/Code/ai_projects/amalia/backend/data/uploads/datasets/classification/easy/himanshunakrani_naive-bayes-classification-data/Naive-Bayes-Classification-Data.csv,,0.0,[],,,,,,,,,,,,,,,,DeepSeek,Corrected (test_indices),False,easy,
classification__easy__himanshunakrani_naive-bayes-classification-data__Naive-Bayes-Classification-Data_cleaned,classification__easy__himanshunakrani_naive-bayes-classification-data__Naive-Bayes-Classification-Data_cleaned__variant_01_of_05.json,classification,diabetes,logistic,success,,0.8286,0.8519,0.92,0.8846,35.0,2.0,True,/home/joshua/Code/ai_projects/amalia/backend/data/uploads/datasets/classification/easy/himanshunakrani_naive-bayes-classification-data/Naive-Bayes-Classification-Data_cleaned.csv,/home/joshua/Code/ai_projects/amalia/data/batch_results/corrected_execution/models/classification__easy__himanshunakrani_naive-bayes-classification-data__Naive-Bayes-Classification-Data_cleaned.pkl,3.0,"['1:load_csv', '2:train_classification_model', '3:evaluate_classification_model']",,,,,,,,,,,,,,,,DeepSeek,Corrected (test_indices),False,easy,
classification__easy__himanshunakrani_naive-bayes-classification-data__Naive-Bayes-Classification-Data_cleaned,classification__easy__himanshunakrani_naive-bayes-classification-data__Naive-Bayes-Classification-Data_cleaned__variant_02_of_05.json,classification,,,success,,,,,,,,,/home/joshua/Code/ai_projects/amalia/backend/data/uploads/datasets/classification/easy/himanshunakrani_naive-bayes-classification-data/Naive-Bayes-Classification-Data_cleaned.csv,,0.0,[],,,,,,,,,,,,,,,,DeepSeek,Corrected (test_indices),False,easy,
classification__easy__himanshunakrani_naive-bayes-classification-data__Naive-Bayes-Classification-Data_cleaned,classification__easy__himanshunakrani_naive-bayes-classification-data__Naive-Bayes-Classification-Data_cleaned__variant_03_of_05.json,classification,diabetes,logistic,success,,0.8286,0.8519,0.92,0.8846,35.0,2.0,True,/home/joshua/Code/ai_projects/amalia/backend/data/uploads/datasets/classification/easy/himanshunakrani_naive-bayes-classification-data/Naive-Bayes-Classification-Data_cleaned.csv,/home/joshua/Code/ai_projects/amalia/data/batch_results/corrected_execution/models/classification__easy__himanshunakrani_naive-bayes-classification-data__Naive-Bayes-Classification-Data_cleaned.pkl,3.0,"['1:load_csv', '2:train_classification_model', '3:evaluate_classification_model']",,,,,,,,,,,,,,,,DeepSeek,Corrected (test_indices),False,easy,
classification__easy__himanshunakrani_naive-bayes-classification-data__Naive-Bayes-Classification-Data_cleaned,classification__easy__himanshunakrani_naive-bayes-classification-data__Naive-Bayes-Classification-Data_cleaned__variant_04_of_05.json,classification,,,success,,,,,,,,,/home/joshua/Code/ai_projects/amalia/backend/data/uploads/datasets/classification/easy/himanshunakrani_naive-bayes-classification-data/Naive-Bayes-Classification-Data_cleaned.csv,,1.0,['1:load_csv'],,,,,,,,,,,,,,,,DeepSeek,Corrected (test_indices),False,easy,
classification__easy__himanshunakrani_naive-bayes-classification-data__Naive-Bayes-Classification-Data_cleaned,classification__easy__himanshunakrani_naive-bayes-classification-data__Naive-Bayes-Classification-Data_cleaned__variant_05_of_05.json,classification,diabetes,logistic,success,,0.8286,0.8519,0.92,0.8846,35.0,2.0,True,/home/joshua/Code/ai_projects/amalia/backend/data/uploads/datasets/classification/easy/himanshunakrani_naive-bayes-classification-data/Naive-Bayes-Classification-Data_cleaned.csv,/home/joshua/Code/ai_projects/amalia/data/batch_results/corrected_execution/models/classification__easy__himanshunakrani_naive-bayes-classification-data__Naive-Bayes-Classification-Data_cleaned.pkl,3.0,"['1:load_csv', '2:train_classification_model', '3:evaluate_classification_model']",,,,,,,,,,,,,,,,DeepSeek,Corrected (test_indices),False,easy,
classification__easy__mahmoudshaheen1134_heart-disease-data__heart disease,classification__easy__mahmoudshaheen1134_heart-disease-data__heart disease__variant_01_of_05.json,classification,target,logistic,success,,0.8852,0.8788,0.9062,0.8923,61.0,2.0,True,/home/joshua/Code/ai_projects/amalia/backend/data/uploads/datasets/classification/easy/mahmoudshaheen1134_heart-disease-data/heart disease.csv,/home/joshua/Code/ai_projects/amalia/data/batch_results/corrected_execution/models/classification__easy__mahmoudshaheen1134_heart-disease-data__heart disease.pkl,3.0,"['1:load_csv', '2:train_classification_model', '3:evaluate_classification_model']",,,,,,,,,,,,,,,,DeepSeek,Corrected (test_indices),False,easy,
classification__easy__mahmoudshaheen1134_heart-disease-data__heart disease,classification__easy__mahmoudshaheen1134_heart-disease-data__heart disease__variant_02_of_05.json,classification,,,success,,,,,,,,,/home/joshua/Code/ai_projects/amalia/backend/data/uploads/datasets/classification/easy/mahmoudshaheen1134_heart-disease-data/heart disease.csv,,0.0,[],,,,,,,,,,,,,,,,DeepSeek,Corrected (test_indices),False,easy,
classification__easy__mahmoudshaheen1134_heart-disease-data__heart disease,classification__easy__mahmoudshaheen1134_heart-disease-data__heart disease__variant_03_of_05.json,classification,target,logistic,success,,0.8852,0.8788,0.9062,0.8923,61.0,2.0,True,/home/joshua/Code/ai_projects/amalia/backend/data/uploads/datasets/classification/easy/mahmoudshaheen1134_heart-disease-data/heart disease.csv,/home/joshua/Code/ai_projects/amalia/data/batch_results/corrected_execution/models/classification__easy__mahmoudshaheen1134_heart-disease-data__heart disease.pkl,3.0,"['1:load_csv', '2:train_classification_model', '3:evaluate_classification_model']",,,,,,,,,,,,,,,,DeepSeek,Corrected (test_indices),False,easy,
classification__easy__mahmoudshaheen1134_heart-disease-data__heart disease,classification__easy__mahmoudshaheen1134_heart-disease-data__heart disease__variant_04_of_05.json,classification,target,logistic,success,,0.8852,0.8788,0.9062,0.8923,61.0,2.0,True,/home/joshua/Code/ai_projects/amalia/backend/data/uploads/datasets/classification/easy/mahmoudshaheen1134_heart-disease-data/heart disease.csv,/home/joshua/Code/ai_projects/amalia/data/batch_results/corrected_execution/models/classification__easy__mahmoudshaheen1134_heart-disease-data__heart disease.pkl,3.0,"['1:load_csv', '2:train_classification_model', '3:evaluate_classification_model']",,,,,,,,,,,,,,,,DeepSeek,Corrected (test_indices),False,easy,
classification__easy__mahmoudshaheen1134_heart-disease-data__heart disease,classification__easy__mahmoudshaheen1134_heart-disease-data__heart disease__variant_05_of_05.json,classification,,,failed,invalid literal for int() with base 10: '0.80.80.80.80.80.80.80.80.80.80.80.80.80.80.80.80.80.80.80.80.80.80.80.80.80.80.80.80.80.80.80.80.80.80.80.80.80.80.80.80.80.80.80.80.80.80.80.80.80.80.80.80.80.80.80.80.80.80.80.80.80.80.80.80.80.80,,,,,,,,,,,,,,,,,,,,,,,,,,,DeepSeek,Corrected (test_indices),False,easy,
classification__easy__priyanshusethi_happiness-classification-dataset__happydata,classification__easy__priyanshusethi_happiness-classification-dataset__happydata__variant_01_of_05.json,classification,happy,logistic,success,,0.5517,0.5238,0.7857,0.6286,29.0,2.0,True,/home/joshua/Code/ai_projects/amalia/backend/data/uploads/datasets/classification/easy/priyanshusethi_happiness-classification-dataset/happydata.csv,/home/joshua/Code/ai_projects/amalia/data/batch_results/corrected_execution/models/classification__easy__priyanshusethi_happiness-classification-dataset__happydata.pkl,2.0,"['1:train_classification_model', '1:evaluate_classification_model']",,,,,,,,,,,,,,,,DeepSeek,Corrected (test_indices),False,easy,
classification__easy__priyanshusethi_happiness-classification-dataset__happydata,classification__easy__priyanshusethi_happiness-classification-dataset__happydata__variant_02_of_05.json,classification,happy,logistic,success,,0.5517,0.5238,0.7857,0.6286,29.0,2.0,True,/home/joshua/Code/ai_projects/amalia/backend/data/uploads/datasets/classification/easy/priyanshusethi_happiness-classification-dataset/happydata.csv,/home/joshua/Code/ai_projects/amalia/data/batch_results/corrected_execution/models/classification__easy__priyanshusethi_happiness-classification-dataset__happydata.pkl,3.0,"['1:load_csv', '2:train_classification_model', '3:evaluate_classification_model']",,,,,,,,,,,,,,,,DeepSeek,Corrected (test_indices),False,easy,
classification__easy__priyanshusethi_happiness-classification-dataset__happydata,classification__easy__priyanshusethi_happiness-classification-dataset__happydata__variant_03_of_05.json,classification,,,success,,,,,,,,,/home/joshua/Code/ai_projects/amalia/backend/data/uploads/datasets/classification/easy/priyanshusethi_happiness-classification-dataset/happydata.csv,,1.0,['1:remove_duplicates'],,,,,,,,,,,,,,,,DeepSeek,Corrected (test_indices),False,easy,
classification__easy__priyanshusethi_happiness-classification-dataset__happydata,classification__easy__priyanshusethi_happiness-classification-dataset__happydata__variant_04_of_05.json,classification,happy,gradient_boosting,success,,,,,,29.0,2.0,,/home/joshua/Code/ai_projects/amalia/backend/data/uploads/datasets/classification/easy/priyanshusethi_happiness-classification-dataset/happydata.csv,/home/joshua/Code/ai_projects/amalia/data/batch_results/corrected_execution/models/classification__easy__priyanshusethi_happiness-classification-dataset__happydata.pkl,2.0,"['2:train_classification_model', '3:train_classification_model']",classification,0.9211,0.5172,0.4038,114.0,"['infoavail', 'housecost', 'schoolquality', 'policetrust', 'streetquality', 'ëvents']",/home/joshua/Code/ai_projects/amalia/data/batch_results/corrected_execution/models/classification__easy__priyanshusethi_happiness-classification-dataset__happydata.pkl,/home/joshua/Code/ai_projects/amalia/data/batch_results/corrected_execution/models/classification__easy__priyanshusethi_happiness-classification-dataset__happydata_test_indices.json,,,,,,,,DeepSeek,Corrected (test_indices),False,easy,
classification__easy__priyanshusethi_happiness-classification-dataset__happydata,classification__easy__priyanshusethi_happiness-classification-dataset__happydata__variant_05_of_05.json,classification,happy,logistic,success,,0.5517,0.5238,0.7857,0.6286,29.0,2.0,True,/home/joshua/Code/ai_projects/amalia/backend/data/uploads/datasets/classification/easy/priyanshusethi_happiness-classification-dataset/happydata.csv,/home/joshua/Code/ai_projects/amalia/data/batch_results/corrected_execution/models/classification__easy__priyanshusethi_happiness-classification-dataset__happydata.pkl,2.0,"['2:train_classification_model', '3:evaluate_classification_model']",,,,,,,,,,,,,,,,DeepSeek,Corrected (test_indices),False,easy,
classification__easy__ritwikb3_heart-disease-cleveland__Heart_disease_cleveland_new,classification__easy__ritwikb3_heart-disease-cleveland__Heart_disease_cleveland_new__variant_01_of_05.json,classification,target,logistic,success,,0.8852,0.8788,0.9062,0.8923,61.0,2.0,True,/home/joshua/Code/ai_projects/amalia/backend/data/uploads/datasets/classification/easy/ritwikb3_heart-disease-cleveland/Heart_disease_cleveland_new.csv,/home/joshua/Code/ai_projects/amalia/data/batch_results/corrected_execution/models/classification__easy__ritwikb3_heart-disease-cleveland__Heart_disease_cleveland_new.pkl,3.0,"['1:load_csv', '2:train_classification_model', '3:evaluate_classification_model']",,,,,,,,,,,,,,,,DeepSeek,Corrected (test_indices),False,easy,
classification__easy__ritwikb3_heart-disease-cleveland__Heart_disease_cleveland_new,classification__easy__ritwikb3_heart-disease-cleveland__Heart_disease_cleveland_new__variant_02_of_05.json,classification,target,logistic,success,,0.8852,0.8788,0.9062,0.8923,61.0,2.0,True,/home/joshua/Code/ai_projects/amalia/backend/data/uploads/datasets/classification/easy/ritwikb3_heart-disease-cleveland/Heart_disease_cleveland_new.csv,/home/joshua/Code/ai_projects/amalia/data/batch_results/corrected_execution/models/classification__easy__ritwikb3_heart-disease-cleveland__Heart_disease_cleveland_new.pkl,3.0,"['1:load_csv', '2:train_classification_model', '3:evaluate_classification_model']",,,,,,,,,,,,,,,,DeepSeek,Corrected (test_indices),False,easy,
classification__easy__ritwikb3_heart-disease-cleveland__Heart_disease_cleveland_new,classification__easy__ritwikb3_heart-disease-cleveland__Heart_disease_cleveland_new__variant_03_of_05.json,classification,target,logistic,success,,0.8852,0.8788,0.9062,0.8923,61.0,2.0,True,/home/joshua/Code/ai_projects/amalia/backend/data/uploads/datasets/classification/easy/ritwikb3_heart-disease-cleveland/Heart_disease_cleveland_new.csv,/home/joshua/Code/ai_projects/amalia/data/batch_results/corrected_execution/models/classification__easy__ritwikb3_heart-disease-cleveland__Heart_disease_cleveland_new.pkl,3.0,"['1:load_csv', '2:train_classification_model', '3:evaluate_classification_model']",,,,,,,,,,,,,,,,DeepSeek,Corrected (test_indices),False,easy,
classification__easy__ritwikb3_heart-disease-cleveland__Heart_disease_cleveland_new,classification__easy__ritwikb3_heart-disease-cleveland__Heart_disease_cleveland_new__variant_04_of_05.json,classification,target,logistic,success,,0.8852,0.8788,0.9062,0.8923,61.0,2.0,True,/home/joshua/Code/ai_projects/amalia/backend/data/uploads/datasets/classification/easy/ritwikb3_heart-disease-cleveland/Heart_disease_cleveland_new.csv,/home/joshua/Code/ai_projects/amalia/data/batch_results/corrected_execution/models/classification__easy__ritwikb3_heart-disease-cleveland__Heart_disease_cleveland_new.pkl,3.0,"['1:load_csv', '2:train_classification_model', '3:evaluate_classification_model']",,,,,,,,,,,,,,,,DeepSeek,Corrected (test_indices),False,easy,
classification__easy__ritwikb3_heart-disease-cleveland__Heart_disease_cleveland_new,classification__easy__ritwikb3_heart-disease-cleveland__Heart_disease_cleveland_new__variant_05_of_05.json,classification,target,decision_tree,success,,0.7869,0.8519,0.7188,0.7797,61.0,2.0,True,/home/joshua/Code/ai_projects/amalia/backend/data/uploads/datasets/classification/easy/ritwikb3_heart-disease-cleveland/Heart_disease_cleveland_new.csv,/home/joshua/Code/ai_projects/amalia/data/batch_results/corrected_execution/models/classification__easy__ritwikb3_heart-disease-cleveland__Heart_disease_cleveland_new.pkl,2.0,"['2:train_classification_model', '3:evaluate_classification_model']",,,,,,,,,,,,,,,,DeepSeek,Corrected (test_indices),False,easy,
classification__easy__ritwikb3_heart-disease-statlog__Heart_disease_statlog,classification__easy__ritwikb3_heart-disease-statlog__Heart_disease_statlog__variant_01_of_05.json,classification,target,logistic,success,,0.9259,0.9474,0.8571,0.9,54.0,2.0,True,/home/joshua/Code/ai_projects/amalia/backend/data/uploads/datasets/classification/easy/ritwikb3_heart-disease-statlog/Heart_disease_statlog.csv,/home/joshua/Code/ai_projects/amalia/data/batch_results/corrected_execution/models/classification__easy__ritwikb3_heart-disease-statlog__Heart_disease_statlog.pkl,3.0,"['1:load_csv', '2:train_classification_model', '3:evaluate_classification_model']",,,,,,,,,,,,,,,,DeepSeek,Corrected (test_indices),False,easy,
classification__easy__ritwikb3_heart-disease-statlog__Heart_disease_statlog,classification__easy__ritwikb3_heart-disease-statlog__Heart_disease_statlog__variant_02_of_05.json,classification,target,logistic,success,,0.9259,0.9474,0.8571,0.9,54.0,2.0,True,/home/joshua/Code/ai_projects/amalia/backend/data/uploads/datasets/classification/easy/ritwikb3_heart-disease-statlog/Heart_disease_statlog.csv,/home/joshua/Code/ai_projects/amalia/data/batch_results/corrected_execution/models/classification__easy__ritwikb3_heart-disease-statlog__Heart_disease_statlog.pkl,3.0,"['1:load_csv', '2:train_classification_model', '3:evaluate_classification_model']",,,,,,,,,,,,,,,,DeepSeek,Corrected (test_indices),False,easy,
classification__easy__ritwikb3_heart-disease-statlog__Heart_disease_statlog,classification__easy__ritwikb3_heart-disease-statlog__Heart_disease_statlog__variant_03_of_05.json,classification,target,logistic,success,,0.9259,0.9474,0.8571,0.9,54.0,2.0,True,/home/joshua/Code/ai_projects/amalia/backend/data/uploads/datasets/classification/easy/ritwikb3_heart-disease-statlog/Heart_disease_statlog.csv,/home/joshua/Code/ai_projects/amalia/data/batch_results/corrected_execution/models/classification__easy__ritwikb3_heart-disease-statlog__Heart_disease_statlog.pkl,3.0,"['1:load_csv', '2:train_classification_model', '3:evaluate_classification_model']",,,,,,,,,,,,,,,,DeepSeek,Corrected (test_indices),False,easy,
classification__easy__ritwikb3_heart-disease-statlog__Heart_disease_statlog,classification__easy__ritwikb3_heart-disease-statlog__Heart_disease_statlog__variant_04_of_05.json,classification,target,logistic,success,,0.9259,0.9474,0.8571,0.9,54.0,2.0,True,/home/joshua/Code/ai_projects/amalia/backend/data/uploads/datasets/classification/easy/ritwikb3_heart-disease-statlog/Heart_disease_statlog.csv,/home/joshua/Code/ai_projects/amalia/data/batch_results/corrected_execution/models/classification__easy__ritwikb3_heart-disease-statlog__Heart_disease_statlog.pkl,3.0,"['1:load_csv', '2:train_classification_model', '3:evaluate_classification_model']",,,,,,,,,,,,,,,,DeepSeek,Corrected (test_indices),False,easy,
classification__easy__ritwikb3_heart-disease-statlog__Heart_disease_statlog,classification__easy__ritwikb3_heart-disease-statlog__Heart_disease_statlog__variant_05_of_05.json,classification,,,success,,,,,,,,,/home/joshua/Code/ai_projects/amalia/backend/data/uploads/datasets/classification/easy/ritwikb3_heart-disease-statlog/Heart_disease_statlog.csv,,0.0,[],,,,,,,,,,,,,,,,DeepSeek,Corrected (test_indices),False,easy,
classification__easy__robikscube_eye-state-classification-eeg-dataset__EEG_Eye_State_Classification,classification__easy__robikscube_eye-state-classification-eeg-dataset__EEG_Eye_State_Classification__variant_01_of_05.json,classification,eyeDetection,logistic,success,,0.6272,0.6484,0.4539,0.534,2996.0,2.0,True,/home/joshua/Code/ai_projects/amalia/backend/data/uploads/datasets/classification/easy/robikscube_eye-state-classification-eeg-dataset/EEG_Eye_State_Classification.csv,/home/joshua/Code/ai_projects/amalia/data/batch_results/corrected_execution/models/classification__easy__robikscube_eye-state-classification-eeg-dataset__EEG_Eye_State_Classification.pkl,3.0,"['1:load_csv', '2:train_classification_model', '3:evaluate_classification_model']",,,,,,,,,,,,,,,,DeepSeek,Corrected (test_indices),False,easy,
classification__easy__robikscube_eye-state-classification-eeg-dataset__EEG_Eye_State_Classification,classification__easy__robikscube_eye-state-classification-eeg-dataset__EEG_Eye_State_Classification__variant_02_of_05.json,classification,eyeDetection,random_forest,success,,,,,,2996.0,2.0,,/home/joshua/Code/ai_projects/amalia/backend/data/uploads/datasets/classification/easy/robikscube_eye-state-classification-eeg-dataset/EEG_Eye_State_Classification.csv,/home/joshua/Code/ai_projects/amalia/data/batch_results/corrected_execution/models/classification__easy__robikscube_eye-state-classification-eeg-dataset__EEG_Eye_State_Classification.pkl,2.0,"['1:load_csv', '2:train_classification_model']",classification,1.0,0.9212,0.0788,11984.0,"['AF3', 'F7', 'F3', 'FC5', 'T7', 'P7', 'O1', 'O2', 'P8', 'T8', 'FC6', 'F4', 'F8', 'AF4']",/home/joshua/Code/ai_projects/amalia/data/batch_results/corrected_execution/models/classification__easy__robikscube_eye-state-classification-eeg-dataset__EEG_Eye_State_Classification.pkl,/home/joshua/Code/ai_projects/amalia/data/batch_results/corrected_execution/models/classification__easy__robikscube_eye-state-classification-eeg-dataset__EEG_Eye_State_Classification_test_indices.json,,,,,,,,DeepSeek,Corrected (test_indices),False,easy,
classification__easy__robikscube_eye-state-classification-eeg-dataset__EEG_Eye_State_Classification,classification__easy__robikscube_eye-state-classification-eeg-dataset__EEG_Eye_State_Classification__variant_03_of_05.json,classification,,,success,,,,,,,,,/home/joshua/Code/ai_projects/amalia/backend/data/uploads/datasets/classification/easy/robikscube_eye-state-classification-eeg-dataset/EEG_Eye_State_Classification.csv,,0.0,[],,,,,,,,,,,,,,,,DeepSeek,Corrected (test_indices),False,easy,
classification__easy__robikscube_eye-state-classification-eeg-dataset__EEG_Eye_State_Classification,classification__easy__robikscube_eye-state-classification-eeg-dataset__EEG_Eye_State_Classification__variant_04_of_05.json,classification,eyeDetection,logistic,success,,0.6272,0.6484,0.4539,0.534,2996.0,2.0,True,/home/joshua/Code/ai_projects/amalia/backend/data/uploads/datasets/classification/easy/robikscube_eye-state-classification-eeg-dataset/EEG_Eye_State_Classification.csv,/home/joshua/Code/ai_projects/amalia/data/batch_results/corrected_execution/models/classification__easy__robikscube_eye-state-classification-eeg-dataset__EEG_Eye_State_Classification.pkl,3.0,"['1:load_csv', '2:train_classification_model', '3:evaluate_classification_model']",,,,,,,,,,,,,,,,DeepSeek,Corrected (test_indices),False,easy,
classification__easy__robikscube_eye-state-classification-eeg-dataset__EEG_Eye_State_Classification,classification__easy__robikscube_eye-state-classification-eeg-dataset__EEG_Eye_State_Classification__variant_05_of_05.json,classification,eyeDetection,logistic,success,,0.6272,0.6484,0.4539,0.534,2996.0,2.0,True,/home/joshua/Code/ai_projects/amalia/backend/data/uploads/datasets/classification/easy/robikscube_eye-state-classification-eeg-dataset/EEG_Eye_State_Classification.csv,/home/joshua/Code/ai_projects/amalia/data/batch_results/corrected_execution/models/classification__easy__robikscube_eye-state-classification-eeg-dataset__EEG_Eye_State_Classification.pkl,3.0,"['1:load_csv', '2:train_classification_model', '3:evaluate_classification_model']",,,,,,,,,,,,,,,,DeepSeek,Corrected (test_indices),False,easy,
classification__easy__uciml_glass__glass,classification__easy__uciml_glass__glass__variant_01_of_05.json,classification,Type,logistic,success,,0.6977,0.6249,0.6977,0.6453,43.0,6.0,False,/home/joshua/Code/ai_projects/amalia/backend/data/uploads/datasets/classification/easy/uciml_glass/glass.csv,/home/joshua/Code/ai_projects/amalia/data/batch_results/corrected_execution/models/classification__easy__uciml_glass__glass.pkl,3.0,"['1:load_csv', '2:train_classification_model', '3:evaluate_classification_model']",,,,,,,,,,,,,,,,DeepSeek,Corrected (test_indices),False,easy,
classification__easy__uciml_glass__glass,classification__easy__uciml_glass__glass__variant_02_of_05.json,classification,Type,random_forest,success,,0.7674,0.7367,0.7674,0.7446,43.0,6.0,False,/home/joshua/Code/ai_projects/amalia/backend/data/uploads/datasets/classification/easy/uciml_glass/glass.csv,/home/joshua/Code/ai_projects/amalia/data/batch_results/corrected_execution/models/classification__easy__uciml_glass__glass.pkl,3.0,"['1:load_csv', '2:train_classification_model', '3:evaluate_classification_model']",,,,,,,,,,,,,,,,DeepSeek,Corrected (test_indices),False,easy,
classification__easy__uciml_glass__glass,classification__easy__uciml_glass__glass__variant_03_of_05.json,classification,Type,logistic,success,,0.6977,0.6249,0.6977,0.6453,43.0,6.0,False,/home/joshua/Code/ai_projects/amalia/backend/data/uploads/datasets/classification/easy/uciml_glass/glass.csv,/home/joshua/Code/ai_projects/amalia/data/batch_results/corrected_execution/models/classification__easy__uciml_glass__glass.pkl,3.0,"['1:load_csv', '2:train_classification_model', '3:evaluate_classification_model']",,,,,,,,,,,,,,,,DeepSeek,Corrected (test_indices),False,easy,
classification__easy__uciml_glass__glass,classification__easy__uciml_glass__glass__variant_04_of_05.json,classification,Type,random_forest,success,,,,,,43.0,6.0,,/home/joshua/Code/ai_projects/amalia/backend/data/uploads/datasets/classification/easy/uciml_glass/glass.csv,/home/joshua/Code/ai_projects/amalia/data/batch_results/corrected_execution/models/classification__easy__uciml_glass__glass.pkl,3.0,"['1:load_csv', '2:handle_missing_values', '3:train_classification_model']",classification,1.0,0.7209,0.2791,171.0,"['RI', 'Na', 'Mg', 'Al', 'Si', 'K', 'Ca', 'Ba', 'Fe']",/home/joshua/Code/ai_projects/amalia/data/batch_results/corrected_execution/models/classification__easy__uciml_glass__glass.pkl,/home/joshua/Code/ai_projects/amalia/data/batch_results/corrected_execution/models/classification__easy__uciml_glass__glass_test_indices.json,,,,,,,,DeepSeek,Corrected (test_indices),False,easy,
classification__easy__uciml_glass__glass,classification__easy__uciml_glass__glass__variant_05_of_05.json,classification,,,success,,,,,,,,,/home/joshua/Code/ai_projects/amalia/backend/data/uploads/datasets/classification/easy/uciml_glass/glass.csv,,1.0,['1:load_csv'],,,,,,,,,,,,,,,,DeepSeek,Corrected (test_indices),False,easy,
classification__easy__yasserh_heart-disease-dataset__heart,classification__easy__yasserh_heart-disease-dataset__heart__variant_01_of_05.json,classification,target,logistic,success,,0.8852,0.8788,0.9062,0.8923,61.0,2.0,True,/home/joshua/Code/ai_projects/amalia/backend/data/uploads/datasets/classification/easy/yasserh_heart-disease-dataset/heart.csv,/home/joshua/Code/ai_projects/amalia/data/batch_results/corrected_execution/models/classification__easy__yasserh_heart-disease-dataset__heart.pkl,3.0,"['1:load_csv', '2:train_classification_model', '3:evaluate_classification_model']",,,,,,,,,,,,,,,,DeepSeek,Corrected (test_indices),False,easy,
classification__easy__yasserh_heart-disease-dataset__heart,classification__easy__yasserh_heart-disease-dataset__heart__variant_02_of_05.json,classification,target,logistic,success,,0.8852,0.8788,0.9062,0.8923,61.0,2.0,True,/home/joshua/Code/ai_projects/amalia/backend/data/uploads/datasets/classification/easy/yasserh_heart-disease-dataset/heart.csv,/home/joshua/Code/ai_projects/amalia/data/batch_results/corrected_execution/models/classification__easy__yasserh_heart-disease-dataset__heart.pkl,3.0,"['1:load_csv', '2:train_classification_model', '3:evaluate_classification_model']",,,,,,,,,,,,,,,,DeepSeek,Corrected (test_indices),False,easy,
classification__easy__yasserh_heart-disease-dataset__heart,classification__easy__yasserh_heart-disease-dataset__heart__variant_03_of_05.json,classification,target,logistic,success,,0.8852,0.8788,0.9062,0.8923,61.0,2.0,True,/home/joshua/Code/ai_projects/amalia/backend/data/uploads/datasets/classification/easy/yasserh_heart-disease-dataset/heart.csv,/home/joshua/Code/ai_projects/amalia/data/batch_results/corrected_execution/models/classification__easy__yasserh_heart-disease-dataset__heart.pkl,3.0,"['1:load_csv', '2:train_classification_model', '3:evaluate_classification_model']",,,,,,,,,,,,,,,,DeepSeek,Corrected (test_indices),False,easy,
classification__easy__yasserh_heart-disease-dataset__heart,classification__easy__yasserh_heart-disease-dataset__heart__variant_04_of_05.json,classification,target,logistic,success,,0.8852,0.8788,0.9062,0.8923,61.0,2.0,True,/home/joshua/Code/ai_projects/amalia/backend/data/uploads/datasets/classification/easy/yasserh_heart-disease-dataset/heart.csv,/home/joshua/Code/ai_projects/amalia/data/batch_results/corrected_execution/models/classification__easy__yasserh_heart-disease-dataset__heart.pkl,3.0,"['1:load_csv', '2:train_classification_model', '3:evaluate_classification_model']",,,,,,,,,,,,,,,,DeepSeek,Corrected (test_indices),False,easy,
classification__easy__yasserh_heart-disease-dataset__heart,classification__easy__yasserh_heart-disease-dataset__heart__variant_05_of_05.json,classification,target,logistic,success,,0.8852,0.8788,0.9062,0.8923,61.0,2.0,True,/home/joshua/Code/ai_projects/amalia/backend/data/uploads/datasets/classification/easy/yasserh_heart-disease-dataset/heart.csv,/home/joshua/Code/ai_projects/amalia/data/batch_results/corrected_execution/models/classification__easy__yasserh_heart-disease-dataset__heart.pkl,3.0,"['1:load_csv', '2:train_classification_model', '3:evaluate_classification_model']",,,,,,,,,,,,,,,,DeepSeek,Corrected (test_indices),False,easy,
classification__easy__yasserh_wine-quality-dataset__WineQT,classification__easy__yasserh_wine-quality-dataset__WineQT__variant_01_of_05.json,regression,Id,linear,success,,,,,,229.0,,,/home/joshua/Code/ai_projects/amalia/backend/data/uploads/datasets/classification/easy/yasserh_wine-quality-dataset/WineQT.csv,/home/joshua/Code/ai_projects/amalia/data/batch_results/corrected_execution/models/classification__easy__yasserh_wine-quality-dataset__WineQT.pkl,3.0,"['1:load_csv', '2:train_regression_model', '3:evaluate_regression_model']",,,,,,,,,0.1226,184153.57,429.1312,347.403,242.9196,,,DeepSeek,Corrected (test_indices),False,easy,
classification__easy__yasserh_wine-quality-dataset__WineQT,classification__easy__yasserh_wine-quality-dataset__WineQT__variant_02_of_05.json,regression,Id,linear,success,,,,,,229.0,,,/home/joshua/Code/ai_projects/amalia/backend/data/uploads/datasets/classification/easy/yasserh_wine-quality-dataset/WineQT.csv,/home/joshua/Code/ai_projects/amalia/data/batch_results/corrected_execution/models/classification__easy__yasserh_wine-quality-dataset__WineQT.pkl,3.0,"['1:load_csv', '2:train_regression_model', '3:evaluate_regression_model']",,,,,,,,,0.1226,184153.57,429.1312,347.403,242.9196,,,DeepSeek,Corrected (test_indices),False,easy,
classification__easy__yasserh_wine-quality-dataset__WineQT,classification__easy__yasserh_wine-quality-dataset__WineQT__variant_03_of_05.json,regression,Id,linear,success,,,,,,229.0,,,/home/joshua/Code/ai_projects/amalia/backend/data/uploads/datasets/classification/easy/yasserh_wine-quality-dataset/WineQT.csv,/home/joshua/Code/ai_projects/amalia/data/batch_results/corrected_execution/models/classification__easy__yasserh_wine-quality-dataset__WineQT.pkl,3.0,"['1:load_csv', '2:train_regression_model', '3:evaluate_regression_model']",,,,,,,,,0.1226,184153.57,429.1312,347.403,242.9196,,,DeepSeek,Corrected (test_indices),False,easy,
classification__easy__yasserh_wine-quality-dataset__WineQT,classification__easy__yasserh_wine-quality-dataset__WineQT__variant_04_of_05.json,classification,quality,knn,success,,0.5808,0.5717,0.5808,0.5742,229.0,6.0,False,/home/joshua/Code/ai_projects/amalia/backend/data/uploads/datasets/classification/easy/yasserh_wine-quality-dataset/WineQT.csv,/home/joshua/Code/ai_projects/amalia/data/batch_results/corrected_execution/models/classification__easy__yasserh_wine-quality-dataset__WineQT.pkl,5.0,"['2:train_classification_model', '2:train_classification_model', '2:train_classification_model', '2:train_classification_model', '4:evaluate_classification_model']",,,,,,,,,,,,,,,,DeepSeek,Corrected (test_indices),False,easy,
classification__easy__yasserh_wine-quality-dataset__WineQT,classification__easy__yasserh_wine-quality-dataset__WineQT__variant_05_of_05.json,regression,Id,linear,success,,,,,,229.0,,,/home/joshua/Code/ai_projects/amalia/backend/data/uploads/datasets/classification/easy/yasserh_wine-quality-dataset/WineQT.csv,/home/joshua/Code/ai_projects/amalia/data/batch_results/corrected_execution/models/classification__easy__yasserh_wine-quality-dataset__WineQT.pkl,3.0,"['1:load_csv', '2:train_regression_model', '3:evaluate_regression_model']",,,,,,,,,0.1226,184153.57,429.1312,347.403,242.9196,,,DeepSeek,Corrected (test_indices),False,easy,
classification__hard__abhishek14398_loan-dataset__loan,classification__hard__abhishek14398_loan-dataset__loan__variant_01_of_05.json,classification,total_il_high_credit_limit,naive_bayes,failed,Input y contains NaN.,,,,,,,,,,,,,,,,,,,,,,,,,,,DeepSeek,Corrected (test_indices),False,hard,
classification__hard__abhishek14398_loan-dataset__loan,classification__hard__abhishek14398_loan-dataset__loan__variant_02_of_05.json,classification,total_il_high_credit_limit,naive_bayes,failed,Input y contains NaN.,,,,,,,,,,,,,,,,,,,,,,,,,,,DeepSeek,Corrected (test_indices),False,hard,
classification__hard__abhishek14398_loan-dataset__loan,classification__hard__abhishek14398_loan-dataset__loan__variant_03_of_05.json,classification,total_il_high_credit_limit,naive_bayes,failed,Input y contains NaN.,,,,,,,,,,,,,,,,,,,,,,,,,,,DeepSeek,Corrected (test_indices),False,hard,
classification__hard__abhishek14398_loan-dataset__loan,classification__hard__abhishek14398_loan-dataset__loan__variant_04_of_05.json,classification,total_il_high_credit_limit,naive_bayes,failed,Input y contains NaN.,,,,,,,,,,,,,,,,,,,,,,,,,,,DeepSeek,Corrected (test_indices),False,hard,
classification__hard__abhishek14398_loan-dataset__loan,classification__hard__abhishek14398_loan-dataset__loan__variant_05_of_05.json,classification,total_il_high_credit_limit,naive_bayes,failed,Input y contains NaN.,,,,,,,,,,,,,,,,,,,,,,,,,,,DeepSeek,Corrected (test_indices),False,hard,
classification__hard__andrewmvd_cyberbullying-classification__cyberbullying_tweets,classification__hard__andrewmvd_cyberbullying-classification__cyberbullying_tweets__variant_01_of_05.json,classification,cyberbullying_type,logistic,success,,,,,,4000.0,6.0,,/home/joshua/Code/ai_projects/amalia/backend/data/uploads/datasets/classification/hard/andrewmvd_cyberbullying-classification/cyberbullying_tweets.csv,/home/joshua/Code/ai_projects/amalia/data/batch_results/corrected_execution/models/classification__hard__andrewmvd_cyberbullying-classification__cyberbullying_tweets.pkl,2.0,"['1:load_csv', '3:train_classification_model']",classification,0.8906,0.888,0.0026,16000.0,['tweet_text'],/home/joshua/Code/ai_projects/amalia/data/batch_results/corrected_execution/models/classification__hard__andrewmvd_cyberbullying-classification__cyberbullying_tweets.pkl,/home/joshua/Code/ai_projects/amalia/data/batch_results/corrected_execution/models/classification__hard__andrewmvd_cyberbullying-classification__cyberbullying_tweets_test_indices.json,,,,,,,,DeepSeek,Corrected (test_indices),False,hard,
classification__hard__andrewmvd_cyberbullying-classification__cyberbullying_tweets,classification__hard__andrewmvd_cyberbullying-classification__cyberbullying_tweets__variant_02_of_05.json,classification,label,random_forest,failed,train_classification_model: Target column 'label' not found,,,,,,,,,,,,,,,,,,,,,,,,,,,DeepSeek,Corrected (test_indices),False,hard,
classification__hard__andrewmvd_cyberbullying-classification__cyberbullying_tweets,classification__hard__andrewmvd_cyberbullying-classification__cyberbullying_tweets__variant_03_of_05.json,classification,cyberbullying_type,logistic,success,,0.1698,0.0288,0.1698,0.0493,4000.0,6.0,False,/home/joshua/Code/ai_projects/amalia/backend/data/uploads/datasets/classification/hard/andrewmvd_cyberbullying-classification/cyberbullying_tweets.csv,/home/joshua/Code/ai_projects/amalia/data/batch_results/corrected_execution/models/classification__hard__andrewmvd_cyberbullying-classification__cyberbullying_tweets.pkl,3.0,"['1:load_csv', '2:train_classification_model', '3:evaluate_classification_model']",,,,,,,,,,,,,,,,DeepSeek,Corrected (test_indices),False,hard,
classification__hard__andrewmvd_cyberbullying-classification__cyberbullying_tweets,classification__hard__andrewmvd_cyberbullying-classification__cyberbullying_tweets__variant_04_of_05.json,classification,cyberbullying_type,logistic,success,,0.1698,0.0288,0.1698,0.0493,4000.0,6.0,False,/home/joshua/Code/ai_projects/amalia/backend/data/uploads/datasets/classification/hard/andrewmvd_cyberbullying-classification/cyberbullying_tweets.csv,/home/joshua/Code/ai_projects/amalia/data/batch_results/corrected_execution/models/classification__hard__andrewmvd_cyberbullying-classification__cyberbullying_tweets.pkl,3.0,"['1:load_csv', '2:train_classification_model', '3:evaluate_classification_model']",,,,,,,,,,,,,,,,DeepSeek,Corrected (test_indices),False,hard,
classification__hard__andrewmvd_cyberbullying-classification__cyberbullying_tweets,classification__hard__andrewmvd_cyberbullying-classification__cyberbullying_tweets__variant_05_of_05.json,classification,,,success,,,,,,,,,/home/joshua/Code/ai_projects/amalia/backend/data/uploads/datasets/classification/hard/andrewmvd_cyberbullying-classification/cyberbullying_tweets.csv,,0.0,[],,,,,,,,,,,,,,,,DeepSeek,Corrected (test_indices),False,hard,
classification__hard__balaka18_email-spam-classification-dataset-csv__emails,classification__hard__balaka18_email-spam-classification-dataset-csv__emails__variant_01_of_05.json,classification,target,svm,success,,0.9874,0.975,0.9874,0.9812,1035.0,5.0,False,/home/joshua/Code/ai_projects/amalia/backend/data/uploads/datasets/classification/hard/balaka18_email-spam-classification-dataset-csv/emails.csv,/home/joshua/Code/ai_projects/amalia/data/batch_results/corrected_execution/models/classification__hard__balaka18_email-spam-classification-dataset-csv__emails.pkl,3.0,"['1:load_csv', '2:train_classification_model', '3:evaluate_classification_model']",,,,,,,,,,,,,,,,DeepSeek,Corrected (test_indices),True,hard,
classification__hard__balaka18_email-spam-classification-dataset-csv__emails,classification__hard__balaka18_email-spam-classification-dataset-csv__emails__variant_02_of_05.json,classification,target,svm,success,,0.9874,0.975,0.9874,0.9812,1035.0,5.0,False,/home/joshua/Code/ai_projects/amalia/backend/data/uploads/datasets/classification/hard/balaka18_email-spam-classification-dataset-csv/emails.csv,/home/joshua/Code/ai_projects/amalia/data/batch_results/corrected_execution/models/classification__hard__balaka18_email-spam-classification-dataset-csv__emails.pkl,3.0,"['1:load_csv', '2:train_classification_model', '3:evaluate_classification_model']",,,,,,,,,,,,,,,,DeepSeek,Corrected (test_indices),True,hard,
classification__hard__balaka18_email-spam-classification-dataset-csv__emails,classification__hard__balaka18_email-spam-classification-dataset-csv__emails__variant_03_of_05.json,classification,target,svm,success,,0.9874,0.975,0.9874,0.9812,1035.0,5.0,False,/home/joshua/Code/ai_projects/amalia/backend/data/uploads/datasets/classification/hard/balaka18_email-spam-classification-dataset-csv/emails.csv,/home/joshua/Code/ai_projects/amalia/data/batch_results/corrected_execution/models/classification__hard__balaka18_email-spam-classification-dataset-csv__emails.pkl,3.0,"['1:load_csv', '2:train_classification_model', '3:evaluate_classification_model']",,,,,,,,,,,,,,,,DeepSeek,Corrected (test_indices),True,hard,
classification__hard__balaka18_email-spam-classification-dataset-csv__emails,classification__hard__balaka18_email-spam-classification-dataset-csv__emails__variant_04_of_05.json,classification,target,svm,success,,0.9874,0.975,0.9874,0.9812,1035.0,5.0,False,/home/joshua/Code/ai_projects/amalia/backend/data/uploads/datasets/classification/hard/balaka18_email-spam-classification-dataset-csv/emails.csv,/home/joshua/Code/ai_projects/amalia/data/batch_results/corrected_execution/models/classification__hard__balaka18_email-spam-classification-dataset-csv__emails.pkl,3.0,"['1:load_csv', '2:train_classification_model', '3:evaluate_classification_model']",,,,,,,,,,,,,,,,DeepSeek,Corrected (test_indices),True,hard,
classification__hard__balaka18_email-spam-classification-dataset-csv__emails,classification__hard__balaka18_email-spam-classification-dataset-csv__emails__variant_05_of_05.json,classification,target,svm,success,,0.9874,0.975,0.9874,0.9812,1035.0,5.0,False,/home/joshua/Code/ai_projects/amalia/backend/data/uploads/datasets/classification/hard/balaka18_email-spam-classification-dataset-csv/emails.csv,/home/joshua/Code/ai_projects/amalia/data/batch_results/corrected_execution/models/classification__hard__balaka18_email-spam-classification-dataset-csv__emails.pkl,3.0,"['1:load_csv', '2:train_classification_model', '3:evaluate_classification_model']",,,,,,,,,,,,,,,,DeepSeek,Corrected (test_indices),True,hard,
classification__hard__ddosad_ecommerce-customer-service-satisfaction__Customer_support_data,classification__hard__ddosad_ecommerce-customer-service-satisfaction__Customer_support_data__variant_01_of_05.json,classification,CSAT Score,naive_bayes,failed,"Input X contains NaN.
GaussianNB does not accept missing values encoded as NaN natively. For supervised learning, you might want to consider sklearn.ensemble.HistGradientBoostingClassifier and Regressor which accept missing values encoded as NaNs natively. Alternatively, it is possible to preprocess the data, for instance by using an imputer transformer in a pipeline or drop samples with missing values. See https://scikit-learn.org/stable/modules/impute.html You can find a list of all estimators that handle NaN values at the following page: https://scikit-learn.org/stable/modules/impute.html#estimators-that-handle-nan-values",,,,,,,,,,,,,,,,,,,,,,,,,,,DeepSeek,Corrected (test_indices),False,hard,
classification__hard__ddosad_ecommerce-customer-service-satisfaction__Customer_support_data,classification__hard__ddosad_ecommerce-customer-service-satisfaction__Customer_support_data__variant_02_of_05.json,classification,CSAT Score,naive_bayes,failed,"Input X contains NaN.
GaussianNB does not accept missing values encoded as NaN natively. For supervised learning, you might want to consider sklearn.ensemble.HistGradientBoostingClassifier and Regressor which accept missing values encoded as NaNs natively. Alternatively, it is possible to preprocess the data, for instance by using an imputer transformer in a pipeline or drop samples with missing values. See https://scikit-learn.org/stable/modules/impute.html You can find a list of all estimators that handle NaN values at the following page: https://scikit-learn.org/stable/modules/impute.html#estimators-that-handle-nan-values",,,,,,,,,,,,,,,,,,,,,,,,,,,DeepSeek,Corrected (test_indices),False,hard,
classification__hard__ddosad_ecommerce-customer-service-satisfaction__Customer_support_data,classification__hard__ddosad_ecommerce-customer-service-satisfaction__Customer_support_data__variant_03_of_05.json,classification,CSAT Score,naive_bayes,failed,"Input X contains NaN.
GaussianNB does not accept missing values encoded as NaN natively. For supervised learning, you might want to consider sklearn.ensemble.HistGradientBoostingClassifier and Regressor which accept missing values encoded as NaNs natively. Alternatively, it is possible to preprocess the data, for instance by using an imputer transformer in a pipeline or drop samples with missing values. See https://scikit-learn.org/stable/modules/impute.html You can find a list of all estimators that handle NaN values at the following page: https://scikit-learn.org/stable/modules/impute.html#estimators-that-handle-nan-values",,,,,,,,,,,,,,,,,,,,,,,,,,,DeepSeek,Corrected (test_indices),False,hard,
classification__hard__ddosad_ecommerce-customer-service-satisfaction__Customer_support_data,classification__hard__ddosad_ecommerce-customer-service-satisfaction__Customer_support_data__variant_04_of_05.json,classification,CSAT Score,naive_bayes,failed,"Input X contains NaN.
GaussianNB does not accept missing values encoded as NaN natively. For supervised learning, you might want to consider sklearn.ensemble.HistGradientBoostingClassifier and Regressor which accept missing values encoded as NaNs natively. Alternatively, it is possible to preprocess the data, for instance by using an imputer transformer in a pipeline or drop samples with missing values. See https://scikit-learn.org/stable/modules/impute.html You can find a list of all estimators that handle NaN values at the following page: https://scikit-learn.org/stable/modules/impute.html#estimators-that-handle-nan-values",,,,,,,,,,,,,,,,,,,,,,,,,,,DeepSeek,Corrected (test_indices),False,hard,
classification__hard__ddosad_ecommerce-customer-service-satisfaction__Customer_support_data,classification__hard__ddosad_ecommerce-customer-service-satisfaction__Customer_support_data__variant_05_of_05.json,classification,CSAT Score,naive_bayes,failed,"Input X contains NaN.
GaussianNB does not accept missing values encoded as NaN natively. For supervised learning, you might want to consider sklearn.ensemble.HistGradientBoostingClassifier and Regressor which accept missing values encoded as NaNs natively. Alternatively, it is possible to preprocess the data, for instance by using an imputer transformer in a pipeline or drop samples with missing values. See https://scikit-learn.org/stable/modules/impute.html You can find a list of all estimators that handle NaN values at the following page: https://scikit-learn.org/stable/modules/impute.html#estimators-that-handle-nan-values",,,,,,,,,,,,,,,,,,,,,,,,,,,DeepSeek,Corrected (test_indices),False,hard,
classification__hard__hetulmehta_website-classification__website_classification,classification__hard__hetulmehta_website-classification__website_classification__variant_01_of_05.json,classification,Category,logistic,success,,0.0957,0.0306,0.0957,0.038,282.0,16.0,False,/home/joshua/Code/ai_projects/amalia/backend/data/uploads/datasets/classification/hard/hetulmehta_website-classification/website_classification.csv,/home/joshua/Code/ai_projects/amalia/data/batch_results/corrected_execution/models/classification__hard__hetulmehta_website-classification__website_classification.pkl,3.0,"['1:load_csv', '2:train_classification_model', '3:evaluate_classification_model']",,,,,,,,,,,,,,,,DeepSeek,Corrected (test_indices),False,hard,
classification__hard__hetulmehta_website-classification__website_classification,classification__hard__hetulmehta_website-classification__website_classification__variant_02_of_05.json,classification,,,success,,,,,,,,,/home/joshua/Code/ai_projects/amalia/backend/data/uploads/datasets/classification/hard/hetulmehta_website-classification/website_classification.csv,,1.0,['1:load_csv'],,,,,,,,,,,,,,,,DeepSeek,Corrected (test_indices),False,hard,
classification__hard__hetulmehta_website-classification__website_classification,classification__hard__hetulmehta_website-classification__website_classification__variant_03_of_05.json,classification,Category,logistic,success,,0.0957,0.0306,0.0957,0.038,282.0,16.0,False,/home/joshua/Code/ai_projects/amalia/backend/data/uploads/datasets/classification/hard/hetulmehta_website-classification/website_classification.csv,/home/joshua/Code/ai_projects/amalia/data/batch_results/corrected_execution/models/classification__hard__hetulmehta_website-classification__website_classification.pkl,3.0,"['1:load_csv', '2:train_classification_model', '3:evaluate_classification_model']",,,,,,,,,,,,,,,,DeepSeek,Corrected (test_indices),False,hard,
classification__hard__hetulmehta_website-classification__website_classification,classification__hard__hetulmehta_website-classification__website_classification__variant_04_of_05.json,classification,Category,logistic,success,,0.0957,0.0306,0.0957,0.038,282.0,16.0,False,/home/joshua/Code/ai_projects/amalia/backend/data/uploads/datasets/classification/hard/hetulmehta_website-classification/website_classification.csv,/home/joshua/Code/ai_projects/amalia/data/batch_results/corrected_execution/models/classification__hard__hetulmehta_website-classification__website_classification.pkl,3.0,"['1:load_csv', '2:train_classification_model', '3:evaluate_classification_model']",,,,,,,,,,,,,,,,DeepSeek,Corrected (test_indices),False,hard,
classification__hard__hetulmehta_website-classification__website_classification,classification__hard__hetulmehta_website-classification__website_classification__variant_05_of_05.json,classification,Category,logistic,success,,0.0957,0.0306,0.0957,0.038,282.0,16.0,False,/home/joshua/Code/ai_projects/amalia/backend/data/uploads/datasets/classification/hard/hetulmehta_website-classification/website_classification.csv,/home/joshua/Code/ai_projects/amalia/data/batch_results/corrected_execution/models/classification__hard__hetulmehta_website-classification__website_classification.pkl,3.0,"['1:load_csv', '2:train_classification_model', '3:evaluate_classification_model']",,,,,,,,,,,,,,,,DeepSeek,Corrected (test_indices),False,hard,
classification__hard__jocelyndumlao_consumer-review-of-clothing-product__Consumer Review of Clothing Product__data_amazon.xlsx - Sheet1,classification__hard__jocelyndumlao_consumer-review-of-clothing-product__Consumer Review of Clothing Product__data_amazon.xlsx - Sheet1__variant_01_of_05.json,classification,Durability,logistic,failed,"Input X contains NaN.
LogisticRegression does not accept missing values encoded as NaN natively. For supervised learning, you might want to consider sklearn.ensemble.HistGradientBoostingClassifier and Regressor which accept missing values encoded as NaNs natively. Alternatively, it is possible to preprocess the data, for instance by using an imputer transformer in a pipeline or drop samples with missing values. See https://scikit-learn.org/stable/modules/impute.html You can find a list of all estimators that handle NaN values at the following page: https://scikit-learn.org/stable/modules/impute.html#estimators-that-handle-nan-values",,,,,,,,,,,,,,,,,,,,,,,,,,,DeepSeek,Corrected (test_indices),False,hard,
classification__hard__jocelyndumlao_consumer-review-of-clothing-product__Consumer Review of Clothing Product__data_amazon.xlsx - Sheet1,classification__hard__jocelyndumlao_consumer-review-of-clothing-product__Consumer Review of Clothing Product__data_amazon.xlsx - Sheet1__variant_02_of_05.json,classification,Durability,logistic,failed,"Input X contains NaN.
LogisticRegression does not accept missing values encoded as NaN natively. For supervised learning, you might want to consider sklearn.ensemble.HistGradientBoostingClassifier and Regressor which accept missing values encoded as NaNs natively. Alternatively, it is possible to preprocess the data, for instance by using an imputer transformer in a pipeline or drop samples with missing values. See https://scikit-learn.org/stable/modules/impute.html You can find a list of all estimators that handle NaN values at the following page: https://scikit-learn.org/stable/modules/impute.html#estimators-that-handle-nan-values",,,,,,,,,,,,,,,,,,,,,,,,,,,DeepSeek,Corrected (test_indices),False,hard,
classification__hard__jocelyndumlao_consumer-review-of-clothing-product__Consumer Review of Clothing Product__data_amazon.xlsx - Sheet1,classification__hard__jocelyndumlao_consumer-review-of-clothing-product__Consumer Review of Clothing Product__data_amazon.xlsx - Sheet1__variant_03_of_05.json,classification,Durability,logistic,failed,"Input X contains NaN.
LogisticRegression does not accept missing values encoded as NaN natively. For supervised learning, you might want to consider sklearn.ensemble.HistGradientBoostingClassifier and Regressor which accept missing values encoded as NaNs natively. Alternatively, it is possible to preprocess the data, for instance by using an imputer transformer in a pipeline or drop samples with missing values. See https://scikit-learn.org/stable/modules/impute.html You can find a list of all estimators that handle NaN values at the following page: https://scikit-learn.org/stable/modules/impute.html#estimators-that-handle-nan-values",,,,,,,,,,,,,,,,,,,,,,,,,,,DeepSeek,Corrected (test_indices),False,hard,
classification__hard__jocelyndumlao_consumer-review-of-clothing-product__Consumer Review of Clothing Product__data_amazon.xlsx - Sheet1,classification__hard__jocelyndumlao_consumer-review-of-clothing-product__Consumer Review of Clothing Product__data_amazon.xlsx - Sheet1__variant_04_of_05.json,classification,Durability,logistic,failed,"Input X contains NaN.
LogisticRegression does not accept missing values encoded as NaN natively. For supervised learning, you might want to consider sklearn.ensemble.HistGradientBoostingClassifier and Regressor which accept missing values encoded as NaNs natively. Alternatively, it is possible to preprocess the data, for instance by using an imputer transformer in a pipeline or drop samples with missing values. See https://scikit-learn.org/stable/modules/impute.html You can find a list of all estimators that handle NaN values at the following page: https://scikit-learn.org/stable/modules/impute.html#estimators-that-handle-nan-values",,,,,,,,,,,,,,,,,,,,,,,,,,,DeepSeek,Corrected (test_indices),False,hard,
classification__hard__jocelyndumlao_consumer-review-of-clothing-product__Consumer Review of Clothing Product__data_amazon.xlsx - Sheet1,classification__hard__jocelyndumlao_consumer-review-of-clothing-product__Consumer Review of Clothing Product__data_amazon.xlsx - Sheet1__variant_05_of_05.json,classification,Durability,logistic,failed,"Input X contains NaN.
LogisticRegression does not accept missing values encoded as NaN natively. For supervised learning, you might want to consider sklearn.ensemble.HistGradientBoostingClassifier and Regressor which accept missing values encoded as NaNs natively. Alternatively, it is possible to preprocess the data, for instance by using an imputer transformer in a pipeline or drop samples with missing values. See https://scikit-learn.org/stable/modules/impute.html You can find a list of all estimators that handle NaN values at the following page: https://scikit-learn.org/stable/modules/impute.html#estimators-that-handle-nan-values",,,,,,,,,,,,,,,,,,,,,,,,,,,DeepSeek,Corrected (test_indices),False,hard,
classification__hard__pashupatigupta_emotion-detection-from-text__tweet_emotions,classification__hard__pashupatigupta_emotion-detection-from-text__tweet_emotions__variant_01_of_05.json,classification,content,logistic,success,,0.0,0.0,0.0,0.0,4000.0,3997.0,False,/home/joshua/Code/ai_projects/amalia/backend/data/uploads/datasets/classification/hard/pashupatigupta_emotion-detection-from-text/tweet_emotions.csv,/home/joshua/Code/ai_projects/amalia/data/batch_results/corrected_execution/models/classification__hard__pashupatigupta_emotion-detection-from-text__tweet_emotions.pkl,3.0,"['1:load_csv', '2:train_classification_model', '3:evaluate_classification_model']",,,,,,,,,,,,,,,,DeepSeek,Corrected (test_indices),False,hard,
classification__hard__pashupatigupta_emotion-detection-from-text__tweet_emotions,classification__hard__pashupatigupta_emotion-detection-from-text__tweet_emotions__variant_02_of_05.json,classification,content,logistic,success,,0.0,0.0,0.0,0.0,4000.0,3997.0,False,/home/joshua/Code/ai_projects/amalia/backend/data/uploads/datasets/classification/hard/pashupatigupta_emotion-detection-from-text/tweet_emotions.csv,/home/joshua/Code/ai_projects/amalia/data/batch_results/corrected_execution/models/classification__hard__pashupatigupta_emotion-detection-from-text__tweet_emotions.pkl,3.0,"['1:load_csv', '2:train_classification_model', '3:evaluate_classification_model']",,,,,,,,,,,,,,,,DeepSeek,Corrected (test_indices),False,hard,
classification__hard__pashupatigupta_emotion-detection-from-text__tweet_emotions,classification__hard__pashupatigupta_emotion-detection-from-text__tweet_emotions__variant_03_of_05.json,classification,,,success,,,,,,,,,/home/joshua/Code/ai_projects/amalia/backend/data/uploads/datasets/classification/hard/pashupatigupta_emotion-detection-from-text/tweet_emotions.csv,,0.0,[],,,,,,,,,,,,,,,,DeepSeek,Corrected (test_indices),False,hard,
classification__hard__pashupatigupta_emotion-detection-from-text__tweet_emotions,classification__hard__pashupatigupta_emotion-detection-from-text__tweet_emotions__variant_04_of_05.json,classification,content,logistic,success,,0.0,0.0,0.0,0.0,4000.0,3997.0,False,/home/joshua/Code/ai_projects/amalia/backend/data/uploads/datasets/classification/hard/pashupatigupta_emotion-detection-from-text/tweet_emotions.csv,/home/joshua/Code/ai_projects/amalia/data/batch_results/corrected_execution/models/classification__hard__pashupatigupta_emotion-detection-from-text__tweet_emotions.pkl,3.0,"['1:load_csv', '2:train_classification_model', '3:evaluate_classification_model']",,,,,,,,,,,,,,,,DeepSeek,Corrected (test_indices),False,hard,
classification__hard__pashupatigupta_emotion-detection-from-text__tweet_emotions,classification__hard__pashupatigupta_emotion-detection-from-text__tweet_emotions__variant_05_of_05.json,classification,content,logistic,success,,0.0,0.0,0.0,0.0,4000.0,3997.0,False,/home/joshua/Code/ai_projects/amalia/backend/data/uploads/datasets/classification/hard/pashupatigupta_emotion-detection-from-text/tweet_emotions.csv,/home/joshua/Code/ai_projects/amalia/data/batch_results/corrected_execution/models/classification__hard__pashupatigupta_emotion-detection-from-text__tweet_emotions.pkl,3.0,"['1:load_csv', '2:train_classification_model', '3:evaluate_classification_model']",,,,,,,,,,,,,,,,DeepSeek,Corrected (test_indices),False,hard,
classification__hard__prox37_twitter-multilabel-classification-dataset__mLabel_tweets,classification__hard__prox37_twitter-multilabel-classification-dataset__mLabel_tweets__variant_01_of_05.json,classification,labels,logistic,success,,0.2907,0.0845,0.2907,0.1309,1985.0,139.0,False,/home/joshua/Code/ai_projects/amalia/backend/data/uploads/datasets/classification/hard/prox37_twitter-multilabel-classification-dataset/mLabel_tweets.csv,/home/joshua/Code/ai_projects/amalia/data/batch_results/corrected_execution/models/classification__hard__prox37_twitter-multilabel-classification-dataset__mLabel_tweets.pkl,3.0,"['1:load_csv', '2:train_classification_model', '3:evaluate_classification_model']",,,,,,,,,,,,,,,,DeepSeek,Corrected (test_indices),False,hard,
classification__hard__prox37_twitter-multilabel-classification-dataset__mLabel_tweets,classification__hard__prox37_twitter-multilabel-classification-dataset__mLabel_tweets__variant_02_of_05.json,classification,labels,logistic,success,,0.2907,0.0845,0.2907,0.1309,1985.0,139.0,False,/home/joshua/Code/ai_projects/amalia/backend/data/uploads/datasets/classification/hard/prox37_twitter-multilabel-classification-dataset/mLabel_tweets.csv,/home/joshua/Code/ai_projects/amalia/data/batch_results/corrected_execution/models/classification__hard__prox37_twitter-multilabel-classification-dataset__mLabel_tweets.pkl,3.0,"['1:load_csv', '2:train_classification_model', '3:evaluate_classification_model']",,,,,,,,,,,,,,,,DeepSeek,Corrected (test_indices),False,hard,
classification__hard__prox37_twitter-multilabel-classification-dataset__mLabel_tweets,classification__hard__prox37_twitter-multilabel-classification-dataset__mLabel_tweets__variant_03_of_05.json,classification,labels,logistic,success,,0.2907,0.0845,0.2907,0.1309,1985.0,139.0,False,/home/joshua/Code/ai_projects/amalia/backend/data/uploads/datasets/classification/hard/prox37_twitter-multilabel-classification-dataset/mLabel_tweets.csv,/home/joshua/Code/ai_projects/amalia/data/batch_results/corrected_execution/models/classification__hard__prox37_twitter-multilabel-classification-dataset__mLabel_tweets.pkl,3.0,"['1:load_csv', '2:train_classification_model', '3:evaluate_classification_model']",,,,,,,,,,,,,,,,DeepSeek,Corrected (test_indices),False,hard,
classification__hard__prox37_twitter-multilabel-classification-dataset__mLabel_tweets,classification__hard__prox37_twitter-multilabel-classification-dataset__mLabel_tweets__variant_04_of_05.json,classification,labels,logistic,success,,0.2907,0.0845,0.2907,0.1309,1985.0,139.0,False,/home/joshua/Code/ai_projects/amalia/backend/data/uploads/datasets/classification/hard/prox37_twitter-multilabel-classification-dataset/mLabel_tweets.csv,/home/joshua/Code/ai_projects/amalia/data/batch_results/corrected_execution/models/classification__hard__prox37_twitter-multilabel-classification-dataset__mLabel_tweets.pkl,3.0,"['1:load_csv', '2:train_classification_model', '3:evaluate_classification_model']",,,,,,,,,,,,,,,,DeepSeek,Corrected (test_indices),False,hard,
classification__hard__prox37_twitter-multilabel-classification-dataset__mLabel_tweets,classification__hard__prox37_twitter-multilabel-classification-dataset__mLabel_tweets__variant_05_of_05.json,classification,labels,logistic,success,,0.2907,0.0845,0.2907,0.1309,1985.0,139.0,False,/home/joshua/Code/ai_projects/amalia/backend/data/uploads/datasets/classification/hard/prox37_twitter-multilabel-classification-dataset/mLabel_tweets.csv,/home/joshua/Code/ai_projects/amalia/data/batch_results/corrected_execution/models/classification__hard__prox37_twitter-multilabel-classification-dataset__mLabel_tweets.pkl,3.0,"['1:load_csv', '2:train_classification_model', '3:evaluate_classification_model']",,,,,,,,,,,,,,,,DeepSeek,Corrected (test_indices),False,hard,
classification__hard__saurabhshahane_ecommerce-text-classification__ecommerceDataset,classification__hard__saurabhshahane_ecommerce-text-classification__ecommerceDataset__variant_01_of_05.json,classification,"Paper Plane Design Framed Wall Hanging Motivational Office Decor Art Prints (8.7 X 8.7 inch) - Set of 4 Painting made up in synthetic frame with uv textured print which gives multi effects and attracts towards it. This is an special series of paintings which makes your wall very beautiful and gives a royal touch. This painting is ready to hang, you would be proud to possess this unique painting that is a niche apart. We use only the most modern and efficient printing technology on our prints, with only the and inks and precision epson, roland and hp printers. This innovative hd printing technique results in durable and spectacular looking prints of the highest that last a lifetime. We print solely with top-notch 100% inks, to achieve brilliant and true colours. Due to their high level of uv resistance, our prints retain their beautiful colours for many years. Add colour and style to your living space with this digitally printed painting. Some are for pleasure and some for eternal bliss.so bring home this elegant print that is lushed with rich colors that makes it nothing but sheer elegance to be to your friends and family.it would be treasured forever by whoever your lucky recipient is. Liven up your place with these intriguing paintings that are high definition hd graphic digital prints for home, office or any room.",logistic,failed,Input contains NaN,,,,,,,,,,,,,,,,,,,,,,,,,,,DeepSeek,Corrected (test_indices),False,hard,
classification__hard__saurabhshahane_ecommerce-text-classification__ecommerceDataset,classification__hard__saurabhshahane_ecommerce-text-classification__ecommerceDataset__variant_02_of_05.json,classification,"Paper Plane Design Framed Wall Hanging Motivational Office Decor Art Prints (8.7 X 8.7 inch) - Set of 4 Painting made up in synthetic frame with uv textured print which gives multi effects and attracts towards it. This is an special series of paintings which makes your wall very beautiful and gives a royal touch. This painting is ready to hang, you would be proud to possess this unique painting that is a niche apart. We use only the most modern and efficient printing technology on our prints, with only the and inks and precision epson, roland and hp printers. This innovative hd printing technique results in durable and spectacular looking prints of the highest that last a lifetime. We print solely with top-notch 100% inks, to achieve brilliant and true colours. Due to their high level of uv resistance, our prints retain their beautiful colours for many years. Add colour and style to your living space with this digitally printed painting. Some are for pleasure and some for eternal bliss.so bring home this elegant print that is lushed with rich colors that makes it nothing but sheer elegance to be to your friends and family.it would be treasured forever by whoever your lucky recipient is. Liven up your place with these intriguing paintings that are high definition hd graphic digital prints for home, office or any room.",logistic,failed,Input contains NaN,,,,,,,,,,,,,,,,,,,,,,,,,,,DeepSeek,Corrected (test_indices),False,hard,
classification__hard__saurabhshahane_ecommerce-text-classification__ecommerceDataset,classification__hard__saurabhshahane_ecommerce-text-classification__ecommerceDataset__variant_03_of_05.json,classification,"Paper Plane Design Framed Wall Hanging Motivational Office Decor Art Prints (8.7 X 8.7 inch) - Set of 4 Painting made up in synthetic frame with uv textured print which gives multi effects and attracts towards it. This is an special series of paintings which makes your wall very beautiful and gives a royal touch. This painting is ready to hang, you would be proud to possess this unique painting that is a niche apart. We use only the most modern and efficient printing technology on our prints, with only the and inks and precision epson, roland and hp printers. This innovative hd printing technique results in durable and spectacular looking prints of the highest that last a lifetime. We print solely with top-notch 100% inks, to achieve brilliant and true colours. Due to their high level of uv resistance, our prints retain their beautiful colours for many years. Add colour and style to your living space with this digitally printed painting. Some are for pleasure and some for eternal bliss.so bring home this elegant print that is lushed with rich colors that makes it nothing but sheer elegance to be to your friends and family.it would be treasured forever by whoever your lucky recipient is. Liven up your place with these intriguing paintings that are high definition hd graphic digital prints for home, office or any room.",logistic,failed,Input contains NaN,,,,,,,,,,,,,,,,,,,,,,,,,,,DeepSeek,Corrected (test_indices),False,hard,
classification__hard__saurabhshahane_ecommerce-text-classification__ecommerceDataset,classification__hard__saurabhshahane_ecommerce-text-classification__ecommerceDataset__variant_04_of_05.json,classification,"Paper Plane Design Framed Wall Hanging Motivational Office Decor Art Prints (8.7 X 8.7 inch) - Set of 4 Painting made up in synthetic frame with uv textured print which gives multi effects and attracts towards it. This is an special series of paintings which makes your wall very beautiful and gives a royal touch. This painting is ready to hang, you would be proud to possess this unique painting that is a niche apart. We use only the most modern and efficient printing technology on our prints, with only the and inks and precision epson, roland and hp printers. This innovative hd printing technique results in durable and spectacular looking prints of the highest that last a lifetime. We print solely with top-notch 100% inks, to achieve brilliant and true colours. Due to their high level of uv resistance, our prints retain their beautiful colours for many years. Add colour and style to your living space with this digitally printed painting. Some are for pleasure and some for eternal bliss.so bring home this elegant print that is lushed with rich colors that makes it nothing but sheer elegance to be to your friends and family.it would be treasured forever by whoever your lucky recipient is. Liven up your place with these intriguing paintings that are high definition hd graphic digital prints for home, office or any room.",logistic,failed,Input contains NaN,,,,,,,,,,,,,,,,,,,,,,,,,,,DeepSeek,Corrected (test_indices),False,hard,
classification__hard__saurabhshahane_ecommerce-text-classification__ecommerceDataset,classification__hard__saurabhshahane_ecommerce-text-classification__ecommerceDataset__variant_05_of_05.json,classification,"Paper Plane Design Framed Wall Hanging Motivational Office Decor Art Prints (8.7 X 8.7 inch) - Set of 4 Painting made up in synthetic frame with uv textured print which gives multi effects and attracts towards it. This is an special series of paintings which makes your wall very beautiful and gives a royal touch. This painting is ready to hang, you would be proud to possess this unique painting that is a niche apart. We use only the most modern and efficient printing technology on our prints, with only the and inks and precision epson, roland and hp printers. This innovative hd printing technique results in durable and spectacular looking prints of the highest that last a lifetime. We print solely with top-notch 100% inks, to achieve brilliant and true colours. Due to their high level of uv resistance, our prints retain their beautiful colours for many years. Add colour and style to your living space with this digitally printed painting. Some are for pleasure and some for eternal bliss.so bring home this elegant print that is lushed with rich colors that makes it nothing but sheer elegance to be to your friends and family.it would be treasured forever by whoever your lucky recipient is. Liven up your place with these intriguing paintings that are high definition hd graphic digital prints for home, office or any room.",logistic,failed,Input contains NaN,,,,,,,,,,,,,,,,,,,,,,,,,,,DeepSeek,Corrected (test_indices),False,hard,
classification__hard__shivamb_spam-url-prediction__url_spam_classification,classification__hard__shivamb_spam-url-prediction__url_spam_classification__variant_01_of_05.json,classification,is_spam,logistic,success,,0.3155,0.3155,1.0,0.4797,4000.0,2.0,True,/home/joshua/Code/ai_projects/amalia/backend/data/uploads/datasets/classification/hard/shivamb_spam-url-prediction/url_spam_classification.csv,/home/joshua/Code/ai_projects/amalia/data/batch_results/corrected_execution/models/classification__hard__shivamb_spam-url-prediction__url_spam_classification.pkl,3.0,"['1:load_csv', '2:train_classification_model', '3:evaluate_classification_model']",,,,,,,,,,,,,,,,DeepSeek,Corrected (test_indices),False,hard,
classification__hard__shivamb_spam-url-prediction__url_spam_classification,classification__hard__shivamb_spam-url-prediction__url_spam_classification__variant_02_of_05.json,classification,is_spam,logistic,success,,0.3155,0.3155,1.0,0.4797,4000.0,2.0,True,/home/joshua/Code/ai_projects/amalia/backend/data/uploads/datasets/classification/hard/shivamb_spam-url-prediction/url_spam_classification.csv,/home/joshua/Code/ai_projects/amalia/data/batch_results/corrected_execution/models/classification__hard__shivamb_spam-url-prediction__url_spam_classification.pkl,3.0,"['1:load_csv', '2:train_classification_model', '3:evaluate_classification_model']",,,,,,,,,,,,,,,,DeepSeek,Corrected (test_indices),False,hard,
classification__hard__shivamb_spam-url-prediction__url_spam_classification,classification__hard__shivamb_spam-url-prediction__url_spam_classification__variant_03_of_05.json,classification,,,success,,,,,,,,,/home/joshua/Code/ai_projects/amalia/backend/data/uploads/datasets/classification/hard/shivamb_spam-url-prediction/url_spam_classification.csv,,2.0,"['1:load_csv', '2:remove_duplicates']",,,,,,,,,,,,,,,,DeepSeek,Corrected (test_indices),False,hard,
classification__hard__shivamb_spam-url-prediction__url_spam_classification,classification__hard__shivamb_spam-url-prediction__url_spam_classification__variant_04_of_05.json,classification,is_spam,logistic,success,,0.3155,0.3155,1.0,0.4797,4000.0,2.0,True,/home/joshua/Code/ai_projects/amalia/backend/data/uploads/datasets/classification/hard/shivamb_spam-url-prediction/url_spam_classification.csv,/home/joshua/Code/ai_projects/amalia/data/batch_results/corrected_execution/models/classification__hard__shivamb_spam-url-prediction__url_spam_classification.pkl,3.0,"['1:load_csv', '2:train_classification_model', '3:evaluate_classification_model']",,,,,,,,,,,,,,,,DeepSeek,Corrected (test_indices),False,hard,
classification__hard__shivamb_spam-url-prediction__url_spam_classification,classification__hard__shivamb_spam-url-prediction__url_spam_classification__variant_05_of_05.json,classification,is_spam,logistic,success,,0.3155,0.3155,1.0,0.4797,4000.0,2.0,True,/home/joshua/Code/ai_projects/amalia/backend/data/uploads/datasets/classification/hard/shivamb_spam-url-prediction/url_spam_classification.csv,/home/joshua/Code/ai_projects/amalia/data/batch_results/corrected_execution/models/classification__hard__shivamb_spam-url-prediction__url_spam_classification.pkl,3.0,"['1:load_csv', '2:train_classification_model', '3:evaluate_classification_model']",,,,,,,,,,,,,,,,DeepSeek,Corrected (test_indices),False,hard,
classification__mid__andrewmvd_cyberbullying-classification__cyberbullying_tweets,classification__mid__andrewmvd_cyberbullying-classification__cyberbullying_tweets__variant_01_of_05.json,classification,,,success,,,,,,,,,/home/joshua/Code/ai_projects/amalia/backend/data/uploads/datasets/classification/mid/andrewmvd_cyberbullying-classification/cyberbullying_tweets.csv,,0.0,[],,,,,,,,,,,,,,,,DeepSeek,Corrected (test_indices),False,medium,
classification__mid__andrewmvd_cyberbullying-classification__cyberbullying_tweets,classification__mid__andrewmvd_cyberbullying-classification__cyberbullying_tweets__variant_02_of_05.json,classification,cyberbullying_type,logistic,success,,0.1698,0.0288,0.1698,0.0493,4000.0,6.0,False,/home/joshua/Code/ai_projects/amalia/backend/data/uploads/datasets/classification/mid/andrewmvd_cyberbullying-classification/cyberbullying_tweets.csv,/home/joshua/Code/ai_projects/amalia/data/batch_results/corrected_execution/models/classification__mid__andrewmvd_cyberbullying-classification__cyberbullying_tweets.pkl,3.0,"['1:load_csv', '2:train_classification_model', '3:evaluate_classification_model']",,,,,,,,,,,,,,,,DeepSeek,Corrected (test_indices),False,medium,
classification__mid__andrewmvd_cyberbullying-classification__cyberbullying_tweets,classification__mid__andrewmvd_cyberbullying-classification__cyberbullying_tweets__variant_03_of_05.json,classification,cyberbullying_type,logistic,success,,0.1698,0.0288,0.1698,0.0493,4000.0,6.0,False,/home/joshua/Code/ai_projects/amalia/backend/data/uploads/datasets/classification/mid/andrewmvd_cyberbullying-classification/cyberbullying_tweets.csv,/home/joshua/Code/ai_projects/amalia/data/batch_results/corrected_execution/models/classification__mid__andrewmvd_cyberbullying-classification__cyberbullying_tweets.pkl,3.0,"['1:load_csv', '2:train_classification_model', '3:evaluate_classification_model']",,,,,,,,,,,,,,,,DeepSeek,Corrected (test_indices),False,medium,
classification__mid__andrewmvd_cyberbullying-classification__cyberbullying_tweets,classification__mid__andrewmvd_cyberbullying-classification__cyberbullying_tweets__variant_04_of_05.json,classification,cyberbullying_type,logistic,success,,0.1698,0.0288,0.1698,0.0493,4000.0,6.0,False,/home/joshua/Code/ai_projects/amalia/backend/data/uploads/datasets/classification/mid/andrewmvd_cyberbullying-classification/cyberbullying_tweets.csv,/home/joshua/Code/ai_projects/amalia/data/batch_results/corrected_execution/models/classification__mid__andrewmvd_cyberbullying-classification__cyberbullying_tweets.pkl,3.0,"['1:load_csv', '2:train_classification_model', '3:evaluate_classification_model']",,,,,,,,,,,,,,,,DeepSeek,Corrected (test_indices),False,medium,
classification__mid__andrewmvd_cyberbullying-classification__cyberbullying_tweets,classification__mid__andrewmvd_cyberbullying-classification__cyberbullying_tweets__variant_05_of_05.json,classification,cyberbullying_type,logistic,success,,,,,,4000.0,6.0,,/home/joshua/Code/ai_projects/amalia/backend/data/uploads/datasets/classification/mid/andrewmvd_cyberbullying-classification/cyberbullying_tweets.csv,/home/joshua/Code/ai_projects/amalia/data/batch_results/corrected_execution/models/classification__mid__andrewmvd_cyberbullying-classification__cyberbullying_tweets.pkl,2.0,"['1:load_csv', '2:train_classification_model']",classification,0.8906,0.888,0.0026,16000.0,['tweet_text'],/home/joshua/Code/ai_projects/amalia/data/batch_results/corrected_execution/models/classification__mid__andrewmvd_cyberbullying-classification__cyberbullying_tweets.pkl,/home/joshua/Code/ai_projects/amalia/data/batch_results/corrected_execution/models/classification__mid__andrewmvd_cyberbullying-classification__cyberbullying_tweets_test_indices.json,,,,,,,,DeepSeek,Corrected (test_indices),False,medium,
classification__mid__christianlillelund_csgo-round-winner-classification__csgo_round_snapshots,classification__mid__christianlillelund_csgo-round-winner-classification__csgo_round_snapshots__variant_01_of_05.json,classification,round_winner,decision_tree,failed,"pos_label=1 is not a valid label. It should be one of ['CT', 'T']",,,,,,,,,,,,,,,,,,,,,,,,,,,DeepSeek,Corrected (test_indices),False,medium,
classification__mid__christianlillelund_csgo-round-winner-classification__csgo_round_snapshots,classification__mid__christianlillelund_csgo-round-winner-classification__csgo_round_snapshots__variant_02_of_05.json,classification,round_winner,decision_tree,failed,"pos_label=1 is not a valid label. It should be one of ['CT', 'T']",,,,,,,,,,,,,,,,,,,,,,,,,,,DeepSeek,Corrected (test_indices),False,medium,
classification__mid__christianlillelund_csgo-round-winner-classification__csgo_round_snapshots,classification__mid__christianlillelund_csgo-round-winner-classification__csgo_round_snapshots__variant_03_of_05.json,classification,round_winner,decision_tree,failed,"pos_label=1 is not a valid label. It should be one of ['CT', 'T']",,,,,,,,,,,,,,,,,,,,,,,,,,,DeepSeek,Corrected (test_indices),False,medium,
classification__mid__christianlillelund_csgo-round-winner-classification__csgo_round_snapshots,classification__mid__christianlillelund_csgo-round-winner-classification__csgo_round_snapshots__variant_04_of_05.json,classification,round_winner,decision_tree,failed,"pos_label=1 is not a valid label. It should be one of ['CT', 'T']",,,,,,,,,,,,,,,,,,,,,,,,,,,DeepSeek,Corrected (test_indices),False,medium,
classification__mid__christianlillelund_csgo-round-winner-classification__csgo_round_snapshots,classification__mid__christianlillelund_csgo-round-winner-classification__csgo_round_snapshots__variant_05_of_05.json,classification,round_winner,decision_tree,failed,"pos_label=1 is not a valid label. It should be one of ['CT', 'T']",,,,,,,,,,,,,,,,,,,,,,,,,,,DeepSeek,Corrected (test_indices),False,medium,
classification__mid__fedesoriano_heart-failure-prediction__heart,classification__mid__fedesoriano_heart-failure-prediction__heart__variant_01_of_05.json,classification,HeartDisease,logistic,success,,0.7717,0.8916,0.6916,0.7789,184.0,2.0,True,/home/joshua/Code/ai_projects/amalia/backend/data/uploads/datasets/classification/mid/fedesoriano_heart-failure-prediction/heart.csv,/home/joshua/Code/ai_projects/amalia/data/batch_results/corrected_execution/models/classification__mid__fedesoriano_heart-failure-prediction__heart.pkl,3.0,"['1:load_csv', '2:train_classification_model', '3:evaluate_classification_model']",,,,,,,,,,,,,,,,DeepSeek,Corrected (test_indices),False,medium,
classification__mid__fedesoriano_heart-failure-prediction__heart,classification__mid__fedesoriano_heart-failure-prediction__heart__variant_02_of_05.json,classification,,,success,,,,,,,,,/home/joshua/Code/ai_projects/amalia/backend/data/uploads/datasets/classification/mid/fedesoriano_heart-failure-prediction/heart.csv,,0.0,[],,,,,,,,,,,,,,,,DeepSeek,Corrected (test_indices),False,medium,
classification__mid__fedesoriano_heart-failure-prediction__heart,classification__mid__fedesoriano_heart-failure-prediction__heart__variant_03_of_05.json,classification,HeartDisease,logistic,success,,0.7717,0.8916,0.6916,0.7789,184.0,2.0,True,/home/joshua/Code/ai_projects/amalia/backend/data/uploads/datasets/classification/mid/fedesoriano_heart-failure-prediction/heart.csv,/home/joshua/Code/ai_projects/amalia/data/batch_results/corrected_execution/models/classification__mid__fedesoriano_heart-failure-prediction__heart.pkl,3.0,"['1:load_csv', '2:train_classification_model', '3:evaluate_classification_model']",,,,,,,,,,,,,,,,DeepSeek,Corrected (test_indices),False,medium,
classification__mid__fedesoriano_heart-failure-prediction__heart,classification__mid__fedesoriano_heart-failure-prediction__heart__variant_04_of_05.json,classification,HeartDisease,logistic,success,,0.7717,0.8916,0.6916,0.7789,184.0,2.0,True,/home/joshua/Code/ai_projects/amalia/backend/data/uploads/datasets/classification/mid/fedesoriano_heart-failure-prediction/heart.csv,/home/joshua/Code/ai_projects/amalia/data/batch_results/corrected_execution/models/classification__mid__fedesoriano_heart-failure-prediction__heart.pkl,3.0,"['1:load_csv', '2:train_classification_model', '3:evaluate_classification_model']",,,,,,,,,,,,,,,,DeepSeek,Corrected (test_indices),False,medium,
classification__mid__fedesoriano_heart-failure-prediction__heart,classification__mid__fedesoriano_heart-failure-prediction__heart__variant_05_of_05.json,classification,HeartDisease,logistic,success,,0.7717,0.8916,0.6916,0.7789,184.0,2.0,True,/home/joshua/Code/ai_projects/amalia/backend/data/uploads/datasets/classification/mid/fedesoriano_heart-failure-prediction/heart.csv,/home/joshua/Code/ai_projects/amalia/data/batch_results/corrected_execution/models/classification__mid__fedesoriano_heart-failure-prediction__heart.pkl,3.0,"['1:load_csv', '2:train_classification_model', '3:evaluate_classification_model']",,,,,,,,,,,,,,,,DeepSeek,Corrected (test_indices),False,medium,
classification__mid__fedesoriano_stellar-classification-dataset-sdss17__star_classification,classification__mid__fedesoriano_stellar-classification-dataset-sdss17__star_classification__variant_01_of_05.json,classification,class,decision_tree,success,,,,,,4000.0,3.0,,/home/joshua/Code/ai_projects/amalia/backend/data/uploads/datasets/classification/mid/fedesoriano_stellar-classification-dataset-sdss17/star_classification.csv,/home/joshua/Code/ai_projects/amalia/data/batch_results/corrected_execution/models/classification__mid__fedesoriano_stellar-classification-dataset-sdss17__star_classification.pkl,1.0,['2:train_classification_model'],classification,0.9883,0.971,0.0173,16000.0,"['obj_ID', 'alpha', 'delta', 'u', 'g', 'r', 'i', 'z', 'run_ID', 'rerun_ID', 'cam_col', 'field_ID', 'spec_obj_ID', 'redshift', 'plate', 'MJD', 'fiber_ID']",/home/joshua/Code/ai_projects/amalia/data/batch_results/corrected_execution/models/classification__mid__fedesoriano_stellar-classification-dataset-sdss17__star_classification.pkl,/home/joshua/Code/ai_projects/amalia/data/batch_results/corrected_execution/models/classification__mid__fedesoriano_stellar-classification-dataset-sdss17__star_classification_test_indices.json,,,,,,,,DeepSeek,Corrected (test_indices),False,medium,
classification__mid__fedesoriano_stellar-classification-dataset-sdss17__star_classification,classification__mid__fedesoriano_stellar-classification-dataset-sdss17__star_classification__variant_02_of_05.json,classification,class,logistic,success,,0.5927,0.4465,0.5927,0.4693,4000.0,3.0,False,/home/joshua/Code/ai_projects/amalia/backend/data/uploads/datasets/classification/mid/fedesoriano_stellar-classification-dataset-sdss17/star_classification.csv,/home/joshua/Code/ai_projects/amalia/data/batch_results/corrected_execution/models/classification__mid__fedesoriano_stellar-classification-dataset-sdss17__star_classification.pkl,3.0,"['1:load_csv', '2:train_classification_model', '3:evaluate_classification_model']",,,,,,,,,,,,,,,,DeepSeek,Corrected (test_indices),False,medium,
classification__mid__fedesoriano_stellar-classification-dataset-sdss17__star_classification,classification__mid__fedesoriano_stellar-classification-dataset-sdss17__star_classification__variant_03_of_05.json,classification,,,success,,,,,,,,,/home/joshua/Code/ai_projects/amalia/backend/data/uploads/datasets/classification/mid/fedesoriano_stellar-classification-dataset-sdss17/star_classification.csv,,0.0,[],,,,,,,,,,,,,,,,DeepSeek,Corrected (test_indices),False,medium,
classification__mid__fedesoriano_stellar-classification-dataset-sdss17__star_classification,classification__mid__fedesoriano_stellar-classification-dataset-sdss17__star_classification__variant_04_of_05.json,classification,class,logistic,success,,0.5927,0.4465,0.5927,0.4693,4000.0,3.0,False,/home/joshua/Code/ai_projects/amalia/backend/data/uploads/datasets/classification/mid/fedesoriano_stellar-classification-dataset-sdss17/star_classification.csv,/home/joshua/Code/ai_projects/amalia/data/batch_results/corrected_execution/models/classification__mid__fedesoriano_stellar-classification-dataset-sdss17__star_classification.pkl,3.0,"['1:load_csv', '2:train_classification_model', '3:evaluate_classification_model']",,,,,,,,,,,,,,,,DeepSeek,Corrected (test_indices),False,medium,
classification__mid__fedesoriano_stellar-classification-dataset-sdss17__star_classification,classification__mid__fedesoriano_stellar-classification-dataset-sdss17__star_classification__variant_05_of_05.json,classification,class,logistic,success,,0.5927,0.4465,0.5927,0.4693,4000.0,3.0,False,/home/joshua/Code/ai_projects/amalia/backend/data/uploads/datasets/classification/mid/fedesoriano_stellar-classification-dataset-sdss17/star_classification.csv,/home/joshua/Code/ai_projects/amalia/data/batch_results/corrected_execution/models/classification__mid__fedesoriano_stellar-classification-dataset-sdss17__star_classification.pkl,3.0,"['1:load_csv', '2:train_classification_model', '3:evaluate_classification_model']",,,,,,,,,,,,,,,,DeepSeek,Corrected (test_indices),False,medium,
classification__mid__nimapourmoradi_dry-bean-dataset-classification__Dry_Bean_Dataset,classification__mid__nimapourmoradi_dry-bean-dataset-classification__Dry_Bean_Dataset__variant_01_of_05.json,classification,Class,logistic,success,,0.8627,0.8627,0.8627,0.8623,2723.0,7.0,False,/home/joshua/Code/ai_projects/amalia/backend/data/uploads/datasets/classification/mid/nimapourmoradi_dry-bean-dataset-classification/Dry_Bean_Dataset.csv,/home/joshua/Code/ai_projects/amalia/data/batch_results/corrected_execution/models/classification__mid__nimapourmoradi_dry-bean-dataset-classification__Dry_Bean_Dataset.pkl,3.0,"['1:load_csv', '2:train_classification_model', '3:evaluate_classification_model']",,,,,,,,,,,,,,,,DeepSeek,Corrected (test_indices),False,medium,
classification__mid__nimapourmoradi_dry-bean-dataset-classification__Dry_Bean_Dataset,classification__mid__nimapourmoradi_dry-bean-dataset-classification__Dry_Bean_Dataset__variant_02_of_05.json,classification,Class,random_forest,success,,0.9262,0.9268,0.9262,0.9264,2723.0,7.0,False,/home/joshua/Code/ai_projects/amalia/backend/data/uploads/datasets/classification/mid/nimapourmoradi_dry-bean-dataset-classification/Dry_Bean_Dataset.csv,/home/joshua/Code/ai_projects/amalia/data/batch_results/corrected_execution/models/classification__mid__nimapourmoradi_dry-bean-dataset-classification__Dry_Bean_Dataset.pkl,3.0,"['2:scale_features', '3:train_classification_model', '4:evaluate_classification_model']",,,,,,,,,,,,,,,,DeepSeek,Corrected (test_indices),False,medium,
classification__mid__nimapourmoradi_dry-bean-dataset-classification__Dry_Bean_Dataset,classification__mid__nimapourmoradi_dry-bean-dataset-classification__Dry_Bean_Dataset__variant_03_of_05.json,classification,Class,logistic,success,,0.8627,0.8627,0.8627,0.8623,2723.0,7.0,False,/home/joshua/Code/ai_projects/amalia/backend/data/uploads/datasets/classification/mid/nimapourmoradi_dry-bean-dataset-classification/Dry_Bean_Dataset.csv,/home/joshua/Code/ai_projects/amalia/data/batch_results/corrected_execution/models/classification__mid__nimapourmoradi_dry-bean-dataset-classification__Dry_Bean_Dataset.pkl,3.0,"['1:load_csv', '2:train_classification_model', '3:evaluate_classification_model']",,,,,,,,,,,,,,,,DeepSeek,Corrected (test_indices),False,medium,
classification__mid__nimapourmoradi_dry-bean-dataset-classification__Dry_Bean_Dataset,classification__mid__nimapourmoradi_dry-bean-dataset-classification__Dry_Bean_Dataset__variant_04_of_05.json,classification,Class,logistic,success,,0.8627,0.8627,0.8627,0.8623,2723.0,7.0,False,/home/joshua/Code/ai_projects/amalia/backend/data/uploads/datasets/classification/mid/nimapourmoradi_dry-bean-dataset-classification/Dry_Bean_Dataset.csv,/home/joshua/Code/ai_projects/amalia/data/batch_results/corrected_execution/models/classification__mid__nimapourmoradi_dry-bean-dataset-classification__Dry_Bean_Dataset.pkl,3.0,"['1:load_csv', '2:train_classification_model', '3:evaluate_classification_model']",,,,,,,,,,,,,,,,DeepSeek,Corrected (test_indices),False,medium,
classification__mid__nimapourmoradi_dry-bean-dataset-classification__Dry_Bean_Dataset,classification__mid__nimapourmoradi_dry-bean-dataset-classification__Dry_Bean_Dataset__variant_05_of_05.json,classification,Class,logistic,success,,0.8627,0.8627,0.8627,0.8623,2723.0,7.0,False,/home/joshua/Code/ai_projects/amalia/backend/data/uploads/datasets/classification/mid/nimapourmoradi_dry-bean-dataset-classification/Dry_Bean_Dataset.csv,/home/joshua/Code/ai_projects/amalia/data/batch_results/corrected_execution/models/classification__mid__nimapourmoradi_dry-bean-dataset-classification__Dry_Bean_Dataset.pkl,3.0,"['1:load_csv', '2:train_classification_model', '3:evaluate_classification_model']",,,,,,,,,,,,,,,,DeepSeek,Corrected (test_indices),False,medium,
classification__mid__tanishqdublish_text-classification-documentation__df_file,classification__mid__tanishqdublish_text-classification-documentation__df_file__variant_01_of_05.json,classification,,,success,,,,,,,,,/home/joshua/Code/ai_projects/amalia/backend/data/uploads/datasets/classification/mid/tanishqdublish_text-classification-documentation/df_file.csv,,1.0,['1:load_csv'],,,,,,,,,,,,,,,,DeepSeek,Corrected (test_indices),False,medium,
classification__mid__tanishqdublish_text-classification-documentation__df_file,classification__mid__tanishqdublish_text-classification-documentation__df_file__variant_02_of_05.json,classification,Label,logistic,success,,0.2225,0.1005,0.2225,0.106,445.0,5.0,False,/home/joshua/Code/ai_projects/amalia/backend/data/uploads/datasets/classification/mid/tanishqdublish_text-classification-documentation/df_file.csv,/home/joshua/Code/ai_projects/amalia/data/batch_results/corrected_execution/models/classification__mid__tanishqdublish_text-classification-documentation__df_file.pkl,3.0,"['1:load_csv', '2:train_classification_model', '3:evaluate_classification_model']",,,,,,,,,,,,,,,,DeepSeek,Corrected (test_indices),False,medium,
classification__mid__tanishqdublish_text-classification-documentation__df_file,classification__mid__tanishqdublish_text-classification-documentation__df_file__variant_03_of_05.json,classification,Label,logistic,success,,0.2225,0.1005,0.2225,0.106,445.0,5.0,False,/home/joshua/Code/ai_projects/amalia/backend/data/uploads/datasets/classification/mid/tanishqdublish_text-classification-documentation/df_file.csv,/home/joshua/Code/ai_projects/amalia/data/batch_results/corrected_execution/models/classification__mid__tanishqdublish_text-classification-documentation__df_file.pkl,3.0,"['1:load_csv', '2:train_classification_model', '3:evaluate_classification_model']",,,,,,,,,,,,,,,,DeepSeek,Corrected (test_indices),False,medium,
classification__mid__tanishqdublish_text-classification-documentation__df_file,classification__mid__tanishqdublish_text-classification-documentation__df_file__variant_04_of_05.json,classification,Label,logistic,success,,0.2225,0.1005,0.2225,0.106,445.0,5.0,False,/home/joshua/Code/ai_projects/amalia/backend/data/uploads/datasets/classification/mid/tanishqdublish_text-classification-documentation/df_file.csv,/home/joshua/Code/ai_projects/amalia/data/batch_results/corrected_execution/models/classification__mid__tanishqdublish_text-classification-documentation__df_file.pkl,3.0,"['1:load_csv', '2:train_classification_model', '3:evaluate_classification_model']",,,,,,,,,,,,,,,,DeepSeek,Corrected (test_indices),False,medium,
classification__mid__tanishqdublish_text-classification-documentation__df_file,classification__mid__tanishqdublish_text-classification-documentation__df_file__variant_05_of_05.json,classification,,,success,,,,,,,,,/home/joshua/Code/ai_projects/amalia/backend/data/uploads/datasets/classification/mid/tanishqdublish_text-classification-documentation/df_file.csv,,0.0,[],,,,,,,,,,,,,,,,DeepSeek,Corrected (test_indices),False,medium,
classification__mid__uciml_iris__Iris,classification__mid__uciml_iris__Iris__variant_01_of_05.json,classification,Species,logistic,success,,,,,,30.0,3.0,,/home/joshua/Code/ai_projects/amalia/backend/data/uploads/datasets/classification/mid/uciml_iris/Iris.csv,/home/joshua/Code/ai_projects/amalia/data/batch_results/corrected_execution/models/classification__mid__uciml_iris__Iris.pkl,2.0,"['1:load_csv', '2:train_classification_model']",classification,1.0,1.0,0.0,120.0,"['Id', 'SepalLengthCm', 'SepalWidthCm', 'PetalLengthCm', 'PetalWidthCm']",/home/joshua/Code/ai_projects/amalia/data/batch_results/corrected_execution/models/classification__mid__uciml_iris__Iris.pkl,/home/joshua/Code/ai_projects/amalia/data/batch_results/corrected_execution/models/classification__mid__uciml_iris__Iris_test_indices.json,,,,,,,,DeepSeek,Corrected (test_indices),False,medium,
classification__mid__uciml_iris__Iris,classification__mid__uciml_iris__Iris__variant_02_of_05.json,classification,,,success,,,,,,,,,/home/joshua/Code/ai_projects/amalia/backend/data/uploads/datasets/classification/mid/uciml_iris/Iris.csv,,1.0,['2:scale_features'],,,,,,,,,,,,,,,,DeepSeek,Corrected (test_indices),False,medium,
classification__mid__uciml_iris__Iris,classification__mid__uciml_iris__Iris__variant_03_of_05.json,classification,Species,logistic,success,,1.0,1.0,1.0,1.0,30.0,3.0,False,/home/joshua/Code/ai_projects/amalia/backend/data/uploads/datasets/classification/mid/uciml_iris/Iris.csv,/home/joshua/Code/ai_projects/amalia/data/batch_results/corrected_execution/models/classification__mid__uciml_iris__Iris.pkl,3.0,"['1:load_csv', '2:train_classification_model', '3:evaluate_classification_model']",,,,,,,,,,,,,,,,DeepSeek,Corrected (test_indices),True,medium,
classification__mid__uciml_iris__Iris,classification__mid__uciml_iris__Iris__variant_04_of_05.json,classification,Species,random_forest,success,,,,,,30.0,3.0,,/home/joshua/Code/ai_projects/amalia/backend/data/uploads/datasets/classification/mid/uciml_iris/Iris.csv,/home/joshua/Code/ai_projects/amalia/data/batch_results/corrected_execution/models/classification__mid__uciml_iris__Iris.pkl,1.0,['2:train_classification_model'],classification,1.0,1.0,0.0,120.0,"['Id', 'SepalLengthCm', 'SepalWidthCm', 'PetalLengthCm', 'PetalWidthCm']",/home/joshua/Code/ai_projects/amalia/data/batch_results/corrected_execution/models/classification__mid__uciml_iris__Iris.pkl,/home/joshua/Code/ai_projects/amalia/data/batch_results/corrected_execution/models/classification__mid__uciml_iris__Iris_test_indices.json,,,,,,,,DeepSeek,Corrected (test_indices),False,medium,
classification__mid__uciml_iris__Iris,classification__mid__uciml_iris__Iris__variant_05_of_05.json,classification,Species,logistic,success,,1.0,1.0,1.0,1.0,30.0,3.0,False,/home/joshua/Code/ai_projects/amalia/backend/data/uploads/datasets/classification/mid/uciml_iris/Iris.csv,/home/joshua/Code/ai_projects/amalia/data/batch_results/corrected_execution/models/classification__mid__uciml_iris__Iris.pkl,3.0,"['1:load_csv', '2:train_classification_model', '3:evaluate_classification_model']",,,,,,,,,,,,,,,,DeepSeek,Corrected (test_indices),True,medium,
classification__mid__uciml_pima-indians-diabetes-database__diabetes,classification__mid__uciml_pima-indians-diabetes-database__diabetes__variant_01_of_05.json,classification,Outcome,logistic,success,,0.7468,0.6379,0.6727,0.6549,154.0,2.0,True,/home/joshua/Code/ai_projects/amalia/backend/data/uploads/datasets/classification/mid/uciml_pima-indians-diabetes-database/diabetes.csv,/home/joshua/Code/ai_projects/amalia/data/batch_results/corrected_execution/models/classification__mid__uciml_pima-indians-diabetes-database__diabetes.pkl,3.0,"['1:load_csv', '2:train_classification_model', '3:evaluate_classification_model']",,,,,,,,,,,,,,,,DeepSeek,Corrected (test_indices),False,medium,
classification__mid__uciml_pima-indians-diabetes-database__diabetes,classification__mid__uciml_pima-indians-diabetes-database__diabetes__variant_02_of_05.json,classification,Outcome,logistic,success,,0.7468,0.6379,0.6727,0.6549,154.0,2.0,True,/home/joshua/Code/ai_projects/amalia/backend/data/uploads/datasets/classification/mid/uciml_pima-indians-diabetes-database/diabetes.csv,/home/joshua/Code/ai_projects/amalia/data/batch_results/corrected_execution/models/classification__mid__uciml_pima-indians-diabetes-database__diabetes.pkl,3.0,"['1:load_csv', '2:train_classification_model', '3:evaluate_classification_model']",,,,,,,,,,,,,,,,DeepSeek,Corrected (test_indices),False,medium,
classification__mid__uciml_pima-indians-diabetes-database__diabetes,classification__mid__uciml_pima-indians-diabetes-database__diabetes__variant_03_of_05.json,classification,Outcome,random_forest,success,,,,,,154.0,2.0,,/home/joshua/Code/ai_projects/amalia/backend/data/uploads/datasets/classification/mid/uciml_pima-indians-diabetes-database/diabetes.csv,/home/joshua/Code/ai_projects/amalia/data/batch_results/corrected_execution/models/classification__mid__uciml_pima-indians-diabetes-database__diabetes.pkl,3.0,"['1:load_csv', '2:handle_missing_values', '3:train_classification_model']",classification,0.8632,0.7338,0.1294,614.0,"['Pregnancies', 'Glucose', 'BloodPressure', 'SkinThickness', 'Insulin', 'BMI', 'DiabetesPedigreeFunction', 'Age']",/home/joshua/Code/ai_projects/amalia/data/batch_results/corrected_execution/models/classification__mid__uciml_pima-indians-diabetes-database__diabetes.pkl,/home/joshua/Code/ai_projects/amalia/data/batch_results/corrected_execution/models/classification__mid__uciml_pima-indians-diabetes-database__diabetes_test_indices.json,,,,,,,,DeepSeek,Corrected (test_indices),False,medium,
classification__mid__uciml_pima-indians-diabetes-database__diabetes,classification__mid__uciml_pima-indians-diabetes-database__diabetes__variant_04_of_05.json,classification,Outcome,gradient_boosting,success,,0.7987,0.7255,0.6852,0.7048,154.0,2.0,True,/home/joshua/Code/ai_projects/amalia/backend/data/uploads/datasets/classification/mid/uciml_pima-indians-diabetes-database/diabetes.csv,/home/joshua/Code/ai_projects/amalia/data/batch_results/corrected_execution/models/classification__mid__uciml_pima-indians-diabetes-database__diabetes.pkl,4.0,"['2:train_classification_model', '2:train_classification_model', '3:evaluate_classification_model', '3:evaluate_classification_model']",,,,,,,,,,,,,,,,DeepSeek,Corrected (test_indices),False,medium,
classification__mid__uciml_pima-indians-diabetes-database__diabetes,classification__mid__uciml_pima-indians-diabetes-database__diabetes__variant_05_of_05.json,classification,Outcome,logistic,success,,0.7468,0.6379,0.6727,0.6549,154.0,2.0,True,/home/joshua/Code/ai_projects/amalia/backend/data/uploads/datasets/classification/mid/uciml_pima-indians-diabetes-database/diabetes.csv,/home/joshua/Code/ai_projects/amalia/data/batch_results/corrected_execution/models/classification__mid__uciml_pima-indians-diabetes-database__diabetes.pkl,3.0,"['1:load_csv', '2:train_classification_model', '3:evaluate_classification_model']",,,,,,,,,,,,,,,,DeepSeek,Corrected (test_indices),False,medium,
classification__mid__xhlulu_cpc-codes__titles,classification__mid__xhlulu_cpc-codes__titles__variant_01_of_05.json,classification,,,success,,,,,,,,,/home/joshua/Code/ai_projects/amalia/backend/data/uploads/datasets/classification/mid/xhlulu_cpc-codes/titles.csv,,1.0,['1:handle_missing_values'],,,,,,,,,,,,,,,,DeepSeek,Corrected (test_indices),False,medium,
classification__mid__xhlulu_cpc-codes__titles,classification__mid__xhlulu_cpc-codes__titles__variant_02_of_05.json,classification,class,logistic,failed,"Input X contains NaN.
LogisticRegression does not accept missing values encoded as NaN natively. For supervised learning, you might want to consider sklearn.ensemble.HistGradientBoostingClassifier and Regressor which accept missing values encoded as NaNs natively. Alternatively, it is possible to preprocess the data, for instance by using an imputer transformer in a pipeline or drop samples with missing values. See https://scikit-learn.org/stable/modules/impute.html You can find a list of all estimators that handle NaN values at the following page: https://scikit-learn.org/stable/modules/impute.html#estimators-that-handle-nan-values",,,,,,,,,,,,,,,,,,,,,,,,,,,DeepSeek,Corrected (test_indices),False,medium,
classification__mid__xhlulu_cpc-codes__titles,classification__mid__xhlulu_cpc-codes__titles__variant_03_of_05.json,classification,class,logistic,failed,"Input X contains NaN.
LogisticRegression does not accept missing values encoded as NaN natively. For supervised learning, you might want to consider sklearn.ensemble.HistGradientBoostingClassifier and Regressor which accept missing values encoded as NaNs natively. Alternatively, it is possible to preprocess the data, for instance by using an imputer transformer in a pipeline or drop samples with missing values. See https://scikit-learn.org/stable/modules/impute.html You can find a list of all estimators that handle NaN values at the following page: https://scikit-learn.org/stable/modules/impute.html#estimators-that-handle-nan-values",,,,,,,,,,,,,,,,,,,,,,,,,,,DeepSeek,Corrected (test_indices),False,medium,
classification__mid__xhlulu_cpc-codes__titles,classification__mid__xhlulu_cpc-codes__titles__variant_04_of_05.json,classification,class,logistic,failed,"Input X contains NaN.
LogisticRegression does not accept missing values encoded as NaN natively. For supervised learning, you might want to consider sklearn.ensemble.HistGradientBoostingClassifier and Regressor which accept missing values encoded as NaNs natively. Alternatively, it is possible to preprocess the data, for instance by using an imputer transformer in a pipeline or drop samples with missing values. See https://scikit-learn.org/stable/modules/impute.html You can find a list of all estimators that handle NaN values at the following page: https://scikit-learn.org/stable/modules/impute.html#estimators-that-handle-nan-values",,,,,,,,,,,,,,,,,,,,,,,,,,,DeepSeek,Corrected (test_indices),False,medium,
classification__mid__xhlulu_cpc-codes__titles,classification__mid__xhlulu_cpc-codes__titles__variant_05_of_05.json,classification,,,success,,,,,,,,,/home/joshua/Code/ai_projects/amalia/backend/data/uploads/datasets/classification/mid/xhlulu_cpc-codes/titles.csv,,2.0,"['1:handle_missing_values', '1:encode_categorical']",,,,,,,,,,,,,,,,DeepSeek,Corrected (test_indices),False,medium,
classification__mid__yasserh_titanic-dataset__Titanic-Dataset,classification__mid__yasserh_titanic-dataset__Titanic-Dataset__variant_01_of_05.json,classification,Embarked,logistic,failed,"Input X contains NaN.
LogisticRegression does not accept missing values encoded as NaN natively. For supervised learning, you might want to consider sklearn.ensemble.HistGradientBoostingClassifier and Regressor which accept missing values encoded as NaNs natively. Alternatively, it is possible to preprocess the data, for instance by using an imputer transformer in a pipeline or drop samples with missing values. See https://scikit-learn.org/stable/modules/impute.html You can find a list of all estimators that handle NaN values at the following page: https://scikit-learn.org/stable/modules/impute.html#estimators-that-handle-nan-values",,,,,,,,,,,,,,,,,,,,,,,,,,,DeepSeek,Corrected (test_indices),False,medium,
classification__mid__yasserh_titanic-dataset__Titanic-Dataset,classification__mid__yasserh_titanic-dataset__Titanic-Dataset__variant_02_of_05.json,classification,Embarked,logistic,failed,"Input X contains NaN.
LogisticRegression does not accept missing values encoded as NaN natively. For supervised learning, you might want to consider sklearn.ensemble.HistGradientBoostingClassifier and Regressor which accept missing values encoded as NaNs natively. Alternatively, it is possible to preprocess the data, for instance by using an imputer transformer in a pipeline or drop samples with missing values. See https://scikit-learn.org/stable/modules/impute.html You can find a list of all estimators that handle NaN values at the following page: https://scikit-learn.org/stable/modules/impute.html#estimators-that-handle-nan-values",,,,,,,,,,,,,,,,,,,,,,,,,,,DeepSeek,Corrected (test_indices),False,medium,
classification__mid__yasserh_titanic-dataset__Titanic-Dataset,classification__mid__yasserh_titanic-dataset__Titanic-Dataset__variant_03_of_05.json,classification,Embarked,logistic,failed,"Input X contains NaN.
LogisticRegression does not accept missing values encoded as NaN natively. For supervised learning, you might want to consider sklearn.ensemble.HistGradientBoostingClassifier and Regressor which accept missing values encoded as NaNs natively. Alternatively, it is possible to preprocess the data, for instance by using an imputer transformer in a pipeline or drop samples with missing values. See https://scikit-learn.org/stable/modules/impute.html You can find a list of all estimators that handle NaN values at the following page: https://scikit-learn.org/stable/modules/impute.html#estimators-that-handle-nan-values",,,,,,,,,,,,,,,,,,,,,,,,,,,DeepSeek,Corrected (test_indices),False,medium,
classification__mid__yasserh_titanic-dataset__Titanic-Dataset,classification__mid__yasserh_titanic-dataset__Titanic-Dataset__variant_04_of_05.json,classification,Embarked,logistic,failed,"Input X contains NaN.
LogisticRegression does not accept missing values encoded as NaN natively. For supervised learning, you might want to consider sklearn.ensemble.HistGradientBoostingClassifier and Regressor which accept missing values encoded as NaNs natively. Alternatively, it is possible to preprocess the data, for instance by using an imputer transformer in a pipeline or drop samples with missing values. See https://scikit-learn.org/stable/modules/impute.html You can find a list of all estimators that handle NaN values at the following page: https://scikit-learn.org/stable/modules/impute.html#estimators-that-handle-nan-values",,,,,,,,,,,,,,,,,,,,,,,,,,,DeepSeek,Corrected (test_indices),False,medium,
classification__mid__yasserh_titanic-dataset__Titanic-Dataset,classification__mid__yasserh_titanic-dataset__Titanic-Dataset__variant_05_of_05.json,classification,Embarked,logistic,failed,"Input X contains NaN.
LogisticRegression does not accept missing values encoded as NaN natively. For supervised learning, you might want to consider sklearn.ensemble.HistGradientBoostingClassifier and Regressor which accept missing values encoded as NaNs natively. Alternatively, it is possible to preprocess the data, for instance by using an imputer transformer in a pipeline or drop samples with missing values. See https://scikit-learn.org/stable/modules/impute.html You can find a list of all estimators that handle NaN values at the following page: https://scikit-learn.org/stable/modules/impute.html#estimators-that-handle-nan-values",,,,,,,,,,,,,,,,,,,,,,,,,,,DeepSeek,Corrected (test_indices),False,medium,
regression__easy__ganjerlawrence_mobile-phone-price-prediction-cleaned-dataset__Mobile-Price-Prediction-cleaned_data,regression__easy__ganjerlawrence_mobile-phone-price-prediction-cleaned-dataset__Mobile-Price-Prediction-cleaned_data__variant_01_of_05.json,regression,Price,linear,success,,,,,,94.0,,,/home/joshua/Code/ai_projects/amalia/backend/data/uploads/datasets/regression/easy/ganjerlawrence_mobile-phone-price-prediction-cleaned-dataset/Mobile-Price-Prediction-cleaned_data.csv,/home/joshua/Code/ai_projects/amalia/data/batch_results/corrected_execution/models/regression__easy__ganjerlawrence_mobile-phone-price-prediction-cleaned-dataset__Mobile-Price-Prediction-cleaned_data.pkl,3.0,"['1:load_csv', '2:train_regression_model', '3:evaluate_regression_model']",,,,,,,,,0.2858,292205913.1856,17094.0315,8626.7143,386.9679,,,DeepSeek,Corrected (test_indices),False,easy,
regression__easy__ganjerlawrence_mobile-phone-price-prediction-cleaned-dataset__Mobile-Price-Prediction-cleaned_data,regression__easy__ganjerlawrence_mobile-phone-price-prediction-cleaned-dataset__Mobile-Price-Prediction-cleaned_data__variant_02_of_05.json,regression,Price,linear,success,,,,,,94.0,,,/home/joshua/Code/ai_projects/amalia/backend/data/uploads/datasets/regression/easy/ganjerlawrence_mobile-phone-price-prediction-cleaned-dataset/Mobile-Price-Prediction-cleaned_data.csv,/home/joshua/Code/ai_projects/amalia/data/batch_results/corrected_execution/models/regression__easy__ganjerlawrence_mobile-phone-price-prediction-cleaned-dataset__Mobile-Price-Prediction-cleaned_data.pkl,3.0,"['1:load_csv', '2:train_regression_model', '3:evaluate_regression_model']",,,,,,,,,0.2858,292205913.1856,17094.0315,8626.7143,386.9679,,,DeepSeek,Corrected (test_indices),False,easy,
regression__easy__ganjerlawrence_mobile-phone-price-prediction-cleaned-dataset__Mobile-Price-Prediction-cleaned_data,regression__easy__ganjerlawrence_mobile-phone-price-prediction-cleaned-dataset__Mobile-Price-Prediction-cleaned_data__variant_03_of_05.json,regression,,,failed,invalid literal for int() with base 10: '0.80.80.80.80.80.80.80.80.80.80.80.80.80.80.80.80.80.80.80.80.80.80.80.80.80.80.80.80.80.80.80.80.80.80.80.80.80.80.80.80.80.80.80.80.80.80.80.80.80.80.80.80.80.80.80.80.80.80.80.80.80.80.80.80.80.80,,,,,,,,,,,,,,,,,,,,,,,,,,,DeepSeek,Corrected (test_indices),False,easy,
regression__easy__ganjerlawrence_mobile-phone-price-prediction-cleaned-dataset__Mobile-Price-Prediction-cleaned_data,regression__easy__ganjerlawrence_mobile-phone-price-prediction-cleaned-dataset__Mobile-Price-Prediction-cleaned_data__variant_04_of_05.json,regression,Price,linear,success,,,,,,94.0,,,/home/joshua/Code/ai_projects/amalia/backend/data/uploads/datasets/regression/easy/ganjerlawrence_mobile-phone-price-prediction-cleaned-dataset/Mobile-Price-Prediction-cleaned_data.csv,/home/joshua/Code/ai_projects/amalia/data/batch_results/corrected_execution/models/regression__easy__ganjerlawrence_mobile-phone-price-prediction-cleaned-dataset__Mobile-Price-Prediction-cleaned_data.pkl,3.0,"['1:load_csv', '2:train_regression_model', '3:evaluate_regression_model']",,,,,,,,,0.2858,292205913.1856,17094.0315,8626.7143,386.9679,,,DeepSeek,Corrected (test_indices),False,easy,
regression__easy__ganjerlawrence_mobile-phone-price-prediction-cleaned-dataset__Mobile-Price-Prediction-cleaned_data,regression__easy__ganjerlawrence_mobile-phone-price-prediction-cleaned-dataset__Mobile-Price-Prediction-cleaned_data__variant_05_of_05.json,regression,,,success,,,,,,,,,/home/joshua/Code/ai_projects/amalia/backend/data/uploads/datasets/regression/easy/ganjerlawrence_mobile-phone-price-prediction-cleaned-dataset/Mobile-Price-Prediction-cleaned_data.csv,,0.0,[],,,,,,,,,,,,,,,,DeepSeek,Corrected (test_indices),False,easy,
regression__easy__govindaramsriram_crop-yield-of-a-farm__crop_yield_data,regression__easy__govindaramsriram_crop-yield-of-a-farm__crop_yield_data__variant_01_of_05.json,regression,crop_yield,linear,success,,,,,,600.0,,,/home/joshua/Code/ai_projects/amalia/backend/data/uploads/datasets/regression/easy/govindaramsriram_crop-yield-of-a-farm/crop_yield_data.csv,/home/joshua/Code/ai_projects/amalia/data/batch_results/corrected_execution/models/regression__easy__govindaramsriram_crop-yield-of-a-farm__crop_yield_data.pkl,3.0,"['1:load_csv', '2:train_regression_model', '3:evaluate_regression_model']",,,,,,,,,1.0,0.0818,0.2859,0.2432,0.0999,,,DeepSeek,Corrected (test_indices),True,easy,
regression__easy__govindaramsriram_crop-yield-of-a-farm__crop_yield_data,regression__easy__govindaramsriram_crop-yield-of-a-farm__crop_yield_data__variant_02_of_05.json,regression,crop_yield,linear,success,,,,,,600.0,,,/home/joshua/Code/ai_projects/amalia/backend/data/uploads/datasets/regression/easy/govindaramsriram_crop-yield-of-a-farm/crop_yield_data.csv,/home/joshua/Code/ai_projects/amalia/data/batch_results/corrected_execution/models/regression__easy__govindaramsriram_crop-yield-of-a-farm__crop_yield_data.pkl,3.0,"['1:load_csv', '2:train_regression_model', '3:evaluate_regression_model']",,,,,,,,,1.0,0.0818,0.2859,0.2432,0.0999,,,DeepSeek,Corrected (test_indices),True,easy,
regression__easy__govindaramsriram_crop-yield-of-a-farm__crop_yield_data,regression__easy__govindaramsriram_crop-yield-of-a-farm__crop_yield_data__variant_03_of_05.json,regression,crop_yield,linear,success,,,,,,600.0,,,/home/joshua/Code/ai_projects/amalia/backend/data/uploads/datasets/regression/easy/govindaramsriram_crop-yield-of-a-farm/crop_yield_data.csv,/home/joshua/Code/ai_projects/amalia/data/batch_results/corrected_execution/models/regression__easy__govindaramsriram_crop-yield-of-a-farm__crop_yield_data.pkl,3.0,"['1:load_csv', '2:train_regression_model', '3:evaluate_regression_model']",,,,,,,,,1.0,0.0818,0.2859,0.2432,0.0999,,,DeepSeek,Corrected (test_indices),True,easy,
regression__easy__govindaramsriram_crop-yield-of-a-farm__crop_yield_data,regression__easy__govindaramsriram_crop-yield-of-a-farm__crop_yield_data__variant_04_of_05.json,regression,crop_yield,linear,success,,,,,,600.0,,,/home/joshua/Code/ai_projects/amalia/backend/data/uploads/datasets/regression/easy/govindaramsriram_crop-yield-of-a-farm/crop_yield_data.csv,/home/joshua/Code/ai_projects/amalia/data/batch_results/corrected_execution/models/regression__easy__govindaramsriram_crop-yield-of-a-farm__crop_yield_data.pkl,3.0,"['1:load_csv', '2:train_regression_model', '3:evaluate_regression_model']",,,,,,,,,1.0,0.0818,0.2859,0.2432,0.0999,,,DeepSeek,Corrected (test_indices),True,easy,
regression__easy__govindaramsriram_crop-yield-of-a-farm__crop_yield_data,regression__easy__govindaramsriram_crop-yield-of-a-farm__crop_yield_data__variant_05_of_05.json,regression,,,failed,Input file not found: None,,,,,,,,,,,,,,,,,,,,,,,,,,,DeepSeek,Corrected (test_indices),False,easy,
regression__easy__nalisha_numerical-feature-based-target-prediction-using-ml__practice_dataset,regression__easy__nalisha_numerical-feature-based-target-prediction-using-ml__practice_dataset__variant_01_of_05.json,regression,target,linear,success,,,,,,2000.0,,,/home/joshua/Code/ai_projects/amalia/backend/data/uploads/datasets/regression/easy/nalisha_numerical-feature-based-target-prediction-using-ml/practice_dataset.csv,/home/joshua/Code/ai_projects/amalia/data/batch_results/corrected_execution/models/regression__easy__nalisha_numerical-feature-based-target-prediction-using-ml__practice_dataset.pkl,3.0,"['1:load_csv', '2:train_regression_model', '3:evaluate_regression_model']",,,,,,,,,0.5281,2509.0934,50.0909,41.2742,143.6676,,,DeepSeek,Corrected (test_indices),False,easy,
regression__easy__nalisha_numerical-feature-based-target-prediction-using-ml__practice_dataset,regression__easy__nalisha_numerical-feature-based-target-prediction-using-ml__practice_dataset__variant_02_of_05.json,regression,,,success,,,,,,,,,/home/joshua/Code/ai_projects/amalia/backend/data/uploads/datasets/regression/easy/nalisha_numerical-feature-based-target-prediction-using-ml/practice_dataset.csv,,0.0,[],,,,,,,,,,,,,,,,DeepSeek,Corrected (test_indices),False,easy,
regression__easy__nalisha_numerical-feature-based-target-prediction-using-ml__practice_dataset,regression__easy__nalisha_numerical-feature-based-target-prediction-using-ml__practice_dataset__variant_03_of_05.json,regression,target,linear,success,,,,,,2000.0,,,/home/joshua/Code/ai_projects/amalia/backend/data/uploads/datasets/regression/easy/nalisha_numerical-feature-based-target-prediction-using-ml/practice_dataset.csv,/home/joshua/Code/ai_projects/amalia/data/batch_results/corrected_execution/models/regression__easy__nalisha_numerical-feature-based-target-prediction-using-ml__practice_dataset.pkl,3.0,"['1:load_csv', '2:train_regression_model', '3:evaluate_regression_model']",,,,,,,,,0.5281,2509.0934,50.0909,41.2742,143.6676,,,DeepSeek,Corrected (test_indices),False,easy,
regression__easy__nalisha_numerical-feature-based-target-prediction-using-ml__practice_dataset,regression__easy__nalisha_numerical-feature-based-target-prediction-using-ml__practice_dataset__variant_04_of_05.json,regression,,,success,,,,,,,,,/home/joshua/Code/ai_projects/amalia/backend/data/uploads/datasets/regression/easy/nalisha_numerical-feature-based-target-prediction-using-ml/practice_dataset.csv,,1.0,['1:load_csv'],,,,,,,,,,,,,,,,DeepSeek,Corrected (test_indices),False,easy,
regression__easy__nalisha_numerical-feature-based-target-prediction-using-ml__practice_dataset,regression__easy__nalisha_numerical-feature-based-target-prediction-using-ml__practice_dataset__variant_05_of_05.json,regression,target,linear,success,,,,,,2000.0,,,/home/joshua/Code/ai_projects/amalia/backend/data/uploads/datasets/regression/easy/nalisha_numerical-feature-based-target-prediction-using-ml/practice_dataset.csv,/home/joshua/Code/ai_projects/amalia/data/batch_results/corrected_execution/models/regression__easy__nalisha_numerical-feature-based-target-prediction-using-ml__practice_dataset.pkl,3.0,"['1:load_csv', '2:train_regression_model', '3:evaluate_regression_model']",,,,,,,,,0.5281,2509.0934,50.0909,41.2742,143.6676,,,DeepSeek,Corrected (test_indices),False,easy,
regression__easy__quantbruce_real-estate-price-prediction__Real estate,regression__easy__quantbruce_real-estate-price-prediction__Real estate__variant_01_of_05.json,regression,Y house price of unit area,linear,success,,,,,,83.0,,,/home/joshua/Code/ai_projects/amalia/backend/data/uploads/datasets/regression/easy/quantbruce_real-estate-price-prediction/Real estate.csv,/home/joshua/Code/ai_projects/amalia/data/batch_results/corrected_execution/models/regression__easy__quantbruce_real-estate-price-prediction__Real estate.pkl,3.0,"['1:load_csv', '2:train_regression_model', '3:evaluate_regression_model']",,,,,,,,,0.6745,54.602,7.3893,5.418,17.692,,,DeepSeek,Corrected (test_indices),False,easy,
regression__easy__quantbruce_real-estate-price-prediction__Real estate,regression__easy__quantbruce_real-estate-price-prediction__Real estate__variant_02_of_05.json,regression,Y house price of unit area,linear,success,,,,,,83.0,,,/home/joshua/Code/ai_projects/amalia/backend/data/uploads/datasets/regression/easy/quantbruce_real-estate-price-prediction/Real estate.csv,/home/joshua/Code/ai_projects/amalia/data/batch_results/corrected_execution/models/regression__easy__quantbruce_real-estate-price-prediction__Real estate.pkl,3.0,"['1:load_csv', '2:train_regression_model', '3:evaluate_regression_model']",,,,,,,,,0.6745,54.602,7.3893,5.418,17.692,,,DeepSeek,Corrected (test_indices),False,easy,
regression__easy__quantbruce_real-estate-price-prediction__Real estate,regression__easy__quantbruce_real-estate-price-prediction__Real estate__variant_03_of_05.json,regression,,,success,,,,,,,,,/home/joshua/Code/ai_projects/amalia/backend/data/uploads/datasets/regression/easy/quantbruce_real-estate-price-prediction/Real estate.csv,,0.0,[],,,,,,,,,,,,,,,,DeepSeek,Corrected (test_indices),False,easy,
regression__easy__quantbruce_real-estate-price-prediction__Real estate,regression__easy__quantbruce_real-estate-price-prediction__Real estate__variant_04_of_05.json,regression,Y house price of unit area,linear,success,,,,,,83.0,,,/home/joshua/Code/ai_projects/amalia/backend/data/uploads/datasets/regression/easy/quantbruce_real-estate-price-prediction/Real estate.csv,/home/joshua/Code/ai_projects/amalia/data/batch_results/corrected_execution/models/regression__easy__quantbruce_real-estate-price-prediction__Real estate.pkl,3.0,"['1:load_csv', '2:train_regression_model', '3:evaluate_regression_model']",,,,,,,,,0.6745,54.602,7.3893,5.418,17.692,,,DeepSeek,Corrected (test_indices),False,easy,
regression__easy__quantbruce_real-estate-price-prediction__Real estate,regression__easy__quantbruce_real-estate-price-prediction__Real estate__variant_05_of_05.json,regression,Y house price of unit area,linear,success,,,,,,83.0,,,/home/joshua/Code/ai_projects/amalia/backend/data/uploads/datasets/regression/easy/quantbruce_real-estate-price-prediction/Real estate.csv,/home/joshua/Code/ai_projects/amalia/data/batch_results/corrected_execution/models/regression__easy__quantbruce_real-estate-price-prediction__Real estate.pkl,3.0,"['1:load_csv', '2:train_regression_model', '3:evaluate_regression_model']",,,,,,,,,0.6745,54.602,7.3893,5.418,17.692,,,DeepSeek,Corrected (test_indices),False,easy,
regression__easy__ranitsarkar01_porter-delivery-time-estimation__dataset,regression__easy__ranitsarkar01_porter-delivery-time-estimation__dataset__variant_01_of_05.json,regression,total_outstanding_orders,linear,failed,"Input X contains NaN.
LinearRegression does not accept missing values encoded as NaN natively. For supervised learning, you might want to consider sklearn.ensemble.HistGradientBoostingClassifier and Regressor which accept missing values encoded as NaNs natively. Alternatively, it is possible to preprocess the data, for instance by using an imputer transformer in a pipeline or drop samples with missing values. See https://scikit-learn.org/stable/modules/impute.html You can find a list of all estimators that handle NaN values at the following page: https://scikit-learn.org/stable/modules/impute.html#estimators-that-handle-nan-values",,,,,,,,,,,,,,,,,,,,,,,,,,,DeepSeek,Corrected (test_indices),False,easy,
regression__easy__ranitsarkar01_porter-delivery-time-estimation__dataset,regression__easy__ranitsarkar01_porter-delivery-time-estimation__dataset__variant_02_of_05.json,regression,total_outstanding_orders,linear,failed,"Input X contains NaN.
LinearRegression does not accept missing values encoded as NaN natively. For supervised learning, you might want to consider sklearn.ensemble.HistGradientBoostingClassifier and Regressor which accept missing values encoded as NaNs natively. Alternatively, it is possible to preprocess the data, for instance by using an imputer transformer in a pipeline or drop samples with missing values. See https://scikit-learn.org/stable/modules/impute.html You can find a list of all estimators that handle NaN values at the following page: https://scikit-learn.org/stable/modules/impute.html#estimators-that-handle-nan-values",,,,,,,,,,,,,,,,,,,,,,,,,,,DeepSeek,Corrected (test_indices),False,easy,
regression__easy__ranitsarkar01_porter-delivery-time-estimation__dataset,regression__easy__ranitsarkar01_porter-delivery-time-estimation__dataset__variant_03_of_05.json,regression,total_outstanding_orders,linear,failed,"Input X contains NaN.
LinearRegression does not accept missing values encoded as NaN natively. For supervised learning, you might want to consider sklearn.ensemble.HistGradientBoostingClassifier and Regressor which accept missing values encoded as NaNs natively. Alternatively, it is possible to preprocess the data, for instance by using an imputer transformer in a pipeline or drop samples with missing values. See https://scikit-learn.org/stable/modules/impute.html You can find a list of all estimators that handle NaN values at the following page: https://scikit-learn.org/stable/modules/impute.html#estimators-that-handle-nan-values",,,,,,,,,,,,,,,,,,,,,,,,,,,DeepSeek,Corrected (test_indices),False,easy,
regression__easy__ranitsarkar01_porter-delivery-time-estimation__dataset,regression__easy__ranitsarkar01_porter-delivery-time-estimation__dataset__variant_04_of_05.json,regression,total_outstanding_orders,linear,failed,"Input X contains NaN.
LinearRegression does not accept missing values encoded as NaN natively. For supervised learning, you might want to consider sklearn.ensemble.HistGradientBoostingClassifier and Regressor which accept missing values encoded as NaNs natively. Alternatively, it is possible to preprocess the data, for instance by using an imputer transformer in a pipeline or drop samples with missing values. See https://scikit-learn.org/stable/modules/impute.html You can find a list of all estimators that handle NaN values at the following page: https://scikit-learn.org/stable/modules/impute.html#estimators-that-handle-nan-values",,,,,,,,,,,,,,,,,,,,,,,,,,,DeepSeek,Corrected (test_indices),False,easy,
regression__easy__ranitsarkar01_porter-delivery-time-estimation__dataset,regression__easy__ranitsarkar01_porter-delivery-time-estimation__dataset__variant_05_of_05.json,regression,total_outstanding_orders,linear,failed,"Input X contains NaN.
LinearRegression does not accept missing values encoded as NaN natively. For supervised learning, you might want to consider sklearn.ensemble.HistGradientBoostingClassifier and Regressor which accept missing values encoded as NaNs natively. Alternatively, it is possible to preprocess the data, for instance by using an imputer transformer in a pipeline or drop samples with missing values. See https://scikit-learn.org/stable/modules/impute.html You can find a list of all estimators that handle NaN values at the following page: https://scikit-learn.org/stable/modules/impute.html#estimators-that-handle-nan-values",,,,,,,,,,,,,,,,,,,,,,,,,,,DeepSeek,Corrected (test_indices),False,easy,
regression__easy__sakshisatre_the-boston-housing-dataset__Boston (1),regression__easy__sakshisatre_the-boston-housing-dataset__Boston (1)__variant_01_of_05.json,regression,MEDV,linear,success,,,,,,102.0,,,/home/joshua/Code/ai_projects/amalia/backend/data/uploads/datasets/regression/easy/sakshisatre_the-boston-housing-dataset/Boston (1).csv,/home/joshua/Code/ai_projects/amalia/data/batch_results/corrected_execution/models/regression__easy__sakshisatre_the-boston-housing-dataset__Boston (1).pkl,3.0,"['1:load_csv', '2:train_regression_model', '3:evaluate_regression_model']",,,,,,,,,0.6688,24.2911,4.9286,3.1891,16.8664,,,DeepSeek,Corrected (test_indices),False,easy,
regression__easy__sakshisatre_the-boston-housing-dataset__Boston (1),regression__easy__sakshisatre_the-boston-housing-dataset__Boston (1)__variant_02_of_05.json,regression,MEDV,linear,success,,,,,,102.0,,,/home/joshua/Code/ai_projects/amalia/backend/data/uploads/datasets/regression/easy/sakshisatre_the-boston-housing-dataset/Boston (1).csv,/home/joshua/Code/ai_projects/amalia/data/batch_results/corrected_execution/models/regression__easy__sakshisatre_the-boston-housing-dataset__Boston (1).pkl,3.0,"['1:load_csv', '2:train_regression_model', '3:evaluate_regression_model']",,,,,,,,,0.6688,24.2911,4.9286,3.1891,16.8664,,,DeepSeek,Corrected (test_indices),False,easy,
regression__easy__sakshisatre_the-boston-housing-dataset__Boston (1),regression__easy__sakshisatre_the-boston-housing-dataset__Boston (1)__variant_03_of_05.json,regression,MEDV,linear,success,,,,,,102.0,,,/home/joshua/Code/ai_projects/amalia/backend/data/uploads/datasets/regression/easy/sakshisatre_the-boston-housing-dataset/Boston (1).csv,/home/joshua/Code/ai_projects/amalia/data/batch_results/corrected_execution/models/regression__easy__sakshisatre_the-boston-housing-dataset__Boston (1).pkl,3.0,"['1:load_csv', '2:train_regression_model', '3:evaluate_regression_model']",,,,,,,,,0.6688,24.2911,4.9286,3.1891,16.8664,,,DeepSeek,Corrected (test_indices),False,easy,
regression__easy__sakshisatre_the-boston-housing-dataset__Boston (1),regression__easy__sakshisatre_the-boston-housing-dataset__Boston (1)__variant_04_of_05.json,regression,MEDV,linear,success,,,,,,102.0,,,/home/joshua/Code/ai_projects/amalia/backend/data/uploads/datasets/regression/easy/sakshisatre_the-boston-housing-dataset/Boston (1).csv,/home/joshua/Code/ai_projects/amalia/data/batch_results/corrected_execution/models/regression__easy__sakshisatre_the-boston-housing-dataset__Boston (1).pkl,3.0,"['1:load_csv', '2:train_regression_model', '3:evaluate_regression_model']",,,,,,,,,0.6688,24.2911,4.9286,3.1891,16.8664,,,DeepSeek,Corrected (test_indices),False,easy,
regression__easy__sakshisatre_the-boston-housing-dataset__Boston (1),regression__easy__sakshisatre_the-boston-housing-dataset__Boston (1)__variant_05_of_05.json,regression,MEDV,linear,success,,,,,,102.0,,,/home/joshua/Code/ai_projects/amalia/backend/data/uploads/datasets/regression/easy/sakshisatre_the-boston-housing-dataset/Boston (1).csv,/home/joshua/Code/ai_projects/amalia/data/batch_results/corrected_execution/models/regression__easy__sakshisatre_the-boston-housing-dataset__Boston (1).pkl,3.0,"['1:load_csv', '2:train_regression_model', '3:evaluate_regression_model']",,,,,,,,,0.6688,24.2911,4.9286,3.1891,16.8664,,,DeepSeek,Corrected (test_indices),False,easy,
regression__easy__thedevastator_age-prediction-for-individuals-using-multi-omic__test_rows,regression__easy__thedevastator_age-prediction-for-individuals-using-multi-omic__test_rows__variant_01_of_05.json,regression,KLF14_2,linear,success,,,,,,21.0,,,/home/joshua/Code/ai_projects/amalia/backend/data/uploads/datasets/regression/easy/thedevastator_age-prediction-for-individuals-using-multi-omic/test_rows.csv,/home/joshua/Code/ai_projects/amalia/data/batch_results/corrected_execution/models/regression__easy__thedevastator_age-prediction-for-individuals-using-multi-omic__test_rows.pkl,3.0,"['1:load_csv', '2:train_regression_model', '3:evaluate_regression_model']",,,,,,,,,0.3535,2.5586,1.5996,1.3572,63.5413,,,DeepSeek,Corrected (test_indices),False,easy,
regression__easy__thedevastator_age-prediction-for-individuals-using-multi-omic__test_rows,regression__easy__thedevastator_age-prediction-for-individuals-using-multi-omic__test_rows__variant_02_of_05.json,regression,KLF14_2,linear,success,,,,,,21.0,,,/home/joshua/Code/ai_projects/amalia/backend/data/uploads/datasets/regression/easy/thedevastator_age-prediction-for-individuals-using-multi-omic/test_rows.csv,/home/joshua/Code/ai_projects/amalia/data/batch_results/corrected_execution/models/regression__easy__thedevastator_age-prediction-for-individuals-using-multi-omic__test_rows.pkl,3.0,"['1:load_csv', '2:train_regression_model', '3:evaluate_regression_model']",,,,,,,,,0.3535,2.5586,1.5996,1.3572,63.5413,,,DeepSeek,Corrected (test_indices),False,easy,
regression__easy__thedevastator_age-prediction-for-individuals-using-multi-omic__test_rows,regression__easy__thedevastator_age-prediction-for-individuals-using-multi-omic__test_rows__variant_03_of_05.json,regression,,,success,,,,,,,,,/home/joshua/Code/ai_projects/amalia/backend/data/uploads/datasets/regression/easy/thedevastator_age-prediction-for-individuals-using-multi-omic/test_rows.csv,,0.0,[],,,,,,,,,,,,,,,,DeepSeek,Corrected (test_indices),False,easy,
regression__easy__thedevastator_age-prediction-for-individuals-using-multi-omic__test_rows,regression__easy__thedevastator_age-prediction-for-individuals-using-multi-omic__test_rows__variant_04_of_05.json,regression,KLF14_2,linear,success,,,,,,21.0,,,/home/joshua/Code/ai_projects/amalia/backend/data/uploads/datasets/regression/easy/thedevastator_age-prediction-for-individuals-using-multi-omic/test_rows.csv,/home/joshua/Code/ai_projects/amalia/data/batch_results/corrected_execution/models/regression__easy__thedevastator_age-prediction-for-individuals-using-multi-omic__test_rows.pkl,3.0,"['1:load_csv', '2:train_regression_model', '3:evaluate_regression_model']",,,,,,,,,0.3535,2.5586,1.5996,1.3572,63.5413,,,DeepSeek,Corrected (test_indices),False,easy,
regression__easy__thedevastator_age-prediction-for-individuals-using-multi-omic__test_rows,regression__easy__thedevastator_age-prediction-for-individuals-using-multi-omic__test_rows__variant_05_of_05.json,regression,KLF14_2,linear,success,,,,,,21.0,,,/home/joshua/Code/ai_projects/amalia/backend/data/uploads/datasets/regression/easy/thedevastator_age-prediction-for-individuals-using-multi-omic/test_rows.csv,/home/joshua/Code/ai_projects/amalia/data/batch_results/corrected_execution/models/regression__easy__thedevastator_age-prediction-for-individuals-using-multi-omic__test_rows.pkl,2.0,"['1:train_regression_model', '2:evaluate_regression_model']",,,,,,,,,0.3535,2.5586,1.5996,1.3572,63.5413,,,DeepSeek,Corrected (test_indices),False,easy,
regression__easy__zubairdhuddi_linear-regression__test,regression__easy__zubairdhuddi_linear-regression__test__variant_01_of_05.json,regression,y,linear,success,,,,,,60.0,,,/home/joshua/Code/ai_projects/amalia/backend/data/uploads/datasets/regression/easy/zubairdhuddi_linear-regression/test.csv,/home/joshua/Code/ai_projects/amalia/data/batch_results/corrected_execution/models/regression__easy__zubairdhuddi_linear-regression__test.pkl,3.0,"['1:load_csv', '2:train_regression_model', '3:evaluate_regression_model']",,,,,,,,,0.9909,9.2594,3.0429,2.5178,21.074,,,DeepSeek,Corrected (test_indices),True,easy,
regression__easy__zubairdhuddi_linear-regression__test,regression__easy__zubairdhuddi_linear-regression__test__variant_02_of_05.json,regression,y,linear,success,,,,,,60.0,,,/home/joshua/Code/ai_projects/amalia/backend/data/uploads/datasets/regression/easy/zubairdhuddi_linear-regression/test.csv,/home/joshua/Code/ai_projects/amalia/data/batch_results/corrected_execution/models/regression__easy__zubairdhuddi_linear-regression__test.pkl,3.0,"['1:load_csv', '2:train_regression_model', '3:evaluate_regression_model']",,,,,,,,,0.9909,9.2594,3.0429,2.5178,21.074,,,DeepSeek,Corrected (test_indices),True,easy,
regression__easy__zubairdhuddi_linear-regression__test,regression__easy__zubairdhuddi_linear-regression__test__variant_03_of_05.json,regression,y,linear,success,,,,,,60.0,,,/home/joshua/Code/ai_projects/amalia/backend/data/uploads/datasets/regression/easy/zubairdhuddi_linear-regression/test.csv,/home/joshua/Code/ai_projects/amalia/data/batch_results/corrected_execution/models/regression__easy__zubairdhuddi_linear-regression__test.pkl,3.0,"['1:load_csv', '2:train_regression_model', '3:evaluate_regression_model']",,,,,,,,,0.9909,9.2594,3.0429,2.5178,21.074,,,DeepSeek,Corrected (test_indices),True,easy,
regression__easy__zubairdhuddi_linear-regression__test,regression__easy__zubairdhuddi_linear-regression__test__variant_04_of_05.json,regression,y,random_forest,success,,,,,,60.0,,,/home/joshua/Code/ai_projects/amalia/backend/data/uploads/datasets/regression/easy/zubairdhuddi_linear-regression/test.csv,/home/joshua/Code/ai_projects/amalia/data/batch_results/corrected_execution/models/regression__easy__zubairdhuddi_linear-regression__test.pkl,2.0,"['1:train_regression_model', '2:evaluate_regression_model']",,,,,,,,,0.9905,9.6809,3.1114,2.5056,22.9098,,,DeepSeek,Corrected (test_indices),True,easy,
regression__easy__zubairdhuddi_linear-regression__test,regression__easy__zubairdhuddi_linear-regression__test__variant_05_of_05.json,regression,y,linear,success,,,,,,60.0,,,/home/joshua/Code/ai_projects/amalia/backend/data/uploads/datasets/regression/easy/zubairdhuddi_linear-regression/test.csv,/home/joshua/Code/ai_projects/amalia/data/batch_results/corrected_execution/models/regression__easy__zubairdhuddi_linear-regression__test.pkl,2.0,"['1:load_csv', '2:train_regression_model']",regression,,,-0.0023,240.0,['x'],/home/joshua/Code/ai_projects/amalia/data/batch_results/corrected_execution/models/regression__easy__zubairdhuddi_linear-regression__test.pkl,/home/joshua/Code/ai_projects/amalia/data/batch_results/corrected_execution/models/regression__easy__zubairdhuddi_linear-regression__test_test_indices.json,,9.2594,3.0429,2.5178,,0.9885,0.9909,DeepSeek,Corrected (test_indices),False,easy,
regression__hard__anujsaha0123456789_house-prices-cleaned-dataset-for-regression-ml__house_prices_cleaned,regression__hard__anujsaha0123456789_house-prices-cleaned-dataset-for-regression-ml__house_prices_cleaned__variant_01_of_05.json,regression,SalePrice,svr,success,,,,,,292.0,,,/home/joshua/Code/ai_projects/amalia/backend/data/uploads/datasets/regression/hard/anujsaha0123456789_house-prices-cleaned-dataset-for-regression-ml/house_prices_cleaned.csv,/home/joshua/Code/ai_projects/amalia/data/batch_results/corrected_execution/models/regression__hard__anujsaha0123456789_house-prices-cleaned-dataset-for-regression-ml__house_prices_cleaned.pkl,3.0,"['1:load_csv', '2:train_regression_model', '3:evaluate_regression_model']",,,,,,,,,-0.0246,7859359217.2756,88653.0271,59556.7317,35.9659,,,DeepSeek,Corrected (test_indices),False,hard,
regression__hard__anujsaha0123456789_house-prices-cleaned-dataset-for-regression-ml__house_prices_cleaned,regression__hard__anujsaha0123456789_house-prices-cleaned-dataset-for-regression-ml__house_prices_cleaned__variant_02_of_05.json,regression,SalePrice,svr,success,,,,,,292.0,,,/home/joshua/Code/ai_projects/amalia/backend/data/uploads/datasets/regression/hard/anujsaha0123456789_house-prices-cleaned-dataset-for-regression-ml/house_prices_cleaned.csv,/home/joshua/Code/ai_projects/amalia/data/batch_results/corrected_execution/models/regression__hard__anujsaha0123456789_house-prices-cleaned-dataset-for-regression-ml__house_prices_cleaned.pkl,3.0,"['1:load_csv', '2:train_regression_model', '3:evaluate_regression_model']",,,,,,,,,-0.0246,7859359217.2756,88653.0271,59556.7317,35.9659,,,DeepSeek,Corrected (test_indices),False,hard,
regression__hard__anujsaha0123456789_house-prices-cleaned-dataset-for-regression-ml__house_prices_cleaned,regression__hard__anujsaha0123456789_house-prices-cleaned-dataset-for-regression-ml__house_prices_cleaned__variant_03_of_05.json,regression,SalePrice,svr,success,,,,,,292.0,,,/home/joshua/Code/ai_projects/amalia/backend/data/uploads/datasets/regression/hard/anujsaha0123456789_house-prices-cleaned-dataset-for-regression-ml/house_prices_cleaned.csv,/home/joshua/Code/ai_projects/amalia/data/batch_results/corrected_execution/models/regression__hard__anujsaha0123456789_house-prices-cleaned-dataset-for-regression-ml__house_prices_cleaned.pkl,3.0,"['1:load_csv', '2:train_regression_model', '3:evaluate_regression_model']",,,,,,,,,-0.0246,7859359217.2756,88653.0271,59556.7317,35.9659,,,DeepSeek,Corrected (test_indices),False,hard,
regression__hard__anujsaha0123456789_house-prices-cleaned-dataset-for-regression-ml__house_prices_cleaned,regression__hard__anujsaha0123456789_house-prices-cleaned-dataset-for-regression-ml__house_prices_cleaned__variant_04_of_05.json,regression,SalePrice,svr,success,,,,,,292.0,,,/home/joshua/Code/ai_projects/amalia/backend/data/uploads/datasets/regression/hard/anujsaha0123456789_house-prices-cleaned-dataset-for-regression-ml/house_prices_cleaned.csv,/home/joshua/Code/ai_projects/amalia/data/batch_results/corrected_execution/models/regression__hard__anujsaha0123456789_house-prices-cleaned-dataset-for-regression-ml__house_prices_cleaned.pkl,3.0,"['1:load_csv', '2:train_regression_model', '3:evaluate_regression_model']",,,,,,,,,-0.0246,7859359217.2756,88653.0271,59556.7317,35.9659,,,DeepSeek,Corrected (test_indices),False,hard,
regression__hard__anujsaha0123456789_house-prices-cleaned-dataset-for-regression-ml__house_prices_cleaned,regression__hard__anujsaha0123456789_house-prices-cleaned-dataset-for-regression-ml__house_prices_cleaned__variant_05_of_05.json,regression,SalePrice,svr,success,,,,,,292.0,,,/home/joshua/Code/ai_projects/amalia/backend/data/uploads/datasets/regression/hard/anujsaha0123456789_house-prices-cleaned-dataset-for-regression-ml/house_prices_cleaned.csv,/home/joshua/Code/ai_projects/amalia/data/batch_results/corrected_execution/models/regression__hard__anujsaha0123456789_house-prices-cleaned-dataset-for-regression-ml__house_prices_cleaned.pkl,3.0,"['1:load_csv', '2:train_regression_model', '3:evaluate_regression_model']",,,,,,,,,-0.0246,7859359217.2756,88653.0271,59556.7317,35.9659,,,DeepSeek,Corrected (test_indices),False,hard,
regression__hard__bharatsahu_house-price-prediction-dataset-insurancehub-usa__House_price_multifeatures,regression__hard__bharatsahu_house-price-prediction-dataset-insurancehub-usa__House_price_multifeatures__variant_01_of_05.json,classification,TTTerritory,decision_tree,failed,Input contains NaN,,,,,,,,,,,,,,,,,,,,,,,,,,,DeepSeek,Corrected (test_indices),False,hard,
regression__hard__bharatsahu_house-price-prediction-dataset-insurancehub-usa__House_price_multifeatures,regression__hard__bharatsahu_house-price-prediction-dataset-insurancehub-usa__House_price_multifeatures__variant_02_of_05.json,classification,TTTerritory,decision_tree,failed,Input contains NaN,,,,,,,,,,,,,,,,,,,,,,,,,,,DeepSeek,Corrected (test_indices),False,hard,
regression__hard__bharatsahu_house-price-prediction-dataset-insurancehub-usa__House_price_multifeatures,regression__hard__bharatsahu_house-price-prediction-dataset-insurancehub-usa__House_price_multifeatures__variant_03_of_05.json,classification,TTTerritory,decision_tree,failed,Input contains NaN,,,,,,,,,,,,,,,,,,,,,,,,,,,DeepSeek,Corrected (test_indices),False,hard,
regression__hard__bharatsahu_house-price-prediction-dataset-insurancehub-usa__House_price_multifeatures,regression__hard__bharatsahu_house-price-prediction-dataset-insurancehub-usa__House_price_multifeatures__variant_04_of_05.json,classification,TTTerritory,decision_tree,failed,Input contains NaN,,,,,,,,,,,,,,,,,,,,,,,,,,,DeepSeek,Corrected (test_indices),False,hard,
regression__hard__bharatsahu_house-price-prediction-dataset-insurancehub-usa__House_price_multifeatures,regression__hard__bharatsahu_house-price-prediction-dataset-insurancehub-usa__House_price_multifeatures__variant_05_of_05.json,classification,TTTerritory,decision_tree,failed,Input contains NaN,,,,,,,,,,,,,,,,,,,,,,,,,,,DeepSeek,Corrected (test_indices),False,hard,
regression__hard__bjaton_housepricesadvancedregressiontechniquestrain__train,regression__hard__bjaton_housepricesadvancedregressiontechniquestrain__train__variant_01_of_05.json,regression,SalePrice,ridge,failed,"Input X contains NaN.
Ridge does not accept missing values encoded as NaN natively. For supervised learning, you might want to consider sklearn.ensemble.HistGradientBoostingClassifier and Regressor which accept missing values encoded as NaNs natively. Alternatively, it is possible to preprocess the data, for instance by using an imputer transformer in a pipeline or drop samples with missing values. See https://scikit-learn.org/stable/modules/impute.html You can find a list of all estimators that handle NaN values at the following page: https://scikit-learn.org/stable/modules/impute.html#estimators-that-handle-nan-values",,,,,,,,,,,,,,,,,,,,,,,,,,,DeepSeek,Corrected (test_indices),False,hard,
regression__hard__bjaton_housepricesadvancedregressiontechniquestrain__train,regression__hard__bjaton_housepricesadvancedregressiontechniquestrain__train__variant_02_of_05.json,regression,SalePrice,ridge,failed,"Input X contains NaN.
Ridge does not accept missing values encoded as NaN natively. For supervised learning, you might want to consider sklearn.ensemble.HistGradientBoostingClassifier and Regressor which accept missing values encoded as NaNs natively. Alternatively, it is possible to preprocess the data, for instance by using an imputer transformer in a pipeline or drop samples with missing values. See https://scikit-learn.org/stable/modules/impute.html You can find a list of all estimators that handle NaN values at the following page: https://scikit-learn.org/stable/modules/impute.html#estimators-that-handle-nan-values",,,,,,,,,,,,,,,,,,,,,,,,,,,DeepSeek,Corrected (test_indices),False,hard,
regression__hard__bjaton_housepricesadvancedregressiontechniquestrain__train,regression__hard__bjaton_housepricesadvancedregressiontechniquestrain__train__variant_03_of_05.json,regression,SalePrice,ridge,failed,"Input X contains NaN.
Ridge does not accept missing values encoded as NaN natively. For supervised learning, you might want to consider sklearn.ensemble.HistGradientBoostingClassifier and Regressor which accept missing values encoded as NaNs natively. Alternatively, it is possible to preprocess the data, for instance by using an imputer transformer in a pipeline or drop samples with missing values. See https://scikit-learn.org/stable/modules/impute.html You can find a list of all estimators that handle NaN values at the following page: https://scikit-learn.org/stable/modules/impute.html#estimators-that-handle-nan-values",,,,,,,,,,,,,,,,,,,,,,,,,,,DeepSeek,Corrected (test_indices),False,hard,
regression__hard__bjaton_housepricesadvancedregressiontechniquestrain__train,regression__hard__bjaton_housepricesadvancedregressiontechniquestrain__train__variant_04_of_05.json,regression,SalePrice,ridge,failed,"Input X contains NaN.
Ridge does not accept missing values encoded as NaN natively. For supervised learning, you might want to consider sklearn.ensemble.HistGradientBoostingClassifier and Regressor which accept missing values encoded as NaNs natively. Alternatively, it is possible to preprocess the data, for instance by using an imputer transformer in a pipeline or drop samples with missing values. See https://scikit-learn.org/stable/modules/impute.html You can find a list of all estimators that handle NaN values at the following page: https://scikit-learn.org/stable/modules/impute.html#estimators-that-handle-nan-values",,,,,,,,,,,,,,,,,,,,,,,,,,,DeepSeek,Corrected (test_indices),False,hard,
regression__hard__bjaton_housepricesadvancedregressiontechniquestrain__train,regression__hard__bjaton_housepricesadvancedregressiontechniquestrain__train__variant_05_of_05.json,regression,SalePrice,ridge,failed,"Input X contains NaN.
Ridge does not accept missing values encoded as NaN natively. For supervised learning, you might want to consider sklearn.ensemble.HistGradientBoostingClassifier and Regressor which accept missing values encoded as NaNs natively. Alternatively, it is possible to preprocess the data, for instance by using an imputer transformer in a pipeline or drop samples with missing values. See https://scikit-learn.org/stable/modules/impute.html You can find a list of all estimators that handle NaN values at the following page: https://scikit-learn.org/stable/modules/impute.html#estimators-that-handle-nan-values",,,,,,,,,,,,,,,,,,,,,,,,,,,DeepSeek,Corrected (test_indices),False,hard,
regression__hard__bobnau_daily-website-visitors__daily-website-visitors,regression__hard__bobnau_daily-website-visitors__daily-website-visitors__variant_01_of_05.json,regression,Returning.Visits,linear,failed,"could not convert string to float: '1,036'",,,,,,,,,,,,,,,,,,,,,,,,,,,DeepSeek,Corrected (test_indices),False,hard,
regression__hard__bobnau_daily-website-visitors__daily-website-visitors,regression__hard__bobnau_daily-website-visitors__daily-website-visitors__variant_02_of_05.json,regression,Returning.Visits,linear,failed,"could not convert string to float: '1,036'",,,,,,,,,,,,,,,,,,,,,,,,,,,DeepSeek,Corrected (test_indices),False,hard,
regression__hard__bobnau_daily-website-visitors__daily-website-visitors,regression__hard__bobnau_daily-website-visitors__daily-website-visitors__variant_03_of_05.json,regression,Returning.Visits,linear,failed,"could not convert string to float: '1,036'",,,,,,,,,,,,,,,,,,,,,,,,,,,DeepSeek,Corrected (test_indices),False,hard,
regression__hard__bobnau_daily-website-visitors__daily-website-visitors,regression__hard__bobnau_daily-website-visitors__daily-website-visitors__variant_04_of_05.json,regression,Returning.Visits,linear,failed,"could not convert string to float: '1,036'",,,,,,,,,,,,,,,,,,,,,,,,,,,DeepSeek,Corrected (test_indices),False,hard,
regression__hard__bobnau_daily-website-visitors__daily-website-visitors,regression__hard__bobnau_daily-website-visitors__daily-website-visitors__variant_05_of_05.json,regression,Returning.Visits,linear,failed,"could not convert string to float: '1,036'",,,,,,,,,,,,,,,,,,,,,,,,,,,DeepSeek,Corrected (test_indices),False,hard,
regression__hard__deepcontractor_car-price-prediction-challenge__car_price_prediction,regression__hard__deepcontractor_car-price-prediction-challenge__car_price_prediction__variant_01_of_05.json,classification,Airbags,logistic,success,,0.3836,0.2308,0.3836,0.2875,3848.0,16.0,False,/home/joshua/Code/ai_projects/amalia/backend/data/uploads/datasets/regression/hard/deepcontractor_car-price-prediction-challenge/car_price_prediction.csv,/home/joshua/Code/ai_projects/amalia/data/batch_results/corrected_execution/models/regression__hard__deepcontractor_car-price-prediction-challenge__car_price_prediction.pkl,3.0,"['1:load_csv', '2:train_classification_model', '3:evaluate_classification_model']",,,,,,,,,,,,,,,,DeepSeek,Corrected (test_indices),False,hard,
regression__hard__deepcontractor_car-price-prediction-challenge__car_price_prediction,regression__hard__deepcontractor_car-price-prediction-challenge__car_price_prediction__variant_02_of_05.json,classification,Airbags,logistic,success,,0.3836,0.2308,0.3836,0.2875,3848.0,16.0,False,/home/joshua/Code/ai_projects/amalia/backend/data/uploads/datasets/regression/hard/deepcontractor_car-price-prediction-challenge/car_price_prediction.csv,/home/joshua/Code/ai_projects/amalia/data/batch_results/corrected_execution/models/regression__hard__deepcontractor_car-price-prediction-challenge__car_price_prediction.pkl,3.0,"['1:load_csv', '2:train_classification_model', '3:evaluate_classification_model']",,,,,,,,,,,,,,,,DeepSeek,Corrected (test_indices),False,hard,
regression__hard__deepcontractor_car-price-prediction-challenge__car_price_prediction,regression__hard__deepcontractor_car-price-prediction-challenge__car_price_prediction__variant_03_of_05.json,classification,Airbags,logistic,success,,0.3836,0.2308,0.3836,0.2875,3848.0,16.0,False,/home/joshua/Code/ai_projects/amalia/backend/data/uploads/datasets/regression/hard/deepcontractor_car-price-prediction-challenge/car_price_prediction.csv,/home/joshua/Code/ai_projects/amalia/data/batch_results/corrected_execution/models/regression__hard__deepcontractor_car-price-prediction-challenge__car_price_prediction.pkl,3.0,"['1:load_csv', '2:train_classification_model', '3:evaluate_classification_model']",,,,,,,,,,,,,,,,DeepSeek,Corrected (test_indices),False,hard,
regression__hard__deepcontractor_car-price-prediction-challenge__car_price_prediction,regression__hard__deepcontractor_car-price-prediction-challenge__car_price_prediction__variant_04_of_05.json,classification,Airbags,logistic,success,,0.3836,0.2308,0.3836,0.2875,3848.0,16.0,False,/home/joshua/Code/ai_projects/amalia/backend/data/uploads/datasets/regression/hard/deepcontractor_car-price-prediction-challenge/car_price_prediction.csv,/home/joshua/Code/ai_projects/amalia/data/batch_results/corrected_execution/models/regression__hard__deepcontractor_car-price-prediction-challenge__car_price_prediction.pkl,3.0,"['1:load_csv', '2:train_classification_model', '3:evaluate_classification_model']",,,,,,,,,,,,,,,,DeepSeek,Corrected (test_indices),False,hard,
regression__hard__deepcontractor_car-price-prediction-challenge__car_price_prediction,regression__hard__deepcontractor_car-price-prediction-challenge__car_price_prediction__variant_05_of_05.json,classification,Airbags,logistic,success,,0.3836,0.2308,0.3836,0.2875,3848.0,16.0,False,/home/joshua/Code/ai_projects/amalia/backend/data/uploads/datasets/regression/hard/deepcontractor_car-price-prediction-challenge/car_price_prediction.csv,/home/joshua/Code/ai_projects/amalia/data/batch_results/corrected_execution/models/regression__hard__deepcontractor_car-price-prediction-challenge__car_price_prediction.pkl,3.0,"['1:load_csv', '2:train_classification_model', '3:evaluate_classification_model']",,,,,,,,,,,,,,,,DeepSeek,Corrected (test_indices),False,hard,
regression__hard__kanchana1990_colorado-real-estate-market-2026__colorado_real_estate_2026,regression__hard__kanchana1990_colorado-real-estate-market-2026__colorado_real_estate_2026__variant_01_of_05.json,classification,garage,logistic,failed,"Input X contains NaN.
LogisticRegression does not accept missing values encoded as NaN natively. For supervised learning, you might want to consider sklearn.ensemble.HistGradientBoostingClassifier and Regressor which accept missing values encoded as NaNs natively. Alternatively, it is possible to preprocess the data, for instance by using an imputer transformer in a pipeline or drop samples with missing values. See https://scikit-learn.org/stable/modules/impute.html You can find a list of all estimators that handle NaN values at the following page: https://scikit-learn.org/stable/modules/impute.html#estimators-that-handle-nan-values",,,,,,,,,,,,,,,,,,,,,,,,,,,DeepSeek,Corrected (test_indices),False,hard,
regression__hard__kanchana1990_colorado-real-estate-market-2026__colorado_real_estate_2026,regression__hard__kanchana1990_colorado-real-estate-market-2026__colorado_real_estate_2026__variant_02_of_05.json,classification,garage,logistic,failed,"Input X contains NaN.
LogisticRegression does not accept missing values encoded as NaN natively. For supervised learning, you might want to consider sklearn.ensemble.HistGradientBoostingClassifier and Regressor which accept missing values encoded as NaNs natively. Alternatively, it is possible to preprocess the data, for instance by using an imputer transformer in a pipeline or drop samples with missing values. See https://scikit-learn.org/stable/modules/impute.html You can find a list of all estimators that handle NaN values at the following page: https://scikit-learn.org/stable/modules/impute.html#estimators-that-handle-nan-values",,,,,,,,,,,,,,,,,,,,,,,,,,,DeepSeek,Corrected (test_indices),False,hard,
regression__hard__kanchana1990_colorado-real-estate-market-2026__colorado_real_estate_2026,regression__hard__kanchana1990_colorado-real-estate-market-2026__colorado_real_estate_2026__variant_03_of_05.json,classification,garage,logistic,failed,"Input X contains NaN.
LogisticRegression does not accept missing values encoded as NaN natively. For supervised learning, you might want to consider sklearn.ensemble.HistGradientBoostingClassifier and Regressor which accept missing values encoded as NaNs natively. Alternatively, it is possible to preprocess the data, for instance by using an imputer transformer in a pipeline or drop samples with missing values. See https://scikit-learn.org/stable/modules/impute.html You can find a list of all estimators that handle NaN values at the following page: https://scikit-learn.org/stable/modules/impute.html#estimators-that-handle-nan-values",,,,,,,,,,,,,,,,,,,,,,,,,,,DeepSeek,Corrected (test_indices),False,hard,
regression__hard__kanchana1990_colorado-real-estate-market-2026__colorado_real_estate_2026,regression__hard__kanchana1990_colorado-real-estate-market-2026__colorado_real_estate_2026__variant_04_of_05.json,classification,garage,logistic,failed,"Input X contains NaN.
LogisticRegression does not accept missing values encoded as NaN natively. For supervised learning, you might want to consider sklearn.ensemble.HistGradientBoostingClassifier and Regressor which accept missing values encoded as NaNs natively. Alternatively, it is possible to preprocess the data, for instance by using an imputer transformer in a pipeline or drop samples with missing values. See https://scikit-learn.org/stable/modules/impute.html You can find a list of all estimators that handle NaN values at the following page: https://scikit-learn.org/stable/modules/impute.html#estimators-that-handle-nan-values",,,,,,,,,,,,,,,,,,,,,,,,,,,DeepSeek,Corrected (test_indices),False,hard,
regression__hard__kanchana1990_colorado-real-estate-market-2026__colorado_real_estate_2026,regression__hard__kanchana1990_colorado-real-estate-market-2026__colorado_real_estate_2026__variant_05_of_05.json,classification,garage,logistic,failed,"Input X contains NaN.
LogisticRegression does not accept missing values encoded as NaN natively. For supervised learning, you might want to consider sklearn.ensemble.HistGradientBoostingClassifier and Regressor which accept missing values encoded as NaNs natively. Alternatively, it is possible to preprocess the data, for instance by using an imputer transformer in a pipeline or drop samples with missing values. See https://scikit-learn.org/stable/modules/impute.html You can find a list of all estimators that handle NaN values at the following page: https://scikit-learn.org/stable/modules/impute.html#estimators-that-handle-nan-values",,,,,,,,,,,,,,,,,,,,,,,,,,,DeepSeek,Corrected (test_indices),False,hard,
regression__hard__milanvaddoriya_old-car-price-prediction__car_price,regression__hard__milanvaddoriya_old-car-price-prediction__car_price__variant_01_of_05.json,regression,,,failed,invalid literal for int() with base 10: '0.80.80.80.80.80.80.80.80.80.80.80.80.80.80.80.80.80.80.80.80.80.80.80.80.80.80.80.80.80.80.80.80.80.80.80.80.80.80.80.80.80.80.80.80.80.80.80.80.80.80.80.80.80.80.80.80.80.80.80.80.80.80.80.80.80.80,,,,,,,,,,,,,,,,,,,,,,,,,,,DeepSeek,Corrected (test_indices),False,hard,
regression__hard__milanvaddoriya_old-car-price-prediction__car_price,regression__hard__milanvaddoriya_old-car-price-prediction__car_price__variant_02_of_05.json,classification,Seats,logistic,success,,0.8477,0.7186,0.8477,0.7778,1103.0,6.0,False,/home/joshua/Code/ai_projects/amalia/backend/data/uploads/datasets/regression/hard/milanvaddoriya_old-car-price-prediction/car_price.csv,/home/joshua/Code/ai_projects/amalia/data/batch_results/corrected_execution/models/regression__hard__milanvaddoriya_old-car-price-prediction__car_price.pkl,3.0,"['1:load_csv', '2:train_classification_model', '3:evaluate_classification_model']",,,,,,,,,,,,,,,,DeepSeek,Corrected (test_indices),False,hard,
regression__hard__milanvaddoriya_old-car-price-prediction__car_price,regression__hard__milanvaddoriya_old-car-price-prediction__car_price__variant_03_of_05.json,classification,Seats,logistic,success,,0.8477,0.7186,0.8477,0.7778,1103.0,6.0,False,/home/joshua/Code/ai_projects/amalia/backend/data/uploads/datasets/regression/hard/milanvaddoriya_old-car-price-prediction/car_price.csv,/home/joshua/Code/ai_projects/amalia/data/batch_results/corrected_execution/models/regression__hard__milanvaddoriya_old-car-price-prediction__car_price.pkl,3.0,"['1:load_csv', '2:train_classification_model', '3:evaluate_classification_model']",,,,,,,,,,,,,,,,DeepSeek,Corrected (test_indices),False,hard,
regression__hard__milanvaddoriya_old-car-price-prediction__car_price,regression__hard__milanvaddoriya_old-car-price-prediction__car_price__variant_04_of_05.json,classification,Seats,logistic,success,,0.8477,0.7186,0.8477,0.7778,1103.0,6.0,False,/home/joshua/Code/ai_projects/amalia/backend/data/uploads/datasets/regression/hard/milanvaddoriya_old-car-price-prediction/car_price.csv,/home/joshua/Code/ai_projects/amalia/data/batch_results/corrected_execution/models/regression__hard__milanvaddoriya_old-car-price-prediction__car_price.pkl,3.0,"['1:load_csv', '2:train_classification_model', '3:evaluate_classification_model']",,,,,,,,,,,,,,,,DeepSeek,Corrected (test_indices),False,hard,
regression__hard__milanvaddoriya_old-car-price-prediction__car_price,regression__hard__milanvaddoriya_old-car-price-prediction__car_price__variant_05_of_05.json,regression,,,success,,,,,,,,,/home/joshua/Code/ai_projects/amalia/backend/data/uploads/datasets/regression/hard/milanvaddoriya_old-car-price-prediction/car_price.csv,,1.0,['1:load_csv'],,,,,,,,,,,,,,,,DeepSeek,Corrected (test_indices),False,hard,
regression__hard__spittman1248_cdc-data-nutrition-physical-activity-obesity__Nutrition__Physical_Activity__and_Obesity_-_Behavioral_Risk_Factor_Surveillance_System,regression__hard__spittman1248_cdc-data-nutrition-physical-activity-obesity__Nutrition__Physical_Activity__and_Obesity_-_Behavioral_Risk_Factor_Surveillance_System__variant_01_of_05.json,regression,Class,linear,failed,"Input X contains NaN.
LinearRegression does not accept missing values encoded as NaN natively. For supervised learning, you might want to consider sklearn.ensemble.HistGradientBoostingClassifier and Regressor which accept missing values encoded as NaNs natively. Alternatively, it is possible to preprocess the data, for instance by using an imputer transformer in a pipeline or drop samples with missing values. See https://scikit-learn.org/stable/modules/impute.html You can find a list of all estimators that handle NaN values at the following page: https://scikit-learn.org/stable/modules/impute.html#estimators-that-handle-nan-values",,,,,,,,,,,,,,,,,,,,,,,,,,,DeepSeek,Corrected (test_indices),False,hard,
regression__hard__spittman1248_cdc-data-nutrition-physical-activity-obesity__Nutrition__Physical_Activity__and_Obesity_-_Behavioral_Risk_Factor_Surveillance_System,regression__hard__spittman1248_cdc-data-nutrition-physical-activity-obesity__Nutrition__Physical_Activity__and_Obesity_-_Behavioral_Risk_Factor_Surveillance_System__variant_02_of_05.json,regression,,,failed,"Input X contains NaN.
SelectKBest does not accept missing values encoded as NaN natively. For supervised learning, you might want to consider sklearn.ensemble.HistGradientBoostingClassifier and Regressor which accept missing values encoded as NaNs natively. Alternatively, it is possible to preprocess the data, for instance by using an imputer transformer in a pipeline or drop samples with missing values. See https://scikit-learn.org/stable/modules/impute.html You can find a list of all estimators that handle NaN values at the following page: https://scikit-learn.org/stable/modules/impute.html#estimators-that-handle-nan-values",,,,,,,,,,,,,,,,,,,,,,,,,,,DeepSeek,Corrected (test_indices),False,hard,
regression__hard__spittman1248_cdc-data-nutrition-physical-activity-obesity__Nutrition__Physical_Activity__and_Obesity_-_Behavioral_Risk_Factor_Surveillance_System,regression__hard__spittman1248_cdc-data-nutrition-physical-activity-obesity__Nutrition__Physical_Activity__and_Obesity_-_Behavioral_Risk_Factor_Surveillance_System__variant_03_of_05.json,regression,Data_Value,gradient_boosting,failed,"Input X contains NaN.
GradientBoostingRegressor does not accept missing values encoded as NaN natively. For supervised learning, you might want to consider sklearn.ensemble.HistGradientBoostingClassifier and Regressor which accept missing values encoded as NaNs natively. Alternatively, it is possible to preprocess the data, for instance by using an imputer transformer in a pipeline or drop samples with missing values. See https://scikit-learn.org/stable/modules/impute.html You can find a list of all estimators that handle NaN values at the following page: https://scikit-learn.org/stable/modules/impute.html#estimators-that-handle-nan-values",,,,,,,,,,,,,,,,,,,,,,,,,,,DeepSeek,Corrected (test_indices),False,hard,
regression__hard__spittman1248_cdc-data-nutrition-physical-activity-obesity__Nutrition__Physical_Activity__and_Obesity_-_Behavioral_Risk_Factor_Surveillance_System,regression__hard__spittman1248_cdc-data-nutrition-physical-activity-obesity__Nutrition__Physical_Activity__and_Obesity_-_Behavioral_Risk_Factor_Surveillance_System__variant_04_of_05.json,classification,Class,naive_bayes,failed,"Input X contains NaN.
GaussianNB does not accept missing values encoded as NaN natively. For supervised learning, you might want to consider sklearn.ensemble.HistGradientBoostingClassifier and Regressor which accept missing values encoded as NaNs natively. Alternatively, it is possible to preprocess the data, for instance by using an imputer transformer in a pipeline or drop samples with missing values. See https://scikit-learn.org/stable/modules/impute.html You can find a list of all estimators that handle NaN values at the following page: https://scikit-learn.org/stable/modules/impute.html#estimators-that-handle-nan-values",,,,,,,,,,,,,,,,,,,,,,,,,,,DeepSeek,Corrected (test_indices),False,hard,
regression__hard__spittman1248_cdc-data-nutrition-physical-activity-obesity__Nutrition__Physical_Activity__and_Obesity_-_Behavioral_Risk_Factor_Surveillance_System,regression__hard__spittman1248_cdc-data-nutrition-physical-activity-obesity__Nutrition__Physical_Activity__and_Obesity_-_Behavioral_Risk_Factor_Surveillance_System__variant_05_of_05.json,classification,Class,naive_bayes,failed,"Input X contains NaN.
GaussianNB does not accept missing values encoded as NaN natively. For supervised learning, you might want to consider sklearn.ensemble.HistGradientBoostingClassifier and Regressor which accept missing values encoded as NaNs natively. Alternatively, it is possible to preprocess the data, for instance by using an imputer transformer in a pipeline or drop samples with missing values. See https://scikit-learn.org/stable/modules/impute.html You can find a list of all estimators that handle NaN values at the following page: https://scikit-learn.org/stable/modules/impute.html#estimators-that-handle-nan-values",,,,,,,,,,,,,,,,,,,,,,,,,,,DeepSeek,Corrected (test_indices),False,hard,
regression__hard__taweilo_mba-admission-dataset__MBA,regression__hard__taweilo_mba-admission-dataset__MBA__variant_01_of_05.json,regression,admission,linear,failed,Input contains NaN,,,,,,,,,,,,,,,,,,,,,,,,,,,DeepSeek,Corrected (test_indices),False,hard,
regression__hard__taweilo_mba-admission-dataset__MBA,regression__hard__taweilo_mba-admission-dataset__MBA__variant_02_of_05.json,classification,admission,logistic,failed,Input contains NaN,,,,,,,,,,,,,,,,,,,,,,,,,,,DeepSeek,Corrected (test_indices),False,hard,
regression__hard__taweilo_mba-admission-dataset__MBA,regression__hard__taweilo_mba-admission-dataset__MBA__variant_03_of_05.json,classification,admission,logistic,failed,Input contains NaN,,,,,,,,,,,,,,,,,,,,,,,,,,,DeepSeek,Corrected (test_indices),False,hard,
regression__hard__taweilo_mba-admission-dataset__MBA,regression__hard__taweilo_mba-admission-dataset__MBA__variant_04_of_05.json,classification,admission,logistic,failed,Input contains NaN,,,,,,,,,,,,,,,,,,,,,,,,,,,DeepSeek,Corrected (test_indices),False,hard,
regression__hard__taweilo_mba-admission-dataset__MBA,regression__hard__taweilo_mba-admission-dataset__MBA__variant_05_of_05.json,classification,admission,logistic,failed,Input contains NaN,,,,,,,,,,,,,,,,,,,,,,,,,,,DeepSeek,Corrected (test_indices),False,hard,
regression__hard__valakhorasani_tehran-house-prices-dataset__TehranHouse,regression__hard__valakhorasani_tehran-house-prices-dataset__TehranHouse__variant_01_of_05.json,regression,Price(USD),linear,success,,,,,,696.0,,,/home/joshua/Code/ai_projects/amalia/backend/data/uploads/datasets/regression/hard/valakhorasani_tehran-house-prices-dataset/TehranHouse.csv,/home/joshua/Code/ai_projects/amalia/data/batch_results/corrected_execution/models/regression__hard__valakhorasani_tehran-house-prices-dataset__TehranHouse.pkl,3.0,"['1:load_csv', '2:train_regression_model', '3:evaluate_regression_model']",,,,,,,,,1.0,0.0,0.0027,0.0022,0.0,,,DeepSeek,Corrected (test_indices),True,hard,
regression__hard__valakhorasani_tehran-house-prices-dataset__TehranHouse,regression__hard__valakhorasani_tehran-house-prices-dataset__TehranHouse__variant_02_of_05.json,regression,Price(USD),gradient_boosting,success,,,,,,696.0,,,/home/joshua/Code/ai_projects/amalia/backend/data/uploads/datasets/regression/hard/valakhorasani_tehran-house-prices-dataset/TehranHouse.csv,/home/joshua/Code/ai_projects/amalia/data/batch_results/corrected_execution/models/regression__hard__valakhorasani_tehran-house-prices-dataset__TehranHouse.pkl,4.0,"['1:handle_missing_values', '1:encode_categorical', '1:scale_features', '2:train_regression_model']",regression,,,0.0003,2783.0,"['Area', 'Room', 'Parking', 'Warehouse', 'Elevator', 'Address', 'Price']",/home/joshua/Code/ai_projects/amalia/data/batch_results/corrected_execution/models/regression__hard__valakhorasani_tehran-house-prices-dataset__TehranHouse.pkl,/home/joshua/Code/ai_projects/amalia/data/batch_results/corrected_execution/models/regression__hard__valakhorasani_tehran-house-prices-dataset__TehranHouse_test_indices.json,,19753668.7671,4444.51,1085.8813,,1.0,0.9997,DeepSeek,Corrected (test_indices),False,hard,
regression__hard__valakhorasani_tehran-house-prices-dataset__TehranHouse,regression__hard__valakhorasani_tehran-house-prices-dataset__TehranHouse__variant_03_of_05.json,regression,Price(USD),linear,success,,,,,,696.0,,,/home/joshua/Code/ai_projects/amalia/backend/data/uploads/datasets/regression/hard/valakhorasani_tehran-house-prices-dataset/TehranHouse.csv,/home/joshua/Code/ai_projects/amalia/data/batch_results/corrected_execution/models/regression__hard__valakhorasani_tehran-house-prices-dataset__TehranHouse.pkl,3.0,"['1:load_csv', '2:train_regression_model', '3:evaluate_regression_model']",,,,,,,,,1.0,0.0,0.0027,0.0022,0.0,,,DeepSeek,Corrected (test_indices),True,hard,
regression__hard__valakhorasani_tehran-house-prices-dataset__TehranHouse,regression__hard__valakhorasani_tehran-house-prices-dataset__TehranHouse__variant_04_of_05.json,regression,Price(USD),linear,success,,,,,,696.0,,,/home/joshua/Code/ai_projects/amalia/backend/data/uploads/datasets/regression/hard/valakhorasani_tehran-house-prices-dataset/TehranHouse.csv,/home/joshua/Code/ai_projects/amalia/data/batch_results/corrected_execution/models/regression__hard__valakhorasani_tehran-house-prices-dataset__TehranHouse.pkl,3.0,"['1:load_csv', '2:train_regression_model', '3:evaluate_regression_model']",,,,,,,,,1.0,0.0,0.0027,0.0022,0.0,,,DeepSeek,Corrected (test_indices),True,hard,
regression__hard__valakhorasani_tehran-house-prices-dataset__TehranHouse,regression__hard__valakhorasani_tehran-house-prices-dataset__TehranHouse__variant_05_of_05.json,regression,Price(USD),linear,success,,,,,,696.0,,,/home/joshua/Code/ai_projects/amalia/backend/data/uploads/datasets/regression/hard/valakhorasani_tehran-house-prices-dataset/TehranHouse.csv,/home/joshua/Code/ai_projects/amalia/data/batch_results/corrected_execution/models/regression__hard__valakhorasani_tehran-house-prices-dataset__TehranHouse.pkl,3.0,"['1:load_csv', '2:train_regression_model', '3:evaluate_regression_model']",,,,,,,,,1.0,0.0,0.0027,0.0022,0.0,,,DeepSeek,Corrected (test_indices),True,hard,
regression__mid__CooperUnion_cardataset__data,regression__mid__CooperUnion_cardataset__data__variant_01_of_05.json,regression,MSRP,linear,failed,"Input X contains NaN.
LinearRegression does not accept missing values encoded as NaN natively. For supervised learning, you might want to consider sklearn.ensemble.HistGradientBoostingClassifier and Regressor which accept missing values encoded as NaNs natively. Alternatively, it is possible to preprocess the data, for instance by using an imputer transformer in a pipeline or drop samples with missing values. See https://scikit-learn.org/stable/modules/impute.html You can find a list of all estimators that handle NaN values at the following page: https://scikit-learn.org/stable/modules/impute.html#estimators-that-handle-nan-values",,,,,,,,,,,,,,,,,,,,,,,,,,,DeepSeek,Corrected (test_indices),False,medium,
regression__mid__CooperUnion_cardataset__data,regression__mid__CooperUnion_cardataset__data__variant_02_of_05.json,regression,MSRP,linear,failed,"Input X contains NaN.
LinearRegression does not accept missing values encoded as NaN natively. For supervised learning, you might want to consider sklearn.ensemble.HistGradientBoostingClassifier and Regressor which accept missing values encoded as NaNs natively. Alternatively, it is possible to preprocess the data, for instance by using an imputer transformer in a pipeline or drop samples with missing values. See https://scikit-learn.org/stable/modules/impute.html You can find a list of all estimators that handle NaN values at the following page: https://scikit-learn.org/stable/modules/impute.html#estimators-that-handle-nan-values",,,,,,,,,,,,,,,,,,,,,,,,,,,DeepSeek,Corrected (test_indices),False,medium,
regression__mid__CooperUnion_cardataset__data,regression__mid__CooperUnion_cardataset__data__variant_03_of_05.json,regression,MSRP,linear,failed,"Input X contains NaN.
LinearRegression does not accept missing values encoded as NaN natively. For supervised learning, you might want to consider sklearn.ensemble.HistGradientBoostingClassifier and Regressor which accept missing values encoded as NaNs natively. Alternatively, it is possible to preprocess the data, for instance by using an imputer transformer in a pipeline or drop samples with missing values. See https://scikit-learn.org/stable/modules/impute.html You can find a list of all estimators that handle NaN values at the following page: https://scikit-learn.org/stable/modules/impute.html#estimators-that-handle-nan-values",,,,,,,,,,,,,,,,,,,,,,,,,,,DeepSeek,Corrected (test_indices),False,medium,
regression__mid__CooperUnion_cardataset__data,regression__mid__CooperUnion_cardataset__data__variant_04_of_05.json,regression,MSRP,linear,failed,"Input X contains NaN.
LinearRegression does not accept missing values encoded as NaN natively. For supervised learning, you might want to consider sklearn.ensemble.HistGradientBoostingClassifier and Regressor which accept missing values encoded as NaNs natively. Alternatively, it is possible to preprocess the data, for instance by using an imputer transformer in a pipeline or drop samples with missing values. See https://scikit-learn.org/stable/modules/impute.html You can find a list of all estimators that handle NaN values at the following page: https://scikit-learn.org/stable/modules/impute.html#estimators-that-handle-nan-values",,,,,,,,,,,,,,,,,,,,,,,,,,,DeepSeek,Corrected (test_indices),False,medium,
regression__mid__CooperUnion_cardataset__data,regression__mid__CooperUnion_cardataset__data__variant_05_of_05.json,regression,MSRP,linear,failed,"Input X contains NaN.
LinearRegression does not accept missing values encoded as NaN natively. For supervised learning, you might want to consider sklearn.ensemble.HistGradientBoostingClassifier and Regressor which accept missing values encoded as NaNs natively. Alternatively, it is possible to preprocess the data, for instance by using an imputer transformer in a pipeline or drop samples with missing values. See https://scikit-learn.org/stable/modules/impute.html You can find a list of all estimators that handle NaN values at the following page: https://scikit-learn.org/stable/modules/impute.html#estimators-that-handle-nan-values",,,,,,,,,,,,,,,,,,,,,,,,,,,DeepSeek,Corrected (test_indices),False,medium,
regression__mid__alamshihab075_health-and-lifestyle-data-for-diabetes-prediction__Diabetes_and_LifeStyle_Dataset ,regression__mid__alamshihab075_health-and-lifestyle-data-for-diabetes-prediction__Diabetes_and_LifeStyle_Dataset __variant_01_of_05.json,classification,diagnosed_diabetes,decision_tree,success,,0.834,0.8692,0.8503,0.8596,4000.0,2.0,True,/home/joshua/Code/ai_projects/amalia/backend/data/uploads/datasets/regression/mid/alamshihab075_health-and-lifestyle-data-for-diabetes-prediction/Diabetes_and_LifeStyle_Dataset .csv,/home/joshua/Code/ai_projects/amalia/data/batch_results/corrected_execution/models/regression__mid__alamshihab075_health-and-lifestyle-data-for-diabetes-prediction__Diabetes_and_LifeStyle_Dataset .pkl,3.0,"['1:load_csv', '2:train_classification_model', '3:evaluate_classification_model']",,,,,,,,,,,,,,,,DeepSeek,Corrected (test_indices),False,medium,
regression__mid__alamshihab075_health-and-lifestyle-data-for-diabetes-prediction__Diabetes_and_LifeStyle_Dataset ,regression__mid__alamshihab075_health-and-lifestyle-data-for-diabetes-prediction__Diabetes_and_LifeStyle_Dataset __variant_02_of_05.json,classification,diagnosed_diabetes,decision_tree,success,,0.834,0.8692,0.8503,0.8596,4000.0,2.0,True,/home/joshua/Code/ai_projects/amalia/backend/data/uploads/datasets/regression/mid/alamshihab075_health-and-lifestyle-data-for-diabetes-prediction/Diabetes_and_LifeStyle_Dataset .csv,/home/joshua/Code/ai_projects/amalia/data/batch_results/corrected_execution/models/regression__mid__alamshihab075_health-and-lifestyle-data-for-diabetes-prediction__Diabetes_and_LifeStyle_Dataset .pkl,3.0,"['1:load_csv', '2:train_classification_model', '3:evaluate_classification_model']",,,,,,,,,,,,,,,,DeepSeek,Corrected (test_indices),False,medium,
regression__mid__alamshihab075_health-and-lifestyle-data-for-diabetes-prediction__Diabetes_and_LifeStyle_Dataset ,regression__mid__alamshihab075_health-and-lifestyle-data-for-diabetes-prediction__Diabetes_and_LifeStyle_Dataset __variant_03_of_05.json,classification,diagnosed_diabetes,decision_tree,success,,0.834,0.8692,0.8503,0.8596,4000.0,2.0,True,/home/joshua/Code/ai_projects/amalia/backend/data/uploads/datasets/regression/mid/alamshihab075_health-and-lifestyle-data-for-diabetes-prediction/Diabetes_and_LifeStyle_Dataset .csv,/home/joshua/Code/ai_projects/amalia/data/batch_results/corrected_execution/models/regression__mid__alamshihab075_health-and-lifestyle-data-for-diabetes-prediction__Diabetes_and_LifeStyle_Dataset .pkl,3.0,"['1:load_csv', '2:train_classification_model', '3:evaluate_classification_model']",,,,,,,,,,,,,,,,DeepSeek,Corrected (test_indices),False,medium,
regression__mid__alamshihab075_health-and-lifestyle-data-for-diabetes-prediction__Diabetes_and_LifeStyle_Dataset ,regression__mid__alamshihab075_health-and-lifestyle-data-for-diabetes-prediction__Diabetes_and_LifeStyle_Dataset __variant_04_of_05.json,classification,diagnosed_diabetes,decision_tree,success,,0.834,0.8692,0.8503,0.8596,4000.0,2.0,True,/home/joshua/Code/ai_projects/amalia/backend/data/uploads/datasets/regression/mid/alamshihab075_health-and-lifestyle-data-for-diabetes-prediction/Diabetes_and_LifeStyle_Dataset .csv,/home/joshua/Code/ai_projects/amalia/data/batch_results/corrected_execution/models/regression__mid__alamshihab075_health-and-lifestyle-data-for-diabetes-prediction__Diabetes_and_LifeStyle_Dataset .pkl,3.0,"['1:load_csv', '2:train_classification_model', '3:evaluate_classification_model']",,,,,,,,,,,,,,,,DeepSeek,Corrected (test_indices),False,medium,
regression__mid__alamshihab075_health-and-lifestyle-data-for-diabetes-prediction__Diabetes_and_LifeStyle_Dataset ,regression__mid__alamshihab075_health-and-lifestyle-data-for-diabetes-prediction__Diabetes_and_LifeStyle_Dataset __variant_05_of_05.json,classification,diagnosed_diabetes,decision_tree,success,,0.834,0.8692,0.8503,0.8596,4000.0,2.0,True,/home/joshua/Code/ai_projects/amalia/backend/data/uploads/datasets/regression/mid/alamshihab075_health-and-lifestyle-data-for-diabetes-prediction/Diabetes_and_LifeStyle_Dataset .csv,/home/joshua/Code/ai_projects/amalia/data/batch_results/corrected_execution/models/regression__mid__alamshihab075_health-and-lifestyle-data-for-diabetes-prediction__Diabetes_and_LifeStyle_Dataset .pkl,3.0,"['1:load_csv', '2:train_classification_model', '3:evaluate_classification_model']",,,,,,,,,,,,,,,,DeepSeek,Corrected (test_indices),False,medium,
regression__mid__camnugent_california-housing-prices__housing,regression__mid__camnugent_california-housing-prices__housing__variant_01_of_05.json,classification,ocean_proximity,logistic,failed,"Input X contains NaN.
LogisticRegression does not accept missing values encoded as NaN natively. For supervised learning, you might want to consider sklearn.ensemble.HistGradientBoostingClassifier and Regressor which accept missing values encoded as NaNs natively. Alternatively, it is possible to preprocess the data, for instance by using an imputer transformer in a pipeline or drop samples with missing values. See https://scikit-learn.org/stable/modules/impute.html You can find a list of all estimators that handle NaN values at the following page: https://scikit-learn.org/stable/modules/impute.html#estimators-that-handle-nan-values",,,,,,,,,,,,,,,,,,,,,,,,,,,DeepSeek,Corrected (test_indices),False,medium,
regression__mid__camnugent_california-housing-prices__housing,regression__mid__camnugent_california-housing-prices__housing__variant_02_of_05.json,regression,median_house_value,gradient_boosting,failed,"Input X contains NaN.
GradientBoostingRegressor does not accept missing values encoded as NaN natively. For supervised learning, you might want to consider sklearn.ensemble.HistGradientBoostingClassifier and Regressor which accept missing values encoded as NaNs natively. Alternatively, it is possible to preprocess the data, for instance by using an imputer transformer in a pipeline or drop samples with missing values. See https://scikit-learn.org/stable/modules/impute.html You can find a list of all estimators that handle NaN values at the following page: https://scikit-learn.org/stable/modules/impute.html#estimators-that-handle-nan-values",,,,,,,,,,,,,,,,,,,,,,,,,,,DeepSeek,Corrected (test_indices),False,medium,
regression__mid__camnugent_california-housing-prices__housing,regression__mid__camnugent_california-housing-prices__housing__variant_03_of_05.json,classification,ocean_proximity,logistic,failed,"Input X contains NaN.
LogisticRegression does not accept missing values encoded as NaN natively. For supervised learning, you might want to consider sklearn.ensemble.HistGradientBoostingClassifier and Regressor which accept missing values encoded as NaNs natively. Alternatively, it is possible to preprocess the data, for instance by using an imputer transformer in a pipeline or drop samples with missing values. See https://scikit-learn.org/stable/modules/impute.html You can find a list of all estimators that handle NaN values at the following page: https://scikit-learn.org/stable/modules/impute.html#estimators-that-handle-nan-values",,,,,,,,,,,,,,,,,,,,,,,,,,,DeepSeek,Corrected (test_indices),False,medium,
regression__mid__camnugent_california-housing-prices__housing,regression__mid__camnugent_california-housing-prices__housing__variant_04_of_05.json,regression,median_house_value,random_forest,success,,,,,,4000.0,,,/home/joshua/Code/ai_projects/amalia/backend/data/uploads/datasets/regression/mid/camnugent_california-housing-prices/housing.csv,/home/joshua/Code/ai_projects/amalia/data/batch_results/corrected_execution/models/regression__mid__camnugent_california-housing-prices__housing.pkl,2.0,"['1:train_regression_model', '2:evaluate_regression_model']",,,,,,,,,0.5418,6167645011.0341,78534.3556,61539.3867,44.3412,,,DeepSeek,Corrected (test_indices),False,medium,
regression__mid__camnugent_california-housing-prices__housing,regression__mid__camnugent_california-housing-prices__housing__variant_05_of_05.json,classification,ocean_proximity,logistic,failed,"Input X contains NaN.
LogisticRegression does not accept missing values encoded as NaN natively. For supervised learning, you might want to consider sklearn.ensemble.HistGradientBoostingClassifier and Regressor which accept missing values encoded as NaNs natively. Alternatively, it is possible to preprocess the data, for instance by using an imputer transformer in a pipeline or drop samples with missing values. See https://scikit-learn.org/stable/modules/impute.html You can find a list of all estimators that handle NaN values at the following page: https://scikit-learn.org/stable/modules/impute.html#estimators-that-handle-nan-values",,,,,,,,,,,,,,,,,,,,,,,,,,,DeepSeek,Corrected (test_indices),False,medium,
regression__mid__harlfoxem_housesalesprediction__kc_house_data,regression__mid__harlfoxem_housesalesprediction__kc_house_data__variant_01_of_05.json,regression,sqft_lot15,linear,success,,,,,,4000.0,,,/home/joshua/Code/ai_projects/amalia/backend/data/uploads/datasets/regression/mid/harlfoxem_housesalesprediction/kc_house_data.csv,/home/joshua/Code/ai_projects/amalia/data/batch_results/corrected_execution/models/regression__mid__harlfoxem_housesalesprediction__kc_house_data.pkl,3.0,"['1:load_csv', '2:train_regression_model', '3:evaluate_regression_model']",,,,,,,,,0.3455,411576220.4085,20287.3414,5497.4275,49.7257,,,DeepSeek,Corrected (test_indices),False,medium,
regression__mid__harlfoxem_housesalesprediction__kc_house_data,regression__mid__harlfoxem_housesalesprediction__kc_house_data__variant_02_of_05.json,regression,sqft_lot15,linear,success,,,,,,4000.0,,,/home/joshua/Code/ai_projects/amalia/backend/data/uploads/datasets/regression/mid/harlfoxem_housesalesprediction/kc_house_data.csv,/home/joshua/Code/ai_projects/amalia/data/batch_results/corrected_execution/models/regression__mid__harlfoxem_housesalesprediction__kc_house_data.pkl,3.0,"['1:load_csv', '2:train_regression_model', '3:evaluate_regression_model']",,,,,,,,,0.3455,411576220.4085,20287.3414,5497.4275,49.7257,,,DeepSeek,Corrected (test_indices),False,medium,
regression__mid__harlfoxem_housesalesprediction__kc_house_data,regression__mid__harlfoxem_housesalesprediction__kc_house_data__variant_03_of_05.json,regression,sqft_lot15,linear,success,,,,,,4000.0,,,/home/joshua/Code/ai_projects/amalia/backend/data/uploads/datasets/regression/mid/harlfoxem_housesalesprediction/kc_house_data.csv,/home/joshua/Code/ai_projects/amalia/data/batch_results/corrected_execution/models/regression__mid__harlfoxem_housesalesprediction__kc_house_data.pkl,3.0,"['1:load_csv', '2:train_regression_model', '3:evaluate_regression_model']",,,,,,,,,0.3455,411576220.4085,20287.3414,5497.4275,49.7257,,,DeepSeek,Corrected (test_indices),False,medium,
regression__mid__harlfoxem_housesalesprediction__kc_house_data,regression__mid__harlfoxem_housesalesprediction__kc_house_data__variant_04_of_05.json,regression,sqft_lot15,linear,success,,,,,,4000.0,,,/home/joshua/Code/ai_projects/amalia/backend/data/uploads/datasets/regression/mid/harlfoxem_housesalesprediction/kc_house_data.csv,/home/joshua/Code/ai_projects/amalia/data/batch_results/corrected_execution/models/regression__mid__harlfoxem_housesalesprediction__kc_house_data.pkl,3.0,"['1:load_csv', '2:train_regression_model', '3:evaluate_regression_model']",,,,,,,,,0.3455,411576220.4085,20287.3414,5497.4275,49.7257,,,DeepSeek,Corrected (test_indices),False,medium,
regression__mid__harlfoxem_housesalesprediction__kc_house_data,regression__mid__harlfoxem_housesalesprediction__kc_house_data__variant_05_of_05.json,regression,sqft_lot15,linear,success,,,,,,4000.0,,,/home/joshua/Code/ai_projects/amalia/backend/data/uploads/datasets/regression/mid/harlfoxem_housesalesprediction/kc_house_data.csv,/home/joshua/Code/ai_projects/amalia/data/batch_results/corrected_execution/models/regression__mid__harlfoxem_housesalesprediction__kc_house_data.pkl,3.0,"['1:load_csv', '2:train_regression_model', '3:evaluate_regression_model']",,,,,,,,,0.3455,411576220.4085,20287.3414,5497.4275,49.7257,,,DeepSeek,Corrected (test_indices),False,medium,
regression__mid__hrokrin_the-largest-diamond-dataset-currely-on-kaggle__diamonds,regression__mid__hrokrin_the-largest-diamond-dataset-currely-on-kaggle__diamonds__variant_01_of_05.json,classification,total_sales_price,naive_bayes,success,,0.5025,0.5206,0.5025,0.4861,4000.0,2348.0,False,/home/joshua/Code/ai_projects/amalia/backend/data/uploads/datasets/regression/mid/hrokrin_the-largest-diamond-dataset-currely-on-kaggle/diamonds.csv,/home/joshua/Code/ai_projects/amalia/data/batch_results/corrected_execution/models/regression__mid__hrokrin_the-largest-diamond-dataset-currely-on-kaggle__diamonds.pkl,3.0,"['1:load_csv', '2:train_classification_model', '3:evaluate_classification_model']",,,,,,,,,,,,,,,,DeepSeek,Corrected (test_indices),False,medium,
regression__mid__hrokrin_the-largest-diamond-dataset-currely-on-kaggle__diamonds,regression__mid__hrokrin_the-largest-diamond-dataset-currely-on-kaggle__diamonds__variant_02_of_05.json,classification,total_sales_price,naive_bayes,success,,0.5025,0.5206,0.5025,0.4861,4000.0,2348.0,False,/home/joshua/Code/ai_projects/amalia/backend/data/uploads/datasets/regression/mid/hrokrin_the-largest-diamond-dataset-currely-on-kaggle/diamonds.csv,/home/joshua/Code/ai_projects/amalia/data/batch_results/corrected_execution/models/regression__mid__hrokrin_the-largest-diamond-dataset-currely-on-kaggle__diamonds.pkl,3.0,"['1:load_csv', '2:train_classification_model', '3:evaluate_classification_model']",,,,,,,,,,,,,,,,DeepSeek,Corrected (test_indices),False,medium,
regression__mid__hrokrin_the-largest-diamond-dataset-currely-on-kaggle__diamonds,regression__mid__hrokrin_the-largest-diamond-dataset-currely-on-kaggle__diamonds__variant_03_of_05.json,regression,total_sales_price,gradient_boosting,success,,,,,,4000.0,,,/home/joshua/Code/ai_projects/amalia/backend/data/uploads/datasets/regression/mid/hrokrin_the-largest-diamond-dataset-currely-on-kaggle/diamonds.csv,/home/joshua/Code/ai_projects/amalia/data/batch_results/corrected_execution/models/regression__mid__hrokrin_the-largest-diamond-dataset-currely-on-kaggle__diamonds.pkl,2.0,"['2:train_regression_model', '3:evaluate_regression_model']",,,,,,,,,0.982,14829189.9343,3850.8687,253.4866,2.8537,,,DeepSeek,Corrected (test_indices),True,medium,
regression__mid__hrokrin_the-largest-diamond-dataset-currely-on-kaggle__diamonds,regression__mid__hrokrin_the-largest-diamond-dataset-currely-on-kaggle__diamonds__variant_04_of_05.json,regression,total_sales_price,linear,success,,,,,,4000.0,,,/home/joshua/Code/ai_projects/amalia/backend/data/uploads/datasets/regression/mid/hrokrin_the-largest-diamond-dataset-currely-on-kaggle/diamonds.csv,/home/joshua/Code/ai_projects/amalia/data/batch_results/corrected_execution/models/regression__mid__hrokrin_the-largest-diamond-dataset-currely-on-kaggle__diamonds.pkl,5.0,"['1:handle_missing_values', '1:scale_features', '3:train_regression_model', '3:train_regression_model', '3:train_regression_model']",regression,,,-0.0179,16000.0,"['Unnamed: 0', 'cut', 'color', 'clarity', 'carat_weight', 'cut_quality', 'lab', 'symmetry', 'polish', 'eye_clean', 'culet_size', 'culet_condition', 'depth_percent', 'table_percent', 'meas_length', 'meas_width', 'meas_depth', 'girdle_min', 'girdle_max', 'fluor_color', 'fluor_intensity', 'fancy_color_dominant_color', 'fancy_color_secondary_color', 'fancy_color_overtone', 'fancy_color_intensity']",/home/joshua/Code/ai_projects/amalia/data/batch_results/corrected_execution/models/regression__mid__hrokrin_the-largest-diamond-dataset-currely-on-kaggle__diamonds.pkl,/home/joshua/Code/ai_projects/amalia/data/batch_results/corrected_execution/models/regression__mid__hrokrin_the-largest-diamond-dataset-currely-on-kaggle__diamonds_test_indices.json,,220065115.4036,14834.5919,4419.6937,,0.6634,0.6813,DeepSeek,Corrected (test_indices),False,medium,
regression__mid__hrokrin_the-largest-diamond-dataset-currely-on-kaggle__diamonds,regression__mid__hrokrin_the-largest-diamond-dataset-currely-on-kaggle__diamonds__variant_05_of_05.json,classification,total_sales_price,naive_bayes,success,,0.5025,0.5206,0.5025,0.4861,4000.0,2348.0,False,/home/joshua/Code/ai_projects/amalia/backend/data/uploads/datasets/regression/mid/hrokrin_the-largest-diamond-dataset-currely-on-kaggle/diamonds.csv,/home/joshua/Code/ai_projects/amalia/data/batch_results/corrected_execution/models/regression__mid__hrokrin_the-largest-diamond-dataset-currely-on-kaggle__diamonds.pkl,3.0,"['1:load_csv', '2:train_classification_model', '3:evaluate_classification_model']",,,,,,,,,,,,,,,,DeepSeek,Corrected (test_indices),False,medium,
regression__mid__lorenzozoppelletto_financial-risk-for-loan-approval__Loan,regression__mid__lorenzozoppelletto_financial-risk-for-loan-approval__Loan__variant_01_of_05.json,regression,RiskScore,ridge,success,,,,,,4000.0,,,/home/joshua/Code/ai_projects/amalia/backend/data/uploads/datasets/regression/mid/lorenzozoppelletto_financial-risk-for-loan-approval/Loan.csv,/home/joshua/Code/ai_projects/amalia/data/batch_results/corrected_execution/models/regression__mid__lorenzozoppelletto_financial-risk-for-loan-approval__Loan.pkl,3.0,"['1:load_csv', '2:train_regression_model', '3:evaluate_regression_model']",,,,,,,,,0.9334,4.1322,2.0328,1.5346,3.1429,,,DeepSeek,Corrected (test_indices),False,medium,
regression__mid__lorenzozoppelletto_financial-risk-for-loan-approval__Loan,regression__mid__lorenzozoppelletto_financial-risk-for-loan-approval__Loan__variant_02_of_05.json,regression,,,failed,invalid literal for int() with base 10: '0.80.80.80.80.80.80.80.80.80.80.80.80.80.80.80.80.80.80.80.80.80.80.80.80.80.80.80.80.80.80.80.80.80.80.80.80.80.80.80.80.80.80.80.80.80.80.80.80.80.80.80.80.80.80.80.80.80.80.80.80.80.80.80.80.80.80,,,,,,,,,,,,,,,,,,,,,,,,,,,DeepSeek,Corrected (test_indices),False,medium,
regression__mid__lorenzozoppelletto_financial-risk-for-loan-approval__Loan,regression__mid__lorenzozoppelletto_financial-risk-for-loan-approval__Loan__variant_03_of_05.json,regression,RiskScore,ridge,success,,,,,,4000.0,,,/home/joshua/Code/ai_projects/amalia/backend/data/uploads/datasets/regression/mid/lorenzozoppelletto_financial-risk-for-loan-approval/Loan.csv,/home/joshua/Code/ai_projects/amalia/data/batch_results/corrected_execution/models/regression__mid__lorenzozoppelletto_financial-risk-for-loan-approval__Loan.pkl,3.0,"['1:load_csv', '2:train_regression_model', '3:evaluate_regression_model']",,,,,,,,,0.9334,4.1322,2.0328,1.5346,3.1429,,,DeepSeek,Corrected (test_indices),False,medium,
regression__mid__lorenzozoppelletto_financial-risk-for-loan-approval__Loan,regression__mid__lorenzozoppelletto_financial-risk-for-loan-approval__Loan__variant_04_of_05.json,regression,RiskScore,ridge,success,,,,,,4000.0,,,/home/joshua/Code/ai_projects/amalia/backend/data/uploads/datasets/regression/mid/lorenzozoppelletto_financial-risk-for-loan-approval/Loan.csv,/home/joshua/Code/ai_projects/amalia/data/batch_results/corrected_execution/models/regression__mid__lorenzozoppelletto_financial-risk-for-loan-approval__Loan.pkl,3.0,"['1:load_csv', '2:train_regression_model', '3:evaluate_regression_model']",,,,,,,,,0.9334,4.1322,2.0328,1.5346,3.1429,,,DeepSeek,Corrected (test_indices),False,medium,
regression__mid__lorenzozoppelletto_financial-risk-for-loan-approval__Loan,regression__mid__lorenzozoppelletto_financial-risk-for-loan-approval__Loan__variant_05_of_05.json,regression,RiskScore,ridge,success,,,,,,4000.0,,,/home/joshua/Code/ai_projects/amalia/backend/data/uploads/datasets/regression/mid/lorenzozoppelletto_financial-risk-for-loan-approval/Loan.csv,/home/joshua/Code/ai_projects/amalia/data/batch_results/corrected_execution/models/regression__mid__lorenzozoppelletto_financial-risk-for-loan-approval__Loan.pkl,3.0,"['1:load_csv', '2:train_regression_model', '3:evaluate_regression_model']",,,,,,,,,0.9334,4.1322,2.0328,1.5346,3.1429,,,DeepSeek,Corrected (test_indices),False,medium,
regression__mid__mirichoi0218_insurance__insurance,regression__mid__mirichoi0218_insurance__insurance__variant_01_of_05.json,regression,charges,linear,success,,,,,,268.0,,,/home/joshua/Code/ai_projects/amalia/backend/data/uploads/datasets/regression/mid/mirichoi0218_insurance/insurance.csv,/home/joshua/Code/ai_projects/amalia/data/batch_results/corrected_execution/models/regression__mid__mirichoi0218_insurance__insurance.pkl,3.0,"['1:load_csv', '1:encode_categorical', '2:train_regression_model']",regression,,,0.033,1070.0,"['age', 'sex', 'bmi', 'children', 'smoker', 'region']",/home/joshua/Code/ai_projects/amalia/data/batch_results/corrected_execution/models/regression__mid__mirichoi0218_insurance__insurance.pkl,/home/joshua/Code/ai_projects/amalia/data/batch_results/corrected_execution/models/regression__mid__mirichoi0218_insurance__insurance_test_indices.json,,48536693.1773,6966.8281,4791.5594,,0.7569,0.7239,DeepSeek,Corrected (test_indices),False,medium,
regression__mid__mirichoi0218_insurance__insurance,regression__mid__mirichoi0218_insurance__insurance__variant_02_of_05.json,regression,charges,linear,success,,,,,,268.0,,,/home/joshua/Code/ai_projects/amalia/backend/data/uploads/datasets/regression/mid/mirichoi0218_insurance/insurance.csv,/home/joshua/Code/ai_projects/amalia/data/batch_results/corrected_execution/models/regression__mid__mirichoi0218_insurance__insurance.pkl,3.0,"['1:load_csv', '2:train_regression_model', '3:evaluate_regression_model']",,,,,,,,,-2.9451,612464623.8711,24748.0226,24040.1006,448.1731,,,DeepSeek,Corrected (test_indices),False,medium,
regression__mid__mirichoi0218_insurance__insurance,regression__mid__mirichoi0218_insurance__insurance__variant_03_of_05.json,regression,charges,linear,success,,,,,,268.0,,,/home/joshua/Code/ai_projects/amalia/backend/data/uploads/datasets/regression/mid/mirichoi0218_insurance/insurance.csv,/home/joshua/Code/ai_projects/amalia/data/batch_results/corrected_execution/models/regression__mid__mirichoi0218_insurance__insurance.pkl,3.0,"['1:load_csv', '2:train_regression_model', '3:evaluate_regression_model']",,,,,,,,,-2.9451,612464623.8711,24748.0226,24040.1006,448.1731,,,DeepSeek,Corrected (test_indices),False,medium,
regression__mid__mirichoi0218_insurance__insurance,regression__mid__mirichoi0218_insurance__insurance__variant_04_of_05.json,regression,charges,linear,success,,,,,,268.0,,,/home/joshua/Code/ai_projects/amalia/backend/data/uploads/datasets/regression/mid/mirichoi0218_insurance/insurance.csv,/home/joshua/Code/ai_projects/amalia/data/batch_results/corrected_execution/models/regression__mid__mirichoi0218_insurance__insurance.pkl,3.0,"['1:load_csv', '2:train_regression_model', '3:evaluate_regression_model']",,,,,,,,,-2.9451,612464623.8711,24748.0226,24040.1006,448.1731,,,DeepSeek,Corrected (test_indices),False,medium,
regression__mid__mirichoi0218_insurance__insurance,regression__mid__mirichoi0218_insurance__insurance__variant_05_of_05.json,regression,charges,linear,success,,,,,,268.0,,,/home/joshua/Code/ai_projects/amalia/backend/data/uploads/datasets/regression/mid/mirichoi0218_insurance/insurance.csv,/home/joshua/Code/ai_projects/amalia/data/batch_results/corrected_execution/models/regression__mid__mirichoi0218_insurance__insurance.pkl,3.0,"['1:load_csv', '2:train_regression_model', '3:evaluate_regression_model']",,,,,,,,,-2.9451,612464623.8711,24748.0226,24040.1006,448.1731,,,DeepSeek,Corrected (test_indices),False,medium,
regression__mid__ranitsarkar01_porter-delivery-time-estimation__dataset,regression__mid__ranitsarkar01_porter-delivery-time-estimation__dataset__variant_01_of_05.json,regression,total_outstanding_orders,linear,failed,"Input X contains NaN.
LinearRegression does not accept missing values encoded as NaN natively. For supervised learning, you might want to consider sklearn.ensemble.HistGradientBoostingClassifier and Regressor which accept missing values encoded as NaNs natively. Alternatively, it is possible to preprocess the data, for instance by using an imputer transformer in a pipeline or drop samples with missing values. See https://scikit-learn.org/stable/modules/impute.html You can find a list of all estimators that handle NaN values at the following page: https://scikit-learn.org/stable/modules/impute.html#estimators-that-handle-nan-values",,,,,,,,,,,,,,,,,,,,,,,,,,,DeepSeek,Corrected (test_indices),False,medium,
regression__mid__ranitsarkar01_porter-delivery-time-estimation__dataset,regression__mid__ranitsarkar01_porter-delivery-time-estimation__dataset__variant_02_of_05.json,regression,total_outstanding_orders,linear,failed,"Input X contains NaN.
LinearRegression does not accept missing values encoded as NaN natively. For supervised learning, you might want to consider sklearn.ensemble.HistGradientBoostingClassifier and Regressor which accept missing values encoded as NaNs natively. Alternatively, it is possible to preprocess the data, for instance by using an imputer transformer in a pipeline or drop samples with missing values. See https://scikit-learn.org/stable/modules/impute.html You can find a list of all estimators that handle NaN values at the following page: https://scikit-learn.org/stable/modules/impute.html#estimators-that-handle-nan-values",,,,,,,,,,,,,,,,,,,,,,,,,,,DeepSeek,Corrected (test_indices),False,medium,
regression__mid__ranitsarkar01_porter-delivery-time-estimation__dataset,regression__mid__ranitsarkar01_porter-delivery-time-estimation__dataset__variant_03_of_05.json,regression,total_outstanding_orders,linear,failed,"Input X contains NaN.
LinearRegression does not accept missing values encoded as NaN natively. For supervised learning, you might want to consider sklearn.ensemble.HistGradientBoostingClassifier and Regressor which accept missing values encoded as NaNs natively. Alternatively, it is possible to preprocess the data, for instance by using an imputer transformer in a pipeline or drop samples with missing values. See https://scikit-learn.org/stable/modules/impute.html You can find a list of all estimators that handle NaN values at the following page: https://scikit-learn.org/stable/modules/impute.html#estimators-that-handle-nan-values",,,,,,,,,,,,,,,,,,,,,,,,,,,DeepSeek,Corrected (test_indices),False,medium,
regression__mid__ranitsarkar01_porter-delivery-time-estimation__dataset,regression__mid__ranitsarkar01_porter-delivery-time-estimation__dataset__variant_04_of_05.json,regression,total_outstanding_orders,linear,failed,"Input X contains NaN.
LinearRegression does not accept missing values encoded as NaN natively. For supervised learning, you might want to consider sklearn.ensemble.HistGradientBoostingClassifier and Regressor which accept missing values encoded as NaNs natively. Alternatively, it is possible to preprocess the data, for instance by using an imputer transformer in a pipeline or drop samples with missing values. See https://scikit-learn.org/stable/modules/impute.html You can find a list of all estimators that handle NaN values at the following page: https://scikit-learn.org/stable/modules/impute.html#estimators-that-handle-nan-values",,,,,,,,,,,,,,,,,,,,,,,,,,,DeepSeek,Corrected (test_indices),False,medium,
regression__mid__ranitsarkar01_porter-delivery-time-estimation__dataset,regression__mid__ranitsarkar01_porter-delivery-time-estimation__dataset__variant_05_of_05.json,regression,total_outstanding_orders,linear,failed,"Input X contains NaN.
LinearRegression does not accept missing values encoded as NaN natively. For supervised learning, you might want to consider sklearn.ensemble.HistGradientBoostingClassifier and Regressor which accept missing values encoded as NaNs natively. Alternatively, it is possible to preprocess the data, for instance by using an imputer transformer in a pipeline or drop samples with missing values. See https://scikit-learn.org/stable/modules/impute.html You can find a list of all estimators that handle NaN values at the following page: https://scikit-learn.org/stable/modules/impute.html#estimators-that-handle-nan-values",,,,,,,,,,,,,,,,,,,,,,,,,,,DeepSeek,Corrected (test_indices),False,medium,
regression__mid__rupals_gpu-runtime__sgemm_product,regression__mid__rupals_gpu-runtime__sgemm_product__variant_01_of_05.json,regression,Run4 (ms),linear,success,,,,,,4000.0,,,/home/joshua/Code/ai_projects/amalia/backend/data/uploads/datasets/regression/mid/rupals_gpu-runtime/sgemm_product.csv,/home/joshua/Code/ai_projects/amalia/data/batch_results/corrected_execution/models/regression__mid__rupals_gpu-runtime__sgemm_product.pkl,3.0,"['1:load_csv', '3:train_regression_model', '4:evaluate_regression_model']",,,,,,,,,1.0,2.5365,1.5926,0.6223,0.6287,,,DeepSeek,Corrected (test_indices),True,medium,
regression__mid__rupals_gpu-runtime__sgemm_product,regression__mid__rupals_gpu-runtime__sgemm_product__variant_02_of_05.json,regression,Run4 (ms),random_forest,success,,,,,,4000.0,,,/home/joshua/Code/ai_projects/amalia/backend/data/uploads/datasets/regression/mid/rupals_gpu-runtime/sgemm_product.csv,/home/joshua/Code/ai_projects/amalia/data/batch_results/corrected_execution/models/regression__mid__rupals_gpu-runtime__sgemm_product.pkl,2.0,"['3:train_regression_model', '4:evaluate_regression_model']",,,,,,,,,1.0,4.7327,2.1755,0.7284,0.633,,,DeepSeek,Corrected (test_indices),True,medium,
regression__mid__rupals_gpu-runtime__sgemm_product,regression__mid__rupals_gpu-runtime__sgemm_product__variant_03_of_05.json,regression,Run4 (ms),linear,success,,,,,,4000.0,,,/home/joshua/Code/ai_projects/amalia/backend/data/uploads/datasets/regression/mid/rupals_gpu-runtime/sgemm_product.csv,/home/joshua/Code/ai_projects/amalia/data/batch_results/corrected_execution/models/regression__mid__rupals_gpu-runtime__sgemm_product.pkl,3.0,"['1:load_csv', '2:train_regression_model', '3:evaluate_regression_model']",,,,,,,,,1.0,2.5365,1.5926,0.6223,0.6287,,,DeepSeek,Corrected (test_indices),True,medium,
regression__mid__rupals_gpu-runtime__sgemm_product,regression__mid__rupals_gpu-runtime__sgemm_product__variant_04_of_05.json,regression,Run4 (ms),linear,success,,,,,,4000.0,,,/home/joshua/Code/ai_projects/amalia/backend/data/uploads/datasets/regression/mid/rupals_gpu-runtime/sgemm_product.csv,/home/joshua/Code/ai_projects/amalia/data/batch_results/corrected_execution/models/regression__mid__rupals_gpu-runtime__sgemm_product.pkl,3.0,"['1:load_csv', '2:train_regression_model', '3:evaluate_regression_model']",,,,,,,,,1.0,2.5365,1.5926,0.6223,0.6287,,,DeepSeek,Corrected (test_indices),True,medium,
regression__mid__rupals_gpu-runtime__sgemm_product,regression__mid__rupals_gpu-runtime__sgemm_product__variant_05_of_05.json,regression,Run4 (ms),linear,success,,,,,,4000.0,,,/home/joshua/Code/ai_projects/amalia/backend/data/uploads/datasets/regression/mid/rupals_gpu-runtime/sgemm_product.csv,/home/joshua/Code/ai_projects/amalia/data/batch_results/corrected_execution/models/regression__mid__rupals_gpu-runtime__sgemm_product.pkl,3.0,"['1:load_csv', '2:train_regression_model', '3:evaluate_regression_model']",,,,,,,,,1.0,2.5365,1.5926,0.6223,0.6287,,,DeepSeek,Corrected (test_indices),True,medium,
regression__mid__yasserh_uber-fares-dataset__uber,regression__mid__yasserh_uber-fares-dataset__uber__variant_01_of_05.json,classification,passenger_count,logistic,success,,0.6917,0.4785,0.6917,0.5657,4000.0,7.0,False,/home/joshua/Code/ai_projects/amalia/backend/data/uploads/datasets/regression/mid/yasserh_uber-fares-dataset/uber.csv,/home/joshua/Code/ai_projects/amalia/data/batch_results/corrected_execution/models/regression__mid__yasserh_uber-fares-dataset__uber.pkl,3.0,"['1:load_csv', '2:train_classification_model', '3:evaluate_classification_model']",,,,,,,,,,,,,,,,DeepSeek,Corrected (test_indices),False,medium,
regression__mid__yasserh_uber-fares-dataset__uber,regression__mid__yasserh_uber-fares-dataset__uber__variant_02_of_05.json,classification,passenger_count,logistic,success,,0.6917,0.4785,0.6917,0.5657,4000.0,7.0,False,/home/joshua/Code/ai_projects/amalia/backend/data/uploads/datasets/regression/mid/yasserh_uber-fares-dataset/uber.csv,/home/joshua/Code/ai_projects/amalia/data/batch_results/corrected_execution/models/regression__mid__yasserh_uber-fares-dataset__uber.pkl,3.0,"['1:load_csv', '2:train_classification_model', '3:evaluate_classification_model']",,,,,,,,,,,,,,,,DeepSeek,Corrected (test_indices),False,medium,
regression__mid__yasserh_uber-fares-dataset__uber,regression__mid__yasserh_uber-fares-dataset__uber__variant_03_of_05.json,classification,passenger_count,logistic,success,,0.6917,0.4785,0.6917,0.5657,4000.0,7.0,False,/home/joshua/Code/ai_projects/amalia/backend/data/uploads/datasets/regression/mid/yasserh_uber-fares-dataset/uber.csv,/home/joshua/Code/ai_projects/amalia/data/batch_results/corrected_execution/models/regression__mid__yasserh_uber-fares-dataset__uber.pkl,3.0,"['1:load_csv', '2:train_classification_model', '3:evaluate_classification_model']",,,,,,,,,,,,,,,,DeepSeek,Corrected (test_indices),False,medium,
regression__mid__yasserh_uber-fares-dataset__uber,regression__mid__yasserh_uber-fares-dataset__uber__variant_04_of_05.json,classification,passenger_count,logistic,success,,0.6917,0.4785,0.6917,0.5657,4000.0,7.0,False,/home/joshua/Code/ai_projects/amalia/backend/data/uploads/datasets/regression/mid/yasserh_uber-fares-dataset/uber.csv,/home/joshua/Code/ai_projects/amalia/data/batch_results/corrected_execution/models/regression__mid__yasserh_uber-fares-dataset__uber.pkl,3.0,"['1:load_csv', '2:train_classification_model', '3:evaluate_classification_model']",,,,,,,,,,,,,,,,DeepSeek,Corrected (test_indices),False,medium,
regression__mid__yasserh_uber-fares-dataset__uber,regression__mid__yasserh_uber-fares-dataset__uber__variant_05_of_05.json,classification,passenger_count,logistic,success,,0.6917,0.4785,0.6917,0.5657,4000.0,7.0,False,/home/joshua/Code/ai_projects/amalia/backend/data/uploads/datasets/regression/mid/yasserh_uber-fares-dataset/uber.csv,/home/joshua/Code/ai_projects/amalia/data/batch_results/corrected_execution/models/regression__mid__yasserh_uber-fares-dataset__uber.pkl,3.0,"['1:load_csv', '2:train_classification_model', '3:evaluate_classification_model']",,,,,,,,,,,,,,,,DeepSeek,Corrected (test_indices),False,medium,
classification__easy__abhishek14398_heart-disease-classification__heart,classification__easy__abhishek14398_heart-disease-classification__heart.json,classification,target,logistic,success,,0.8648492463993527,0.8531,0.9152,0.8677515172314848,303.0,2.0,True,/home/joshua/Code/ai_projects/amalia/backend/data/uploads/datasets/classification/easy/abhishek14398_heart-disease-classification/heart.csv,/home/joshua/Code/ai_projects/amalia/data/batch_results/batch_20260421164615_4d958e70mistral_final/models/classification__easy__abhishek14398_heart-disease-classification__heart.pkl,3.0,"['1:load_csv', '2:train_classification_model', '3:evaluate_classification_model']",,,,,,,,,,,,,,,,Mistral,,,easy,1.0
classification__easy__brsahan_genomic-data-for-cancer__gene_expression,classification__easy__brsahan_genomic-data-for-cancer__gene_expression.json,classification,Cancer Present,logistic,success,,,,,,600.0,2.0,,/home/joshua/Code/ai_projects/amalia/backend/data/uploads/datasets/classification/easy/brsahan_genomic-data-for-cancer/gene_expression.csv,/home/joshua/Code/ai_projects/amalia/data/batch_results/batch_20260421164615_4d958e70mistral_final/models/classification__easy__brsahan_genomic-data-for-cancer__gene_expression.pkl,4.0,"['1:load_csv', '1:validate_csv_structure', '1:detect_duplicates', '2:train_classification_model']",classification,0.8542,0.8667,-0.0125,2400.0,"['Gene One', 'Gene Two']",/home/joshua/Code/ai_projects/amalia/data/batch_results/batch_20260421164615_4d958e70mistral_final/models/classification__easy__brsahan_genomic-data-for-cancer__gene_expression.pkl,,,,,,,,,Mistral,,,easy,1.0
classification__easy__fedesoriano_stellar-classification-dataset-sdss17__star_classification,classification__easy__fedesoriano_stellar-classification-dataset-sdss17__star_classification.json,classification,,,failed,get_column_info: Column 'None' not found,,,,,,,,,,,,,,,,,,,,,,,,,,,Mistral,,,easy,1.0
classification__easy__himanshunakrani_naive-bayes-classification-data__Naive-Bayes-Classification-Data,classification__easy__himanshunakrani_naive-bayes-classification-data__Naive-Bayes-Classification-Data.json,classification,diabetes,naive_bayes,success,,,,,,199.0,2.0,,/home/joshua/Code/ai_projects/amalia/backend/data/uploads/datasets/classification/easy/himanshunakrani_naive-bayes-classification-data/Naive-Bayes-Classification-Data.csv,/home/joshua/Code/ai_projects/amalia/data/batch_results/batch_20260421164615_4d958e70mistral_final/models/classification__easy__himanshunakrani_naive-bayes-classification-data__Naive-Bayes-Classification-Data.pkl,3.0,"['1:load_csv', '2:remove_duplicates', '3:train_classification_model']",classification,0.9347,0.9296,0.005,796.0,"['glucose', 'bloodpressure']",/home/joshua/Code/ai_projects/amalia/data/batch_results/batch_20260421164615_4d958e70mistral_final/models/classification__easy__himanshunakrani_naive-bayes-classification-data__Naive-Bayes-Classification-Data.pkl,,,,,,,,,Mistral,,,easy,1.0
classification__easy__mahmoudshaheen1134_heart-disease-data__heart disease,classification__easy__mahmoudshaheen1134_heart-disease-data__heart disease.json,classification,target,logistic,success,,0.8956006368892452,0.8531,0.9173,0.909436800035546,242.0,2.0,True,/home/joshua/Code/ai_projects/amalia/backend/data/uploads/heart disease_train.csv,/home/joshua/Code/ai_projects/amalia/backend/models/heart_disease_model.pkl,5.0,"['1:load_csv', '2:validate_csv_structure', '3:split_dataset', '4:train_classification_model', '5:evaluate_classification_model']",,,,,,,,,,,,,,,,Mistral,,,easy,1.0
classification__easy__priyanshusethi_happiness-classification-dataset__happydata,classification__easy__priyanshusethi_happiness-classification-dataset__happydata.json,classification,,,failed,get_column_info: Column 'None' not found,,,,,,,,,,,,,,,,,,,,,,,,,,,Mistral,,,easy,1.0
classification__easy__ritwikb3_heart-disease-cleveland__Heart_disease_cleveland_new,classification__easy__ritwikb3_heart-disease-cleveland__Heart_disease_cleveland_new.json,classification,,,failed,,,,,,,,,/home/joshua/Code/ai_projects/amalia/backend/data/uploads/datasets/classification/easy/ritwikb3_heart-disease-cleveland/Heart_disease_cleveland_new.csv,,0.0,[],,,,,,,,,,,,,,,,Mistral,,,easy,1.0
classification__easy__ritwikb3_heart-disease-statlog__Heart_disease_statlog,classification__easy__ritwikb3_heart-disease-statlog__Heart_disease_statlog.json,classification,target,logistic,success,,0.8531828029657614,0.8661,0.8083,0.8573343016463956,270.0,2.0,True,/home/joshua/Code/ai_projects/amalia/backend/data/uploads/datasets/classification/easy/ritwikb3_heart-disease-statlog/Heart_disease_statlog.csv,/home/joshua/Code/ai_projects/amalia/data/batch_results/batch_20260421164615_4d958e70mistral_final/models/classification__easy__ritwikb3_heart-disease-statlog__Heart_disease_statlog.pkl,3.0,"['1:load_csv', '2:train_classification_model', '3:evaluate_classification_model']",,,,,,,,,,,,,,,,Mistral,,,easy,1.0
classification__easy__robikscube_eye-state-classification-eeg-dataset__EEG_Eye_State_Classification,classification__easy__robikscube_eye-state-classification-eeg-dataset__EEG_Eye_State_Classification.json,classification,eyeDetection,logistic,success,,0.6474526877902688,0.6417,0.4651,0.4969958536549648,14980.0,2.0,True,/home/joshua/Code/ai_projects/amalia/backend/data/uploads/datasets/classification/easy/robikscube_eye-state-classification-eeg-dataset/EEG_Eye_State_Classification.csv,/home/joshua/Code/ai_projects/amalia/data/batch_results/batch_20260421164615_4d958e70mistral_final/models/classification__easy__robikscube_eye-state-classification-eeg-dataset__EEG_Eye_State_Classification.pkl,3.0,"['1:load_csv', '2:train_classification_model', '3:evaluate_classification_model']",,,,,,,,,,,,,,,,Mistral,,,easy,1.0
classification__easy__uciml_glass__glass,classification__easy__uciml_glass__glass.json,classification,Type,logistic,success,,0.6736751416883546,0.6124,0.6542,0.6297854703246943,214.0,6.0,False,/home/joshua/Code/ai_projects/amalia/backend/data/uploads/datasets/classification/easy/uciml_glass/glass.csv,/home/joshua/Code/ai_projects/amalia/data/batch_results/batch_20260421164615_4d958e70mistral_final/models/classification__easy__uciml_glass__glass.pkl,3.0,"['1:load_csv', '2:train_classification_model', '3:evaluate_classification_model']",,,,,,,,,,,,,,,,Mistral,,,easy,1.0
classification__easy__yasserh_heart-disease-dataset__heart,classification__easy__yasserh_heart-disease-dataset__heart.json,classification,target,logistic,success,,0.8596275208202621,0.8531,0.9152,0.9078805581422188,303.0,2.0,True,/home/joshua/Code/ai_projects/amalia/backend/data/uploads/datasets/classification/easy/yasserh_heart-disease-dataset/heart.csv,/home/joshua/Code/ai_projects/amalia/data/batch_results/batch_20260421164615_4d958e70mistral_final/models/classification__easy__yasserh_heart-disease-dataset__heart.pkl,3.0,"['1:load_csv', '2:train_classification_model', '3:evaluate_classification_model']",,,,,,,,,,,,,,,,Mistral,,,easy,1.0
classification__easy__yasserh_wine-quality-dataset__WineQT,classification__easy__yasserh_wine-quality-dataset__WineQT.json,classification,,,failed,Workflow has no executable steps,,,,,,,,,,,,,,,,,,,,,,,,,,,Mistral,,,easy,1.0
classification__hard__abhishek14398_loan-dataset__loan,classification__hard__abhishek14398_loan-dataset__loan.json,classification,total_il_high_credit_limit,naive_bayes,failed,Input y contains NaN.,,,,,,,,,,,,,,,,,,,,,,,,,,,Mistral,,,hard,1.0
classification__hard__andrewmvd_cyberbullying-classification__cyberbullying_tweets,classification__hard__andrewmvd_cyberbullying-classification__cyberbullying_tweets.json,classification,cyberbullying_type,logistic,success,,0.8889120085147201,0.8949,0.8899,0.887967988817358,47692.0,6.0,False,/home/joshua/Code/ai_projects/amalia/backend/data/uploads/datasets/classification/hard/andrewmvd_cyberbullying-classification/cyberbullying_tweets.csv,/home/joshua/Code/ai_projects/amalia/data/batch_results/batch_20260421164615_4d958e70mistral_final/models/classification__hard__andrewmvd_cyberbullying-classification__cyberbullying_tweets.pkl,3.0,"['1:load_csv', '2:train_classification_model', '3:evaluate_classification_model']",,,,,,,,,,,,,,,,Mistral,,,hard,1.0
classification__hard__balaka18_email-spam-classification-dataset-csv__emails,classification__hard__balaka18_email-spam-classification-dataset-csv__emails.json,classification,target,svm,success,,1.0,0.9743,0.987,0.987870632964966,5172.0,7.0,False,/home/joshua/Code/ai_projects/amalia/backend/data/uploads/datasets/classification/hard/balaka18_email-spam-classification-dataset-csv/emails.csv,/home/joshua/Code/ai_projects/amalia/data/batch_results/batch_20260421164615_4d958e70mistral_final/models/classification__hard__balaka18_email-spam-classification-dataset-csv__emails.pkl,3.0,"['1:load_csv', '2:train_classification_model', '3:evaluate_classification_model']",,,,,,,,,,,,,,,,Mistral,,,hard,1.0
classification__hard__ddosad_ecommerce-customer-service-satisfaction__Customer_support_data,classification__hard__ddosad_ecommerce-customer-service-satisfaction__Customer_support_data.json,classification,CSAT Score,logistic,failed,"Input X contains NaN.
LogisticRegression does not accept missing values encoded as NaN natively. For supervised learning, you might want to consider sklearn.ensemble.HistGradientBoostingClassifier and Regressor which accept missing values encoded as NaNs natively. Alternatively, it is possible to preprocess the data, for instance by using an imputer transformer in a pipeline or drop samples with missing values. See https://scikit-learn.org/stable/modules/impute.html You can find a list of all estimators that handle NaN values at the following page: https://scikit-learn.org/stable/modules/impute.html#estimators-that-handle-nan-values",,,,,,,,,,,,,,,,,,,,,,,,,,,Mistral,,,hard,1.0
classification__hard__hetulmehta_website-classification__website_classification,classification__hard__hetulmehta_website-classification__website_classification.json,classification,Category,logistic,success,,0.6027353920655272,0.6073,0.5682,0.5453220723821485,1408.0,16.0,False,/home/joshua/Code/ai_projects/amalia/backend/data/uploads/datasets/classification/hard/hetulmehta_website-classification/website_classification.csv,/home/joshua/Code/ai_projects/amalia/data/batch_results/batch_20260421164615_4d958e70mistral_final/models/classification__hard__hetulmehta_website-classification__website_classification.pkl,3.0,"['1:load_csv', '2:train_classification_model', '3:evaluate_classification_model']",,,,,,,,,,,,,,,,Mistral,,,hard,1.0
classification__hard__jocelyndumlao_consumer-review-of-clothing-product__Consumer Review of Clothing Product__data_amazon.xlsx - Sheet1,classification__hard__jocelyndumlao_consumer-review-of-clothing-product__Consumer Review of Clothing Product__data_amazon.xlsx - Sheet1.json,classification,Durability,gradient_boosting,failed,"Input X contains NaN.
GradientBoostingClassifier does not accept missing values encoded as NaN natively. For supervised learning, you might want to consider sklearn.ensemble.HistGradientBoostingClassifier and Regressor which accept missing values encoded as NaNs natively. Alternatively, it is possible to preprocess the data, for instance by using an imputer transformer in a pipeline or drop samples with missing values. See https://scikit-learn.org/stable/modules/impute.html You can find a list of all estimators that handle NaN values at the following page: https://scikit-learn.org/stable/modules/impute.html#estimators-that-handle-nan-values",,,,,,,,,,,,,,,,,,,,,,,,,,,Mistral,,,hard,1.0
classification__hard__pashupatigupta_emotion-detection-from-text__tweet_emotions,classification__hard__pashupatigupta_emotion-detection-from-text__tweet_emotions.json,classification,,,failed,"random_state must be an integer, array-like, a BitGenerator, Generator, a numpy RandomState, or None",,,,,,,,,,,,,,,,,,,,,,,,,,,Mistral,,,hard,1.0
classification__hard__prox37_twitter-multilabel-classification-dataset__mLabel_tweets,classification__hard__prox37_twitter-multilabel-classification-dataset__mLabel_tweets.json,classification,labels,logistic,success,,,,,,1985.0,288.0,,/home/joshua/Code/ai_projects/amalia/backend/data/uploads/datasets/classification/hard/prox37_twitter-multilabel-classification-dataset/mLabel_tweets.csv,/home/joshua/Code/ai_projects/amalia/data/batch_results/batch_20260421164615_4d958e70mistral_final/models/classification__hard__prox37_twitter-multilabel-classification-dataset__mLabel_tweets.pkl,2.0,"['1:encode_categorical', '2:train_classification_model']",classification,0.2906,0.2907,-0.0001,7936.0,"['ID', 'tweet']",/home/joshua/Code/ai_projects/amalia/data/batch_results/batch_20260421164615_4d958e70mistral_final/models/classification__hard__prox37_twitter-multilabel-classification-dataset__mLabel_tweets.pkl,,,,,,,,,Mistral,,,hard,1.0
classification__hard__saurabhshahane_ecommerce-text-classification__ecommerceDataset,classification__hard__saurabhshahane_ecommerce-text-classification__ecommerceDataset.json,classification,"Paper Plane Design Framed Wall Hanging Motivational Office Decor Art Prints (8.7 X 8.7 inch) - Set of 4 Painting made up in synthetic frame with uv textured print which gives multi effects and attracts towards it. This is an special series of paintings which makes your wall very beautiful and gives a royal touch. This painting is ready to hang, you would be proud to possess this unique painting that is a niche apart. We use only the most modern and efficient printing technology on our prints, with only the and inks and precision epson, roland and hp printers. This innovative hd printing technique results in durable and spectacular looking prints of the highest that last a lifetime. We print solely with top-notch 100% inks, to achieve brilliant and true colours. Due to their high level of uv resistance, our prints retain their beautiful colours for many years. Add colour and style to your living space with this digitally printed painting. Some are for pleasure and some for eternal bliss.so bring home this elegant print that is lushed with rich colors that makes it nothing but sheer elegance to be to your friends and family.it would be treasured forever by whoever your lucky recipient is. Liven up your place with these intriguing paintings that are high definition hd graphic digital prints for home, office or any room.",logistic,failed,Input contains NaN,,,,,,,,,,,,,,,,,,,,,,,,,,,Mistral,,,hard,1.0
classification__hard__shivamb_spam-url-prediction__url_spam_classification,classification__hard__shivamb_spam-url-prediction__url_spam_classification.json,classification,is_spam,logistic,success,,0.7947088339830238,0.6732,0.7047,0.7204674081121054,148303.0,2.0,True,/home/joshua/Code/ai_projects/amalia/backend/data/uploads/datasets/classification/hard/shivamb_spam-url-prediction/url_spam_classification.csv,/home/joshua/Code/ai_projects/amalia/data/batch_results/batch_20260421164615_4d958e70mistral_final/models/classification__hard__shivamb_spam-url-prediction__url_spam_classification.pkl,3.0,"['1:load_csv', '2:train_classification_model', '3:evaluate_classification_model']",,,,,,,,,,,,,,,,Mistral,,,hard,1.0
classification__mid__andrewmvd_cyberbullying-classification__cyberbullying_tweets,classification__mid__andrewmvd_cyberbullying-classification__cyberbullying_tweets.json,classification,cyberbullying_type,logistic,success,,0.9016314740657134,0.8949,0.8899,0.8773609552910285,47692.0,6.0,False,/home/joshua/Code/ai_projects/amalia/backend/data/uploads/datasets/classification/mid/andrewmvd_cyberbullying-classification/cyberbullying_tweets.csv,/home/joshua/Code/ai_projects/amalia/data/batch_results/batch_20260421164615_4d958e70mistral_final/models/classification__mid__andrewmvd_cyberbullying-classification__cyberbullying_tweets.pkl,4.0,"['1:load_csv', '2:get_basic_stats', '3:train_classification_model', '4:evaluate_classification_model']",,,,,,,,,,,,,,,,Mistral,,,medium,1.0
classification__mid__christianlillelund_csgo-round-winner-classification__csgo_round_snapshots,classification__mid__christianlillelund_csgo-round-winner-classification__csgo_round_snapshots.json,classification,round_winner,decision_tree,failed,"pos_label=1 is not a valid label. It should be one of ['CT', 'T']",,,,,,,,,,,,,,,,,,,,,,,,,,,Mistral,,,medium,1.0
classification__mid__fedesoriano_heart-failure-prediction__heart,classification__mid__fedesoriano_heart-failure-prediction__heart.json,classification,HeartDisease,logistic,success,,0.8859746023794707,0.8672,0.874,0.8713472038333432,918.0,2.0,True,/home/joshua/Code/ai_projects/amalia/backend/data/uploads/datasets/classification/mid/fedesoriano_heart-failure-prediction/heart.csv,/home/joshua/Code/ai_projects/amalia/data/batch_results/batch_20260421164615_4d958e70mistral_final/models/classification__mid__fedesoriano_heart-failure-prediction__heart.pkl,3.0,"['1:load_csv', '2:train_classification_model', '3:evaluate_classification_model']",,,,,,,,,,,,,,,,Mistral,,,medium,1.0
classification__mid__fedesoriano_stellar-classification-dataset-sdss17__star_classification,classification__mid__fedesoriano_stellar-classification-dataset-sdss17__star_classification.json,classification,,,failed,"random_state must be an integer, array-like, a BitGenerator, Generator, a numpy RandomState, or None",,,,,,,,,,,,,,,,,,,,,,,,,,,Mistral,,,medium,1.0
classification__mid__nimapourmoradi_dry-bean-dataset-classification__Dry_Bean_Dataset,classification__mid__nimapourmoradi_dry-bean-dataset-classification__Dry_Bean_Dataset.json,classification,Class,logistic,success,,,,,,2723.0,7.0,,/home/joshua/Code/ai_projects/amalia/backend/data/uploads/datasets/classification/mid/nimapourmoradi_dry-bean-dataset-classification/Dry_Bean_Dataset.csv,/home/joshua/Code/ai_projects/amalia/data/batch_results/batch_20260421164615_4d958e70mistral_final/models/classification__mid__nimapourmoradi_dry-bean-dataset-classification__Dry_Bean_Dataset.pkl,3.0,"['1:load_csv', '2:get_basic_stats', '3:train_classification_model']",classification,0.8803,0.8707,0.0096,10888.0,"['Area', 'Perimeter', 'MajorAxisLength', 'MinorAxisLength', 'AspectRation', 'Eccentricity', 'ConvexArea', 'EquivDiameter', 'Extent', 'Solidity', 'roundness', 'Compactness', 'ShapeFactor1', 'ShapeFactor2', 'ShapeFactor3', 'ShapeFactor4']",/home/joshua/Code/ai_projects/amalia/data/batch_results/batch_20260421164615_4d958e70mistral_final/models/classification__mid__nimapourmoradi_dry-bean-dataset-classification__Dry_Bean_Dataset.pkl,,,,,,,,,Mistral,,,medium,1.0
classification__mid__tanishqdublish_text-classification-documentation__df_file,classification__mid__tanishqdublish_text-classification-documentation__df_file.json,classification,Label,logistic,success,,1.0,0.9996,0.9996,0.9789143498788364,2225.0,5.0,False,/home/joshua/Code/ai_projects/amalia/backend/data/uploads/datasets/classification/mid/tanishqdublish_text-classification-documentation/df_file.csv,/home/joshua/Code/ai_projects/amalia/data/batch_results/batch_20260421164615_4d958e70mistral_final/models/classification__mid__tanishqdublish_text-classification-documentation__df_file.pkl,3.0,"['1:load_csv', '2:train_classification_model', '3:evaluate_classification_model']",,,,,,,,,,,,,,,,Mistral,,,medium,1.0
classification__mid__uciml_iris__Iris,classification__mid__uciml_iris__Iris.json,classification,Species,logistic,success,,,,,,30.0,3.0,,/home/joshua/Code/ai_projects/amalia/backend/data/uploads/datasets/classification/mid/uciml_iris/Iris.csv,/home/joshua/Code/ai_projects/amalia/data/batch_results/batch_20260421164615_4d958e70mistral_final/models/classification__mid__uciml_iris__Iris.pkl,2.0,"['1:encode_categorical', '2:train_classification_model']",classification,1.0,1.0,0.0,120.0,"['Id', 'SepalLengthCm', 'SepalWidthCm', 'PetalLengthCm', 'PetalWidthCm']",/home/joshua/Code/ai_projects/amalia/data/batch_results/batch_20260421164615_4d958e70mistral_final/models/classification__mid__uciml_iris__Iris.pkl,,,,,,,,,Mistral,,,medium,1.0
classification__mid__uciml_pima-indians-diabetes-database__diabetes,classification__mid__uciml_pima-indians-diabetes-database__diabetes.json,classification,Outcome,logistic,success,,0.788841433388209,0.6947,0.5858,0.6583510930346546,768.0,2.0,True,/home/joshua/Code/ai_projects/amalia/backend/data/uploads/datasets/classification/mid/uciml_pima-indians-diabetes-database/diabetes.csv,/home/joshua/Code/ai_projects/amalia/data/batch_results/batch_20260421164615_4d958e70mistral_final/models/classification__mid__uciml_pima-indians-diabetes-database__diabetes.pkl,3.0,"['1:load_csv', '2:train_classification_model', '3:evaluate_classification_model']",,,,,,,,,,,,,,,,Mistral,,,medium,1.0
classification__mid__xhlulu_cpc-codes__titles,classification__mid__xhlulu_cpc-codes__titles.json,classification,class,logistic,failed,"Input X contains NaN.
LogisticRegression does not accept missing values encoded as NaN natively. For supervised learning, you might want to consider sklearn.ensemble.HistGradientBoostingClassifier and Regressor which accept missing values encoded as NaNs natively. Alternatively, it is possible to preprocess the data, for instance by using an imputer transformer in a pipeline or drop samples with missing values. See https://scikit-learn.org/stable/modules/impute.html You can find a list of all estimators that handle NaN values at the following page: https://scikit-learn.org/stable/modules/impute.html#estimators-that-handle-nan-values",,,,,,,,,,,,,,,,,,,,,,,,,,,Mistral,,,medium,1.0
classification__mid__yasserh_titanic-dataset__Titanic-Dataset,classification__mid__yasserh_titanic-dataset__Titanic-Dataset.json,classification,Survived,logistic,failed,"Input X contains NaN.
LogisticRegression does not accept missing values encoded as NaN natively. For supervised learning, you might want to consider sklearn.ensemble.HistGradientBoostingClassifier and Regressor which accept missing values encoded as NaNs natively. Alternatively, it is possible to preprocess the data, for instance by using an imputer transformer in a pipeline or drop samples with missing values. See https://scikit-learn.org/stable/modules/impute.html You can find a list of all estimators that handle NaN values at the following page: https://scikit-learn.org/stable/modules/impute.html#estimators-that-handle-nan-values",,,,,,,,,,,,,,,,,,,,,,,,,,,Mistral,,,medium,1.0
regression__easy__ganjerlawrence_mobile-phone-price-prediction-cleaned-dataset__Mobile-Price-Prediction-cleaned_data,regression__easy__ganjerlawrence_mobile-phone-price-prediction-cleaned-dataset__Mobile-Price-Prediction-cleaned_data.json,regression,Price,linear,success,,,,,,94.0,,,/home/joshua/Code/ai_projects/amalia/backend/data/uploads/datasets/regression/easy/ganjerlawrence_mobile-phone-price-prediction-cleaned-dataset/Mobile-Price-Prediction-cleaned_data.csv,/home/joshua/Code/ai_projects/amalia/data/batch_results/batch_20260421164615_4d958e70mistral_final/models/regression__easy__ganjerlawrence_mobile-phone-price-prediction-cleaned-dataset__Mobile-Price-Prediction-cleaned_data.pkl,1.0,['1:train_regression_model'],regression,,,0.1973,372.0,"['Ratings', 'RAM', 'ROM', 'Mobile_Size', 'Primary_Cam', 'Selfi_Cam', 'Battery_Power']",/home/joshua/Code/ai_projects/amalia/data/batch_results/batch_20260421164615_4d958e70mistral_final/models/regression__easy__ganjerlawrence_mobile-phone-price-prediction-cleaned-dataset__Mobile-Price-Prediction-cleaned_data.pkl,,,292205913.1856,17094.0315,8626.7143,,0.4831,0.2858,Mistral,,,easy,1.0
regression__easy__govindaramsriram_crop-yield-of-a-farm__crop_yield_data,regression__easy__govindaramsriram_crop-yield-of-a-farm__crop_yield_data.json,regression,crop_yield,linear,success,,,,,,3000.0,,,/home/joshua/Code/ai_projects/amalia/backend/data/uploads/datasets/regression/easy/govindaramsriram_crop-yield-of-a-farm/crop_yield_data.csv,/home/joshua/Code/ai_projects/amalia/data/batch_results/batch_20260421164615_4d958e70mistral_final/models/regression__easy__govindaramsriram_crop-yield-of-a-farm__crop_yield_data.pkl,3.0,"['1:load_csv', '2:train_regression_model', '3:evaluate_regression_model']",,,,,,,,,0.9641770545921706,0.085,0.2915,0.2518,0.1015,,,Mistral,,,easy,1.0
regression__easy__nalisha_numerical-feature-based-target-prediction-using-ml__practice_dataset,regression__easy__nalisha_numerical-feature-based-target-prediction-using-ml__practice_dataset.json,regression,target,linear,success,,,,,,10000.0,,,/home/joshua/Code/ai_projects/amalia/backend/data/uploads/datasets/regression/easy/nalisha_numerical-feature-based-target-prediction-using-ml/practice_dataset.csv,/home/joshua/Code/ai_projects/amalia/data/batch_results/batch_20260421164615_4d958e70mistral_final/models/regression__easy__nalisha_numerical-feature-based-target-prediction-using-ml__practice_dataset.pkl,3.0,"['1:load_csv', '2:train_regression_model', '3:evaluate_regression_model']",,,,,,,,,0.5510226580341522,2503.812,50.0381,41.4775,260.3718,,,Mistral,,,easy,1.0
regression__easy__quantbruce_real-estate-price-prediction__Real estate,regression__easy__quantbruce_real-estate-price-prediction__Real estate.json,regression,Y house price of unit area,linear,failed,,,,,,83.0,,,/home/joshua/Code/ai_projects/amalia/backend/data/uploads/datasets/regression/easy/quantbruce_real-estate-price-prediction/Real estate.csv,/home/joshua/Code/ai_projects/amalia/backend/models/regression_model.pkl,2.0,"['1:load_csv', '2:train_regression_model']",regression,,,-0.1165,331.0,"['No', 'X1 transaction date', 'X2 house age', 'X3 distance to the nearest MRT station', 'X4 number of convenience stores', 'X5 latitude', 'X6 longitude']",/home/joshua/Code/ai_projects/amalia/backend/models/regression_model.pkl,,,57.7124,7.5969,5.4899,,0.5593,0.6758,Mistral,,,easy,1.0
regression__easy__ranitsarkar01_porter-delivery-time-estimation__dataset,regression__easy__ranitsarkar01_porter-delivery-time-estimation__dataset.json,regression,total_outstanding_orders,linear,failed,"Input X contains NaN.
LinearRegression does not accept missing values encoded as NaN natively. For supervised learning, you might want to consider sklearn.ensemble.HistGradientBoostingClassifier and Regressor which accept missing values encoded as NaNs natively. Alternatively, it is possible to preprocess the data, for instance by using an imputer transformer in a pipeline or drop samples with missing values. See https://scikit-learn.org/stable/modules/impute.html You can find a list of all estimators that handle NaN values at the following page: https://scikit-learn.org/stable/modules/impute.html#estimators-that-handle-nan-values",,,,,,,,,,,,,,,,,,,,,,,,,,,Mistral,,,easy,1.0
regression__easy__sakshisatre_the-boston-housing-dataset__Boston (1),regression__easy__sakshisatre_the-boston-housing-dataset__Boston (1).json,regression,MEDV,linear,success,,,,,,506.0,,,/home/joshua/Code/ai_projects/amalia/backend/data/uploads/datasets/regression/easy/sakshisatre_the-boston-housing-dataset/Boston (1).csv,/home/joshua/Code/ai_projects/amalia/data/batch_results/batch_20260421164615_4d958e70mistral_final/models/regression__easy__sakshisatre_the-boston-housing-dataset__Boston (1).pkl,3.0,"['1:load_csv', '2:train_regression_model', '3:evaluate_regression_model']",,,,,,,,,0.7570222004402721,22.0407,4.6947,3.2988,16.6655,,,Mistral,,,easy,1.0
regression__easy__thedevastator_age-prediction-for-individuals-using-multi-omic__test_rows,regression__easy__thedevastator_age-prediction-for-individuals-using-multi-omic__test_rows.json,regression,KLF14_2,linear,success,,,,,,104.0,,,/home/joshua/Code/ai_projects/amalia/backend/data/uploads/datasets/regression/easy/thedevastator_age-prediction-for-individuals-using-multi-omic/test_rows.csv,/home/joshua/Code/ai_projects/amalia/data/batch_results/batch_20260421164615_4d958e70mistral_final/models/regression__easy__thedevastator_age-prediction-for-individuals-using-multi-omic__test_rows.pkl,3.0,"['1:load_csv', '2:train_regression_model', '3:evaluate_regression_model']",,,,,,,,,0.4979711876248391,1.953,1.3975,1.0866,52.356,,,Mistral,,,easy,1.0
regression__easy__zubairdhuddi_linear-regression__test,regression__easy__zubairdhuddi_linear-regression__test.json,regression,y,linear,failed,,,,,,60.0,,,/home/joshua/Code/ai_projects/amalia/backend/data/uploads/datasets/regression/easy/zubairdhuddi_linear-regression/test.csv,/home/joshua/Code/ai_projects/amalia/backend/models/linear_regression_test_model.pkl,1.0,['1:train_regression_model'],regression,,,-0.0019,240.0,['x'],/home/joshua/Code/ai_projects/amalia/backend/models/linear_regression_test_model.pkl,,,7.9614,2.8216,2.1583,,0.9887,0.9906,Mistral,,,easy,1.0
regression__hard__anujsaha0123456789_house-prices-cleaned-dataset-for-regression-ml__house_prices_cleaned,regression__hard__anujsaha0123456789_house-prices-cleaned-dataset-for-regression-ml__house_prices_cleaned.json,regression,SalePrice,svr,success,,,,,,1460.0,,,/home/joshua/Code/ai_projects/amalia/backend/data/uploads/datasets/regression/hard/anujsaha0123456789_house-prices-cleaned-dataset-for-regression-ml/house_prices_cleaned.csv,/home/joshua/Code/ai_projects/amalia/data/batch_results/batch_20260421164615_4d958e70mistral_final/models/regression__hard__anujsaha0123456789_house-prices-cleaned-dataset-for-regression-ml__house_prices_cleaned.pkl,3.0,"['1:load_csv', '2:train_regression_model', '3:evaluate_regression_model']",,,,,,,,,-0.0388375078800485,6557949939.5246,80981.1703,55540.0192,32.1043,,,Mistral,,,hard,1.0
regression__hard__bharatsahu_house-price-prediction-dataset-insurancehub-usa__House_price_multifeatures,regression__hard__bharatsahu_house-price-prediction-dataset-insurancehub-usa__House_price_multifeatures.json,classification,TTTerritory,decision_tree,failed,Input contains NaN,,,,,,,,,,,,,,,,,,,,,,,,,,,Mistral,,,hard,1.0
regression__hard__bjaton_housepricesadvancedregressiontechniquestrain__train,regression__hard__bjaton_housepricesadvancedregressiontechniquestrain__train.json,regression,SalePrice,ridge,failed,"Input X contains NaN.
Ridge does not accept missing values encoded as NaN natively. For supervised learning, you might want to consider sklearn.ensemble.HistGradientBoostingClassifier and Regressor which accept missing values encoded as NaNs natively. Alternatively, it is possible to preprocess the data, for instance by using an imputer transformer in a pipeline or drop samples with missing values. See https://scikit-learn.org/stable/modules/impute.html You can find a list of all estimators that handle NaN values at the following page: https://scikit-learn.org/stable/modules/impute.html#estimators-that-handle-nan-values",,,,,,,,,,,,,,,,,,,,,,,,,,,Mistral,,,hard,1.0
regression__hard__bobnau_daily-website-visitors__daily-website-visitors,regression__hard__bobnau_daily-website-visitors__daily-website-visitors.json,regression,Returning.Visits,linear,failed,"could not convert string to float: '1,036'",,,,,,,,,,,,,,,,,,,,,,,,,,,Mistral,,,hard,1.0
regression__hard__deepcontractor_car-price-prediction-challenge__car_price_prediction,regression__hard__deepcontractor_car-price-prediction-challenge__car_price_prediction.json,regression,Price,random_forest,success,,,,,,19237.0,,,/home/joshua/Code/ai_projects/amalia/backend/data/uploads/datasets/regression/hard/deepcontractor_car-price-prediction-challenge/car_price_prediction_preprocessed.csv,/home/joshua/Code/ai_projects/amalia/backend/models/car_price_prediction_model.pkl,4.0,"['1:handle_missing_values', '1:encode_categorical', '2:train_regression_model', '3:evaluate_regression_model']",,,,,,,,,0.7784724276155319,7306327215.1562,85477.0567,3065.5139,628.093,,,Mistral,,,hard,1.0
regression__hard__kanchana1990_colorado-real-estate-market-2026__colorado_real_estate_2026,regression__hard__kanchana1990_colorado-real-estate-market-2026__colorado_real_estate_2026.json,regression,garage,linear,failed,"Input X contains NaN.
LinearRegression does not accept missing values encoded as NaN natively. For supervised learning, you might want to consider sklearn.ensemble.HistGradientBoostingClassifier and Regressor which accept missing values encoded as NaNs natively. Alternatively, it is possible to preprocess the data, for instance by using an imputer transformer in a pipeline or drop samples with missing values. See https://scikit-learn.org/stable/modules/impute.html You can find a list of all estimators that handle NaN values at the following page: https://scikit-learn.org/stable/modules/impute.html#estimators-that-handle-nan-values",,,,,,,,,,,,,,,,,,,,,,,,,,,Mistral,,,hard,1.0
regression__hard__milanvaddoriya_old-car-price-prediction__car_price,regression__hard__milanvaddoriya_old-car-price-prediction__car_price.json,regression,,,failed,get_column_info: Column 'None' not found,,,,,,,,,,,,,,,,,,,,,,,,,,,Mistral,,,hard,1.0
regression__hard__spittman1248_cdc-data-nutrition-physical-activity-obesity__Nutrition__Physical_Activity__and_Obesity_-_Behavioral_Risk_Factor_Surveillance_System,regression__hard__spittman1248_cdc-data-nutrition-physical-activity-obesity__Nutrition__Physical_Activity__and_Obesity_-_Behavioral_Risk_Factor_Surveillance_System.json,classification,Class,naive_bayes,failed,"Input X contains NaN.
GaussianNB does not accept missing values encoded as NaN natively. For supervised learning, you might want to consider sklearn.ensemble.HistGradientBoostingClassifier and Regressor which accept missing values encoded as NaNs natively. Alternatively, it is possible to preprocess the data, for instance by using an imputer transformer in a pipeline or drop samples with missing values. See https://scikit-learn.org/stable/modules/impute.html You can find a list of all estimators that handle NaN values at the following page: https://scikit-learn.org/stable/modules/impute.html#estimators-that-handle-nan-values",,,,,,,,,,,,,,,,,,,,,,,,,,,Mistral,,,hard,1.0
regression__hard__taweilo_mba-admission-dataset__MBA,regression__hard__taweilo_mba-admission-dataset__MBA.json,regression,gpa,linear,success,,,,,,692.0,,,/home/joshua/Code/ai_projects/amalia/backend/data/uploads/datasets/regression/hard/taweilo_mba-admission-dataset/MBA_processed.csv,/home/joshua/Code/ai_projects/amalia/backend/models/regression_linear_MBA.joblib,3.0,"['1:handle_missing_values', '2:train_regression_model', '3:evaluate_regression_model']",,,,,,,,,0.2809183453894555,0.0108,0.1038,0.0833,2.4765,,,Mistral,,,hard,1.0
regression__hard__valakhorasani_tehran-house-prices-dataset__TehranHouse,regression__hard__valakhorasani_tehran-house-prices-dataset__TehranHouse.json,regression,Price(USD),linear,success,,,,,,3479.0,,,/home/joshua/Code/ai_projects/amalia/backend/data/uploads/datasets/regression/hard/valakhorasani_tehran-house-prices-dataset/TehranHouse.csv,/home/joshua/Code/ai_projects/amalia/data/batch_results/batch_20260421164615_4d958e70mistral_final/models/regression__hard__valakhorasani_tehran-house-prices-dataset__TehranHouse.pkl,3.0,"['1:load_csv', '2:train_regression_model', '3:evaluate_regression_model']",,,,,,,,,1.0,0.0,0.0026,0.0021,0.0,,,Mistral,,,hard,1.0
regression__mid__CooperUnion_cardataset__data,regression__mid__CooperUnion_cardataset__data.json,regression,MSRP,linear,failed,"Input X contains NaN.
LinearRegression does not accept missing values encoded as NaN natively. For supervised learning, you might want to consider sklearn.ensemble.HistGradientBoostingClassifier and Regressor which accept missing values encoded as NaNs natively. Alternatively, it is possible to preprocess the data, for instance by using an imputer transformer in a pipeline or drop samples with missing values. See https://scikit-learn.org/stable/modules/impute.html You can find a list of all estimators that handle NaN values at the following page: https://scikit-learn.org/stable/modules/impute.html#estimators-that-handle-nan-values",,,,,,,,,,,,,,,,,,,,,,,,,,,Mistral,,,medium,1.0
regression__mid__alamshihab075_health-and-lifestyle-data-for-diabetes-prediction__Diabetes_and_LifeStyle_Dataset ,regression__mid__alamshihab075_health-and-lifestyle-data-for-diabetes-prediction__Diabetes_and_LifeStyle_Dataset .json,regression,diagnosed_diabetes,ridge,success,,,,,,97297.0,,,/home/joshua/Code/ai_projects/amalia/backend/data/uploads/datasets/regression/mid/alamshihab075_health-and-lifestyle-data-for-diabetes-prediction/Diabetes_and_LifeStyle_Dataset .csv,/home/joshua/Code/ai_projects/amalia/data/batch_results/batch_20260421164615_4d958e70mistral_final/models/regression__mid__alamshihab075_health-and-lifestyle-data-for-diabetes-prediction__Diabetes_and_LifeStyle_Dataset .pkl,3.0,"['1:load_csv', '2:train_regression_model', '3:evaluate_regression_model']",,,,,,,,,0.9608772427766632,0.0186,0.1363,0.0805,,,,Mistral,,,medium,1.0
regression__mid__camnugent_california-housing-prices__housing,regression__mid__camnugent_california-housing-prices__housing.json,regression,median_house_value,linear,failed,"Input X contains NaN.
LinearRegression does not accept missing values encoded as NaN natively. For supervised learning, you might want to consider sklearn.ensemble.HistGradientBoostingClassifier and Regressor which accept missing values encoded as NaNs natively. Alternatively, it is possible to preprocess the data, for instance by using an imputer transformer in a pipeline or drop samples with missing values. See https://scikit-learn.org/stable/modules/impute.html You can find a list of all estimators that handle NaN values at the following page: https://scikit-learn.org/stable/modules/impute.html#estimators-that-handle-nan-values",,,,,,,,,,,,,,,,,,,,,,,,,,,Mistral,,,medium,1.0
regression__mid__harlfoxem_housesalesprediction__kc_house_data,regression__mid__harlfoxem_housesalesprediction__kc_house_data.json,regression,,,failed,can't multiply sequence by non-int of type 'numpy.float64',,,,,,,,,,,,,,,,,,,,,,,,,,,Mistral,,,medium,1.0
regression__mid__hrokrin_the-largest-diamond-dataset-currely-on-kaggle__diamonds,regression__mid__hrokrin_the-largest-diamond-dataset-currely-on-kaggle__diamonds.json,classification,total_sales_price,naive_bayes,success,,0.5507372835691962,0.6016,0.5443,0.5582590345940955,219703.0,22202.0,False,/home/joshua/Code/ai_projects/amalia/backend/data/uploads/datasets/regression/mid/hrokrin_the-largest-diamond-dataset-currely-on-kaggle/diamonds.csv,/home/joshua/Code/ai_projects/amalia/data/batch_results/batch_20260421164615_4d958e70mistral_final/models/regression__mid__hrokrin_the-largest-diamond-dataset-currely-on-kaggle__diamonds.pkl,3.0,"['1:load_csv', '2:train_classification_model', '3:evaluate_classification_model']",,,,,,,,,,,,,,,,Mistral,,,medium,1.0
regression__mid__lorenzozoppelletto_financial-risk-for-loan-approval__Loan,regression__mid__lorenzozoppelletto_financial-risk-for-loan-approval__Loan.json,regression,RiskScore,ridge,success,,,,,,20000.0,,,/home/joshua/Code/ai_projects/amalia/backend/data/uploads/datasets/regression/mid/lorenzozoppelletto_financial-risk-for-loan-approval/Loan.csv,/home/joshua/Code/ai_projects/amalia/data/batch_results/batch_20260421164615_4d958e70mistral_final/models/regression__mid__lorenzozoppelletto_financial-risk-for-loan-approval__Loan.pkl,3.0,"['1:load_csv', '2:train_regression_model', '3:evaluate_regression_model']",,,,,,,,,0.9634564928786742,3.7993,1.9492,1.5056,3.0474,,,Mistral,,,medium,1.0
regression__mid__mirichoi0218_insurance__insurance,regression__mid__mirichoi0218_insurance__insurance.json,regression,charges,gradient_boosting,success,,,,,,1338.0,,,/home/joshua/Code/ai_projects/amalia/backend/data/uploads/datasets/regression/mid/mirichoi0218_insurance/insurance.csv,/home/joshua/Code/ai_projects/amalia/backend/models/regression_model.pkl,4.0,"['1:load_csv', '1:infer_data_types', '2:train_regression_model', '3:evaluate_regression_model']",,,,,,,,,0.8872531970299344,14829860.2228,3850.9558,2162.0931,26.6765,,,Mistral,,,medium,1.0
regression__mid__ranitsarkar01_porter-delivery-time-estimation__dataset,regression__mid__ranitsarkar01_porter-delivery-time-estimation__dataset.json,regression,,,failed,filter_rows: Unknown condition: notnull,,,,,,,,,,,,,,,,,,,,,,,,,,,Mistral,,,medium,1.0
regression__mid__rupals_gpu-runtime__sgemm_product,regression__mid__rupals_gpu-runtime__sgemm_product.json,regression,,,failed,get_column_info: Column 'None' not found,,,,,,,,,,,,,,,,,,,,,,,,,,,Mistral,,,medium,1.0
regression__mid__yasserh_uber-fares-dataset__uber,regression__mid__yasserh_uber-fares-dataset__uber.json,regression,,,failed,get_column_info: Column 'None' not found,,,,,,,,,,,,,,,,,,,,,,,,,,,Mistral,,,medium,1.0
classification__easy__abhishek14398_heart-disease-classification__heart,classification__easy__abhishek14398_heart-disease-classification__heart.json,classification,target,logistic,success,,0.8668066362427277,0.8531,0.9152,0.9030220619150768,303.0,2.0,True,/home/joshua/Code/ai_projects/amalia/backend/data/uploads/datasets/classification/easy/abhishek14398_heart-disease-classification/heart.csv,/home/joshua/Code/ai_projects/amalia/data/batch_results/batch_20260421164615_4d958e70mistral_final/models/classification__easy__abhishek14398_heart-disease-classification__heart.pkl,3.0,"['1:load_csv', '2:train_classification_model', '3:evaluate_classification_model']",,,,,,,,,,,,,,,,Mistral,,,easy,2.0
classification__easy__brsahan_genomic-data-for-cancer__gene_expression,classification__easy__brsahan_genomic-data-for-cancer__gene_expression.json,classification,Cancer Present,logistic,success,,,,,,600.0,2.0,,/home/joshua/Code/ai_projects/amalia/backend/data/uploads/datasets/classification/easy/brsahan_genomic-data-for-cancer/gene_expression.csv,/home/joshua/Code/ai_projects/amalia/data/batch_results/batch_20260421164615_4d958e70mistral_final/models/classification__easy__brsahan_genomic-data-for-cancer__gene_expression.pkl,4.0,"['1:load_csv', '1:validate_csv_structure', '1:detect_duplicates', '2:train_classification_model']",classification,0.8542,0.8667,-0.0125,2400.0,"['Gene One', 'Gene Two']",/home/joshua/Code/ai_projects/amalia/data/batch_results/batch_20260421164615_4d958e70mistral_final/models/classification__easy__brsahan_genomic-data-for-cancer__gene_expression.pkl,,,,,,,,,Mistral,,,easy,2.0
classification__easy__fedesoriano_stellar-classification-dataset-sdss17__star_classification,classification__easy__fedesoriano_stellar-classification-dataset-sdss17__star_classification.json,classification,,,failed,get_column_info: Column 'None' not found,,,,,,,,,,,,,,,,,,,,,,,,,,,Mistral,,,easy,2.0
classification__easy__himanshunakrani_naive-bayes-classification-data__Naive-Bayes-Classification-Data,classification__easy__himanshunakrani_naive-bayes-classification-data__Naive-Bayes-Classification-Data.json,classification,diabetes,naive_bayes,success,,,,,,199.0,2.0,,/home/joshua/Code/ai_projects/amalia/backend/data/uploads/datasets/classification/easy/himanshunakrani_naive-bayes-classification-data/Naive-Bayes-Classification-Data.csv,/home/joshua/Code/ai_projects/amalia/data/batch_results/batch_20260421164615_4d958e70mistral_final/models/classification__easy__himanshunakrani_naive-bayes-classification-data__Naive-Bayes-Classification-Data.pkl,3.0,"['1:load_csv', '2:remove_duplicates', '3:train_classification_model']",classification,0.9347,0.9296,0.005,796.0,"['glucose', 'bloodpressure']",/home/joshua/Code/ai_projects/amalia/data/batch_results/batch_20260421164615_4d958e70mistral_final/models/classification__easy__himanshunakrani_naive-bayes-classification-data__Naive-Bayes-Classification-Data.pkl,,,,,,,,,Mistral,,,easy,2.0
classification__easy__mahmoudshaheen1134_heart-disease-data__heart disease,classification__easy__mahmoudshaheen1134_heart-disease-data__heart disease.json,classification,target,logistic,success,,0.8697895374497312,0.8531,0.9173,0.904596170861827,242.0,2.0,True,/home/joshua/Code/ai_projects/amalia/backend/data/uploads/heart disease_train.csv,/home/joshua/Code/ai_projects/amalia/backend/models/heart_disease_model.pkl,5.0,"['1:load_csv', '2:validate_csv_structure', '3:split_dataset', '4:train_classification_model', '5:evaluate_classification_model']",,,,,,,,,,,,,,,,Mistral,,,easy,2.0
classification__easy__priyanshusethi_happiness-classification-dataset__happydata,classification__easy__priyanshusethi_happiness-classification-dataset__happydata.json,classification,,,failed,get_column_info: Column 'None' not found,,,,,,,,,,,,,,,,,,,,,,,,,,,Mistral,,,easy,2.0
classification__easy__ritwikb3_heart-disease-cleveland__Heart_disease_cleveland_new,classification__easy__ritwikb3_heart-disease-cleveland__Heart_disease_cleveland_new.json,classification,,,success,,,,,,,,,/home/joshua/Code/ai_projects/amalia/backend/data/uploads/datasets/classification/easy/ritwikb3_heart-disease-cleveland/Heart_disease_cleveland_new.csv,,0.0,[],,,,,,,,,,,,,,,,Mistral,,,easy,2.0
classification__easy__ritwikb3_heart-disease-statlog__Heart_disease_statlog,classification__easy__ritwikb3_heart-disease-statlog__Heart_disease_statlog.json,classification,target,logistic,success,,0.8659312469970412,0.8661,0.8083,0.8256232009921877,270.0,2.0,True,/home/joshua/Code/ai_projects/amalia/backend/data/uploads/datasets/classification/easy/ritwikb3_heart-disease-statlog/Heart_disease_statlog.csv,/home/joshua/Code/ai_projects/amalia/data/batch_results/batch_20260421164615_4d958e70mistral_final/models/classification__easy__ritwikb3_heart-disease-statlog__Heart_disease_statlog.pkl,3.0,"['1:load_csv', '2:train_classification_model', '3:evaluate_classification_model']",,,,,,,,,,,,,,,,Mistral,,,easy,2.0
classification__easy__robikscube_eye-state-classification-eeg-dataset__EEG_Eye_State_Classification,classification__easy__robikscube_eye-state-classification-eeg-dataset__EEG_Eye_State_Classification.json,classification,eyeDetection,logistic,success,,0.6783436339866501,0.6417,0.4651,0.5386416649091151,14980.0,2.0,True,/home/joshua/Code/ai_projects/amalia/backend/data/uploads/datasets/classification/easy/robikscube_eye-state-classification-eeg-dataset/EEG_Eye_State_Classification.csv,/home/joshua/Code/ai_projects/amalia/data/batch_results/batch_20260421164615_4d958e70mistral_final/models/classification__easy__robikscube_eye-state-classification-eeg-dataset__EEG_Eye_State_Classification.pkl,3.0,"['1:load_csv', '2:train_classification_model', '3:evaluate_classification_model']",,,,,,,,,,,,,,,,Mistral,,,easy,2.0
classification__easy__uciml_glass__glass,classification__easy__uciml_glass__glass.json,classification,Type,logistic,success,,0.6803962726391508,0.6124,0.6542,0.6068004014192594,214.0,6.0,False,/home/joshua/Code/ai_projects/amalia/backend/data/uploads/datasets/classification/easy/uciml_glass/glass.csv,/home/joshua/Code/ai_projects/amalia/data/batch_results/batch_20260421164615_4d958e70mistral_final/models/classification__easy__uciml_glass__glass.pkl,3.0,"['1:load_csv', '2:train_classification_model', '3:evaluate_classification_model']",,,,,,,,,,,,,,,,Mistral,,,easy,2.0
classification__easy__yasserh_heart-disease-dataset__heart,classification__easy__yasserh_heart-disease-dataset__heart.json,classification,target,logistic,success,,0.795008007209197,0.8531,0.9152,0.8964847202743871,303.0,2.0,True,/home/joshua/Code/ai_projects/amalia/backend/data/uploads/datasets/classification/easy/yasserh_heart-disease-dataset/heart.csv,/home/joshua/Code/ai_projects/amalia/data/batch_results/batch_20260421164615_4d958e70mistral_final/models/classification__easy__yasserh_heart-disease-dataset__heart.pkl,3.0,"['1:load_csv', '2:train_classification_model', '3:evaluate_classification_model']",,,,,,,,,,,,,,,,Mistral,,,easy,2.0
classification__easy__yasserh_wine-quality-dataset__WineQT,classification__easy__yasserh_wine-quality-dataset__WineQT.json,classification,,,failed,Workflow has no executable steps,,,,,,,,,,,,,,,,,,,,,,,,,,,Mistral,,,easy,2.0
classification__hard__abhishek14398_loan-dataset__loan,classification__hard__abhishek14398_loan-dataset__loan.json,classification,total_il_high_credit_limit,naive_bayes,failed,Input y contains NaN.,,,,,,,,,,,,,,,,,,,,,,,,,,,Mistral,,,hard,2.0
classification__hard__andrewmvd_cyberbullying-classification__cyberbullying_tweets,classification__hard__andrewmvd_cyberbullying-classification__cyberbullying_tweets.json,classification,cyberbullying_type,logistic,success,,0.9079967052668856,0.8949,0.8899,0.9188129879573628,47692.0,6.0,False,/home/joshua/Code/ai_projects/amalia/backend/data/uploads/datasets/classification/hard/andrewmvd_cyberbullying-classification/cyberbullying_tweets.csv,/home/joshua/Code/ai_projects/amalia/data/batch_results/batch_20260421164615_4d958e70mistral_final/models/classification__hard__andrewmvd_cyberbullying-classification__cyberbullying_tweets.pkl,3.0,"['1:load_csv', '2:train_classification_model', '3:evaluate_classification_model']",,,,,,,,,,,,,,,,Mistral,,,hard,2.0
classification__hard__balaka18_email-spam-classification-dataset-csv__emails,classification__hard__balaka18_email-spam-classification-dataset-csv__emails.json,classification,target,svm,failed,,,0.9743,0.987,,5172.0,7.0,False,/home/joshua/Code/ai_projects/amalia/backend/data/uploads/datasets/classification/hard/balaka18_email-spam-classification-dataset-csv/emails.csv,/home/joshua/Code/ai_projects/amalia/data/batch_results/batch_20260421164615_4d958e70mistral_final/models/classification__hard__balaka18_email-spam-classification-dataset-csv__emails.pkl,3.0,"['1:load_csv', '2:train_classification_model', '3:evaluate_classification_model']",,,,,,,,,,,,,,,,Mistral,,,hard,2.0
classification__hard__ddosad_ecommerce-customer-service-satisfaction__Customer_support_data,classification__hard__ddosad_ecommerce-customer-service-satisfaction__Customer_support_data.json,classification,CSAT Score,logistic,failed,"Input X contains NaN.
LogisticRegression does not accept missing values encoded as NaN natively. For supervised learning, you might want to consider sklearn.ensemble.HistGradientBoostingClassifier and Regressor which accept missing values encoded as NaNs natively. Alternatively, it is possible to preprocess the data, for instance by using an imputer transformer in a pipeline or drop samples with missing values. See https://scikit-learn.org/stable/modules/impute.html You can find a list of all estimators that handle NaN values at the following page: https://scikit-learn.org/stable/modules/impute.html#estimators-that-handle-nan-values",,,,,,,,,,,,,,,,,,,,,,,,,,,Mistral,,,hard,2.0
classification__hard__hetulmehta_website-classification__website_classification,classification__hard__hetulmehta_website-classification__website_classification.json,classification,Category,logistic,success,,0.5796371317373905,0.6073,0.5682,0.5273244721640489,1408.0,16.0,False,/home/joshua/Code/ai_projects/amalia/backend/data/uploads/datasets/classification/hard/hetulmehta_website-classification/website_classification.csv,/home/joshua/Code/ai_projects/amalia/data/batch_results/batch_20260421164615_4d958e70mistral_final/models/classification__hard__hetulmehta_website-classification__website_classification.pkl,3.0,"['1:load_csv', '2:train_classification_model', '3:evaluate_classification_model']",,,,,,,,,,,,,,,,Mistral,,,hard,2.0
classification__hard__jocelyndumlao_consumer-review-of-clothing-product__Consumer Review of Clothing Product__data_amazon.xlsx - Sheet1,classification__hard__jocelyndumlao_consumer-review-of-clothing-product__Consumer Review of Clothing Product__data_amazon.xlsx - Sheet1.json,classification,Durability,gradient_boosting,failed,"Input X contains NaN.
GradientBoostingClassifier does not accept missing values encoded as NaN natively. For supervised learning, you might want to consider sklearn.ensemble.HistGradientBoostingClassifier and Regressor which accept missing values encoded as NaNs natively. Alternatively, it is possible to preprocess the data, for instance by using an imputer transformer in a pipeline or drop samples with missing values. See https://scikit-learn.org/stable/modules/impute.html You can find a list of all estimators that handle NaN values at the following page: https://scikit-learn.org/stable/modules/impute.html#estimators-that-handle-nan-values",,,,,,,,,,,,,,,,,,,,,,,,,,,Mistral,,,hard,2.0
classification__hard__pashupatigupta_emotion-detection-from-text__tweet_emotions,classification__hard__pashupatigupta_emotion-detection-from-text__tweet_emotions.json,classification,,,failed,"random_state must be an integer, array-like, a BitGenerator, Generator, a numpy RandomState, or None",,,,,,,,,,,,,,,,,,,,,,,,,,,Mistral,,,hard,2.0
classification__hard__prox37_twitter-multilabel-classification-dataset__mLabel_tweets,classification__hard__prox37_twitter-multilabel-classification-dataset__mLabel_tweets.json,classification,labels,logistic,success,,,,,,1985.0,288.0,,/home/joshua/Code/ai_projects/amalia/backend/data/uploads/datasets/classification/hard/prox37_twitter-multilabel-classification-dataset/mLabel_tweets.csv,/home/joshua/Code/ai_projects/amalia/data/batch_results/batch_20260421164615_4d958e70mistral_final/models/classification__hard__prox37_twitter-multilabel-classification-dataset__mLabel_tweets.pkl,2.0,"['1:encode_categorical', '2:train_classification_model']",classification,0.2906,0.2907,-0.0001,7936.0,"['ID', 'tweet']",/home/joshua/Code/ai_projects/amalia/data/batch_results/batch_20260421164615_4d958e70mistral_final/models/classification__hard__prox37_twitter-multilabel-classification-dataset__mLabel_tweets.pkl,,,,,,,,,Mistral,,,hard,2.0
classification__hard__saurabhshahane_ecommerce-text-classification__ecommerceDataset,classification__hard__saurabhshahane_ecommerce-text-classification__ecommerceDataset.json,classification,"Paper Plane Design Framed Wall Hanging Motivational Office Decor Art Prints (8.7 X 8.7 inch) - Set of 4 Painting made up in synthetic frame with uv textured print which gives multi effects and attracts towards it. This is an special series of paintings which makes your wall very beautiful and gives a royal touch. This painting is ready to hang, you would be proud to possess this unique painting that is a niche apart. We use only the most modern and efficient printing technology on our prints, with only the and inks and precision epson, roland and hp printers. This innovative hd printing technique results in durable and spectacular looking prints of the highest that last a lifetime. We print solely with top-notch 100% inks, to achieve brilliant and true colours. Due to their high level of uv resistance, our prints retain their beautiful colours for many years. Add colour and style to your living space with this digitally printed painting. Some are for pleasure and some for eternal bliss.so bring home this elegant print that is lushed with rich colors that makes it nothing but sheer elegance to be to your friends and family.it would be treasured forever by whoever your lucky recipient is. Liven up your place with these intriguing paintings that are high definition hd graphic digital prints for home, office or any room.",logistic,failed,Input contains NaN,,,,,,,,,,,,,,,,,,,,,,,,,,,Mistral,,,hard,2.0
classification__hard__shivamb_spam-url-prediction__url_spam_classification,classification__hard__shivamb_spam-url-prediction__url_spam_classification.json,classification,is_spam,logistic,success,,0.7823626853207439,0.6732,0.7047,0.6697077505286961,148303.0,2.0,True,/home/joshua/Code/ai_projects/amalia/backend/data/uploads/datasets/classification/hard/shivamb_spam-url-prediction/url_spam_classification.csv,/home/joshua/Code/ai_projects/amalia/data/batch_results/batch_20260421164615_4d958e70mistral_final/models/classification__hard__shivamb_spam-url-prediction__url_spam_classification.pkl,3.0,"['1:load_csv', '2:train_classification_model', '3:evaluate_classification_model']",,,,,,,,,,,,,,,,Mistral,,,hard,2.0
classification__mid__andrewmvd_cyberbullying-classification__cyberbullying_tweets,classification__mid__andrewmvd_cyberbullying-classification__cyberbullying_tweets.json,classification,cyberbullying_type,logistic,success,,0.8556636040392664,0.8949,0.8899,0.8516243328380253,47692.0,6.0,False,/home/joshua/Code/ai_projects/amalia/backend/data/uploads/datasets/classification/mid/andrewmvd_cyberbullying-classification/cyberbullying_tweets.csv,/home/joshua/Code/ai_projects/amalia/data/batch_results/batch_20260421164615_4d958e70mistral_final/models/classification__mid__andrewmvd_cyberbullying-classification__cyberbullying_tweets.pkl,4.0,"['1:load_csv', '2:get_basic_stats', '3:train_classification_model', '4:evaluate_classification_model']",,,,,,,,,,,,,,,,Mistral,,,medium,2.0
classification__mid__christianlillelund_csgo-round-winner-classification__csgo_round_snapshots,classification__mid__christianlillelund_csgo-round-winner-classification__csgo_round_snapshots.json,classification,round_winner,decision_tree,failed,"pos_label=1 is not a valid label. It should be one of ['CT', 'T']",,,,,,,,,,,,,,,,,,,,,,,,,,,Mistral,,,medium,2.0
classification__mid__fedesoriano_heart-failure-prediction__heart,classification__mid__fedesoriano_heart-failure-prediction__heart.json,classification,HeartDisease,logistic,success,,0.8409910761271672,0.8672,0.874,0.8823280444837025,918.0,2.0,True,/home/joshua/Code/ai_projects/amalia/backend/data/uploads/datasets/classification/mid/fedesoriano_heart-failure-prediction/heart.csv,/home/joshua/Code/ai_projects/amalia/data/batch_results/batch_20260421164615_4d958e70mistral_final/models/classification__mid__fedesoriano_heart-failure-prediction__heart.pkl,3.0,"['1:load_csv', '2:train_classification_model', '3:evaluate_classification_model']",,,,,,,,,,,,,,,,Mistral,,,medium,2.0
classification__mid__fedesoriano_stellar-classification-dataset-sdss17__star_classification,classification__mid__fedesoriano_stellar-classification-dataset-sdss17__star_classification.json,classification,,,failed,"random_state must be an integer, array-like, a BitGenerator, Generator, a numpy RandomState, or None",,,,,,,,,,,,,,,,,,,,,,,,,,,Mistral,,,medium,2.0
classification__mid__nimapourmoradi_dry-bean-dataset-classification__Dry_Bean_Dataset,classification__mid__nimapourmoradi_dry-bean-dataset-classification__Dry_Bean_Dataset.json,classification,Class,logistic,success,,,,,,2723.0,7.0,,/home/joshua/Code/ai_projects/amalia/backend/data/uploads/datasets/classification/mid/nimapourmoradi_dry-bean-dataset-classification/Dry_Bean_Dataset.csv,/home/joshua/Code/ai_projects/amalia/data/batch_results/batch_20260421164615_4d958e70mistral_final/models/classification__mid__nimapourmoradi_dry-bean-dataset-classification__Dry_Bean_Dataset.pkl,3.0,"['1:load_csv', '2:get_basic_stats', '3:train_classification_model']",classification,0.8803,0.8707,0.0096,10888.0,"['Area', 'Perimeter', 'MajorAxisLength', 'MinorAxisLength', 'AspectRation', 'Eccentricity', 'ConvexArea', 'EquivDiameter', 'Extent', 'Solidity', 'roundness', 'Compactness', 'ShapeFactor1', 'ShapeFactor2', 'ShapeFactor3', 'ShapeFactor4']",/home/joshua/Code/ai_projects/amalia/data/batch_results/batch_20260421164615_4d958e70mistral_final/models/classification__mid__nimapourmoradi_dry-bean-dataset-classification__Dry_Bean_Dataset.pkl,,,,,,,,,Mistral,,,medium,2.0
classification__mid__tanishqdublish_text-classification-documentation__df_file,classification__mid__tanishqdublish_text-classification-documentation__df_file.json,classification,Label,logistic,success,,0.9674870671539968,0.9996,0.9996,1.0,2225.0,5.0,False,/home/joshua/Code/ai_projects/amalia/backend/data/uploads/datasets/classification/mid/tanishqdublish_text-classification-documentation/df_file.csv,/home/joshua/Code/ai_projects/amalia/data/batch_results/batch_20260421164615_4d958e70mistral_final/models/classification__mid__tanishqdublish_text-classification-documentation__df_file.pkl,3.0,"['1:load_csv', '2:train_classification_model', '3:evaluate_classification_model']",,,,,,,,,,,,,,,,Mistral,,,medium,2.0
classification__mid__uciml_iris__Iris,classification__mid__uciml_iris__Iris.json,classification,Species,logistic,success,,,,,,30.0,3.0,,/home/joshua/Code/ai_projects/amalia/backend/data/uploads/datasets/classification/mid/uciml_iris/Iris.csv,/home/joshua/Code/ai_projects/amalia/data/batch_results/batch_20260421164615_4d958e70mistral_final/models/classification__mid__uciml_iris__Iris.pkl,2.0,"['1:encode_categorical', '2:train_classification_model']",classification,1.0,1.0,0.0,120.0,"['Id', 'SepalLengthCm', 'SepalWidthCm', 'PetalLengthCm', 'PetalWidthCm']",/home/joshua/Code/ai_projects/amalia/data/batch_results/batch_20260421164615_4d958e70mistral_final/models/classification__mid__uciml_iris__Iris.pkl,,,,,,,,,Mistral,,,medium,2.0
classification__mid__uciml_pima-indians-diabetes-database__diabetes,classification__mid__uciml_pima-indians-diabetes-database__diabetes.json,classification,Outcome,logistic,success,,0.7286586276034818,0.6947,0.5858,0.6587633065669009,768.0,2.0,True,/home/joshua/Code/ai_projects/amalia/backend/data/uploads/datasets/classification/mid/uciml_pima-indians-diabetes-database/diabetes.csv,/home/joshua/Code/ai_projects/amalia/data/batch_results/batch_20260421164615_4d958e70mistral_final/models/classification__mid__uciml_pima-indians-diabetes-database__diabetes.pkl,3.0,"['1:load_csv', '2:train_classification_model', '3:evaluate_classification_model']",,,,,,,,,,,,,,,,Mistral,,,medium,2.0
classification__mid__xhlulu_cpc-codes__titles,classification__mid__xhlulu_cpc-codes__titles.json,classification,class,logistic,failed,"Input X contains NaN.
LogisticRegression does not accept missing values encoded as NaN natively. For supervised learning, you might want to consider sklearn.ensemble.HistGradientBoostingClassifier and Regressor which accept missing values encoded as NaNs natively. Alternatively, it is possible to preprocess the data, for instance by using an imputer transformer in a pipeline or drop samples with missing values. See https://scikit-learn.org/stable/modules/impute.html You can find a list of all estimators that handle NaN values at the following page: https://scikit-learn.org/stable/modules/impute.html#estimators-that-handle-nan-values",,,,,,,,,,,,,,,,,,,,,,,,,,,Mistral,,,medium,2.0
classification__mid__yasserh_titanic-dataset__Titanic-Dataset,classification__mid__yasserh_titanic-dataset__Titanic-Dataset.json,classification,Survived,logistic,failed,"Input X contains NaN.
LogisticRegression does not accept missing values encoded as NaN natively. For supervised learning, you might want to consider sklearn.ensemble.HistGradientBoostingClassifier and Regressor which accept missing values encoded as NaNs natively. Alternatively, it is possible to preprocess the data, for instance by using an imputer transformer in a pipeline or drop samples with missing values. See https://scikit-learn.org/stable/modules/impute.html You can find a list of all estimators that handle NaN values at the following page: https://scikit-learn.org/stable/modules/impute.html#estimators-that-handle-nan-values",,,,,,,,,,,,,,,,,,,,,,,,,,,Mistral,,,medium,2.0
regression__easy__ganjerlawrence_mobile-phone-price-prediction-cleaned-dataset__Mobile-Price-Prediction-cleaned_data,regression__easy__ganjerlawrence_mobile-phone-price-prediction-cleaned-dataset__Mobile-Price-Prediction-cleaned_data.json,regression,Price,linear,success,,,,,,94.0,,,/home/joshua/Code/ai_projects/amalia/backend/data/uploads/datasets/regression/easy/ganjerlawrence_mobile-phone-price-prediction-cleaned-dataset/Mobile-Price-Prediction-cleaned_data.csv,/home/joshua/Code/ai_projects/amalia/data/batch_results/batch_20260421164615_4d958e70mistral_final/models/regression__easy__ganjerlawrence_mobile-phone-price-prediction-cleaned-dataset__Mobile-Price-Prediction-cleaned_data.pkl,1.0,['1:train_regression_model'],regression,,,0.1973,372.0,"['Ratings', 'RAM', 'ROM', 'Mobile_Size', 'Primary_Cam', 'Selfi_Cam', 'Battery_Power']",/home/joshua/Code/ai_projects/amalia/data/batch_results/batch_20260421164615_4d958e70mistral_final/models/regression__easy__ganjerlawrence_mobile-phone-price-prediction-cleaned-dataset__Mobile-Price-Prediction-cleaned_data.pkl,,,292205913.1856,17094.0315,8626.7143,,0.4831,0.2858,Mistral,,,easy,2.0
regression__easy__govindaramsriram_crop-yield-of-a-farm__crop_yield_data,regression__easy__govindaramsriram_crop-yield-of-a-farm__crop_yield_data.json,regression,crop_yield,linear,success,,,,,,3000.0,,,/home/joshua/Code/ai_projects/amalia/backend/data/uploads/datasets/regression/easy/govindaramsriram_crop-yield-of-a-farm/crop_yield_data.csv,/home/joshua/Code/ai_projects/amalia/data/batch_results/batch_20260421164615_4d958e70mistral_final/models/regression__easy__govindaramsriram_crop-yield-of-a-farm__crop_yield_data.pkl,3.0,"['1:load_csv', '2:train_regression_model', '3:evaluate_regression_model']",,,,,,,,,0.9938350709510636,0.085,0.2915,0.2518,0.1015,,,Mistral,,,easy,2.0
regression__easy__nalisha_numerical-feature-based-target-prediction-using-ml__practice_dataset,regression__easy__nalisha_numerical-feature-based-target-prediction-using-ml__practice_dataset.json,regression,target,linear,success,,,,,,10000.0,,,/home/joshua/Code/ai_projects/amalia/backend/data/uploads/datasets/regression/easy/nalisha_numerical-feature-based-target-prediction-using-ml/practice_dataset.csv,/home/joshua/Code/ai_projects/amalia/data/batch_results/batch_20260421164615_4d958e70mistral_final/models/regression__easy__nalisha_numerical-feature-based-target-prediction-using-ml__practice_dataset.pkl,3.0,"['1:load_csv', '2:train_regression_model', '3:evaluate_regression_model']",,,,,,,,,0.5358335956200292,2503.812,50.0381,41.4775,260.3718,,,Mistral,,,easy,2.0
regression__easy__quantbruce_real-estate-price-prediction__Real estate,regression__easy__quantbruce_real-estate-price-prediction__Real estate.json,regression,Y house price of unit area,linear,success,,,,,,83.0,,,/home/joshua/Code/ai_projects/amalia/backend/data/uploads/datasets/regression/easy/quantbruce_real-estate-price-prediction/Real estate.csv,/home/joshua/Code/ai_projects/amalia/backend/models/regression_model.pkl,2.0,"['1:load_csv', '2:train_regression_model']",regression,,,-0.1165,331.0,"['No', 'X1 transaction date', 'X2 house age', 'X3 distance to the nearest MRT station', 'X4 number of convenience stores', 'X5 latitude', 'X6 longitude']",/home/joshua/Code/ai_projects/amalia/backend/models/regression_model.pkl,,,57.7124,7.5969,5.4899,,0.5593,0.6758,Mistral,,,easy,2.0
regression__easy__ranitsarkar01_porter-delivery-time-estimation__dataset,regression__easy__ranitsarkar01_porter-delivery-time-estimation__dataset.json,regression,total_outstanding_orders,linear,failed,"Input X contains NaN.
LinearRegression does not accept missing values encoded as NaN natively. For supervised learning, you might want to consider sklearn.ensemble.HistGradientBoostingClassifier and Regressor which accept missing values encoded as NaNs natively. Alternatively, it is possible to preprocess the data, for instance by using an imputer transformer in a pipeline or drop samples with missing values. See https://scikit-learn.org/stable/modules/impute.html You can find a list of all estimators that handle NaN values at the following page: https://scikit-learn.org/stable/modules/impute.html#estimators-that-handle-nan-values",,,,,,,,,,,,,,,,,,,,,,,,,,,Mistral,,,easy,2.0
regression__easy__sakshisatre_the-boston-housing-dataset__Boston (1),regression__easy__sakshisatre_the-boston-housing-dataset__Boston (1).json,regression,MEDV,linear,success,,,,,,506.0,,,/home/joshua/Code/ai_projects/amalia/backend/data/uploads/datasets/regression/easy/sakshisatre_the-boston-housing-dataset/Boston (1).csv,/home/joshua/Code/ai_projects/amalia/data/batch_results/batch_20260421164615_4d958e70mistral_final/models/regression__easy__sakshisatre_the-boston-housing-dataset__Boston (1).pkl,3.0,"['1:load_csv', '2:train_regression_model', '3:evaluate_regression_model']",,,,,,,,,0.8173100613996662,22.0407,4.6947,3.2988,16.6655,,,Mistral,,,easy,2.0
regression__easy__thedevastator_age-prediction-for-individuals-using-multi-omic__test_rows,regression__easy__thedevastator_age-prediction-for-individuals-using-multi-omic__test_rows.json,regression,KLF14_2,linear,success,,,,,,104.0,,,/home/joshua/Code/ai_projects/amalia/backend/data/uploads/datasets/regression/easy/thedevastator_age-prediction-for-individuals-using-multi-omic/test_rows.csv,/home/joshua/Code/ai_projects/amalia/data/batch_results/batch_20260421164615_4d958e70mistral_final/models/regression__easy__thedevastator_age-prediction-for-individuals-using-multi-omic__test_rows.pkl,3.0,"['1:load_csv', '2:train_regression_model', '3:evaluate_regression_model']",,,,,,,,,0.5214826013997161,1.953,1.3975,1.0866,52.356,,,Mistral,,,easy,2.0
regression__easy__zubairdhuddi_linear-regression__test,regression__easy__zubairdhuddi_linear-regression__test.json,regression,y,linear,success,,,,,,60.0,,,/home/joshua/Code/ai_projects/amalia/backend/data/uploads/datasets/regression/easy/zubairdhuddi_linear-regression/test.csv,/home/joshua/Code/ai_projects/amalia/backend/models/linear_regression_test_model.pkl,1.0,['1:train_regression_model'],regression,,,-0.0019,240.0,['x'],/home/joshua/Code/ai_projects/amalia/backend/models/linear_regression_test_model.pkl,,,7.9614,2.8216,2.1583,,0.9887,0.9906,Mistral,,,easy,2.0
regression__hard__anujsaha0123456789_house-prices-cleaned-dataset-for-regression-ml__house_prices_cleaned,regression__hard__anujsaha0123456789_house-prices-cleaned-dataset-for-regression-ml__house_prices_cleaned.json,regression,SalePrice,svr,success,,,,,,1460.0,,,/home/joshua/Code/ai_projects/amalia/backend/data/uploads/datasets/regression/hard/anujsaha0123456789_house-prices-cleaned-dataset-for-regression-ml/house_prices_cleaned.csv,/home/joshua/Code/ai_projects/amalia/data/batch_results/batch_20260421164615_4d958e70mistral_final/models/regression__hard__anujsaha0123456789_house-prices-cleaned-dataset-for-regression-ml__house_prices_cleaned.pkl,3.0,"['1:load_csv', '2:train_regression_model', '3:evaluate_regression_model']",,,,,,,,,-0.0580837467941045,6557949939.5246,80981.1703,55540.0192,32.1043,,,Mistral,,,hard,2.0
regression__hard__bharatsahu_house-price-prediction-dataset-insurancehub-usa__House_price_multifeatures,regression__hard__bharatsahu_house-price-prediction-dataset-insurancehub-usa__House_price_multifeatures.json,classification,TTTerritory,decision_tree,failed,Input contains NaN,,,,,,,,,,,,,,,,,,,,,,,,,,,Mistral,,,hard,2.0
regression__hard__bjaton_housepricesadvancedregressiontechniquestrain__train,regression__hard__bjaton_housepricesadvancedregressiontechniquestrain__train.json,regression,SalePrice,ridge,failed,"Input X contains NaN.
Ridge does not accept missing values encoded as NaN natively. For supervised learning, you might want to consider sklearn.ensemble.HistGradientBoostingClassifier and Regressor which accept missing values encoded as NaNs natively. Alternatively, it is possible to preprocess the data, for instance by using an imputer transformer in a pipeline or drop samples with missing values. See https://scikit-learn.org/stable/modules/impute.html You can find a list of all estimators that handle NaN values at the following page: https://scikit-learn.org/stable/modules/impute.html#estimators-that-handle-nan-values",,,,,,,,,,,,,,,,,,,,,,,,,,,Mistral,,,hard,2.0
regression__hard__bobnau_daily-website-visitors__daily-website-visitors,regression__hard__bobnau_daily-website-visitors__daily-website-visitors.json,regression,Returning.Visits,linear,failed,"could not convert string to float: '1,036'",,,,,,,,,,,,,,,,,,,,,,,,,,,Mistral,,,hard,2.0
regression__hard__deepcontractor_car-price-prediction-challenge__car_price_prediction,regression__hard__deepcontractor_car-price-prediction-challenge__car_price_prediction.json,regression,Price,random_forest,success,,,,,,19237.0,,,/home/joshua/Code/ai_projects/amalia/backend/data/uploads/datasets/regression/hard/deepcontractor_car-price-prediction-challenge/car_price_prediction_preprocessed.csv,/home/joshua/Code/ai_projects/amalia/backend/models/car_price_prediction_model.pkl,4.0,"['1:handle_missing_values', '1:encode_categorical', '2:train_regression_model', '3:evaluate_regression_model']",,,,,,,,,0.7877881853164286,7306327215.1562,85477.0567,3065.5139,628.093,,,Mistral,,,hard,2.0
regression__hard__kanchana1990_colorado-real-estate-market-2026__colorado_real_estate_2026,regression__hard__kanchana1990_colorado-real-estate-market-2026__colorado_real_estate_2026.json,regression,garage,linear,failed,"Input X contains NaN.
LinearRegression does not accept missing values encoded as NaN natively. For supervised learning, you might want to consider sklearn.ensemble.HistGradientBoostingClassifier and Regressor which accept missing values encoded as NaNs natively. Alternatively, it is possible to preprocess the data, for instance by using an imputer transformer in a pipeline or drop samples with missing values. See https://scikit-learn.org/stable/modules/impute.html You can find a list of all estimators that handle NaN values at the following page: https://scikit-learn.org/stable/modules/impute.html#estimators-that-handle-nan-values",,,,,,,,,,,,,,,,,,,,,,,,,,,Mistral,,,hard,2.0
regression__hard__milanvaddoriya_old-car-price-prediction__car_price,regression__hard__milanvaddoriya_old-car-price-prediction__car_price.json,regression,,,failed,get_column_info: Column 'None' not found,,,,,,,,,,,,,,,,,,,,,,,,,,,Mistral,,,hard,2.0
regression__hard__spittman1248_cdc-data-nutrition-physical-activity-obesity__Nutrition__Physical_Activity__and_Obesity_-_Behavioral_Risk_Factor_Surveillance_System,regression__hard__spittman1248_cdc-data-nutrition-physical-activity-obesity__Nutrition__Physical_Activity__and_Obesity_-_Behavioral_Risk_Factor_Surveillance_System.json,classification,Class,naive_bayes,failed,"Input X contains NaN.
GaussianNB does not accept missing values encoded as NaN natively. For supervised learning, you might want to consider sklearn.ensemble.HistGradientBoostingClassifier and Regressor which accept missing values encoded as NaNs natively. Alternatively, it is possible to preprocess the data, for instance by using an imputer transformer in a pipeline or drop samples with missing values. See https://scikit-learn.org/stable/modules/impute.html You can find a list of all estimators that handle NaN values at the following page: https://scikit-learn.org/stable/modules/impute.html#estimators-that-handle-nan-values",,,,,,,,,,,,,,,,,,,,,,,,,,,Mistral,,,hard,2.0
regression__hard__taweilo_mba-admission-dataset__MBA,regression__hard__taweilo_mba-admission-dataset__MBA.json,regression,gpa,linear,success,,,,,,692.0,,,/home/joshua/Code/ai_projects/amalia/backend/data/uploads/datasets/regression/hard/taweilo_mba-admission-dataset/MBA_processed.csv,/home/joshua/Code/ai_projects/amalia/backend/models/regression_linear_MBA.joblib,3.0,"['1:handle_missing_values', '2:train_regression_model', '3:evaluate_regression_model']",,,,,,,,,0.2669903869414367,0.0108,0.1038,0.0833,2.4765,,,Mistral,,,hard,2.0
regression__hard__valakhorasani_tehran-house-prices-dataset__TehranHouse,regression__hard__valakhorasani_tehran-house-prices-dataset__TehranHouse.json,regression,Price(USD),linear,success,,,,,,3479.0,,,/home/joshua/Code/ai_projects/amalia/backend/data/uploads/datasets/regression/hard/valakhorasani_tehran-house-prices-dataset/TehranHouse.csv,/home/joshua/Code/ai_projects/amalia/data/batch_results/batch_20260421164615_4d958e70mistral_final/models/regression__hard__valakhorasani_tehran-house-prices-dataset__TehranHouse.pkl,3.0,"['1:load_csv', '2:train_regression_model', '3:evaluate_regression_model']",,,,,,,,,0.9785819081864714,0.0,0.0026,0.0021,0.0,,,Mistral,,,hard,2.0
regression__mid__CooperUnion_cardataset__data,regression__mid__CooperUnion_cardataset__data.json,regression,MSRP,linear,failed,"Input X contains NaN.
LinearRegression does not accept missing values encoded as NaN natively. For supervised learning, you might want to consider sklearn.ensemble.HistGradientBoostingClassifier and Regressor which accept missing values encoded as NaNs natively. Alternatively, it is possible to preprocess the data, for instance by using an imputer transformer in a pipeline or drop samples with missing values. See https://scikit-learn.org/stable/modules/impute.html You can find a list of all estimators that handle NaN values at the following page: https://scikit-learn.org/stable/modules/impute.html#estimators-that-handle-nan-values",,,,,,,,,,,,,,,,,,,,,,,,,,,Mistral,,,medium,2.0
regression__mid__alamshihab075_health-and-lifestyle-data-for-diabetes-prediction__Diabetes_and_LifeStyle_Dataset ,regression__mid__alamshihab075_health-and-lifestyle-data-for-diabetes-prediction__Diabetes_and_LifeStyle_Dataset .json,regression,diagnosed_diabetes,ridge,success,,,,,,97297.0,,,/home/joshua/Code/ai_projects/amalia/backend/data/uploads/datasets/regression/mid/alamshihab075_health-and-lifestyle-data-for-diabetes-prediction/Diabetes_and_LifeStyle_Dataset .csv,/home/joshua/Code/ai_projects/amalia/data/batch_results/batch_20260421164615_4d958e70mistral_final/models/regression__mid__alamshihab075_health-and-lifestyle-data-for-diabetes-prediction__Diabetes_and_LifeStyle_Dataset .pkl,3.0,"['1:load_csv', '2:train_regression_model', '3:evaluate_regression_model']",,,,,,,,,0.8858317763572258,0.0186,0.1363,0.0805,,,,Mistral,,,medium,2.0
regression__mid__camnugent_california-housing-prices__housing,regression__mid__camnugent_california-housing-prices__housing.json,regression,median_house_value,linear,failed,"Input X contains NaN.
LinearRegression does not accept missing values encoded as NaN natively. For supervised learning, you might want to consider sklearn.ensemble.HistGradientBoostingClassifier and Regressor which accept missing values encoded as NaNs natively. Alternatively, it is possible to preprocess the data, for instance by using an imputer transformer in a pipeline or drop samples with missing values. See https://scikit-learn.org/stable/modules/impute.html You can find a list of all estimators that handle NaN values at the following page: https://scikit-learn.org/stable/modules/impute.html#estimators-that-handle-nan-values",,,,,,,,,,,,,,,,,,,,,,,,,,,Mistral,,,medium,2.0
regression__mid__harlfoxem_housesalesprediction__kc_house_data,regression__mid__harlfoxem_housesalesprediction__kc_house_data.json,regression,,,failed,can't multiply sequence by non-int of type 'numpy.float64',,,,,,,,,,,,,,,,,,,,,,,,,,,Mistral,,,medium,2.0
regression__mid__hrokrin_the-largest-diamond-dataset-currely-on-kaggle__diamonds,regression__mid__hrokrin_the-largest-diamond-dataset-currely-on-kaggle__diamonds.json,classification,total_sales_price,naive_bayes,success,,0.5514943616769634,0.6016,0.5443,0.5201965832976402,219703.0,22202.0,False,/home/joshua/Code/ai_projects/amalia/backend/data/uploads/datasets/regression/mid/hrokrin_the-largest-diamond-dataset-currely-on-kaggle/diamonds.csv,/home/joshua/Code/ai_projects/amalia/data/batch_results/batch_20260421164615_4d958e70mistral_final/models/regression__mid__hrokrin_the-largest-diamond-dataset-currely-on-kaggle__diamonds.pkl,3.0,"['1:load_csv', '2:train_classification_model', '3:evaluate_classification_model']",,,,,,,,,,,,,,,,Mistral,,,medium,2.0
regression__mid__lorenzozoppelletto_financial-risk-for-loan-approval__Loan,regression__mid__lorenzozoppelletto_financial-risk-for-loan-approval__Loan.json,regression,RiskScore,ridge,success,,,,,,20000.0,,,/home/joshua/Code/ai_projects/amalia/backend/data/uploads/datasets/regression/mid/lorenzozoppelletto_financial-risk-for-loan-approval/Loan.csv,/home/joshua/Code/ai_projects/amalia/data/batch_results/batch_20260421164615_4d958e70mistral_final/models/regression__mid__lorenzozoppelletto_financial-risk-for-loan-approval__Loan.pkl,3.0,"['1:load_csv', '2:train_regression_model', '3:evaluate_regression_model']",,,,,,,,,0.9436204986599428,3.7993,1.9492,1.5056,3.0474,,,Mistral,,,medium,2.0
regression__mid__mirichoi0218_insurance__insurance,regression__mid__mirichoi0218_insurance__insurance.json,regression,charges,gradient_boosting,success,,,,,,1338.0,,,/home/joshua/Code/ai_projects/amalia/backend/data/uploads/datasets/regression/mid/mirichoi0218_insurance/insurance.csv,/home/joshua/Code/ai_projects/amalia/backend/models/regression_model.pkl,4.0,"['1:load_csv', '1:infer_data_types', '2:train_regression_model', '3:evaluate_regression_model']",,,,,,,,,0.8346811810879026,14829860.2228,3850.9558,2162.0931,26.6765,,,Mistral,,,medium,2.0
regression__mid__ranitsarkar01_porter-delivery-time-estimation__dataset,regression__mid__ranitsarkar01_porter-delivery-time-estimation__dataset.json,regression,,,failed,filter_rows: Unknown condition: notnull,,,,,,,,,,,,,,,,,,,,,,,,,,,Mistral,,,medium,2.0
regression__mid__rupals_gpu-runtime__sgemm_product,regression__mid__rupals_gpu-runtime__sgemm_product.json,regression,,,failed,get_column_info: Column 'None' not found,,,,,,,,,,,,,,,,,,,,,,,,,,,Mistral,,,medium,2.0
regression__mid__yasserh_uber-fares-dataset__uber,regression__mid__yasserh_uber-fares-dataset__uber.json,regression,,,failed,get_column_info: Column 'None' not found,,,,,,,,,,,,,,,,,,,,,,,,,,,Mistral,,,medium,2.0
classification__easy__abhishek14398_heart-disease-classification__heart,classification__easy__abhishek14398_heart-disease-classification__heart.json,classification,target,logistic,success,,0.8746396958234217,0.8531,0.9152,0.8464142181624973,303.0,2.0,True,/home/joshua/Code/ai_projects/amalia/backend/data/uploads/datasets/classification/easy/abhishek14398_heart-disease-classification/heart.csv,/home/joshua/Code/ai_projects/amalia/data/batch_results/batch_20260421164615_4d958e70mistral_final/models/classification__easy__abhishek14398_heart-disease-classification__heart.pkl,3.0,"['1:load_csv', '2:train_classification_model', '3:evaluate_classification_model']",,,,,,,,,,,,,,,,Mistral,,,easy,3.0
classification__easy__brsahan_genomic-data-for-cancer__gene_expression,classification__easy__brsahan_genomic-data-for-cancer__gene_expression.json,classification,Cancer Present,logistic,success,,,,,,600.0,2.0,,/home/joshua/Code/ai_projects/amalia/backend/data/uploads/datasets/classification/easy/brsahan_genomic-data-for-cancer/gene_expression.csv,/home/joshua/Code/ai_projects/amalia/data/batch_results/batch_20260421164615_4d958e70mistral_final/models/classification__easy__brsahan_genomic-data-for-cancer__gene_expression.pkl,4.0,"['1:load_csv', '1:validate_csv_structure', '1:detect_duplicates', '2:train_classification_model']",classification,0.8542,0.8667,-0.0125,2400.0,"['Gene One', 'Gene Two']",/home/joshua/Code/ai_projects/amalia/data/batch_results/batch_20260421164615_4d958e70mistral_final/models/classification__easy__brsahan_genomic-data-for-cancer__gene_expression.pkl,,,,,,,,,Mistral,,,easy,3.0
classification__easy__fedesoriano_stellar-classification-dataset-sdss17__star_classification,classification__easy__fedesoriano_stellar-classification-dataset-sdss17__star_classification.json,classification,,,failed,get_column_info: Column 'None' not found,,,,,,,,,,,,,,,,,,,,,,,,,,,Mistral,,,easy,3.0
classification__easy__himanshunakrani_naive-bayes-classification-data__Naive-Bayes-Classification-Data,classification__easy__himanshunakrani_naive-bayes-classification-data__Naive-Bayes-Classification-Data.json,classification,diabetes,naive_bayes,success,,,,,,199.0,2.0,,/home/joshua/Code/ai_projects/amalia/backend/data/uploads/datasets/classification/easy/himanshunakrani_naive-bayes-classification-data/Naive-Bayes-Classification-Data.csv,/home/joshua/Code/ai_projects/amalia/data/batch_results/batch_20260421164615_4d958e70mistral_final/models/classification__easy__himanshunakrani_naive-bayes-classification-data__Naive-Bayes-Classification-Data.pkl,3.0,"['1:load_csv', '2:remove_duplicates', '3:train_classification_model']",classification,0.9347,0.9296,0.005,796.0,"['glucose', 'bloodpressure']",/home/joshua/Code/ai_projects/amalia/data/batch_results/batch_20260421164615_4d958e70mistral_final/models/classification__easy__himanshunakrani_naive-bayes-classification-data__Naive-Bayes-Classification-Data.pkl,,,,,,,,,Mistral,,,easy,3.0
classification__easy__mahmoudshaheen1134_heart-disease-data__heart disease,classification__easy__mahmoudshaheen1134_heart-disease-data__heart disease.json,classification,target,logistic,success,,0.899028563118724,0.8531,0.9173,0.8945378029749632,242.0,2.0,True,/home/joshua/Code/ai_projects/amalia/backend/data/uploads/heart disease_train.csv,/home/joshua/Code/ai_projects/amalia/backend/models/heart_disease_model.pkl,5.0,"['1:load_csv', '2:validate_csv_structure', '3:split_dataset', '4:train_classification_model', '5:evaluate_classification_model']",,,,,,,,,,,,,,,,Mistral,,,easy,3.0
classification__easy__priyanshusethi_happiness-classification-dataset__happydata,classification__easy__priyanshusethi_happiness-classification-dataset__happydata.json,classification,,,failed,get_column_info: Column 'None' not found,,,,,,,,,,,,,,,,,,,,,,,,,,,Mistral,,,easy,3.0
classification__easy__ritwikb3_heart-disease-cleveland__Heart_disease_cleveland_new,classification__easy__ritwikb3_heart-disease-cleveland__Heart_disease_cleveland_new.json,classification,,,success,,,,,,,,,/home/joshua/Code/ai_projects/amalia/backend/data/uploads/datasets/classification/easy/ritwikb3_heart-disease-cleveland/Heart_disease_cleveland_new.csv,,0.0,[],,,,,,,,,,,,,,,,Mistral,,,easy,3.0
classification__easy__ritwikb3_heart-disease-statlog__Heart_disease_statlog,classification__easy__ritwikb3_heart-disease-statlog__Heart_disease_statlog.json,classification,target,logistic,success,,0.8682783948734842,0.8661,0.8083,0.841085779851794,270.0,2.0,True,/home/joshua/Code/ai_projects/amalia/backend/data/uploads/datasets/classification/easy/ritwikb3_heart-disease-statlog/Heart_disease_statlog.csv,/home/joshua/Code/ai_projects/amalia/data/batch_results/batch_20260421164615_4d958e70mistral_final/models/classification__easy__ritwikb3_heart-disease-statlog__Heart_disease_statlog.pkl,3.0,"['1:load_csv', '2:train_classification_model', '3:evaluate_classification_model']",,,,,,,,,,,,,,,,Mistral,,,easy,3.0
classification__easy__robikscube_eye-state-classification-eeg-dataset__EEG_Eye_State_Classification,classification__easy__robikscube_eye-state-classification-eeg-dataset__EEG_Eye_State_Classification.json,classification,eyeDetection,logistic,success,,0.6009338488140668,0.6417,0.4651,0.556970935076149,14980.0,2.0,True,/home/joshua/Code/ai_projects/amalia/backend/data/uploads/datasets/classification/easy/robikscube_eye-state-classification-eeg-dataset/EEG_Eye_State_Classification.csv,/home/joshua/Code/ai_projects/amalia/data/batch_results/batch_20260421164615_4d958e70mistral_final/models/classification__easy__robikscube_eye-state-classification-eeg-dataset__EEG_Eye_State_Classification.pkl,3.0,"['1:load_csv', '2:train_classification_model', '3:evaluate_classification_model']",,,,,,,,,,,,,,,,Mistral,,,easy,3.0
classification__easy__uciml_glass__glass,classification__easy__uciml_glass__glass.json,classification,Type,logistic,failed,,,0.6124,0.6542,,214.0,6.0,False,/home/joshua/Code/ai_projects/amalia/backend/data/uploads/datasets/classification/easy/uciml_glass/glass.csv,/home/joshua/Code/ai_projects/amalia/data/batch_results/batch_20260421164615_4d958e70mistral_final/models/classification__easy__uciml_glass__glass.pkl,3.0,"['1:load_csv', '2:train_classification_model', '3:evaluate_classification_model']",,,,,,,,,,,,,,,,Mistral,,,easy,3.0
classification__easy__yasserh_heart-disease-dataset__heart,classification__easy__yasserh_heart-disease-dataset__heart.json,classification,target,logistic,success,,0.8425659787497783,0.8531,0.9152,0.9089305100818318,303.0,2.0,True,/home/joshua/Code/ai_projects/amalia/backend/data/uploads/datasets/classification/easy/yasserh_heart-disease-dataset/heart.csv,/home/joshua/Code/ai_projects/amalia/data/batch_results/batch_20260421164615_4d958e70mistral_final/models/classification__easy__yasserh_heart-disease-dataset__heart.pkl,3.0,"['1:load_csv', '2:train_classification_model', '3:evaluate_classification_model']",,,,,,,,,,,,,,,,Mistral,,,easy,3.0
classification__easy__yasserh_wine-quality-dataset__WineQT,classification__easy__yasserh_wine-quality-dataset__WineQT.json,classification,,,failed,Workflow has no executable steps,,,,,,,,,,,,,,,,,,,,,,,,,,,Mistral,,,easy,3.0
classification__hard__abhishek14398_loan-dataset__loan,classification__hard__abhishek14398_loan-dataset__loan.json,classification,total_il_high_credit_limit,naive_bayes,failed,Input y contains NaN.,,,,,,,,,,,,,,,,,,,,,,,,,,,Mistral,,,hard,3.0
classification__hard__andrewmvd_cyberbullying-classification__cyberbullying_tweets,classification__hard__andrewmvd_cyberbullying-classification__cyberbullying_tweets.json,classification,cyberbullying_type,logistic,success,,0.8893203659042029,0.8949,0.8899,0.8873437463751136,47692.0,6.0,False,/home/joshua/Code/ai_projects/amalia/backend/data/uploads/datasets/classification/hard/andrewmvd_cyberbullying-classification/cyberbullying_tweets.csv,/home/joshua/Code/ai_projects/amalia/data/batch_results/batch_20260421164615_4d958e70mistral_final/models/classification__hard__andrewmvd_cyberbullying-classification__cyberbullying_tweets.pkl,3.0,"['1:load_csv', '2:train_classification_model', '3:evaluate_classification_model']",,,,,,,,,,,,,,,,Mistral,,,hard,3.0
classification__hard__balaka18_email-spam-classification-dataset-csv__emails,classification__hard__balaka18_email-spam-classification-dataset-csv__emails.json,classification,target,svm,success,,0.9659031318459872,0.9743,0.987,0.9697709286254002,5172.0,7.0,False,/home/joshua/Code/ai_projects/amalia/backend/data/uploads/datasets/classification/hard/balaka18_email-spam-classification-dataset-csv/emails.csv,/home/joshua/Code/ai_projects/amalia/data/batch_results/batch_20260421164615_4d958e70mistral_final/models/classification__hard__balaka18_email-spam-classification-dataset-csv__emails.pkl,3.0,"['1:load_csv', '2:train_classification_model', '3:evaluate_classification_model']",,,,,,,,,,,,,,,,Mistral,,,hard,3.0
classification__hard__ddosad_ecommerce-customer-service-satisfaction__Customer_support_data,classification__hard__ddosad_ecommerce-customer-service-satisfaction__Customer_support_data.json,classification,CSAT Score,logistic,failed,"Input X contains NaN.
LogisticRegression does not accept missing values encoded as NaN natively. For supervised learning, you might want to consider sklearn.ensemble.HistGradientBoostingClassifier and Regressor which accept missing values encoded as NaNs natively. Alternatively, it is possible to preprocess the data, for instance by using an imputer transformer in a pipeline or drop samples with missing values. See https://scikit-learn.org/stable/modules/impute.html You can find a list of all estimators that handle NaN values at the following page: https://scikit-learn.org/stable/modules/impute.html#estimators-that-handle-nan-values",,,,,,,,,,,,,,,,,,,,,,,,,,,Mistral,,,hard,3.0
classification__hard__hetulmehta_website-classification__website_classification,classification__hard__hetulmehta_website-classification__website_classification.json,classification,Category,logistic,success,,0.5717140215369806,0.6073,0.5682,0.5345258350021594,1408.0,16.0,False,/home/joshua/Code/ai_projects/amalia/backend/data/uploads/datasets/classification/hard/hetulmehta_website-classification/website_classification.csv,/home/joshua/Code/ai_projects/amalia/data/batch_results/batch_20260421164615_4d958e70mistral_final/models/classification__hard__hetulmehta_website-classification__website_classification.pkl,3.0,"['1:load_csv', '2:train_classification_model', '3:evaluate_classification_model']",,,,,,,,,,,,,,,,Mistral,,,hard,3.0
classification__hard__jocelyndumlao_consumer-review-of-clothing-product__Consumer Review of Clothing Product__data_amazon.xlsx - Sheet1,classification__hard__jocelyndumlao_consumer-review-of-clothing-product__Consumer Review of Clothing Product__data_amazon.xlsx - Sheet1.json,classification,Durability,gradient_boosting,failed,"Input X contains NaN.
GradientBoostingClassifier does not accept missing values encoded as NaN natively. For supervised learning, you might want to consider sklearn.ensemble.HistGradientBoostingClassifier and Regressor which accept missing values encoded as NaNs natively. Alternatively, it is possible to preprocess the data, for instance by using an imputer transformer in a pipeline or drop samples with missing values. See https://scikit-learn.org/stable/modules/impute.html You can find a list of all estimators that handle NaN values at the following page: https://scikit-learn.org/stable/modules/impute.html#estimators-that-handle-nan-values",,,,,,,,,,,,,,,,,,,,,,,,,,,Mistral,,,hard,3.0
classification__hard__pashupatigupta_emotion-detection-from-text__tweet_emotions,classification__hard__pashupatigupta_emotion-detection-from-text__tweet_emotions.json,classification,,,failed,"random_state must be an integer, array-like, a BitGenerator, Generator, a numpy RandomState, or None",,,,,,,,,,,,,,,,,,,,,,,,,,,Mistral,,,hard,3.0
classification__hard__prox37_twitter-multilabel-classification-dataset__mLabel_tweets,classification__hard__prox37_twitter-multilabel-classification-dataset__mLabel_tweets.json,classification,labels,logistic,success,,,,,,1985.0,288.0,,/home/joshua/Code/ai_projects/amalia/backend/data/uploads/datasets/classification/hard/prox37_twitter-multilabel-classification-dataset/mLabel_tweets.csv,/home/joshua/Code/ai_projects/amalia/data/batch_results/batch_20260421164615_4d958e70mistral_final/models/classification__hard__prox37_twitter-multilabel-classification-dataset__mLabel_tweets.pkl,2.0,"['1:encode_categorical', '2:train_classification_model']",classification,0.2906,0.2907,-0.0001,7936.0,"['ID', 'tweet']",/home/joshua/Code/ai_projects/amalia/data/batch_results/batch_20260421164615_4d958e70mistral_final/models/classification__hard__prox37_twitter-multilabel-classification-dataset__mLabel_tweets.pkl,,,,,,,,,Mistral,,,hard,3.0
classification__hard__saurabhshahane_ecommerce-text-classification__ecommerceDataset,classification__hard__saurabhshahane_ecommerce-text-classification__ecommerceDataset.json,classification,"Paper Plane Design Framed Wall Hanging Motivational Office Decor Art Prints (8.7 X 8.7 inch) - Set of 4 Painting made up in synthetic frame with uv textured print which gives multi effects and attracts towards it. This is an special series of paintings which makes your wall very beautiful and gives a royal touch. This painting is ready to hang, you would be proud to possess this unique painting that is a niche apart. We use only the most modern and efficient printing technology on our prints, with only the and inks and precision epson, roland and hp printers. This innovative hd printing technique results in durable and spectacular looking prints of the highest that last a lifetime. We print solely with top-notch 100% inks, to achieve brilliant and true colours. Due to their high level of uv resistance, our prints retain their beautiful colours for many years. Add colour and style to your living space with this digitally printed painting. Some are for pleasure and some for eternal bliss.so bring home this elegant print that is lushed with rich colors that makes it nothing but sheer elegance to be to your friends and family.it would be treasured forever by whoever your lucky recipient is. Liven up your place with these intriguing paintings that are high definition hd graphic digital prints for home, office or any room.",logistic,failed,Input contains NaN,,,,,,,,,,,,,,,,,,,,,,,,,,,Mistral,,,hard,3.0
classification__hard__shivamb_spam-url-prediction__url_spam_classification,classification__hard__shivamb_spam-url-prediction__url_spam_classification.json,classification,is_spam,logistic,failed,,,0.6732,0.7047,,148303.0,2.0,True,/home/joshua/Code/ai_projects/amalia/backend/data/uploads/datasets/classification/hard/shivamb_spam-url-prediction/url_spam_classification.csv,/home/joshua/Code/ai_projects/amalia/data/batch_results/batch_20260421164615_4d958e70mistral_final/models/classification__hard__shivamb_spam-url-prediction__url_spam_classification.pkl,3.0,"['1:load_csv', '2:train_classification_model', '3:evaluate_classification_model']",,,,,,,,,,,,,,,,Mistral,,,hard,3.0
classification__mid__andrewmvd_cyberbullying-classification__cyberbullying_tweets,classification__mid__andrewmvd_cyberbullying-classification__cyberbullying_tweets.json,classification,cyberbullying_type,logistic,failed,,,0.8949,0.8899,,47692.0,6.0,False,/home/joshua/Code/ai_projects/amalia/backend/data/uploads/datasets/classification/mid/andrewmvd_cyberbullying-classification/cyberbullying_tweets.csv,/home/joshua/Code/ai_projects/amalia/data/batch_results/batch_20260421164615_4d958e70mistral_final/models/classification__mid__andrewmvd_cyberbullying-classification__cyberbullying_tweets.pkl,4.0,"['1:load_csv', '2:get_basic_stats', '3:train_classification_model', '4:evaluate_classification_model']",,,,,,,,,,,,,,,,Mistral,,,medium,3.0
classification__mid__christianlillelund_csgo-round-winner-classification__csgo_round_snapshots,classification__mid__christianlillelund_csgo-round-winner-classification__csgo_round_snapshots.json,classification,round_winner,decision_tree,failed,"pos_label=1 is not a valid label. It should be one of ['CT', 'T']",,,,,,,,,,,,,,,,,,,,,,,,,,,Mistral,,,medium,3.0
classification__mid__fedesoriano_heart-failure-prediction__heart,classification__mid__fedesoriano_heart-failure-prediction__heart.json,classification,HeartDisease,logistic,success,,0.8546626315652444,0.8672,0.874,0.8906789549437597,918.0,2.0,True,/home/joshua/Code/ai_projects/amalia/backend/data/uploads/datasets/classification/mid/fedesoriano_heart-failure-prediction/heart.csv,/home/joshua/Code/ai_projects/amalia/data/batch_results/batch_20260421164615_4d958e70mistral_final/models/classification__mid__fedesoriano_heart-failure-prediction__heart.pkl,3.0,"['1:load_csv', '2:train_classification_model', '3:evaluate_classification_model']",,,,,,,,,,,,,,,,Mistral,,,medium,3.0
classification__mid__fedesoriano_stellar-classification-dataset-sdss17__star_classification,classification__mid__fedesoriano_stellar-classification-dataset-sdss17__star_classification.json,classification,,,failed,"random_state must be an integer, array-like, a BitGenerator, Generator, a numpy RandomState, or None",,,,,,,,,,,,,,,,,,,,,,,,,,,Mistral,,,medium,3.0
classification__mid__nimapourmoradi_dry-bean-dataset-classification__Dry_Bean_Dataset,classification__mid__nimapourmoradi_dry-bean-dataset-classification__Dry_Bean_Dataset.json,classification,Class,logistic,success,,,,,,2723.0,7.0,,/home/joshua/Code/ai_projects/amalia/backend/data/uploads/datasets/classification/mid/nimapourmoradi_dry-bean-dataset-classification/Dry_Bean_Dataset.csv,/home/joshua/Code/ai_projects/amalia/data/batch_results/batch_20260421164615_4d958e70mistral_final/models/classification__mid__nimapourmoradi_dry-bean-dataset-classification__Dry_Bean_Dataset.pkl,3.0,"['1:load_csv', '2:get_basic_stats', '3:train_classification_model']",classification,0.8803,0.8707,0.0096,10888.0,"['Area', 'Perimeter', 'MajorAxisLength', 'MinorAxisLength', 'AspectRation', 'Eccentricity', 'ConvexArea', 'EquivDiameter', 'Extent', 'Solidity', 'roundness', 'Compactness', 'ShapeFactor1', 'ShapeFactor2', 'ShapeFactor3', 'ShapeFactor4']",/home/joshua/Code/ai_projects/amalia/data/batch_results/batch_20260421164615_4d958e70mistral_final/models/classification__mid__nimapourmoradi_dry-bean-dataset-classification__Dry_Bean_Dataset.pkl,,,,,,,,,Mistral,,,medium,3.0
classification__mid__tanishqdublish_text-classification-documentation__df_file,classification__mid__tanishqdublish_text-classification-documentation__df_file.json,classification,Label,logistic,success,,0.9863540125077354,0.9996,0.9996,0.9949135369750072,2225.0,5.0,False,/home/joshua/Code/ai_projects/amalia/backend/data/uploads/datasets/classification/mid/tanishqdublish_text-classification-documentation/df_file.csv,/home/joshua/Code/ai_projects/amalia/data/batch_results/batch_20260421164615_4d958e70mistral_final/models/classification__mid__tanishqdublish_text-classification-documentation__df_file.pkl,3.0,"['1:load_csv', '2:train_classification_model', '3:evaluate_classification_model']",,,,,,,,,,,,,,,,Mistral,,,medium,3.0
classification__mid__uciml_iris__Iris,classification__mid__uciml_iris__Iris.json,classification,Species,logistic,success,,,,,,30.0,3.0,,/home/joshua/Code/ai_projects/amalia/backend/data/uploads/datasets/classification/mid/uciml_iris/Iris.csv,/home/joshua/Code/ai_projects/amalia/data/batch_results/batch_20260421164615_4d958e70mistral_final/models/classification__mid__uciml_iris__Iris.pkl,2.0,"['1:encode_categorical', '2:train_classification_model']",classification,1.0,1.0,0.0,120.0,"['Id', 'SepalLengthCm', 'SepalWidthCm', 'PetalLengthCm', 'PetalWidthCm']",/home/joshua/Code/ai_projects/amalia/data/batch_results/batch_20260421164615_4d958e70mistral_final/models/classification__mid__uciml_iris__Iris.pkl,,,,,,,,,Mistral,,,medium,3.0
classification__mid__uciml_pima-indians-diabetes-database__diabetes,classification__mid__uciml_pima-indians-diabetes-database__diabetes.json,classification,Outcome,logistic,success,,0.776622846275587,0.6947,0.5858,0.6458863749856827,768.0,2.0,True,/home/joshua/Code/ai_projects/amalia/backend/data/uploads/datasets/classification/mid/uciml_pima-indians-diabetes-database/diabetes.csv,/home/joshua/Code/ai_projects/amalia/data/batch_results/batch_20260421164615_4d958e70mistral_final/models/classification__mid__uciml_pima-indians-diabetes-database__diabetes.pkl,3.0,"['1:load_csv', '2:train_classification_model', '3:evaluate_classification_model']",,,,,,,,,,,,,,,,Mistral,,,medium,3.0
classification__mid__xhlulu_cpc-codes__titles,classification__mid__xhlulu_cpc-codes__titles.json,classification,class,logistic,failed,"Input X contains NaN.
LogisticRegression does not accept missing values encoded as NaN natively. For supervised learning, you might want to consider sklearn.ensemble.HistGradientBoostingClassifier and Regressor which accept missing values encoded as NaNs natively. Alternatively, it is possible to preprocess the data, for instance by using an imputer transformer in a pipeline or drop samples with missing values. See https://scikit-learn.org/stable/modules/impute.html You can find a list of all estimators that handle NaN values at the following page: https://scikit-learn.org/stable/modules/impute.html#estimators-that-handle-nan-values",,,,,,,,,,,,,,,,,,,,,,,,,,,Mistral,,,medium,3.0
classification__mid__yasserh_titanic-dataset__Titanic-Dataset,classification__mid__yasserh_titanic-dataset__Titanic-Dataset.json,classification,Survived,logistic,failed,"Input X contains NaN.
LogisticRegression does not accept missing values encoded as NaN natively. For supervised learning, you might want to consider sklearn.ensemble.HistGradientBoostingClassifier and Regressor which accept missing values encoded as NaNs natively. Alternatively, it is possible to preprocess the data, for instance by using an imputer transformer in a pipeline or drop samples with missing values. See https://scikit-learn.org/stable/modules/impute.html You can find a list of all estimators that handle NaN values at the following page: https://scikit-learn.org/stable/modules/impute.html#estimators-that-handle-nan-values",,,,,,,,,,,,,,,,,,,,,,,,,,,Mistral,,,medium,3.0
regression__easy__ganjerlawrence_mobile-phone-price-prediction-cleaned-dataset__Mobile-Price-Prediction-cleaned_data,regression__easy__ganjerlawrence_mobile-phone-price-prediction-cleaned-dataset__Mobile-Price-Prediction-cleaned_data.json,regression,Price,linear,success,,,,,,94.0,,,/home/joshua/Code/ai_projects/amalia/backend/data/uploads/datasets/regression/easy/ganjerlawrence_mobile-phone-price-prediction-cleaned-dataset/Mobile-Price-Prediction-cleaned_data.csv,/home/joshua/Code/ai_projects/amalia/data/batch_results/batch_20260421164615_4d958e70mistral_final/models/regression__easy__ganjerlawrence_mobile-phone-price-prediction-cleaned-dataset__Mobile-Price-Prediction-cleaned_data.pkl,1.0,['1:train_regression_model'],regression,,,0.1973,372.0,"['Ratings', 'RAM', 'ROM', 'Mobile_Size', 'Primary_Cam', 'Selfi_Cam', 'Battery_Power']",/home/joshua/Code/ai_projects/amalia/data/batch_results/batch_20260421164615_4d958e70mistral_final/models/regression__easy__ganjerlawrence_mobile-phone-price-prediction-cleaned-dataset__Mobile-Price-Prediction-cleaned_data.pkl,,,292205913.1856,17094.0315,8626.7143,,0.4831,0.2858,Mistral,,,easy,3.0
regression__easy__govindaramsriram_crop-yield-of-a-farm__crop_yield_data,regression__easy__govindaramsriram_crop-yield-of-a-farm__crop_yield_data.json,regression,crop_yield,linear,success,,,,,,3000.0,,,/home/joshua/Code/ai_projects/amalia/backend/data/uploads/datasets/regression/easy/govindaramsriram_crop-yield-of-a-farm/crop_yield_data.csv,/home/joshua/Code/ai_projects/amalia/data/batch_results/batch_20260421164615_4d958e70mistral_final/models/regression__easy__govindaramsriram_crop-yield-of-a-farm__crop_yield_data.pkl,3.0,"['1:load_csv', '2:train_regression_model', '3:evaluate_regression_model']",,,,,,,,,0.9728428706860232,0.085,0.2915,0.2518,0.1015,,,Mistral,,,easy,3.0
regression__easy__nalisha_numerical-feature-based-target-prediction-using-ml__practice_dataset,regression__easy__nalisha_numerical-feature-based-target-prediction-using-ml__practice_dataset.json,regression,target,linear,success,,,,,,10000.0,,,/home/joshua/Code/ai_projects/amalia/backend/data/uploads/datasets/regression/easy/nalisha_numerical-feature-based-target-prediction-using-ml/practice_dataset.csv,/home/joshua/Code/ai_projects/amalia/data/batch_results/batch_20260421164615_4d958e70mistral_final/models/regression__easy__nalisha_numerical-feature-based-target-prediction-using-ml__practice_dataset.pkl,3.0,"['1:load_csv', '2:train_regression_model', '3:evaluate_regression_model']",,,,,,,,,0.5754081001189236,2503.812,50.0381,41.4775,260.3718,,,Mistral,,,easy,3.0
regression__easy__quantbruce_real-estate-price-prediction__Real estate,regression__easy__quantbruce_real-estate-price-prediction__Real estate.json,regression,Y house price of unit area,linear,success,,,,,,83.0,,,/home/joshua/Code/ai_projects/amalia/backend/data/uploads/datasets/regression/easy/quantbruce_real-estate-price-prediction/Real estate.csv,/home/joshua/Code/ai_projects/amalia/backend/models/regression_model.pkl,2.0,"['1:load_csv', '2:train_regression_model']",regression,,,-0.1165,331.0,"['No', 'X1 transaction date', 'X2 house age', 'X3 distance to the nearest MRT station', 'X4 number of convenience stores', 'X5 latitude', 'X6 longitude']",/home/joshua/Code/ai_projects/amalia/backend/models/regression_model.pkl,,,57.7124,7.5969,5.4899,,0.5593,0.6758,Mistral,,,easy,3.0
regression__easy__ranitsarkar01_porter-delivery-time-estimation__dataset,regression__easy__ranitsarkar01_porter-delivery-time-estimation__dataset.json,regression,total_outstanding_orders,linear,failed,"Input X contains NaN.
LinearRegression does not accept missing values encoded as NaN natively. For supervised learning, you might want to consider sklearn.ensemble.HistGradientBoostingClassifier and Regressor which accept missing values encoded as NaNs natively. Alternatively, it is possible to preprocess the data, for instance by using an imputer transformer in a pipeline or drop samples with missing values. See https://scikit-learn.org/stable/modules/impute.html You can find a list of all estimators that handle NaN values at the following page: https://scikit-learn.org/stable/modules/impute.html#estimators-that-handle-nan-values",,,,,,,,,,,,,,,,,,,,,,,,,,,Mistral,,,easy,3.0
regression__easy__sakshisatre_the-boston-housing-dataset__Boston (1),regression__easy__sakshisatre_the-boston-housing-dataset__Boston (1).json,regression,MEDV,linear,success,,,,,,506.0,,,/home/joshua/Code/ai_projects/amalia/backend/data/uploads/datasets/regression/easy/sakshisatre_the-boston-housing-dataset/Boston (1).csv,/home/joshua/Code/ai_projects/amalia/data/batch_results/batch_20260421164615_4d958e70mistral_final/models/regression__easy__sakshisatre_the-boston-housing-dataset__Boston (1).pkl,3.0,"['1:load_csv', '2:train_regression_model', '3:evaluate_regression_model']",,,,,,,,,0.741092461770133,22.0407,4.6947,3.2988,16.6655,,,Mistral,,,easy,3.0
regression__easy__thedevastator_age-prediction-for-individuals-using-multi-omic__test_rows,regression__easy__thedevastator_age-prediction-for-individuals-using-multi-omic__test_rows.json,regression,KLF14_2,linear,success,,,,,,104.0,,,/home/joshua/Code/ai_projects/amalia/backend/data/uploads/datasets/regression/easy/thedevastator_age-prediction-for-individuals-using-multi-omic/test_rows.csv,/home/joshua/Code/ai_projects/amalia/data/batch_results/batch_20260421164615_4d958e70mistral_final/models/regression__easy__thedevastator_age-prediction-for-individuals-using-multi-omic__test_rows.pkl,3.0,"['1:load_csv', '2:train_regression_model', '3:evaluate_regression_model']",,,,,,,,,0.5184876899182964,1.953,1.3975,1.0866,52.356,,,Mistral,,,easy,3.0
regression__easy__zubairdhuddi_linear-regression__test,regression__easy__zubairdhuddi_linear-regression__test.json,regression,y,linear,success,,,,,,60.0,,,/home/joshua/Code/ai_projects/amalia/backend/data/uploads/datasets/regression/easy/zubairdhuddi_linear-regression/test.csv,/home/joshua/Code/ai_projects/amalia/backend/models/linear_regression_test_model.pkl,1.0,['1:train_regression_model'],regression,,,-0.0019,240.0,['x'],/home/joshua/Code/ai_projects/amalia/backend/models/linear_regression_test_model.pkl,,,7.9614,2.8216,2.1583,,0.9887,0.9906,Mistral,,,easy,3.0
regression__hard__anujsaha0123456789_house-prices-cleaned-dataset-for-regression-ml__house_prices_cleaned,regression__hard__anujsaha0123456789_house-prices-cleaned-dataset-for-regression-ml__house_prices_cleaned.json,regression,SalePrice,svr,success,,,,,,1460.0,,,/home/joshua/Code/ai_projects/amalia/backend/data/uploads/datasets/regression/hard/anujsaha0123456789_house-prices-cleaned-dataset-for-regression-ml/house_prices_cleaned.csv,/home/joshua/Code/ai_projects/amalia/data/batch_results/batch_20260421164615_4d958e70mistral_final/models/regression__hard__anujsaha0123456789_house-prices-cleaned-dataset-for-regression-ml__house_prices_cleaned.pkl,3.0,"['1:load_csv', '2:train_regression_model', '3:evaluate_regression_model']",,,,,,,,,-0.0113443526550479,6557949939.5246,80981.1703,55540.0192,32.1043,,,Mistral,,,hard,3.0
regression__hard__bharatsahu_house-price-prediction-dataset-insurancehub-usa__House_price_multifeatures,regression__hard__bharatsahu_house-price-prediction-dataset-insurancehub-usa__House_price_multifeatures.json,classification,TTTerritory,decision_tree,failed,Input contains NaN,,,,,,,,,,,,,,,,,,,,,,,,,,,Mistral,,,hard,3.0
regression__hard__bjaton_housepricesadvancedregressiontechniquestrain__train,regression__hard__bjaton_housepricesadvancedregressiontechniquestrain__train.json,regression,SalePrice,ridge,failed,"Input X contains NaN.
Ridge does not accept missing values encoded as NaN natively. For supervised learning, you might want to consider sklearn.ensemble.HistGradientBoostingClassifier and Regressor which accept missing values encoded as NaNs natively. Alternatively, it is possible to preprocess the data, for instance by using an imputer transformer in a pipeline or drop samples with missing values. See https://scikit-learn.org/stable/modules/impute.html You can find a list of all estimators that handle NaN values at the following page: https://scikit-learn.org/stable/modules/impute.html#estimators-that-handle-nan-values",,,,,,,,,,,,,,,,,,,,,,,,,,,Mistral,,,hard,3.0
regression__hard__bobnau_daily-website-visitors__daily-website-visitors,regression__hard__bobnau_daily-website-visitors__daily-website-visitors.json,regression,Returning.Visits,linear,failed,"could not convert string to float: '1,036'",,,,,,,,,,,,,,,,,,,,,,,,,,,Mistral,,,hard,3.0
regression__hard__deepcontractor_car-price-prediction-challenge__car_price_prediction,regression__hard__deepcontractor_car-price-prediction-challenge__car_price_prediction.json,regression,Price,random_forest,failed,,,,,,19237.0,,,/home/joshua/Code/ai_projects/amalia/backend/data/uploads/datasets/regression/hard/deepcontractor_car-price-prediction-challenge/car_price_prediction_preprocessed.csv,/home/joshua/Code/ai_projects/amalia/backend/models/car_price_prediction_model.pkl,4.0,"['1:handle_missing_values', '1:encode_categorical', '2:train_regression_model', '3:evaluate_regression_model']",,,,,,,,,,7306327215.1562,85477.0567,3065.5139,628.093,,,Mistral,,,hard,3.0
regression__hard__kanchana1990_colorado-real-estate-market-2026__colorado_real_estate_2026,regression__hard__kanchana1990_colorado-real-estate-market-2026__colorado_real_estate_2026.json,regression,garage,linear,failed,"Input X contains NaN.
LinearRegression does not accept missing values encoded as NaN natively. For supervised learning, you might want to consider sklearn.ensemble.HistGradientBoostingClassifier and Regressor which accept missing values encoded as NaNs natively. Alternatively, it is possible to preprocess the data, for instance by using an imputer transformer in a pipeline or drop samples with missing values. See https://scikit-learn.org/stable/modules/impute.html You can find a list of all estimators that handle NaN values at the following page: https://scikit-learn.org/stable/modules/impute.html#estimators-that-handle-nan-values",,,,,,,,,,,,,,,,,,,,,,,,,,,Mistral,,,hard,3.0
regression__hard__milanvaddoriya_old-car-price-prediction__car_price,regression__hard__milanvaddoriya_old-car-price-prediction__car_price.json,regression,,,failed,get_column_info: Column 'None' not found,,,,,,,,,,,,,,,,,,,,,,,,,,,Mistral,,,hard,3.0
regression__hard__spittman1248_cdc-data-nutrition-physical-activity-obesity__Nutrition__Physical_Activity__and_Obesity_-_Behavioral_Risk_Factor_Surveillance_System,regression__hard__spittman1248_cdc-data-nutrition-physical-activity-obesity__Nutrition__Physical_Activity__and_Obesity_-_Behavioral_Risk_Factor_Surveillance_System.json,classification,Class,naive_bayes,failed,"Input X contains NaN.
GaussianNB does not accept missing values encoded as NaN natively. For supervised learning, you might want to consider sklearn.ensemble.HistGradientBoostingClassifier and Regressor which accept missing values encoded as NaNs natively. Alternatively, it is possible to preprocess the data, for instance by using an imputer transformer in a pipeline or drop samples with missing values. See https://scikit-learn.org/stable/modules/impute.html You can find a list of all estimators that handle NaN values at the following page: https://scikit-learn.org/stable/modules/impute.html#estimators-that-handle-nan-values",,,,,,,,,,,,,,,,,,,,,,,,,,,Mistral,,,hard,3.0
regression__hard__taweilo_mba-admission-dataset__MBA,regression__hard__taweilo_mba-admission-dataset__MBA.json,regression,gpa,linear,success,,,,,,692.0,,,/home/joshua/Code/ai_projects/amalia/backend/data/uploads/datasets/regression/hard/taweilo_mba-admission-dataset/MBA_processed.csv,/home/joshua/Code/ai_projects/amalia/backend/models/regression_linear_MBA.joblib,3.0,"['1:handle_missing_values', '2:train_regression_model', '3:evaluate_regression_model']",,,,,,,,,0.2499811208513505,0.0108,0.1038,0.0833,2.4765,,,Mistral,,,hard,3.0
regression__hard__valakhorasani_tehran-house-prices-dataset__TehranHouse,regression__hard__valakhorasani_tehran-house-prices-dataset__TehranHouse.json,regression,Price(USD),linear,success,,,,,,3479.0,,,/home/joshua/Code/ai_projects/amalia/backend/data/uploads/datasets/regression/hard/valakhorasani_tehran-house-prices-dataset/TehranHouse.csv,/home/joshua/Code/ai_projects/amalia/data/batch_results/batch_20260421164615_4d958e70mistral_final/models/regression__hard__valakhorasani_tehran-house-prices-dataset__TehranHouse.pkl,3.0,"['1:load_csv', '2:train_regression_model', '3:evaluate_regression_model']",,,,,,,,,1.0,0.0,0.0026,0.0021,0.0,,,Mistral,,,hard,3.0
regression__mid__CooperUnion_cardataset__data,regression__mid__CooperUnion_cardataset__data.json,regression,MSRP,linear,failed,"Input X contains NaN.
LinearRegression does not accept missing values encoded as NaN natively. For supervised learning, you might want to consider sklearn.ensemble.HistGradientBoostingClassifier and Regressor which accept missing values encoded as NaNs natively. Alternatively, it is possible to preprocess the data, for instance by using an imputer transformer in a pipeline or drop samples with missing values. See https://scikit-learn.org/stable/modules/impute.html You can find a list of all estimators that handle NaN values at the following page: https://scikit-learn.org/stable/modules/impute.html#estimators-that-handle-nan-values",,,,,,,,,,,,,,,,,,,,,,,,,,,Mistral,,,medium,3.0
regression__mid__alamshihab075_health-and-lifestyle-data-for-diabetes-prediction__Diabetes_and_LifeStyle_Dataset ,regression__mid__alamshihab075_health-and-lifestyle-data-for-diabetes-prediction__Diabetes_and_LifeStyle_Dataset .json,regression,diagnosed_diabetes,ridge,success,,,,,,97297.0,,,/home/joshua/Code/ai_projects/amalia/backend/data/uploads/datasets/regression/mid/alamshihab075_health-and-lifestyle-data-for-diabetes-prediction/Diabetes_and_LifeStyle_Dataset .csv,/home/joshua/Code/ai_projects/amalia/data/batch_results/batch_20260421164615_4d958e70mistral_final/models/regression__mid__alamshihab075_health-and-lifestyle-data-for-diabetes-prediction__Diabetes_and_LifeStyle_Dataset .pkl,3.0,"['1:load_csv', '2:train_regression_model', '3:evaluate_regression_model']",,,,,,,,,0.9230821615789506,0.0186,0.1363,0.0805,,,,Mistral,,,medium,3.0
regression__mid__camnugent_california-housing-prices__housing,regression__mid__camnugent_california-housing-prices__housing.json,regression,median_house_value,linear,failed,"Input X contains NaN.
LinearRegression does not accept missing values encoded as NaN natively. For supervised learning, you might want to consider sklearn.ensemble.HistGradientBoostingClassifier and Regressor which accept missing values encoded as NaNs natively. Alternatively, it is possible to preprocess the data, for instance by using an imputer transformer in a pipeline or drop samples with missing values. See https://scikit-learn.org/stable/modules/impute.html You can find a list of all estimators that handle NaN values at the following page: https://scikit-learn.org/stable/modules/impute.html#estimators-that-handle-nan-values",,,,,,,,,,,,,,,,,,,,,,,,,,,Mistral,,,medium,3.0
regression__mid__harlfoxem_housesalesprediction__kc_house_data,regression__mid__harlfoxem_housesalesprediction__kc_house_data.json,regression,,,failed,can't multiply sequence by non-int of type 'numpy.float64',,,,,,,,,,,,,,,,,,,,,,,,,,,Mistral,,,medium,3.0
regression__mid__hrokrin_the-largest-diamond-dataset-currely-on-kaggle__diamonds,regression__mid__hrokrin_the-largest-diamond-dataset-currely-on-kaggle__diamonds.json,classification,total_sales_price,naive_bayes,failed,,,0.6016,0.5443,,219703.0,22202.0,False,/home/joshua/Code/ai_projects/amalia/backend/data/uploads/datasets/regression/mid/hrokrin_the-largest-diamond-dataset-currely-on-kaggle/diamonds.csv,/home/joshua/Code/ai_projects/amalia/data/batch_results/batch_20260421164615_4d958e70mistral_final/models/regression__mid__hrokrin_the-largest-diamond-dataset-currely-on-kaggle__diamonds.pkl,3.0,"['1:load_csv', '2:train_classification_model', '3:evaluate_classification_model']",,,,,,,,,,,,,,,,Mistral,,,medium,3.0
regression__mid__lorenzozoppelletto_financial-risk-for-loan-approval__Loan,regression__mid__lorenzozoppelletto_financial-risk-for-loan-approval__Loan.json,regression,RiskScore,ridge,success,,,,,,20000.0,,,/home/joshua/Code/ai_projects/amalia/backend/data/uploads/datasets/regression/mid/lorenzozoppelletto_financial-risk-for-loan-approval/Loan.csv,/home/joshua/Code/ai_projects/amalia/data/batch_results/batch_20260421164615_4d958e70mistral_final/models/regression__mid__lorenzozoppelletto_financial-risk-for-loan-approval__Loan.pkl,3.0,"['1:load_csv', '2:train_regression_model', '3:evaluate_regression_model']",,,,,,,,,0.9350769650534672,3.7993,1.9492,1.5056,3.0474,,,Mistral,,,medium,3.0
regression__mid__mirichoi0218_insurance__insurance,regression__mid__mirichoi0218_insurance__insurance.json,regression,charges,gradient_boosting,success,,,,,,1338.0,,,/home/joshua/Code/ai_projects/amalia/backend/data/uploads/datasets/regression/mid/mirichoi0218_insurance/insurance.csv,/home/joshua/Code/ai_projects/amalia/backend/models/regression_model.pkl,4.0,"['1:load_csv', '1:infer_data_types', '2:train_regression_model', '3:evaluate_regression_model']",,,,,,,,,0.933863834331282,14829860.2228,3850.9558,2162.0931,26.6765,,,Mistral,,,medium,3.0
regression__mid__ranitsarkar01_porter-delivery-time-estimation__dataset,regression__mid__ranitsarkar01_porter-delivery-time-estimation__dataset.json,regression,,,failed,filter_rows: Unknown condition: notnull,,,,,,,,,,,,,,,,,,,,,,,,,,,Mistral,,,medium,3.0
regression__mid__rupals_gpu-runtime__sgemm_product,regression__mid__rupals_gpu-runtime__sgemm_product.json,regression,,,failed,get_column_info: Column 'None' not found,,,,,,,,,,,,,,,,,,,,,,,,,,,Mistral,,,medium,3.0
regression__mid__yasserh_uber-fares-dataset__uber,regression__mid__yasserh_uber-fares-dataset__uber.json,regression,,,failed,get_column_info: Column 'None' not found,,,,,,,,,,,,,,,,,,,,,,,,,,,Mistral,,,medium,3.0
classification__easy__abhishek14398_heart-disease-classification__heart,classification__easy__abhishek14398_heart-disease-classification__heart.json,classification,target,logistic,success,,0.89351184632678,0.8531,0.9152,0.8632529665835528,303.0,2.0,True,/home/joshua/Code/ai_projects/amalia/backend/data/uploads/datasets/classification/easy/abhishek14398_heart-disease-classification/heart.csv,/home/joshua/Code/ai_projects/amalia/data/batch_results/batch_20260421164615_4d958e70mistral_final/models/classification__easy__abhishek14398_heart-disease-classification__heart.pkl,3.0,"['1:load_csv', '2:train_classification_model', '3:evaluate_classification_model']",,,,,,,,,,,,,,,,Mistral,,,easy,4.0
classification__easy__brsahan_genomic-data-for-cancer__gene_expression,classification__easy__brsahan_genomic-data-for-cancer__gene_expression.json,classification,Cancer Present,logistic,success,,,,,,600.0,2.0,,/home/joshua/Code/ai_projects/amalia/backend/data/uploads/datasets/classification/easy/brsahan_genomic-data-for-cancer/gene_expression.csv,/home/joshua/Code/ai_projects/amalia/data/batch_results/batch_20260421164615_4d958e70mistral_final/models/classification__easy__brsahan_genomic-data-for-cancer__gene_expression.pkl,4.0,"['1:load_csv', '1:validate_csv_structure', '1:detect_duplicates', '2:train_classification_model']",classification,0.8542,0.8667,-0.0125,2400.0,"['Gene One', 'Gene Two']",/home/joshua/Code/ai_projects/amalia/data/batch_results/batch_20260421164615_4d958e70mistral_final/models/classification__easy__brsahan_genomic-data-for-cancer__gene_expression.pkl,,,,,,,,,Mistral,,,easy,4.0
classification__easy__fedesoriano_stellar-classification-dataset-sdss17__star_classification,classification__easy__fedesoriano_stellar-classification-dataset-sdss17__star_classification.json,classification,,,failed,get_column_info: Column 'None' not found,,,,,,,,,,,,,,,,,,,,,,,,,,,Mistral,,,easy,4.0
classification__easy__himanshunakrani_naive-bayes-classification-data__Naive-Bayes-Classification-Data,classification__easy__himanshunakrani_naive-bayes-classification-data__Naive-Bayes-Classification-Data.json,classification,diabetes,naive_bayes,success,,,,,,199.0,2.0,,/home/joshua/Code/ai_projects/amalia/backend/data/uploads/datasets/classification/easy/himanshunakrani_naive-bayes-classification-data/Naive-Bayes-Classification-Data.csv,/home/joshua/Code/ai_projects/amalia/data/batch_results/batch_20260421164615_4d958e70mistral_final/models/classification__easy__himanshunakrani_naive-bayes-classification-data__Naive-Bayes-Classification-Data.pkl,3.0,"['1:load_csv', '2:remove_duplicates', '3:train_classification_model']",classification,0.9347,0.9296,0.005,796.0,"['glucose', 'bloodpressure']",/home/joshua/Code/ai_projects/amalia/data/batch_results/batch_20260421164615_4d958e70mistral_final/models/classification__easy__himanshunakrani_naive-bayes-classification-data__Naive-Bayes-Classification-Data.pkl,,,,,,,,,Mistral,,,easy,4.0
classification__easy__mahmoudshaheen1134_heart-disease-data__heart disease,classification__easy__mahmoudshaheen1134_heart-disease-data__heart disease.json,classification,target,logistic,success,,0.8607315629834638,0.8531,0.9173,0.8591715900781223,242.0,2.0,True,/home/joshua/Code/ai_projects/amalia/backend/data/uploads/heart disease_train.csv,/home/joshua/Code/ai_projects/amalia/backend/models/heart_disease_model.pkl,5.0,"['1:load_csv', '2:validate_csv_structure', '3:split_dataset', '4:train_classification_model', '5:evaluate_classification_model']",,,,,,,,,,,,,,,,Mistral,,,easy,4.0
classification__easy__priyanshusethi_happiness-classification-dataset__happydata,classification__easy__priyanshusethi_happiness-classification-dataset__happydata.json,classification,,,failed,get_column_info: Column 'None' not found,,,,,,,,,,,,,,,,,,,,,,,,,,,Mistral,,,easy,4.0
classification__easy__ritwikb3_heart-disease-cleveland__Heart_disease_cleveland_new,classification__easy__ritwikb3_heart-disease-cleveland__Heart_disease_cleveland_new.json,classification,,,success,,,,,,,,,/home/joshua/Code/ai_projects/amalia/backend/data/uploads/datasets/classification/easy/ritwikb3_heart-disease-cleveland/Heart_disease_cleveland_new.csv,,0.0,[],,,,,,,,,,,,,,,,Mistral,,,easy,4.0
classification__easy__ritwikb3_heart-disease-statlog__Heart_disease_statlog,classification__easy__ritwikb3_heart-disease-statlog__Heart_disease_statlog.json,classification,target,logistic,success,,0.881600541090245,0.8661,0.8083,0.8244353485715855,270.0,2.0,True,/home/joshua/Code/ai_projects/amalia/backend/data/uploads/datasets/classification/easy/ritwikb3_heart-disease-statlog/Heart_disease_statlog.csv,/home/joshua/Code/ai_projects/amalia/data/batch_results/batch_20260421164615_4d958e70mistral_final/models/classification__easy__ritwikb3_heart-disease-statlog__Heart_disease_statlog.pkl,3.0,"['1:load_csv', '2:train_classification_model', '3:evaluate_classification_model']",,,,,,,,,,,,,,,,Mistral,,,easy,4.0
classification__easy__robikscube_eye-state-classification-eeg-dataset__EEG_Eye_State_Classification,classification__easy__robikscube_eye-state-classification-eeg-dataset__EEG_Eye_State_Classification.json,classification,eyeDetection,logistic,success,,0.6432285319170307,0.6417,0.4651,0.5320770356843882,14980.0,2.0,True,/home/joshua/Code/ai_projects/amalia/backend/data/uploads/datasets/classification/easy/robikscube_eye-state-classification-eeg-dataset/EEG_Eye_State_Classification.csv,/home/joshua/Code/ai_projects/amalia/data/batch_results/batch_20260421164615_4d958e70mistral_final/models/classification__easy__robikscube_eye-state-classification-eeg-dataset__EEG_Eye_State_Classification.pkl,3.0,"['1:load_csv', '2:train_classification_model', '3:evaluate_classification_model']",,,,,,,,,,,,,,,,Mistral,,,easy,4.0
classification__easy__uciml_glass__glass,classification__easy__uciml_glass__glass.json,classification,Type,logistic,success,,0.634972687169398,0.6124,0.6542,0.6360827405561934,214.0,6.0,False,/home/joshua/Code/ai_projects/amalia/backend/data/uploads/datasets/classification/easy/uciml_glass/glass.csv,/home/joshua/Code/ai_projects/amalia/data/batch_results/batch_20260421164615_4d958e70mistral_final/models/classification__easy__uciml_glass__glass.pkl,3.0,"['1:load_csv', '2:train_classification_model', '3:evaluate_classification_model']",,,,,,,,,,,,,,,,Mistral,,,easy,4.0
classification__easy__yasserh_heart-disease-dataset__heart,classification__easy__yasserh_heart-disease-dataset__heart.json,classification,target,logistic,success,,0.8724117062852542,0.8531,0.9152,0.8982565509344396,303.0,2.0,True,/home/joshua/Code/ai_projects/amalia/backend/data/uploads/datasets/classification/easy/yasserh_heart-disease-dataset/heart.csv,/home/joshua/Code/ai_projects/amalia/data/batch_results/batch_20260421164615_4d958e70mistral_final/models/classification__easy__yasserh_heart-disease-dataset__heart.pkl,3.0,"['1:load_csv', '2:train_classification_model', '3:evaluate_classification_model']",,,,,,,,,,,,,,,,Mistral,,,easy,4.0
classification__easy__yasserh_wine-quality-dataset__WineQT,classification__easy__yasserh_wine-quality-dataset__WineQT.json,classification,,,failed,Workflow has no executable steps,,,,,,,,,,,,,,,,,,,,,,,,,,,Mistral,,,easy,4.0
classification__hard__abhishek14398_loan-dataset__loan,classification__hard__abhishek14398_loan-dataset__loan.json,classification,total_il_high_credit_limit,naive_bayes,failed,Input y contains NaN.,,,,,,,,,,,,,,,,,,,,,,,,,,,Mistral,,,hard,4.0
classification__hard__andrewmvd_cyberbullying-classification__cyberbullying_tweets,classification__hard__andrewmvd_cyberbullying-classification__cyberbullying_tweets.json,classification,cyberbullying_type,logistic,success,,0.8894779834373666,0.8949,0.8899,0.8892426403897521,47692.0,6.0,False,/home/joshua/Code/ai_projects/amalia/backend/data/uploads/datasets/classification/hard/andrewmvd_cyberbullying-classification/cyberbullying_tweets.csv,/home/joshua/Code/ai_projects/amalia/data/batch_results/batch_20260421164615_4d958e70mistral_final/models/classification__hard__andrewmvd_cyberbullying-classification__cyberbullying_tweets.pkl,3.0,"['1:load_csv', '2:train_classification_model', '3:evaluate_classification_model']",,,,,,,,,,,,,,,,Mistral,,,hard,4.0
classification__hard__balaka18_email-spam-classification-dataset-csv__emails,classification__hard__balaka18_email-spam-classification-dataset-csv__emails.json,classification,target,svm,success,,0.9977257454309156,0.9743,0.987,1.0,5172.0,7.0,False,/home/joshua/Code/ai_projects/amalia/backend/data/uploads/datasets/classification/hard/balaka18_email-spam-classification-dataset-csv/emails.csv,/home/joshua/Code/ai_projects/amalia/data/batch_results/batch_20260421164615_4d958e70mistral_final/models/classification__hard__balaka18_email-spam-classification-dataset-csv__emails.pkl,3.0,"['1:load_csv', '2:train_classification_model', '3:evaluate_classification_model']",,,,,,,,,,,,,,,,Mistral,,,hard,4.0
classification__hard__ddosad_ecommerce-customer-service-satisfaction__Customer_support_data,classification__hard__ddosad_ecommerce-customer-service-satisfaction__Customer_support_data.json,classification,CSAT Score,logistic,failed,"Input X contains NaN.
LogisticRegression does not accept missing values encoded as NaN natively. For supervised learning, you might want to consider sklearn.ensemble.HistGradientBoostingClassifier and Regressor which accept missing values encoded as NaNs natively. Alternatively, it is possible to preprocess the data, for instance by using an imputer transformer in a pipeline or drop samples with missing values. See https://scikit-learn.org/stable/modules/impute.html You can find a list of all estimators that handle NaN values at the following page: https://scikit-learn.org/stable/modules/impute.html#estimators-that-handle-nan-values",,,,,,,,,,,,,,,,,,,,,,,,,,,Mistral,,,hard,4.0
classification__hard__hetulmehta_website-classification__website_classification,classification__hard__hetulmehta_website-classification__website_classification.json,classification,Category,logistic,success,,0.5886171564175201,0.6073,0.5682,0.4989312204389967,1408.0,16.0,False,/home/joshua/Code/ai_projects/amalia/backend/data/uploads/datasets/classification/hard/hetulmehta_website-classification/website_classification.csv,/home/joshua/Code/ai_projects/amalia/data/batch_results/batch_20260421164615_4d958e70mistral_final/models/classification__hard__hetulmehta_website-classification__website_classification.pkl,3.0,"['1:load_csv', '2:train_classification_model', '3:evaluate_classification_model']",,,,,,,,,,,,,,,,Mistral,,,hard,4.0
classification__hard__jocelyndumlao_consumer-review-of-clothing-product__Consumer Review of Clothing Product__data_amazon.xlsx - Sheet1,classification__hard__jocelyndumlao_consumer-review-of-clothing-product__Consumer Review of Clothing Product__data_amazon.xlsx - Sheet1.json,classification,Durability,gradient_boosting,failed,"Input X contains NaN.
GradientBoostingClassifier does not accept missing values encoded as NaN natively. For supervised learning, you might want to consider sklearn.ensemble.HistGradientBoostingClassifier and Regressor which accept missing values encoded as NaNs natively. Alternatively, it is possible to preprocess the data, for instance by using an imputer transformer in a pipeline or drop samples with missing values. See https://scikit-learn.org/stable/modules/impute.html You can find a list of all estimators that handle NaN values at the following page: https://scikit-learn.org/stable/modules/impute.html#estimators-that-handle-nan-values",,,,,,,,,,,,,,,,,,,,,,,,,,,Mistral,,,hard,4.0
classification__hard__pashupatigupta_emotion-detection-from-text__tweet_emotions,classification__hard__pashupatigupta_emotion-detection-from-text__tweet_emotions.json,classification,,,failed,"random_state must be an integer, array-like, a BitGenerator, Generator, a numpy RandomState, or None",,,,,,,,,,,,,,,,,,,,,,,,,,,Mistral,,,hard,4.0
classification__hard__prox37_twitter-multilabel-classification-dataset__mLabel_tweets,classification__hard__prox37_twitter-multilabel-classification-dataset__mLabel_tweets.json,classification,labels,logistic,success,,,,,,1985.0,288.0,,/home/joshua/Code/ai_projects/amalia/backend/data/uploads/datasets/classification/hard/prox37_twitter-multilabel-classification-dataset/mLabel_tweets.csv,/home/joshua/Code/ai_projects/amalia/data/batch_results/batch_20260421164615_4d958e70mistral_final/models/classification__hard__prox37_twitter-multilabel-classification-dataset__mLabel_tweets.pkl,2.0,"['1:encode_categorical', '2:train_classification_model']",classification,0.2906,0.2907,-0.0001,7936.0,"['ID', 'tweet']",/home/joshua/Code/ai_projects/amalia/data/batch_results/batch_20260421164615_4d958e70mistral_final/models/classification__hard__prox37_twitter-multilabel-classification-dataset__mLabel_tweets.pkl,,,,,,,,,Mistral,,,hard,4.0
classification__hard__saurabhshahane_ecommerce-text-classification__ecommerceDataset,classification__hard__saurabhshahane_ecommerce-text-classification__ecommerceDataset.json,classification,"Paper Plane Design Framed Wall Hanging Motivational Office Decor Art Prints (8.7 X 8.7 inch) - Set of 4 Painting made up in synthetic frame with uv textured print which gives multi effects and attracts towards it. This is an special series of paintings which makes your wall very beautiful and gives a royal touch. This painting is ready to hang, you would be proud to possess this unique painting that is a niche apart. We use only the most modern and efficient printing technology on our prints, with only the and inks and precision epson, roland and hp printers. This innovative hd printing technique results in durable and spectacular looking prints of the highest that last a lifetime. We print solely with top-notch 100% inks, to achieve brilliant and true colours. Due to their high level of uv resistance, our prints retain their beautiful colours for many years. Add colour and style to your living space with this digitally printed painting. Some are for pleasure and some for eternal bliss.so bring home this elegant print that is lushed with rich colors that makes it nothing but sheer elegance to be to your friends and family.it would be treasured forever by whoever your lucky recipient is. Liven up your place with these intriguing paintings that are high definition hd graphic digital prints for home, office or any room.",logistic,failed,Input contains NaN,,,,,,,,,,,,,,,,,,,,,,,,,,,Mistral,,,hard,4.0
classification__hard__shivamb_spam-url-prediction__url_spam_classification,classification__hard__shivamb_spam-url-prediction__url_spam_classification.json,classification,is_spam,logistic,success,,0.7956343898179122,0.6732,0.7047,0.6610951009352315,148303.0,2.0,True,/home/joshua/Code/ai_projects/amalia/backend/data/uploads/datasets/classification/hard/shivamb_spam-url-prediction/url_spam_classification.csv,/home/joshua/Code/ai_projects/amalia/data/batch_results/batch_20260421164615_4d958e70mistral_final/models/classification__hard__shivamb_spam-url-prediction__url_spam_classification.pkl,3.0,"['1:load_csv', '2:train_classification_model', '3:evaluate_classification_model']",,,,,,,,,,,,,,,,Mistral,,,hard,4.0
classification__mid__andrewmvd_cyberbullying-classification__cyberbullying_tweets,classification__mid__andrewmvd_cyberbullying-classification__cyberbullying_tweets.json,classification,cyberbullying_type,logistic,success,,0.8842929420203981,0.8949,0.8899,0.8715612651650885,47692.0,6.0,False,/home/joshua/Code/ai_projects/amalia/backend/data/uploads/datasets/classification/mid/andrewmvd_cyberbullying-classification/cyberbullying_tweets.csv,/home/joshua/Code/ai_projects/amalia/data/batch_results/batch_20260421164615_4d958e70mistral_final/models/classification__mid__andrewmvd_cyberbullying-classification__cyberbullying_tweets.pkl,4.0,"['1:load_csv', '2:get_basic_stats', '3:train_classification_model', '4:evaluate_classification_model']",,,,,,,,,,,,,,,,Mistral,,,medium,4.0
classification__mid__christianlillelund_csgo-round-winner-classification__csgo_round_snapshots,classification__mid__christianlillelund_csgo-round-winner-classification__csgo_round_snapshots.json,classification,round_winner,decision_tree,failed,"pos_label=1 is not a valid label. It should be one of ['CT', 'T']",,,,,,,,,,,,,,,,,,,,,,,,,,,Mistral,,,medium,4.0
classification__mid__fedesoriano_heart-failure-prediction__heart,classification__mid__fedesoriano_heart-failure-prediction__heart.json,classification,HeartDisease,logistic,success,,0.8453552592256551,0.8672,0.874,0.8761759961745047,918.0,2.0,True,/home/joshua/Code/ai_projects/amalia/backend/data/uploads/datasets/classification/mid/fedesoriano_heart-failure-prediction/heart.csv,/home/joshua/Code/ai_projects/amalia/data/batch_results/batch_20260421164615_4d958e70mistral_final/models/classification__mid__fedesoriano_heart-failure-prediction__heart.pkl,3.0,"['1:load_csv', '2:train_classification_model', '3:evaluate_classification_model']",,,,,,,,,,,,,,,,Mistral,,,medium,4.0
classification__mid__fedesoriano_stellar-classification-dataset-sdss17__star_classification,classification__mid__fedesoriano_stellar-classification-dataset-sdss17__star_classification.json,classification,,,failed,"random_state must be an integer, array-like, a BitGenerator, Generator, a numpy RandomState, or None",,,,,,,,,,,,,,,,,,,,,,,,,,,Mistral,,,medium,4.0
classification__mid__nimapourmoradi_dry-bean-dataset-classification__Dry_Bean_Dataset,classification__mid__nimapourmoradi_dry-bean-dataset-classification__Dry_Bean_Dataset.json,classification,Class,logistic,success,,,,,,2723.0,7.0,,/home/joshua/Code/ai_projects/amalia/backend/data/uploads/datasets/classification/mid/nimapourmoradi_dry-bean-dataset-classification/Dry_Bean_Dataset.csv,/home/joshua/Code/ai_projects/amalia/data/batch_results/batch_20260421164615_4d958e70mistral_final/models/classification__mid__nimapourmoradi_dry-bean-dataset-classification__Dry_Bean_Dataset.pkl,3.0,"['1:load_csv', '2:get_basic_stats', '3:train_classification_model']",classification,0.8803,0.8707,0.0096,10888.0,"['Area', 'Perimeter', 'MajorAxisLength', 'MinorAxisLength', 'AspectRation', 'Eccentricity', 'ConvexArea', 'EquivDiameter', 'Extent', 'Solidity', 'roundness', 'Compactness', 'ShapeFactor1', 'ShapeFactor2', 'ShapeFactor3', 'ShapeFactor4']",/home/joshua/Code/ai_projects/amalia/data/batch_results/batch_20260421164615_4d958e70mistral_final/models/classification__mid__nimapourmoradi_dry-bean-dataset-classification__Dry_Bean_Dataset.pkl,,,,,,,,,Mistral,,,medium,4.0
classification__mid__tanishqdublish_text-classification-documentation__df_file,classification__mid__tanishqdublish_text-classification-documentation__df_file.json,classification,Label,logistic,success,,0.9831922840973571,0.9996,0.9996,0.973780571420778,2225.0,5.0,False,/home/joshua/Code/ai_projects/amalia/backend/data/uploads/datasets/classification/mid/tanishqdublish_text-classification-documentation/df_file.csv,/home/joshua/Code/ai_projects/amalia/data/batch_results/batch_20260421164615_4d958e70mistral_final/models/classification__mid__tanishqdublish_text-classification-documentation__df_file.pkl,3.0,"['1:load_csv', '2:train_classification_model', '3:evaluate_classification_model']",,,,,,,,,,,,,,,,Mistral,,,medium,4.0
classification__mid__uciml_iris__Iris,classification__mid__uciml_iris__Iris.json,classification,Species,logistic,success,,,,,,30.0,3.0,,/home/joshua/Code/ai_projects/amalia/backend/data/uploads/datasets/classification/mid/uciml_iris/Iris.csv,/home/joshua/Code/ai_projects/amalia/data/batch_results/batch_20260421164615_4d958e70mistral_final/models/classification__mid__uciml_iris__Iris.pkl,2.0,"['1:encode_categorical', '2:train_classification_model']",classification,1.0,1.0,0.0,120.0,"['Id', 'SepalLengthCm', 'SepalWidthCm', 'PetalLengthCm', 'PetalWidthCm']",/home/joshua/Code/ai_projects/amalia/data/batch_results/batch_20260421164615_4d958e70mistral_final/models/classification__mid__uciml_iris__Iris.pkl,,,,,,,,,Mistral,,,medium,4.0
classification__mid__uciml_pima-indians-diabetes-database__diabetes,classification__mid__uciml_pima-indians-diabetes-database__diabetes.json,classification,Outcome,logistic,success,,0.7475326804036626,0.6947,0.5858,0.6391304860019273,768.0,2.0,True,/home/joshua/Code/ai_projects/amalia/backend/data/uploads/datasets/classification/mid/uciml_pima-indians-diabetes-database/diabetes.csv,/home/joshua/Code/ai_projects/amalia/data/batch_results/batch_20260421164615_4d958e70mistral_final/models/classification__mid__uciml_pima-indians-diabetes-database__diabetes.pkl,3.0,"['1:load_csv', '2:train_classification_model', '3:evaluate_classification_model']",,,,,,,,,,,,,,,,Mistral,,,medium,4.0
classification__mid__xhlulu_cpc-codes__titles,classification__mid__xhlulu_cpc-codes__titles.json,classification,class,logistic,failed,"Input X contains NaN.
LogisticRegression does not accept missing values encoded as NaN natively. For supervised learning, you might want to consider sklearn.ensemble.HistGradientBoostingClassifier and Regressor which accept missing values encoded as NaNs natively. Alternatively, it is possible to preprocess the data, for instance by using an imputer transformer in a pipeline or drop samples with missing values. See https://scikit-learn.org/stable/modules/impute.html You can find a list of all estimators that handle NaN values at the following page: https://scikit-learn.org/stable/modules/impute.html#estimators-that-handle-nan-values",,,,,,,,,,,,,,,,,,,,,,,,,,,Mistral,,,medium,4.0
classification__mid__yasserh_titanic-dataset__Titanic-Dataset,classification__mid__yasserh_titanic-dataset__Titanic-Dataset.json,classification,Survived,logistic,failed,"Input X contains NaN.
LogisticRegression does not accept missing values encoded as NaN natively. For supervised learning, you might want to consider sklearn.ensemble.HistGradientBoostingClassifier and Regressor which accept missing values encoded as NaNs natively. Alternatively, it is possible to preprocess the data, for instance by using an imputer transformer in a pipeline or drop samples with missing values. See https://scikit-learn.org/stable/modules/impute.html You can find a list of all estimators that handle NaN values at the following page: https://scikit-learn.org/stable/modules/impute.html#estimators-that-handle-nan-values",,,,,,,,,,,,,,,,,,,,,,,,,,,Mistral,,,medium,4.0
regression__easy__ganjerlawrence_mobile-phone-price-prediction-cleaned-dataset__Mobile-Price-Prediction-cleaned_data,regression__easy__ganjerlawrence_mobile-phone-price-prediction-cleaned-dataset__Mobile-Price-Prediction-cleaned_data.json,regression,Price,linear,success,,,,,,94.0,,,/home/joshua/Code/ai_projects/amalia/backend/data/uploads/datasets/regression/easy/ganjerlawrence_mobile-phone-price-prediction-cleaned-dataset/Mobile-Price-Prediction-cleaned_data.csv,/home/joshua/Code/ai_projects/amalia/data/batch_results/batch_20260421164615_4d958e70mistral_final/models/regression__easy__ganjerlawrence_mobile-phone-price-prediction-cleaned-dataset__Mobile-Price-Prediction-cleaned_data.pkl,1.0,['1:train_regression_model'],regression,,,0.1973,372.0,"['Ratings', 'RAM', 'ROM', 'Mobile_Size', 'Primary_Cam', 'Selfi_Cam', 'Battery_Power']",/home/joshua/Code/ai_projects/amalia/data/batch_results/batch_20260421164615_4d958e70mistral_final/models/regression__easy__ganjerlawrence_mobile-phone-price-prediction-cleaned-dataset__Mobile-Price-Prediction-cleaned_data.pkl,,,292205913.1856,17094.0315,8626.7143,,0.4831,0.2858,Mistral,,,easy,4.0
regression__easy__govindaramsriram_crop-yield-of-a-farm__crop_yield_data,regression__easy__govindaramsriram_crop-yield-of-a-farm__crop_yield_data.json,regression,crop_yield,linear,success,,,,,,3000.0,,,/home/joshua/Code/ai_projects/amalia/backend/data/uploads/datasets/regression/easy/govindaramsriram_crop-yield-of-a-farm/crop_yield_data.csv,/home/joshua/Code/ai_projects/amalia/data/batch_results/batch_20260421164615_4d958e70mistral_final/models/regression__easy__govindaramsriram_crop-yield-of-a-farm__crop_yield_data.pkl,3.0,"['1:load_csv', '2:train_regression_model', '3:evaluate_regression_model']",,,,,,,,,0.9630641272185294,0.085,0.2915,0.2518,0.1015,,,Mistral,,,easy,4.0
regression__easy__nalisha_numerical-feature-based-target-prediction-using-ml__practice_dataset,regression__easy__nalisha_numerical-feature-based-target-prediction-using-ml__practice_dataset.json,regression,target,linear,success,,,,,,10000.0,,,/home/joshua/Code/ai_projects/amalia/backend/data/uploads/datasets/regression/easy/nalisha_numerical-feature-based-target-prediction-using-ml/practice_dataset.csv,/home/joshua/Code/ai_projects/amalia/data/batch_results/batch_20260421164615_4d958e70mistral_final/models/regression__easy__nalisha_numerical-feature-based-target-prediction-using-ml__practice_dataset.pkl,3.0,"['1:load_csv', '2:train_regression_model', '3:evaluate_regression_model']",,,,,,,,,0.5674914034563738,2503.812,50.0381,41.4775,260.3718,,,Mistral,,,easy,4.0
regression__easy__quantbruce_real-estate-price-prediction__Real estate,regression__easy__quantbruce_real-estate-price-prediction__Real estate.json,regression,Y house price of unit area,linear,success,,,,,,83.0,,,/home/joshua/Code/ai_projects/amalia/backend/data/uploads/datasets/regression/easy/quantbruce_real-estate-price-prediction/Real estate.csv,/home/joshua/Code/ai_projects/amalia/backend/models/regression_model.pkl,2.0,"['1:load_csv', '2:train_regression_model']",regression,,,-0.1165,331.0,"['No', 'X1 transaction date', 'X2 house age', 'X3 distance to the nearest MRT station', 'X4 number of convenience stores', 'X5 latitude', 'X6 longitude']",/home/joshua/Code/ai_projects/amalia/backend/models/regression_model.pkl,,,57.7124,7.5969,5.4899,,0.5593,0.6758,Mistral,,,easy,4.0
regression__easy__ranitsarkar01_porter-delivery-time-estimation__dataset,regression__easy__ranitsarkar01_porter-delivery-time-estimation__dataset.json,regression,total_outstanding_orders,linear,failed,"Input X contains NaN.
LinearRegression does not accept missing values encoded as NaN natively. For supervised learning, you might want to consider sklearn.ensemble.HistGradientBoostingClassifier and Regressor which accept missing values encoded as NaNs natively. Alternatively, it is possible to preprocess the data, for instance by using an imputer transformer in a pipeline or drop samples with missing values. See https://scikit-learn.org/stable/modules/impute.html You can find a list of all estimators that handle NaN values at the following page: https://scikit-learn.org/stable/modules/impute.html#estimators-that-handle-nan-values",,,,,,,,,,,,,,,,,,,,,,,,,,,Mistral,,,easy,4.0
regression__easy__sakshisatre_the-boston-housing-dataset__Boston (1),regression__easy__sakshisatre_the-boston-housing-dataset__Boston (1).json,regression,MEDV,linear,success,,,,,,506.0,,,/home/joshua/Code/ai_projects/amalia/backend/data/uploads/datasets/regression/easy/sakshisatre_the-boston-housing-dataset/Boston (1).csv,/home/joshua/Code/ai_projects/amalia/data/batch_results/batch_20260421164615_4d958e70mistral_final/models/regression__easy__sakshisatre_the-boston-housing-dataset__Boston (1).pkl,3.0,"['1:load_csv', '2:train_regression_model', '3:evaluate_regression_model']",,,,,,,,,0.7223622191862535,22.0407,4.6947,3.2988,16.6655,,,Mistral,,,easy,4.0
regression__easy__thedevastator_age-prediction-for-individuals-using-multi-omic__test_rows,regression__easy__thedevastator_age-prediction-for-individuals-using-multi-omic__test_rows.json,regression,KLF14_2,linear,success,,,,,,104.0,,,/home/joshua/Code/ai_projects/amalia/backend/data/uploads/datasets/regression/easy/thedevastator_age-prediction-for-individuals-using-multi-omic/test_rows.csv,/home/joshua/Code/ai_projects/amalia/data/batch_results/batch_20260421164615_4d958e70mistral_final/models/regression__easy__thedevastator_age-prediction-for-individuals-using-multi-omic__test_rows.pkl,3.0,"['1:load_csv', '2:train_regression_model', '3:evaluate_regression_model']",,,,,,,,,0.5299779804958037,1.953,1.3975,1.0866,52.356,,,Mistral,,,easy,4.0
regression__easy__zubairdhuddi_linear-regression__test,regression__easy__zubairdhuddi_linear-regression__test.json,regression,y,linear,success,,,,,,60.0,,,/home/joshua/Code/ai_projects/amalia/backend/data/uploads/datasets/regression/easy/zubairdhuddi_linear-regression/test.csv,/home/joshua/Code/ai_projects/amalia/backend/models/linear_regression_test_model.pkl,1.0,['1:train_regression_model'],regression,,,-0.0019,240.0,['x'],/home/joshua/Code/ai_projects/amalia/backend/models/linear_regression_test_model.pkl,,,7.9614,2.8216,2.1583,,0.9887,0.9906,Mistral,,,easy,4.0
regression__hard__anujsaha0123456789_house-prices-cleaned-dataset-for-regression-ml__house_prices_cleaned,regression__hard__anujsaha0123456789_house-prices-cleaned-dataset-for-regression-ml__house_prices_cleaned.json,regression,SalePrice,svr,success,,,,,,1460.0,,,/home/joshua/Code/ai_projects/amalia/backend/data/uploads/datasets/regression/hard/anujsaha0123456789_house-prices-cleaned-dataset-for-regression-ml/house_prices_cleaned.csv,/home/joshua/Code/ai_projects/amalia/data/batch_results/batch_20260421164615_4d958e70mistral_final/models/regression__hard__anujsaha0123456789_house-prices-cleaned-dataset-for-regression-ml__house_prices_cleaned.pkl,3.0,"['1:load_csv', '2:train_regression_model', '3:evaluate_regression_model']",,,,,,,,,-0.0235785096682885,6557949939.5246,80981.1703,55540.0192,32.1043,,,Mistral,,,hard,4.0
regression__hard__bharatsahu_house-price-prediction-dataset-insurancehub-usa__House_price_multifeatures,regression__hard__bharatsahu_house-price-prediction-dataset-insurancehub-usa__House_price_multifeatures.json,classification,TTTerritory,decision_tree,failed,Input contains NaN,,,,,,,,,,,,,,,,,,,,,,,,,,,Mistral,,,hard,4.0
regression__hard__bjaton_housepricesadvancedregressiontechniquestrain__train,regression__hard__bjaton_housepricesadvancedregressiontechniquestrain__train.json,regression,SalePrice,ridge,failed,"Input X contains NaN.
Ridge does not accept missing values encoded as NaN natively. For supervised learning, you might want to consider sklearn.ensemble.HistGradientBoostingClassifier and Regressor which accept missing values encoded as NaNs natively. Alternatively, it is possible to preprocess the data, for instance by using an imputer transformer in a pipeline or drop samples with missing values. See https://scikit-learn.org/stable/modules/impute.html You can find a list of all estimators that handle NaN values at the following page: https://scikit-learn.org/stable/modules/impute.html#estimators-that-handle-nan-values",,,,,,,,,,,,,,,,,,,,,,,,,,,Mistral,,,hard,4.0
regression__hard__bobnau_daily-website-visitors__daily-website-visitors,regression__hard__bobnau_daily-website-visitors__daily-website-visitors.json,regression,Returning.Visits,linear,failed,"could not convert string to float: '1,036'",,,,,,,,,,,,,,,,,,,,,,,,,,,Mistral,,,hard,4.0
regression__hard__deepcontractor_car-price-prediction-challenge__car_price_prediction,regression__hard__deepcontractor_car-price-prediction-challenge__car_price_prediction.json,regression,Price,random_forest,success,,,,,,19237.0,,,/home/joshua/Code/ai_projects/amalia/backend/data/uploads/datasets/regression/hard/deepcontractor_car-price-prediction-challenge/car_price_prediction_preprocessed.csv,/home/joshua/Code/ai_projects/amalia/backend/models/car_price_prediction_model.pkl,4.0,"['1:handle_missing_values', '1:encode_categorical', '2:train_regression_model', '3:evaluate_regression_model']",,,,,,,,,0.7645940481259814,7306327215.1562,85477.0567,3065.5139,628.093,,,Mistral,,,hard,4.0
regression__hard__kanchana1990_colorado-real-estate-market-2026__colorado_real_estate_2026,regression__hard__kanchana1990_colorado-real-estate-market-2026__colorado_real_estate_2026.json,regression,garage,linear,failed,"Input X contains NaN.
LinearRegression does not accept missing values encoded as NaN natively. For supervised learning, you might want to consider sklearn.ensemble.HistGradientBoostingClassifier and Regressor which accept missing values encoded as NaNs natively. Alternatively, it is possible to preprocess the data, for instance by using an imputer transformer in a pipeline or drop samples with missing values. See https://scikit-learn.org/stable/modules/impute.html You can find a list of all estimators that handle NaN values at the following page: https://scikit-learn.org/stable/modules/impute.html#estimators-that-handle-nan-values",,,,,,,,,,,,,,,,,,,,,,,,,,,Mistral,,,hard,4.0
regression__hard__milanvaddoriya_old-car-price-prediction__car_price,regression__hard__milanvaddoriya_old-car-price-prediction__car_price.json,regression,,,failed,get_column_info: Column 'None' not found,,,,,,,,,,,,,,,,,,,,,,,,,,,Mistral,,,hard,4.0
regression__hard__spittman1248_cdc-data-nutrition-physical-activity-obesity__Nutrition__Physical_Activity__and_Obesity_-_Behavioral_Risk_Factor_Surveillance_System,regression__hard__spittman1248_cdc-data-nutrition-physical-activity-obesity__Nutrition__Physical_Activity__and_Obesity_-_Behavioral_Risk_Factor_Surveillance_System.json,classification,Class,naive_bayes,failed,"Input X contains NaN.
GaussianNB does not accept missing values encoded as NaN natively. For supervised learning, you might want to consider sklearn.ensemble.HistGradientBoostingClassifier and Regressor which accept missing values encoded as NaNs natively. Alternatively, it is possible to preprocess the data, for instance by using an imputer transformer in a pipeline or drop samples with missing values. See https://scikit-learn.org/stable/modules/impute.html You can find a list of all estimators that handle NaN values at the following page: https://scikit-learn.org/stable/modules/impute.html#estimators-that-handle-nan-values",,,,,,,,,,,,,,,,,,,,,,,,,,,Mistral,,,hard,4.0
regression__hard__taweilo_mba-admission-dataset__MBA,regression__hard__taweilo_mba-admission-dataset__MBA.json,regression,gpa,linear,success,,,,,,692.0,,,/home/joshua/Code/ai_projects/amalia/backend/data/uploads/datasets/regression/hard/taweilo_mba-admission-dataset/MBA_processed.csv,/home/joshua/Code/ai_projects/amalia/backend/models/regression_linear_MBA.joblib,3.0,"['1:handle_missing_values', '2:train_regression_model', '3:evaluate_regression_model']",,,,,,,,,0.3196364499007348,0.0108,0.1038,0.0833,2.4765,,,Mistral,,,hard,4.0
regression__hard__valakhorasani_tehran-house-prices-dataset__TehranHouse,regression__hard__valakhorasani_tehran-house-prices-dataset__TehranHouse.json,regression,Price(USD),linear,success,,,,,,3479.0,,,/home/joshua/Code/ai_projects/amalia/backend/data/uploads/datasets/regression/hard/valakhorasani_tehran-house-prices-dataset/TehranHouse.csv,/home/joshua/Code/ai_projects/amalia/data/batch_results/batch_20260421164615_4d958e70mistral_final/models/regression__hard__valakhorasani_tehran-house-prices-dataset__TehranHouse.pkl,3.0,"['1:load_csv', '2:train_regression_model', '3:evaluate_regression_model']",,,,,,,,,1.0,0.0,0.0026,0.0021,0.0,,,Mistral,,,hard,4.0
regression__mid__CooperUnion_cardataset__data,regression__mid__CooperUnion_cardataset__data.json,regression,MSRP,linear,failed,"Input X contains NaN.
LinearRegression does not accept missing values encoded as NaN natively. For supervised learning, you might want to consider sklearn.ensemble.HistGradientBoostingClassifier and Regressor which accept missing values encoded as NaNs natively. Alternatively, it is possible to preprocess the data, for instance by using an imputer transformer in a pipeline or drop samples with missing values. See https://scikit-learn.org/stable/modules/impute.html You can find a list of all estimators that handle NaN values at the following page: https://scikit-learn.org/stable/modules/impute.html#estimators-that-handle-nan-values",,,,,,,,,,,,,,,,,,,,,,,,,,,Mistral,,,medium,4.0
regression__mid__alamshihab075_health-and-lifestyle-data-for-diabetes-prediction__Diabetes_and_LifeStyle_Dataset ,regression__mid__alamshihab075_health-and-lifestyle-data-for-diabetes-prediction__Diabetes_and_LifeStyle_Dataset .json,regression,diagnosed_diabetes,ridge,success,,,,,,97297.0,,,/home/joshua/Code/ai_projects/amalia/backend/data/uploads/datasets/regression/mid/alamshihab075_health-and-lifestyle-data-for-diabetes-prediction/Diabetes_and_LifeStyle_Dataset .csv,/home/joshua/Code/ai_projects/amalia/data/batch_results/batch_20260421164615_4d958e70mistral_final/models/regression__mid__alamshihab075_health-and-lifestyle-data-for-diabetes-prediction__Diabetes_and_LifeStyle_Dataset .pkl,3.0,"['1:load_csv', '2:train_regression_model', '3:evaluate_regression_model']",,,,,,,,,0.9090036293823696,0.0186,0.1363,0.0805,,,,Mistral,,,medium,4.0
regression__mid__camnugent_california-housing-prices__housing,regression__mid__camnugent_california-housing-prices__housing.json,regression,median_house_value,linear,failed,"Input X contains NaN.
LinearRegression does not accept missing values encoded as NaN natively. For supervised learning, you might want to consider sklearn.ensemble.HistGradientBoostingClassifier and Regressor which accept missing values encoded as NaNs natively. Alternatively, it is possible to preprocess the data, for instance by using an imputer transformer in a pipeline or drop samples with missing values. See https://scikit-learn.org/stable/modules/impute.html You can find a list of all estimators that handle NaN values at the following page: https://scikit-learn.org/stable/modules/impute.html#estimators-that-handle-nan-values",,,,,,,,,,,,,,,,,,,,,,,,,,,Mistral,,,medium,4.0
regression__mid__harlfoxem_housesalesprediction__kc_house_data,regression__mid__harlfoxem_housesalesprediction__kc_house_data.json,regression,,,failed,can't multiply sequence by non-int of type 'numpy.float64',,,,,,,,,,,,,,,,,,,,,,,,,,,Mistral,,,medium,4.0
regression__mid__hrokrin_the-largest-diamond-dataset-currely-on-kaggle__diamonds,regression__mid__hrokrin_the-largest-diamond-dataset-currely-on-kaggle__diamonds.json,classification,total_sales_price,naive_bayes,success,,0.5587920475928132,0.6016,0.5443,0.5247173552624274,219703.0,22202.0,False,/home/joshua/Code/ai_projects/amalia/backend/data/uploads/datasets/regression/mid/hrokrin_the-largest-diamond-dataset-currely-on-kaggle/diamonds.csv,/home/joshua/Code/ai_projects/amalia/data/batch_results/batch_20260421164615_4d958e70mistral_final/models/regression__mid__hrokrin_the-largest-diamond-dataset-currely-on-kaggle__diamonds.pkl,3.0,"['1:load_csv', '2:train_classification_model', '3:evaluate_classification_model']",,,,,,,,,,,,,,,,Mistral,,,medium,4.0
regression__mid__lorenzozoppelletto_financial-risk-for-loan-approval__Loan,regression__mid__lorenzozoppelletto_financial-risk-for-loan-approval__Loan.json,regression,RiskScore,ridge,success,,,,,,20000.0,,,/home/joshua/Code/ai_projects/amalia/backend/data/uploads/datasets/regression/mid/lorenzozoppelletto_financial-risk-for-loan-approval/Loan.csv,/home/joshua/Code/ai_projects/amalia/data/batch_results/batch_20260421164615_4d958e70mistral_final/models/regression__mid__lorenzozoppelletto_financial-risk-for-loan-approval__Loan.pkl,3.0,"['1:load_csv', '2:train_regression_model', '3:evaluate_regression_model']",,,,,,,,,0.9622637037277404,3.7993,1.9492,1.5056,3.0474,,,Mistral,,,medium,4.0
regression__mid__mirichoi0218_insurance__insurance,regression__mid__mirichoi0218_insurance__insurance.json,regression,charges,gradient_boosting,success,,,,,,1338.0,,,/home/joshua/Code/ai_projects/amalia/backend/data/uploads/datasets/regression/mid/mirichoi0218_insurance/insurance.csv,/home/joshua/Code/ai_projects/amalia/backend/models/regression_model.pkl,4.0,"['1:load_csv', '1:infer_data_types', '2:train_regression_model', '3:evaluate_regression_model']",,,,,,,,,0.8473344101154042,14829860.2228,3850.9558,2162.0931,26.6765,,,Mistral,,,medium,4.0
regression__mid__ranitsarkar01_porter-delivery-time-estimation__dataset,regression__mid__ranitsarkar01_porter-delivery-time-estimation__dataset.json,regression,,,failed,filter_rows: Unknown condition: notnull,,,,,,,,,,,,,,,,,,,,,,,,,,,Mistral,,,medium,4.0
regression__mid__rupals_gpu-runtime__sgemm_product,regression__mid__rupals_gpu-runtime__sgemm_product.json,regression,,,failed,get_column_info: Column 'None' not found,,,,,,,,,,,,,,,,,,,,,,,,,,,Mistral,,,medium,4.0
regression__mid__yasserh_uber-fares-dataset__uber,regression__mid__yasserh_uber-fares-dataset__uber.json,regression,,,failed,get_column_info: Column 'None' not found,,,,,,,,,,,,,,,,,,,,,,,,,,,Mistral,,,medium,4.0
classification__easy__abhishek14398_heart-disease-classification__heart,classification__easy__abhishek14398_heart-disease-classification__heart.json,classification,target,logistic,success,,0.856904147350281,0.8531,0.9152,0.8785210514571833,303.0,2.0,True,/home/joshua/Code/ai_projects/amalia/backend/data/uploads/datasets/classification/easy/abhishek14398_heart-disease-classification/heart.csv,/home/joshua/Code/ai_projects/amalia/data/batch_results/batch_20260421164615_4d958e70mistral_final/models/classification__easy__abhishek14398_heart-disease-classification__heart.pkl,3.0,"['1:load_csv', '2:train_classification_model', '3:evaluate_classification_model']",,,,,,,,,,,,,,,,Mistral,,,easy,5.0
classification__easy__brsahan_genomic-data-for-cancer__gene_expression,classification__easy__brsahan_genomic-data-for-cancer__gene_expression.json,classification,Cancer Present,logistic,success,,,,,,600.0,2.0,,/home/joshua/Code/ai_projects/amalia/backend/data/uploads/datasets/classification/easy/brsahan_genomic-data-for-cancer/gene_expression.csv,/home/joshua/Code/ai_projects/amalia/data/batch_results/batch_20260421164615_4d958e70mistral_final/models/classification__easy__brsahan_genomic-data-for-cancer__gene_expression.pkl,4.0,"['1:load_csv', '1:validate_csv_structure', '1:detect_duplicates', '2:train_classification_model']",classification,0.8542,0.8667,-0.0125,2400.0,"['Gene One', 'Gene Two']",/home/joshua/Code/ai_projects/amalia/data/batch_results/batch_20260421164615_4d958e70mistral_final/models/classification__easy__brsahan_genomic-data-for-cancer__gene_expression.pkl,,,,,,,,,Mistral,,,easy,5.0
classification__easy__fedesoriano_stellar-classification-dataset-sdss17__star_classification,classification__easy__fedesoriano_stellar-classification-dataset-sdss17__star_classification.json,classification,,,failed,get_column_info: Column 'None' not found,,,,,,,,,,,,,,,,,,,,,,,,,,,Mistral,,,easy,5.0
classification__easy__himanshunakrani_naive-bayes-classification-data__Naive-Bayes-Classification-Data,classification__easy__himanshunakrani_naive-bayes-classification-data__Naive-Bayes-Classification-Data.json,classification,diabetes,naive_bayes,success,,,,,,199.0,2.0,,/home/joshua/Code/ai_projects/amalia/backend/data/uploads/datasets/classification/easy/himanshunakrani_naive-bayes-classification-data/Naive-Bayes-Classification-Data.csv,/home/joshua/Code/ai_projects/amalia/data/batch_results/batch_20260421164615_4d958e70mistral_final/models/classification__easy__himanshunakrani_naive-bayes-classification-data__Naive-Bayes-Classification-Data.pkl,3.0,"['1:load_csv', '2:remove_duplicates', '3:train_classification_model']",classification,0.9347,0.9296,0.005,796.0,"['glucose', 'bloodpressure']",/home/joshua/Code/ai_projects/amalia/data/batch_results/batch_20260421164615_4d958e70mistral_final/models/classification__easy__himanshunakrani_naive-bayes-classification-data__Naive-Bayes-Classification-Data.pkl,,,,,,,,,Mistral,,,easy,5.0
classification__easy__mahmoudshaheen1134_heart-disease-data__heart disease,classification__easy__mahmoudshaheen1134_heart-disease-data__heart disease.json,classification,target,logistic,success,,0.8455507511653669,0.8531,0.9173,0.9100183591603046,242.0,2.0,True,/home/joshua/Code/ai_projects/amalia/backend/data/uploads/heart disease_train.csv,/home/joshua/Code/ai_projects/amalia/backend/models/heart_disease_model.pkl,5.0,"['1:load_csv', '2:validate_csv_structure', '3:split_dataset', '4:train_classification_model', '5:evaluate_classification_model']",,,,,,,,,,,,,,,,Mistral,,,easy,5.0
classification__easy__priyanshusethi_happiness-classification-dataset__happydata,classification__easy__priyanshusethi_happiness-classification-dataset__happydata.json,classification,,,failed,get_column_info: Column 'None' not found,,,,,,,,,,,,,,,,,,,,,,,,,,,Mistral,,,easy,5.0
classification__easy__ritwikb3_heart-disease-cleveland__Heart_disease_cleveland_new,classification__easy__ritwikb3_heart-disease-cleveland__Heart_disease_cleveland_new.json,classification,,,success,,,,,,,,,/home/joshua/Code/ai_projects/amalia/backend/data/uploads/datasets/classification/easy/ritwikb3_heart-disease-cleveland/Heart_disease_cleveland_new.csv,,0.0,[],,,,,,,,,,,,,,,,Mistral,,,easy,5.0
classification__easy__ritwikb3_heart-disease-statlog__Heart_disease_statlog,classification__easy__ritwikb3_heart-disease-statlog__Heart_disease_statlog.json,classification,target,logistic,success,,0.8765388145593358,0.8661,0.8083,0.8587270090198005,270.0,2.0,True,/home/joshua/Code/ai_projects/amalia/backend/data/uploads/datasets/classification/easy/ritwikb3_heart-disease-statlog/Heart_disease_statlog.csv,/home/joshua/Code/ai_projects/amalia/data/batch_results/batch_20260421164615_4d958e70mistral_final/models/classification__easy__ritwikb3_heart-disease-statlog__Heart_disease_statlog.pkl,3.0,"['1:load_csv', '2:train_classification_model', '3:evaluate_classification_model']",,,,,,,,,,,,,,,,Mistral,,,easy,5.0
classification__easy__robikscube_eye-state-classification-eeg-dataset__EEG_Eye_State_Classification,classification__easy__robikscube_eye-state-classification-eeg-dataset__EEG_Eye_State_Classification.json,classification,eyeDetection,logistic,success,,0.6589929562160451,0.6417,0.4651,0.5280678665946851,14980.0,2.0,True,/home/joshua/Code/ai_projects/amalia/backend/data/uploads/datasets/classification/easy/robikscube_eye-state-classification-eeg-dataset/EEG_Eye_State_Classification.csv,/home/joshua/Code/ai_projects/amalia/data/batch_results/batch_20260421164615_4d958e70mistral_final/models/classification__easy__robikscube_eye-state-classification-eeg-dataset__EEG_Eye_State_Classification.pkl,3.0,"['1:load_csv', '2:train_classification_model', '3:evaluate_classification_model']",,,,,,,,,,,,,,,,Mistral,,,easy,5.0
classification__easy__uciml_glass__glass,classification__easy__uciml_glass__glass.json,classification,Type,logistic,success,,0.6538386492976777,0.6124,0.6542,0.6185687082906424,214.0,6.0,False,/home/joshua/Code/ai_projects/amalia/backend/data/uploads/datasets/classification/easy/uciml_glass/glass.csv,/home/joshua/Code/ai_projects/amalia/data/batch_results/batch_20260421164615_4d958e70mistral_final/models/classification__easy__uciml_glass__glass.pkl,3.0,"['1:load_csv', '2:train_classification_model', '3:evaluate_classification_model']",,,,,,,,,,,,,,,,Mistral,,,easy,5.0
classification__easy__yasserh_heart-disease-dataset__heart,classification__easy__yasserh_heart-disease-dataset__heart.json,classification,target,logistic,success,,0.8468035239132097,0.8531,0.9152,0.8823717930539727,303.0,2.0,True,/home/joshua/Code/ai_projects/amalia/backend/data/uploads/datasets/classification/easy/yasserh_heart-disease-dataset/heart.csv,/home/joshua/Code/ai_projects/amalia/data/batch_results/batch_20260421164615_4d958e70mistral_final/models/classification__easy__yasserh_heart-disease-dataset__heart.pkl,3.0,"['1:load_csv', '2:train_classification_model', '3:evaluate_classification_model']",,,,,,,,,,,,,,,,Mistral,,,easy,5.0
classification__easy__yasserh_wine-quality-dataset__WineQT,classification__easy__yasserh_wine-quality-dataset__WineQT.json,classification,,,failed,Workflow has no executable steps,,,,,,,,,,,,,,,,,,,,,,,,,,,Mistral,,,easy,5.0
classification__hard__abhishek14398_loan-dataset__loan,classification__hard__abhishek14398_loan-dataset__loan.json,classification,total_il_high_credit_limit,naive_bayes,failed,Input y contains NaN.,,,,,,,,,,,,,,,,,,,,,,,,,,,Mistral,,,hard,5.0
classification__hard__andrewmvd_cyberbullying-classification__cyberbullying_tweets,classification__hard__andrewmvd_cyberbullying-classification__cyberbullying_tweets.json,classification,cyberbullying_type,logistic,success,,0.8943675604827098,0.8949,0.8899,0.8804883886719749,47692.0,6.0,False,/home/joshua/Code/ai_projects/amalia/backend/data/uploads/datasets/classification/hard/andrewmvd_cyberbullying-classification/cyberbullying_tweets.csv,/home/joshua/Code/ai_projects/amalia/data/batch_results/batch_20260421164615_4d958e70mistral_final/models/classification__hard__andrewmvd_cyberbullying-classification__cyberbullying_tweets.pkl,3.0,"['1:load_csv', '2:train_classification_model', '3:evaluate_classification_model']",,,,,,,,,,,,,,,,Mistral,,,hard,5.0
classification__hard__balaka18_email-spam-classification-dataset-csv__emails,classification__hard__balaka18_email-spam-classification-dataset-csv__emails.json,classification,target,svm,success,,0.969226281844056,0.9743,0.987,1.0,5172.0,7.0,False,/home/joshua/Code/ai_projects/amalia/backend/data/uploads/datasets/classification/hard/balaka18_email-spam-classification-dataset-csv/emails.csv,/home/joshua/Code/ai_projects/amalia/data/batch_results/batch_20260421164615_4d958e70mistral_final/models/classification__hard__balaka18_email-spam-classification-dataset-csv__emails.pkl,3.0,"['1:load_csv', '2:train_classification_model', '3:evaluate_classification_model']",,,,,,,,,,,,,,,,Mistral,,,hard,5.0
classification__hard__ddosad_ecommerce-customer-service-satisfaction__Customer_support_data,classification__hard__ddosad_ecommerce-customer-service-satisfaction__Customer_support_data.json,classification,CSAT Score,logistic,failed,"Input X contains NaN.
LogisticRegression does not accept missing values encoded as NaN natively. For supervised learning, you might want to consider sklearn.ensemble.HistGradientBoostingClassifier and Regressor which accept missing values encoded as NaNs natively. Alternatively, it is possible to preprocess the data, for instance by using an imputer transformer in a pipeline or drop samples with missing values. See https://scikit-learn.org/stable/modules/impute.html You can find a list of all estimators that handle NaN values at the following page: https://scikit-learn.org/stable/modules/impute.html#estimators-that-handle-nan-values",,,,,,,,,,,,,,,,,,,,,,,,,,,Mistral,,,hard,5.0
classification__hard__hetulmehta_website-classification__website_classification,classification__hard__hetulmehta_website-classification__website_classification.json,classification,Category,logistic,success,,0.5586017241403374,0.6073,0.5682,0.5045793319769966,1408.0,16.0,False,/home/joshua/Code/ai_projects/amalia/backend/data/uploads/datasets/classification/hard/hetulmehta_website-classification/website_classification.csv,/home/joshua/Code/ai_projects/amalia/data/batch_results/batch_20260421164615_4d958e70mistral_final/models/classification__hard__hetulmehta_website-classification__website_classification.pkl,3.0,"['1:load_csv', '2:train_classification_model', '3:evaluate_classification_model']",,,,,,,,,,,,,,,,Mistral,,,hard,5.0
classification__hard__jocelyndumlao_consumer-review-of-clothing-product__Consumer Review of Clothing Product__data_amazon.xlsx - Sheet1,classification__hard__jocelyndumlao_consumer-review-of-clothing-product__Consumer Review of Clothing Product__data_amazon.xlsx - Sheet1.json,classification,Durability,gradient_boosting,failed,"Input X contains NaN.
GradientBoostingClassifier does not accept missing values encoded as NaN natively. For supervised learning, you might want to consider sklearn.ensemble.HistGradientBoostingClassifier and Regressor which accept missing values encoded as NaNs natively. Alternatively, it is possible to preprocess the data, for instance by using an imputer transformer in a pipeline or drop samples with missing values. See https://scikit-learn.org/stable/modules/impute.html You can find a list of all estimators that handle NaN values at the following page: https://scikit-learn.org/stable/modules/impute.html#estimators-that-handle-nan-values",,,,,,,,,,,,,,,,,,,,,,,,,,,Mistral,,,hard,5.0
classification__hard__pashupatigupta_emotion-detection-from-text__tweet_emotions,classification__hard__pashupatigupta_emotion-detection-from-text__tweet_emotions.json,classification,,,failed,"random_state must be an integer, array-like, a BitGenerator, Generator, a numpy RandomState, or None",,,,,,,,,,,,,,,,,,,,,,,,,,,Mistral,,,hard,5.0
classification__hard__prox37_twitter-multilabel-classification-dataset__mLabel_tweets,classification__hard__prox37_twitter-multilabel-classification-dataset__mLabel_tweets.json,classification,labels,logistic,success,,,,,,1985.0,288.0,,/home/joshua/Code/ai_projects/amalia/backend/data/uploads/datasets/classification/hard/prox37_twitter-multilabel-classification-dataset/mLabel_tweets.csv,/home/joshua/Code/ai_projects/amalia/data/batch_results/batch_20260421164615_4d958e70mistral_final/models/classification__hard__prox37_twitter-multilabel-classification-dataset__mLabel_tweets.pkl,2.0,"['1:encode_categorical', '2:train_classification_model']",classification,0.2906,0.2907,-0.0001,7936.0,"['ID', 'tweet']",/home/joshua/Code/ai_projects/amalia/data/batch_results/batch_20260421164615_4d958e70mistral_final/models/classification__hard__prox37_twitter-multilabel-classification-dataset__mLabel_tweets.pkl,,,,,,,,,Mistral,,,hard,5.0
classification__hard__saurabhshahane_ecommerce-text-classification__ecommerceDataset,classification__hard__saurabhshahane_ecommerce-text-classification__ecommerceDataset.json,classification,"Paper Plane Design Framed Wall Hanging Motivational Office Decor Art Prints (8.7 X 8.7 inch) - Set of 4 Painting made up in synthetic frame with uv textured print which gives multi effects and attracts towards it. This is an special series of paintings which makes your wall very beautiful and gives a royal touch. This painting is ready to hang, you would be proud to possess this unique painting that is a niche apart. We use only the most modern and efficient printing technology on our prints, with only the and inks and precision epson, roland and hp printers. This innovative hd printing technique results in durable and spectacular looking prints of the highest that last a lifetime. We print solely with top-notch 100% inks, to achieve brilliant and true colours. Due to their high level of uv resistance, our prints retain their beautiful colours for many years. Add colour and style to your living space with this digitally printed painting. Some are for pleasure and some for eternal bliss.so bring home this elegant print that is lushed with rich colors that makes it nothing but sheer elegance to be to your friends and family.it would be treasured forever by whoever your lucky recipient is. Liven up your place with these intriguing paintings that are high definition hd graphic digital prints for home, office or any room.",logistic,failed,Input contains NaN,,,,,,,,,,,,,,,,,,,,,,,,,,,Mistral,,,hard,5.0
classification__hard__shivamb_spam-url-prediction__url_spam_classification,classification__hard__shivamb_spam-url-prediction__url_spam_classification.json,classification,is_spam,logistic,success,,0.8559424917782605,0.6732,0.7047,0.713392853792049,148303.0,2.0,True,/home/joshua/Code/ai_projects/amalia/backend/data/uploads/datasets/classification/hard/shivamb_spam-url-prediction/url_spam_classification.csv,/home/joshua/Code/ai_projects/amalia/data/batch_results/batch_20260421164615_4d958e70mistral_final/models/classification__hard__shivamb_spam-url-prediction__url_spam_classification.pkl,3.0,"['1:load_csv', '2:train_classification_model', '3:evaluate_classification_model']",,,,,,,,,,,,,,,,Mistral,,,hard,5.0
classification__mid__andrewmvd_cyberbullying-classification__cyberbullying_tweets,classification__mid__andrewmvd_cyberbullying-classification__cyberbullying_tweets.json,classification,cyberbullying_type,logistic,success,,0.8831069302381448,0.8949,0.8899,0.8707569579275546,47692.0,6.0,False,/home/joshua/Code/ai_projects/amalia/backend/data/uploads/datasets/classification/mid/andrewmvd_cyberbullying-classification/cyberbullying_tweets.csv,/home/joshua/Code/ai_projects/amalia/data/batch_results/batch_20260421164615_4d958e70mistral_final/models/classification__mid__andrewmvd_cyberbullying-classification__cyberbullying_tweets.pkl,4.0,"['1:load_csv', '2:get_basic_stats', '3:train_classification_model', '4:evaluate_classification_model']",,,,,,,,,,,,,,,,Mistral,,,medium,5.0
classification__mid__christianlillelund_csgo-round-winner-classification__csgo_round_snapshots,classification__mid__christianlillelund_csgo-round-winner-classification__csgo_round_snapshots.json,classification,round_winner,decision_tree,failed,"pos_label=1 is not a valid label. It should be one of ['CT', 'T']",,,,,,,,,,,,,,,,,,,,,,,,,,,Mistral,,,medium,5.0
classification__mid__fedesoriano_heart-failure-prediction__heart,classification__mid__fedesoriano_heart-failure-prediction__heart.json,classification,HeartDisease,logistic,success,,0.8313007434175532,0.8672,0.874,0.8879433958742745,918.0,2.0,True,/home/joshua/Code/ai_projects/amalia/backend/data/uploads/datasets/classification/mid/fedesoriano_heart-failure-prediction/heart.csv,/home/joshua/Code/ai_projects/amalia/data/batch_results/batch_20260421164615_4d958e70mistral_final/models/classification__mid__fedesoriano_heart-failure-prediction__heart.pkl,3.0,"['1:load_csv', '2:train_classification_model', '3:evaluate_classification_model']",,,,,,,,,,,,,,,,Mistral,,,medium,5.0
classification__mid__fedesoriano_stellar-classification-dataset-sdss17__star_classification,classification__mid__fedesoriano_stellar-classification-dataset-sdss17__star_classification.json,classification,,,failed,"random_state must be an integer, array-like, a BitGenerator, Generator, a numpy RandomState, or None",,,,,,,,,,,,,,,,,,,,,,,,,,,Mistral,,,medium,5.0
classification__mid__nimapourmoradi_dry-bean-dataset-classification__Dry_Bean_Dataset,classification__mid__nimapourmoradi_dry-bean-dataset-classification__Dry_Bean_Dataset.json,classification,Class,logistic,success,,,,,,2723.0,7.0,,/home/joshua/Code/ai_projects/amalia/backend/data/uploads/datasets/classification/mid/nimapourmoradi_dry-bean-dataset-classification/Dry_Bean_Dataset.csv,/home/joshua/Code/ai_projects/amalia/data/batch_results/batch_20260421164615_4d958e70mistral_final/models/classification__mid__nimapourmoradi_dry-bean-dataset-classification__Dry_Bean_Dataset.pkl,3.0,"['1:load_csv', '2:get_basic_stats', '3:train_classification_model']",classification,0.8803,0.8707,0.0096,10888.0,"['Area', 'Perimeter', 'MajorAxisLength', 'MinorAxisLength', 'AspectRation', 'Eccentricity', 'ConvexArea', 'EquivDiameter', 'Extent', 'Solidity', 'roundness', 'Compactness', 'ShapeFactor1', 'ShapeFactor2', 'ShapeFactor3', 'ShapeFactor4']",/home/joshua/Code/ai_projects/amalia/data/batch_results/batch_20260421164615_4d958e70mistral_final/models/classification__mid__nimapourmoradi_dry-bean-dataset-classification__Dry_Bean_Dataset.pkl,,,,,,,,,Mistral,,,medium,5.0
classification__mid__tanishqdublish_text-classification-documentation__df_file,classification__mid__tanishqdublish_text-classification-documentation__df_file.json,classification,Label,logistic,success,,0.9968586756594936,0.9996,0.9996,1.0,2225.0,5.0,False,/home/joshua/Code/ai_projects/amalia/backend/data/uploads/datasets/classification/mid/tanishqdublish_text-classification-documentation/df_file.csv,/home/joshua/Code/ai_projects/amalia/data/batch_results/batch_20260421164615_4d958e70mistral_final/models/classification__mid__tanishqdublish_text-classification-documentation__df_file.pkl,3.0,"['1:load_csv', '2:train_classification_model', '3:evaluate_classification_model']",,,,,,,,,,,,,,,,Mistral,,,medium,5.0
classification__mid__uciml_iris__Iris,classification__mid__uciml_iris__Iris.json,classification,Species,logistic,success,,,,,,30.0,3.0,,/home/joshua/Code/ai_projects/amalia/backend/data/uploads/datasets/classification/mid/uciml_iris/Iris.csv,/home/joshua/Code/ai_projects/amalia/data/batch_results/batch_20260421164615_4d958e70mistral_final/models/classification__mid__uciml_iris__Iris.pkl,2.0,"['1:encode_categorical', '2:train_classification_model']",classification,1.0,1.0,0.0,120.0,"['Id', 'SepalLengthCm', 'SepalWidthCm', 'PetalLengthCm', 'PetalWidthCm']",/home/joshua/Code/ai_projects/amalia/data/batch_results/batch_20260421164615_4d958e70mistral_final/models/classification__mid__uciml_iris__Iris.pkl,,,,,,,,,Mistral,,,medium,5.0
classification__mid__uciml_pima-indians-diabetes-database__diabetes,classification__mid__uciml_pima-indians-diabetes-database__diabetes.json,classification,Outcome,logistic,success,,0.7685772925921442,0.6947,0.5858,0.5965670949450687,768.0,2.0,True,/home/joshua/Code/ai_projects/amalia/backend/data/uploads/datasets/classification/mid/uciml_pima-indians-diabetes-database/diabetes.csv,/home/joshua/Code/ai_projects/amalia/data/batch_results/batch_20260421164615_4d958e70mistral_final/models/classification__mid__uciml_pima-indians-diabetes-database__diabetes.pkl,3.0,"['1:load_csv', '2:train_classification_model', '3:evaluate_classification_model']",,,,,,,,,,,,,,,,Mistral,,,medium,5.0
classification__mid__xhlulu_cpc-codes__titles,classification__mid__xhlulu_cpc-codes__titles.json,classification,class,logistic,failed,"Input X contains NaN.
LogisticRegression does not accept missing values encoded as NaN natively. For supervised learning, you might want to consider sklearn.ensemble.HistGradientBoostingClassifier and Regressor which accept missing values encoded as NaNs natively. Alternatively, it is possible to preprocess the data, for instance by using an imputer transformer in a pipeline or drop samples with missing values. See https://scikit-learn.org/stable/modules/impute.html You can find a list of all estimators that handle NaN values at the following page: https://scikit-learn.org/stable/modules/impute.html#estimators-that-handle-nan-values",,,,,,,,,,,,,,,,,,,,,,,,,,,Mistral,,,medium,5.0
classification__mid__yasserh_titanic-dataset__Titanic-Dataset,classification__mid__yasserh_titanic-dataset__Titanic-Dataset.json,classification,Survived,logistic,failed,"Input X contains NaN.
LogisticRegression does not accept missing values encoded as NaN natively. For supervised learning, you might want to consider sklearn.ensemble.HistGradientBoostingClassifier and Regressor which accept missing values encoded as NaNs natively. Alternatively, it is possible to preprocess the data, for instance by using an imputer transformer in a pipeline or drop samples with missing values. See https://scikit-learn.org/stable/modules/impute.html You can find a list of all estimators that handle NaN values at the following page: https://scikit-learn.org/stable/modules/impute.html#estimators-that-handle-nan-values",,,,,,,,,,,,,,,,,,,,,,,,,,,Mistral,,,medium,5.0
regression__easy__ganjerlawrence_mobile-phone-price-prediction-cleaned-dataset__Mobile-Price-Prediction-cleaned_data,regression__easy__ganjerlawrence_mobile-phone-price-prediction-cleaned-dataset__Mobile-Price-Prediction-cleaned_data.json,regression,Price,linear,success,,,,,,94.0,,,/home/joshua/Code/ai_projects/amalia/backend/data/uploads/datasets/regression/easy/ganjerlawrence_mobile-phone-price-prediction-cleaned-dataset/Mobile-Price-Prediction-cleaned_data.csv,/home/joshua/Code/ai_projects/amalia/data/batch_results/batch_20260421164615_4d958e70mistral_final/models/regression__easy__ganjerlawrence_mobile-phone-price-prediction-cleaned-dataset__Mobile-Price-Prediction-cleaned_data.pkl,1.0,['1:train_regression_model'],regression,,,0.1973,372.0,"['Ratings', 'RAM', 'ROM', 'Mobile_Size', 'Primary_Cam', 'Selfi_Cam', 'Battery_Power']",/home/joshua/Code/ai_projects/amalia/data/batch_results/batch_20260421164615_4d958e70mistral_final/models/regression__easy__ganjerlawrence_mobile-phone-price-prediction-cleaned-dataset__Mobile-Price-Prediction-cleaned_data.pkl,,,292205913.1856,17094.0315,8626.7143,,0.4831,0.2858,Mistral,,,easy,5.0
regression__easy__govindaramsriram_crop-yield-of-a-farm__crop_yield_data,regression__easy__govindaramsriram_crop-yield-of-a-farm__crop_yield_data.json,regression,crop_yield,linear,success,,,,,,3000.0,,,/home/joshua/Code/ai_projects/amalia/backend/data/uploads/datasets/regression/easy/govindaramsriram_crop-yield-of-a-farm/crop_yield_data.csv,/home/joshua/Code/ai_projects/amalia/data/batch_results/batch_20260421164615_4d958e70mistral_final/models/regression__easy__govindaramsriram_crop-yield-of-a-farm__crop_yield_data.pkl,3.0,"['1:load_csv', '2:train_regression_model', '3:evaluate_regression_model']",,,,,,,,,1.0,0.085,0.2915,0.2518,0.1015,,,Mistral,,,easy,5.0
regression__easy__nalisha_numerical-feature-based-target-prediction-using-ml__practice_dataset,regression__easy__nalisha_numerical-feature-based-target-prediction-using-ml__practice_dataset.json,regression,target,linear,success,,,,,,10000.0,,,/home/joshua/Code/ai_projects/amalia/backend/data/uploads/datasets/regression/easy/nalisha_numerical-feature-based-target-prediction-using-ml/practice_dataset.csv,/home/joshua/Code/ai_projects/amalia/data/batch_results/batch_20260421164615_4d958e70mistral_final/models/regression__easy__nalisha_numerical-feature-based-target-prediction-using-ml__practice_dataset.pkl,3.0,"['1:load_csv', '2:train_regression_model', '3:evaluate_regression_model']",,,,,,,,,0.5325142388648967,2503.812,50.0381,41.4775,260.3718,,,Mistral,,,easy,5.0
regression__easy__quantbruce_real-estate-price-prediction__Real estate,regression__easy__quantbruce_real-estate-price-prediction__Real estate.json,regression,Y house price of unit area,linear,success,,,,,,83.0,,,/home/joshua/Code/ai_projects/amalia/backend/data/uploads/datasets/regression/easy/quantbruce_real-estate-price-prediction/Real estate.csv,/home/joshua/Code/ai_projects/amalia/backend/models/regression_model.pkl,2.0,"['1:load_csv', '2:train_regression_model']",regression,,,-0.1165,331.0,"['No', 'X1 transaction date', 'X2 house age', 'X3 distance to the nearest MRT station', 'X4 number of convenience stores', 'X5 latitude', 'X6 longitude']",/home/joshua/Code/ai_projects/amalia/backend/models/regression_model.pkl,,,57.7124,7.5969,5.4899,,0.5593,0.6758,Mistral,,,easy,5.0
regression__easy__ranitsarkar01_porter-delivery-time-estimation__dataset,regression__easy__ranitsarkar01_porter-delivery-time-estimation__dataset.json,regression,total_outstanding_orders,linear,failed,"Input X contains NaN.
LinearRegression does not accept missing values encoded as NaN natively. For supervised learning, you might want to consider sklearn.ensemble.HistGradientBoostingClassifier and Regressor which accept missing values encoded as NaNs natively. Alternatively, it is possible to preprocess the data, for instance by using an imputer transformer in a pipeline or drop samples with missing values. See https://scikit-learn.org/stable/modules/impute.html You can find a list of all estimators that handle NaN values at the following page: https://scikit-learn.org/stable/modules/impute.html#estimators-that-handle-nan-values",,,,,,,,,,,,,,,,,,,,,,,,,,,Mistral,,,easy,5.0
regression__easy__sakshisatre_the-boston-housing-dataset__Boston (1),regression__easy__sakshisatre_the-boston-housing-dataset__Boston (1).json,regression,MEDV,linear,success,,,,,,506.0,,,/home/joshua/Code/ai_projects/amalia/backend/data/uploads/datasets/regression/easy/sakshisatre_the-boston-housing-dataset/Boston (1).csv,/home/joshua/Code/ai_projects/amalia/data/batch_results/batch_20260421164615_4d958e70mistral_final/models/regression__easy__sakshisatre_the-boston-housing-dataset__Boston (1).pkl,3.0,"['1:load_csv', '2:train_regression_model', '3:evaluate_regression_model']",,,,,,,,,0.7372629617788873,22.0407,4.6947,3.2988,16.6655,,,Mistral,,,easy,5.0
regression__easy__thedevastator_age-prediction-for-individuals-using-multi-omic__test_rows,regression__easy__thedevastator_age-prediction-for-individuals-using-multi-omic__test_rows.json,regression,KLF14_2,linear,failed,,,,,,104.0,,,/home/joshua/Code/ai_projects/amalia/backend/data/uploads/datasets/regression/easy/thedevastator_age-prediction-for-individuals-using-multi-omic/test_rows.csv,/home/joshua/Code/ai_projects/amalia/data/batch_results/batch_20260421164615_4d958e70mistral_final/models/regression__easy__thedevastator_age-prediction-for-individuals-using-multi-omic__test_rows.pkl,3.0,"['1:load_csv', '2:train_regression_model', '3:evaluate_regression_model']",,,,,,,,,,1.953,1.3975,1.0866,52.356,,,Mistral,,,easy,5.0
regression__easy__zubairdhuddi_linear-regression__test,regression__easy__zubairdhuddi_linear-regression__test.json,regression,y,linear,success,,,,,,60.0,,,/home/joshua/Code/ai_projects/amalia/backend/data/uploads/datasets/regression/easy/zubairdhuddi_linear-regression/test.csv,/home/joshua/Code/ai_projects/amalia/backend/models/linear_regression_test_model.pkl,1.0,['1:train_regression_model'],regression,,,-0.0019,240.0,['x'],/home/joshua/Code/ai_projects/amalia/backend/models/linear_regression_test_model.pkl,,,7.9614,2.8216,2.1583,,0.9887,0.9906,Mistral,,,easy,5.0
regression__hard__anujsaha0123456789_house-prices-cleaned-dataset-for-regression-ml__house_prices_cleaned,regression__hard__anujsaha0123456789_house-prices-cleaned-dataset-for-regression-ml__house_prices_cleaned.json,regression,SalePrice,svr,success,,,,,,1460.0,,,/home/joshua/Code/ai_projects/amalia/backend/data/uploads/datasets/regression/hard/anujsaha0123456789_house-prices-cleaned-dataset-for-regression-ml/house_prices_cleaned.csv,/home/joshua/Code/ai_projects/amalia/data/batch_results/batch_20260421164615_4d958e70mistral_final/models/regression__hard__anujsaha0123456789_house-prices-cleaned-dataset-for-regression-ml__house_prices_cleaned.pkl,3.0,"['1:load_csv', '2:train_regression_model', '3:evaluate_regression_model']",,,,,,,,,-0.079417793813064,6557949939.5246,80981.1703,55540.0192,32.1043,,,Mistral,,,hard,5.0
regression__hard__bharatsahu_house-price-prediction-dataset-insurancehub-usa__House_price_multifeatures,regression__hard__bharatsahu_house-price-prediction-dataset-insurancehub-usa__House_price_multifeatures.json,classification,TTTerritory,decision_tree,failed,Input contains NaN,,,,,,,,,,,,,,,,,,,,,,,,,,,Mistral,,,hard,5.0
regression__hard__bjaton_housepricesadvancedregressiontechniquestrain__train,regression__hard__bjaton_housepricesadvancedregressiontechniquestrain__train.json,regression,SalePrice,ridge,failed,"Input X contains NaN.
Ridge does not accept missing values encoded as NaN natively. For supervised learning, you might want to consider sklearn.ensemble.HistGradientBoostingClassifier and Regressor which accept missing values encoded as NaNs natively. Alternatively, it is possible to preprocess the data, for instance by using an imputer transformer in a pipeline or drop samples with missing values. See https://scikit-learn.org/stable/modules/impute.html You can find a list of all estimators that handle NaN values at the following page: https://scikit-learn.org/stable/modules/impute.html#estimators-that-handle-nan-values",,,,,,,,,,,,,,,,,,,,,,,,,,,Mistral,,,hard,5.0
regression__hard__bobnau_daily-website-visitors__daily-website-visitors,regression__hard__bobnau_daily-website-visitors__daily-website-visitors.json,regression,Returning.Visits,linear,failed,"could not convert string to float: '1,036'",,,,,,,,,,,,,,,,,,,,,,,,,,,Mistral,,,hard,5.0
regression__hard__deepcontractor_car-price-prediction-challenge__car_price_prediction,regression__hard__deepcontractor_car-price-prediction-challenge__car_price_prediction.json,regression,Price,random_forest,success,,,,,,19237.0,,,/home/joshua/Code/ai_projects/amalia/backend/data/uploads/datasets/regression/hard/deepcontractor_car-price-prediction-challenge/car_price_prediction_preprocessed.csv,/home/joshua/Code/ai_projects/amalia/backend/models/car_price_prediction_model.pkl,4.0,"['1:handle_missing_values', '1:encode_categorical', '2:train_regression_model', '3:evaluate_regression_model']",,,,,,,,,0.8407895476625092,7306327215.1562,85477.0567,3065.5139,628.093,,,Mistral,,,hard,5.0
regression__hard__kanchana1990_colorado-real-estate-market-2026__colorado_real_estate_2026,regression__hard__kanchana1990_colorado-real-estate-market-2026__colorado_real_estate_2026.json,regression,garage,linear,failed,"Input X contains NaN.
LinearRegression does not accept missing values encoded as NaN natively. For supervised learning, you might want to consider sklearn.ensemble.HistGradientBoostingClassifier and Regressor which accept missing values encoded as NaNs natively. Alternatively, it is possible to preprocess the data, for instance by using an imputer transformer in a pipeline or drop samples with missing values. See https://scikit-learn.org/stable/modules/impute.html You can find a list of all estimators that handle NaN values at the following page: https://scikit-learn.org/stable/modules/impute.html#estimators-that-handle-nan-values",,,,,,,,,,,,,,,,,,,,,,,,,,,Mistral,,,hard,5.0
regression__hard__milanvaddoriya_old-car-price-prediction__car_price,regression__hard__milanvaddoriya_old-car-price-prediction__car_price.json,regression,,,failed,get_column_info: Column 'None' not found,,,,,,,,,,,,,,,,,,,,,,,,,,,Mistral,,,hard,5.0
regression__hard__spittman1248_cdc-data-nutrition-physical-activity-obesity__Nutrition__Physical_Activity__and_Obesity_-_Behavioral_Risk_Factor_Surveillance_System,regression__hard__spittman1248_cdc-data-nutrition-physical-activity-obesity__Nutrition__Physical_Activity__and_Obesity_-_Behavioral_Risk_Factor_Surveillance_System.json,classification,Class,naive_bayes,failed,"Input X contains NaN.
GaussianNB does not accept missing values encoded as NaN natively. For supervised learning, you might want to consider sklearn.ensemble.HistGradientBoostingClassifier and Regressor which accept missing values encoded as NaNs natively. Alternatively, it is possible to preprocess the data, for instance by using an imputer transformer in a pipeline or drop samples with missing values. See https://scikit-learn.org/stable/modules/impute.html You can find a list of all estimators that handle NaN values at the following page: https://scikit-learn.org/stable/modules/impute.html#estimators-that-handle-nan-values",,,,,,,,,,,,,,,,,,,,,,,,,,,Mistral,,,hard,5.0
regression__hard__taweilo_mba-admission-dataset__MBA,regression__hard__taweilo_mba-admission-dataset__MBA.json,regression,gpa,linear,failed,,,,,,692.0,,,/home/joshua/Code/ai_projects/amalia/backend/data/uploads/datasets/regression/hard/taweilo_mba-admission-dataset/MBA_processed.csv,/home/joshua/Code/ai_projects/amalia/backend/models/regression_linear_MBA.joblib,3.0,"['1:handle_missing_values', '2:train_regression_model', '3:evaluate_regression_model']",,,,,,,,,,0.0108,0.1038,0.0833,2.4765,,,Mistral,,,hard,5.0
regression__hard__valakhorasani_tehran-house-prices-dataset__TehranHouse,regression__hard__valakhorasani_tehran-house-prices-dataset__TehranHouse.json,regression,Price(USD),linear,success,,,,,,3479.0,,,/home/joshua/Code/ai_projects/amalia/backend/data/uploads/datasets/regression/hard/valakhorasani_tehran-house-prices-dataset/TehranHouse.csv,/home/joshua/Code/ai_projects/amalia/data/batch_results/batch_20260421164615_4d958e70mistral_final/models/regression__hard__valakhorasani_tehran-house-prices-dataset__TehranHouse.pkl,3.0,"['1:load_csv', '2:train_regression_model', '3:evaluate_regression_model']",,,,,,,,,1.0,0.0,0.0026,0.0021,0.0,,,Mistral,,,hard,5.0
regression__mid__CooperUnion_cardataset__data,regression__mid__CooperUnion_cardataset__data.json,regression,MSRP,linear,failed,"Input X contains NaN.
LinearRegression does not accept missing values encoded as NaN natively. For supervised learning, you might want to consider sklearn.ensemble.HistGradientBoostingClassifier and Regressor which accept missing values encoded as NaNs natively. Alternatively, it is possible to preprocess the data, for instance by using an imputer transformer in a pipeline or drop samples with missing values. See https://scikit-learn.org/stable/modules/impute.html You can find a list of all estimators that handle NaN values at the following page: https://scikit-learn.org/stable/modules/impute.html#estimators-that-handle-nan-values",,,,,,,,,,,,,,,,,,,,,,,,,,,Mistral,,,medium,5.0
regression__mid__alamshihab075_health-and-lifestyle-data-for-diabetes-prediction__Diabetes_and_LifeStyle_Dataset ,regression__mid__alamshihab075_health-and-lifestyle-data-for-diabetes-prediction__Diabetes_and_LifeStyle_Dataset .json,regression,diagnosed_diabetes,ridge,success,,,,,,97297.0,,,/home/joshua/Code/ai_projects/amalia/backend/data/uploads/datasets/regression/mid/alamshihab075_health-and-lifestyle-data-for-diabetes-prediction/Diabetes_and_LifeStyle_Dataset .csv,/home/joshua/Code/ai_projects/amalia/data/batch_results/batch_20260421164615_4d958e70mistral_final/models/regression__mid__alamshihab075_health-and-lifestyle-data-for-diabetes-prediction__Diabetes_and_LifeStyle_Dataset .pkl,3.0,"['1:load_csv', '2:train_regression_model', '3:evaluate_regression_model']",,,,,,,,,0.9184437678716496,0.0186,0.1363,0.0805,,,,Mistral,,,medium,5.0
regression__mid__camnugent_california-housing-prices__housing,regression__mid__camnugent_california-housing-prices__housing.json,regression,median_house_value,linear,failed,"Input X contains NaN.
LinearRegression does not accept missing values encoded as NaN natively. For supervised learning, you might want to consider sklearn.ensemble.HistGradientBoostingClassifier and Regressor which accept missing values encoded as NaNs natively. Alternatively, it is possible to preprocess the data, for instance by using an imputer transformer in a pipeline or drop samples with missing values. See https://scikit-learn.org/stable/modules/impute.html You can find a list of all estimators that handle NaN values at the following page: https://scikit-learn.org/stable/modules/impute.html#estimators-that-handle-nan-values",,,,,,,,,,,,,,,,,,,,,,,,,,,Mistral,,,medium,5.0
regression__mid__harlfoxem_housesalesprediction__kc_house_data,regression__mid__harlfoxem_housesalesprediction__kc_house_data.json,regression,,,failed,can't multiply sequence by non-int of type 'numpy.float64',,,,,,,,,,,,,,,,,,,,,,,,,,,Mistral,,,medium,5.0
regression__mid__hrokrin_the-largest-diamond-dataset-currely-on-kaggle__diamonds,regression__mid__hrokrin_the-largest-diamond-dataset-currely-on-kaggle__diamonds.json,classification,total_sales_price,naive_bayes,success,,0.5667719684893251,0.6016,0.5443,0.5367403569743122,219703.0,22202.0,False,/home/joshua/Code/ai_projects/amalia/backend/data/uploads/datasets/regression/mid/hrokrin_the-largest-diamond-dataset-currely-on-kaggle/diamonds.csv,/home/joshua/Code/ai_projects/amalia/data/batch_results/batch_20260421164615_4d958e70mistral_final/models/regression__mid__hrokrin_the-largest-diamond-dataset-currely-on-kaggle__diamonds.pkl,3.0,"['1:load_csv', '2:train_classification_model', '3:evaluate_classification_model']",,,,,,,,,,,,,,,,Mistral,,,medium,5.0
regression__mid__lorenzozoppelletto_financial-risk-for-loan-approval__Loan,regression__mid__lorenzozoppelletto_financial-risk-for-loan-approval__Loan.json,regression,RiskScore,ridge,success,,,,,,20000.0,,,/home/joshua/Code/ai_projects/amalia/backend/data/uploads/datasets/regression/mid/lorenzozoppelletto_financial-risk-for-loan-approval/Loan.csv,/home/joshua/Code/ai_projects/amalia/data/batch_results/batch_20260421164615_4d958e70mistral_final/models/regression__mid__lorenzozoppelletto_financial-risk-for-loan-approval__Loan.pkl,3.0,"['1:load_csv', '2:train_regression_model', '3:evaluate_regression_model']",,,,,,,,,0.9434424430200768,3.7993,1.9492,1.5056,3.0474,,,Mistral,,,medium,5.0
regression__mid__mirichoi0218_insurance__insurance,regression__mid__mirichoi0218_insurance__insurance.json,regression,charges,gradient_boosting,success,,,,,,1338.0,,,/home/joshua/Code/ai_projects/amalia/backend/data/uploads/datasets/regression/mid/mirichoi0218_insurance/insurance.csv,/home/joshua/Code/ai_projects/amalia/backend/models/regression_model.pkl,4.0,"['1:load_csv', '1:infer_data_types', '2:train_regression_model', '3:evaluate_regression_model']",,,,,,,,,0.936812207604509,14829860.2228,3850.9558,2162.0931,26.6765,,,Mistral,,,medium,5.0
regression__mid__ranitsarkar01_porter-delivery-time-estimation__dataset,regression__mid__ranitsarkar01_porter-delivery-time-estimation__dataset.json,regression,,,failed,filter_rows: Unknown condition: notnull,,,,,,,,,,,,,,,,,,,,,,,,,,,Mistral,,,medium,5.0
regression__mid__rupals_gpu-runtime__sgemm_product,regression__mid__rupals_gpu-runtime__sgemm_product.json,regression,,,failed,get_column_info: Column 'None' not found,,,,,,,,,,,,,,,,,,,,,,,,,,,Mistral,,,medium,5.0
regression__mid__yasserh_uber-fares-dataset__uber,regression__mid__yasserh_uber-fares-dataset__uber.json,regression,,,failed,get_column_info: Column 'None' not found,,,,,,,,,,,,,,,,,,,,,,,,,,,Mistral,,,medium,5.0
classification__easy__abhishek14398_heart-disease-classification__heart,classification__easy__abhishek14398_heart-disease-classification__heart.json,classification,target,logistic,success,,0.8595558889858423,0.837,0.9333,0.8697978858473616,303.0,2.0,True,/home/joshua/Code/ai_projects/amalia/backend/data/uploads/datasets/classification/easy/abhishek14398_heart-disease-classification/heart.csv,/home/joshua/Code/ai_projects/amalia/data/batch_results/batch_20260420222508_3544cc31llama_final/models/classification__easy__abhishek14398_heart-disease-classification__heart.pkl,7.0,"['1:load_csv', '1:infer_data_types', '1:get_basic_stats', '2:handle_missing_values', '2:remove_duplicates', '3:train_classification_model', '4:evaluate_classification_model']",,,,,,,,,,,,,,,,Llama,,,easy,1.0
classification__easy__brsahan_genomic-data-for-cancer__gene_expression,classification__easy__brsahan_genomic-data-for-cancer__gene_expression.json,classification,Cancer Present,logistic,success,,0.8665551955931454,0.8546,0.858,0.8833692071085456,3000.0,2.0,True,/home/joshua/Code/ai_projects/amalia/backend/data/uploads/datasets/classification/easy/brsahan_genomic-data-for-cancer/gene_expression.csv,/home/joshua/Code/ai_projects/amalia/data/batch_results/batch_20260420222508_3544cc31llama_final/models/classification__easy__brsahan_genomic-data-for-cancer__gene_expression.pkl,3.0,"['1:load_csv', '2:train_classification_model', '3:evaluate_classification_model']",,,,,,,,,,,,,,,,Llama,,,easy,1.0
classification__easy__fedesoriano_stellar-classification-dataset-sdss17__star_classification,classification__easy__fedesoriano_stellar-classification-dataset-sdss17__star_classification.json,classification,class,logistic,success,,0.5956620971491643,0.447,0.5982,0.5179201050771775,100000.0,3.0,False,/home/joshua/Code/ai_projects/amalia/backend/data/uploads/datasets/classification/easy/fedesoriano_stellar-classification-dataset-sdss17/star_classification.csv,/home/joshua/Code/ai_projects/amalia/data/batch_results/batch_20260420222508_3544cc31llama_final/models/classification__easy__fedesoriano_stellar-classification-dataset-sdss17__star_classification.pkl,3.0,"['1:load_csv', '2:train_classification_model', '3:evaluate_classification_model']",,,,,,,,,,,,,,,,Llama,,,easy,1.0
classification__easy__himanshunakrani_naive-bayes-classification-data__Naive-Bayes-Classification-Data,classification__easy__himanshunakrani_naive-bayes-classification-data__Naive-Bayes-Classification-Data.json,classification,,,failed,"Index(['all'], dtype='object')",,,,,,,,,,,,,,,,,,,,,,,,,,,Llama,,,easy,1.0
classification__easy__mahmoudshaheen1134_heart-disease-data__heart disease,classification__easy__mahmoudshaheen1134_heart-disease-data__heart disease.json,classification,target,logistic,success,,,,,,61.0,2.0,,/home/joshua/Code/ai_projects/amalia/backend/data/uploads/datasets/classification/easy/mahmoudshaheen1134_heart-disease-data/preprocessed/heart disease_unique_renamed.csv,/home/joshua/Code/ai_projects/amalia/backend/models/classification/heart_disease_model.h5,7.0,"['1:load_csv', '1:infer_data_types', '1:get_basic_stats', '2:handle_missing_values', '2:remove_duplicates', '2:rename_columns', '3:train_classification_model']",classification,0.8672,0.8197,0.0475,241.0,"['Age', 'Sex', 'CP', 'Trestbps', 'Chol', 'Fbs', 'Restecg', 'Thalach', 'Exang', 'Oldpeak', 'Slope', 'Ca', 'Thal']",/home/joshua/Code/ai_projects/amalia/backend/models/classification/heart_disease_model.h5,,,,,,,,,Llama,,,easy,1.0
classification__easy__priyanshusethi_happiness-classification-dataset__happydata,classification__easy__priyanshusethi_happiness-classification-dataset__happydata.json,classification,,,failed,"Index([13], dtype='int64')",,,,,,,,,,,,,,,,,,,,,,,,,,,Llama,,,easy,1.0
classification__easy__ritwikb3_heart-disease-cleveland__Heart_disease_cleveland_new,classification__easy__ritwikb3_heart-disease-cleveland__Heart_disease_cleveland_new.json,classification,target,logistic,success,,0.8538102397775461,0.875,0.8058,0.8180475403244672,303.0,2.0,True,/home/joshua/Code/ai_projects/amalia/backend/data/uploads/datasets/classification/easy/ritwikb3_heart-disease-cleveland/Heart_disease_cleveland_new_encoded.csv,/home/joshua/Code/ai_projects/amalia/backend/models/classification/logistic,7.0,"['1:load_csv', '1:infer_data_types', '2:handle_missing_values', '2:remove_duplicates', '2:encode_categorical', '3:train_classification_model', '4:evaluate_classification_model']",,,,,,,,,,,,,,,,Llama,,,easy,1.0
classification__easy__ritwikb3_heart-disease-statlog__Heart_disease_statlog,classification__easy__ritwikb3_heart-disease-statlog__Heart_disease_statlog.json,classification,,,failed,get_column_info: Column 'None' not found,,,,,,,,,,,,,,,,,,,,,,,,,,,Llama,,,easy,1.0
classification__easy__robikscube_eye-state-classification-eeg-dataset__EEG_Eye_State_Classification,classification__easy__robikscube_eye-state-classification-eeg-dataset__EEG_Eye_State_Classification.json,classification,eyeDetection,random_forest,success,,1.0,0.9899,0.9749,0.9878971018809168,14980.0,2.0,True,/home/joshua/Code/ai_projects/amalia/backend/data/uploads/datasets/classification/easy/robikscube_eye-state-classification-eeg-dataset/EEG_Eye_State_Classification.csv,/home/joshua/Code/ai_projects/amalia/backend/models/classification_model,6.0,"['1:load_csv', '2:handle_missing_values', '2:remove_duplicates', '2:encode_categorical', '3:train_classification_model', '4:evaluate_classification_model']",,,,,,,,,,,,,,,,Llama,,,easy,1.0
classification__easy__uciml_glass__glass,classification__easy__uciml_glass__glass.json,classification,Type,logistic,failed,[Errno 21] Is a directory: '/home/joshua/Code/ai_projects/amalia/backend/models/classification',,,,,,,,,,,,,,,,,,,,,,,,,,,Llama,,,easy,1.0
classification__easy__yasserh_heart-disease-dataset__heart,classification__easy__yasserh_heart-disease-dataset__heart.json,classification,target,random_forest,success,,,,,,61.0,2.0,,/home/joshua/Code/ai_projects/amalia/backend/data/uploads/datasets/classification/easy/yasserh_heart-disease-dataset/heart.csv,/home/joshua/Code/ai_projects/amalia/backend/models/heart_disease_model.pkl,7.0,"['1:load_csv', '2:infer_data_types', '2:get_column_info', '2:get_basic_stats', '2:read_file_head', '2:validate_csv_structure', '3:train_classification_model']",classification,1.0,0.8361,0.1639,242.0,"['age', 'sex', 'cp', 'trestbps', 'chol', 'fbs', 'restecg', 'thalach', 'exang', 'oldpeak', 'slope', 'ca', 'thal']",/home/joshua/Code/ai_projects/amalia/backend/models/heart_disease_model.pkl,,,,,,,,,Llama,,,easy,1.0
classification__easy__yasserh_wine-quality-dataset__WineQT,classification__easy__yasserh_wine-quality-dataset__WineQT.json,classification,,,failed,get_column_info: Column 'None' not found,,,,,,,,,,,,,,,,,,,,,,,,,,,Llama,,,easy,1.0
classification__hard__abhishek14398_loan-dataset__loan,classification__hard__abhishek14398_loan-dataset__loan.json,classification,total_il_high_credit_limit,naive_bayes,failed,Input y contains NaN.,,,,,,,,,,,,,,,,,,,,,,,,,,,Llama,,,hard,1.0
classification__hard__andrewmvd_cyberbullying-classification__cyberbullying_tweets,classification__hard__andrewmvd_cyberbullying-classification__cyberbullying_tweets.json,classification,cyberbullying_type,logistic,failed,"The feature names should match those that were passed during fit.
Feature names unseen at fit time:
- cyberbullying_type
",,,,,,,,,,,,,,,,,,,,,,,,,,,Llama,,,hard,1.0
classification__hard__balaka18_email-spam-classification-dataset-csv__emails,classification__hard__balaka18_email-spam-classification-dataset-csv__emails.json,classification,target,svm,success,,0.9968954022072768,0.9743,0.987,0.969208417897062,5172.0,7.0,False,/home/joshua/Code/ai_projects/amalia/backend/data/uploads/datasets/classification/hard/balaka18_email-spam-classification-dataset-csv/emails.csv,/home/joshua/Code/ai_projects/amalia/data/batch_results/batch_20260420222508_3544cc31llama_final/models/classification__hard__balaka18_email-spam-classification-dataset-csv__emails.pkl,3.0,"['1:load_csv', '2:train_classification_model', '3:evaluate_classification_model']",,,,,,,,,,,,,,,,Llama,,,hard,1.0
classification__hard__ddosad_ecommerce-customer-service-satisfaction__Customer_support_data,classification__hard__ddosad_ecommerce-customer-service-satisfaction__Customer_support_data.json,classification,,,failed,filter_rows: Unknown condition: not null,,,,,,,,,,,,,,,,,,,,,,,,,,,Llama,,,hard,1.0
classification__hard__hetulmehta_website-classification__website_classification,classification__hard__hetulmehta_website-classification__website_classification.json,classification,Category,random_forest,failed,"The feature names should match those that were passed during fit.
Feature names unseen at fit time:
- Category
",,,,,,,,,,,,,,,,,,,,,,,,,,,Llama,,,hard,1.0
classification__hard__jocelyndumlao_consumer-review-of-clothing-product__Consumer Review of Clothing Product__data_amazon.xlsx - Sheet1,classification__hard__jocelyndumlao_consumer-review-of-clothing-product__Consumer Review of Clothing Product__data_amazon.xlsx - Sheet1.json,classification,Durability,logistic,failed,"Input X contains NaN.
LogisticRegression does not accept missing values encoded as NaN natively. For supervised learning, you might want to consider sklearn.ensemble.HistGradientBoostingClassifier and Regressor which accept missing values encoded as NaNs natively. Alternatively, it is possible to preprocess the data, for instance by using an imputer transformer in a pipeline or drop samples with missing values. See https://scikit-learn.org/stable/modules/impute.html You can find a list of all estimators that handle NaN values at the following page: https://scikit-learn.org/stable/modules/impute.html#estimators-that-handle-nan-values",,,,,,,,,,,,,,,,,,,,,,,,,,,Llama,,,hard,1.0
classification__hard__pashupatigupta_emotion-detection-from-text__tweet_emotions,classification__hard__pashupatigupta_emotion-detection-from-text__tweet_emotions.json,classification,,,failed,"keep must be either ""first"", ""last"" or False",,,,,,,,,,,,,,,,,,,,,,,,,,,Llama,,,hard,1.0
classification__hard__prox37_twitter-multilabel-classification-dataset__mLabel_tweets,classification__hard__prox37_twitter-multilabel-classification-dataset__mLabel_tweets.json,classification,labels,random_forest,success,,,,,,1985.0,288.0,,/home/joshua/Code/ai_projects/amalia/backend/data/uploads/datasets/classification/hard/prox37_twitter-multilabel-classification-dataset/mLabel_tweets.csv,/home/joshua/Code/ai_projects/amalia/backend/models/classification/model.pkl,4.0,"['1:load_csv', '1:get_column_info', '1:infer_data_types', '2:train_classification_model']",classification,0.9997,0.1144,0.8854,7936.0,"['ID', 'tweet']",/home/joshua/Code/ai_projects/amalia/backend/models/classification/model.pkl,,,,,,,,,Llama,,,hard,1.0
classification__hard__saurabhshahane_ecommerce-text-classification__ecommerceDataset,classification__hard__saurabhshahane_ecommerce-text-classification__ecommerceDataset.json,classification,"Paper Plane Design Framed Wall Hanging Motivational Office Decor Art Prints (8.7 X 8.7 inch) - Set of 4 Painting made up in synthetic frame with uv textured print which gives multi effects and attracts towards it. This is an special series of paintings which makes your wall very beautiful and gives a royal touch. This painting is ready to hang, you would be proud to possess this unique painting that is a niche apart. We use only the most modern and efficient printing technology on our prints, with only the and inks and precision epson, roland and hp printers. This innovative hd printing technique results in durable and spectacular looking prints of the highest that last a lifetime. We print solely with top-notch 100% inks, to achieve brilliant and true colours. Due to their high level of uv resistance, our prints retain their beautiful colours for many years. Add colour and style to your living space with this digitally printed painting. Some are for pleasure and some for eternal bliss.so bring home this elegant print that is lushed with rich colors that makes it nothing but sheer elegance to be to your friends and family.it would be treasured forever by whoever your lucky recipient is. Liven up your place with these intriguing paintings that are high definition hd graphic digital prints for home, office or any room.",logistic,failed,Input contains NaN,,,,,,,,,,,,,,,,,,,,,,,,,,,Llama,,,hard,1.0
classification__hard__shivamb_spam-url-prediction__url_spam_classification,classification__hard__shivamb_spam-url-prediction__url_spam_classification.json,classification,is_spam,logistic,success,,0.7870288282764706,0.6732,0.7047,0.6741431482352788,148303.0,2.0,True,/tmp/encoded_data.csv,/tmp/model.pkl,8.0,"['1:load_csv', '1:read_file_head', '1:validate_csv_structure', '2:handle_missing_values', '2:remove_duplicates', '2:encode_categorical', '3:train_classification_model', '4:evaluate_classification_model']",,,,,,,,,,,,,,,,Llama,,,hard,1.0
classification__mid__andrewmvd_cyberbullying-classification__cyberbullying_tweets,classification__mid__andrewmvd_cyberbullying-classification__cyberbullying_tweets.json,classification,,,failed,"Index(['None'], dtype='object')",,,,,,,,,,,,,,,,,,,,,,,,,,,Llama,,,medium,1.0
classification__mid__christianlillelund_csgo-round-winner-classification__csgo_round_snapshots,classification__mid__christianlillelund_csgo-round-winner-classification__csgo_round_snapshots.json,classification,round_winner,decision_tree,failed,"pos_label=1 is not a valid label. It should be one of ['CT', 'T']",,,,,,,,,,,,,,,,,,,,,,,,,,,Llama,,,medium,1.0
classification__mid__fedesoriano_heart-failure-prediction__heart,classification__mid__fedesoriano_heart-failure-prediction__heart.json,classification,,,failed,"keep must be either ""first"", ""last"" or False",,,,,,,,,,,,,,,,,,,,,,,,,,,Llama,,,medium,1.0
classification__mid__fedesoriano_stellar-classification-dataset-sdss17__star_classification,classification__mid__fedesoriano_stellar-classification-dataset-sdss17__star_classification.json,classification,class,logistic,success,,0.5731438199421283,0.447,0.5982,0.4780776868216461,100000.0,3.0,False,/home/joshua/Code/ai_projects/amalia/backend/data/uploads/datasets/classification/mid/fedesoriano_stellar-classification-dataset-sdss17/star_classification.csv,/home/joshua/Code/ai_projects/amalia/data/batch_results/batch_20260420222508_3544cc31llama_final/models/classification__mid__fedesoriano_stellar-classification-dataset-sdss17__star_classification.pkl,3.0,"['1:load_csv', '2:train_classification_model', '3:evaluate_classification_model']",,,,,,,,,,,,,,,,Llama,,,medium,1.0
classification__mid__nimapourmoradi_dry-bean-dataset-classification__Dry_Bean_Dataset,classification__mid__nimapourmoradi_dry-bean-dataset-classification__Dry_Bean_Dataset.json,classification,Class,logistic,success,,0.876262628483117,0.8707,0.8704,0.888864097173296,13611.0,7.0,False,/home/joshua/Code/ai_projects/amalia/backend/data/uploads/datasets/classification/mid/nimapourmoradi_dry-bean-dataset-classification/Dry_Bean_Dataset_processed_renamed.csv,/home/joshua/Code/ai_projects/amalia/backend/models/classification/model.logistic,6.0,"['1:load_csv', '1:infer_data_types', '2:handle_missing_values', '2:rename_columns', '3:train_classification_model', '4:evaluate_classification_model']",,,,,,,,,,,,,,,,Llama,,,medium,1.0
classification__mid__tanishqdublish_text-classification-documentation__df_file,classification__mid__tanishqdublish_text-classification-documentation__df_file.json,classification,,,failed,"Index([100], dtype='int64')",,,,,,,,,,,,,,,,,,,,,,,,,,,Llama,,,medium,1.0
classification__mid__uciml_iris__Iris,classification__mid__uciml_iris__Iris.json,classification,Species,random_forest,success,,1.0,1.0,1.0,1.0,45.0,3.0,False,/home/joshua/Code/ai_projects/amalia/backend/data/uploads/Iris_encoded_train.csv,/home/joshua/Code/ai_projects/amalia/backend/models/classification/random_forest.pkl,12.0,"['1:load_csv', '1:infer_data_types', '1:get_column_info', '1:detect_missing_values', '1:validate_csv_structure', '1:handle_missing_values', '1:remove_duplicates', '1:encode_categorical', '1:split_dataset', '1:train_classification_model', '1:evaluate_classification_model', '1:get_classification_report']",,,,,,,,,,,,,,,,Llama,,,medium,1.0
classification__mid__uciml_pima-indians-diabetes-database__diabetes,classification__mid__uciml_pima-indians-diabetes-database__diabetes.json,classification,,,failed,"keep must be either ""first"", ""last"" or False",,,,,,,,,,,,,,,,,,,,,,,,,,,Llama,,,medium,1.0
classification__mid__xhlulu_cpc-codes__titles,classification__mid__xhlulu_cpc-codes__titles.json,classification,,,failed,"Index(['all'], dtype='object')",,,,,,,,,,,,,,,,,,,,,,,,,,,Llama,,,medium,1.0
classification__mid__yasserh_titanic-dataset__Titanic-Dataset,classification__mid__yasserh_titanic-dataset__Titanic-Dataset.json,classification,Survived,logistic,failed,"Input X contains NaN.
LogisticRegression does not accept missing values encoded as NaN natively. For supervised learning, you might want to consider sklearn.ensemble.HistGradientBoostingClassifier and Regressor which accept missing values encoded as NaNs natively. Alternatively, it is possible to preprocess the data, for instance by using an imputer transformer in a pipeline or drop samples with missing values. See https://scikit-learn.org/stable/modules/impute.html You can find a list of all estimators that handle NaN values at the following page: https://scikit-learn.org/stable/modules/impute.html#estimators-that-handle-nan-values",,,,,,,,,,,,,,,,,,,,,,,,,,,Llama,,,medium,1.0
regression__easy__ganjerlawrence_mobile-phone-price-prediction-cleaned-dataset__Mobile-Price-Prediction-cleaned_data,regression__easy__ganjerlawrence_mobile-phone-price-prediction-cleaned-dataset__Mobile-Price-Prediction-cleaned_data.json,regression,Price,linear,success,,,,,,94.0,,,/home/joshua/Code/ai_projects/amalia/backend/data/uploads/datasets/regression/easy/ganjerlawrence_mobile-phone-price-prediction-cleaned-dataset/Mobile-Price-Prediction-cleaned_data.csv,/home/joshua/Code/ai_projects/amalia/backend/model/linear_regression_model,4.0,"['1:load_csv', '2:handle_missing_values', '2:remove_duplicates', '3:train_regression_model']",regression,,,0.1973,372.0,"['Ratings', 'RAM', 'ROM', 'Mobile_Size', 'Primary_Cam', 'Selfi_Cam', 'Battery_Power']",/home/joshua/Code/ai_projects/amalia/backend/model/linear_regression_model,,,292205913.1856,17094.0315,8626.7143,,0.4831,0.2858,Llama,,,easy,1.0
regression__easy__govindaramsriram_crop-yield-of-a-farm__crop_yield_data,regression__easy__govindaramsriram_crop-yield-of-a-farm__crop_yield_data.json,regression,,,failed,get_column_info: Column 'None' not found,,,,,,,,,,,,,,,,,,,,,,,,,,,Llama,,,easy,1.0
regression__easy__nalisha_numerical-feature-based-target-prediction-using-ml__practice_dataset,regression__easy__nalisha_numerical-feature-based-target-prediction-using-ml__practice_dataset.json,regression,,,failed,"Index(['all'], dtype='object')",,,,,,,,,,,,,,,,,,,,,,,,,,,Llama,,,easy,1.0
regression__easy__quantbruce_real-estate-price-prediction__Real estate,regression__easy__quantbruce_real-estate-price-prediction__Real estate.json,regression,,,failed,Workflow has no executable steps,,,,,,,,,,,,,,,,,,,,,,,,,,,Llama,,,easy,1.0
regression__easy__ranitsarkar01_porter-delivery-time-estimation__dataset,regression__easy__ranitsarkar01_porter-delivery-time-estimation__dataset.json,regression,,,failed,add_column_headers: Provided column_names length does not match dataset columns,,,,,,,,,,,,,,,,,,,,,,,,,,,Llama,,,easy,1.0
regression__easy__sakshisatre_the-boston-housing-dataset__Boston (1),regression__easy__sakshisatre_the-boston-housing-dataset__Boston (1).json,regression,,,failed,"Index(['None'], dtype='object')",,,,,,,,,,,,,,,,,,,,,,,,,,,Llama,,,easy,1.0
regression__easy__thedevastator_age-prediction-for-individuals-using-multi-omic__test_rows,regression__easy__thedevastator_age-prediction-for-individuals-using-multi-omic__test_rows.json,regression,KLF14_2,linear,success,,,,,,104.0,,,/home/joshua/Code/ai_projects/amalia/backend/data/uploads/datasets/regression/easy/thedevastator_age-prediction-for-individuals-using-multi-omic/test_rows.csv,/home/joshua/Code/ai_projects/amalia/data/batch_results/batch_20260420222508_3544cc31llama_final/models/regression__easy__thedevastator_age-prediction-for-individuals-using-multi-omic__test_rows.pkl,3.0,"['1:load_csv', '2:train_regression_model', '3:evaluate_regression_model']",,,,,,,,,0.4894388602452346,1.953,1.3975,1.0866,52.356,,,Llama,,,easy,1.0
regression__easy__zubairdhuddi_linear-regression__test,regression__easy__zubairdhuddi_linear-regression__test.json,regression,y,linear,success,,,,,,300.0,,,/home/joshua/Code/ai_projects/amalia/backend/data/uploads/datasets/regression/easy/zubairdhuddi_linear-regression/test.csv,/home/joshua/Code/ai_projects/amalia/data/batch_results/batch_20260420222508_3544cc31llama_final/models/regression__easy__zubairdhuddi_linear-regression__test.pkl,3.0,"['1:load_csv', '2:train_regression_model', '3:evaluate_regression_model']",,,,,,,,,0.9448164053091894,9.1681,3.0279,2.4134,12.9757,,,Llama,,,easy,1.0
regression__hard__anujsaha0123456789_house-prices-cleaned-dataset-for-regression-ml__house_prices_cleaned,regression__hard__anujsaha0123456789_house-prices-cleaned-dataset-for-regression-ml__house_prices_cleaned.json,regression,SalePrice,svr,success,,,,,,1460.0,,,/home/joshua/Code/ai_projects/amalia/backend/data/uploads/datasets/regression/hard/anujsaha0123456789_house-prices-cleaned-dataset-for-regression-ml/house_prices_cleaned.csv,/home/joshua/Code/ai_projects/amalia/data/batch_results/batch_20260420222508_3544cc31llama_final/models/regression__hard__anujsaha0123456789_house-prices-cleaned-dataset-for-regression-ml__house_prices_cleaned.pkl,3.0,"['1:load_csv', '2:train_regression_model', '3:evaluate_regression_model']",,,,,,,,,-0.0148617424160681,6557949939.5246,80981.1703,55540.0192,32.1043,,,Llama,,,hard,1.0
regression__hard__bharatsahu_house-price-prediction-dataset-insurancehub-usa__House_price_multifeatures,regression__hard__bharatsahu_house-price-prediction-dataset-insurancehub-usa__House_price_multifeatures.json,classification,TTTerritory,decision_tree,failed,Input contains NaN,,,,,,,,,,,,,,,,,,,,,,,,,,,Llama,,,hard,1.0
regression__hard__bjaton_housepricesadvancedregressiontechniquestrain__train,regression__hard__bjaton_housepricesadvancedregressiontechniquestrain__train.json,regression,SalePrice,ridge,failed,"Input X contains NaN.
Ridge does not accept missing values encoded as NaN natively. For supervised learning, you might want to consider sklearn.ensemble.HistGradientBoostingClassifier and Regressor which accept missing values encoded as NaNs natively. Alternatively, it is possible to preprocess the data, for instance by using an imputer transformer in a pipeline or drop samples with missing values. See https://scikit-learn.org/stable/modules/impute.html You can find a list of all estimators that handle NaN values at the following page: https://scikit-learn.org/stable/modules/impute.html#estimators-that-handle-nan-values",,,,,,,,,,,,,,,,,,,,,,,,,,,Llama,,,hard,1.0
regression__hard__bobnau_daily-website-visitors__daily-website-visitors,regression__hard__bobnau_daily-website-visitors__daily-website-visitors.json,regression,,,failed,scale_features: No valid numeric columns found,,,,,,,,,,,,,,,,,,,,,,,,,,,Llama,,,hard,1.0
regression__hard__deepcontractor_car-price-prediction-challenge__car_price_prediction,regression__hard__deepcontractor_car-price-prediction-challenge__car_price_prediction.json,regression,,,failed,"random_state must be an integer, array-like, a BitGenerator, Generator, a numpy RandomState, or None",,,,,,,,,,,,,,,,,,,,,,,,,,,Llama,,,hard,1.0
regression__hard__kanchana1990_colorado-real-estate-market-2026__colorado_real_estate_2026,regression__hard__kanchana1990_colorado-real-estate-market-2026__colorado_real_estate_2026.json,regression,garage,linear,failed,"Input X contains NaN.
LinearRegression does not accept missing values encoded as NaN natively. For supervised learning, you might want to consider sklearn.ensemble.HistGradientBoostingClassifier and Regressor which accept missing values encoded as NaNs natively. Alternatively, it is possible to preprocess the data, for instance by using an imputer transformer in a pipeline or drop samples with missing values. See https://scikit-learn.org/stable/modules/impute.html You can find a list of all estimators that handle NaN values at the following page: https://scikit-learn.org/stable/modules/impute.html#estimators-that-handle-nan-values",,,,,,,,,,,,,,,,,,,,,,,,,,,Llama,,,hard,1.0
regression__hard__milanvaddoriya_old-car-price-prediction__car_price,regression__hard__milanvaddoriya_old-car-price-prediction__car_price.json,regression,car_prices_in_rupee,linear,failed,could not convert string to float: '12.20 Lakh',,,,,,,,,,,,,,,,,,,,,,,,,,,Llama,,,hard,1.0
regression__hard__spittman1248_cdc-data-nutrition-physical-activity-obesity__Nutrition__Physical_Activity__and_Obesity_-_Behavioral_Risk_Factor_Surveillance_System,regression__hard__spittman1248_cdc-data-nutrition-physical-activity-obesity__Nutrition__Physical_Activity__and_Obesity_-_Behavioral_Risk_Factor_Surveillance_System.json,regression,Data_Value,ridge,failed,"Input X contains NaN.
Ridge does not accept missing values encoded as NaN natively. For supervised learning, you might want to consider sklearn.ensemble.HistGradientBoostingClassifier and Regressor which accept missing values encoded as NaNs natively. Alternatively, it is possible to preprocess the data, for instance by using an imputer transformer in a pipeline or drop samples with missing values. See https://scikit-learn.org/stable/modules/impute.html You can find a list of all estimators that handle NaN values at the following page: https://scikit-learn.org/stable/modules/impute.html#estimators-that-handle-nan-values",,,,,,,,,,,,,,,,,,,,,,,,,,,Llama,,,hard,1.0
regression__hard__taweilo_mba-admission-dataset__MBA,regression__hard__taweilo_mba-admission-dataset__MBA.json,regression,admission,linear,failed,Input contains NaN,,,,,,,,,,,,,,,,,,,,,,,,,,,Llama,,,hard,1.0
regression__hard__valakhorasani_tehran-house-prices-dataset__TehranHouse,regression__hard__valakhorasani_tehran-house-prices-dataset__TehranHouse.json,regression,Price(USD),linear,success,,,,,,3479.0,,,/home/joshua/Code/ai_projects/amalia/backend/data/uploads/datasets/regression/hard/valakhorasani_tehran-house-prices-dataset/TehranHouse.csv,/home/joshua/Code/ai_projects/amalia/backend/models/tehran_house_regression_model.pkl,16.0,"['1:load_csv', '1:get_column_info', '1:infer_data_types', '1:get_basic_stats', '1:read_file_head', '1:validate_csv_structure', '1:detect_missing_values', '1:detect_duplicates', '1:add_column_headers', '1:analyze_csv', '2:add_noise', '2:generate_synthetic_data', '2:feature_selection', '2:dimensionality_reduction', '3:train_regression_model', '4:evaluate_regression_model']",,,,,,,,,0.9915379273758664,0.0,0.0026,0.0021,0.0,,,Llama,,,hard,1.0
regression__mid__CooperUnion_cardataset__data,regression__mid__CooperUnion_cardataset__data.json,regression,MSRP,linear,failed,"Input X contains NaN.
LinearRegression does not accept missing values encoded as NaN natively. For supervised learning, you might want to consider sklearn.ensemble.HistGradientBoostingClassifier and Regressor which accept missing values encoded as NaNs natively. Alternatively, it is possible to preprocess the data, for instance by using an imputer transformer in a pipeline or drop samples with missing values. See https://scikit-learn.org/stable/modules/impute.html You can find a list of all estimators that handle NaN values at the following page: https://scikit-learn.org/stable/modules/impute.html#estimators-that-handle-nan-values",,,,,,,,,,,,,,,,,,,,,,,,,,,Llama,,,medium,1.0
regression__mid__alamshihab075_health-and-lifestyle-data-for-diabetes-prediction__Diabetes_and_LifeStyle_Dataset ,regression__mid__alamshihab075_health-and-lifestyle-data-for-diabetes-prediction__Diabetes_and_LifeStyle_Dataset .json,classification,diagnosed_diabetes,decision_tree,success,,0.9822483829227266,0.9999,0.9994,0.981666267368242,97297.0,2.0,True,/home/joshua/Code/ai_projects/amalia/backend/data/uploads/datasets/regression/mid/alamshihab075_health-and-lifestyle-data-for-diabetes-prediction/Diabetes_and_LifeStyle_Dataset .csv,/home/joshua/Code/ai_projects/amalia/data/batch_results/batch_20260420222508_3544cc31llama_final/models/regression__mid__alamshihab075_health-and-lifestyle-data-for-diabetes-prediction__Diabetes_and_LifeStyle_Dataset .pkl,3.0,"['1:load_csv', '2:train_classification_model', '3:evaluate_classification_model']",,,,,,,,,,,,,,,,Llama,,,medium,1.0
regression__mid__camnugent_california-housing-prices__housing,regression__mid__camnugent_california-housing-prices__housing.json,regression,median_house_value,linear,failed,"Input X contains NaN.
LinearRegression does not accept missing values encoded as NaN natively. For supervised learning, you might want to consider sklearn.ensemble.HistGradientBoostingClassifier and Regressor which accept missing values encoded as NaNs natively. Alternatively, it is possible to preprocess the data, for instance by using an imputer transformer in a pipeline or drop samples with missing values. See https://scikit-learn.org/stable/modules/impute.html You can find a list of all estimators that handle NaN values at the following page: https://scikit-learn.org/stable/modules/impute.html#estimators-that-handle-nan-values",,,,,,,,,,,,,,,,,,,,,,,,,,,Llama,,,medium,1.0
regression__mid__harlfoxem_housesalesprediction__kc_house_data,regression__mid__harlfoxem_housesalesprediction__kc_house_data.json,regression,sqft_lot15,gradient_boosting,success,,,,,,21613.0,,,/home/joshua/Code/ai_projects/amalia/backend/data/uploads/datasets/regression/mid/harlfoxem_housesalesprediction/kc_house_data.csv,/home/joshua/Code/ai_projects/amalia/backend/models/regression_model,10.0,"['1:load_csv', '1:read_file_head', '2:infer_data_types', '2:detect_missing_values', '2:detect_duplicates', '3:train_regression_model', '4:evaluate_regression_model', '4:calculate_residuals', '4:error_analysis', '4:save_evaluation_results']",,,,,,,,,0.8012867381248333,136905464.2146,11700.6608,3269.0084,26.126,,,Llama,,,medium,1.0
regression__mid__hrokrin_the-largest-diamond-dataset-currely-on-kaggle__diamonds,regression__mid__hrokrin_the-largest-diamond-dataset-currely-on-kaggle__diamonds.json,regression,total_sales_price,ridge,success,,,,,,219703.0,,,/home/joshua/Code/ai_projects/amalia/backend/data/uploads/datasets/regression/mid/hrokrin_the-largest-diamond-dataset-currely-on-kaggle/diamonds.csv,/home/joshua/Code/ai_projects/amalia/data/batch_results/batch_20260420222508_3544cc31llama_final/models/regression__mid__hrokrin_the-largest-diamond-dataset-currely-on-kaggle__diamonds.pkl,3.0,"['1:load_csv', '2:train_regression_model', '3:evaluate_regression_model']",,,,,,,,,0.5976463186971864,261239633.3307,16162.9092,4382.1779,153.3673,,,Llama,,,medium,1.0
regression__mid__lorenzozoppelletto_financial-risk-for-loan-approval__Loan,regression__mid__lorenzozoppelletto_financial-risk-for-loan-approval__Loan.json,regression,RiskScore,ridge,success,,,,,,20000.0,,,/home/joshua/Code/ai_projects/amalia/backend/data/uploads/datasets/regression/mid/lorenzozoppelletto_financial-risk-for-loan-approval/Loan.csv,/home/joshua/Code/ai_projects/amalia/data/batch_results/batch_20260420222508_3544cc31llama_final/models/regression__mid__lorenzozoppelletto_financial-risk-for-loan-approval__Loan.pkl,3.0,"['1:load_csv', '2:train_regression_model', '3:evaluate_regression_model']",,,,,,,,,0.9533267065941454,3.7993,1.9492,1.5056,3.0474,,,Llama,,,medium,1.0
regression__mid__mirichoi0218_insurance__insurance,regression__mid__mirichoi0218_insurance__insurance.json,regression,charges,linear,success,,,,,,1338.0,,,/home/joshua/Code/ai_projects/amalia/backend/data/uploads/datasets/regression/mid/processed/insurance_processed.csv,/home/joshua/Code/ai_projects/amalia/backend/models/regression,7.0,"['1:load_csv', '2:infer_data_types', '2:detect_missing_values', '2:remove_duplicates', '2:add_column_headers', '3:train_regression_model', '4:evaluate_regression_model']",,,,,,,,,0.7456601830391744,36550482.8428,6045.6995,4204.3048,43.2176,,,Llama,,,medium,1.0
regression__mid__ranitsarkar01_porter-delivery-time-estimation__dataset,regression__mid__ranitsarkar01_porter-delivery-time-estimation__dataset.json,regression,total_outstanding_orders,linear,failed,"Input X contains NaN.
LinearRegression does not accept missing values encoded as NaN natively. For supervised learning, you might want to consider sklearn.ensemble.HistGradientBoostingClassifier and Regressor which accept missing values encoded as NaNs natively. Alternatively, it is possible to preprocess the data, for instance by using an imputer transformer in a pipeline or drop samples with missing values. See https://scikit-learn.org/stable/modules/impute.html You can find a list of all estimators that handle NaN values at the following page: https://scikit-learn.org/stable/modules/impute.html#estimators-that-handle-nan-values",,,,,,,,,,,,,,,,,,,,,,,,,,,Llama,,,medium,1.0
regression__mid__rupals_gpu-runtime__sgemm_product,regression__mid__rupals_gpu-runtime__sgemm_product.json,regression,Run4 (ms),linear,success,,,,,,241600.0,,,/home/joshua/Code/ai_projects/amalia/backend/data/uploads/datasets/regression/mid/rupals_gpu-runtime/sgemm_product.csv,/home/joshua/Code/ai_projects/amalia/data/batch_results/batch_20260420222508_3544cc31llama_final/models/regression__mid__rupals_gpu-runtime__sgemm_product.pkl,3.0,"['1:load_csv', '2:train_regression_model', '3:evaluate_regression_model']",,,,,,,,,1.0,3.6157,1.9015,0.6697,0.6249,,,Llama,,,medium,1.0
regression__mid__yasserh_uber-fares-dataset__uber,regression__mid__yasserh_uber-fares-dataset__uber.json,regression,,,failed,Input file not found: /app/data/uploads/datasets/regression/mid/yasserh_uber-fares-dataset/processed/uber.csv,,,,,,,,,,,,,,,,,,,,,,,,,,,Llama,,,medium,1.0
classification__easy__abhishek14398_heart-disease-classification__heart,classification__easy__abhishek14398_heart-disease-classification__heart.json,classification,target,logistic,success,,0.8691015547038364,0.837,0.9333,0.8697804542445008,303.0,2.0,True,/home/joshua/Code/ai_projects/amalia/backend/data/uploads/datasets/classification/easy/abhishek14398_heart-disease-classification/heart.csv,/home/joshua/Code/ai_projects/amalia/data/batch_results/batch_20260420222508_3544cc31llama_final/models/classification__easy__abhishek14398_heart-disease-classification__heart.pkl,7.0,"['1:load_csv', '1:infer_data_types', '1:get_basic_stats', '2:handle_missing_values', '2:remove_duplicates', '3:train_classification_model', '4:evaluate_classification_model']",,,,,,,,,,,,,,,,Llama,,,easy,2.0
classification__easy__brsahan_genomic-data-for-cancer__gene_expression,classification__easy__brsahan_genomic-data-for-cancer__gene_expression.json,classification,Cancer Present,logistic,success,,0.8758225722510962,0.8546,0.858,0.8324870025452968,3000.0,2.0,True,/home/joshua/Code/ai_projects/amalia/backend/data/uploads/datasets/classification/easy/brsahan_genomic-data-for-cancer/gene_expression.csv,/home/joshua/Code/ai_projects/amalia/data/batch_results/batch_20260420222508_3544cc31llama_final/models/classification__easy__brsahan_genomic-data-for-cancer__gene_expression.pkl,3.0,"['1:load_csv', '2:train_classification_model', '3:evaluate_classification_model']",,,,,,,,,,,,,,,,Llama,,,easy,2.0
classification__easy__fedesoriano_stellar-classification-dataset-sdss17__star_classification,classification__easy__fedesoriano_stellar-classification-dataset-sdss17__star_classification.json,classification,class,logistic,success,,0.5534454944227225,0.447,0.5982,0.4717656539304006,100000.0,3.0,False,/home/joshua/Code/ai_projects/amalia/backend/data/uploads/datasets/classification/easy/fedesoriano_stellar-classification-dataset-sdss17/star_classification.csv,/home/joshua/Code/ai_projects/amalia/data/batch_results/batch_20260420222508_3544cc31llama_final/models/classification__easy__fedesoriano_stellar-classification-dataset-sdss17__star_classification.pkl,3.0,"['1:load_csv', '2:train_classification_model', '3:evaluate_classification_model']",,,,,,,,,,,,,,,,Llama,,,easy,2.0
classification__easy__himanshunakrani_naive-bayes-classification-data__Naive-Bayes-Classification-Data,classification__easy__himanshunakrani_naive-bayes-classification-data__Naive-Bayes-Classification-Data.json,classification,,,failed,"Index(['all'], dtype='object')",,,,,,,,,,,,,,,,,,,,,,,,,,,Llama,,,easy,2.0
classification__easy__mahmoudshaheen1134_heart-disease-data__heart disease,classification__easy__mahmoudshaheen1134_heart-disease-data__heart disease.json,classification,target,logistic,success,,,,,,61.0,2.0,,/home/joshua/Code/ai_projects/amalia/backend/data/uploads/datasets/classification/easy/mahmoudshaheen1134_heart-disease-data/preprocessed/heart disease_unique_renamed.csv,/home/joshua/Code/ai_projects/amalia/backend/models/classification/heart_disease_model.h5,7.0,"['1:load_csv', '1:infer_data_types', '1:get_basic_stats', '2:handle_missing_values', '2:remove_duplicates', '2:rename_columns', '3:train_classification_model']",classification,0.8672,0.8197,0.0475,241.0,"['Age', 'Sex', 'CP', 'Trestbps', 'Chol', 'Fbs', 'Restecg', 'Thalach', 'Exang', 'Oldpeak', 'Slope', 'Ca', 'Thal']",/home/joshua/Code/ai_projects/amalia/backend/models/classification/heart_disease_model.h5,,,,,,,,,Llama,,,easy,2.0
classification__easy__priyanshusethi_happiness-classification-dataset__happydata,classification__easy__priyanshusethi_happiness-classification-dataset__happydata.json,classification,,,failed,"Index([13], dtype='int64')",,,,,,,,,,,,,,,,,,,,,,,,,,,Llama,,,easy,2.0
classification__easy__ritwikb3_heart-disease-cleveland__Heart_disease_cleveland_new,classification__easy__ritwikb3_heart-disease-cleveland__Heart_disease_cleveland_new.json,classification,target,logistic,success,,0.8678576894086873,0.875,0.8058,0.8304796623747753,303.0,2.0,True,/home/joshua/Code/ai_projects/amalia/backend/data/uploads/datasets/classification/easy/ritwikb3_heart-disease-cleveland/Heart_disease_cleveland_new_encoded.csv,/home/joshua/Code/ai_projects/amalia/backend/models/classification/logistic,7.0,"['1:load_csv', '1:infer_data_types', '2:handle_missing_values', '2:remove_duplicates', '2:encode_categorical', '3:train_classification_model', '4:evaluate_classification_model']",,,,,,,,,,,,,,,,Llama,,,easy,2.0
classification__easy__ritwikb3_heart-disease-statlog__Heart_disease_statlog,classification__easy__ritwikb3_heart-disease-statlog__Heart_disease_statlog.json,classification,,,failed,get_column_info: Column 'None' not found,,,,,,,,,,,,,,,,,,,,,,,,,,,Llama,,,easy,2.0
classification__easy__robikscube_eye-state-classification-eeg-dataset__EEG_Eye_State_Classification,classification__easy__robikscube_eye-state-classification-eeg-dataset__EEG_Eye_State_Classification.json,classification,eyeDetection,random_forest,success,,1.0,0.9899,0.9749,0.9598343610202122,14980.0,2.0,True,/home/joshua/Code/ai_projects/amalia/backend/data/uploads/datasets/classification/easy/robikscube_eye-state-classification-eeg-dataset/EEG_Eye_State_Classification.csv,/home/joshua/Code/ai_projects/amalia/backend/models/classification_model,6.0,"['1:load_csv', '2:handle_missing_values', '2:remove_duplicates', '2:encode_categorical', '3:train_classification_model', '4:evaluate_classification_model']",,,,,,,,,,,,,,,,Llama,,,easy,2.0
classification__easy__uciml_glass__glass,classification__easy__uciml_glass__glass.json,classification,Type,logistic,failed,[Errno 21] Is a directory: '/home/joshua/Code/ai_projects/amalia/backend/models/classification',,,,,,,,,,,,,,,,,,,,,,,,,,,Llama,,,easy,2.0
classification__easy__yasserh_heart-disease-dataset__heart,classification__easy__yasserh_heart-disease-dataset__heart.json,classification,target,random_forest,failed,,,,,,61.0,2.0,,/home/joshua/Code/ai_projects/amalia/backend/data/uploads/datasets/classification/easy/yasserh_heart-disease-dataset/heart.csv,/home/joshua/Code/ai_projects/amalia/backend/models/heart_disease_model.pkl,7.0,"['1:load_csv', '2:infer_data_types', '2:get_column_info', '2:get_basic_stats', '2:read_file_head', '2:validate_csv_structure', '3:train_classification_model']",classification,1.0,0.8361,0.1639,242.0,"['age', 'sex', 'cp', 'trestbps', 'chol', 'fbs', 'restecg', 'thalach', 'exang', 'oldpeak', 'slope', 'ca', 'thal']",/home/joshua/Code/ai_projects/amalia/backend/models/heart_disease_model.pkl,,,,,,,,,Llama,,,easy,2.0
classification__easy__yasserh_wine-quality-dataset__WineQT,classification__easy__yasserh_wine-quality-dataset__WineQT.json,classification,,,failed,get_column_info: Column 'None' not found,,,,,,,,,,,,,,,,,,,,,,,,,,,Llama,,,easy,2.0
classification__hard__abhishek14398_loan-dataset__loan,classification__hard__abhishek14398_loan-dataset__loan.json,classification,total_il_high_credit_limit,naive_bayes,failed,Input y contains NaN.,,,,,,,,,,,,,,,,,,,,,,,,,,,Llama,,,hard,2.0
classification__hard__andrewmvd_cyberbullying-classification__cyberbullying_tweets,classification__hard__andrewmvd_cyberbullying-classification__cyberbullying_tweets.json,classification,cyberbullying_type,logistic,failed,"The feature names should match those that were passed during fit.
Feature names unseen at fit time:
- cyberbullying_type
",,,,,,,,,,,,,,,,,,,,,,,,,,,Llama,,,hard,2.0
classification__hard__balaka18_email-spam-classification-dataset-csv__emails,classification__hard__balaka18_email-spam-classification-dataset-csv__emails.json,classification,target,svm,success,,0.9984130675539594,0.9743,0.987,1.0,5172.0,7.0,False,/home/joshua/Code/ai_projects/amalia/backend/data/uploads/datasets/classification/hard/balaka18_email-spam-classification-dataset-csv/emails.csv,/home/joshua/Code/ai_projects/amalia/data/batch_results/batch_20260420222508_3544cc31llama_final/models/classification__hard__balaka18_email-spam-classification-dataset-csv__emails.pkl,3.0,"['1:load_csv', '2:train_classification_model', '3:evaluate_classification_model']",,,,,,,,,,,,,,,,Llama,,,hard,2.0
classification__hard__ddosad_ecommerce-customer-service-satisfaction__Customer_support_data,classification__hard__ddosad_ecommerce-customer-service-satisfaction__Customer_support_data.json,classification,,,failed,filter_rows: Unknown condition: not null,,,,,,,,,,,,,,,,,,,,,,,,,,,Llama,,,hard,2.0
classification__hard__hetulmehta_website-classification__website_classification,classification__hard__hetulmehta_website-classification__website_classification.json,classification,Category,random_forest,failed,"The feature names should match those that were passed during fit.
Feature names unseen at fit time:
- Category
",,,,,,,,,,,,,,,,,,,,,,,,,,,Llama,,,hard,2.0
classification__hard__jocelyndumlao_consumer-review-of-clothing-product__Consumer Review of Clothing Product__data_amazon.xlsx - Sheet1,classification__hard__jocelyndumlao_consumer-review-of-clothing-product__Consumer Review of Clothing Product__data_amazon.xlsx - Sheet1.json,classification,Durability,logistic,failed,"Input X contains NaN.
LogisticRegression does not accept missing values encoded as NaN natively. For supervised learning, you might want to consider sklearn.ensemble.HistGradientBoostingClassifier and Regressor which accept missing values encoded as NaNs natively. Alternatively, it is possible to preprocess the data, for instance by using an imputer transformer in a pipeline or drop samples with missing values. See https://scikit-learn.org/stable/modules/impute.html You can find a list of all estimators that handle NaN values at the following page: https://scikit-learn.org/stable/modules/impute.html#estimators-that-handle-nan-values",,,,,,,,,,,,,,,,,,,,,,,,,,,Llama,,,hard,2.0
classification__hard__pashupatigupta_emotion-detection-from-text__tweet_emotions,classification__hard__pashupatigupta_emotion-detection-from-text__tweet_emotions.json,classification,,,failed,"keep must be either ""first"", ""last"" or False",,,,,,,,,,,,,,,,,,,,,,,,,,,Llama,,,hard,2.0
classification__hard__prox37_twitter-multilabel-classification-dataset__mLabel_tweets,classification__hard__prox37_twitter-multilabel-classification-dataset__mLabel_tweets.json,classification,labels,random_forest,success,,,,,,1985.0,288.0,,/home/joshua/Code/ai_projects/amalia/backend/data/uploads/datasets/classification/hard/prox37_twitter-multilabel-classification-dataset/mLabel_tweets.csv,/home/joshua/Code/ai_projects/amalia/backend/models/classification/model.pkl,4.0,"['1:load_csv', '1:get_column_info', '1:infer_data_types', '2:train_classification_model']",classification,0.9997,0.1144,0.8854,7936.0,"['ID', 'tweet']",/home/joshua/Code/ai_projects/amalia/backend/models/classification/model.pkl,,,,,,,,,Llama,,,hard,2.0
classification__hard__saurabhshahane_ecommerce-text-classification__ecommerceDataset,classification__hard__saurabhshahane_ecommerce-text-classification__ecommerceDataset.json,classification,"Paper Plane Design Framed Wall Hanging Motivational Office Decor Art Prints (8.7 X 8.7 inch) - Set of 4 Painting made up in synthetic frame with uv textured print which gives multi effects and attracts towards it. This is an special series of paintings which makes your wall very beautiful and gives a royal touch. This painting is ready to hang, you would be proud to possess this unique painting that is a niche apart. We use only the most modern and efficient printing technology on our prints, with only the and inks and precision epson, roland and hp printers. This innovative hd printing technique results in durable and spectacular looking prints of the highest that last a lifetime. We print solely with top-notch 100% inks, to achieve brilliant and true colours. Due to their high level of uv resistance, our prints retain their beautiful colours for many years. Add colour and style to your living space with this digitally printed painting. Some are for pleasure and some for eternal bliss.so bring home this elegant print that is lushed with rich colors that makes it nothing but sheer elegance to be to your friends and family.it would be treasured forever by whoever your lucky recipient is. Liven up your place with these intriguing paintings that are high definition hd graphic digital prints for home, office or any room.",logistic,failed,Input contains NaN,,,,,,,,,,,,,,,,,,,,,,,,,,,Llama,,,hard,2.0
classification__hard__shivamb_spam-url-prediction__url_spam_classification,classification__hard__shivamb_spam-url-prediction__url_spam_classification.json,classification,is_spam,logistic,success,,0.7879920753818997,0.6732,0.7047,0.6806314305544948,148303.0,2.0,True,/tmp/encoded_data.csv,/tmp/model.pkl,8.0,"['1:load_csv', '1:read_file_head', '1:validate_csv_structure', '2:handle_missing_values', '2:remove_duplicates', '2:encode_categorical', '3:train_classification_model', '4:evaluate_classification_model']",,,,,,,,,,,,,,,,Llama,,,hard,2.0
classification__mid__andrewmvd_cyberbullying-classification__cyberbullying_tweets,classification__mid__andrewmvd_cyberbullying-classification__cyberbullying_tweets.json,classification,,,failed,"Index(['None'], dtype='object')",,,,,,,,,,,,,,,,,,,,,,,,,,,Llama,,,medium,2.0
classification__mid__christianlillelund_csgo-round-winner-classification__csgo_round_snapshots,classification__mid__christianlillelund_csgo-round-winner-classification__csgo_round_snapshots.json,classification,round_winner,decision_tree,failed,"pos_label=1 is not a valid label. It should be one of ['CT', 'T']",,,,,,,,,,,,,,,,,,,,,,,,,,,Llama,,,medium,2.0
classification__mid__fedesoriano_heart-failure-prediction__heart,classification__mid__fedesoriano_heart-failure-prediction__heart.json,classification,,,failed,"keep must be either ""first"", ""last"" or False",,,,,,,,,,,,,,,,,,,,,,,,,,,Llama,,,medium,2.0
classification__mid__fedesoriano_stellar-classification-dataset-sdss17__star_classification,classification__mid__fedesoriano_stellar-classification-dataset-sdss17__star_classification.json,classification,class,logistic,success,,0.5864991334869611,0.447,0.5982,0.496708862286,100000.0,3.0,False,/home/joshua/Code/ai_projects/amalia/backend/data/uploads/datasets/classification/mid/fedesoriano_stellar-classification-dataset-sdss17/star_classification.csv,/home/joshua/Code/ai_projects/amalia/data/batch_results/batch_20260420222508_3544cc31llama_final/models/classification__mid__fedesoriano_stellar-classification-dataset-sdss17__star_classification.pkl,3.0,"['1:load_csv', '2:train_classification_model', '3:evaluate_classification_model']",,,,,,,,,,,,,,,,Llama,,,medium,2.0
classification__mid__nimapourmoradi_dry-bean-dataset-classification__Dry_Bean_Dataset,classification__mid__nimapourmoradi_dry-bean-dataset-classification__Dry_Bean_Dataset.json,classification,Class,logistic,success,,0.8695044154245134,0.8707,0.8704,0.8766325550190268,13611.0,7.0,False,/home/joshua/Code/ai_projects/amalia/backend/data/uploads/datasets/classification/mid/nimapourmoradi_dry-bean-dataset-classification/Dry_Bean_Dataset_processed_renamed.csv,/home/joshua/Code/ai_projects/amalia/backend/models/classification/model.logistic,6.0,"['1:load_csv', '1:infer_data_types', '2:handle_missing_values', '2:rename_columns', '3:train_classification_model', '4:evaluate_classification_model']",,,,,,,,,,,,,,,,Llama,,,medium,2.0
classification__mid__tanishqdublish_text-classification-documentation__df_file,classification__mid__tanishqdublish_text-classification-documentation__df_file.json,classification,,,failed,"Index([100], dtype='int64')",,,,,,,,,,,,,,,,,,,,,,,,,,,Llama,,,medium,2.0
classification__mid__uciml_iris__Iris,classification__mid__uciml_iris__Iris.json,classification,Species,random_forest,success,,0.976690904855892,1.0,1.0,1.0,45.0,3.0,False,/home/joshua/Code/ai_projects/amalia/backend/data/uploads/Iris_encoded_train.csv,/home/joshua/Code/ai_projects/amalia/backend/models/classification/random_forest.pkl,12.0,"['1:load_csv', '1:infer_data_types', '1:get_column_info', '1:detect_missing_values', '1:validate_csv_structure', '1:handle_missing_values', '1:remove_duplicates', '1:encode_categorical', '1:split_dataset', '1:train_classification_model', '1:evaluate_classification_model', '1:get_classification_report']",,,,,,,,,,,,,,,,Llama,,,medium,2.0
classification__mid__uciml_pima-indians-diabetes-database__diabetes,classification__mid__uciml_pima-indians-diabetes-database__diabetes.json,classification,,,failed,"keep must be either ""first"", ""last"" or False",,,,,,,,,,,,,,,,,,,,,,,,,,,Llama,,,medium,2.0
classification__mid__xhlulu_cpc-codes__titles,classification__mid__xhlulu_cpc-codes__titles.json,classification,,,failed,"Index(['all'], dtype='object')",,,,,,,,,,,,,,,,,,,,,,,,,,,Llama,,,medium,2.0
classification__mid__yasserh_titanic-dataset__Titanic-Dataset,classification__mid__yasserh_titanic-dataset__Titanic-Dataset.json,classification,Survived,logistic,failed,"Input X contains NaN.
LogisticRegression does not accept missing values encoded as NaN natively. For supervised learning, you might want to consider sklearn.ensemble.HistGradientBoostingClassifier and Regressor which accept missing values encoded as NaNs natively. Alternatively, it is possible to preprocess the data, for instance by using an imputer transformer in a pipeline or drop samples with missing values. See https://scikit-learn.org/stable/modules/impute.html You can find a list of all estimators that handle NaN values at the following page: https://scikit-learn.org/stable/modules/impute.html#estimators-that-handle-nan-values",,,,,,,,,,,,,,,,,,,,,,,,,,,Llama,,,medium,2.0
regression__easy__ganjerlawrence_mobile-phone-price-prediction-cleaned-dataset__Mobile-Price-Prediction-cleaned_data,regression__easy__ganjerlawrence_mobile-phone-price-prediction-cleaned-dataset__Mobile-Price-Prediction-cleaned_data.json,regression,Price,linear,success,,,,,,94.0,,,/home/joshua/Code/ai_projects/amalia/backend/data/uploads/datasets/regression/easy/ganjerlawrence_mobile-phone-price-prediction-cleaned-dataset/Mobile-Price-Prediction-cleaned_data.csv,/home/joshua/Code/ai_projects/amalia/backend/model/linear_regression_model,4.0,"['1:load_csv', '2:handle_missing_values', '2:remove_duplicates', '3:train_regression_model']",regression,,,0.1973,372.0,"['Ratings', 'RAM', 'ROM', 'Mobile_Size', 'Primary_Cam', 'Selfi_Cam', 'Battery_Power']",/home/joshua/Code/ai_projects/amalia/backend/model/linear_regression_model,,,292205913.1856,17094.0315,8626.7143,,0.4831,0.2858,Llama,,,easy,2.0
regression__easy__govindaramsriram_crop-yield-of-a-farm__crop_yield_data,regression__easy__govindaramsriram_crop-yield-of-a-farm__crop_yield_data.json,regression,,,failed,get_column_info: Column 'None' not found,,,,,,,,,,,,,,,,,,,,,,,,,,,Llama,,,easy,2.0
regression__easy__nalisha_numerical-feature-based-target-prediction-using-ml__practice_dataset,regression__easy__nalisha_numerical-feature-based-target-prediction-using-ml__practice_dataset.json,regression,,,failed,"Index(['all'], dtype='object')",,,,,,,,,,,,,,,,,,,,,,,,,,,Llama,,,easy,2.0
regression__easy__quantbruce_real-estate-price-prediction__Real estate,regression__easy__quantbruce_real-estate-price-prediction__Real estate.json,regression,,,failed,Workflow has no executable steps,,,,,,,,,,,,,,,,,,,,,,,,,,,Llama,,,easy,2.0
regression__easy__ranitsarkar01_porter-delivery-time-estimation__dataset,regression__easy__ranitsarkar01_porter-delivery-time-estimation__dataset.json,regression,,,failed,add_column_headers: Provided column_names length does not match dataset columns,,,,,,,,,,,,,,,,,,,,,,,,,,,Llama,,,easy,2.0
regression__easy__sakshisatre_the-boston-housing-dataset__Boston (1),regression__easy__sakshisatre_the-boston-housing-dataset__Boston (1).json,regression,,,failed,"Index(['None'], dtype='object')",,,,,,,,,,,,,,,,,,,,,,,,,,,Llama,,,easy,2.0
regression__easy__thedevastator_age-prediction-for-individuals-using-multi-omic__test_rows,regression__easy__thedevastator_age-prediction-for-individuals-using-multi-omic__test_rows.json,regression,KLF14_2,linear,success,,,,,,104.0,,,/home/joshua/Code/ai_projects/amalia/backend/data/uploads/datasets/regression/easy/thedevastator_age-prediction-for-individuals-using-multi-omic/test_rows.csv,/home/joshua/Code/ai_projects/amalia/data/batch_results/batch_20260420222508_3544cc31llama_final/models/regression__easy__thedevastator_age-prediction-for-individuals-using-multi-omic__test_rows.pkl,3.0,"['1:load_csv', '2:train_regression_model', '3:evaluate_regression_model']",,,,,,,,,0.5557732786782018,1.953,1.3975,1.0866,52.356,,,Llama,,,easy,2.0
regression__easy__zubairdhuddi_linear-regression__test,regression__easy__zubairdhuddi_linear-regression__test.json,regression,y,linear,success,,,,,,300.0,,,/home/joshua/Code/ai_projects/amalia/backend/data/uploads/datasets/regression/easy/zubairdhuddi_linear-regression/test.csv,/home/joshua/Code/ai_projects/amalia/data/batch_results/batch_20260420222508_3544cc31llama_final/models/regression__easy__zubairdhuddi_linear-regression__test.pkl,3.0,"['1:load_csv', '2:train_regression_model', '3:evaluate_regression_model']",,,,,,,,,0.979750157853358,9.1681,3.0279,2.4134,12.9757,,,Llama,,,easy,2.0
regression__hard__anujsaha0123456789_house-prices-cleaned-dataset-for-regression-ml__house_prices_cleaned,regression__hard__anujsaha0123456789_house-prices-cleaned-dataset-for-regression-ml__house_prices_cleaned.json,regression,SalePrice,svr,success,,,,,,1460.0,,,/home/joshua/Code/ai_projects/amalia/backend/data/uploads/datasets/regression/hard/anujsaha0123456789_house-prices-cleaned-dataset-for-regression-ml/house_prices_cleaned.csv,/home/joshua/Code/ai_projects/amalia/data/batch_results/batch_20260420222508_3544cc31llama_final/models/regression__hard__anujsaha0123456789_house-prices-cleaned-dataset-for-regression-ml__house_prices_cleaned.pkl,3.0,"['1:load_csv', '2:train_regression_model', '3:evaluate_regression_model']",,,,,,,,,-0.0442604438489518,6557949939.5246,80981.1703,55540.0192,32.1043,,,Llama,,,hard,2.0
regression__hard__bharatsahu_house-price-prediction-dataset-insurancehub-usa__House_price_multifeatures,regression__hard__bharatsahu_house-price-prediction-dataset-insurancehub-usa__House_price_multifeatures.json,classification,TTTerritory,decision_tree,failed,Input contains NaN,,,,,,,,,,,,,,,,,,,,,,,,,,,Llama,,,hard,2.0
regression__hard__bjaton_housepricesadvancedregressiontechniquestrain__train,regression__hard__bjaton_housepricesadvancedregressiontechniquestrain__train.json,regression,SalePrice,ridge,failed,"Input X contains NaN.
Ridge does not accept missing values encoded as NaN natively. For supervised learning, you might want to consider sklearn.ensemble.HistGradientBoostingClassifier and Regressor which accept missing values encoded as NaNs natively. Alternatively, it is possible to preprocess the data, for instance by using an imputer transformer in a pipeline or drop samples with missing values. See https://scikit-learn.org/stable/modules/impute.html You can find a list of all estimators that handle NaN values at the following page: https://scikit-learn.org/stable/modules/impute.html#estimators-that-handle-nan-values",,,,,,,,,,,,,,,,,,,,,,,,,,,Llama,,,hard,2.0
regression__hard__bobnau_daily-website-visitors__daily-website-visitors,regression__hard__bobnau_daily-website-visitors__daily-website-visitors.json,regression,,,failed,scale_features: No valid numeric columns found,,,,,,,,,,,,,,,,,,,,,,,,,,,Llama,,,hard,2.0
regression__hard__deepcontractor_car-price-prediction-challenge__car_price_prediction,regression__hard__deepcontractor_car-price-prediction-challenge__car_price_prediction.json,regression,,,failed,"random_state must be an integer, array-like, a BitGenerator, Generator, a numpy RandomState, or None",,,,,,,,,,,,,,,,,,,,,,,,,,,Llama,,,hard,2.0
regression__hard__kanchana1990_colorado-real-estate-market-2026__colorado_real_estate_2026,regression__hard__kanchana1990_colorado-real-estate-market-2026__colorado_real_estate_2026.json,regression,garage,linear,failed,"Input X contains NaN.
LinearRegression does not accept missing values encoded as NaN natively. For supervised learning, you might want to consider sklearn.ensemble.HistGradientBoostingClassifier and Regressor which accept missing values encoded as NaNs natively. Alternatively, it is possible to preprocess the data, for instance by using an imputer transformer in a pipeline or drop samples with missing values. See https://scikit-learn.org/stable/modules/impute.html You can find a list of all estimators that handle NaN values at the following page: https://scikit-learn.org/stable/modules/impute.html#estimators-that-handle-nan-values",,,,,,,,,,,,,,,,,,,,,,,,,,,Llama,,,hard,2.0
regression__hard__milanvaddoriya_old-car-price-prediction__car_price,regression__hard__milanvaddoriya_old-car-price-prediction__car_price.json,regression,car_prices_in_rupee,linear,failed,could not convert string to float: '12.20 Lakh',,,,,,,,,,,,,,,,,,,,,,,,,,,Llama,,,hard,2.0
regression__hard__spittman1248_cdc-data-nutrition-physical-activity-obesity__Nutrition__Physical_Activity__and_Obesity_-_Behavioral_Risk_Factor_Surveillance_System,regression__hard__spittman1248_cdc-data-nutrition-physical-activity-obesity__Nutrition__Physical_Activity__and_Obesity_-_Behavioral_Risk_Factor_Surveillance_System.json,regression,Data_Value,ridge,failed,"Input X contains NaN.
Ridge does not accept missing values encoded as NaN natively. For supervised learning, you might want to consider sklearn.ensemble.HistGradientBoostingClassifier and Regressor which accept missing values encoded as NaNs natively. Alternatively, it is possible to preprocess the data, for instance by using an imputer transformer in a pipeline or drop samples with missing values. See https://scikit-learn.org/stable/modules/impute.html You can find a list of all estimators that handle NaN values at the following page: https://scikit-learn.org/stable/modules/impute.html#estimators-that-handle-nan-values",,,,,,,,,,,,,,,,,,,,,,,,,,,Llama,,,hard,2.0
regression__hard__taweilo_mba-admission-dataset__MBA,regression__hard__taweilo_mba-admission-dataset__MBA.json,regression,admission,linear,failed,Input contains NaN,,,,,,,,,,,,,,,,,,,,,,,,,,,Llama,,,hard,2.0
regression__hard__valakhorasani_tehran-house-prices-dataset__TehranHouse,regression__hard__valakhorasani_tehran-house-prices-dataset__TehranHouse.json,regression,Price(USD),linear,success,,,,,,3479.0,,,/home/joshua/Code/ai_projects/amalia/backend/data/uploads/datasets/regression/hard/valakhorasani_tehran-house-prices-dataset/TehranHouse.csv,/home/joshua/Code/ai_projects/amalia/backend/models/tehran_house_regression_model.pkl,16.0,"['1:load_csv', '1:get_column_info', '1:infer_data_types', '1:get_basic_stats', '1:read_file_head', '1:validate_csv_structure', '1:detect_missing_values', '1:detect_duplicates', '1:add_column_headers', '1:analyze_csv', '2:add_noise', '2:generate_synthetic_data', '2:feature_selection', '2:dimensionality_reduction', '3:train_regression_model', '4:evaluate_regression_model']",,,,,,,,,0.9868555624291812,0.0,0.0026,0.0021,0.0,,,Llama,,,hard,2.0
regression__mid__CooperUnion_cardataset__data,regression__mid__CooperUnion_cardataset__data.json,regression,MSRP,linear,failed,"Input X contains NaN.
LinearRegression does not accept missing values encoded as NaN natively. For supervised learning, you might want to consider sklearn.ensemble.HistGradientBoostingClassifier and Regressor which accept missing values encoded as NaNs natively. Alternatively, it is possible to preprocess the data, for instance by using an imputer transformer in a pipeline or drop samples with missing values. See https://scikit-learn.org/stable/modules/impute.html You can find a list of all estimators that handle NaN values at the following page: https://scikit-learn.org/stable/modules/impute.html#estimators-that-handle-nan-values",,,,,,,,,,,,,,,,,,,,,,,,,,,Llama,,,medium,2.0
regression__mid__alamshihab075_health-and-lifestyle-data-for-diabetes-prediction__Diabetes_and_LifeStyle_Dataset ,regression__mid__alamshihab075_health-and-lifestyle-data-for-diabetes-prediction__Diabetes_and_LifeStyle_Dataset .json,classification,diagnosed_diabetes,decision_tree,success,,0.9994784599274684,0.9999,0.9994,0.9843763969804256,97297.0,2.0,True,/home/joshua/Code/ai_projects/amalia/backend/data/uploads/datasets/regression/mid/alamshihab075_health-and-lifestyle-data-for-diabetes-prediction/Diabetes_and_LifeStyle_Dataset .csv,/home/joshua/Code/ai_projects/amalia/data/batch_results/batch_20260420222508_3544cc31llama_final/models/regression__mid__alamshihab075_health-and-lifestyle-data-for-diabetes-prediction__Diabetes_and_LifeStyle_Dataset .pkl,3.0,"['1:load_csv', '2:train_classification_model', '3:evaluate_classification_model']",,,,,,,,,,,,,,,,Llama,,,medium,2.0
regression__mid__camnugent_california-housing-prices__housing,regression__mid__camnugent_california-housing-prices__housing.json,regression,median_house_value,linear,failed,"Input X contains NaN.
LinearRegression does not accept missing values encoded as NaN natively. For supervised learning, you might want to consider sklearn.ensemble.HistGradientBoostingClassifier and Regressor which accept missing values encoded as NaNs natively. Alternatively, it is possible to preprocess the data, for instance by using an imputer transformer in a pipeline or drop samples with missing values. See https://scikit-learn.org/stable/modules/impute.html You can find a list of all estimators that handle NaN values at the following page: https://scikit-learn.org/stable/modules/impute.html#estimators-that-handle-nan-values",,,,,,,,,,,,,,,,,,,,,,,,,,,Llama,,,medium,2.0
regression__mid__harlfoxem_housesalesprediction__kc_house_data,regression__mid__harlfoxem_housesalesprediction__kc_house_data.json,regression,sqft_lot15,gradient_boosting,success,,,,,,21613.0,,,/home/joshua/Code/ai_projects/amalia/backend/data/uploads/datasets/regression/mid/harlfoxem_housesalesprediction/kc_house_data.csv,/home/joshua/Code/ai_projects/amalia/backend/models/regression_model,10.0,"['1:load_csv', '1:read_file_head', '2:infer_data_types', '2:detect_missing_values', '2:detect_duplicates', '3:train_regression_model', '4:evaluate_regression_model', '4:calculate_residuals', '4:error_analysis', '4:save_evaluation_results']",,,,,,,,,0.8378138916412545,136905464.2146,11700.6608,3269.0084,26.126,,,Llama,,,medium,2.0
regression__mid__hrokrin_the-largest-diamond-dataset-currely-on-kaggle__diamonds,regression__mid__hrokrin_the-largest-diamond-dataset-currely-on-kaggle__diamonds.json,regression,total_sales_price,ridge,success,,,,,,219703.0,,,/home/joshua/Code/ai_projects/amalia/backend/data/uploads/datasets/regression/mid/hrokrin_the-largest-diamond-dataset-currely-on-kaggle/diamonds.csv,/home/joshua/Code/ai_projects/amalia/data/batch_results/batch_20260420222508_3544cc31llama_final/models/regression__mid__hrokrin_the-largest-diamond-dataset-currely-on-kaggle__diamonds.pkl,3.0,"['1:load_csv', '2:train_regression_model', '3:evaluate_regression_model']",,,,,,,,,0.6082845975495623,261239633.3307,16162.9092,4382.1779,153.3673,,,Llama,,,medium,2.0
regression__mid__lorenzozoppelletto_financial-risk-for-loan-approval__Loan,regression__mid__lorenzozoppelletto_financial-risk-for-loan-approval__Loan.json,regression,RiskScore,ridge,success,,,,,,20000.0,,,/home/joshua/Code/ai_projects/amalia/backend/data/uploads/datasets/regression/mid/lorenzozoppelletto_financial-risk-for-loan-approval/Loan.csv,/home/joshua/Code/ai_projects/amalia/data/batch_results/batch_20260420222508_3544cc31llama_final/models/regression__mid__lorenzozoppelletto_financial-risk-for-loan-approval__Loan.pkl,3.0,"['1:load_csv', '2:train_regression_model', '3:evaluate_regression_model']",,,,,,,,,0.9243114158028604,3.7993,1.9492,1.5056,3.0474,,,Llama,,,medium,2.0
regression__mid__mirichoi0218_insurance__insurance,regression__mid__mirichoi0218_insurance__insurance.json,regression,charges,linear,success,,,,,,1338.0,,,/home/joshua/Code/ai_projects/amalia/backend/data/uploads/datasets/regression/mid/processed/insurance_processed.csv,/home/joshua/Code/ai_projects/amalia/backend/models/regression,7.0,"['1:load_csv', '2:infer_data_types', '2:detect_missing_values', '2:remove_duplicates', '2:add_column_headers', '3:train_regression_model', '4:evaluate_regression_model']",,,,,,,,,0.7760767935575639,36550482.8428,6045.6995,4204.3048,43.2176,,,Llama,,,medium,2.0
regression__mid__ranitsarkar01_porter-delivery-time-estimation__dataset,regression__mid__ranitsarkar01_porter-delivery-time-estimation__dataset.json,regression,total_outstanding_orders,linear,failed,"Input X contains NaN.
LinearRegression does not accept missing values encoded as NaN natively. For supervised learning, you might want to consider sklearn.ensemble.HistGradientBoostingClassifier and Regressor which accept missing values encoded as NaNs natively. Alternatively, it is possible to preprocess the data, for instance by using an imputer transformer in a pipeline or drop samples with missing values. See https://scikit-learn.org/stable/modules/impute.html You can find a list of all estimators that handle NaN values at the following page: https://scikit-learn.org/stable/modules/impute.html#estimators-that-handle-nan-values",,,,,,,,,,,,,,,,,,,,,,,,,,,Llama,,,medium,2.0
regression__mid__rupals_gpu-runtime__sgemm_product,regression__mid__rupals_gpu-runtime__sgemm_product.json,regression,Run4 (ms),linear,success,,,,,,241600.0,,,/home/joshua/Code/ai_projects/amalia/backend/data/uploads/datasets/regression/mid/rupals_gpu-runtime/sgemm_product.csv,/home/joshua/Code/ai_projects/amalia/data/batch_results/batch_20260420222508_3544cc31llama_final/models/regression__mid__rupals_gpu-runtime__sgemm_product.pkl,3.0,"['1:load_csv', '2:train_regression_model', '3:evaluate_regression_model']",,,,,,,,,1.0,3.6157,1.9015,0.6697,0.6249,,,Llama,,,medium,2.0
regression__mid__yasserh_uber-fares-dataset__uber,regression__mid__yasserh_uber-fares-dataset__uber.json,regression,,,failed,Input file not found: /app/data/uploads/datasets/regression/mid/yasserh_uber-fares-dataset/processed/uber.csv,,,,,,,,,,,,,,,,,,,,,,,,,,,Llama,,,medium,2.0
classification__easy__abhishek14398_heart-disease-classification__heart,classification__easy__abhishek14398_heart-disease-classification__heart.json,classification,target,logistic,success,,0.81358403993787,0.837,0.9333,0.8513402616480831,303.0,2.0,True,/home/joshua/Code/ai_projects/amalia/backend/data/uploads/datasets/classification/easy/abhishek14398_heart-disease-classification/heart.csv,/home/joshua/Code/ai_projects/amalia/data/batch_results/batch_20260420222508_3544cc31llama_final/models/classification__easy__abhishek14398_heart-disease-classification__heart.pkl,7.0,"['1:load_csv', '1:infer_data_types', '1:get_basic_stats', '2:handle_missing_values', '2:remove_duplicates', '3:train_classification_model', '4:evaluate_classification_model']",,,,,,,,,,,,,,,,Llama,,,easy,3.0
classification__easy__brsahan_genomic-data-for-cancer__gene_expression,classification__easy__brsahan_genomic-data-for-cancer__gene_expression.json,classification,Cancer Present,logistic,success,,0.8705365241327088,0.8546,0.858,0.8632528338819542,3000.0,2.0,True,/home/joshua/Code/ai_projects/amalia/backend/data/uploads/datasets/classification/easy/brsahan_genomic-data-for-cancer/gene_expression.csv,/home/joshua/Code/ai_projects/amalia/data/batch_results/batch_20260420222508_3544cc31llama_final/models/classification__easy__brsahan_genomic-data-for-cancer__gene_expression.pkl,3.0,"['1:load_csv', '2:train_classification_model', '3:evaluate_classification_model']",,,,,,,,,,,,,,,,Llama,,,easy,3.0
classification__easy__fedesoriano_stellar-classification-dataset-sdss17__star_classification,classification__easy__fedesoriano_stellar-classification-dataset-sdss17__star_classification.json,classification,class,logistic,success,,0.6121475122952824,0.447,0.5982,0.4598424833836023,100000.0,3.0,False,/home/joshua/Code/ai_projects/amalia/backend/data/uploads/datasets/classification/easy/fedesoriano_stellar-classification-dataset-sdss17/star_classification.csv,/home/joshua/Code/ai_projects/amalia/data/batch_results/batch_20260420222508_3544cc31llama_final/models/classification__easy__fedesoriano_stellar-classification-dataset-sdss17__star_classification.pkl,3.0,"['1:load_csv', '2:train_classification_model', '3:evaluate_classification_model']",,,,,,,,,,,,,,,,Llama,,,easy,3.0
classification__easy__himanshunakrani_naive-bayes-classification-data__Naive-Bayes-Classification-Data,classification__easy__himanshunakrani_naive-bayes-classification-data__Naive-Bayes-Classification-Data.json,classification,,,failed,"Index(['all'], dtype='object')",,,,,,,,,,,,,,,,,,,,,,,,,,,Llama,,,easy,3.0
classification__easy__mahmoudshaheen1134_heart-disease-data__heart disease,classification__easy__mahmoudshaheen1134_heart-disease-data__heart disease.json,classification,target,logistic,success,,,,,,61.0,2.0,,/home/joshua/Code/ai_projects/amalia/backend/data/uploads/datasets/classification/easy/mahmoudshaheen1134_heart-disease-data/preprocessed/heart disease_unique_renamed.csv,/home/joshua/Code/ai_projects/amalia/backend/models/classification/heart_disease_model.h5,7.0,"['1:load_csv', '1:infer_data_types', '1:get_basic_stats', '2:handle_missing_values', '2:remove_duplicates', '2:rename_columns', '3:train_classification_model']",classification,0.8672,0.8197,0.0475,241.0,"['Age', 'Sex', 'CP', 'Trestbps', 'Chol', 'Fbs', 'Restecg', 'Thalach', 'Exang', 'Oldpeak', 'Slope', 'Ca', 'Thal']",/home/joshua/Code/ai_projects/amalia/backend/models/classification/heart_disease_model.h5,,,,,,,,,Llama,,,easy,3.0
classification__easy__priyanshusethi_happiness-classification-dataset__happydata,classification__easy__priyanshusethi_happiness-classification-dataset__happydata.json,classification,,,failed,"Index([13], dtype='int64')",,,,,,,,,,,,,,,,,,,,,,,,,,,Llama,,,easy,3.0
classification__easy__ritwikb3_heart-disease-cleveland__Heart_disease_cleveland_new,classification__easy__ritwikb3_heart-disease-cleveland__Heart_disease_cleveland_new.json,classification,target,logistic,success,,0.8604627857073572,0.875,0.8058,0.7875288268364486,303.0,2.0,True,/home/joshua/Code/ai_projects/amalia/backend/data/uploads/datasets/classification/easy/ritwikb3_heart-disease-cleveland/Heart_disease_cleveland_new_encoded.csv,/home/joshua/Code/ai_projects/amalia/backend/models/classification/logistic,7.0,"['1:load_csv', '1:infer_data_types', '2:handle_missing_values', '2:remove_duplicates', '2:encode_categorical', '3:train_classification_model', '4:evaluate_classification_model']",,,,,,,,,,,,,,,,Llama,,,easy,3.0
classification__easy__ritwikb3_heart-disease-statlog__Heart_disease_statlog,classification__easy__ritwikb3_heart-disease-statlog__Heart_disease_statlog.json,classification,,,failed,get_column_info: Column 'None' not found,,,,,,,,,,,,,,,,,,,,,,,,,,,Llama,,,easy,3.0
classification__easy__robikscube_eye-state-classification-eeg-dataset__EEG_Eye_State_Classification,classification__easy__robikscube_eye-state-classification-eeg-dataset__EEG_Eye_State_Classification.json,classification,eyeDetection,random_forest,success,,1.0,0.9899,0.9749,1.0,14980.0,2.0,True,/home/joshua/Code/ai_projects/amalia/backend/data/uploads/datasets/classification/easy/robikscube_eye-state-classification-eeg-dataset/EEG_Eye_State_Classification.csv,/home/joshua/Code/ai_projects/amalia/backend/models/classification_model,6.0,"['1:load_csv', '2:handle_missing_values', '2:remove_duplicates', '2:encode_categorical', '3:train_classification_model', '4:evaluate_classification_model']",,,,,,,,,,,,,,,,Llama,,,easy,3.0
classification__easy__uciml_glass__glass,classification__easy__uciml_glass__glass.json,classification,Type,logistic,failed,[Errno 21] Is a directory: '/home/joshua/Code/ai_projects/amalia/backend/models/classification',,,,,,,,,,,,,,,,,,,,,,,,,,,Llama,,,easy,3.0
classification__easy__yasserh_heart-disease-dataset__heart,classification__easy__yasserh_heart-disease-dataset__heart.json,classification,target,random_forest,success,,,,,,61.0,2.0,,/home/joshua/Code/ai_projects/amalia/backend/data/uploads/datasets/classification/easy/yasserh_heart-disease-dataset/heart.csv,/home/joshua/Code/ai_projects/amalia/backend/models/heart_disease_model.pkl,7.0,"['1:load_csv', '2:infer_data_types', '2:get_column_info', '2:get_basic_stats', '2:read_file_head', '2:validate_csv_structure', '3:train_classification_model']",classification,1.0,0.8361,0.1639,242.0,"['age', 'sex', 'cp', 'trestbps', 'chol', 'fbs', 'restecg', 'thalach', 'exang', 'oldpeak', 'slope', 'ca', 'thal']",/home/joshua/Code/ai_projects/amalia/backend/models/heart_disease_model.pkl,,,,,,,,,Llama,,,easy,3.0
classification__easy__yasserh_wine-quality-dataset__WineQT,classification__easy__yasserh_wine-quality-dataset__WineQT.json,classification,,,failed,get_column_info: Column 'None' not found,,,,,,,,,,,,,,,,,,,,,,,,,,,Llama,,,easy,3.0
classification__hard__abhishek14398_loan-dataset__loan,classification__hard__abhishek14398_loan-dataset__loan.json,classification,total_il_high_credit_limit,naive_bayes,failed,Input y contains NaN.,,,,,,,,,,,,,,,,,,,,,,,,,,,Llama,,,hard,3.0
classification__hard__andrewmvd_cyberbullying-classification__cyberbullying_tweets,classification__hard__andrewmvd_cyberbullying-classification__cyberbullying_tweets.json,classification,cyberbullying_type,logistic,failed,"The feature names should match those that were passed during fit.
Feature names unseen at fit time:
- cyberbullying_type
",,,,,,,,,,,,,,,,,,,,,,,,,,,Llama,,,hard,3.0
classification__hard__balaka18_email-spam-classification-dataset-csv__emails,classification__hard__balaka18_email-spam-classification-dataset-csv__emails.json,classification,target,svm,success,,0.9791869302978105,0.9743,0.987,0.9474436312549346,5172.0,7.0,False,/home/joshua/Code/ai_projects/amalia/backend/data/uploads/datasets/classification/hard/balaka18_email-spam-classification-dataset-csv/emails.csv,/home/joshua/Code/ai_projects/amalia/data/batch_results/batch_20260420222508_3544cc31llama_final/models/classification__hard__balaka18_email-spam-classification-dataset-csv__emails.pkl,3.0,"['1:load_csv', '2:train_classification_model', '3:evaluate_classification_model']",,,,,,,,,,,,,,,,Llama,,,hard,3.0
classification__hard__ddosad_ecommerce-customer-service-satisfaction__Customer_support_data,classification__hard__ddosad_ecommerce-customer-service-satisfaction__Customer_support_data.json,classification,,,failed,filter_rows: Unknown condition: not null,,,,,,,,,,,,,,,,,,,,,,,,,,,Llama,,,hard,3.0
classification__hard__hetulmehta_website-classification__website_classification,classification__hard__hetulmehta_website-classification__website_classification.json,classification,Category,random_forest,failed,"The feature names should match those that were passed during fit.
Feature names unseen at fit time:
- Category
",,,,,,,,,,,,,,,,,,,,,,,,,,,Llama,,,hard,3.0
classification__hard__jocelyndumlao_consumer-review-of-clothing-product__Consumer Review of Clothing Product__data_amazon.xlsx - Sheet1,classification__hard__jocelyndumlao_consumer-review-of-clothing-product__Consumer Review of Clothing Product__data_amazon.xlsx - Sheet1.json,classification,Durability,logistic,failed,"Input X contains NaN.
LogisticRegression does not accept missing values encoded as NaN natively. For supervised learning, you might want to consider sklearn.ensemble.HistGradientBoostingClassifier and Regressor which accept missing values encoded as NaNs natively. Alternatively, it is possible to preprocess the data, for instance by using an imputer transformer in a pipeline or drop samples with missing values. See https://scikit-learn.org/stable/modules/impute.html You can find a list of all estimators that handle NaN values at the following page: https://scikit-learn.org/stable/modules/impute.html#estimators-that-handle-nan-values",,,,,,,,,,,,,,,,,,,,,,,,,,,Llama,,,hard,3.0
classification__hard__pashupatigupta_emotion-detection-from-text__tweet_emotions,classification__hard__pashupatigupta_emotion-detection-from-text__tweet_emotions.json,classification,,,failed,"keep must be either ""first"", ""last"" or False",,,,,,,,,,,,,,,,,,,,,,,,,,,Llama,,,hard,3.0
classification__hard__prox37_twitter-multilabel-classification-dataset__mLabel_tweets,classification__hard__prox37_twitter-multilabel-classification-dataset__mLabel_tweets.json,classification,labels,random_forest,success,,,,,,1985.0,288.0,,/home/joshua/Code/ai_projects/amalia/backend/data/uploads/datasets/classification/hard/prox37_twitter-multilabel-classification-dataset/mLabel_tweets.csv,/home/joshua/Code/ai_projects/amalia/backend/models/classification/model.pkl,4.0,"['1:load_csv', '1:get_column_info', '1:infer_data_types', '2:train_classification_model']",classification,0.9997,0.1144,0.8854,7936.0,"['ID', 'tweet']",/home/joshua/Code/ai_projects/amalia/backend/models/classification/model.pkl,,,,,,,,,Llama,,,hard,3.0
classification__hard__saurabhshahane_ecommerce-text-classification__ecommerceDataset,classification__hard__saurabhshahane_ecommerce-text-classification__ecommerceDataset.json,classification,"Paper Plane Design Framed Wall Hanging Motivational Office Decor Art Prints (8.7 X 8.7 inch) - Set of 4 Painting made up in synthetic frame with uv textured print which gives multi effects and attracts towards it. This is an special series of paintings which makes your wall very beautiful and gives a royal touch. This painting is ready to hang, you would be proud to possess this unique painting that is a niche apart. We use only the most modern and efficient printing technology on our prints, with only the and inks and precision epson, roland and hp printers. This innovative hd printing technique results in durable and spectacular looking prints of the highest that last a lifetime. We print solely with top-notch 100% inks, to achieve brilliant and true colours. Due to their high level of uv resistance, our prints retain their beautiful colours for many years. Add colour and style to your living space with this digitally printed painting. Some are for pleasure and some for eternal bliss.so bring home this elegant print that is lushed with rich colors that makes it nothing but sheer elegance to be to your friends and family.it would be treasured forever by whoever your lucky recipient is. Liven up your place with these intriguing paintings that are high definition hd graphic digital prints for home, office or any room.",logistic,failed,Input contains NaN,,,,,,,,,,,,,,,,,,,,,,,,,,,Llama,,,hard,3.0
classification__hard__shivamb_spam-url-prediction__url_spam_classification,classification__hard__shivamb_spam-url-prediction__url_spam_classification.json,classification,is_spam,logistic,success,,0.7741815778737019,0.6732,0.7047,0.6723380088191478,148303.0,2.0,True,/tmp/encoded_data.csv,/tmp/model.pkl,8.0,"['1:load_csv', '1:read_file_head', '1:validate_csv_structure', '2:handle_missing_values', '2:remove_duplicates', '2:encode_categorical', '3:train_classification_model', '4:evaluate_classification_model']",,,,,,,,,,,,,,,,Llama,,,hard,3.0
classification__mid__andrewmvd_cyberbullying-classification__cyberbullying_tweets,classification__mid__andrewmvd_cyberbullying-classification__cyberbullying_tweets.json,classification,,,failed,"Index(['None'], dtype='object')",,,,,,,,,,,,,,,,,,,,,,,,,,,Llama,,,medium,3.0
classification__mid__christianlillelund_csgo-round-winner-classification__csgo_round_snapshots,classification__mid__christianlillelund_csgo-round-winner-classification__csgo_round_snapshots.json,classification,round_winner,decision_tree,failed,"pos_label=1 is not a valid label. It should be one of ['CT', 'T']",,,,,,,,,,,,,,,,,,,,,,,,,,,Llama,,,medium,3.0
classification__mid__fedesoriano_heart-failure-prediction__heart,classification__mid__fedesoriano_heart-failure-prediction__heart.json,classification,,,failed,"keep must be either ""first"", ""last"" or False",,,,,,,,,,,,,,,,,,,,,,,,,,,Llama,,,medium,3.0
classification__mid__fedesoriano_stellar-classification-dataset-sdss17__star_classification,classification__mid__fedesoriano_stellar-classification-dataset-sdss17__star_classification.json,classification,class,logistic,success,,0.6022410255386604,0.447,0.5982,0.4819130520150114,100000.0,3.0,False,/home/joshua/Code/ai_projects/amalia/backend/data/uploads/datasets/classification/mid/fedesoriano_stellar-classification-dataset-sdss17/star_classification.csv,/home/joshua/Code/ai_projects/amalia/data/batch_results/batch_20260420222508_3544cc31llama_final/models/classification__mid__fedesoriano_stellar-classification-dataset-sdss17__star_classification.pkl,3.0,"['1:load_csv', '2:train_classification_model', '3:evaluate_classification_model']",,,,,,,,,,,,,,,,Llama,,,medium,3.0
classification__mid__nimapourmoradi_dry-bean-dataset-classification__Dry_Bean_Dataset,classification__mid__nimapourmoradi_dry-bean-dataset-classification__Dry_Bean_Dataset.json,classification,Class,logistic,failed,,,0.8707,0.8704,,13611.0,7.0,False,/home/joshua/Code/ai_projects/amalia/backend/data/uploads/datasets/classification/mid/nimapourmoradi_dry-bean-dataset-classification/Dry_Bean_Dataset_processed_renamed.csv,/home/joshua/Code/ai_projects/amalia/backend/models/classification/model.logistic,6.0,"['1:load_csv', '1:infer_data_types', '2:handle_missing_values', '2:rename_columns', '3:train_classification_model', '4:evaluate_classification_model']",,,,,,,,,,,,,,,,Llama,,,medium,3.0
classification__mid__tanishqdublish_text-classification-documentation__df_file,classification__mid__tanishqdublish_text-classification-documentation__df_file.json,classification,,,failed,"Index([100], dtype='int64')",,,,,,,,,,,,,,,,,,,,,,,,,,,Llama,,,medium,3.0
classification__mid__uciml_iris__Iris,classification__mid__uciml_iris__Iris.json,classification,Species,random_forest,success,,0.9500774260138796,1.0,1.0,1.0,45.0,3.0,False,/home/joshua/Code/ai_projects/amalia/backend/data/uploads/Iris_encoded_train.csv,/home/joshua/Code/ai_projects/amalia/backend/models/classification/random_forest.pkl,12.0,"['1:load_csv', '1:infer_data_types', '1:get_column_info', '1:detect_missing_values', '1:validate_csv_structure', '1:handle_missing_values', '1:remove_duplicates', '1:encode_categorical', '1:split_dataset', '1:train_classification_model', '1:evaluate_classification_model', '1:get_classification_report']",,,,,,,,,,,,,,,,Llama,,,medium,3.0
classification__mid__uciml_pima-indians-diabetes-database__diabetes,classification__mid__uciml_pima-indians-diabetes-database__diabetes.json,classification,,,failed,"keep must be either ""first"", ""last"" or False",,,,,,,,,,,,,,,,,,,,,,,,,,,Llama,,,medium,3.0
classification__mid__xhlulu_cpc-codes__titles,classification__mid__xhlulu_cpc-codes__titles.json,classification,,,failed,"Index(['all'], dtype='object')",,,,,,,,,,,,,,,,,,,,,,,,,,,Llama,,,medium,3.0
classification__mid__yasserh_titanic-dataset__Titanic-Dataset,classification__mid__yasserh_titanic-dataset__Titanic-Dataset.json,classification,Survived,logistic,failed,"Input X contains NaN.
LogisticRegression does not accept missing values encoded as NaN natively. For supervised learning, you might want to consider sklearn.ensemble.HistGradientBoostingClassifier and Regressor which accept missing values encoded as NaNs natively. Alternatively, it is possible to preprocess the data, for instance by using an imputer transformer in a pipeline or drop samples with missing values. See https://scikit-learn.org/stable/modules/impute.html You can find a list of all estimators that handle NaN values at the following page: https://scikit-learn.org/stable/modules/impute.html#estimators-that-handle-nan-values",,,,,,,,,,,,,,,,,,,,,,,,,,,Llama,,,medium,3.0
regression__easy__ganjerlawrence_mobile-phone-price-prediction-cleaned-dataset__Mobile-Price-Prediction-cleaned_data,regression__easy__ganjerlawrence_mobile-phone-price-prediction-cleaned-dataset__Mobile-Price-Prediction-cleaned_data.json,regression,Price,linear,success,,,,,,94.0,,,/home/joshua/Code/ai_projects/amalia/backend/data/uploads/datasets/regression/easy/ganjerlawrence_mobile-phone-price-prediction-cleaned-dataset/Mobile-Price-Prediction-cleaned_data.csv,/home/joshua/Code/ai_projects/amalia/backend/model/linear_regression_model,4.0,"['1:load_csv', '2:handle_missing_values', '2:remove_duplicates', '3:train_regression_model']",regression,,,0.1973,372.0,"['Ratings', 'RAM', 'ROM', 'Mobile_Size', 'Primary_Cam', 'Selfi_Cam', 'Battery_Power']",/home/joshua/Code/ai_projects/amalia/backend/model/linear_regression_model,,,292205913.1856,17094.0315,8626.7143,,0.4831,0.2858,Llama,,,easy,3.0
regression__easy__govindaramsriram_crop-yield-of-a-farm__crop_yield_data,regression__easy__govindaramsriram_crop-yield-of-a-farm__crop_yield_data.json,regression,,,failed,get_column_info: Column 'None' not found,,,,,,,,,,,,,,,,,,,,,,,,,,,Llama,,,easy,3.0
regression__easy__nalisha_numerical-feature-based-target-prediction-using-ml__practice_dataset,regression__easy__nalisha_numerical-feature-based-target-prediction-using-ml__practice_dataset.json,regression,,,failed,"Index(['all'], dtype='object')",,,,,,,,,,,,,,,,,,,,,,,,,,,Llama,,,easy,3.0
regression__easy__quantbruce_real-estate-price-prediction__Real estate,regression__easy__quantbruce_real-estate-price-prediction__Real estate.json,regression,,,failed,Workflow has no executable steps,,,,,,,,,,,,,,,,,,,,,,,,,,,Llama,,,easy,3.0
regression__easy__ranitsarkar01_porter-delivery-time-estimation__dataset,regression__easy__ranitsarkar01_porter-delivery-time-estimation__dataset.json,regression,,,failed,add_column_headers: Provided column_names length does not match dataset columns,,,,,,,,,,,,,,,,,,,,,,,,,,,Llama,,,easy,3.0
regression__easy__sakshisatre_the-boston-housing-dataset__Boston (1),regression__easy__sakshisatre_the-boston-housing-dataset__Boston (1).json,regression,,,failed,"Index(['None'], dtype='object')",,,,,,,,,,,,,,,,,,,,,,,,,,,Llama,,,easy,3.0
regression__easy__thedevastator_age-prediction-for-individuals-using-multi-omic__test_rows,regression__easy__thedevastator_age-prediction-for-individuals-using-multi-omic__test_rows.json,regression,KLF14_2,linear,success,,,,,,104.0,,,/home/joshua/Code/ai_projects/amalia/backend/data/uploads/datasets/regression/easy/thedevastator_age-prediction-for-individuals-using-multi-omic/test_rows.csv,/home/joshua/Code/ai_projects/amalia/data/batch_results/batch_20260420222508_3544cc31llama_final/models/regression__easy__thedevastator_age-prediction-for-individuals-using-multi-omic__test_rows.pkl,3.0,"['1:load_csv', '2:train_regression_model', '3:evaluate_regression_model']",,,,,,,,,0.5364486353316267,1.953,1.3975,1.0866,52.356,,,Llama,,,easy,3.0
regression__easy__zubairdhuddi_linear-regression__test,regression__easy__zubairdhuddi_linear-regression__test.json,regression,y,linear,success,,,,,,300.0,,,/home/joshua/Code/ai_projects/amalia/backend/data/uploads/datasets/regression/easy/zubairdhuddi_linear-regression/test.csv,/home/joshua/Code/ai_projects/amalia/data/batch_results/batch_20260420222508_3544cc31llama_final/models/regression__easy__zubairdhuddi_linear-regression__test.pkl,3.0,"['1:load_csv', '2:train_regression_model', '3:evaluate_regression_model']",,,,,,,,,0.9468899488415864,9.1681,3.0279,2.4134,12.9757,,,Llama,,,easy,3.0
regression__hard__anujsaha0123456789_house-prices-cleaned-dataset-for-regression-ml__house_prices_cleaned,regression__hard__anujsaha0123456789_house-prices-cleaned-dataset-for-regression-ml__house_prices_cleaned.json,regression,SalePrice,svr,success,,,,,,1460.0,,,/home/joshua/Code/ai_projects/amalia/backend/data/uploads/datasets/regression/hard/anujsaha0123456789_house-prices-cleaned-dataset-for-regression-ml/house_prices_cleaned.csv,/home/joshua/Code/ai_projects/amalia/data/batch_results/batch_20260420222508_3544cc31llama_final/models/regression__hard__anujsaha0123456789_house-prices-cleaned-dataset-for-regression-ml__house_prices_cleaned.pkl,3.0,"['1:load_csv', '2:train_regression_model', '3:evaluate_regression_model']",,,,,,,,,-0.0587052117929356,6557949939.5246,80981.1703,55540.0192,32.1043,,,Llama,,,hard,3.0
regression__hard__bharatsahu_house-price-prediction-dataset-insurancehub-usa__House_price_multifeatures,regression__hard__bharatsahu_house-price-prediction-dataset-insurancehub-usa__House_price_multifeatures.json,classification,TTTerritory,decision_tree,failed,Input contains NaN,,,,,,,,,,,,,,,,,,,,,,,,,,,Llama,,,hard,3.0
regression__hard__bjaton_housepricesadvancedregressiontechniquestrain__train,regression__hard__bjaton_housepricesadvancedregressiontechniquestrain__train.json,regression,SalePrice,ridge,failed,"Input X contains NaN.
Ridge does not accept missing values encoded as NaN natively. For supervised learning, you might want to consider sklearn.ensemble.HistGradientBoostingClassifier and Regressor which accept missing values encoded as NaNs natively. Alternatively, it is possible to preprocess the data, for instance by using an imputer transformer in a pipeline or drop samples with missing values. See https://scikit-learn.org/stable/modules/impute.html You can find a list of all estimators that handle NaN values at the following page: https://scikit-learn.org/stable/modules/impute.html#estimators-that-handle-nan-values",,,,,,,,,,,,,,,,,,,,,,,,,,,Llama,,,hard,3.0
regression__hard__bobnau_daily-website-visitors__daily-website-visitors,regression__hard__bobnau_daily-website-visitors__daily-website-visitors.json,regression,,,failed,scale_features: No valid numeric columns found,,,,,,,,,,,,,,,,,,,,,,,,,,,Llama,,,hard,3.0
regression__hard__deepcontractor_car-price-prediction-challenge__car_price_prediction,regression__hard__deepcontractor_car-price-prediction-challenge__car_price_prediction.json,regression,,,failed,"random_state must be an integer, array-like, a BitGenerator, Generator, a numpy RandomState, or None",,,,,,,,,,,,,,,,,,,,,,,,,,,Llama,,,hard,3.0
regression__hard__kanchana1990_colorado-real-estate-market-2026__colorado_real_estate_2026,regression__hard__kanchana1990_colorado-real-estate-market-2026__colorado_real_estate_2026.json,regression,garage,linear,failed,"Input X contains NaN.
LinearRegression does not accept missing values encoded as NaN natively. For supervised learning, you might want to consider sklearn.ensemble.HistGradientBoostingClassifier and Regressor which accept missing values encoded as NaNs natively. Alternatively, it is possible to preprocess the data, for instance by using an imputer transformer in a pipeline or drop samples with missing values. See https://scikit-learn.org/stable/modules/impute.html You can find a list of all estimators that handle NaN values at the following page: https://scikit-learn.org/stable/modules/impute.html#estimators-that-handle-nan-values",,,,,,,,,,,,,,,,,,,,,,,,,,,Llama,,,hard,3.0
regression__hard__milanvaddoriya_old-car-price-prediction__car_price,regression__hard__milanvaddoriya_old-car-price-prediction__car_price.json,regression,car_prices_in_rupee,linear,failed,could not convert string to float: '12.20 Lakh',,,,,,,,,,,,,,,,,,,,,,,,,,,Llama,,,hard,3.0
regression__hard__spittman1248_cdc-data-nutrition-physical-activity-obesity__Nutrition__Physical_Activity__and_Obesity_-_Behavioral_Risk_Factor_Surveillance_System,regression__hard__spittman1248_cdc-data-nutrition-physical-activity-obesity__Nutrition__Physical_Activity__and_Obesity_-_Behavioral_Risk_Factor_Surveillance_System.json,regression,Data_Value,ridge,failed,"Input X contains NaN.
Ridge does not accept missing values encoded as NaN natively. For supervised learning, you might want to consider sklearn.ensemble.HistGradientBoostingClassifier and Regressor which accept missing values encoded as NaNs natively. Alternatively, it is possible to preprocess the data, for instance by using an imputer transformer in a pipeline or drop samples with missing values. See https://scikit-learn.org/stable/modules/impute.html You can find a list of all estimators that handle NaN values at the following page: https://scikit-learn.org/stable/modules/impute.html#estimators-that-handle-nan-values",,,,,,,,,,,,,,,,,,,,,,,,,,,Llama,,,hard,3.0
regression__hard__taweilo_mba-admission-dataset__MBA,regression__hard__taweilo_mba-admission-dataset__MBA.json,regression,admission,linear,failed,Input contains NaN,,,,,,,,,,,,,,,,,,,,,,,,,,,Llama,,,hard,3.0
regression__hard__valakhorasani_tehran-house-prices-dataset__TehranHouse,regression__hard__valakhorasani_tehran-house-prices-dataset__TehranHouse.json,regression,Price(USD),linear,failed,,,,,,3479.0,,,/home/joshua/Code/ai_projects/amalia/backend/data/uploads/datasets/regression/hard/valakhorasani_tehran-house-prices-dataset/TehranHouse.csv,/home/joshua/Code/ai_projects/amalia/backend/models/tehran_house_regression_model.pkl,16.0,"['1:load_csv', '1:get_column_info', '1:infer_data_types', '1:get_basic_stats', '1:read_file_head', '1:validate_csv_structure', '1:detect_missing_values', '1:detect_duplicates', '1:add_column_headers', '1:analyze_csv', '2:add_noise', '2:generate_synthetic_data', '2:feature_selection', '2:dimensionality_reduction', '3:train_regression_model', '4:evaluate_regression_model']",,,,,,,,,,0.0,0.0026,0.0021,0.0,,,Llama,,,hard,3.0
regression__mid__CooperUnion_cardataset__data,regression__mid__CooperUnion_cardataset__data.json,regression,MSRP,linear,failed,"Input X contains NaN.
LinearRegression does not accept missing values encoded as NaN natively. For supervised learning, you might want to consider sklearn.ensemble.HistGradientBoostingClassifier and Regressor which accept missing values encoded as NaNs natively. Alternatively, it is possible to preprocess the data, for instance by using an imputer transformer in a pipeline or drop samples with missing values. See https://scikit-learn.org/stable/modules/impute.html You can find a list of all estimators that handle NaN values at the following page: https://scikit-learn.org/stable/modules/impute.html#estimators-that-handle-nan-values",,,,,,,,,,,,,,,,,,,,,,,,,,,Llama,,,medium,3.0
regression__mid__alamshihab075_health-and-lifestyle-data-for-diabetes-prediction__Diabetes_and_LifeStyle_Dataset ,regression__mid__alamshihab075_health-and-lifestyle-data-for-diabetes-prediction__Diabetes_and_LifeStyle_Dataset .json,classification,diagnosed_diabetes,decision_tree,success,,1.0,0.9999,0.9994,1.0,97297.0,2.0,True,/home/joshua/Code/ai_projects/amalia/backend/data/uploads/datasets/regression/mid/alamshihab075_health-and-lifestyle-data-for-diabetes-prediction/Diabetes_and_LifeStyle_Dataset .csv,/home/joshua/Code/ai_projects/amalia/data/batch_results/batch_20260420222508_3544cc31llama_final/models/regression__mid__alamshihab075_health-and-lifestyle-data-for-diabetes-prediction__Diabetes_and_LifeStyle_Dataset .pkl,3.0,"['1:load_csv', '2:train_classification_model', '3:evaluate_classification_model']",,,,,,,,,,,,,,,,Llama,,,medium,3.0
regression__mid__camnugent_california-housing-prices__housing,regression__mid__camnugent_california-housing-prices__housing.json,regression,median_house_value,linear,failed,"Input X contains NaN.
LinearRegression does not accept missing values encoded as NaN natively. For supervised learning, you might want to consider sklearn.ensemble.HistGradientBoostingClassifier and Regressor which accept missing values encoded as NaNs natively. Alternatively, it is possible to preprocess the data, for instance by using an imputer transformer in a pipeline or drop samples with missing values. See https://scikit-learn.org/stable/modules/impute.html You can find a list of all estimators that handle NaN values at the following page: https://scikit-learn.org/stable/modules/impute.html#estimators-that-handle-nan-values",,,,,,,,,,,,,,,,,,,,,,,,,,,Llama,,,medium,3.0
regression__mid__harlfoxem_housesalesprediction__kc_house_data,regression__mid__harlfoxem_housesalesprediction__kc_house_data.json,regression,sqft_lot15,gradient_boosting,success,,,,,,21613.0,,,/home/joshua/Code/ai_projects/amalia/backend/data/uploads/datasets/regression/mid/harlfoxem_housesalesprediction/kc_house_data.csv,/home/joshua/Code/ai_projects/amalia/backend/models/regression_model,10.0,"['1:load_csv', '1:read_file_head', '2:infer_data_types', '2:detect_missing_values', '2:detect_duplicates', '3:train_regression_model', '4:evaluate_regression_model', '4:calculate_residuals', '4:error_analysis', '4:save_evaluation_results']",,,,,,,,,0.8249863354839352,136905464.2146,11700.6608,3269.0084,26.126,,,Llama,,,medium,3.0
regression__mid__hrokrin_the-largest-diamond-dataset-currely-on-kaggle__diamonds,regression__mid__hrokrin_the-largest-diamond-dataset-currely-on-kaggle__diamonds.json,regression,total_sales_price,ridge,success,,,,,,219703.0,,,/home/joshua/Code/ai_projects/amalia/backend/data/uploads/datasets/regression/mid/hrokrin_the-largest-diamond-dataset-currely-on-kaggle/diamonds.csv,/home/joshua/Code/ai_projects/amalia/data/batch_results/batch_20260420222508_3544cc31llama_final/models/regression__mid__hrokrin_the-largest-diamond-dataset-currely-on-kaggle__diamonds.pkl,3.0,"['1:load_csv', '2:train_regression_model', '3:evaluate_regression_model']",,,,,,,,,0.617639273897364,261239633.3307,16162.9092,4382.1779,153.3673,,,Llama,,,medium,3.0
regression__mid__lorenzozoppelletto_financial-risk-for-loan-approval__Loan,regression__mid__lorenzozoppelletto_financial-risk-for-loan-approval__Loan.json,regression,RiskScore,ridge,success,,,,,,20000.0,,,/home/joshua/Code/ai_projects/amalia/backend/data/uploads/datasets/regression/mid/lorenzozoppelletto_financial-risk-for-loan-approval/Loan.csv,/home/joshua/Code/ai_projects/amalia/data/batch_results/batch_20260420222508_3544cc31llama_final/models/regression__mid__lorenzozoppelletto_financial-risk-for-loan-approval__Loan.pkl,3.0,"['1:load_csv', '2:train_regression_model', '3:evaluate_regression_model']",,,,,,,,,0.948157717861405,3.7993,1.9492,1.5056,3.0474,,,Llama,,,medium,3.0
regression__mid__mirichoi0218_insurance__insurance,regression__mid__mirichoi0218_insurance__insurance.json,regression,charges,linear,success,,,,,,1338.0,,,/home/joshua/Code/ai_projects/amalia/backend/data/uploads/datasets/regression/mid/processed/insurance_processed.csv,/home/joshua/Code/ai_projects/amalia/backend/models/regression,7.0,"['1:load_csv', '2:infer_data_types', '2:detect_missing_values', '2:remove_duplicates', '2:add_column_headers', '3:train_regression_model', '4:evaluate_regression_model']",,,,,,,,,0.7695902364884978,36550482.8428,6045.6995,4204.3048,43.2176,,,Llama,,,medium,3.0
regression__mid__ranitsarkar01_porter-delivery-time-estimation__dataset,regression__mid__ranitsarkar01_porter-delivery-time-estimation__dataset.json,regression,total_outstanding_orders,linear,failed,"Input X contains NaN.
LinearRegression does not accept missing values encoded as NaN natively. For supervised learning, you might want to consider sklearn.ensemble.HistGradientBoostingClassifier and Regressor which accept missing values encoded as NaNs natively. Alternatively, it is possible to preprocess the data, for instance by using an imputer transformer in a pipeline or drop samples with missing values. See https://scikit-learn.org/stable/modules/impute.html You can find a list of all estimators that handle NaN values at the following page: https://scikit-learn.org/stable/modules/impute.html#estimators-that-handle-nan-values",,,,,,,,,,,,,,,,,,,,,,,,,,,Llama,,,medium,3.0
regression__mid__rupals_gpu-runtime__sgemm_product,regression__mid__rupals_gpu-runtime__sgemm_product.json,regression,Run4 (ms),linear,success,,,,,,241600.0,,,/home/joshua/Code/ai_projects/amalia/backend/data/uploads/datasets/regression/mid/rupals_gpu-runtime/sgemm_product.csv,/home/joshua/Code/ai_projects/amalia/data/batch_results/batch_20260420222508_3544cc31llama_final/models/regression__mid__rupals_gpu-runtime__sgemm_product.pkl,3.0,"['1:load_csv', '2:train_regression_model', '3:evaluate_regression_model']",,,,,,,,,1.0,3.6157,1.9015,0.6697,0.6249,,,Llama,,,medium,3.0
regression__mid__yasserh_uber-fares-dataset__uber,regression__mid__yasserh_uber-fares-dataset__uber.json,regression,,,failed,Input file not found: /app/data/uploads/datasets/regression/mid/yasserh_uber-fares-dataset/processed/uber.csv,,,,,,,,,,,,,,,,,,,,,,,,,,,Llama,,,medium,3.0
classification__easy__abhishek14398_heart-disease-classification__heart,classification__easy__abhishek14398_heart-disease-classification__heart.json,classification,target,logistic,success,,0.8569477795093103,0.837,0.9333,0.8771888787562077,303.0,2.0,True,/home/joshua/Code/ai_projects/amalia/backend/data/uploads/datasets/classification/easy/abhishek14398_heart-disease-classification/heart.csv,/home/joshua/Code/ai_projects/amalia/data/batch_results/batch_20260420222508_3544cc31llama_final/models/classification__easy__abhishek14398_heart-disease-classification__heart.pkl,7.0,"['1:load_csv', '1:infer_data_types', '1:get_basic_stats', '2:handle_missing_values', '2:remove_duplicates', '3:train_classification_model', '4:evaluate_classification_model']",,,,,,,,,,,,,,,,Llama,,,easy,4.0
classification__easy__brsahan_genomic-data-for-cancer__gene_expression,classification__easy__brsahan_genomic-data-for-cancer__gene_expression.json,classification,Cancer Present,logistic,success,,0.8335564407229933,0.8546,0.858,0.8423178666139941,3000.0,2.0,True,/home/joshua/Code/ai_projects/amalia/backend/data/uploads/datasets/classification/easy/brsahan_genomic-data-for-cancer/gene_expression.csv,/home/joshua/Code/ai_projects/amalia/data/batch_results/batch_20260420222508_3544cc31llama_final/models/classification__easy__brsahan_genomic-data-for-cancer__gene_expression.pkl,3.0,"['1:load_csv', '2:train_classification_model', '3:evaluate_classification_model']",,,,,,,,,,,,,,,,Llama,,,easy,4.0
classification__easy__fedesoriano_stellar-classification-dataset-sdss17__star_classification,classification__easy__fedesoriano_stellar-classification-dataset-sdss17__star_classification.json,classification,class,logistic,success,,0.6044999843398725,0.447,0.5982,0.4730965007596808,100000.0,3.0,False,/home/joshua/Code/ai_projects/amalia/backend/data/uploads/datasets/classification/easy/fedesoriano_stellar-classification-dataset-sdss17/star_classification.csv,/home/joshua/Code/ai_projects/amalia/data/batch_results/batch_20260420222508_3544cc31llama_final/models/classification__easy__fedesoriano_stellar-classification-dataset-sdss17__star_classification.pkl,3.0,"['1:load_csv', '2:train_classification_model', '3:evaluate_classification_model']",,,,,,,,,,,,,,,,Llama,,,easy,4.0
classification__easy__himanshunakrani_naive-bayes-classification-data__Naive-Bayes-Classification-Data,classification__easy__himanshunakrani_naive-bayes-classification-data__Naive-Bayes-Classification-Data.json,classification,,,failed,"Index(['all'], dtype='object')",,,,,,,,,,,,,,,,,,,,,,,,,,,Llama,,,easy,4.0
classification__easy__mahmoudshaheen1134_heart-disease-data__heart disease,classification__easy__mahmoudshaheen1134_heart-disease-data__heart disease.json,classification,target,logistic,success,,,,,,61.0,2.0,,/home/joshua/Code/ai_projects/amalia/backend/data/uploads/datasets/classification/easy/mahmoudshaheen1134_heart-disease-data/preprocessed/heart disease_unique_renamed.csv,/home/joshua/Code/ai_projects/amalia/backend/models/classification/heart_disease_model.h5,7.0,"['1:load_csv', '1:infer_data_types', '1:get_basic_stats', '2:handle_missing_values', '2:remove_duplicates', '2:rename_columns', '3:train_classification_model']",classification,0.8672,0.8197,0.0475,241.0,"['Age', 'Sex', 'CP', 'Trestbps', 'Chol', 'Fbs', 'Restecg', 'Thalach', 'Exang', 'Oldpeak', 'Slope', 'Ca', 'Thal']",/home/joshua/Code/ai_projects/amalia/backend/models/classification/heart_disease_model.h5,,,,,,,,,Llama,,,easy,4.0
classification__easy__priyanshusethi_happiness-classification-dataset__happydata,classification__easy__priyanshusethi_happiness-classification-dataset__happydata.json,classification,,,failed,"Index([13], dtype='int64')",,,,,,,,,,,,,,,,,,,,,,,,,,,Llama,,,easy,4.0
classification__easy__ritwikb3_heart-disease-cleveland__Heart_disease_cleveland_new,classification__easy__ritwikb3_heart-disease-cleveland__Heart_disease_cleveland_new.json,classification,target,logistic,success,,0.8422763509350707,0.875,0.8058,0.8180996480607883,303.0,2.0,True,/home/joshua/Code/ai_projects/amalia/backend/data/uploads/datasets/classification/easy/ritwikb3_heart-disease-cleveland/Heart_disease_cleveland_new_encoded.csv,/home/joshua/Code/ai_projects/amalia/backend/models/classification/logistic,7.0,"['1:load_csv', '1:infer_data_types', '2:handle_missing_values', '2:remove_duplicates', '2:encode_categorical', '3:train_classification_model', '4:evaluate_classification_model']",,,,,,,,,,,,,,,,Llama,,,easy,4.0
classification__easy__ritwikb3_heart-disease-statlog__Heart_disease_statlog,classification__easy__ritwikb3_heart-disease-statlog__Heart_disease_statlog.json,classification,,,failed,get_column_info: Column 'None' not found,,,,,,,,,,,,,,,,,,,,,,,,,,,Llama,,,easy,4.0
classification__easy__robikscube_eye-state-classification-eeg-dataset__EEG_Eye_State_Classification,classification__easy__robikscube_eye-state-classification-eeg-dataset__EEG_Eye_State_Classification.json,classification,eyeDetection,random_forest,success,,0.9769284840208864,0.9899,0.9749,0.953159800976927,14980.0,2.0,True,/home/joshua/Code/ai_projects/amalia/backend/data/uploads/datasets/classification/easy/robikscube_eye-state-classification-eeg-dataset/EEG_Eye_State_Classification.csv,/home/joshua/Code/ai_projects/amalia/backend/models/classification_model,6.0,"['1:load_csv', '2:handle_missing_values', '2:remove_duplicates', '2:encode_categorical', '3:train_classification_model', '4:evaluate_classification_model']",,,,,,,,,,,,,,,,Llama,,,easy,4.0
classification__easy__uciml_glass__glass,classification__easy__uciml_glass__glass.json,classification,Type,logistic,failed,[Errno 21] Is a directory: '/home/joshua/Code/ai_projects/amalia/backend/models/classification',,,,,,,,,,,,,,,,,,,,,,,,,,,Llama,,,easy,4.0
classification__easy__yasserh_heart-disease-dataset__heart,classification__easy__yasserh_heart-disease-dataset__heart.json,classification,target,random_forest,success,,,,,,61.0,2.0,,/home/joshua/Code/ai_projects/amalia/backend/data/uploads/datasets/classification/easy/yasserh_heart-disease-dataset/heart.csv,/home/joshua/Code/ai_projects/amalia/backend/models/heart_disease_model.pkl,7.0,"['1:load_csv', '2:infer_data_types', '2:get_column_info', '2:get_basic_stats', '2:read_file_head', '2:validate_csv_structure', '3:train_classification_model']",classification,1.0,0.8361,0.1639,242.0,"['age', 'sex', 'cp', 'trestbps', 'chol', 'fbs', 'restecg', 'thalach', 'exang', 'oldpeak', 'slope', 'ca', 'thal']",/home/joshua/Code/ai_projects/amalia/backend/models/heart_disease_model.pkl,,,,,,,,,Llama,,,easy,4.0
classification__easy__yasserh_wine-quality-dataset__WineQT,classification__easy__yasserh_wine-quality-dataset__WineQT.json,classification,,,failed,get_column_info: Column 'None' not found,,,,,,,,,,,,,,,,,,,,,,,,,,,Llama,,,easy,4.0
classification__hard__abhishek14398_loan-dataset__loan,classification__hard__abhishek14398_loan-dataset__loan.json,classification,total_il_high_credit_limit,naive_bayes,failed,Input y contains NaN.,,,,,,,,,,,,,,,,,,,,,,,,,,,Llama,,,hard,4.0
classification__hard__andrewmvd_cyberbullying-classification__cyberbullying_tweets,classification__hard__andrewmvd_cyberbullying-classification__cyberbullying_tweets.json,classification,cyberbullying_type,logistic,failed,"The feature names should match those that were passed during fit.
Feature names unseen at fit time:
- cyberbullying_type
",,,,,,,,,,,,,,,,,,,,,,,,,,,Llama,,,hard,4.0
classification__hard__balaka18_email-spam-classification-dataset-csv__emails,classification__hard__balaka18_email-spam-classification-dataset-csv__emails.json,classification,target,svm,success,,0.9491751734761168,0.9743,0.987,0.9631216161255772,5172.0,7.0,False,/home/joshua/Code/ai_projects/amalia/backend/data/uploads/datasets/classification/hard/balaka18_email-spam-classification-dataset-csv/emails.csv,/home/joshua/Code/ai_projects/amalia/data/batch_results/batch_20260420222508_3544cc31llama_final/models/classification__hard__balaka18_email-spam-classification-dataset-csv__emails.pkl,3.0,"['1:load_csv', '2:train_classification_model', '3:evaluate_classification_model']",,,,,,,,,,,,,,,,Llama,,,hard,4.0
classification__hard__ddosad_ecommerce-customer-service-satisfaction__Customer_support_data,classification__hard__ddosad_ecommerce-customer-service-satisfaction__Customer_support_data.json,classification,,,failed,filter_rows: Unknown condition: not null,,,,,,,,,,,,,,,,,,,,,,,,,,,Llama,,,hard,4.0
classification__hard__hetulmehta_website-classification__website_classification,classification__hard__hetulmehta_website-classification__website_classification.json,classification,Category,random_forest,failed,"The feature names should match those that were passed during fit.
Feature names unseen at fit time:
- Category
",,,,,,,,,,,,,,,,,,,,,,,,,,,Llama,,,hard,4.0
classification__hard__jocelyndumlao_consumer-review-of-clothing-product__Consumer Review of Clothing Product__data_amazon.xlsx - Sheet1,classification__hard__jocelyndumlao_consumer-review-of-clothing-product__Consumer Review of Clothing Product__data_amazon.xlsx - Sheet1.json,classification,Durability,logistic,failed,"Input X contains NaN.
LogisticRegression does not accept missing values encoded as NaN natively. For supervised learning, you might want to consider sklearn.ensemble.HistGradientBoostingClassifier and Regressor which accept missing values encoded as NaNs natively. Alternatively, it is possible to preprocess the data, for instance by using an imputer transformer in a pipeline or drop samples with missing values. See https://scikit-learn.org/stable/modules/impute.html You can find a list of all estimators that handle NaN values at the following page: https://scikit-learn.org/stable/modules/impute.html#estimators-that-handle-nan-values",,,,,,,,,,,,,,,,,,,,,,,,,,,Llama,,,hard,4.0
classification__hard__pashupatigupta_emotion-detection-from-text__tweet_emotions,classification__hard__pashupatigupta_emotion-detection-from-text__tweet_emotions.json,classification,,,failed,"keep must be either ""first"", ""last"" or False",,,,,,,,,,,,,,,,,,,,,,,,,,,Llama,,,hard,4.0
classification__hard__prox37_twitter-multilabel-classification-dataset__mLabel_tweets,classification__hard__prox37_twitter-multilabel-classification-dataset__mLabel_tweets.json,classification,labels,random_forest,success,,,,,,1985.0,288.0,,/home/joshua/Code/ai_projects/amalia/backend/data/uploads/datasets/classification/hard/prox37_twitter-multilabel-classification-dataset/mLabel_tweets.csv,/home/joshua/Code/ai_projects/amalia/backend/models/classification/model.pkl,4.0,"['1:load_csv', '1:get_column_info', '1:infer_data_types', '2:train_classification_model']",classification,0.9997,0.1144,0.8854,7936.0,"['ID', 'tweet']",/home/joshua/Code/ai_projects/amalia/backend/models/classification/model.pkl,,,,,,,,,Llama,,,hard,4.0
classification__hard__saurabhshahane_ecommerce-text-classification__ecommerceDataset,classification__hard__saurabhshahane_ecommerce-text-classification__ecommerceDataset.json,classification,"Paper Plane Design Framed Wall Hanging Motivational Office Decor Art Prints (8.7 X 8.7 inch) - Set of 4 Painting made up in synthetic frame with uv textured print which gives multi effects and attracts towards it. This is an special series of paintings which makes your wall very beautiful and gives a royal touch. This painting is ready to hang, you would be proud to possess this unique painting that is a niche apart. We use only the most modern and efficient printing technology on our prints, with only the and inks and precision epson, roland and hp printers. This innovative hd printing technique results in durable and spectacular looking prints of the highest that last a lifetime. We print solely with top-notch 100% inks, to achieve brilliant and true colours. Due to their high level of uv resistance, our prints retain their beautiful colours for many years. Add colour and style to your living space with this digitally printed painting. Some are for pleasure and some for eternal bliss.so bring home this elegant print that is lushed with rich colors that makes it nothing but sheer elegance to be to your friends and family.it would be treasured forever by whoever your lucky recipient is. Liven up your place with these intriguing paintings that are high definition hd graphic digital prints for home, office or any room.",logistic,failed,Input contains NaN,,,,,,,,,,,,,,,,,,,,,,,,,,,Llama,,,hard,4.0
classification__hard__shivamb_spam-url-prediction__url_spam_classification,classification__hard__shivamb_spam-url-prediction__url_spam_classification.json,classification,is_spam,logistic,success,,0.8088607589970286,0.6732,0.7047,0.6964889726089132,148303.0,2.0,True,/tmp/encoded_data.csv,/tmp/model.pkl,8.0,"['1:load_csv', '1:read_file_head', '1:validate_csv_structure', '2:handle_missing_values', '2:remove_duplicates', '2:encode_categorical', '3:train_classification_model', '4:evaluate_classification_model']",,,,,,,,,,,,,,,,Llama,,,hard,4.0
classification__mid__andrewmvd_cyberbullying-classification__cyberbullying_tweets,classification__mid__andrewmvd_cyberbullying-classification__cyberbullying_tweets.json,classification,,,failed,"Index(['None'], dtype='object')",,,,,,,,,,,,,,,,,,,,,,,,,,,Llama,,,medium,4.0
classification__mid__christianlillelund_csgo-round-winner-classification__csgo_round_snapshots,classification__mid__christianlillelund_csgo-round-winner-classification__csgo_round_snapshots.json,classification,round_winner,decision_tree,failed,"pos_label=1 is not a valid label. It should be one of ['CT', 'T']",,,,,,,,,,,,,,,,,,,,,,,,,,,Llama,,,medium,4.0
classification__mid__fedesoriano_heart-failure-prediction__heart,classification__mid__fedesoriano_heart-failure-prediction__heart.json,classification,,,failed,"keep must be either ""first"", ""last"" or False",,,,,,,,,,,,,,,,,,,,,,,,,,,Llama,,,medium,4.0
classification__mid__fedesoriano_stellar-classification-dataset-sdss17__star_classification,classification__mid__fedesoriano_stellar-classification-dataset-sdss17__star_classification.json,classification,class,logistic,failed,,,0.447,0.5982,,100000.0,3.0,False,/home/joshua/Code/ai_projects/amalia/backend/data/uploads/datasets/classification/mid/fedesoriano_stellar-classification-dataset-sdss17/star_classification.csv,/home/joshua/Code/ai_projects/amalia/data/batch_results/batch_20260420222508_3544cc31llama_final/models/classification__mid__fedesoriano_stellar-classification-dataset-sdss17__star_classification.pkl,3.0,"['1:load_csv', '2:train_classification_model', '3:evaluate_classification_model']",,,,,,,,,,,,,,,,Llama,,,medium,4.0
classification__mid__nimapourmoradi_dry-bean-dataset-classification__Dry_Bean_Dataset,classification__mid__nimapourmoradi_dry-bean-dataset-classification__Dry_Bean_Dataset.json,classification,Class,logistic,success,,0.8320177636734772,0.8707,0.8704,0.8893222507811519,13611.0,7.0,False,/home/joshua/Code/ai_projects/amalia/backend/data/uploads/datasets/classification/mid/nimapourmoradi_dry-bean-dataset-classification/Dry_Bean_Dataset_processed_renamed.csv,/home/joshua/Code/ai_projects/amalia/backend/models/classification/model.logistic,6.0,"['1:load_csv', '1:infer_data_types', '2:handle_missing_values', '2:rename_columns', '3:train_classification_model', '4:evaluate_classification_model']",,,,,,,,,,,,,,,,Llama,,,medium,4.0
classification__mid__tanishqdublish_text-classification-documentation__df_file,classification__mid__tanishqdublish_text-classification-documentation__df_file.json,classification,,,failed,"Index([100], dtype='int64')",,,,,,,,,,,,,,,,,,,,,,,,,,,Llama,,,medium,4.0
classification__mid__uciml_iris__Iris,classification__mid__uciml_iris__Iris.json,classification,Species,random_forest,success,,0.937473889721509,1.0,1.0,1.0,45.0,3.0,False,/home/joshua/Code/ai_projects/amalia/backend/data/uploads/Iris_encoded_train.csv,/home/joshua/Code/ai_projects/amalia/backend/models/classification/random_forest.pkl,12.0,"['1:load_csv', '1:infer_data_types', '1:get_column_info', '1:detect_missing_values', '1:validate_csv_structure', '1:handle_missing_values', '1:remove_duplicates', '1:encode_categorical', '1:split_dataset', '1:train_classification_model', '1:evaluate_classification_model', '1:get_classification_report']",,,,,,,,,,,,,,,,Llama,,,medium,4.0
classification__mid__uciml_pima-indians-diabetes-database__diabetes,classification__mid__uciml_pima-indians-diabetes-database__diabetes.json,classification,,,failed,"keep must be either ""first"", ""last"" or False",,,,,,,,,,,,,,,,,,,,,,,,,,,Llama,,,medium,4.0
classification__mid__xhlulu_cpc-codes__titles,classification__mid__xhlulu_cpc-codes__titles.json,classification,,,failed,"Index(['all'], dtype='object')",,,,,,,,,,,,,,,,,,,,,,,,,,,Llama,,,medium,4.0
classification__mid__yasserh_titanic-dataset__Titanic-Dataset,classification__mid__yasserh_titanic-dataset__Titanic-Dataset.json,classification,Survived,logistic,failed,"Input X contains NaN.
LogisticRegression does not accept missing values encoded as NaN natively. For supervised learning, you might want to consider sklearn.ensemble.HistGradientBoostingClassifier and Regressor which accept missing values encoded as NaNs natively. Alternatively, it is possible to preprocess the data, for instance by using an imputer transformer in a pipeline or drop samples with missing values. See https://scikit-learn.org/stable/modules/impute.html You can find a list of all estimators that handle NaN values at the following page: https://scikit-learn.org/stable/modules/impute.html#estimators-that-handle-nan-values",,,,,,,,,,,,,,,,,,,,,,,,,,,Llama,,,medium,4.0
regression__easy__ganjerlawrence_mobile-phone-price-prediction-cleaned-dataset__Mobile-Price-Prediction-cleaned_data,regression__easy__ganjerlawrence_mobile-phone-price-prediction-cleaned-dataset__Mobile-Price-Prediction-cleaned_data.json,regression,Price,linear,success,,,,,,94.0,,,/home/joshua/Code/ai_projects/amalia/backend/data/uploads/datasets/regression/easy/ganjerlawrence_mobile-phone-price-prediction-cleaned-dataset/Mobile-Price-Prediction-cleaned_data.csv,/home/joshua/Code/ai_projects/amalia/backend/model/linear_regression_model,4.0,"['1:load_csv', '2:handle_missing_values', '2:remove_duplicates', '3:train_regression_model']",regression,,,0.1973,372.0,"['Ratings', 'RAM', 'ROM', 'Mobile_Size', 'Primary_Cam', 'Selfi_Cam', 'Battery_Power']",/home/joshua/Code/ai_projects/amalia/backend/model/linear_regression_model,,,292205913.1856,17094.0315,8626.7143,,0.4831,0.2858,Llama,,,easy,4.0
regression__easy__govindaramsriram_crop-yield-of-a-farm__crop_yield_data,regression__easy__govindaramsriram_crop-yield-of-a-farm__crop_yield_data.json,regression,,,failed,get_column_info: Column 'None' not found,,,,,,,,,,,,,,,,,,,,,,,,,,,Llama,,,easy,4.0
regression__easy__nalisha_numerical-feature-based-target-prediction-using-ml__practice_dataset,regression__easy__nalisha_numerical-feature-based-target-prediction-using-ml__practice_dataset.json,regression,,,failed,"Index(['all'], dtype='object')",,,,,,,,,,,,,,,,,,,,,,,,,,,Llama,,,easy,4.0
regression__easy__quantbruce_real-estate-price-prediction__Real estate,regression__easy__quantbruce_real-estate-price-prediction__Real estate.json,regression,,,failed,Workflow has no executable steps,,,,,,,,,,,,,,,,,,,,,,,,,,,Llama,,,easy,4.0
regression__easy__ranitsarkar01_porter-delivery-time-estimation__dataset,regression__easy__ranitsarkar01_porter-delivery-time-estimation__dataset.json,regression,,,failed,add_column_headers: Provided column_names length does not match dataset columns,,,,,,,,,,,,,,,,,,,,,,,,,,,Llama,,,easy,4.0
regression__easy__sakshisatre_the-boston-housing-dataset__Boston (1),regression__easy__sakshisatre_the-boston-housing-dataset__Boston (1).json,regression,,,failed,"Index(['None'], dtype='object')",,,,,,,,,,,,,,,,,,,,,,,,,,,Llama,,,easy,4.0
regression__easy__thedevastator_age-prediction-for-individuals-using-multi-omic__test_rows,regression__easy__thedevastator_age-prediction-for-individuals-using-multi-omic__test_rows.json,regression,KLF14_2,linear,success,,,,,,104.0,,,/home/joshua/Code/ai_projects/amalia/backend/data/uploads/datasets/regression/easy/thedevastator_age-prediction-for-individuals-using-multi-omic/test_rows.csv,/home/joshua/Code/ai_projects/amalia/data/batch_results/batch_20260420222508_3544cc31llama_final/models/regression__easy__thedevastator_age-prediction-for-individuals-using-multi-omic__test_rows.pkl,3.0,"['1:load_csv', '2:train_regression_model', '3:evaluate_regression_model']",,,,,,,,,0.4499433326640012,1.953,1.3975,1.0866,52.356,,,Llama,,,easy,4.0
regression__easy__zubairdhuddi_linear-regression__test,regression__easy__zubairdhuddi_linear-regression__test.json,regression,y,linear,success,,,,,,300.0,,,/home/joshua/Code/ai_projects/amalia/backend/data/uploads/datasets/regression/easy/zubairdhuddi_linear-regression/test.csv,/home/joshua/Code/ai_projects/amalia/data/batch_results/batch_20260420222508_3544cc31llama_final/models/regression__easy__zubairdhuddi_linear-regression__test.pkl,3.0,"['1:load_csv', '2:train_regression_model', '3:evaluate_regression_model']",,,,,,,,,0.9748224257442474,9.1681,3.0279,2.4134,12.9757,,,Llama,,,easy,4.0
regression__hard__anujsaha0123456789_house-prices-cleaned-dataset-for-regression-ml__house_prices_cleaned,regression__hard__anujsaha0123456789_house-prices-cleaned-dataset-for-regression-ml__house_prices_cleaned.json,regression,SalePrice,svr,failed,,,,,,1460.0,,,/home/joshua/Code/ai_projects/amalia/backend/data/uploads/datasets/regression/hard/anujsaha0123456789_house-prices-cleaned-dataset-for-regression-ml/house_prices_cleaned.csv,/home/joshua/Code/ai_projects/amalia/data/batch_results/batch_20260420222508_3544cc31llama_final/models/regression__hard__anujsaha0123456789_house-prices-cleaned-dataset-for-regression-ml__house_prices_cleaned.pkl,3.0,"['1:load_csv', '2:train_regression_model', '3:evaluate_regression_model']",,,,,,,,,,6557949939.5246,80981.1703,55540.0192,32.1043,,,Llama,,,hard,4.0
regression__hard__bharatsahu_house-price-prediction-dataset-insurancehub-usa__House_price_multifeatures,regression__hard__bharatsahu_house-price-prediction-dataset-insurancehub-usa__House_price_multifeatures.json,classification,TTTerritory,decision_tree,failed,Input contains NaN,,,,,,,,,,,,,,,,,,,,,,,,,,,Llama,,,hard,4.0
regression__hard__bjaton_housepricesadvancedregressiontechniquestrain__train,regression__hard__bjaton_housepricesadvancedregressiontechniquestrain__train.json,regression,SalePrice,ridge,failed,"Input X contains NaN.
Ridge does not accept missing values encoded as NaN natively. For supervised learning, you might want to consider sklearn.ensemble.HistGradientBoostingClassifier and Regressor which accept missing values encoded as NaNs natively. Alternatively, it is possible to preprocess the data, for instance by using an imputer transformer in a pipeline or drop samples with missing values. See https://scikit-learn.org/stable/modules/impute.html You can find a list of all estimators that handle NaN values at the following page: https://scikit-learn.org/stable/modules/impute.html#estimators-that-handle-nan-values",,,,,,,,,,,,,,,,,,,,,,,,,,,Llama,,,hard,4.0
regression__hard__bobnau_daily-website-visitors__daily-website-visitors,regression__hard__bobnau_daily-website-visitors__daily-website-visitors.json,regression,,,failed,scale_features: No valid numeric columns found,,,,,,,,,,,,,,,,,,,,,,,,,,,Llama,,,hard,4.0
regression__hard__deepcontractor_car-price-prediction-challenge__car_price_prediction,regression__hard__deepcontractor_car-price-prediction-challenge__car_price_prediction.json,regression,,,failed,"random_state must be an integer, array-like, a BitGenerator, Generator, a numpy RandomState, or None",,,,,,,,,,,,,,,,,,,,,,,,,,,Llama,,,hard,4.0
regression__hard__kanchana1990_colorado-real-estate-market-2026__colorado_real_estate_2026,regression__hard__kanchana1990_colorado-real-estate-market-2026__colorado_real_estate_2026.json,regression,garage,linear,failed,"Input X contains NaN.
LinearRegression does not accept missing values encoded as NaN natively. For supervised learning, you might want to consider sklearn.ensemble.HistGradientBoostingClassifier and Regressor which accept missing values encoded as NaNs natively. Alternatively, it is possible to preprocess the data, for instance by using an imputer transformer in a pipeline or drop samples with missing values. See https://scikit-learn.org/stable/modules/impute.html You can find a list of all estimators that handle NaN values at the following page: https://scikit-learn.org/stable/modules/impute.html#estimators-that-handle-nan-values",,,,,,,,,,,,,,,,,,,,,,,,,,,Llama,,,hard,4.0
regression__hard__milanvaddoriya_old-car-price-prediction__car_price,regression__hard__milanvaddoriya_old-car-price-prediction__car_price.json,regression,car_prices_in_rupee,linear,failed,could not convert string to float: '12.20 Lakh',,,,,,,,,,,,,,,,,,,,,,,,,,,Llama,,,hard,4.0
regression__hard__spittman1248_cdc-data-nutrition-physical-activity-obesity__Nutrition__Physical_Activity__and_Obesity_-_Behavioral_Risk_Factor_Surveillance_System,regression__hard__spittman1248_cdc-data-nutrition-physical-activity-obesity__Nutrition__Physical_Activity__and_Obesity_-_Behavioral_Risk_Factor_Surveillance_System.json,regression,Data_Value,ridge,failed,"Input X contains NaN.
Ridge does not accept missing values encoded as NaN natively. For supervised learning, you might want to consider sklearn.ensemble.HistGradientBoostingClassifier and Regressor which accept missing values encoded as NaNs natively. Alternatively, it is possible to preprocess the data, for instance by using an imputer transformer in a pipeline or drop samples with missing values. See https://scikit-learn.org/stable/modules/impute.html You can find a list of all estimators that handle NaN values at the following page: https://scikit-learn.org/stable/modules/impute.html#estimators-that-handle-nan-values",,,,,,,,,,,,,,,,,,,,,,,,,,,Llama,,,hard,4.0
regression__hard__taweilo_mba-admission-dataset__MBA,regression__hard__taweilo_mba-admission-dataset__MBA.json,regression,admission,linear,failed,Input contains NaN,,,,,,,,,,,,,,,,,,,,,,,,,,,Llama,,,hard,4.0
regression__hard__valakhorasani_tehran-house-prices-dataset__TehranHouse,regression__hard__valakhorasani_tehran-house-prices-dataset__TehranHouse.json,regression,Price(USD),linear,success,,,,,,3479.0,,,/home/joshua/Code/ai_projects/amalia/backend/data/uploads/datasets/regression/hard/valakhorasani_tehran-house-prices-dataset/TehranHouse.csv,/home/joshua/Code/ai_projects/amalia/backend/models/tehran_house_regression_model.pkl,16.0,"['1:load_csv', '1:get_column_info', '1:infer_data_types', '1:get_basic_stats', '1:read_file_head', '1:validate_csv_structure', '1:detect_missing_values', '1:detect_duplicates', '1:add_column_headers', '1:analyze_csv', '2:add_noise', '2:generate_synthetic_data', '2:feature_selection', '2:dimensionality_reduction', '3:train_regression_model', '4:evaluate_regression_model']",,,,,,,,,1.0,0.0,0.0026,0.0021,0.0,,,Llama,,,hard,4.0
regression__mid__CooperUnion_cardataset__data,regression__mid__CooperUnion_cardataset__data.json,regression,MSRP,linear,failed,"Input X contains NaN.
LinearRegression does not accept missing values encoded as NaN natively. For supervised learning, you might want to consider sklearn.ensemble.HistGradientBoostingClassifier and Regressor which accept missing values encoded as NaNs natively. Alternatively, it is possible to preprocess the data, for instance by using an imputer transformer in a pipeline or drop samples with missing values. See https://scikit-learn.org/stable/modules/impute.html You can find a list of all estimators that handle NaN values at the following page: https://scikit-learn.org/stable/modules/impute.html#estimators-that-handle-nan-values",,,,,,,,,,,,,,,,,,,,,,,,,,,Llama,,,medium,4.0
regression__mid__alamshihab075_health-and-lifestyle-data-for-diabetes-prediction__Diabetes_and_LifeStyle_Dataset ,regression__mid__alamshihab075_health-and-lifestyle-data-for-diabetes-prediction__Diabetes_and_LifeStyle_Dataset .json,classification,diagnosed_diabetes,decision_tree,success,,0.9800346538580516,0.9999,0.9994,1.0,97297.0,2.0,True,/home/joshua/Code/ai_projects/amalia/backend/data/uploads/datasets/regression/mid/alamshihab075_health-and-lifestyle-data-for-diabetes-prediction/Diabetes_and_LifeStyle_Dataset .csv,/home/joshua/Code/ai_projects/amalia/data/batch_results/batch_20260420222508_3544cc31llama_final/models/regression__mid__alamshihab075_health-and-lifestyle-data-for-diabetes-prediction__Diabetes_and_LifeStyle_Dataset .pkl,3.0,"['1:load_csv', '2:train_classification_model', '3:evaluate_classification_model']",,,,,,,,,,,,,,,,Llama,,,medium,4.0
regression__mid__camnugent_california-housing-prices__housing,regression__mid__camnugent_california-housing-prices__housing.json,regression,median_house_value,linear,failed,"Input X contains NaN.
LinearRegression does not accept missing values encoded as NaN natively. For supervised learning, you might want to consider sklearn.ensemble.HistGradientBoostingClassifier and Regressor which accept missing values encoded as NaNs natively. Alternatively, it is possible to preprocess the data, for instance by using an imputer transformer in a pipeline or drop samples with missing values. See https://scikit-learn.org/stable/modules/impute.html You can find a list of all estimators that handle NaN values at the following page: https://scikit-learn.org/stable/modules/impute.html#estimators-that-handle-nan-values",,,,,,,,,,,,,,,,,,,,,,,,,,,Llama,,,medium,4.0
regression__mid__harlfoxem_housesalesprediction__kc_house_data,regression__mid__harlfoxem_housesalesprediction__kc_house_data.json,regression,sqft_lot15,gradient_boosting,success,,,,,,21613.0,,,/home/joshua/Code/ai_projects/amalia/backend/data/uploads/datasets/regression/mid/harlfoxem_housesalesprediction/kc_house_data.csv,/home/joshua/Code/ai_projects/amalia/backend/models/regression_model,10.0,"['1:load_csv', '1:read_file_head', '2:infer_data_types', '2:detect_missing_values', '2:detect_duplicates', '3:train_regression_model', '4:evaluate_regression_model', '4:calculate_residuals', '4:error_analysis', '4:save_evaluation_results']",,,,,,,,,0.8467998153701795,136905464.2146,11700.6608,3269.0084,26.126,,,Llama,,,medium,4.0
regression__mid__hrokrin_the-largest-diamond-dataset-currely-on-kaggle__diamonds,regression__mid__hrokrin_the-largest-diamond-dataset-currely-on-kaggle__diamonds.json,regression,total_sales_price,ridge,success,,,,,,219703.0,,,/home/joshua/Code/ai_projects/amalia/backend/data/uploads/datasets/regression/mid/hrokrin_the-largest-diamond-dataset-currely-on-kaggle/diamonds.csv,/home/joshua/Code/ai_projects/amalia/data/batch_results/batch_20260420222508_3544cc31llama_final/models/regression__mid__hrokrin_the-largest-diamond-dataset-currely-on-kaggle__diamonds.pkl,3.0,"['1:load_csv', '2:train_regression_model', '3:evaluate_regression_model']",,,,,,,,,0.5575900940508143,261239633.3307,16162.9092,4382.1779,153.3673,,,Llama,,,medium,4.0
regression__mid__lorenzozoppelletto_financial-risk-for-loan-approval__Loan,regression__mid__lorenzozoppelletto_financial-risk-for-loan-approval__Loan.json,regression,RiskScore,ridge,success,,,,,,20000.0,,,/home/joshua/Code/ai_projects/amalia/backend/data/uploads/datasets/regression/mid/lorenzozoppelletto_financial-risk-for-loan-approval/Loan.csv,/home/joshua/Code/ai_projects/amalia/data/batch_results/batch_20260420222508_3544cc31llama_final/models/regression__mid__lorenzozoppelletto_financial-risk-for-loan-approval__Loan.pkl,3.0,"['1:load_csv', '2:train_regression_model', '3:evaluate_regression_model']",,,,,,,,,0.8725737359905508,3.7993,1.9492,1.5056,3.0474,,,Llama,,,medium,4.0
regression__mid__mirichoi0218_insurance__insurance,regression__mid__mirichoi0218_insurance__insurance.json,regression,charges,linear,success,,,,,,1338.0,,,/home/joshua/Code/ai_projects/amalia/backend/data/uploads/datasets/regression/mid/processed/insurance_processed.csv,/home/joshua/Code/ai_projects/amalia/backend/models/regression,7.0,"['1:load_csv', '2:infer_data_types', '2:detect_missing_values', '2:remove_duplicates', '2:add_column_headers', '3:train_regression_model', '4:evaluate_regression_model']",,,,,,,,,0.7222923418065489,36550482.8428,6045.6995,4204.3048,43.2176,,,Llama,,,medium,4.0
regression__mid__ranitsarkar01_porter-delivery-time-estimation__dataset,regression__mid__ranitsarkar01_porter-delivery-time-estimation__dataset.json,regression,total_outstanding_orders,linear,failed,"Input X contains NaN.
LinearRegression does not accept missing values encoded as NaN natively. For supervised learning, you might want to consider sklearn.ensemble.HistGradientBoostingClassifier and Regressor which accept missing values encoded as NaNs natively. Alternatively, it is possible to preprocess the data, for instance by using an imputer transformer in a pipeline or drop samples with missing values. See https://scikit-learn.org/stable/modules/impute.html You can find a list of all estimators that handle NaN values at the following page: https://scikit-learn.org/stable/modules/impute.html#estimators-that-handle-nan-values",,,,,,,,,,,,,,,,,,,,,,,,,,,Llama,,,medium,4.0
regression__mid__rupals_gpu-runtime__sgemm_product,regression__mid__rupals_gpu-runtime__sgemm_product.json,regression,Run4 (ms),linear,success,,,,,,241600.0,,,/home/joshua/Code/ai_projects/amalia/backend/data/uploads/datasets/regression/mid/rupals_gpu-runtime/sgemm_product.csv,/home/joshua/Code/ai_projects/amalia/data/batch_results/batch_20260420222508_3544cc31llama_final/models/regression__mid__rupals_gpu-runtime__sgemm_product.pkl,3.0,"['1:load_csv', '2:train_regression_model', '3:evaluate_regression_model']",,,,,,,,,1.0,3.6157,1.9015,0.6697,0.6249,,,Llama,,,medium,4.0
regression__mid__yasserh_uber-fares-dataset__uber,regression__mid__yasserh_uber-fares-dataset__uber.json,regression,,,failed,Input file not found: /app/data/uploads/datasets/regression/mid/yasserh_uber-fares-dataset/processed/uber.csv,,,,,,,,,,,,,,,,,,,,,,,,,,,Llama,,,medium,4.0
classification__easy__abhishek14398_heart-disease-classification__heart,classification__easy__abhishek14398_heart-disease-classification__heart.json,classification,target,logistic,success,,0.9012012605512,0.837,0.9333,0.8798234547713799,303.0,2.0,True,/home/joshua/Code/ai_projects/amalia/backend/data/uploads/datasets/classification/easy/abhishek14398_heart-disease-classification/heart.csv,/home/joshua/Code/ai_projects/amalia/data/batch_results/batch_20260420222508_3544cc31llama_final/models/classification__easy__abhishek14398_heart-disease-classification__heart.pkl,7.0,"['1:load_csv', '1:infer_data_types', '1:get_basic_stats', '2:handle_missing_values', '2:remove_duplicates', '3:train_classification_model', '4:evaluate_classification_model']",,,,,,,,,,,,,,,,Llama,,,easy,5.0
classification__easy__brsahan_genomic-data-for-cancer__gene_expression,classification__easy__brsahan_genomic-data-for-cancer__gene_expression.json,classification,Cancer Present,logistic,success,,0.8638180772004866,0.8546,0.858,0.8769663539163699,3000.0,2.0,True,/home/joshua/Code/ai_projects/amalia/backend/data/uploads/datasets/classification/easy/brsahan_genomic-data-for-cancer/gene_expression.csv,/home/joshua/Code/ai_projects/amalia/data/batch_results/batch_20260420222508_3544cc31llama_final/models/classification__easy__brsahan_genomic-data-for-cancer__gene_expression.pkl,3.0,"['1:load_csv', '2:train_classification_model', '3:evaluate_classification_model']",,,,,,,,,,,,,,,,Llama,,,easy,5.0
classification__easy__fedesoriano_stellar-classification-dataset-sdss17__star_classification,classification__easy__fedesoriano_stellar-classification-dataset-sdss17__star_classification.json,classification,class,logistic,success,,0.5997843989632627,0.447,0.5982,0.5194990626897125,100000.0,3.0,False,/home/joshua/Code/ai_projects/amalia/backend/data/uploads/datasets/classification/easy/fedesoriano_stellar-classification-dataset-sdss17/star_classification.csv,/home/joshua/Code/ai_projects/amalia/data/batch_results/batch_20260420222508_3544cc31llama_final/models/classification__easy__fedesoriano_stellar-classification-dataset-sdss17__star_classification.pkl,3.0,"['1:load_csv', '2:train_classification_model', '3:evaluate_classification_model']",,,,,,,,,,,,,,,,Llama,,,easy,5.0
classification__easy__himanshunakrani_naive-bayes-classification-data__Naive-Bayes-Classification-Data,classification__easy__himanshunakrani_naive-bayes-classification-data__Naive-Bayes-Classification-Data.json,classification,,,failed,"Index(['all'], dtype='object')",,,,,,,,,,,,,,,,,,,,,,,,,,,Llama,,,easy,5.0
classification__easy__mahmoudshaheen1134_heart-disease-data__heart disease,classification__easy__mahmoudshaheen1134_heart-disease-data__heart disease.json,classification,target,logistic,success,,,,,,61.0,2.0,,/home/joshua/Code/ai_projects/amalia/backend/data/uploads/datasets/classification/easy/mahmoudshaheen1134_heart-disease-data/preprocessed/heart disease_unique_renamed.csv,/home/joshua/Code/ai_projects/amalia/backend/models/classification/heart_disease_model.h5,7.0,"['1:load_csv', '1:infer_data_types', '1:get_basic_stats', '2:handle_missing_values', '2:remove_duplicates', '2:rename_columns', '3:train_classification_model']",classification,0.8672,0.8197,0.0475,241.0,"['Age', 'Sex', 'CP', 'Trestbps', 'Chol', 'Fbs', 'Restecg', 'Thalach', 'Exang', 'Oldpeak', 'Slope', 'Ca', 'Thal']",/home/joshua/Code/ai_projects/amalia/backend/models/classification/heart_disease_model.h5,,,,,,,,,Llama,,,easy,5.0
classification__easy__priyanshusethi_happiness-classification-dataset__happydata,classification__easy__priyanshusethi_happiness-classification-dataset__happydata.json,classification,,,failed,"Index([13], dtype='int64')",,,,,,,,,,,,,,,,,,,,,,,,,,,Llama,,,easy,5.0
classification__easy__ritwikb3_heart-disease-cleveland__Heart_disease_cleveland_new,classification__easy__ritwikb3_heart-disease-cleveland__Heart_disease_cleveland_new.json,classification,target,logistic,success,,0.8885016874696053,0.875,0.8058,0.8585097581664285,303.0,2.0,True,/home/joshua/Code/ai_projects/amalia/backend/data/uploads/datasets/classification/easy/ritwikb3_heart-disease-cleveland/Heart_disease_cleveland_new_encoded.csv,/home/joshua/Code/ai_projects/amalia/backend/models/classification/logistic,7.0,"['1:load_csv', '1:infer_data_types', '2:handle_missing_values', '2:remove_duplicates', '2:encode_categorical', '3:train_classification_model', '4:evaluate_classification_model']",,,,,,,,,,,,,,,,Llama,,,easy,5.0
classification__easy__ritwikb3_heart-disease-statlog__Heart_disease_statlog,classification__easy__ritwikb3_heart-disease-statlog__Heart_disease_statlog.json,classification,,,failed,get_column_info: Column 'None' not found,,,,,,,,,,,,,,,,,,,,,,,,,,,Llama,,,easy,5.0
classification__easy__robikscube_eye-state-classification-eeg-dataset__EEG_Eye_State_Classification,classification__easy__robikscube_eye-state-classification-eeg-dataset__EEG_Eye_State_Classification.json,classification,eyeDetection,random_forest,failed,,,0.9899,0.9749,,14980.0,2.0,True,/home/joshua/Code/ai_projects/amalia/backend/data/uploads/datasets/classification/easy/robikscube_eye-state-classification-eeg-dataset/EEG_Eye_State_Classification.csv,/home/joshua/Code/ai_projects/amalia/backend/models/classification_model,6.0,"['1:load_csv', '2:handle_missing_values', '2:remove_duplicates', '2:encode_categorical', '3:train_classification_model', '4:evaluate_classification_model']",,,,,,,,,,,,,,,,Llama,,,easy,5.0
classification__easy__uciml_glass__glass,classification__easy__uciml_glass__glass.json,classification,Type,logistic,failed,[Errno 21] Is a directory: '/home/joshua/Code/ai_projects/amalia/backend/models/classification',,,,,,,,,,,,,,,,,,,,,,,,,,,Llama,,,easy,5.0
classification__easy__yasserh_heart-disease-dataset__heart,classification__easy__yasserh_heart-disease-dataset__heart.json,classification,target,random_forest,success,,,,,,61.0,2.0,,/home/joshua/Code/ai_projects/amalia/backend/data/uploads/datasets/classification/easy/yasserh_heart-disease-dataset/heart.csv,/home/joshua/Code/ai_projects/amalia/backend/models/heart_disease_model.pkl,7.0,"['1:load_csv', '2:infer_data_types', '2:get_column_info', '2:get_basic_stats', '2:read_file_head', '2:validate_csv_structure', '3:train_classification_model']",classification,1.0,0.8361,0.1639,242.0,"['age', 'sex', 'cp', 'trestbps', 'chol', 'fbs', 'restecg', 'thalach', 'exang', 'oldpeak', 'slope', 'ca', 'thal']",/home/joshua/Code/ai_projects/amalia/backend/models/heart_disease_model.pkl,,,,,,,,,Llama,,,easy,5.0
classification__easy__yasserh_wine-quality-dataset__WineQT,classification__easy__yasserh_wine-quality-dataset__WineQT.json,classification,,,failed,get_column_info: Column 'None' not found,,,,,,,,,,,,,,,,,,,,,,,,,,,Llama,,,easy,5.0
classification__hard__abhishek14398_loan-dataset__loan,classification__hard__abhishek14398_loan-dataset__loan.json,classification,total_il_high_credit_limit,naive_bayes,failed,Input y contains NaN.,,,,,,,,,,,,,,,,,,,,,,,,,,,Llama,,,hard,5.0
classification__hard__andrewmvd_cyberbullying-classification__cyberbullying_tweets,classification__hard__andrewmvd_cyberbullying-classification__cyberbullying_tweets.json,classification,cyberbullying_type,logistic,failed,"The feature names should match those that were passed during fit.
Feature names unseen at fit time:
- cyberbullying_type
",,,,,,,,,,,,,,,,,,,,,,,,,,,Llama,,,hard,5.0
classification__hard__balaka18_email-spam-classification-dataset-csv__emails,classification__hard__balaka18_email-spam-classification-dataset-csv__emails.json,classification,target,svm,success,,1.0,0.9743,0.987,0.9709908094621827,5172.0,7.0,False,/home/joshua/Code/ai_projects/amalia/backend/data/uploads/datasets/classification/hard/balaka18_email-spam-classification-dataset-csv/emails.csv,/home/joshua/Code/ai_projects/amalia/data/batch_results/batch_20260420222508_3544cc31llama_final/models/classification__hard__balaka18_email-spam-classification-dataset-csv__emails.pkl,3.0,"['1:load_csv', '2:train_classification_model', '3:evaluate_classification_model']",,,,,,,,,,,,,,,,Llama,,,hard,5.0
classification__hard__ddosad_ecommerce-customer-service-satisfaction__Customer_support_data,classification__hard__ddosad_ecommerce-customer-service-satisfaction__Customer_support_data.json,classification,,,failed,filter_rows: Unknown condition: not null,,,,,,,,,,,,,,,,,,,,,,,,,,,Llama,,,hard,5.0
classification__hard__hetulmehta_website-classification__website_classification,classification__hard__hetulmehta_website-classification__website_classification.json,classification,Category,random_forest,failed,"The feature names should match those that were passed during fit.
Feature names unseen at fit time:
- Category
",,,,,,,,,,,,,,,,,,,,,,,,,,,Llama,,,hard,5.0
classification__hard__jocelyndumlao_consumer-review-of-clothing-product__Consumer Review of Clothing Product__data_amazon.xlsx - Sheet1,classification__hard__jocelyndumlao_consumer-review-of-clothing-product__Consumer Review of Clothing Product__data_amazon.xlsx - Sheet1.json,classification,Durability,logistic,failed,"Input X contains NaN.
LogisticRegression does not accept missing values encoded as NaN natively. For supervised learning, you might want to consider sklearn.ensemble.HistGradientBoostingClassifier and Regressor which accept missing values encoded as NaNs natively. Alternatively, it is possible to preprocess the data, for instance by using an imputer transformer in a pipeline or drop samples with missing values. See https://scikit-learn.org/stable/modules/impute.html You can find a list of all estimators that handle NaN values at the following page: https://scikit-learn.org/stable/modules/impute.html#estimators-that-handle-nan-values",,,,,,,,,,,,,,,,,,,,,,,,,,,Llama,,,hard,5.0
classification__hard__pashupatigupta_emotion-detection-from-text__tweet_emotions,classification__hard__pashupatigupta_emotion-detection-from-text__tweet_emotions.json,classification,,,failed,"keep must be either ""first"", ""last"" or False",,,,,,,,,,,,,,,,,,,,,,,,,,,Llama,,,hard,5.0
classification__hard__prox37_twitter-multilabel-classification-dataset__mLabel_tweets,classification__hard__prox37_twitter-multilabel-classification-dataset__mLabel_tweets.json,classification,labels,random_forest,success,,,,,,1985.0,288.0,,/home/joshua/Code/ai_projects/amalia/backend/data/uploads/datasets/classification/hard/prox37_twitter-multilabel-classification-dataset/mLabel_tweets.csv,/home/joshua/Code/ai_projects/amalia/backend/models/classification/model.pkl,4.0,"['1:load_csv', '1:get_column_info', '1:infer_data_types', '2:train_classification_model']",classification,0.9997,0.1144,0.8854,7936.0,"['ID', 'tweet']",/home/joshua/Code/ai_projects/amalia/backend/models/classification/model.pkl,,,,,,,,,Llama,,,hard,5.0
classification__hard__saurabhshahane_ecommerce-text-classification__ecommerceDataset,classification__hard__saurabhshahane_ecommerce-text-classification__ecommerceDataset.json,classification,"Paper Plane Design Framed Wall Hanging Motivational Office Decor Art Prints (8.7 X 8.7 inch) - Set of 4 Painting made up in synthetic frame with uv textured print which gives multi effects and attracts towards it. This is an special series of paintings which makes your wall very beautiful and gives a royal touch. This painting is ready to hang, you would be proud to possess this unique painting that is a niche apart. We use only the most modern and efficient printing technology on our prints, with only the and inks and precision epson, roland and hp printers. This innovative hd printing technique results in durable and spectacular looking prints of the highest that last a lifetime. We print solely with top-notch 100% inks, to achieve brilliant and true colours. Due to their high level of uv resistance, our prints retain their beautiful colours for many years. Add colour and style to your living space with this digitally printed painting. Some are for pleasure and some for eternal bliss.so bring home this elegant print that is lushed with rich colors that makes it nothing but sheer elegance to be to your friends and family.it would be treasured forever by whoever your lucky recipient is. Liven up your place with these intriguing paintings that are high definition hd graphic digital prints for home, office or any room.",logistic,failed,Input contains NaN,,,,,,,,,,,,,,,,,,,,,,,,,,,Llama,,,hard,5.0
classification__hard__shivamb_spam-url-prediction__url_spam_classification,classification__hard__shivamb_spam-url-prediction__url_spam_classification.json,classification,is_spam,logistic,success,,0.783338284158921,0.6732,0.7047,0.6864692159436501,148303.0,2.0,True,/tmp/encoded_data.csv,/tmp/model.pkl,8.0,"['1:load_csv', '1:read_file_head', '1:validate_csv_structure', '2:handle_missing_values', '2:remove_duplicates', '2:encode_categorical', '3:train_classification_model', '4:evaluate_classification_model']",,,,,,,,,,,,,,,,Llama,,,hard,5.0
classification__mid__andrewmvd_cyberbullying-classification__cyberbullying_tweets,classification__mid__andrewmvd_cyberbullying-classification__cyberbullying_tweets.json,classification,,,failed,"Index(['None'], dtype='object')",,,,,,,,,,,,,,,,,,,,,,,,,,,Llama,,,medium,5.0
classification__mid__christianlillelund_csgo-round-winner-classification__csgo_round_snapshots,classification__mid__christianlillelund_csgo-round-winner-classification__csgo_round_snapshots.json,classification,round_winner,decision_tree,failed,"pos_label=1 is not a valid label. It should be one of ['CT', 'T']",,,,,,,,,,,,,,,,,,,,,,,,,,,Llama,,,medium,5.0
classification__mid__fedesoriano_heart-failure-prediction__heart,classification__mid__fedesoriano_heart-failure-prediction__heart.json,classification,,,failed,"keep must be either ""first"", ""last"" or False",,,,,,,,,,,,,,,,,,,,,,,,,,,Llama,,,medium,5.0
classification__mid__fedesoriano_stellar-classification-dataset-sdss17__star_classification,classification__mid__fedesoriano_stellar-classification-dataset-sdss17__star_classification.json,classification,class,logistic,success,,0.5940049098851191,0.447,0.5982,0.4852209741256686,100000.0,3.0,False,/home/joshua/Code/ai_projects/amalia/backend/data/uploads/datasets/classification/mid/fedesoriano_stellar-classification-dataset-sdss17/star_classification.csv,/home/joshua/Code/ai_projects/amalia/data/batch_results/batch_20260420222508_3544cc31llama_final/models/classification__mid__fedesoriano_stellar-classification-dataset-sdss17__star_classification.pkl,3.0,"['1:load_csv', '2:train_classification_model', '3:evaluate_classification_model']",,,,,,,,,,,,,,,,Llama,,,medium,5.0
classification__mid__nimapourmoradi_dry-bean-dataset-classification__Dry_Bean_Dataset,classification__mid__nimapourmoradi_dry-bean-dataset-classification__Dry_Bean_Dataset.json,classification,Class,logistic,success,,0.9020259709643847,0.8707,0.8704,0.8600163504446537,13611.0,7.0,False,/home/joshua/Code/ai_projects/amalia/backend/data/uploads/datasets/classification/mid/nimapourmoradi_dry-bean-dataset-classification/Dry_Bean_Dataset_processed_renamed.csv,/home/joshua/Code/ai_projects/amalia/backend/models/classification/model.logistic,6.0,"['1:load_csv', '1:infer_data_types', '2:handle_missing_values', '2:rename_columns', '3:train_classification_model', '4:evaluate_classification_model']",,,,,,,,,,,,,,,,Llama,,,medium,5.0
classification__mid__tanishqdublish_text-classification-documentation__df_file,classification__mid__tanishqdublish_text-classification-documentation__df_file.json,classification,,,failed,"Index([100], dtype='int64')",,,,,,,,,,,,,,,,,,,,,,,,,,,Llama,,,medium,5.0
classification__mid__uciml_iris__Iris,classification__mid__uciml_iris__Iris.json,classification,Species,random_forest,success,,0.9865295809715844,1.0,1.0,1.0,45.0,3.0,False,/home/joshua/Code/ai_projects/amalia/backend/data/uploads/Iris_encoded_train.csv,/home/joshua/Code/ai_projects/amalia/backend/models/classification/random_forest.pkl,12.0,"['1:load_csv', '1:infer_data_types', '1:get_column_info', '1:detect_missing_values', '1:validate_csv_structure', '1:handle_missing_values', '1:remove_duplicates', '1:encode_categorical', '1:split_dataset', '1:train_classification_model', '1:evaluate_classification_model', '1:get_classification_report']",,,,,,,,,,,,,,,,Llama,,,medium,5.0
classification__mid__uciml_pima-indians-diabetes-database__diabetes,classification__mid__uciml_pima-indians-diabetes-database__diabetes.json,classification,,,failed,"keep must be either ""first"", ""last"" or False",,,,,,,,,,,,,,,,,,,,,,,,,,,Llama,,,medium,5.0
classification__mid__xhlulu_cpc-codes__titles,classification__mid__xhlulu_cpc-codes__titles.json,classification,,,failed,"Index(['all'], dtype='object')",,,,,,,,,,,,,,,,,,,,,,,,,,,Llama,,,medium,5.0
classification__mid__yasserh_titanic-dataset__Titanic-Dataset,classification__mid__yasserh_titanic-dataset__Titanic-Dataset.json,classification,Survived,logistic,failed,"Input X contains NaN.
LogisticRegression does not accept missing values encoded as NaN natively. For supervised learning, you might want to consider sklearn.ensemble.HistGradientBoostingClassifier and Regressor which accept missing values encoded as NaNs natively. Alternatively, it is possible to preprocess the data, for instance by using an imputer transformer in a pipeline or drop samples with missing values. See https://scikit-learn.org/stable/modules/impute.html You can find a list of all estimators that handle NaN values at the following page: https://scikit-learn.org/stable/modules/impute.html#estimators-that-handle-nan-values",,,,,,,,,,,,,,,,,,,,,,,,,,,Llama,,,medium,5.0
regression__easy__ganjerlawrence_mobile-phone-price-prediction-cleaned-dataset__Mobile-Price-Prediction-cleaned_data,regression__easy__ganjerlawrence_mobile-phone-price-prediction-cleaned-dataset__Mobile-Price-Prediction-cleaned_data.json,regression,Price,linear,success,,,,,,94.0,,,/home/joshua/Code/ai_projects/amalia/backend/data/uploads/datasets/regression/easy/ganjerlawrence_mobile-phone-price-prediction-cleaned-dataset/Mobile-Price-Prediction-cleaned_data.csv,/home/joshua/Code/ai_projects/amalia/backend/model/linear_regression_model,4.0,"['1:load_csv', '2:handle_missing_values', '2:remove_duplicates', '3:train_regression_model']",regression,,,0.1973,372.0,"['Ratings', 'RAM', 'ROM', 'Mobile_Size', 'Primary_Cam', 'Selfi_Cam', 'Battery_Power']",/home/joshua/Code/ai_projects/amalia/backend/model/linear_regression_model,,,292205913.1856,17094.0315,8626.7143,,0.4831,0.2858,Llama,,,easy,5.0
regression__easy__govindaramsriram_crop-yield-of-a-farm__crop_yield_data,regression__easy__govindaramsriram_crop-yield-of-a-farm__crop_yield_data.json,regression,,,failed,get_column_info: Column 'None' not found,,,,,,,,,,,,,,,,,,,,,,,,,,,Llama,,,easy,5.0
regression__easy__nalisha_numerical-feature-based-target-prediction-using-ml__practice_dataset,regression__easy__nalisha_numerical-feature-based-target-prediction-using-ml__practice_dataset.json,regression,,,failed,"Index(['all'], dtype='object')",,,,,,,,,,,,,,,,,,,,,,,,,,,Llama,,,easy,5.0
regression__easy__quantbruce_real-estate-price-prediction__Real estate,regression__easy__quantbruce_real-estate-price-prediction__Real estate.json,regression,,,failed,Workflow has no executable steps,,,,,,,,,,,,,,,,,,,,,,,,,,,Llama,,,easy,5.0
regression__easy__ranitsarkar01_porter-delivery-time-estimation__dataset,regression__easy__ranitsarkar01_porter-delivery-time-estimation__dataset.json,regression,,,failed,add_column_headers: Provided column_names length does not match dataset columns,,,,,,,,,,,,,,,,,,,,,,,,,,,Llama,,,easy,5.0
regression__easy__sakshisatre_the-boston-housing-dataset__Boston (1),regression__easy__sakshisatre_the-boston-housing-dataset__Boston (1).json,regression,,,failed,"Index(['None'], dtype='object')",,,,,,,,,,,,,,,,,,,,,,,,,,,Llama,,,easy,5.0
regression__easy__thedevastator_age-prediction-for-individuals-using-multi-omic__test_rows,regression__easy__thedevastator_age-prediction-for-individuals-using-multi-omic__test_rows.json,regression,KLF14_2,linear,failed,,,,,,104.0,,,/home/joshua/Code/ai_projects/amalia/backend/data/uploads/datasets/regression/easy/thedevastator_age-prediction-for-individuals-using-multi-omic/test_rows.csv,/home/joshua/Code/ai_projects/amalia/data/batch_results/batch_20260420222508_3544cc31llama_final/models/regression__easy__thedevastator_age-prediction-for-individuals-using-multi-omic__test_rows.pkl,3.0,"['1:load_csv', '2:train_regression_model', '3:evaluate_regression_model']",,,,,,,,,,1.953,1.3975,1.0866,52.356,,,Llama,,,easy,5.0
regression__easy__zubairdhuddi_linear-regression__test,regression__easy__zubairdhuddi_linear-regression__test.json,regression,y,linear,success,,,,,,300.0,,,/home/joshua/Code/ai_projects/amalia/backend/data/uploads/datasets/regression/easy/zubairdhuddi_linear-regression/test.csv,/home/joshua/Code/ai_projects/amalia/data/batch_results/batch_20260420222508_3544cc31llama_final/models/regression__easy__zubairdhuddi_linear-regression__test.pkl,3.0,"['1:load_csv', '2:train_regression_model', '3:evaluate_regression_model']",,,,,,,,,0.9792765899326482,9.1681,3.0279,2.4134,12.9757,,,Llama,,,easy,5.0
regression__hard__anujsaha0123456789_house-prices-cleaned-dataset-for-regression-ml__house_prices_cleaned,regression__hard__anujsaha0123456789_house-prices-cleaned-dataset-for-regression-ml__house_prices_cleaned.json,regression,SalePrice,svr,success,,,,,,1460.0,,,/home/joshua/Code/ai_projects/amalia/backend/data/uploads/datasets/regression/hard/anujsaha0123456789_house-prices-cleaned-dataset-for-regression-ml/house_prices_cleaned.csv,/home/joshua/Code/ai_projects/amalia/data/batch_results/batch_20260420222508_3544cc31llama_final/models/regression__hard__anujsaha0123456789_house-prices-cleaned-dataset-for-regression-ml__house_prices_cleaned.pkl,3.0,"['1:load_csv', '2:train_regression_model', '3:evaluate_regression_model']",,,,,,,,,0.0085079184715373,6557949939.5246,80981.1703,55540.0192,32.1043,,,Llama,,,hard,5.0
regression__hard__bharatsahu_house-price-prediction-dataset-insurancehub-usa__House_price_multifeatures,regression__hard__bharatsahu_house-price-prediction-dataset-insurancehub-usa__House_price_multifeatures.json,classification,TTTerritory,decision_tree,failed,Input contains NaN,,,,,,,,,,,,,,,,,,,,,,,,,,,Llama,,,hard,5.0
regression__hard__bjaton_housepricesadvancedregressiontechniquestrain__train,regression__hard__bjaton_housepricesadvancedregressiontechniquestrain__train.json,regression,SalePrice,ridge,failed,"Input X contains NaN.
Ridge does not accept missing values encoded as NaN natively. For supervised learning, you might want to consider sklearn.ensemble.HistGradientBoostingClassifier and Regressor which accept missing values encoded as NaNs natively. Alternatively, it is possible to preprocess the data, for instance by using an imputer transformer in a pipeline or drop samples with missing values. See https://scikit-learn.org/stable/modules/impute.html You can find a list of all estimators that handle NaN values at the following page: https://scikit-learn.org/stable/modules/impute.html#estimators-that-handle-nan-values",,,,,,,,,,,,,,,,,,,,,,,,,,,Llama,,,hard,5.0
regression__hard__bobnau_daily-website-visitors__daily-website-visitors,regression__hard__bobnau_daily-website-visitors__daily-website-visitors.json,regression,,,failed,scale_features: No valid numeric columns found,,,,,,,,,,,,,,,,,,,,,,,,,,,Llama,,,hard,5.0
regression__hard__deepcontractor_car-price-prediction-challenge__car_price_prediction,regression__hard__deepcontractor_car-price-prediction-challenge__car_price_prediction.json,regression,,,failed,"random_state must be an integer, array-like, a BitGenerator, Generator, a numpy RandomState, or None",,,,,,,,,,,,,,,,,,,,,,,,,,,Llama,,,hard,5.0
regression__hard__kanchana1990_colorado-real-estate-market-2026__colorado_real_estate_2026,regression__hard__kanchana1990_colorado-real-estate-market-2026__colorado_real_estate_2026.json,regression,garage,linear,failed,"Input X contains NaN.
LinearRegression does not accept missing values encoded as NaN natively. For supervised learning, you might want to consider sklearn.ensemble.HistGradientBoostingClassifier and Regressor which accept missing values encoded as NaNs natively. Alternatively, it is possible to preprocess the data, for instance by using an imputer transformer in a pipeline or drop samples with missing values. See https://scikit-learn.org/stable/modules/impute.html You can find a list of all estimators that handle NaN values at the following page: https://scikit-learn.org/stable/modules/impute.html#estimators-that-handle-nan-values",,,,,,,,,,,,,,,,,,,,,,,,,,,Llama,,,hard,5.0
regression__hard__milanvaddoriya_old-car-price-prediction__car_price,regression__hard__milanvaddoriya_old-car-price-prediction__car_price.json,regression,car_prices_in_rupee,linear,failed,could not convert string to float: '12.20 Lakh',,,,,,,,,,,,,,,,,,,,,,,,,,,Llama,,,hard,5.0
regression__hard__spittman1248_cdc-data-nutrition-physical-activity-obesity__Nutrition__Physical_Activity__and_Obesity_-_Behavioral_Risk_Factor_Surveillance_System,regression__hard__spittman1248_cdc-data-nutrition-physical-activity-obesity__Nutrition__Physical_Activity__and_Obesity_-_Behavioral_Risk_Factor_Surveillance_System.json,regression,Data_Value,ridge,failed,"Input X contains NaN.
Ridge does not accept missing values encoded as NaN natively. For supervised learning, you might want to consider sklearn.ensemble.HistGradientBoostingClassifier and Regressor which accept missing values encoded as NaNs natively. Alternatively, it is possible to preprocess the data, for instance by using an imputer transformer in a pipeline or drop samples with missing values. See https://scikit-learn.org/stable/modules/impute.html You can find a list of all estimators that handle NaN values at the following page: https://scikit-learn.org/stable/modules/impute.html#estimators-that-handle-nan-values",,,,,,,,,,,,,,,,,,,,,,,,,,,Llama,,,hard,5.0
regression__hard__taweilo_mba-admission-dataset__MBA,regression__hard__taweilo_mba-admission-dataset__MBA.json,regression,admission,linear,failed,Input contains NaN,,,,,,,,,,,,,,,,,,,,,,,,,,,Llama,,,hard,5.0
regression__hard__valakhorasani_tehran-house-prices-dataset__TehranHouse,regression__hard__valakhorasani_tehran-house-prices-dataset__TehranHouse.json,regression,Price(USD),linear,success,,,,,,3479.0,,,/home/joshua/Code/ai_projects/amalia/backend/data/uploads/datasets/regression/hard/valakhorasani_tehran-house-prices-dataset/TehranHouse.csv,/home/joshua/Code/ai_projects/amalia/backend/models/tehran_house_regression_model.pkl,16.0,"['1:load_csv', '1:get_column_info', '1:infer_data_types', '1:get_basic_stats', '1:read_file_head', '1:validate_csv_structure', '1:detect_missing_values', '1:detect_duplicates', '1:add_column_headers', '1:analyze_csv', '2:add_noise', '2:generate_synthetic_data', '2:feature_selection', '2:dimensionality_reduction', '3:train_regression_model', '4:evaluate_regression_model']",,,,,,,,,1.0,0.0,0.0026,0.0021,0.0,,,Llama,,,hard,5.0
regression__mid__CooperUnion_cardataset__data,regression__mid__CooperUnion_cardataset__data.json,regression,MSRP,linear,failed,"Input X contains NaN.
LinearRegression does not accept missing values encoded as NaN natively. For supervised learning, you might want to consider sklearn.ensemble.HistGradientBoostingClassifier and Regressor which accept missing values encoded as NaNs natively. Alternatively, it is possible to preprocess the data, for instance by using an imputer transformer in a pipeline or drop samples with missing values. See https://scikit-learn.org/stable/modules/impute.html You can find a list of all estimators that handle NaN values at the following page: https://scikit-learn.org/stable/modules/impute.html#estimators-that-handle-nan-values",,,,,,,,,,,,,,,,,,,,,,,,,,,Llama,,,medium,5.0
regression__mid__alamshihab075_health-and-lifestyle-data-for-diabetes-prediction__Diabetes_and_LifeStyle_Dataset ,regression__mid__alamshihab075_health-and-lifestyle-data-for-diabetes-prediction__Diabetes_and_LifeStyle_Dataset .json,classification,diagnosed_diabetes,decision_tree,success,,0.9939225092850844,0.9999,0.9994,1.0,97297.0,2.0,True,/home/joshua/Code/ai_projects/amalia/backend/data/uploads/datasets/regression/mid/alamshihab075_health-and-lifestyle-data-for-diabetes-prediction/Diabetes_and_LifeStyle_Dataset .csv,/home/joshua/Code/ai_projects/amalia/data/batch_results/batch_20260420222508_3544cc31llama_final/models/regression__mid__alamshihab075_health-and-lifestyle-data-for-diabetes-prediction__Diabetes_and_LifeStyle_Dataset .pkl,3.0,"['1:load_csv', '2:train_classification_model', '3:evaluate_classification_model']",,,,,,,,,,,,,,,,Llama,,,medium,5.0
regression__mid__camnugent_california-housing-prices__housing,regression__mid__camnugent_california-housing-prices__housing.json,regression,median_house_value,linear,failed,"Input X contains NaN.
LinearRegression does not accept missing values encoded as NaN natively. For supervised learning, you might want to consider sklearn.ensemble.HistGradientBoostingClassifier and Regressor which accept missing values encoded as NaNs natively. Alternatively, it is possible to preprocess the data, for instance by using an imputer transformer in a pipeline or drop samples with missing values. See https://scikit-learn.org/stable/modules/impute.html You can find a list of all estimators that handle NaN values at the following page: https://scikit-learn.org/stable/modules/impute.html#estimators-that-handle-nan-values",,,,,,,,,,,,,,,,,,,,,,,,,,,Llama,,,medium,5.0
regression__mid__harlfoxem_housesalesprediction__kc_house_data,regression__mid__harlfoxem_housesalesprediction__kc_house_data.json,regression,sqft_lot15,gradient_boosting,success,,,,,,21613.0,,,/home/joshua/Code/ai_projects/amalia/backend/data/uploads/datasets/regression/mid/harlfoxem_housesalesprediction/kc_house_data.csv,/home/joshua/Code/ai_projects/amalia/backend/models/regression_model,10.0,"['1:load_csv', '1:read_file_head', '2:infer_data_types', '2:detect_missing_values', '2:detect_duplicates', '3:train_regression_model', '4:evaluate_regression_model', '4:calculate_residuals', '4:error_analysis', '4:save_evaluation_results']",,,,,,,,,0.7839710718165228,136905464.2146,11700.6608,3269.0084,26.126,,,Llama,,,medium,5.0
regression__mid__hrokrin_the-largest-diamond-dataset-currely-on-kaggle__diamonds,regression__mid__hrokrin_the-largest-diamond-dataset-currely-on-kaggle__diamonds.json,regression,total_sales_price,ridge,success,,,,,,219703.0,,,/home/joshua/Code/ai_projects/amalia/backend/data/uploads/datasets/regression/mid/hrokrin_the-largest-diamond-dataset-currely-on-kaggle/diamonds.csv,/home/joshua/Code/ai_projects/amalia/data/batch_results/batch_20260420222508_3544cc31llama_final/models/regression__mid__hrokrin_the-largest-diamond-dataset-currely-on-kaggle__diamonds.pkl,3.0,"['1:load_csv', '2:train_regression_model', '3:evaluate_regression_model']",,,,,,,,,0.6059168116560386,261239633.3307,16162.9092,4382.1779,153.3673,,,Llama,,,medium,5.0
regression__mid__lorenzozoppelletto_financial-risk-for-loan-approval__Loan,regression__mid__lorenzozoppelletto_financial-risk-for-loan-approval__Loan.json,regression,RiskScore,ridge,success,,,,,,20000.0,,,/home/joshua/Code/ai_projects/amalia/backend/data/uploads/datasets/regression/mid/lorenzozoppelletto_financial-risk-for-loan-approval/Loan.csv,/home/joshua/Code/ai_projects/amalia/data/batch_results/batch_20260420222508_3544cc31llama_final/models/regression__mid__lorenzozoppelletto_financial-risk-for-loan-approval__Loan.pkl,3.0,"['1:load_csv', '2:train_regression_model', '3:evaluate_regression_model']",,,,,,,,,0.9674855691780276,3.7993,1.9492,1.5056,3.0474,,,Llama,,,medium,5.0
regression__mid__mirichoi0218_insurance__insurance,regression__mid__mirichoi0218_insurance__insurance.json,regression,charges,linear,success,,,,,,1338.0,,,/home/joshua/Code/ai_projects/amalia/backend/data/uploads/datasets/regression/mid/processed/insurance_processed.csv,/home/joshua/Code/ai_projects/amalia/backend/models/regression,7.0,"['1:load_csv', '2:infer_data_types', '2:detect_missing_values', '2:remove_duplicates', '2:add_column_headers', '3:train_regression_model', '4:evaluate_regression_model']",,,,,,,,,0.7585246356276724,36550482.8428,6045.6995,4204.3048,43.2176,,,Llama,,,medium,5.0
regression__mid__ranitsarkar01_porter-delivery-time-estimation__dataset,regression__mid__ranitsarkar01_porter-delivery-time-estimation__dataset.json,regression,total_outstanding_orders,linear,failed,"Input X contains NaN.
LinearRegression does not accept missing values encoded as NaN natively. For supervised learning, you might want to consider sklearn.ensemble.HistGradientBoostingClassifier and Regressor which accept missing values encoded as NaNs natively. Alternatively, it is possible to preprocess the data, for instance by using an imputer transformer in a pipeline or drop samples with missing values. See https://scikit-learn.org/stable/modules/impute.html You can find a list of all estimators that handle NaN values at the following page: https://scikit-learn.org/stable/modules/impute.html#estimators-that-handle-nan-values",,,,,,,,,,,,,,,,,,,,,,,,,,,Llama,,,medium,5.0
regression__mid__rupals_gpu-runtime__sgemm_product,regression__mid__rupals_gpu-runtime__sgemm_product.json,regression,Run4 (ms),linear,success,,,,,,241600.0,,,/home/joshua/Code/ai_projects/amalia/backend/data/uploads/datasets/regression/mid/rupals_gpu-runtime/sgemm_product.csv,/home/joshua/Code/ai_projects/amalia/data/batch_results/batch_20260420222508_3544cc31llama_final/models/regression__mid__rupals_gpu-runtime__sgemm_product.pkl,3.0,"['1:load_csv', '2:train_regression_model', '3:evaluate_regression_model']",,,,,,,,,1.0,3.6157,1.9015,0.6697,0.6249,,,Llama,,,medium,5.0
regression__mid__yasserh_uber-fares-dataset__uber,regression__mid__yasserh_uber-fares-dataset__uber.json,regression,,,failed,Input file not found: /app/data/uploads/datasets/regression/mid/yasserh_uber-fares-dataset/processed/uber.csv,,,,,,,,,,,,,,,,,,,,,,,,,,,Llama,,,medium,5.0
