dataset_id,artifact_file,task_type,target_column,model_type,status,error,accuracy,precision,recall,f1_score,test_samples,n_classes,is_binary,resolved_dataset_path,model_path,executed_tools,tool_flow,task,train_accuracy,test_accuracy,overfitting_gap,training_samples,features,model_saved,r2_score,mse,rmse,mae,mape,train_r2,test_r2
classification__easy__abhishek14398_heart-disease-classification__heart,classification__easy__abhishek14398_heart-disease-classification__heart__variant_01_of_05.json,classification,target,logistic,success,,0.868,0.8531,0.9152,0.883,303.0,2.0,True,/home/joshua/Code/ai_projects/amalia/backend/data/uploads/datasets/classification/easy/abhishek14398_heart-disease-classification/heart.csv,/home/joshua/Code/ai_projects/amalia/data/batch_results/resilient_execution/models/classification__easy__abhishek14398_heart-disease-classification__heart.pkl,3.0,"['1:load_csv', '2:train_classification_model', '3:evaluate_classification_model']",,,,,,,,,,,,,,
classification__easy__abhishek14398_heart-disease-classification__heart,classification__easy__abhishek14398_heart-disease-classification__heart__variant_02_of_05.json,classification,target,logistic,success,,0.868,0.8531,0.9152,0.883,303.0,2.0,True,/home/joshua/Code/ai_projects/amalia/backend/data/uploads/datasets/classification/easy/abhishek14398_heart-disease-classification/heart.csv,/home/joshua/Code/ai_projects/amalia/data/batch_results/resilient_execution/models/classification__easy__abhishek14398_heart-disease-classification__heart.pkl,3.0,"['1:load_csv', '2:train_classification_model', '3:evaluate_classification_model']",,,,,,,,,,,,,,
classification__easy__abhishek14398_heart-disease-classification__heart,classification__easy__abhishek14398_heart-disease-classification__heart__variant_03_of_05.json,classification,target,logistic,success,,0.868,0.8531,0.9152,0.883,303.0,2.0,True,/home/joshua/Code/ai_projects/amalia/backend/data/uploads/datasets/classification/easy/abhishek14398_heart-disease-classification/heart.csv,/home/joshua/Code/ai_projects/amalia/data/batch_results/resilient_execution/models/classification__easy__abhishek14398_heart-disease-classification__heart.pkl,3.0,"['1:load_csv', '2:train_classification_model', '3:evaluate_classification_model']",,,,,,,,,,,,,,
classification__easy__abhishek14398_heart-disease-classification__heart,classification__easy__abhishek14398_heart-disease-classification__heart__variant_04_of_05.json,classification,target,logistic,success,,0.868,0.8531,0.9152,0.883,303.0,2.0,True,/home/joshua/Code/ai_projects/amalia/backend/data/uploads/datasets/classification/easy/abhishek14398_heart-disease-classification/heart.csv,/home/joshua/Code/ai_projects/amalia/data/batch_results/resilient_execution/models/classification__easy__abhishek14398_heart-disease-classification__heart.pkl,3.0,"['1:load_csv', '2:train_classification_model', '3:evaluate_classification_model']",,,,,,,,,,,,,,
classification__easy__abhishek14398_heart-disease-classification__heart,classification__easy__abhishek14398_heart-disease-classification__heart__variant_05_of_05.json,classification,target,logistic,success,,0.868,0.8531,0.9152,0.883,303.0,2.0,True,/home/joshua/Code/ai_projects/amalia/backend/data/uploads/datasets/classification/easy/abhishek14398_heart-disease-classification/heart.csv,/home/joshua/Code/ai_projects/amalia/data/batch_results/resilient_execution/models/classification__easy__abhishek14398_heart-disease-classification__heart.pkl,3.0,"['1:load_csv', '2:train_classification_model', '3:evaluate_classification_model']",,,,,,,,,,,,,,
classification__easy__brsahan_genomic-data-for-cancer__gene_expression,classification__easy__brsahan_genomic-data-for-cancer__gene_expression__variant_01_of_05.json,classification,Cancer Present,logistic,success,,0.856,0.8546,0.858,0.8563,3000.0,2.0,True,/home/joshua/Code/ai_projects/amalia/backend/data/uploads/datasets/classification/easy/brsahan_genomic-data-for-cancer/gene_expression.csv,/home/joshua/Code/ai_projects/amalia/data/batch_results/resilient_execution/models/classification__easy__brsahan_genomic-data-for-cancer__gene_expression.pkl,3.0,"['1:load_csv', '2:train_classification_model', '3:evaluate_classification_model']",,,,,,,,,,,,,,
classification__easy__brsahan_genomic-data-for-cancer__gene_expression,classification__easy__brsahan_genomic-data-for-cancer__gene_expression__variant_02_of_05.json,classification,Cancer Present,logistic,success,,0.856,0.8546,0.858,0.8563,3000.0,2.0,True,/home/joshua/Code/ai_projects/amalia/backend/data/uploads/datasets/classification/easy/brsahan_genomic-data-for-cancer/gene_expression.csv,/home/joshua/Code/ai_projects/amalia/data/batch_results/resilient_execution/models/classification__easy__brsahan_genomic-data-for-cancer__gene_expression.pkl,3.0,"['1:load_csv', '2:train_classification_model', '3:evaluate_classification_model']",,,,,,,,,,,,,,
classification__easy__brsahan_genomic-data-for-cancer__gene_expression,classification__easy__brsahan_genomic-data-for-cancer__gene_expression__variant_03_of_05.json,classification,Cancer Present,logistic,success,,0.856,0.8546,0.858,0.8563,3000.0,2.0,True,/home/joshua/Code/ai_projects/amalia/backend/data/uploads/datasets/classification/easy/brsahan_genomic-data-for-cancer/gene_expression.csv,/home/joshua/Code/ai_projects/amalia/data/batch_results/resilient_execution/models/classification__easy__brsahan_genomic-data-for-cancer__gene_expression.pkl,3.0,"['1:load_csv', '2:train_classification_model', '3:evaluate_classification_model']",,,,,,,,,,,,,,
classification__easy__brsahan_genomic-data-for-cancer__gene_expression,classification__easy__brsahan_genomic-data-for-cancer__gene_expression__variant_04_of_05.json,classification,,,failed,invalid literal for int() with base 10: '0.80.80.80.80.80.80.80.80.80.80.80.80.80.80.80.80.80.80.80.80.80.80.80.80.80.80.80.80.80.80.80.80.80.80.80.80.80.80.80.80.80.80.80.80.80.80.80.80.80.80.80.80.80.80.80.80.80.80.80.80.80.80.80.80.80.80,,,,,,,,,,,,,,,,,,,,,,,,,
classification__easy__brsahan_genomic-data-for-cancer__gene_expression,classification__easy__brsahan_genomic-data-for-cancer__gene_expression__variant_05_of_05.json,classification,Cancer Present,logistic,success,,0.856,0.8546,0.858,0.8563,3000.0,2.0,True,/home/joshua/Code/ai_projects/amalia/backend/data/uploads/datasets/classification/easy/brsahan_genomic-data-for-cancer/gene_expression.csv,/home/joshua/Code/ai_projects/amalia/data/batch_results/resilient_execution/models/classification__easy__brsahan_genomic-data-for-cancer__gene_expression.pkl,3.0,"['1:load_csv', '2:train_classification_model', '3:evaluate_classification_model']",,,,,,,,,,,,,,
classification__easy__brsahan_genomic-data-for-cancer__gene_expression_cleaned,classification__easy__brsahan_genomic-data-for-cancer__gene_expression_cleaned__variant_01_of_05.json,classification,,,failed,invalid literal for int() with base 10: '0.80.80.80.80.80.80.80.80.80.80.80.80.80.80.80.80.80.80.80.80.80.80.80.80.80.80.80.80.80.80.80.80.80.80.80.80.80.80.80.80.80.80.80.80.80.80.80.80.80.80.80.80.80.80.80.80.80.80.80.80.80.80.80.80.80.80,,,,,,,,,,,,,,,,,,,,,,,,,
classification__easy__brsahan_genomic-data-for-cancer__gene_expression_cleaned,classification__easy__brsahan_genomic-data-for-cancer__gene_expression_cleaned__variant_02_of_05.json,classification,Cancer Present,logistic,success,,0.8442,0.8448,0.8409,0.8429,2138.0,2.0,True,/home/joshua/Code/ai_projects/amalia/backend/data/uploads/datasets/classification/easy/brsahan_genomic-data-for-cancer/gene_expression_cleaned.csv,/home/joshua/Code/ai_projects/amalia/data/batch_results/resilient_execution/models/classification__easy__brsahan_genomic-data-for-cancer__gene_expression_cleaned.pkl,3.0,"['1:load_csv', '2:train_classification_model', '3:evaluate_classification_model']",,,,,,,,,,,,,,
classification__easy__brsahan_genomic-data-for-cancer__gene_expression_cleaned,classification__easy__brsahan_genomic-data-for-cancer__gene_expression_cleaned__variant_03_of_05.json,classification,Cancer Present,logistic,success,,0.8442,0.8448,0.8409,0.8429,2138.0,2.0,True,/home/joshua/Code/ai_projects/amalia/backend/data/uploads/datasets/classification/easy/brsahan_genomic-data-for-cancer/gene_expression_cleaned.csv,/home/joshua/Code/ai_projects/amalia/data/batch_results/resilient_execution/models/classification__easy__brsahan_genomic-data-for-cancer__gene_expression_cleaned.pkl,3.0,"['1:load_csv', '2:train_classification_model', '3:evaluate_classification_model']",,,,,,,,,,,,,,
classification__easy__brsahan_genomic-data-for-cancer__gene_expression_cleaned,classification__easy__brsahan_genomic-data-for-cancer__gene_expression_cleaned__variant_04_of_05.json,classification,Cancer Present,logistic,success,,0.8442,0.8448,0.8409,0.8429,2138.0,2.0,True,/home/joshua/Code/ai_projects/amalia/backend/data/uploads/datasets/classification/easy/brsahan_genomic-data-for-cancer/gene_expression_cleaned.csv,/home/joshua/Code/ai_projects/amalia/data/batch_results/resilient_execution/models/classification__easy__brsahan_genomic-data-for-cancer__gene_expression_cleaned.pkl,3.0,"['1:load_csv', '2:train_classification_model', '3:evaluate_classification_model']",,,,,,,,,,,,,,
classification__easy__brsahan_genomic-data-for-cancer__gene_expression_cleaned,classification__easy__brsahan_genomic-data-for-cancer__gene_expression_cleaned__variant_05_of_05.json,classification,Cancer Present,logistic,success,,0.8442,0.8448,0.8409,0.8429,2138.0,2.0,True,/home/joshua/Code/ai_projects/amalia/backend/data/uploads/datasets/classification/easy/brsahan_genomic-data-for-cancer/gene_expression_cleaned.csv,/home/joshua/Code/ai_projects/amalia/data/batch_results/resilient_execution/models/classification__easy__brsahan_genomic-data-for-cancer__gene_expression_cleaned.pkl,3.0,"['1:load_csv', '2:train_classification_model', '3:evaluate_classification_model']",,,,,,,,,,,,,,
classification__easy__brsahan_genomic-data-for-cancer__gene_expression_scaled,classification__easy__brsahan_genomic-data-for-cancer__gene_expression_scaled__variant_01_of_05.json,classification,,,success,,,,,,,,,/home/joshua/Code/ai_projects/amalia/backend/data/uploads/datasets/classification/easy/brsahan_genomic-data-for-cancer/gene_expression_scaled.csv,,0.0,[],,,,,,,,,,,,,,
classification__easy__brsahan_genomic-data-for-cancer__gene_expression_scaled,classification__easy__brsahan_genomic-data-for-cancer__gene_expression_scaled__variant_02_of_05.json,classification,Cancer Present,gradient_boosting,success,,,,,,428.0,2.0,,/home/joshua/Code/ai_projects/amalia/backend/data/uploads/datasets/classification/easy/brsahan_genomic-data-for-cancer/gene_expression_scaled.csv,/home/joshua/Code/ai_projects/amalia/data/batch_results/resilient_execution/models/classification__easy__brsahan_genomic-data-for-cancer__gene_expression_scaled.pkl,1.0,['2:train_classification_model'],classification,0.9363,0.8832,0.0531,1710.0,"['Gene One', 'Gene Two']",/home/joshua/Code/ai_projects/amalia/data/batch_results/resilient_execution/models/classification__easy__brsahan_genomic-data-for-cancer__gene_expression_scaled.pkl,,,,,,,
classification__easy__brsahan_genomic-data-for-cancer__gene_expression_scaled,classification__easy__brsahan_genomic-data-for-cancer__gene_expression_scaled__variant_03_of_05.json,classification,Cancer Present,logistic,success,,0.8442,0.8448,0.8409,0.8429,2138.0,2.0,True,/home/joshua/Code/ai_projects/amalia/backend/data/uploads/datasets/classification/easy/brsahan_genomic-data-for-cancer/gene_expression_scaled.csv,/home/joshua/Code/ai_projects/amalia/data/batch_results/resilient_execution/models/classification__easy__brsahan_genomic-data-for-cancer__gene_expression_scaled.pkl,3.0,"['1:load_csv', '2:train_classification_model', '3:evaluate_classification_model']",,,,,,,,,,,,,,
classification__easy__brsahan_genomic-data-for-cancer__gene_expression_scaled,classification__easy__brsahan_genomic-data-for-cancer__gene_expression_scaled__variant_04_of_05.json,classification,Cancer Present,logistic,success,,0.8442,0.8448,0.8409,0.8429,2138.0,2.0,True,/home/joshua/Code/ai_projects/amalia/backend/data/uploads/datasets/classification/easy/brsahan_genomic-data-for-cancer/gene_expression_scaled.csv,/home/joshua/Code/ai_projects/amalia/data/batch_results/resilient_execution/models/classification__easy__brsahan_genomic-data-for-cancer__gene_expression_scaled.pkl,3.0,"['1:load_csv', '2:train_classification_model', '3:evaluate_classification_model']",,,,,,,,,,,,,,
classification__easy__brsahan_genomic-data-for-cancer__gene_expression_scaled,classification__easy__brsahan_genomic-data-for-cancer__gene_expression_scaled__variant_05_of_05.json,classification,Cancer Present,logistic,success,,0.8442,0.8448,0.8409,0.8429,2138.0,2.0,True,/home/joshua/Code/ai_projects/amalia/backend/data/uploads/datasets/classification/easy/brsahan_genomic-data-for-cancer/gene_expression_scaled.csv,/home/joshua/Code/ai_projects/amalia/data/batch_results/resilient_execution/models/classification__easy__brsahan_genomic-data-for-cancer__gene_expression_scaled.pkl,3.0,"['1:load_csv', '2:train_classification_model', '3:evaluate_classification_model']",,,,,,,,,,,,,,
classification__easy__fedesoriano_stellar-classification-dataset-sdss17__star_classification,classification__easy__fedesoriano_stellar-classification-dataset-sdss17__star_classification__variant_01_of_05.json,classification,class,logistic,success,,0.5982,0.447,0.5982,0.4794,100000.0,3.0,False,/home/joshua/Code/ai_projects/amalia/backend/data/uploads/datasets/classification/easy/fedesoriano_stellar-classification-dataset-sdss17/star_classification.csv,/home/joshua/Code/ai_projects/amalia/data/batch_results/resilient_execution/models/classification__easy__fedesoriano_stellar-classification-dataset-sdss17__star_classification.pkl,3.0,"['1:load_csv', '2:train_classification_model', '3:evaluate_classification_model']",,,,,,,,,,,,,,
classification__easy__fedesoriano_stellar-classification-dataset-sdss17__star_classification,classification__easy__fedesoriano_stellar-classification-dataset-sdss17__star_classification__variant_02_of_05.json,classification,class,logistic,success,,0.5982,0.447,0.5982,0.4794,100000.0,3.0,False,/home/joshua/Code/ai_projects/amalia/backend/data/uploads/datasets/classification/easy/fedesoriano_stellar-classification-dataset-sdss17/star_classification.csv,/home/joshua/Code/ai_projects/amalia/data/batch_results/resilient_execution/models/classification__easy__fedesoriano_stellar-classification-dataset-sdss17__star_classification.pkl,3.0,"['1:load_csv', '2:train_classification_model', '3:evaluate_classification_model']",,,,,,,,,,,,,,
classification__easy__fedesoriano_stellar-classification-dataset-sdss17__star_classification,classification__easy__fedesoriano_stellar-classification-dataset-sdss17__star_classification__variant_03_of_05.json,classification,class,logistic,success,,0.5982,0.447,0.5982,0.4794,100000.0,3.0,False,/home/joshua/Code/ai_projects/amalia/backend/data/uploads/datasets/classification/easy/fedesoriano_stellar-classification-dataset-sdss17/star_classification.csv,/home/joshua/Code/ai_projects/amalia/data/batch_results/resilient_execution/models/classification__easy__fedesoriano_stellar-classification-dataset-sdss17__star_classification.pkl,3.0,"['1:load_csv', '2:train_classification_model', '3:evaluate_classification_model']",,,,,,,,,,,,,,
classification__easy__fedesoriano_stellar-classification-dataset-sdss17__star_classification,classification__easy__fedesoriano_stellar-classification-dataset-sdss17__star_classification__variant_04_of_05.json,classification,class,logistic,success,,0.5982,0.447,0.5982,0.4794,100000.0,3.0,False,/home/joshua/Code/ai_projects/amalia/backend/data/uploads/datasets/classification/easy/fedesoriano_stellar-classification-dataset-sdss17/star_classification.csv,/home/joshua/Code/ai_projects/amalia/data/batch_results/resilient_execution/models/classification__easy__fedesoriano_stellar-classification-dataset-sdss17__star_classification.pkl,3.0,"['1:load_csv', '2:train_classification_model', '3:evaluate_classification_model']",,,,,,,,,,,,,,
classification__easy__fedesoriano_stellar-classification-dataset-sdss17__star_classification,classification__easy__fedesoriano_stellar-classification-dataset-sdss17__star_classification__variant_05_of_05.json,classification,,,success,,,,,,,,,/home/joshua/Code/ai_projects/amalia/backend/data/uploads/datasets/classification/easy/fedesoriano_stellar-classification-dataset-sdss17/star_classification.csv,,0.0,[],,,,,,,,,,,,,,
classification__easy__fedesoriano_stellar-classification-dataset-sdss17__star_classification_encoded,classification__easy__fedesoriano_stellar-classification-dataset-sdss17__star_classification_encoded__variant_01_of_05.json,classification,class,logistic,success,,0.5982,0.447,0.5982,0.4794,100000.0,3.0,False,/home/joshua/Code/ai_projects/amalia/backend/data/uploads/datasets/classification/easy/fedesoriano_stellar-classification-dataset-sdss17/star_classification_encoded.csv,/home/joshua/Code/ai_projects/amalia/data/batch_results/resilient_execution/models/classification__easy__fedesoriano_stellar-classification-dataset-sdss17__star_classification_encoded.pkl,3.0,"['1:load_csv', '2:train_classification_model', '3:evaluate_classification_model']",,,,,,,,,,,,,,
classification__easy__fedesoriano_stellar-classification-dataset-sdss17__star_classification_encoded,classification__easy__fedesoriano_stellar-classification-dataset-sdss17__star_classification_encoded__variant_02_of_05.json,classification,class,logistic,success,,0.5982,0.447,0.5982,0.4794,100000.0,3.0,False,/home/joshua/Code/ai_projects/amalia/backend/data/uploads/datasets/classification/easy/fedesoriano_stellar-classification-dataset-sdss17/star_classification_encoded.csv,/home/joshua/Code/ai_projects/amalia/data/batch_results/resilient_execution/models/classification__easy__fedesoriano_stellar-classification-dataset-sdss17__star_classification_encoded.pkl,3.0,"['1:load_csv', '2:train_classification_model', '3:evaluate_classification_model']",,,,,,,,,,,,,,
classification__easy__fedesoriano_stellar-classification-dataset-sdss17__star_classification_encoded,classification__easy__fedesoriano_stellar-classification-dataset-sdss17__star_classification_encoded__variant_03_of_05.json,classification,class,logistic,success,,0.5982,0.447,0.5982,0.4794,100000.0,3.0,False,/home/joshua/Code/ai_projects/amalia/backend/data/uploads/datasets/classification/easy/fedesoriano_stellar-classification-dataset-sdss17/star_classification_encoded.csv,/home/joshua/Code/ai_projects/amalia/data/batch_results/resilient_execution/models/classification__easy__fedesoriano_stellar-classification-dataset-sdss17__star_classification_encoded.pkl,3.0,"['1:load_csv', '2:train_classification_model', '3:evaluate_classification_model']",,,,,,,,,,,,,,
classification__easy__fedesoriano_stellar-classification-dataset-sdss17__star_classification_encoded,classification__easy__fedesoriano_stellar-classification-dataset-sdss17__star_classification_encoded__variant_04_of_05.json,classification,class,logistic,success,,0.5982,0.447,0.5982,0.4794,100000.0,3.0,False,/home/joshua/Code/ai_projects/amalia/backend/data/uploads/datasets/classification/easy/fedesoriano_stellar-classification-dataset-sdss17/star_classification_encoded.csv,/home/joshua/Code/ai_projects/amalia/data/batch_results/resilient_execution/models/classification__easy__fedesoriano_stellar-classification-dataset-sdss17__star_classification_encoded.pkl,3.0,"['1:load_csv', '2:train_classification_model', '3:evaluate_classification_model']",,,,,,,,,,,,,,
classification__easy__fedesoriano_stellar-classification-dataset-sdss17__star_classification_encoded,classification__easy__fedesoriano_stellar-classification-dataset-sdss17__star_classification_encoded__variant_05_of_05.json,classification,class,logistic,success,,0.5982,0.447,0.5982,0.4794,100000.0,3.0,False,/home/joshua/Code/ai_projects/amalia/backend/data/uploads/datasets/classification/easy/fedesoriano_stellar-classification-dataset-sdss17/star_classification_encoded.csv,/home/joshua/Code/ai_projects/amalia/data/batch_results/resilient_execution/models/classification__easy__fedesoriano_stellar-classification-dataset-sdss17__star_classification_encoded.pkl,3.0,"['1:load_csv', '2:train_classification_model', '3:evaluate_classification_model']",,,,,,,,,,,,,,
classification__easy__fedesoriano_stellar-classification-dataset-sdss17__star_classification_scaled,classification__easy__fedesoriano_stellar-classification-dataset-sdss17__star_classification_scaled__variant_01_of_05.json,classification,class,logistic,success,,0.5982,0.447,0.5982,0.4794,100000.0,3.0,False,/home/joshua/Code/ai_projects/amalia/backend/data/uploads/datasets/classification/easy/fedesoriano_stellar-classification-dataset-sdss17/star_classification_scaled.csv,/home/joshua/Code/ai_projects/amalia/data/batch_results/resilient_execution/models/classification__easy__fedesoriano_stellar-classification-dataset-sdss17__star_classification_scaled.pkl,3.0,"['1:load_csv', '2:train_classification_model', '3:evaluate_classification_model']",,,,,,,,,,,,,,
classification__easy__fedesoriano_stellar-classification-dataset-sdss17__star_classification_scaled,classification__easy__fedesoriano_stellar-classification-dataset-sdss17__star_classification_scaled__variant_02_of_05.json,classification,class,logistic,success,,0.5982,0.447,0.5982,0.4794,100000.0,3.0,False,/home/joshua/Code/ai_projects/amalia/backend/data/uploads/datasets/classification/easy/fedesoriano_stellar-classification-dataset-sdss17/star_classification_scaled.csv,/home/joshua/Code/ai_projects/amalia/data/batch_results/resilient_execution/models/classification__easy__fedesoriano_stellar-classification-dataset-sdss17__star_classification_scaled.pkl,3.0,"['1:load_csv', '2:train_classification_model', '3:evaluate_classification_model']",,,,,,,,,,,,,,
classification__easy__fedesoriano_stellar-classification-dataset-sdss17__star_classification_scaled,classification__easy__fedesoriano_stellar-classification-dataset-sdss17__star_classification_scaled__variant_03_of_05.json,classification,class,logistic,success,,0.5982,0.447,0.5982,0.4794,100000.0,3.0,False,/home/joshua/Code/ai_projects/amalia/backend/data/uploads/datasets/classification/easy/fedesoriano_stellar-classification-dataset-sdss17/star_classification_scaled.csv,/home/joshua/Code/ai_projects/amalia/data/batch_results/resilient_execution/models/classification__easy__fedesoriano_stellar-classification-dataset-sdss17__star_classification_scaled.pkl,3.0,"['1:load_csv', '2:train_classification_model', '3:evaluate_classification_model']",,,,,,,,,,,,,,
classification__easy__fedesoriano_stellar-classification-dataset-sdss17__star_classification_scaled,classification__easy__fedesoriano_stellar-classification-dataset-sdss17__star_classification_scaled__variant_04_of_05.json,classification,class,logistic,success,,0.5982,0.447,0.5982,0.4794,100000.0,3.0,False,/home/joshua/Code/ai_projects/amalia/backend/data/uploads/datasets/classification/easy/fedesoriano_stellar-classification-dataset-sdss17/star_classification_scaled.csv,/home/joshua/Code/ai_projects/amalia/data/batch_results/resilient_execution/models/classification__easy__fedesoriano_stellar-classification-dataset-sdss17__star_classification_scaled.pkl,3.0,"['1:load_csv', '2:train_classification_model', '3:evaluate_classification_model']",,,,,,,,,,,,,,
classification__easy__fedesoriano_stellar-classification-dataset-sdss17__star_classification_scaled,classification__easy__fedesoriano_stellar-classification-dataset-sdss17__star_classification_scaled__variant_05_of_05.json,classification,class,logistic,success,,0.5982,0.447,0.5982,0.4794,100000.0,3.0,False,/home/joshua/Code/ai_projects/amalia/backend/data/uploads/datasets/classification/easy/fedesoriano_stellar-classification-dataset-sdss17/star_classification_scaled.csv,/home/joshua/Code/ai_projects/amalia/data/batch_results/resilient_execution/models/classification__easy__fedesoriano_stellar-classification-dataset-sdss17__star_classification_scaled.pkl,3.0,"['1:load_csv', '2:train_classification_model', '3:evaluate_classification_model']",,,,,,,,,,,,,,
classification__easy__himanshunakrani_naive-bayes-classification-data__Naive-Bayes-Classification-Data,classification__easy__himanshunakrani_naive-bayes-classification-data__Naive-Bayes-Classification-Data__variant_01_of_05.json,classification,diabetes,logistic,success,,0.9307,0.9423,0.9177,0.9298,995.0,2.0,True,/home/joshua/Code/ai_projects/amalia/backend/data/uploads/datasets/classification/easy/himanshunakrani_naive-bayes-classification-data/Naive-Bayes-Classification-Data.csv,/home/joshua/Code/ai_projects/amalia/data/batch_results/resilient_execution/models/classification__easy__himanshunakrani_naive-bayes-classification-data__Naive-Bayes-Classification-Data.pkl,3.0,"['1:load_csv', '2:train_classification_model', '3:evaluate_classification_model']",,,,,,,,,,,,,,
classification__easy__himanshunakrani_naive-bayes-classification-data__Naive-Bayes-Classification-Data,classification__easy__himanshunakrani_naive-bayes-classification-data__Naive-Bayes-Classification-Data__variant_02_of_05.json,classification,diabetes,logistic,success,,0.9307,0.9423,0.9177,0.9298,995.0,2.0,True,/home/joshua/Code/ai_projects/amalia/backend/data/uploads/datasets/classification/easy/himanshunakrani_naive-bayes-classification-data/Naive-Bayes-Classification-Data.csv,/home/joshua/Code/ai_projects/amalia/data/batch_results/resilient_execution/models/classification__easy__himanshunakrani_naive-bayes-classification-data__Naive-Bayes-Classification-Data.pkl,3.0,"['1:load_csv', '2:train_classification_model', '3:evaluate_classification_model']",,,,,,,,,,,,,,
classification__easy__himanshunakrani_naive-bayes-classification-data__Naive-Bayes-Classification-Data,classification__easy__himanshunakrani_naive-bayes-classification-data__Naive-Bayes-Classification-Data__variant_03_of_05.json,classification,diabetes,logistic,success,,0.9307,0.9423,0.9177,0.9298,995.0,2.0,True,/home/joshua/Code/ai_projects/amalia/backend/data/uploads/datasets/classification/easy/himanshunakrani_naive-bayes-classification-data/Naive-Bayes-Classification-Data.csv,/home/joshua/Code/ai_projects/amalia/data/batch_results/resilient_execution/models/classification__easy__himanshunakrani_naive-bayes-classification-data__Naive-Bayes-Classification-Data.pkl,3.0,"['1:load_csv', '2:train_classification_model', '3:evaluate_classification_model']",,,,,,,,,,,,,,
classification__easy__himanshunakrani_naive-bayes-classification-data__Naive-Bayes-Classification-Data,classification__easy__himanshunakrani_naive-bayes-classification-data__Naive-Bayes-Classification-Data__variant_04_of_05.json,classification,diabetes,logistic,success,,0.9307,0.9423,0.9177,0.9298,995.0,2.0,True,/home/joshua/Code/ai_projects/amalia/backend/data/uploads/datasets/classification/easy/himanshunakrani_naive-bayes-classification-data/Naive-Bayes-Classification-Data.csv,/home/joshua/Code/ai_projects/amalia/data/batch_results/resilient_execution/models/classification__easy__himanshunakrani_naive-bayes-classification-data__Naive-Bayes-Classification-Data.pkl,3.0,"['1:load_csv', '2:train_classification_model', '3:evaluate_classification_model']",,,,,,,,,,,,,,
classification__easy__himanshunakrani_naive-bayes-classification-data__Naive-Bayes-Classification-Data,classification__easy__himanshunakrani_naive-bayes-classification-data__Naive-Bayes-Classification-Data__variant_05_of_05.json,classification,,,success,,,,,,,,,/home/joshua/Code/ai_projects/amalia/backend/data/uploads/datasets/classification/easy/himanshunakrani_naive-bayes-classification-data/Naive-Bayes-Classification-Data.csv,,0.0,[],,,,,,,,,,,,,,
classification__easy__himanshunakrani_naive-bayes-classification-data__Naive-Bayes-Classification-Data_cleaned,classification__easy__himanshunakrani_naive-bayes-classification-data__Naive-Bayes-Classification-Data_cleaned__variant_01_of_05.json,classification,diabetes,logistic,success,,0.8286,0.8571,0.912,0.8837,175.0,2.0,True,/home/joshua/Code/ai_projects/amalia/backend/data/uploads/datasets/classification/easy/himanshunakrani_naive-bayes-classification-data/Naive-Bayes-Classification-Data_cleaned.csv,/home/joshua/Code/ai_projects/amalia/data/batch_results/resilient_execution/models/classification__easy__himanshunakrani_naive-bayes-classification-data__Naive-Bayes-Classification-Data_cleaned.pkl,3.0,"['1:load_csv', '2:train_classification_model', '3:evaluate_classification_model']",,,,,,,,,,,,,,
classification__easy__himanshunakrani_naive-bayes-classification-data__Naive-Bayes-Classification-Data_cleaned,classification__easy__himanshunakrani_naive-bayes-classification-data__Naive-Bayes-Classification-Data_cleaned__variant_02_of_05.json,classification,,,success,,,,,,,,,/home/joshua/Code/ai_projects/amalia/backend/data/uploads/datasets/classification/easy/himanshunakrani_naive-bayes-classification-data/Naive-Bayes-Classification-Data_cleaned.csv,,0.0,[],,,,,,,,,,,,,,
classification__easy__himanshunakrani_naive-bayes-classification-data__Naive-Bayes-Classification-Data_cleaned,classification__easy__himanshunakrani_naive-bayes-classification-data__Naive-Bayes-Classification-Data_cleaned__variant_03_of_05.json,classification,diabetes,logistic,success,,0.8286,0.8571,0.912,0.8837,175.0,2.0,True,/home/joshua/Code/ai_projects/amalia/backend/data/uploads/datasets/classification/easy/himanshunakrani_naive-bayes-classification-data/Naive-Bayes-Classification-Data_cleaned.csv,/home/joshua/Code/ai_projects/amalia/data/batch_results/resilient_execution/models/classification__easy__himanshunakrani_naive-bayes-classification-data__Naive-Bayes-Classification-Data_cleaned.pkl,3.0,"['1:load_csv', '2:train_classification_model', '3:evaluate_classification_model']",,,,,,,,,,,,,,
classification__easy__himanshunakrani_naive-bayes-classification-data__Naive-Bayes-Classification-Data_cleaned,classification__easy__himanshunakrani_naive-bayes-classification-data__Naive-Bayes-Classification-Data_cleaned__variant_04_of_05.json,classification,,,success,,,,,,,,,/home/joshua/Code/ai_projects/amalia/backend/data/uploads/datasets/classification/easy/himanshunakrani_naive-bayes-classification-data/Naive-Bayes-Classification-Data_cleaned.csv,,1.0,['1:load_csv'],,,,,,,,,,,,,,
classification__easy__himanshunakrani_naive-bayes-classification-data__Naive-Bayes-Classification-Data_cleaned,classification__easy__himanshunakrani_naive-bayes-classification-data__Naive-Bayes-Classification-Data_cleaned__variant_05_of_05.json,classification,diabetes,logistic,success,,0.8286,0.8571,0.912,0.8837,175.0,2.0,True,/home/joshua/Code/ai_projects/amalia/backend/data/uploads/datasets/classification/easy/himanshunakrani_naive-bayes-classification-data/Naive-Bayes-Classification-Data_cleaned.csv,/home/joshua/Code/ai_projects/amalia/data/batch_results/resilient_execution/models/classification__easy__himanshunakrani_naive-bayes-classification-data__Naive-Bayes-Classification-Data_cleaned.pkl,3.0,"['1:load_csv', '2:train_classification_model', '3:evaluate_classification_model']",,,,,,,,,,,,,,
classification__easy__mahmoudshaheen1134_heart-disease-data__heart disease,classification__easy__mahmoudshaheen1134_heart-disease-data__heart disease__variant_01_of_05.json,classification,target,logistic,success,,0.868,0.8531,0.9152,0.883,303.0,2.0,True,/home/joshua/Code/ai_projects/amalia/backend/data/uploads/datasets/classification/easy/mahmoudshaheen1134_heart-disease-data/heart disease.csv,/home/joshua/Code/ai_projects/amalia/data/batch_results/resilient_execution/models/classification__easy__mahmoudshaheen1134_heart-disease-data__heart disease.pkl,3.0,"['1:load_csv', '2:train_classification_model', '3:evaluate_classification_model']",,,,,,,,,,,,,,
classification__easy__mahmoudshaheen1134_heart-disease-data__heart disease,classification__easy__mahmoudshaheen1134_heart-disease-data__heart disease__variant_02_of_05.json,classification,,,success,,,,,,,,,/home/joshua/Code/ai_projects/amalia/backend/data/uploads/datasets/classification/easy/mahmoudshaheen1134_heart-disease-data/heart disease.csv,,0.0,[],,,,,,,,,,,,,,
classification__easy__mahmoudshaheen1134_heart-disease-data__heart disease,classification__easy__mahmoudshaheen1134_heart-disease-data__heart disease__variant_03_of_05.json,classification,target,logistic,success,,0.868,0.8531,0.9152,0.883,303.0,2.0,True,/home/joshua/Code/ai_projects/amalia/backend/data/uploads/datasets/classification/easy/mahmoudshaheen1134_heart-disease-data/heart disease.csv,/home/joshua/Code/ai_projects/amalia/data/batch_results/resilient_execution/models/classification__easy__mahmoudshaheen1134_heart-disease-data__heart disease.pkl,3.0,"['1:load_csv', '2:train_classification_model', '3:evaluate_classification_model']",,,,,,,,,,,,,,
classification__easy__mahmoudshaheen1134_heart-disease-data__heart disease,classification__easy__mahmoudshaheen1134_heart-disease-data__heart disease__variant_04_of_05.json,classification,target,logistic,success,,0.868,0.8531,0.9152,0.883,303.0,2.0,True,/home/joshua/Code/ai_projects/amalia/backend/data/uploads/datasets/classification/easy/mahmoudshaheen1134_heart-disease-data/heart disease.csv,/home/joshua/Code/ai_projects/amalia/data/batch_results/resilient_execution/models/classification__easy__mahmoudshaheen1134_heart-disease-data__heart disease.pkl,3.0,"['1:load_csv', '2:train_classification_model', '3:evaluate_classification_model']",,,,,,,,,,,,,,
classification__easy__mahmoudshaheen1134_heart-disease-data__heart disease,classification__easy__mahmoudshaheen1134_heart-disease-data__heart disease__variant_05_of_05.json,classification,,,failed,invalid literal for int() with base 10: '0.80.80.80.80.80.80.80.80.80.80.80.80.80.80.80.80.80.80.80.80.80.80.80.80.80.80.80.80.80.80.80.80.80.80.80.80.80.80.80.80.80.80.80.80.80.80.80.80.80.80.80.80.80.80.80.80.80.80.80.80.80.80.80.80.80.80,,,,,,,,,,,,,,,,,,,,,,,,,
classification__easy__priyanshusethi_happiness-classification-dataset__happydata,classification__easy__priyanshusethi_happiness-classification-dataset__happydata__variant_01_of_05.json,classification,happy,logistic,success,,0.6014,0.6111,0.7143,0.6587,143.0,2.0,True,/home/joshua/Code/ai_projects/amalia/backend/data/uploads/datasets/classification/easy/priyanshusethi_happiness-classification-dataset/happydata.csv,/home/joshua/Code/ai_projects/amalia/data/batch_results/resilient_execution/models/classification__easy__priyanshusethi_happiness-classification-dataset__happydata.pkl,2.0,"['1:train_classification_model', '1:evaluate_classification_model']",,,,,,,,,,,,,,
classification__easy__priyanshusethi_happiness-classification-dataset__happydata,classification__easy__priyanshusethi_happiness-classification-dataset__happydata__variant_02_of_05.json,classification,happy,logistic,success,,0.6014,0.6111,0.7143,0.6587,143.0,2.0,True,/home/joshua/Code/ai_projects/amalia/backend/data/uploads/datasets/classification/easy/priyanshusethi_happiness-classification-dataset/happydata.csv,/home/joshua/Code/ai_projects/amalia/data/batch_results/resilient_execution/models/classification__easy__priyanshusethi_happiness-classification-dataset__happydata.pkl,3.0,"['1:load_csv', '2:train_classification_model', '3:evaluate_classification_model']",,,,,,,,,,,,,,
classification__easy__priyanshusethi_happiness-classification-dataset__happydata,classification__easy__priyanshusethi_happiness-classification-dataset__happydata__variant_03_of_05.json,classification,,,success,,,,,,,,,/home/joshua/Code/ai_projects/amalia/backend/data/uploads/datasets/classification/easy/priyanshusethi_happiness-classification-dataset/happydata.csv,,1.0,['1:remove_duplicates'],,,,,,,,,,,,,,
classification__easy__priyanshusethi_happiness-classification-dataset__happydata,classification__easy__priyanshusethi_happiness-classification-dataset__happydata__variant_04_of_05.json,classification,happy,gradient_boosting,success,,,,,,29.0,2.0,,/home/joshua/Code/ai_projects/amalia/backend/data/uploads/datasets/classification/easy/priyanshusethi_happiness-classification-dataset/happydata.csv,/home/joshua/Code/ai_projects/amalia/data/batch_results/resilient_execution/models/classification__easy__priyanshusethi_happiness-classification-dataset__happydata.pkl,2.0,"['2:train_classification_model', '3:train_classification_model']",classification,0.8947,0.6552,0.2396,114.0,"['infoavail', 'housecost', 'schoolquality', 'policetrust', 'streetquality', 'ëvents']",/home/joshua/Code/ai_projects/amalia/data/batch_results/resilient_execution/models/classification__easy__priyanshusethi_happiness-classification-dataset__happydata.pkl,,,,,,,
classification__easy__priyanshusethi_happiness-classification-dataset__happydata,classification__easy__priyanshusethi_happiness-classification-dataset__happydata__variant_05_of_05.json,classification,happy,logistic,success,,0.6014,0.6111,0.7143,0.6587,143.0,2.0,True,/home/joshua/Code/ai_projects/amalia/backend/data/uploads/datasets/classification/easy/priyanshusethi_happiness-classification-dataset/happydata.csv,/home/joshua/Code/ai_projects/amalia/data/batch_results/resilient_execution/models/classification__easy__priyanshusethi_happiness-classification-dataset__happydata.pkl,2.0,"['2:train_classification_model', '3:evaluate_classification_model']",,,,,,,,,,,,,,
classification__easy__ritwikb3_heart-disease-cleveland__Heart_disease_cleveland_new,classification__easy__ritwikb3_heart-disease-cleveland__Heart_disease_cleveland_new__variant_01_of_05.json,classification,target,logistic,success,,0.8482,0.8605,0.7986,0.8284,303.0,2.0,True,/home/joshua/Code/ai_projects/amalia/backend/data/uploads/datasets/classification/easy/ritwikb3_heart-disease-cleveland/Heart_disease_cleveland_new.csv,/home/joshua/Code/ai_projects/amalia/data/batch_results/resilient_execution/models/classification__easy__ritwikb3_heart-disease-cleveland__Heart_disease_cleveland_new.pkl,3.0,"['1:load_csv', '2:train_classification_model', '3:evaluate_classification_model']",,,,,,,,,,,,,,
classification__easy__ritwikb3_heart-disease-cleveland__Heart_disease_cleveland_new,classification__easy__ritwikb3_heart-disease-cleveland__Heart_disease_cleveland_new__variant_02_of_05.json,classification,target,logistic,success,,0.8482,0.8605,0.7986,0.8284,303.0,2.0,True,/home/joshua/Code/ai_projects/amalia/backend/data/uploads/datasets/classification/easy/ritwikb3_heart-disease-cleveland/Heart_disease_cleveland_new.csv,/home/joshua/Code/ai_projects/amalia/data/batch_results/resilient_execution/models/classification__easy__ritwikb3_heart-disease-cleveland__Heart_disease_cleveland_new.pkl,3.0,"['1:load_csv', '2:train_classification_model', '3:evaluate_classification_model']",,,,,,,,,,,,,,
classification__easy__ritwikb3_heart-disease-cleveland__Heart_disease_cleveland_new,classification__easy__ritwikb3_heart-disease-cleveland__Heart_disease_cleveland_new__variant_03_of_05.json,classification,target,logistic,success,,0.8482,0.8605,0.7986,0.8284,303.0,2.0,True,/home/joshua/Code/ai_projects/amalia/backend/data/uploads/datasets/classification/easy/ritwikb3_heart-disease-cleveland/Heart_disease_cleveland_new.csv,/home/joshua/Code/ai_projects/amalia/data/batch_results/resilient_execution/models/classification__easy__ritwikb3_heart-disease-cleveland__Heart_disease_cleveland_new.pkl,3.0,"['1:load_csv', '2:train_classification_model', '3:evaluate_classification_model']",,,,,,,,,,,,,,
classification__easy__ritwikb3_heart-disease-cleveland__Heart_disease_cleveland_new,classification__easy__ritwikb3_heart-disease-cleveland__Heart_disease_cleveland_new__variant_04_of_05.json,classification,target,logistic,success,,0.8482,0.8605,0.7986,0.8284,303.0,2.0,True,/home/joshua/Code/ai_projects/amalia/backend/data/uploads/datasets/classification/easy/ritwikb3_heart-disease-cleveland/Heart_disease_cleveland_new.csv,/home/joshua/Code/ai_projects/amalia/data/batch_results/resilient_execution/models/classification__easy__ritwikb3_heart-disease-cleveland__Heart_disease_cleveland_new.pkl,3.0,"['1:load_csv', '2:train_classification_model', '3:evaluate_classification_model']",,,,,,,,,,,,,,
classification__easy__ritwikb3_heart-disease-cleveland__Heart_disease_cleveland_new,classification__easy__ritwikb3_heart-disease-cleveland__Heart_disease_cleveland_new__variant_05_of_05.json,classification,target,decision_tree,success,,0.8614,0.9008,0.7842,0.8385,303.0,2.0,True,/home/joshua/Code/ai_projects/amalia/backend/data/uploads/datasets/classification/easy/ritwikb3_heart-disease-cleveland/Heart_disease_cleveland_new.csv,/home/joshua/Code/ai_projects/amalia/data/batch_results/resilient_execution/models/classification__easy__ritwikb3_heart-disease-cleveland__Heart_disease_cleveland_new.pkl,2.0,"['2:train_classification_model', '3:evaluate_classification_model']",,,,,,,,,,,,,,
classification__easy__ritwikb3_heart-disease-statlog__Heart_disease_statlog,classification__easy__ritwikb3_heart-disease-statlog__Heart_disease_statlog__variant_01_of_05.json,classification,target,logistic,success,,0.8593,0.8661,0.8083,0.8362,270.0,2.0,True,/home/joshua/Code/ai_projects/amalia/backend/data/uploads/datasets/classification/easy/ritwikb3_heart-disease-statlog/Heart_disease_statlog.csv,/home/joshua/Code/ai_projects/amalia/data/batch_results/resilient_execution/models/classification__easy__ritwikb3_heart-disease-statlog__Heart_disease_statlog.pkl,3.0,"['1:load_csv', '2:train_classification_model', '3:evaluate_classification_model']",,,,,,,,,,,,,,
classification__easy__ritwikb3_heart-disease-statlog__Heart_disease_statlog,classification__easy__ritwikb3_heart-disease-statlog__Heart_disease_statlog__variant_02_of_05.json,classification,target,logistic,success,,0.8593,0.8661,0.8083,0.8362,270.0,2.0,True,/home/joshua/Code/ai_projects/amalia/backend/data/uploads/datasets/classification/easy/ritwikb3_heart-disease-statlog/Heart_disease_statlog.csv,/home/joshua/Code/ai_projects/amalia/data/batch_results/resilient_execution/models/classification__easy__ritwikb3_heart-disease-statlog__Heart_disease_statlog.pkl,3.0,"['1:load_csv', '2:train_classification_model', '3:evaluate_classification_model']",,,,,,,,,,,,,,
classification__easy__ritwikb3_heart-disease-statlog__Heart_disease_statlog,classification__easy__ritwikb3_heart-disease-statlog__Heart_disease_statlog__variant_03_of_05.json,classification,target,logistic,success,,0.8593,0.8661,0.8083,0.8362,270.0,2.0,True,/home/joshua/Code/ai_projects/amalia/backend/data/uploads/datasets/classification/easy/ritwikb3_heart-disease-statlog/Heart_disease_statlog.csv,/home/joshua/Code/ai_projects/amalia/data/batch_results/resilient_execution/models/classification__easy__ritwikb3_heart-disease-statlog__Heart_disease_statlog.pkl,3.0,"['1:load_csv', '2:train_classification_model', '3:evaluate_classification_model']",,,,,,,,,,,,,,
classification__easy__ritwikb3_heart-disease-statlog__Heart_disease_statlog,classification__easy__ritwikb3_heart-disease-statlog__Heart_disease_statlog__variant_04_of_05.json,classification,target,logistic,success,,0.8593,0.8661,0.8083,0.8362,270.0,2.0,True,/home/joshua/Code/ai_projects/amalia/backend/data/uploads/datasets/classification/easy/ritwikb3_heart-disease-statlog/Heart_disease_statlog.csv,/home/joshua/Code/ai_projects/amalia/data/batch_results/resilient_execution/models/classification__easy__ritwikb3_heart-disease-statlog__Heart_disease_statlog.pkl,3.0,"['1:load_csv', '2:train_classification_model', '3:evaluate_classification_model']",,,,,,,,,,,,,,
classification__easy__ritwikb3_heart-disease-statlog__Heart_disease_statlog,classification__easy__ritwikb3_heart-disease-statlog__Heart_disease_statlog__variant_05_of_05.json,classification,,,success,,,,,,,,,/home/joshua/Code/ai_projects/amalia/backend/data/uploads/datasets/classification/easy/ritwikb3_heart-disease-statlog/Heart_disease_statlog.csv,,0.0,[],,,,,,,,,,,,,,
classification__easy__robikscube_eye-state-classification-eeg-dataset__EEG_Eye_State_Classification,classification__easy__robikscube_eye-state-classification-eeg-dataset__EEG_Eye_State_Classification__variant_01_of_05.json,classification,eyeDetection,logistic,success,,0.6434,0.6417,0.4651,0.5393,14980.0,2.0,True,/home/joshua/Code/ai_projects/amalia/backend/data/uploads/datasets/classification/easy/robikscube_eye-state-classification-eeg-dataset/EEG_Eye_State_Classification.csv,/home/joshua/Code/ai_projects/amalia/data/batch_results/resilient_execution/models/classification__easy__robikscube_eye-state-classification-eeg-dataset__EEG_Eye_State_Classification.pkl,3.0,"['1:load_csv', '2:train_classification_model', '3:evaluate_classification_model']",,,,,,,,,,,,,,
classification__easy__robikscube_eye-state-classification-eeg-dataset__EEG_Eye_State_Classification,classification__easy__robikscube_eye-state-classification-eeg-dataset__EEG_Eye_State_Classification__variant_02_of_05.json,classification,eyeDetection,random_forest,success,,,,,,2996.0,2.0,,/home/joshua/Code/ai_projects/amalia/backend/data/uploads/datasets/classification/easy/robikscube_eye-state-classification-eeg-dataset/EEG_Eye_State_Classification.csv,/home/joshua/Code/ai_projects/amalia/data/batch_results/resilient_execution/models/classification__easy__robikscube_eye-state-classification-eeg-dataset__EEG_Eye_State_Classification.pkl,2.0,"['1:load_csv', '2:train_classification_model']",classification,1.0,0.9212,0.0788,11984.0,"['AF3', 'F7', 'F3', 'FC5', 'T7', 'P7', 'O1', 'O2', 'P8', 'T8', 'FC6', 'F4', 'F8', 'AF4']",/home/joshua/Code/ai_projects/amalia/data/batch_results/resilient_execution/models/classification__easy__robikscube_eye-state-classification-eeg-dataset__EEG_Eye_State_Classification.pkl,,,,,,,
classification__easy__robikscube_eye-state-classification-eeg-dataset__EEG_Eye_State_Classification,classification__easy__robikscube_eye-state-classification-eeg-dataset__EEG_Eye_State_Classification__variant_03_of_05.json,classification,,,success,,,,,,,,,/home/joshua/Code/ai_projects/amalia/backend/data/uploads/datasets/classification/easy/robikscube_eye-state-classification-eeg-dataset/EEG_Eye_State_Classification.csv,,0.0,[],,,,,,,,,,,,,,
classification__easy__robikscube_eye-state-classification-eeg-dataset__EEG_Eye_State_Classification,classification__easy__robikscube_eye-state-classification-eeg-dataset__EEG_Eye_State_Classification__variant_04_of_05.json,classification,eyeDetection,logistic,success,,0.6434,0.6417,0.4651,0.5393,14980.0,2.0,True,/home/joshua/Code/ai_projects/amalia/backend/data/uploads/datasets/classification/easy/robikscube_eye-state-classification-eeg-dataset/EEG_Eye_State_Classification.csv,/home/joshua/Code/ai_projects/amalia/data/batch_results/resilient_execution/models/classification__easy__robikscube_eye-state-classification-eeg-dataset__EEG_Eye_State_Classification.pkl,3.0,"['1:load_csv', '2:train_classification_model', '3:evaluate_classification_model']",,,,,,,,,,,,,,
classification__easy__robikscube_eye-state-classification-eeg-dataset__EEG_Eye_State_Classification,classification__easy__robikscube_eye-state-classification-eeg-dataset__EEG_Eye_State_Classification__variant_05_of_05.json,classification,eyeDetection,logistic,success,,0.6434,0.6417,0.4651,0.5393,14980.0,2.0,True,/home/joshua/Code/ai_projects/amalia/backend/data/uploads/datasets/classification/easy/robikscube_eye-state-classification-eeg-dataset/EEG_Eye_State_Classification.csv,/home/joshua/Code/ai_projects/amalia/data/batch_results/resilient_execution/models/classification__easy__robikscube_eye-state-classification-eeg-dataset__EEG_Eye_State_Classification.pkl,3.0,"['1:load_csv', '2:train_classification_model', '3:evaluate_classification_model']",,,,,,,,,,,,,,
classification__easy__uciml_glass__glass,classification__easy__uciml_glass__glass__variant_01_of_05.json,classification,Type,logistic,success,,0.6402,0.5929,0.6402,0.6078,214.0,6.0,False,/home/joshua/Code/ai_projects/amalia/backend/data/uploads/datasets/classification/easy/uciml_glass/glass.csv,/home/joshua/Code/ai_projects/amalia/data/batch_results/resilient_execution/models/classification__easy__uciml_glass__glass.pkl,3.0,"['1:load_csv', '2:train_classification_model', '3:evaluate_classification_model']",,,,,,,,,,,,,,
classification__easy__uciml_glass__glass,classification__easy__uciml_glass__glass__variant_02_of_05.json,classification,Type,random_forest,success,,0.9673,0.9686,0.9673,0.9668,214.0,6.0,False,/home/joshua/Code/ai_projects/amalia/backend/data/uploads/datasets/classification/easy/uciml_glass/glass.csv,/home/joshua/Code/ai_projects/amalia/data/batch_results/resilient_execution/models/classification__easy__uciml_glass__glass.pkl,3.0,"['1:load_csv', '2:train_classification_model', '3:evaluate_classification_model']",,,,,,,,,,,,,,
classification__easy__uciml_glass__glass,classification__easy__uciml_glass__glass__variant_03_of_05.json,classification,Type,logistic,success,,0.6402,0.5929,0.6402,0.6078,214.0,6.0,False,/home/joshua/Code/ai_projects/amalia/backend/data/uploads/datasets/classification/easy/uciml_glass/glass.csv,/home/joshua/Code/ai_projects/amalia/data/batch_results/resilient_execution/models/classification__easy__uciml_glass__glass.pkl,3.0,"['1:load_csv', '2:train_classification_model', '3:evaluate_classification_model']",,,,,,,,,,,,,,
classification__easy__uciml_glass__glass,classification__easy__uciml_glass__glass__variant_04_of_05.json,classification,Type,random_forest,success,,,,,,43.0,6.0,,/home/joshua/Code/ai_projects/amalia/backend/data/uploads/datasets/classification/easy/uciml_glass/glass.csv,/home/joshua/Code/ai_projects/amalia/data/batch_results/resilient_execution/models/classification__easy__uciml_glass__glass.pkl,3.0,"['1:load_csv', '2:handle_missing_values', '3:train_classification_model']",classification,1.0,0.6977,0.3023,171.0,"['RI', 'Na', 'Mg', 'Al', 'Si', 'K', 'Ca', 'Ba', 'Fe']",/home/joshua/Code/ai_projects/amalia/data/batch_results/resilient_execution/models/classification__easy__uciml_glass__glass.pkl,,,,,,,
classification__easy__uciml_glass__glass,classification__easy__uciml_glass__glass__variant_05_of_05.json,classification,,,success,,,,,,,,,/home/joshua/Code/ai_projects/amalia/backend/data/uploads/datasets/classification/easy/uciml_glass/glass.csv,,1.0,['1:load_csv'],,,,,,,,,,,,,,
classification__easy__yasserh_heart-disease-dataset__heart,classification__easy__yasserh_heart-disease-dataset__heart__variant_01_of_05.json,classification,target,logistic,success,,0.868,0.8531,0.9152,0.883,303.0,2.0,True,/home/joshua/Code/ai_projects/amalia/backend/data/uploads/datasets/classification/easy/yasserh_heart-disease-dataset/heart.csv,/home/joshua/Code/ai_projects/amalia/data/batch_results/resilient_execution/models/classification__easy__yasserh_heart-disease-dataset__heart.pkl,3.0,"['1:load_csv', '2:train_classification_model', '3:evaluate_classification_model']",,,,,,,,,,,,,,
classification__easy__yasserh_heart-disease-dataset__heart,classification__easy__yasserh_heart-disease-dataset__heart__variant_02_of_05.json,classification,target,logistic,success,,0.868,0.8531,0.9152,0.883,303.0,2.0,True,/home/joshua/Code/ai_projects/amalia/backend/data/uploads/datasets/classification/easy/yasserh_heart-disease-dataset/heart.csv,/home/joshua/Code/ai_projects/amalia/data/batch_results/resilient_execution/models/classification__easy__yasserh_heart-disease-dataset__heart.pkl,3.0,"['1:load_csv', '2:train_classification_model', '3:evaluate_classification_model']",,,,,,,,,,,,,,
classification__easy__yasserh_heart-disease-dataset__heart,classification__easy__yasserh_heart-disease-dataset__heart__variant_03_of_05.json,classification,target,logistic,success,,0.868,0.8531,0.9152,0.883,303.0,2.0,True,/home/joshua/Code/ai_projects/amalia/backend/data/uploads/datasets/classification/easy/yasserh_heart-disease-dataset/heart.csv,/home/joshua/Code/ai_projects/amalia/data/batch_results/resilient_execution/models/classification__easy__yasserh_heart-disease-dataset__heart.pkl,3.0,"['1:load_csv', '2:train_classification_model', '3:evaluate_classification_model']",,,,,,,,,,,,,,
classification__easy__yasserh_heart-disease-dataset__heart,classification__easy__yasserh_heart-disease-dataset__heart__variant_04_of_05.json,classification,target,logistic,success,,0.868,0.8531,0.9152,0.883,303.0,2.0,True,/home/joshua/Code/ai_projects/amalia/backend/data/uploads/datasets/classification/easy/yasserh_heart-disease-dataset/heart.csv,/home/joshua/Code/ai_projects/amalia/data/batch_results/resilient_execution/models/classification__easy__yasserh_heart-disease-dataset__heart.pkl,3.0,"['1:load_csv', '2:train_classification_model', '3:evaluate_classification_model']",,,,,,,,,,,,,,
classification__easy__yasserh_heart-disease-dataset__heart,classification__easy__yasserh_heart-disease-dataset__heart__variant_05_of_05.json,classification,target,logistic,success,,0.868,0.8531,0.9152,0.883,303.0,2.0,True,/home/joshua/Code/ai_projects/amalia/backend/data/uploads/datasets/classification/easy/yasserh_heart-disease-dataset/heart.csv,/home/joshua/Code/ai_projects/amalia/data/batch_results/resilient_execution/models/classification__easy__yasserh_heart-disease-dataset__heart.pkl,3.0,"['1:load_csv', '2:train_classification_model', '3:evaluate_classification_model']",,,,,,,,,,,,,,
classification__easy__yasserh_wine-quality-dataset__WineQT,classification__easy__yasserh_wine-quality-dataset__WineQT__variant_01_of_05.json,regression,Id,linear,success,,,,,,1143.0,,,/home/joshua/Code/ai_projects/amalia/backend/data/uploads/datasets/classification/easy/yasserh_wine-quality-dataset/WineQT.csv,/home/joshua/Code/ai_projects/amalia/data/batch_results/resilient_execution/models/classification__easy__yasserh_wine-quality-dataset__WineQT.pkl,3.0,"['1:load_csv', '2:train_regression_model', '3:evaluate_regression_model']",,,,,,,,0.2011,171847.7495,414.5452,339.8084,,,
classification__easy__yasserh_wine-quality-dataset__WineQT,classification__easy__yasserh_wine-quality-dataset__WineQT__variant_02_of_05.json,regression,Id,linear,success,,,,,,1143.0,,,/home/joshua/Code/ai_projects/amalia/backend/data/uploads/datasets/classification/easy/yasserh_wine-quality-dataset/WineQT.csv,/home/joshua/Code/ai_projects/amalia/data/batch_results/resilient_execution/models/classification__easy__yasserh_wine-quality-dataset__WineQT.pkl,3.0,"['1:load_csv', '2:train_regression_model', '3:evaluate_regression_model']",,,,,,,,0.2011,171847.7495,414.5452,339.8084,,,
classification__easy__yasserh_wine-quality-dataset__WineQT,classification__easy__yasserh_wine-quality-dataset__WineQT__variant_03_of_05.json,regression,Id,linear,success,,,,,,1143.0,,,/home/joshua/Code/ai_projects/amalia/backend/data/uploads/datasets/classification/easy/yasserh_wine-quality-dataset/WineQT.csv,/home/joshua/Code/ai_projects/amalia/data/batch_results/resilient_execution/models/classification__easy__yasserh_wine-quality-dataset__WineQT.pkl,3.0,"['1:load_csv', '2:train_regression_model', '3:evaluate_regression_model']",,,,,,,,0.2011,171847.7495,414.5452,339.8084,,,
classification__easy__yasserh_wine-quality-dataset__WineQT,classification__easy__yasserh_wine-quality-dataset__WineQT__variant_04_of_05.json,classification,quality,knn,success,,0.8976,0.8983,0.8976,0.8976,1143.0,6.0,False,/home/joshua/Code/ai_projects/amalia/backend/data/uploads/datasets/classification/easy/yasserh_wine-quality-dataset/WineQT.csv,/home/joshua/Code/ai_projects/amalia/data/batch_results/resilient_execution/models/classification__easy__yasserh_wine-quality-dataset__WineQT.pkl,5.0,"['2:train_classification_model', '2:train_classification_model', '2:train_classification_model', '2:train_classification_model', '4:evaluate_classification_model']",,,,,,,,,,,,,,
classification__easy__yasserh_wine-quality-dataset__WineQT,classification__easy__yasserh_wine-quality-dataset__WineQT__variant_05_of_05.json,regression,Id,linear,success,,,,,,1143.0,,,/home/joshua/Code/ai_projects/amalia/backend/data/uploads/datasets/classification/easy/yasserh_wine-quality-dataset/WineQT.csv,/home/joshua/Code/ai_projects/amalia/data/batch_results/resilient_execution/models/classification__easy__yasserh_wine-quality-dataset__WineQT.pkl,3.0,"['1:load_csv', '2:train_regression_model', '3:evaluate_regression_model']",,,,,,,,0.2011,171847.7495,414.5452,339.8084,,,
classification__hard__abhishek14398_loan-dataset__loan,classification__hard__abhishek14398_loan-dataset__loan__variant_01_of_05.json,classification,total_il_high_credit_limit,naive_bayes,failed,Input y contains NaN.,,,,,,,,,,,,,,,,,,,,,,,,,
classification__hard__abhishek14398_loan-dataset__loan,classification__hard__abhishek14398_loan-dataset__loan__variant_02_of_05.json,classification,total_il_high_credit_limit,naive_bayes,failed,Input y contains NaN.,,,,,,,,,,,,,,,,,,,,,,,,,
classification__hard__abhishek14398_loan-dataset__loan,classification__hard__abhishek14398_loan-dataset__loan__variant_03_of_05.json,classification,total_il_high_credit_limit,naive_bayes,failed,Input y contains NaN.,,,,,,,,,,,,,,,,,,,,,,,,,
classification__hard__abhishek14398_loan-dataset__loan,classification__hard__abhishek14398_loan-dataset__loan__variant_04_of_05.json,classification,total_il_high_credit_limit,naive_bayes,failed,Input y contains NaN.,,,,,,,,,,,,,,,,,,,,,,,,,
classification__hard__abhishek14398_loan-dataset__loan,classification__hard__abhishek14398_loan-dataset__loan__variant_05_of_05.json,classification,total_il_high_credit_limit,naive_bayes,failed,Input y contains NaN.,,,,,,,,,,,,,,,,,,,,,,,,,
classification__hard__andrewmvd_cyberbullying-classification__cyberbullying_tweets,classification__hard__andrewmvd_cyberbullying-classification__cyberbullying_tweets__variant_01_of_05.json,classification,cyberbullying_type,logistic,success,,,,,,4000.0,6.0,,/home/joshua/Code/ai_projects/amalia/backend/data/uploads/datasets/classification/hard/andrewmvd_cyberbullying-classification/cyberbullying_tweets.csv,/home/joshua/Code/ai_projects/amalia/data/batch_results/resilient_execution/models/classification__hard__andrewmvd_cyberbullying-classification__cyberbullying_tweets.pkl,2.0,"['1:load_csv', '3:train_classification_model']",classification,0.8906,0.888,0.0026,16000.0,['tweet_text'],/home/joshua/Code/ai_projects/amalia/data/batch_results/resilient_execution/models/classification__hard__andrewmvd_cyberbullying-classification__cyberbullying_tweets.pkl,,,,,,,
classification__hard__andrewmvd_cyberbullying-classification__cyberbullying_tweets,classification__hard__andrewmvd_cyberbullying-classification__cyberbullying_tweets__variant_02_of_05.json,classification,label,random_forest,failed,train_classification_model: Target column 'label' not found,,,,,,,,,,,,,,,,,,,,,,,,,
classification__hard__andrewmvd_cyberbullying-classification__cyberbullying_tweets,classification__hard__andrewmvd_cyberbullying-classification__cyberbullying_tweets__variant_03_of_05.json,classification,cyberbullying_type,logistic,success,,0.8899,0.8949,0.8899,0.8889,47692.0,6.0,False,/home/joshua/Code/ai_projects/amalia/backend/data/uploads/datasets/classification/hard/andrewmvd_cyberbullying-classification/cyberbullying_tweets.csv,/home/joshua/Code/ai_projects/amalia/data/batch_results/resilient_execution/models/classification__hard__andrewmvd_cyberbullying-classification__cyberbullying_tweets.pkl,3.0,"['1:load_csv', '2:train_classification_model', '3:evaluate_classification_model']",,,,,,,,,,,,,,
classification__hard__andrewmvd_cyberbullying-classification__cyberbullying_tweets,classification__hard__andrewmvd_cyberbullying-classification__cyberbullying_tweets__variant_04_of_05.json,classification,cyberbullying_type,logistic,success,,0.8899,0.8949,0.8899,0.8889,47692.0,6.0,False,/home/joshua/Code/ai_projects/amalia/backend/data/uploads/datasets/classification/hard/andrewmvd_cyberbullying-classification/cyberbullying_tweets.csv,/home/joshua/Code/ai_projects/amalia/data/batch_results/resilient_execution/models/classification__hard__andrewmvd_cyberbullying-classification__cyberbullying_tweets.pkl,3.0,"['1:load_csv', '2:train_classification_model', '3:evaluate_classification_model']",,,,,,,,,,,,,,
classification__hard__andrewmvd_cyberbullying-classification__cyberbullying_tweets,classification__hard__andrewmvd_cyberbullying-classification__cyberbullying_tweets__variant_05_of_05.json,classification,,,success,,,,,,,,,/home/joshua/Code/ai_projects/amalia/backend/data/uploads/datasets/classification/hard/andrewmvd_cyberbullying-classification/cyberbullying_tweets.csv,,0.0,[],,,,,,,,,,,,,,
classification__hard__balaka18_email-spam-classification-dataset-csv__emails,classification__hard__balaka18_email-spam-classification-dataset-csv__emails__variant_01_of_05.json,classification,target,svm,success,,0.987,0.9743,0.987,0.9806,5172.0,7.0,False,/home/joshua/Code/ai_projects/amalia/backend/data/uploads/datasets/classification/hard/balaka18_email-spam-classification-dataset-csv/emails.csv,/home/joshua/Code/ai_projects/amalia/data/batch_results/resilient_execution/models/classification__hard__balaka18_email-spam-classification-dataset-csv__emails.pkl,3.0,"['1:load_csv', '2:train_classification_model', '3:evaluate_classification_model']",,,,,,,,,,,,,,
classification__hard__balaka18_email-spam-classification-dataset-csv__emails,classification__hard__balaka18_email-spam-classification-dataset-csv__emails__variant_02_of_05.json,classification,target,svm,success,,0.987,0.9743,0.987,0.9806,5172.0,7.0,False,/home/joshua/Code/ai_projects/amalia/backend/data/uploads/datasets/classification/hard/balaka18_email-spam-classification-dataset-csv/emails.csv,/home/joshua/Code/ai_projects/amalia/data/batch_results/resilient_execution/models/classification__hard__balaka18_email-spam-classification-dataset-csv__emails.pkl,3.0,"['1:load_csv', '2:train_classification_model', '3:evaluate_classification_model']",,,,,,,,,,,,,,
classification__hard__balaka18_email-spam-classification-dataset-csv__emails,classification__hard__balaka18_email-spam-classification-dataset-csv__emails__variant_03_of_05.json,classification,target,svm,success,,0.987,0.9743,0.987,0.9806,5172.0,7.0,False,/home/joshua/Code/ai_projects/amalia/backend/data/uploads/datasets/classification/hard/balaka18_email-spam-classification-dataset-csv/emails.csv,/home/joshua/Code/ai_projects/amalia/data/batch_results/resilient_execution/models/classification__hard__balaka18_email-spam-classification-dataset-csv__emails.pkl,3.0,"['1:load_csv', '2:train_classification_model', '3:evaluate_classification_model']",,,,,,,,,,,,,,
classification__hard__balaka18_email-spam-classification-dataset-csv__emails,classification__hard__balaka18_email-spam-classification-dataset-csv__emails__variant_04_of_05.json,classification,target,svm,success,,0.987,0.9743,0.987,0.9806,5172.0,7.0,False,/home/joshua/Code/ai_projects/amalia/backend/data/uploads/datasets/classification/hard/balaka18_email-spam-classification-dataset-csv/emails.csv,/home/joshua/Code/ai_projects/amalia/data/batch_results/resilient_execution/models/classification__hard__balaka18_email-spam-classification-dataset-csv__emails.pkl,3.0,"['1:load_csv', '2:train_classification_model', '3:evaluate_classification_model']",,,,,,,,,,,,,,
classification__hard__balaka18_email-spam-classification-dataset-csv__emails,classification__hard__balaka18_email-spam-classification-dataset-csv__emails__variant_05_of_05.json,classification,target,svm,success,,0.987,0.9743,0.987,0.9806,5172.0,7.0,False,/home/joshua/Code/ai_projects/amalia/backend/data/uploads/datasets/classification/hard/balaka18_email-spam-classification-dataset-csv/emails.csv,/home/joshua/Code/ai_projects/amalia/data/batch_results/resilient_execution/models/classification__hard__balaka18_email-spam-classification-dataset-csv__emails.pkl,3.0,"['1:load_csv', '2:train_classification_model', '3:evaluate_classification_model']",,,,,,,,,,,,,,
classification__hard__ddosad_ecommerce-customer-service-satisfaction__Customer_support_data,classification__hard__ddosad_ecommerce-customer-service-satisfaction__Customer_support_data__variant_01_of_05.json,classification,CSAT Score,naive_bayes,failed,"Input X contains NaN.
GaussianNB does not accept missing values encoded as NaN natively. For supervised learning, you might want to consider sklearn.ensemble.HistGradientBoostingClassifier and Regressor which accept missing values encoded as NaNs natively. Alternatively, it is possible to preprocess the data, for instance by using an imputer transformer in a pipeline or drop samples with missing values. See https://scikit-learn.org/stable/modules/impute.html You can find a list of all estimators that handle NaN values at the following page: https://scikit-learn.org/stable/modules/impute.html#estimators-that-handle-nan-values",,,,,,,,,,,,,,,,,,,,,,,,,
classification__hard__ddosad_ecommerce-customer-service-satisfaction__Customer_support_data,classification__hard__ddosad_ecommerce-customer-service-satisfaction__Customer_support_data__variant_02_of_05.json,classification,CSAT Score,naive_bayes,failed,"Input X contains NaN.
GaussianNB does not accept missing values encoded as NaN natively. For supervised learning, you might want to consider sklearn.ensemble.HistGradientBoostingClassifier and Regressor which accept missing values encoded as NaNs natively. Alternatively, it is possible to preprocess the data, for instance by using an imputer transformer in a pipeline or drop samples with missing values. See https://scikit-learn.org/stable/modules/impute.html You can find a list of all estimators that handle NaN values at the following page: https://scikit-learn.org/stable/modules/impute.html#estimators-that-handle-nan-values",,,,,,,,,,,,,,,,,,,,,,,,,
classification__hard__ddosad_ecommerce-customer-service-satisfaction__Customer_support_data,classification__hard__ddosad_ecommerce-customer-service-satisfaction__Customer_support_data__variant_03_of_05.json,classification,CSAT Score,naive_bayes,failed,"Input X contains NaN.
GaussianNB does not accept missing values encoded as NaN natively. For supervised learning, you might want to consider sklearn.ensemble.HistGradientBoostingClassifier and Regressor which accept missing values encoded as NaNs natively. Alternatively, it is possible to preprocess the data, for instance by using an imputer transformer in a pipeline or drop samples with missing values. See https://scikit-learn.org/stable/modules/impute.html You can find a list of all estimators that handle NaN values at the following page: https://scikit-learn.org/stable/modules/impute.html#estimators-that-handle-nan-values",,,,,,,,,,,,,,,,,,,,,,,,,
classification__hard__ddosad_ecommerce-customer-service-satisfaction__Customer_support_data,classification__hard__ddosad_ecommerce-customer-service-satisfaction__Customer_support_data__variant_04_of_05.json,classification,CSAT Score,naive_bayes,failed,"Input X contains NaN.
GaussianNB does not accept missing values encoded as NaN natively. For supervised learning, you might want to consider sklearn.ensemble.HistGradientBoostingClassifier and Regressor which accept missing values encoded as NaNs natively. Alternatively, it is possible to preprocess the data, for instance by using an imputer transformer in a pipeline or drop samples with missing values. See https://scikit-learn.org/stable/modules/impute.html You can find a list of all estimators that handle NaN values at the following page: https://scikit-learn.org/stable/modules/impute.html#estimators-that-handle-nan-values",,,,,,,,,,,,,,,,,,,,,,,,,
classification__hard__ddosad_ecommerce-customer-service-satisfaction__Customer_support_data,classification__hard__ddosad_ecommerce-customer-service-satisfaction__Customer_support_data__variant_05_of_05.json,classification,CSAT Score,naive_bayes,failed,"Input X contains NaN.
GaussianNB does not accept missing values encoded as NaN natively. For supervised learning, you might want to consider sklearn.ensemble.HistGradientBoostingClassifier and Regressor which accept missing values encoded as NaNs natively. Alternatively, it is possible to preprocess the data, for instance by using an imputer transformer in a pipeline or drop samples with missing values. See https://scikit-learn.org/stable/modules/impute.html You can find a list of all estimators that handle NaN values at the following page: https://scikit-learn.org/stable/modules/impute.html#estimators-that-handle-nan-values",,,,,,,,,,,,,,,,,,,,,,,,,
classification__hard__hetulmehta_website-classification__website_classification,classification__hard__hetulmehta_website-classification__website_classification__variant_01_of_05.json,classification,Category,logistic,success,,0.5625,0.5527,0.5625,0.5457,1408.0,16.0,False,/home/joshua/Code/ai_projects/amalia/backend/data/uploads/datasets/classification/hard/hetulmehta_website-classification/website_classification.csv,/home/joshua/Code/ai_projects/amalia/data/batch_results/resilient_execution/models/classification__hard__hetulmehta_website-classification__website_classification.pkl,3.0,"['1:load_csv', '2:train_classification_model', '3:evaluate_classification_model']",,,,,,,,,,,,,,
classification__hard__hetulmehta_website-classification__website_classification,classification__hard__hetulmehta_website-classification__website_classification__variant_02_of_05.json,classification,,,success,,,,,,,,,/home/joshua/Code/ai_projects/amalia/backend/data/uploads/datasets/classification/hard/hetulmehta_website-classification/website_classification.csv,,1.0,['1:load_csv'],,,,,,,,,,,,,,
classification__hard__hetulmehta_website-classification__website_classification,classification__hard__hetulmehta_website-classification__website_classification__variant_03_of_05.json,classification,Category,logistic,success,,0.5625,0.5527,0.5625,0.5457,1408.0,16.0,False,/home/joshua/Code/ai_projects/amalia/backend/data/uploads/datasets/classification/hard/hetulmehta_website-classification/website_classification.csv,/home/joshua/Code/ai_projects/amalia/data/batch_results/resilient_execution/models/classification__hard__hetulmehta_website-classification__website_classification.pkl,3.0,"['1:load_csv', '2:train_classification_model', '3:evaluate_classification_model']",,,,,,,,,,,,,,
classification__hard__hetulmehta_website-classification__website_classification,classification__hard__hetulmehta_website-classification__website_classification__variant_04_of_05.json,classification,Category,logistic,success,,0.5625,0.5527,0.5625,0.5457,1408.0,16.0,False,/home/joshua/Code/ai_projects/amalia/backend/data/uploads/datasets/classification/hard/hetulmehta_website-classification/website_classification.csv,/home/joshua/Code/ai_projects/amalia/data/batch_results/resilient_execution/models/classification__hard__hetulmehta_website-classification__website_classification.pkl,3.0,"['1:load_csv', '2:train_classification_model', '3:evaluate_classification_model']",,,,,,,,,,,,,,
classification__hard__hetulmehta_website-classification__website_classification,classification__hard__hetulmehta_website-classification__website_classification__variant_05_of_05.json,classification,Category,logistic,success,,0.5625,0.5527,0.5625,0.5457,1408.0,16.0,False,/home/joshua/Code/ai_projects/amalia/backend/data/uploads/datasets/classification/hard/hetulmehta_website-classification/website_classification.csv,/home/joshua/Code/ai_projects/amalia/data/batch_results/resilient_execution/models/classification__hard__hetulmehta_website-classification__website_classification.pkl,3.0,"['1:load_csv', '2:train_classification_model', '3:evaluate_classification_model']",,,,,,,,,,,,,,
classification__hard__jocelyndumlao_consumer-review-of-clothing-product__Consumer Review of Clothing Product__data_amazon.xlsx - Sheet1,classification__hard__jocelyndumlao_consumer-review-of-clothing-product__Consumer Review of Clothing Product__data_amazon.xlsx - Sheet1__variant_01_of_05.json,classification,Durability,logistic,failed,"Input X contains NaN.
LogisticRegression does not accept missing values encoded as NaN natively. For supervised learning, you might want to consider sklearn.ensemble.HistGradientBoostingClassifier and Regressor which accept missing values encoded as NaNs natively. Alternatively, it is possible to preprocess the data, for instance by using an imputer transformer in a pipeline or drop samples with missing values. See https://scikit-learn.org/stable/modules/impute.html You can find a list of all estimators that handle NaN values at the following page: https://scikit-learn.org/stable/modules/impute.html#estimators-that-handle-nan-values",,,,,,,,,,,,,,,,,,,,,,,,,
classification__hard__jocelyndumlao_consumer-review-of-clothing-product__Consumer Review of Clothing Product__data_amazon.xlsx - Sheet1,classification__hard__jocelyndumlao_consumer-review-of-clothing-product__Consumer Review of Clothing Product__data_amazon.xlsx - Sheet1__variant_02_of_05.json,classification,Durability,logistic,failed,"Input X contains NaN.
LogisticRegression does not accept missing values encoded as NaN natively. For supervised learning, you might want to consider sklearn.ensemble.HistGradientBoostingClassifier and Regressor which accept missing values encoded as NaNs natively. Alternatively, it is possible to preprocess the data, for instance by using an imputer transformer in a pipeline or drop samples with missing values. See https://scikit-learn.org/stable/modules/impute.html You can find a list of all estimators that handle NaN values at the following page: https://scikit-learn.org/stable/modules/impute.html#estimators-that-handle-nan-values",,,,,,,,,,,,,,,,,,,,,,,,,
classification__hard__jocelyndumlao_consumer-review-of-clothing-product__Consumer Review of Clothing Product__data_amazon.xlsx - Sheet1,classification__hard__jocelyndumlao_consumer-review-of-clothing-product__Consumer Review of Clothing Product__data_amazon.xlsx - Sheet1__variant_03_of_05.json,classification,Durability,logistic,failed,"Input X contains NaN.
LogisticRegression does not accept missing values encoded as NaN natively. For supervised learning, you might want to consider sklearn.ensemble.HistGradientBoostingClassifier and Regressor which accept missing values encoded as NaNs natively. Alternatively, it is possible to preprocess the data, for instance by using an imputer transformer in a pipeline or drop samples with missing values. See https://scikit-learn.org/stable/modules/impute.html You can find a list of all estimators that handle NaN values at the following page: https://scikit-learn.org/stable/modules/impute.html#estimators-that-handle-nan-values",,,,,,,,,,,,,,,,,,,,,,,,,
classification__hard__jocelyndumlao_consumer-review-of-clothing-product__Consumer Review of Clothing Product__data_amazon.xlsx - Sheet1,classification__hard__jocelyndumlao_consumer-review-of-clothing-product__Consumer Review of Clothing Product__data_amazon.xlsx - Sheet1__variant_04_of_05.json,classification,Durability,logistic,failed,"Input X contains NaN.
LogisticRegression does not accept missing values encoded as NaN natively. For supervised learning, you might want to consider sklearn.ensemble.HistGradientBoostingClassifier and Regressor which accept missing values encoded as NaNs natively. Alternatively, it is possible to preprocess the data, for instance by using an imputer transformer in a pipeline or drop samples with missing values. See https://scikit-learn.org/stable/modules/impute.html You can find a list of all estimators that handle NaN values at the following page: https://scikit-learn.org/stable/modules/impute.html#estimators-that-handle-nan-values",,,,,,,,,,,,,,,,,,,,,,,,,
classification__hard__jocelyndumlao_consumer-review-of-clothing-product__Consumer Review of Clothing Product__data_amazon.xlsx - Sheet1,classification__hard__jocelyndumlao_consumer-review-of-clothing-product__Consumer Review of Clothing Product__data_amazon.xlsx - Sheet1__variant_05_of_05.json,classification,Durability,logistic,failed,"Input X contains NaN.
LogisticRegression does not accept missing values encoded as NaN natively. For supervised learning, you might want to consider sklearn.ensemble.HistGradientBoostingClassifier and Regressor which accept missing values encoded as NaNs natively. Alternatively, it is possible to preprocess the data, for instance by using an imputer transformer in a pipeline or drop samples with missing values. See https://scikit-learn.org/stable/modules/impute.html You can find a list of all estimators that handle NaN values at the following page: https://scikit-learn.org/stable/modules/impute.html#estimators-that-handle-nan-values",,,,,,,,,,,,,,,,,,,,,,,,,
classification__hard__pashupatigupta_emotion-detection-from-text__tweet_emotions,classification__hard__pashupatigupta_emotion-detection-from-text__tweet_emotions__variant_01_of_05.json,classification,content,logistic,success,,0.0003,0.0,0.0003,0.0,40000.0,39827.0,False,/home/joshua/Code/ai_projects/amalia/backend/data/uploads/datasets/classification/hard/pashupatigupta_emotion-detection-from-text/tweet_emotions.csv,/home/joshua/Code/ai_projects/amalia/data/batch_results/resilient_execution/models/classification__hard__pashupatigupta_emotion-detection-from-text__tweet_emotions.pkl,3.0,"['1:load_csv', '2:train_classification_model', '3:evaluate_classification_model']",,,,,,,,,,,,,,
classification__hard__pashupatigupta_emotion-detection-from-text__tweet_emotions,classification__hard__pashupatigupta_emotion-detection-from-text__tweet_emotions__variant_02_of_05.json,classification,content,logistic,success,,0.0003,0.0,0.0003,0.0,40000.0,39827.0,False,/home/joshua/Code/ai_projects/amalia/backend/data/uploads/datasets/classification/hard/pashupatigupta_emotion-detection-from-text/tweet_emotions.csv,/home/joshua/Code/ai_projects/amalia/data/batch_results/resilient_execution/models/classification__hard__pashupatigupta_emotion-detection-from-text__tweet_emotions.pkl,3.0,"['1:load_csv', '2:train_classification_model', '3:evaluate_classification_model']",,,,,,,,,,,,,,
classification__hard__pashupatigupta_emotion-detection-from-text__tweet_emotions,classification__hard__pashupatigupta_emotion-detection-from-text__tweet_emotions__variant_03_of_05.json,classification,,,success,,,,,,,,,/home/joshua/Code/ai_projects/amalia/backend/data/uploads/datasets/classification/hard/pashupatigupta_emotion-detection-from-text/tweet_emotions.csv,,0.0,[],,,,,,,,,,,,,,
classification__hard__pashupatigupta_emotion-detection-from-text__tweet_emotions,classification__hard__pashupatigupta_emotion-detection-from-text__tweet_emotions__variant_04_of_05.json,classification,content,logistic,success,,0.0003,0.0,0.0003,0.0,40000.0,39827.0,False,/home/joshua/Code/ai_projects/amalia/backend/data/uploads/datasets/classification/hard/pashupatigupta_emotion-detection-from-text/tweet_emotions.csv,/home/joshua/Code/ai_projects/amalia/data/batch_results/resilient_execution/models/classification__hard__pashupatigupta_emotion-detection-from-text__tweet_emotions.pkl,3.0,"['1:load_csv', '2:train_classification_model', '3:evaluate_classification_model']",,,,,,,,,,,,,,
classification__hard__pashupatigupta_emotion-detection-from-text__tweet_emotions,classification__hard__pashupatigupta_emotion-detection-from-text__tweet_emotions__variant_05_of_05.json,classification,content,logistic,success,,0.0003,0.0,0.0003,0.0,40000.0,39827.0,False,/home/joshua/Code/ai_projects/amalia/backend/data/uploads/datasets/classification/hard/pashupatigupta_emotion-detection-from-text/tweet_emotions.csv,/home/joshua/Code/ai_projects/amalia/data/batch_results/resilient_execution/models/classification__hard__pashupatigupta_emotion-detection-from-text__tweet_emotions.pkl,3.0,"['1:load_csv', '2:train_classification_model', '3:evaluate_classification_model']",,,,,,,,,,,,,,
classification__hard__prox37_twitter-multilabel-classification-dataset__mLabel_tweets,classification__hard__prox37_twitter-multilabel-classification-dataset__mLabel_tweets__variant_01_of_05.json,classification,labels,logistic,success,,0.2906,0.0844,0.2906,0.1309,9921.0,288.0,False,/home/joshua/Code/ai_projects/amalia/backend/data/uploads/datasets/classification/hard/prox37_twitter-multilabel-classification-dataset/mLabel_tweets.csv,/home/joshua/Code/ai_projects/amalia/data/batch_results/resilient_execution/models/classification__hard__prox37_twitter-multilabel-classification-dataset__mLabel_tweets.pkl,3.0,"['1:load_csv', '2:train_classification_model', '3:evaluate_classification_model']",,,,,,,,,,,,,,
classification__hard__prox37_twitter-multilabel-classification-dataset__mLabel_tweets,classification__hard__prox37_twitter-multilabel-classification-dataset__mLabel_tweets__variant_02_of_05.json,classification,labels,logistic,success,,0.2906,0.0844,0.2906,0.1309,9921.0,288.0,False,/home/joshua/Code/ai_projects/amalia/backend/data/uploads/datasets/classification/hard/prox37_twitter-multilabel-classification-dataset/mLabel_tweets.csv,/home/joshua/Code/ai_projects/amalia/data/batch_results/resilient_execution/models/classification__hard__prox37_twitter-multilabel-classification-dataset__mLabel_tweets.pkl,3.0,"['1:load_csv', '2:train_classification_model', '3:evaluate_classification_model']",,,,,,,,,,,,,,
classification__hard__prox37_twitter-multilabel-classification-dataset__mLabel_tweets,classification__hard__prox37_twitter-multilabel-classification-dataset__mLabel_tweets__variant_03_of_05.json,classification,labels,logistic,success,,0.2906,0.0844,0.2906,0.1309,9921.0,288.0,False,/home/joshua/Code/ai_projects/amalia/backend/data/uploads/datasets/classification/hard/prox37_twitter-multilabel-classification-dataset/mLabel_tweets.csv,/home/joshua/Code/ai_projects/amalia/data/batch_results/resilient_execution/models/classification__hard__prox37_twitter-multilabel-classification-dataset__mLabel_tweets.pkl,3.0,"['1:load_csv', '2:train_classification_model', '3:evaluate_classification_model']",,,,,,,,,,,,,,
classification__hard__prox37_twitter-multilabel-classification-dataset__mLabel_tweets,classification__hard__prox37_twitter-multilabel-classification-dataset__mLabel_tweets__variant_04_of_05.json,classification,labels,logistic,success,,0.2906,0.0844,0.2906,0.1309,9921.0,288.0,False,/home/joshua/Code/ai_projects/amalia/backend/data/uploads/datasets/classification/hard/prox37_twitter-multilabel-classification-dataset/mLabel_tweets.csv,/home/joshua/Code/ai_projects/amalia/data/batch_results/resilient_execution/models/classification__hard__prox37_twitter-multilabel-classification-dataset__mLabel_tweets.pkl,3.0,"['1:load_csv', '2:train_classification_model', '3:evaluate_classification_model']",,,,,,,,,,,,,,
classification__hard__prox37_twitter-multilabel-classification-dataset__mLabel_tweets,classification__hard__prox37_twitter-multilabel-classification-dataset__mLabel_tweets__variant_05_of_05.json,classification,labels,logistic,success,,0.2906,0.0844,0.2906,0.1309,9921.0,288.0,False,/home/joshua/Code/ai_projects/amalia/backend/data/uploads/datasets/classification/hard/prox37_twitter-multilabel-classification-dataset/mLabel_tweets.csv,/home/joshua/Code/ai_projects/amalia/data/batch_results/resilient_execution/models/classification__hard__prox37_twitter-multilabel-classification-dataset__mLabel_tweets.pkl,3.0,"['1:load_csv', '2:train_classification_model', '3:evaluate_classification_model']",,,,,,,,,,,,,,
classification__hard__saurabhshahane_ecommerce-text-classification__ecommerceDataset,classification__hard__saurabhshahane_ecommerce-text-classification__ecommerceDataset__variant_01_of_05.json,classification,"Paper Plane Design Framed Wall Hanging Motivational Office Decor Art Prints (8.7 X 8.7 inch) - Set of 4 Painting made up in synthetic frame with uv textured print which gives multi effects and attracts towards it. This is an special series of paintings which makes your wall very beautiful and gives a royal touch. This painting is ready to hang, you would be proud to possess this unique painting that is a niche apart. We use only the most modern and efficient printing technology on our prints, with only the and inks and precision epson, roland and hp printers. This innovative hd printing technique results in durable and spectacular looking prints of the highest that last a lifetime. We print solely with top-notch 100% inks, to achieve brilliant and true colours. Due to their high level of uv resistance, our prints retain their beautiful colours for many years. Add colour and style to your living space with this digitally printed painting. Some are for pleasure and some for eternal bliss.so bring home this elegant print that is lushed with rich colors that makes it nothing but sheer elegance to be to your friends and family.it would be treasured forever by whoever your lucky recipient is. Liven up your place with these intriguing paintings that are high definition hd graphic digital prints for home, office or any room.",logistic,failed,Input contains NaN,,,,,,,,,,,,,,,,,,,,,,,,,
classification__hard__saurabhshahane_ecommerce-text-classification__ecommerceDataset,classification__hard__saurabhshahane_ecommerce-text-classification__ecommerceDataset__variant_02_of_05.json,classification,"Paper Plane Design Framed Wall Hanging Motivational Office Decor Art Prints (8.7 X 8.7 inch) - Set of 4 Painting made up in synthetic frame with uv textured print which gives multi effects and attracts towards it. This is an special series of paintings which makes your wall very beautiful and gives a royal touch. This painting is ready to hang, you would be proud to possess this unique painting that is a niche apart. We use only the most modern and efficient printing technology on our prints, with only the and inks and precision epson, roland and hp printers. This innovative hd printing technique results in durable and spectacular looking prints of the highest that last a lifetime. We print solely with top-notch 100% inks, to achieve brilliant and true colours. Due to their high level of uv resistance, our prints retain their beautiful colours for many years. Add colour and style to your living space with this digitally printed painting. Some are for pleasure and some for eternal bliss.so bring home this elegant print that is lushed with rich colors that makes it nothing but sheer elegance to be to your friends and family.it would be treasured forever by whoever your lucky recipient is. Liven up your place with these intriguing paintings that are high definition hd graphic digital prints for home, office or any room.",logistic,failed,Input contains NaN,,,,,,,,,,,,,,,,,,,,,,,,,
classification__hard__saurabhshahane_ecommerce-text-classification__ecommerceDataset,classification__hard__saurabhshahane_ecommerce-text-classification__ecommerceDataset__variant_03_of_05.json,classification,"Paper Plane Design Framed Wall Hanging Motivational Office Decor Art Prints (8.7 X 8.7 inch) - Set of 4 Painting made up in synthetic frame with uv textured print which gives multi effects and attracts towards it. This is an special series of paintings which makes your wall very beautiful and gives a royal touch. This painting is ready to hang, you would be proud to possess this unique painting that is a niche apart. We use only the most modern and efficient printing technology on our prints, with only the and inks and precision epson, roland and hp printers. This innovative hd printing technique results in durable and spectacular looking prints of the highest that last a lifetime. We print solely with top-notch 100% inks, to achieve brilliant and true colours. Due to their high level of uv resistance, our prints retain their beautiful colours for many years. Add colour and style to your living space with this digitally printed painting. Some are for pleasure and some for eternal bliss.so bring home this elegant print that is lushed with rich colors that makes it nothing but sheer elegance to be to your friends and family.it would be treasured forever by whoever your lucky recipient is. Liven up your place with these intriguing paintings that are high definition hd graphic digital prints for home, office or any room.",logistic,failed,Input contains NaN,,,,,,,,,,,,,,,,,,,,,,,,,
classification__hard__saurabhshahane_ecommerce-text-classification__ecommerceDataset,classification__hard__saurabhshahane_ecommerce-text-classification__ecommerceDataset__variant_04_of_05.json,classification,"Paper Plane Design Framed Wall Hanging Motivational Office Decor Art Prints (8.7 X 8.7 inch) - Set of 4 Painting made up in synthetic frame with uv textured print which gives multi effects and attracts towards it. This is an special series of paintings which makes your wall very beautiful and gives a royal touch. This painting is ready to hang, you would be proud to possess this unique painting that is a niche apart. We use only the most modern and efficient printing technology on our prints, with only the and inks and precision epson, roland and hp printers. This innovative hd printing technique results in durable and spectacular looking prints of the highest that last a lifetime. We print solely with top-notch 100% inks, to achieve brilliant and true colours. Due to their high level of uv resistance, our prints retain their beautiful colours for many years. Add colour and style to your living space with this digitally printed painting. Some are for pleasure and some for eternal bliss.so bring home this elegant print that is lushed with rich colors that makes it nothing but sheer elegance to be to your friends and family.it would be treasured forever by whoever your lucky recipient is. Liven up your place with these intriguing paintings that are high definition hd graphic digital prints for home, office or any room.",logistic,failed,Input contains NaN,,,,,,,,,,,,,,,,,,,,,,,,,
classification__hard__saurabhshahane_ecommerce-text-classification__ecommerceDataset,classification__hard__saurabhshahane_ecommerce-text-classification__ecommerceDataset__variant_05_of_05.json,classification,"Paper Plane Design Framed Wall Hanging Motivational Office Decor Art Prints (8.7 X 8.7 inch) - Set of 4 Painting made up in synthetic frame with uv textured print which gives multi effects and attracts towards it. This is an special series of paintings which makes your wall very beautiful and gives a royal touch. This painting is ready to hang, you would be proud to possess this unique painting that is a niche apart. We use only the most modern and efficient printing technology on our prints, with only the and inks and precision epson, roland and hp printers. This innovative hd printing technique results in durable and spectacular looking prints of the highest that last a lifetime. We print solely with top-notch 100% inks, to achieve brilliant and true colours. Due to their high level of uv resistance, our prints retain their beautiful colours for many years. Add colour and style to your living space with this digitally printed painting. Some are for pleasure and some for eternal bliss.so bring home this elegant print that is lushed with rich colors that makes it nothing but sheer elegance to be to your friends and family.it would be treasured forever by whoever your lucky recipient is. Liven up your place with these intriguing paintings that are high definition hd graphic digital prints for home, office or any room.",logistic,failed,Input contains NaN,,,,,,,,,,,,,,,,,,,,,,,,,
classification__hard__shivamb_spam-url-prediction__url_spam_classification,classification__hard__shivamb_spam-url-prediction__url_spam_classification__variant_01_of_05.json,classification,is_spam,logistic,success,,0.7968,0.6732,0.7047,0.6886,148303.0,2.0,True,/home/joshua/Code/ai_projects/amalia/backend/data/uploads/datasets/classification/hard/shivamb_spam-url-prediction/url_spam_classification.csv,/home/joshua/Code/ai_projects/amalia/data/batch_results/resilient_execution/models/classification__hard__shivamb_spam-url-prediction__url_spam_classification.pkl,3.0,"['1:load_csv', '2:train_classification_model', '3:evaluate_classification_model']",,,,,,,,,,,,,,
classification__hard__shivamb_spam-url-prediction__url_spam_classification,classification__hard__shivamb_spam-url-prediction__url_spam_classification__variant_02_of_05.json,classification,is_spam,logistic,success,,0.7968,0.6732,0.7047,0.6886,148303.0,2.0,True,/home/joshua/Code/ai_projects/amalia/backend/data/uploads/datasets/classification/hard/shivamb_spam-url-prediction/url_spam_classification.csv,/home/joshua/Code/ai_projects/amalia/data/batch_results/resilient_execution/models/classification__hard__shivamb_spam-url-prediction__url_spam_classification.pkl,3.0,"['1:load_csv', '2:train_classification_model', '3:evaluate_classification_model']",,,,,,,,,,,,,,
classification__hard__shivamb_spam-url-prediction__url_spam_classification,classification__hard__shivamb_spam-url-prediction__url_spam_classification__variant_03_of_05.json,classification,,,success,,,,,,,,,/home/joshua/Code/ai_projects/amalia/backend/data/uploads/datasets/classification/hard/shivamb_spam-url-prediction/url_spam_classification.csv,,2.0,"['1:load_csv', '2:remove_duplicates']",,,,,,,,,,,,,,
classification__hard__shivamb_spam-url-prediction__url_spam_classification,classification__hard__shivamb_spam-url-prediction__url_spam_classification__variant_04_of_05.json,classification,is_spam,logistic,success,,0.7968,0.6732,0.7047,0.6886,148303.0,2.0,True,/home/joshua/Code/ai_projects/amalia/backend/data/uploads/datasets/classification/hard/shivamb_spam-url-prediction/url_spam_classification.csv,/home/joshua/Code/ai_projects/amalia/data/batch_results/resilient_execution/models/classification__hard__shivamb_spam-url-prediction__url_spam_classification.pkl,3.0,"['1:load_csv', '2:train_classification_model', '3:evaluate_classification_model']",,,,,,,,,,,,,,
classification__hard__shivamb_spam-url-prediction__url_spam_classification,classification__hard__shivamb_spam-url-prediction__url_spam_classification__variant_05_of_05.json,classification,is_spam,logistic,success,,0.7968,0.6732,0.7047,0.6886,148303.0,2.0,True,/home/joshua/Code/ai_projects/amalia/backend/data/uploads/datasets/classification/hard/shivamb_spam-url-prediction/url_spam_classification.csv,/home/joshua/Code/ai_projects/amalia/data/batch_results/resilient_execution/models/classification__hard__shivamb_spam-url-prediction__url_spam_classification.pkl,3.0,"['1:load_csv', '2:train_classification_model', '3:evaluate_classification_model']",,,,,,,,,,,,,,
classification__mid__andrewmvd_cyberbullying-classification__cyberbullying_tweets,classification__mid__andrewmvd_cyberbullying-classification__cyberbullying_tweets__variant_01_of_05.json,classification,,,success,,,,,,,,,/home/joshua/Code/ai_projects/amalia/backend/data/uploads/datasets/classification/mid/andrewmvd_cyberbullying-classification/cyberbullying_tweets.csv,,0.0,[],,,,,,,,,,,,,,
classification__mid__andrewmvd_cyberbullying-classification__cyberbullying_tweets,classification__mid__andrewmvd_cyberbullying-classification__cyberbullying_tweets__variant_02_of_05.json,classification,cyberbullying_type,logistic,success,,0.8899,0.8949,0.8899,0.8889,47692.0,6.0,False,/home/joshua/Code/ai_projects/amalia/backend/data/uploads/datasets/classification/mid/andrewmvd_cyberbullying-classification/cyberbullying_tweets.csv,/home/joshua/Code/ai_projects/amalia/data/batch_results/resilient_execution/models/classification__mid__andrewmvd_cyberbullying-classification__cyberbullying_tweets.pkl,3.0,"['1:load_csv', '2:train_classification_model', '3:evaluate_classification_model']",,,,,,,,,,,,,,
classification__mid__andrewmvd_cyberbullying-classification__cyberbullying_tweets,classification__mid__andrewmvd_cyberbullying-classification__cyberbullying_tweets__variant_03_of_05.json,classification,cyberbullying_type,logistic,success,,0.8899,0.8949,0.8899,0.8889,47692.0,6.0,False,/home/joshua/Code/ai_projects/amalia/backend/data/uploads/datasets/classification/mid/andrewmvd_cyberbullying-classification/cyberbullying_tweets.csv,/home/joshua/Code/ai_projects/amalia/data/batch_results/resilient_execution/models/classification__mid__andrewmvd_cyberbullying-classification__cyberbullying_tweets.pkl,3.0,"['1:load_csv', '2:train_classification_model', '3:evaluate_classification_model']",,,,,,,,,,,,,,
classification__mid__andrewmvd_cyberbullying-classification__cyberbullying_tweets,classification__mid__andrewmvd_cyberbullying-classification__cyberbullying_tweets__variant_04_of_05.json,classification,cyberbullying_type,logistic,success,,0.8899,0.8949,0.8899,0.8889,47692.0,6.0,False,/home/joshua/Code/ai_projects/amalia/backend/data/uploads/datasets/classification/mid/andrewmvd_cyberbullying-classification/cyberbullying_tweets.csv,/home/joshua/Code/ai_projects/amalia/data/batch_results/resilient_execution/models/classification__mid__andrewmvd_cyberbullying-classification__cyberbullying_tweets.pkl,3.0,"['1:load_csv', '2:train_classification_model', '3:evaluate_classification_model']",,,,,,,,,,,,,,
classification__mid__andrewmvd_cyberbullying-classification__cyberbullying_tweets,classification__mid__andrewmvd_cyberbullying-classification__cyberbullying_tweets__variant_05_of_05.json,classification,cyberbullying_type,logistic,success,,,,,,4000.0,6.0,,/home/joshua/Code/ai_projects/amalia/backend/data/uploads/datasets/classification/mid/andrewmvd_cyberbullying-classification/cyberbullying_tweets.csv,/home/joshua/Code/ai_projects/amalia/data/batch_results/resilient_execution/models/classification__mid__andrewmvd_cyberbullying-classification__cyberbullying_tweets.pkl,2.0,"['1:load_csv', '2:train_classification_model']",classification,0.8906,0.888,0.0026,16000.0,['tweet_text'],/home/joshua/Code/ai_projects/amalia/data/batch_results/resilient_execution/models/classification__mid__andrewmvd_cyberbullying-classification__cyberbullying_tweets.pkl,,,,,,,
classification__mid__christianlillelund_csgo-round-winner-classification__csgo_round_snapshots,classification__mid__christianlillelund_csgo-round-winner-classification__csgo_round_snapshots__variant_01_of_05.json,classification,round_winner,decision_tree,failed,"pos_label=1 is not a valid label. It should be one of ['CT', 'T']",,,,,,,,,,,,,,,,,,,,,,,,,
classification__mid__christianlillelund_csgo-round-winner-classification__csgo_round_snapshots,classification__mid__christianlillelund_csgo-round-winner-classification__csgo_round_snapshots__variant_02_of_05.json,classification,round_winner,decision_tree,failed,"pos_label=1 is not a valid label. It should be one of ['CT', 'T']",,,,,,,,,,,,,,,,,,,,,,,,,
classification__mid__christianlillelund_csgo-round-winner-classification__csgo_round_snapshots,classification__mid__christianlillelund_csgo-round-winner-classification__csgo_round_snapshots__variant_03_of_05.json,classification,round_winner,decision_tree,failed,"pos_label=1 is not a valid label. It should be one of ['CT', 'T']",,,,,,,,,,,,,,,,,,,,,,,,,
classification__mid__christianlillelund_csgo-round-winner-classification__csgo_round_snapshots,classification__mid__christianlillelund_csgo-round-winner-classification__csgo_round_snapshots__variant_04_of_05.json,classification,round_winner,decision_tree,failed,"pos_label=1 is not a valid label. It should be one of ['CT', 'T']",,,,,,,,,,,,,,,,,,,,,,,,,
classification__mid__christianlillelund_csgo-round-winner-classification__csgo_round_snapshots,classification__mid__christianlillelund_csgo-round-winner-classification__csgo_round_snapshots__variant_05_of_05.json,classification,round_winner,decision_tree,failed,"pos_label=1 is not a valid label. It should be one of ['CT', 'T']",,,,,,,,,,,,,,,,,,,,,,,,,
classification__mid__fedesoriano_heart-failure-prediction__heart,classification__mid__fedesoriano_heart-failure-prediction__heart__variant_01_of_05.json,classification,HeartDisease,logistic,success,,0.8562,0.8672,0.874,0.8706,918.0,2.0,True,/home/joshua/Code/ai_projects/amalia/backend/data/uploads/datasets/classification/mid/fedesoriano_heart-failure-prediction/heart.csv,/home/joshua/Code/ai_projects/amalia/data/batch_results/resilient_execution/models/classification__mid__fedesoriano_heart-failure-prediction__heart.pkl,3.0,"['1:load_csv', '2:train_classification_model', '3:evaluate_classification_model']",,,,,,,,,,,,,,
classification__mid__fedesoriano_heart-failure-prediction__heart,classification__mid__fedesoriano_heart-failure-prediction__heart__variant_02_of_05.json,classification,,,success,,,,,,,,,/home/joshua/Code/ai_projects/amalia/backend/data/uploads/datasets/classification/mid/fedesoriano_heart-failure-prediction/heart.csv,,0.0,[],,,,,,,,,,,,,,
classification__mid__fedesoriano_heart-failure-prediction__heart,classification__mid__fedesoriano_heart-failure-prediction__heart__variant_03_of_05.json,classification,HeartDisease,logistic,success,,0.8562,0.8672,0.874,0.8706,918.0,2.0,True,/home/joshua/Code/ai_projects/amalia/backend/data/uploads/datasets/classification/mid/fedesoriano_heart-failure-prediction/heart.csv,/home/joshua/Code/ai_projects/amalia/data/batch_results/resilient_execution/models/classification__mid__fedesoriano_heart-failure-prediction__heart.pkl,3.0,"['1:load_csv', '2:train_classification_model', '3:evaluate_classification_model']",,,,,,,,,,,,,,
classification__mid__fedesoriano_heart-failure-prediction__heart,classification__mid__fedesoriano_heart-failure-prediction__heart__variant_04_of_05.json,classification,HeartDisease,logistic,success,,0.8562,0.8672,0.874,0.8706,918.0,2.0,True,/home/joshua/Code/ai_projects/amalia/backend/data/uploads/datasets/classification/mid/fedesoriano_heart-failure-prediction/heart.csv,/home/joshua/Code/ai_projects/amalia/data/batch_results/resilient_execution/models/classification__mid__fedesoriano_heart-failure-prediction__heart.pkl,3.0,"['1:load_csv', '2:train_classification_model', '3:evaluate_classification_model']",,,,,,,,,,,,,,
classification__mid__fedesoriano_heart-failure-prediction__heart,classification__mid__fedesoriano_heart-failure-prediction__heart__variant_05_of_05.json,classification,HeartDisease,logistic,success,,0.8562,0.8672,0.874,0.8706,918.0,2.0,True,/home/joshua/Code/ai_projects/amalia/backend/data/uploads/datasets/classification/mid/fedesoriano_heart-failure-prediction/heart.csv,/home/joshua/Code/ai_projects/amalia/data/batch_results/resilient_execution/models/classification__mid__fedesoriano_heart-failure-prediction__heart.pkl,3.0,"['1:load_csv', '2:train_classification_model', '3:evaluate_classification_model']",,,,,,,,,,,,,,
classification__mid__fedesoriano_stellar-classification-dataset-sdss17__star_classification,classification__mid__fedesoriano_stellar-classification-dataset-sdss17__star_classification__variant_01_of_05.json,classification,class,decision_tree,success,,,,,,4000.0,3.0,,/home/joshua/Code/ai_projects/amalia/backend/data/uploads/datasets/classification/mid/fedesoriano_stellar-classification-dataset-sdss17/star_classification.csv,/home/joshua/Code/ai_projects/amalia/data/batch_results/resilient_execution/models/classification__mid__fedesoriano_stellar-classification-dataset-sdss17__star_classification.pkl,1.0,['2:train_classification_model'],classification,0.9893,0.9725,0.0168,16000.0,"['obj_ID', 'alpha', 'delta', 'u', 'g', 'r', 'i', 'z', 'run_ID', 'rerun_ID', 'cam_col', 'field_ID', 'spec_obj_ID', 'redshift', 'plate', 'MJD', 'fiber_ID']",/home/joshua/Code/ai_projects/amalia/data/batch_results/resilient_execution/models/classification__mid__fedesoriano_stellar-classification-dataset-sdss17__star_classification.pkl,,,,,,,
classification__mid__fedesoriano_stellar-classification-dataset-sdss17__star_classification,classification__mid__fedesoriano_stellar-classification-dataset-sdss17__star_classification__variant_02_of_05.json,classification,class,logistic,success,,0.5982,0.447,0.5982,0.4794,100000.0,3.0,False,/home/joshua/Code/ai_projects/amalia/backend/data/uploads/datasets/classification/mid/fedesoriano_stellar-classification-dataset-sdss17/star_classification.csv,/home/joshua/Code/ai_projects/amalia/data/batch_results/resilient_execution/models/classification__mid__fedesoriano_stellar-classification-dataset-sdss17__star_classification.pkl,3.0,"['1:load_csv', '2:train_classification_model', '3:evaluate_classification_model']",,,,,,,,,,,,,,
classification__mid__fedesoriano_stellar-classification-dataset-sdss17__star_classification,classification__mid__fedesoriano_stellar-classification-dataset-sdss17__star_classification__variant_03_of_05.json,classification,,,success,,,,,,,,,/home/joshua/Code/ai_projects/amalia/backend/data/uploads/datasets/classification/mid/fedesoriano_stellar-classification-dataset-sdss17/star_classification.csv,,0.0,[],,,,,,,,,,,,,,
classification__mid__fedesoriano_stellar-classification-dataset-sdss17__star_classification,classification__mid__fedesoriano_stellar-classification-dataset-sdss17__star_classification__variant_04_of_05.json,classification,class,logistic,success,,0.5982,0.447,0.5982,0.4794,100000.0,3.0,False,/home/joshua/Code/ai_projects/amalia/backend/data/uploads/datasets/classification/mid/fedesoriano_stellar-classification-dataset-sdss17/star_classification.csv,/home/joshua/Code/ai_projects/amalia/data/batch_results/resilient_execution/models/classification__mid__fedesoriano_stellar-classification-dataset-sdss17__star_classification.pkl,3.0,"['1:load_csv', '2:train_classification_model', '3:evaluate_classification_model']",,,,,,,,,,,,,,
classification__mid__fedesoriano_stellar-classification-dataset-sdss17__star_classification,classification__mid__fedesoriano_stellar-classification-dataset-sdss17__star_classification__variant_05_of_05.json,classification,class,logistic,success,,0.5982,0.447,0.5982,0.4794,100000.0,3.0,False,/home/joshua/Code/ai_projects/amalia/backend/data/uploads/datasets/classification/mid/fedesoriano_stellar-classification-dataset-sdss17/star_classification.csv,/home/joshua/Code/ai_projects/amalia/data/batch_results/resilient_execution/models/classification__mid__fedesoriano_stellar-classification-dataset-sdss17__star_classification.pkl,3.0,"['1:load_csv', '2:train_classification_model', '3:evaluate_classification_model']",,,,,,,,,,,,,,
classification__mid__nimapourmoradi_dry-bean-dataset-classification__Dry_Bean_Dataset,classification__mid__nimapourmoradi_dry-bean-dataset-classification__Dry_Bean_Dataset__variant_01_of_05.json,classification,Class,logistic,success,,0.8617,0.8617,0.8617,0.8615,13611.0,7.0,False,/home/joshua/Code/ai_projects/amalia/backend/data/uploads/datasets/classification/mid/nimapourmoradi_dry-bean-dataset-classification/Dry_Bean_Dataset.csv,/home/joshua/Code/ai_projects/amalia/data/batch_results/resilient_execution/models/classification__mid__nimapourmoradi_dry-bean-dataset-classification__Dry_Bean_Dataset.pkl,3.0,"['1:load_csv', '2:train_classification_model', '3:evaluate_classification_model']",,,,,,,,,,,,,,
classification__mid__nimapourmoradi_dry-bean-dataset-classification__Dry_Bean_Dataset,classification__mid__nimapourmoradi_dry-bean-dataset-classification__Dry_Bean_Dataset__variant_02_of_05.json,classification,Class,random_forest,success,,0.9852,0.9853,0.9852,0.9852,13611.0,7.0,False,/home/joshua/Code/ai_projects/amalia/backend/data/uploads/datasets/classification/mid/nimapourmoradi_dry-bean-dataset-classification/Dry_Bean_Dataset.csv,/home/joshua/Code/ai_projects/amalia/data/batch_results/resilient_execution/models/classification__mid__nimapourmoradi_dry-bean-dataset-classification__Dry_Bean_Dataset.pkl,3.0,"['2:scale_features', '3:train_classification_model', '4:evaluate_classification_model']",,,,,,,,,,,,,,
classification__mid__nimapourmoradi_dry-bean-dataset-classification__Dry_Bean_Dataset,classification__mid__nimapourmoradi_dry-bean-dataset-classification__Dry_Bean_Dataset__variant_03_of_05.json,classification,Class,logistic,success,,0.8617,0.8617,0.8617,0.8615,13611.0,7.0,False,/home/joshua/Code/ai_projects/amalia/backend/data/uploads/datasets/classification/mid/nimapourmoradi_dry-bean-dataset-classification/Dry_Bean_Dataset.csv,/home/joshua/Code/ai_projects/amalia/data/batch_results/resilient_execution/models/classification__mid__nimapourmoradi_dry-bean-dataset-classification__Dry_Bean_Dataset.pkl,3.0,"['1:load_csv', '2:train_classification_model', '3:evaluate_classification_model']",,,,,,,,,,,,,,
classification__mid__nimapourmoradi_dry-bean-dataset-classification__Dry_Bean_Dataset,classification__mid__nimapourmoradi_dry-bean-dataset-classification__Dry_Bean_Dataset__variant_04_of_05.json,classification,Class,logistic,success,,0.8617,0.8617,0.8617,0.8615,13611.0,7.0,False,/home/joshua/Code/ai_projects/amalia/backend/data/uploads/datasets/classification/mid/nimapourmoradi_dry-bean-dataset-classification/Dry_Bean_Dataset.csv,/home/joshua/Code/ai_projects/amalia/data/batch_results/resilient_execution/models/classification__mid__nimapourmoradi_dry-bean-dataset-classification__Dry_Bean_Dataset.pkl,3.0,"['1:load_csv', '2:train_classification_model', '3:evaluate_classification_model']",,,,,,,,,,,,,,
classification__mid__nimapourmoradi_dry-bean-dataset-classification__Dry_Bean_Dataset,classification__mid__nimapourmoradi_dry-bean-dataset-classification__Dry_Bean_Dataset__variant_05_of_05.json,classification,Class,logistic,success,,0.8617,0.8617,0.8617,0.8615,13611.0,7.0,False,/home/joshua/Code/ai_projects/amalia/backend/data/uploads/datasets/classification/mid/nimapourmoradi_dry-bean-dataset-classification/Dry_Bean_Dataset.csv,/home/joshua/Code/ai_projects/amalia/data/batch_results/resilient_execution/models/classification__mid__nimapourmoradi_dry-bean-dataset-classification__Dry_Bean_Dataset.pkl,3.0,"['1:load_csv', '2:train_classification_model', '3:evaluate_classification_model']",,,,,,,,,,,,,,
classification__mid__tanishqdublish_text-classification-documentation__df_file,classification__mid__tanishqdublish_text-classification-documentation__df_file__variant_01_of_05.json,classification,,,success,,,,,,,,,/home/joshua/Code/ai_projects/amalia/backend/data/uploads/datasets/classification/mid/tanishqdublish_text-classification-documentation/df_file.csv,,1.0,['1:load_csv'],,,,,,,,,,,,,,
classification__mid__tanishqdublish_text-classification-documentation__df_file,classification__mid__tanishqdublish_text-classification-documentation__df_file__variant_02_of_05.json,classification,Label,logistic,success,,0.9996,0.9996,0.9996,0.9996,2225.0,5.0,False,/home/joshua/Code/ai_projects/amalia/backend/data/uploads/datasets/classification/mid/tanishqdublish_text-classification-documentation/df_file.csv,/home/joshua/Code/ai_projects/amalia/data/batch_results/resilient_execution/models/classification__mid__tanishqdublish_text-classification-documentation__df_file.pkl,3.0,"['1:load_csv', '2:train_classification_model', '3:evaluate_classification_model']",,,,,,,,,,,,,,
classification__mid__tanishqdublish_text-classification-documentation__df_file,classification__mid__tanishqdublish_text-classification-documentation__df_file__variant_03_of_05.json,classification,Label,logistic,success,,0.9996,0.9996,0.9996,0.9996,2225.0,5.0,False,/home/joshua/Code/ai_projects/amalia/backend/data/uploads/datasets/classification/mid/tanishqdublish_text-classification-documentation/df_file.csv,/home/joshua/Code/ai_projects/amalia/data/batch_results/resilient_execution/models/classification__mid__tanishqdublish_text-classification-documentation__df_file.pkl,3.0,"['1:load_csv', '2:train_classification_model', '3:evaluate_classification_model']",,,,,,,,,,,,,,
classification__mid__tanishqdublish_text-classification-documentation__df_file,classification__mid__tanishqdublish_text-classification-documentation__df_file__variant_04_of_05.json,classification,Label,logistic,success,,0.9996,0.9996,0.9996,0.9996,2225.0,5.0,False,/home/joshua/Code/ai_projects/amalia/backend/data/uploads/datasets/classification/mid/tanishqdublish_text-classification-documentation/df_file.csv,/home/joshua/Code/ai_projects/amalia/data/batch_results/resilient_execution/models/classification__mid__tanishqdublish_text-classification-documentation__df_file.pkl,3.0,"['1:load_csv', '2:train_classification_model', '3:evaluate_classification_model']",,,,,,,,,,,,,,
classification__mid__tanishqdublish_text-classification-documentation__df_file,classification__mid__tanishqdublish_text-classification-documentation__df_file__variant_05_of_05.json,classification,,,success,,,,,,,,,/home/joshua/Code/ai_projects/amalia/backend/data/uploads/datasets/classification/mid/tanishqdublish_text-classification-documentation/df_file.csv,,0.0,[],,,,,,,,,,,,,,
classification__mid__uciml_iris__Iris,classification__mid__uciml_iris__Iris__variant_01_of_05.json,classification,Species,logistic,success,,,,,,30.0,3.0,,/home/joshua/Code/ai_projects/amalia/backend/data/uploads/datasets/classification/mid/uciml_iris/Iris.csv,/home/joshua/Code/ai_projects/amalia/data/batch_results/resilient_execution/models/classification__mid__uciml_iris__Iris.pkl,2.0,"['1:load_csv', '2:train_classification_model']",classification,1.0,1.0,0.0,120.0,"['Id', 'SepalLengthCm', 'SepalWidthCm', 'PetalLengthCm', 'PetalWidthCm']",/home/joshua/Code/ai_projects/amalia/data/batch_results/resilient_execution/models/classification__mid__uciml_iris__Iris.pkl,,,,,,,
classification__mid__uciml_iris__Iris,classification__mid__uciml_iris__Iris__variant_02_of_05.json,classification,,,success,,,,,,,,,/home/joshua/Code/ai_projects/amalia/backend/data/uploads/datasets/classification/mid/uciml_iris/Iris.csv,,1.0,['2:scale_features'],,,,,,,,,,,,,,
classification__mid__uciml_iris__Iris,classification__mid__uciml_iris__Iris__variant_03_of_05.json,classification,Species,logistic,success,,1.0,1.0,1.0,1.0,150.0,3.0,False,/home/joshua/Code/ai_projects/amalia/backend/data/uploads/datasets/classification/mid/uciml_iris/Iris.csv,/home/joshua/Code/ai_projects/amalia/data/batch_results/resilient_execution/models/classification__mid__uciml_iris__Iris.pkl,3.0,"['1:load_csv', '2:train_classification_model', '3:evaluate_classification_model']",,,,,,,,,,,,,,
classification__mid__uciml_iris__Iris,classification__mid__uciml_iris__Iris__variant_04_of_05.json,classification,Species,random_forest,success,,,,,,30.0,3.0,,/home/joshua/Code/ai_projects/amalia/backend/data/uploads/datasets/classification/mid/uciml_iris/Iris.csv,/home/joshua/Code/ai_projects/amalia/data/batch_results/resilient_execution/models/classification__mid__uciml_iris__Iris.pkl,1.0,['2:train_classification_model'],classification,1.0,1.0,0.0,120.0,"['Id', 'SepalLengthCm', 'SepalWidthCm', 'PetalLengthCm', 'PetalWidthCm']",/home/joshua/Code/ai_projects/amalia/data/batch_results/resilient_execution/models/classification__mid__uciml_iris__Iris.pkl,,,,,,,
classification__mid__uciml_iris__Iris,classification__mid__uciml_iris__Iris__variant_05_of_05.json,classification,Species,logistic,success,,1.0,1.0,1.0,1.0,150.0,3.0,False,/home/joshua/Code/ai_projects/amalia/backend/data/uploads/datasets/classification/mid/uciml_iris/Iris.csv,/home/joshua/Code/ai_projects/amalia/data/batch_results/resilient_execution/models/classification__mid__uciml_iris__Iris.pkl,3.0,"['1:load_csv', '2:train_classification_model', '3:evaluate_classification_model']",,,,,,,,,,,,,,
classification__mid__uciml_pima-indians-diabetes-database__diabetes,classification__mid__uciml_pima-indians-diabetes-database__diabetes__variant_01_of_05.json,classification,Outcome,logistic,success,,0.7656,0.6947,0.5858,0.6356,768.0,2.0,True,/home/joshua/Code/ai_projects/amalia/backend/data/uploads/datasets/classification/mid/uciml_pima-indians-diabetes-database/diabetes.csv,/home/joshua/Code/ai_projects/amalia/data/batch_results/resilient_execution/models/classification__mid__uciml_pima-indians-diabetes-database__diabetes.pkl,3.0,"['1:load_csv', '2:train_classification_model', '3:evaluate_classification_model']",,,,,,,,,,,,,,
classification__mid__uciml_pima-indians-diabetes-database__diabetes,classification__mid__uciml_pima-indians-diabetes-database__diabetes__variant_02_of_05.json,classification,Outcome,logistic,success,,0.7656,0.6947,0.5858,0.6356,768.0,2.0,True,/home/joshua/Code/ai_projects/amalia/backend/data/uploads/datasets/classification/mid/uciml_pima-indians-diabetes-database/diabetes.csv,/home/joshua/Code/ai_projects/amalia/data/batch_results/resilient_execution/models/classification__mid__uciml_pima-indians-diabetes-database__diabetes.pkl,3.0,"['1:load_csv', '2:train_classification_model', '3:evaluate_classification_model']",,,,,,,,,,,,,,
classification__mid__uciml_pima-indians-diabetes-database__diabetes,classification__mid__uciml_pima-indians-diabetes-database__diabetes__variant_03_of_05.json,classification,Outcome,random_forest,success,,,,,,154.0,2.0,,/home/joshua/Code/ai_projects/amalia/backend/data/uploads/datasets/classification/mid/uciml_pima-indians-diabetes-database/diabetes.csv,/home/joshua/Code/ai_projects/amalia/data/batch_results/resilient_execution/models/classification__mid__uciml_pima-indians-diabetes-database__diabetes.pkl,3.0,"['1:load_csv', '2:handle_missing_values', '3:train_classification_model']",classification,0.8762,0.7662,0.11,614.0,"['Pregnancies', 'Glucose', 'BloodPressure', 'SkinThickness', 'Insulin', 'BMI', 'DiabetesPedigreeFunction', 'Age']",/home/joshua/Code/ai_projects/amalia/data/batch_results/resilient_execution/models/classification__mid__uciml_pima-indians-diabetes-database__diabetes.pkl,,,,,,,
classification__mid__uciml_pima-indians-diabetes-database__diabetes,classification__mid__uciml_pima-indians-diabetes-database__diabetes__variant_04_of_05.json,classification,Outcome,gradient_boosting,success,,0.8932,0.8875,0.7948,0.8386,768.0,2.0,True,/home/joshua/Code/ai_projects/amalia/backend/data/uploads/datasets/classification/mid/uciml_pima-indians-diabetes-database/diabetes.csv,/home/joshua/Code/ai_projects/amalia/data/batch_results/resilient_execution/models/classification__mid__uciml_pima-indians-diabetes-database__diabetes.pkl,4.0,"['2:train_classification_model', '2:train_classification_model', '3:evaluate_classification_model', '3:evaluate_classification_model']",,,,,,,,,,,,,,
classification__mid__uciml_pima-indians-diabetes-database__diabetes,classification__mid__uciml_pima-indians-diabetes-database__diabetes__variant_05_of_05.json,classification,Outcome,logistic,success,,0.7656,0.6947,0.5858,0.6356,768.0,2.0,True,/home/joshua/Code/ai_projects/amalia/backend/data/uploads/datasets/classification/mid/uciml_pima-indians-diabetes-database/diabetes.csv,/home/joshua/Code/ai_projects/amalia/data/batch_results/resilient_execution/models/classification__mid__uciml_pima-indians-diabetes-database__diabetes.pkl,3.0,"['1:load_csv', '2:train_classification_model', '3:evaluate_classification_model']",,,,,,,,,,,,,,
classification__mid__xhlulu_cpc-codes__titles,classification__mid__xhlulu_cpc-codes__titles__variant_01_of_05.json,classification,,,success,,,,,,,,,/home/joshua/Code/ai_projects/amalia/backend/data/uploads/datasets/classification/mid/xhlulu_cpc-codes/titles.csv,,1.0,['1:handle_missing_values'],,,,,,,,,,,,,,
classification__mid__xhlulu_cpc-codes__titles,classification__mid__xhlulu_cpc-codes__titles__variant_02_of_05.json,classification,class,logistic,failed,"Input X contains NaN.
LogisticRegression does not accept missing values encoded as NaN natively. For supervised learning, you might want to consider sklearn.ensemble.HistGradientBoostingClassifier and Regressor which accept missing values encoded as NaNs natively. Alternatively, it is possible to preprocess the data, for instance by using an imputer transformer in a pipeline or drop samples with missing values. See https://scikit-learn.org/stable/modules/impute.html You can find a list of all estimators that handle NaN values at the following page: https://scikit-learn.org/stable/modules/impute.html#estimators-that-handle-nan-values",,,,,,,,,,,,,,,,,,,,,,,,,
classification__mid__xhlulu_cpc-codes__titles,classification__mid__xhlulu_cpc-codes__titles__variant_03_of_05.json,classification,class,logistic,failed,"Input X contains NaN.
LogisticRegression does not accept missing values encoded as NaN natively. For supervised learning, you might want to consider sklearn.ensemble.HistGradientBoostingClassifier and Regressor which accept missing values encoded as NaNs natively. Alternatively, it is possible to preprocess the data, for instance by using an imputer transformer in a pipeline or drop samples with missing values. See https://scikit-learn.org/stable/modules/impute.html You can find a list of all estimators that handle NaN values at the following page: https://scikit-learn.org/stable/modules/impute.html#estimators-that-handle-nan-values",,,,,,,,,,,,,,,,,,,,,,,,,
classification__mid__xhlulu_cpc-codes__titles,classification__mid__xhlulu_cpc-codes__titles__variant_04_of_05.json,classification,class,logistic,failed,"Input X contains NaN.
LogisticRegression does not accept missing values encoded as NaN natively. For supervised learning, you might want to consider sklearn.ensemble.HistGradientBoostingClassifier and Regressor which accept missing values encoded as NaNs natively. Alternatively, it is possible to preprocess the data, for instance by using an imputer transformer in a pipeline or drop samples with missing values. See https://scikit-learn.org/stable/modules/impute.html You can find a list of all estimators that handle NaN values at the following page: https://scikit-learn.org/stable/modules/impute.html#estimators-that-handle-nan-values",,,,,,,,,,,,,,,,,,,,,,,,,
classification__mid__xhlulu_cpc-codes__titles,classification__mid__xhlulu_cpc-codes__titles__variant_05_of_05.json,classification,,,success,,,,,,,,,/home/joshua/Code/ai_projects/amalia/backend/data/uploads/datasets/classification/mid/xhlulu_cpc-codes/titles.csv,,2.0,"['1:handle_missing_values', '1:encode_categorical']",,,,,,,,,,,,,,
classification__mid__yasserh_titanic-dataset__Titanic-Dataset,classification__mid__yasserh_titanic-dataset__Titanic-Dataset__variant_01_of_05.json,classification,Embarked,logistic,failed,"Input X contains NaN.
LogisticRegression does not accept missing values encoded as NaN natively. For supervised learning, you might want to consider sklearn.ensemble.HistGradientBoostingClassifier and Regressor which accept missing values encoded as NaNs natively. Alternatively, it is possible to preprocess the data, for instance by using an imputer transformer in a pipeline or drop samples with missing values. See https://scikit-learn.org/stable/modules/impute.html You can find a list of all estimators that handle NaN values at the following page: https://scikit-learn.org/stable/modules/impute.html#estimators-that-handle-nan-values",,,,,,,,,,,,,,,,,,,,,,,,,
classification__mid__yasserh_titanic-dataset__Titanic-Dataset,classification__mid__yasserh_titanic-dataset__Titanic-Dataset__variant_02_of_05.json,classification,Embarked,logistic,failed,"Input X contains NaN.
LogisticRegression does not accept missing values encoded as NaN natively. For supervised learning, you might want to consider sklearn.ensemble.HistGradientBoostingClassifier and Regressor which accept missing values encoded as NaNs natively. Alternatively, it is possible to preprocess the data, for instance by using an imputer transformer in a pipeline or drop samples with missing values. See https://scikit-learn.org/stable/modules/impute.html You can find a list of all estimators that handle NaN values at the following page: https://scikit-learn.org/stable/modules/impute.html#estimators-that-handle-nan-values",,,,,,,,,,,,,,,,,,,,,,,,,
classification__mid__yasserh_titanic-dataset__Titanic-Dataset,classification__mid__yasserh_titanic-dataset__Titanic-Dataset__variant_03_of_05.json,classification,Embarked,logistic,failed,"Input X contains NaN.
LogisticRegression does not accept missing values encoded as NaN natively. For supervised learning, you might want to consider sklearn.ensemble.HistGradientBoostingClassifier and Regressor which accept missing values encoded as NaNs natively. Alternatively, it is possible to preprocess the data, for instance by using an imputer transformer in a pipeline or drop samples with missing values. See https://scikit-learn.org/stable/modules/impute.html You can find a list of all estimators that handle NaN values at the following page: https://scikit-learn.org/stable/modules/impute.html#estimators-that-handle-nan-values",,,,,,,,,,,,,,,,,,,,,,,,,
classification__mid__yasserh_titanic-dataset__Titanic-Dataset,classification__mid__yasserh_titanic-dataset__Titanic-Dataset__variant_04_of_05.json,classification,Embarked,logistic,failed,"Input X contains NaN.
LogisticRegression does not accept missing values encoded as NaN natively. For supervised learning, you might want to consider sklearn.ensemble.HistGradientBoostingClassifier and Regressor which accept missing values encoded as NaNs natively. Alternatively, it is possible to preprocess the data, for instance by using an imputer transformer in a pipeline or drop samples with missing values. See https://scikit-learn.org/stable/modules/impute.html You can find a list of all estimators that handle NaN values at the following page: https://scikit-learn.org/stable/modules/impute.html#estimators-that-handle-nan-values",,,,,,,,,,,,,,,,,,,,,,,,,
classification__mid__yasserh_titanic-dataset__Titanic-Dataset,classification__mid__yasserh_titanic-dataset__Titanic-Dataset__variant_05_of_05.json,classification,Embarked,logistic,failed,"Input X contains NaN.
LogisticRegression does not accept missing values encoded as NaN natively. For supervised learning, you might want to consider sklearn.ensemble.HistGradientBoostingClassifier and Regressor which accept missing values encoded as NaNs natively. Alternatively, it is possible to preprocess the data, for instance by using an imputer transformer in a pipeline or drop samples with missing values. See https://scikit-learn.org/stable/modules/impute.html You can find a list of all estimators that handle NaN values at the following page: https://scikit-learn.org/stable/modules/impute.html#estimators-that-handle-nan-values",,,,,,,,,,,,,,,,,,,,,,,,,
regression__easy__ganjerlawrence_mobile-phone-price-prediction-cleaned-dataset__Mobile-Price-Prediction-cleaned_data,regression__easy__ganjerlawrence_mobile-phone-price-prediction-cleaned-dataset__Mobile-Price-Prediction-cleaned_data__variant_01_of_05.json,regression,Price,linear,success,,,,,,466.0,,,/home/joshua/Code/ai_projects/amalia/backend/data/uploads/datasets/regression/easy/ganjerlawrence_mobile-phone-price-prediction-cleaned-dataset/Mobile-Price-Prediction-cleaned_data.csv,/home/joshua/Code/ai_projects/amalia/data/batch_results/resilient_execution/models/regression__easy__ganjerlawrence_mobile-phone-price-prediction-cleaned-dataset__Mobile-Price-Prediction-cleaned_data.pkl,3.0,"['1:load_csv', '2:train_regression_model', '3:evaluate_regression_model']",,,,,,,,0.4468,245972934.6792,15683.5243,8864.8803,394.749,,
regression__easy__ganjerlawrence_mobile-phone-price-prediction-cleaned-dataset__Mobile-Price-Prediction-cleaned_data,regression__easy__ganjerlawrence_mobile-phone-price-prediction-cleaned-dataset__Mobile-Price-Prediction-cleaned_data__variant_02_of_05.json,regression,Price,linear,success,,,,,,466.0,,,/home/joshua/Code/ai_projects/amalia/backend/data/uploads/datasets/regression/easy/ganjerlawrence_mobile-phone-price-prediction-cleaned-dataset/Mobile-Price-Prediction-cleaned_data.csv,/home/joshua/Code/ai_projects/amalia/data/batch_results/resilient_execution/models/regression__easy__ganjerlawrence_mobile-phone-price-prediction-cleaned-dataset__Mobile-Price-Prediction-cleaned_data.pkl,3.0,"['1:load_csv', '2:train_regression_model', '3:evaluate_regression_model']",,,,,,,,0.4468,245972934.6792,15683.5243,8864.8803,394.749,,
regression__easy__ganjerlawrence_mobile-phone-price-prediction-cleaned-dataset__Mobile-Price-Prediction-cleaned_data,regression__easy__ganjerlawrence_mobile-phone-price-prediction-cleaned-dataset__Mobile-Price-Prediction-cleaned_data__variant_03_of_05.json,regression,,,failed,invalid literal for int() with base 10: '0.80.80.80.80.80.80.80.80.80.80.80.80.80.80.80.80.80.80.80.80.80.80.80.80.80.80.80.80.80.80.80.80.80.80.80.80.80.80.80.80.80.80.80.80.80.80.80.80.80.80.80.80.80.80.80.80.80.80.80.80.80.80.80.80.80.80,,,,,,,,,,,,,,,,,,,,,,,,,
regression__easy__ganjerlawrence_mobile-phone-price-prediction-cleaned-dataset__Mobile-Price-Prediction-cleaned_data,regression__easy__ganjerlawrence_mobile-phone-price-prediction-cleaned-dataset__Mobile-Price-Prediction-cleaned_data__variant_04_of_05.json,regression,Price,linear,success,,,,,,466.0,,,/home/joshua/Code/ai_projects/amalia/backend/data/uploads/datasets/regression/easy/ganjerlawrence_mobile-phone-price-prediction-cleaned-dataset/Mobile-Price-Prediction-cleaned_data.csv,/home/joshua/Code/ai_projects/amalia/data/batch_results/resilient_execution/models/regression__easy__ganjerlawrence_mobile-phone-price-prediction-cleaned-dataset__Mobile-Price-Prediction-cleaned_data.pkl,3.0,"['1:load_csv', '2:train_regression_model', '3:evaluate_regression_model']",,,,,,,,0.4468,245972934.6792,15683.5243,8864.8803,394.749,,
regression__easy__ganjerlawrence_mobile-phone-price-prediction-cleaned-dataset__Mobile-Price-Prediction-cleaned_data,regression__easy__ganjerlawrence_mobile-phone-price-prediction-cleaned-dataset__Mobile-Price-Prediction-cleaned_data__variant_05_of_05.json,regression,,,success,,,,,,,,,/home/joshua/Code/ai_projects/amalia/backend/data/uploads/datasets/regression/easy/ganjerlawrence_mobile-phone-price-prediction-cleaned-dataset/Mobile-Price-Prediction-cleaned_data.csv,,0.0,[],,,,,,,,,,,,,,
regression__easy__govindaramsriram_crop-yield-of-a-farm__crop_yield_data,regression__easy__govindaramsriram_crop-yield-of-a-farm__crop_yield_data__variant_01_of_05.json,regression,crop_yield,linear,success,,,,,,3000.0,,,/home/joshua/Code/ai_projects/amalia/backend/data/uploads/datasets/regression/easy/govindaramsriram_crop-yield-of-a-farm/crop_yield_data.csv,/home/joshua/Code/ai_projects/amalia/data/batch_results/resilient_execution/models/regression__easy__govindaramsriram_crop-yield-of-a-farm__crop_yield_data.pkl,3.0,"['1:load_csv', '2:train_regression_model', '3:evaluate_regression_model']",,,,,,,,1.0,0.085,0.2915,0.2518,0.1015,,
regression__easy__govindaramsriram_crop-yield-of-a-farm__crop_yield_data,regression__easy__govindaramsriram_crop-yield-of-a-farm__crop_yield_data__variant_02_of_05.json,regression,crop_yield,linear,success,,,,,,3000.0,,,/home/joshua/Code/ai_projects/amalia/backend/data/uploads/datasets/regression/easy/govindaramsriram_crop-yield-of-a-farm/crop_yield_data.csv,/home/joshua/Code/ai_projects/amalia/data/batch_results/resilient_execution/models/regression__easy__govindaramsriram_crop-yield-of-a-farm__crop_yield_data.pkl,3.0,"['1:load_csv', '2:train_regression_model', '3:evaluate_regression_model']",,,,,,,,1.0,0.085,0.2915,0.2518,0.1015,,
regression__easy__govindaramsriram_crop-yield-of-a-farm__crop_yield_data,regression__easy__govindaramsriram_crop-yield-of-a-farm__crop_yield_data__variant_03_of_05.json,regression,crop_yield,linear,success,,,,,,3000.0,,,/home/joshua/Code/ai_projects/amalia/backend/data/uploads/datasets/regression/easy/govindaramsriram_crop-yield-of-a-farm/crop_yield_data.csv,/home/joshua/Code/ai_projects/amalia/data/batch_results/resilient_execution/models/regression__easy__govindaramsriram_crop-yield-of-a-farm__crop_yield_data.pkl,3.0,"['1:load_csv', '2:train_regression_model', '3:evaluate_regression_model']",,,,,,,,1.0,0.085,0.2915,0.2518,0.1015,,
regression__easy__govindaramsriram_crop-yield-of-a-farm__crop_yield_data,regression__easy__govindaramsriram_crop-yield-of-a-farm__crop_yield_data__variant_04_of_05.json,regression,crop_yield,linear,success,,,,,,3000.0,,,/home/joshua/Code/ai_projects/amalia/backend/data/uploads/datasets/regression/easy/govindaramsriram_crop-yield-of-a-farm/crop_yield_data.csv,/home/joshua/Code/ai_projects/amalia/data/batch_results/resilient_execution/models/regression__easy__govindaramsriram_crop-yield-of-a-farm__crop_yield_data.pkl,3.0,"['1:load_csv', '2:train_regression_model', '3:evaluate_regression_model']",,,,,,,,1.0,0.085,0.2915,0.2518,0.1015,,
regression__easy__govindaramsriram_crop-yield-of-a-farm__crop_yield_data,regression__easy__govindaramsriram_crop-yield-of-a-farm__crop_yield_data__variant_05_of_05.json,regression,,,failed,Input file not found: None,,,,,,,,,,,,,,,,,,,,,,,,,
regression__easy__nalisha_numerical-feature-based-target-prediction-using-ml__practice_dataset,regression__easy__nalisha_numerical-feature-based-target-prediction-using-ml__practice_dataset__variant_01_of_05.json,regression,target,linear,success,,,,,,10000.0,,,/home/joshua/Code/ai_projects/amalia/backend/data/uploads/datasets/regression/easy/nalisha_numerical-feature-based-target-prediction-using-ml/practice_dataset.csv,/home/joshua/Code/ai_projects/amalia/data/batch_results/resilient_execution/models/regression__easy__nalisha_numerical-feature-based-target-prediction-using-ml__practice_dataset.pkl,3.0,"['1:load_csv', '2:train_regression_model', '3:evaluate_regression_model']",,,,,,,,0.5351,2503.812,50.0381,41.4775,260.3718,,
regression__easy__nalisha_numerical-feature-based-target-prediction-using-ml__practice_dataset,regression__easy__nalisha_numerical-feature-based-target-prediction-using-ml__practice_dataset__variant_02_of_05.json,regression,,,success,,,,,,,,,/home/joshua/Code/ai_projects/amalia/backend/data/uploads/datasets/regression/easy/nalisha_numerical-feature-based-target-prediction-using-ml/practice_dataset.csv,,0.0,[],,,,,,,,,,,,,,
regression__easy__nalisha_numerical-feature-based-target-prediction-using-ml__practice_dataset,regression__easy__nalisha_numerical-feature-based-target-prediction-using-ml__practice_dataset__variant_03_of_05.json,regression,target,linear,success,,,,,,10000.0,,,/home/joshua/Code/ai_projects/amalia/backend/data/uploads/datasets/regression/easy/nalisha_numerical-feature-based-target-prediction-using-ml/practice_dataset.csv,/home/joshua/Code/ai_projects/amalia/data/batch_results/resilient_execution/models/regression__easy__nalisha_numerical-feature-based-target-prediction-using-ml__practice_dataset.pkl,3.0,"['1:load_csv', '2:train_regression_model', '3:evaluate_regression_model']",,,,,,,,0.5351,2503.812,50.0381,41.4775,260.3718,,
regression__easy__nalisha_numerical-feature-based-target-prediction-using-ml__practice_dataset,regression__easy__nalisha_numerical-feature-based-target-prediction-using-ml__practice_dataset__variant_04_of_05.json,regression,,,success,,,,,,,,,/home/joshua/Code/ai_projects/amalia/backend/data/uploads/datasets/regression/easy/nalisha_numerical-feature-based-target-prediction-using-ml/practice_dataset.csv,,1.0,['1:load_csv'],,,,,,,,,,,,,,
regression__easy__nalisha_numerical-feature-based-target-prediction-using-ml__practice_dataset,regression__easy__nalisha_numerical-feature-based-target-prediction-using-ml__practice_dataset__variant_05_of_05.json,regression,target,linear,success,,,,,,10000.0,,,/home/joshua/Code/ai_projects/amalia/backend/data/uploads/datasets/regression/easy/nalisha_numerical-feature-based-target-prediction-using-ml/practice_dataset.csv,/home/joshua/Code/ai_projects/amalia/data/batch_results/resilient_execution/models/regression__easy__nalisha_numerical-feature-based-target-prediction-using-ml__practice_dataset.pkl,3.0,"['1:load_csv', '2:train_regression_model', '3:evaluate_regression_model']",,,,,,,,0.5351,2503.812,50.0381,41.4775,260.3718,,
regression__easy__quantbruce_real-estate-price-prediction__Real estate,regression__easy__quantbruce_real-estate-price-prediction__Real estate__variant_01_of_05.json,regression,Y house price of unit area,linear,success,,,,,,414.0,,,/home/joshua/Code/ai_projects/amalia/backend/data/uploads/datasets/regression/easy/quantbruce_real-estate-price-prediction/Real estate.csv,/home/joshua/Code/ai_projects/amalia/data/batch_results/resilient_execution/models/regression__easy__quantbruce_real-estate-price-prediction__Real estate.pkl,3.0,"['1:load_csv', '2:train_regression_model', '3:evaluate_regression_model']",,,,,,,,0.5828,77.0534,8.778,6.1016,18.6636,,
regression__easy__quantbruce_real-estate-price-prediction__Real estate,regression__easy__quantbruce_real-estate-price-prediction__Real estate__variant_02_of_05.json,regression,Y house price of unit area,linear,success,,,,,,414.0,,,/home/joshua/Code/ai_projects/amalia/backend/data/uploads/datasets/regression/easy/quantbruce_real-estate-price-prediction/Real estate.csv,/home/joshua/Code/ai_projects/amalia/data/batch_results/resilient_execution/models/regression__easy__quantbruce_real-estate-price-prediction__Real estate.pkl,3.0,"['1:load_csv', '2:train_regression_model', '3:evaluate_regression_model']",,,,,,,,0.5828,77.0534,8.778,6.1016,18.6636,,
regression__easy__quantbruce_real-estate-price-prediction__Real estate,regression__easy__quantbruce_real-estate-price-prediction__Real estate__variant_03_of_05.json,regression,,,success,,,,,,,,,/home/joshua/Code/ai_projects/amalia/backend/data/uploads/datasets/regression/easy/quantbruce_real-estate-price-prediction/Real estate.csv,,0.0,[],,,,,,,,,,,,,,
regression__easy__quantbruce_real-estate-price-prediction__Real estate,regression__easy__quantbruce_real-estate-price-prediction__Real estate__variant_04_of_05.json,regression,Y house price of unit area,linear,success,,,,,,414.0,,,/home/joshua/Code/ai_projects/amalia/backend/data/uploads/datasets/regression/easy/quantbruce_real-estate-price-prediction/Real estate.csv,/home/joshua/Code/ai_projects/amalia/data/batch_results/resilient_execution/models/regression__easy__quantbruce_real-estate-price-prediction__Real estate.pkl,3.0,"['1:load_csv', '2:train_regression_model', '3:evaluate_regression_model']",,,,,,,,0.5828,77.0534,8.778,6.1016,18.6636,,
regression__easy__quantbruce_real-estate-price-prediction__Real estate,regression__easy__quantbruce_real-estate-price-prediction__Real estate__variant_05_of_05.json,regression,Y house price of unit area,linear,success,,,,,,414.0,,,/home/joshua/Code/ai_projects/amalia/backend/data/uploads/datasets/regression/easy/quantbruce_real-estate-price-prediction/Real estate.csv,/home/joshua/Code/ai_projects/amalia/data/batch_results/resilient_execution/models/regression__easy__quantbruce_real-estate-price-prediction__Real estate.pkl,3.0,"['1:load_csv', '2:train_regression_model', '3:evaluate_regression_model']",,,,,,,,0.5828,77.0534,8.778,6.1016,18.6636,,
regression__easy__ranitsarkar01_porter-delivery-time-estimation__dataset,regression__easy__ranitsarkar01_porter-delivery-time-estimation__dataset__variant_01_of_05.json,regression,total_outstanding_orders,linear,failed,"Input X contains NaN.
LinearRegression does not accept missing values encoded as NaN natively. For supervised learning, you might want to consider sklearn.ensemble.HistGradientBoostingClassifier and Regressor which accept missing values encoded as NaNs natively. Alternatively, it is possible to preprocess the data, for instance by using an imputer transformer in a pipeline or drop samples with missing values. See https://scikit-learn.org/stable/modules/impute.html You can find a list of all estimators that handle NaN values at the following page: https://scikit-learn.org/stable/modules/impute.html#estimators-that-handle-nan-values",,,,,,,,,,,,,,,,,,,,,,,,,
regression__easy__ranitsarkar01_porter-delivery-time-estimation__dataset,regression__easy__ranitsarkar01_porter-delivery-time-estimation__dataset__variant_02_of_05.json,regression,total_outstanding_orders,linear,failed,"Input X contains NaN.
LinearRegression does not accept missing values encoded as NaN natively. For supervised learning, you might want to consider sklearn.ensemble.HistGradientBoostingClassifier and Regressor which accept missing values encoded as NaNs natively. Alternatively, it is possible to preprocess the data, for instance by using an imputer transformer in a pipeline or drop samples with missing values. See https://scikit-learn.org/stable/modules/impute.html You can find a list of all estimators that handle NaN values at the following page: https://scikit-learn.org/stable/modules/impute.html#estimators-that-handle-nan-values",,,,,,,,,,,,,,,,,,,,,,,,,
regression__easy__ranitsarkar01_porter-delivery-time-estimation__dataset,regression__easy__ranitsarkar01_porter-delivery-time-estimation__dataset__variant_03_of_05.json,regression,total_outstanding_orders,linear,failed,"Input X contains NaN.
LinearRegression does not accept missing values encoded as NaN natively. For supervised learning, you might want to consider sklearn.ensemble.HistGradientBoostingClassifier and Regressor which accept missing values encoded as NaNs natively. Alternatively, it is possible to preprocess the data, for instance by using an imputer transformer in a pipeline or drop samples with missing values. See https://scikit-learn.org/stable/modules/impute.html You can find a list of all estimators that handle NaN values at the following page: https://scikit-learn.org/stable/modules/impute.html#estimators-that-handle-nan-values",,,,,,,,,,,,,,,,,,,,,,,,,
regression__easy__ranitsarkar01_porter-delivery-time-estimation__dataset,regression__easy__ranitsarkar01_porter-delivery-time-estimation__dataset__variant_04_of_05.json,regression,total_outstanding_orders,linear,failed,"Input X contains NaN.
LinearRegression does not accept missing values encoded as NaN natively. For supervised learning, you might want to consider sklearn.ensemble.HistGradientBoostingClassifier and Regressor which accept missing values encoded as NaNs natively. Alternatively, it is possible to preprocess the data, for instance by using an imputer transformer in a pipeline or drop samples with missing values. See https://scikit-learn.org/stable/modules/impute.html You can find a list of all estimators that handle NaN values at the following page: https://scikit-learn.org/stable/modules/impute.html#estimators-that-handle-nan-values",,,,,,,,,,,,,,,,,,,,,,,,,
regression__easy__ranitsarkar01_porter-delivery-time-estimation__dataset,regression__easy__ranitsarkar01_porter-delivery-time-estimation__dataset__variant_05_of_05.json,regression,total_outstanding_orders,linear,failed,"Input X contains NaN.
LinearRegression does not accept missing values encoded as NaN natively. For supervised learning, you might want to consider sklearn.ensemble.HistGradientBoostingClassifier and Regressor which accept missing values encoded as NaNs natively. Alternatively, it is possible to preprocess the data, for instance by using an imputer transformer in a pipeline or drop samples with missing values. See https://scikit-learn.org/stable/modules/impute.html You can find a list of all estimators that handle NaN values at the following page: https://scikit-learn.org/stable/modules/impute.html#estimators-that-handle-nan-values",,,,,,,,,,,,,,,,,,,,,,,,,
regression__easy__sakshisatre_the-boston-housing-dataset__Boston (1),regression__easy__sakshisatre_the-boston-housing-dataset__Boston (1)__variant_01_of_05.json,regression,MEDV,linear,success,,,,,,506.0,,,/home/joshua/Code/ai_projects/amalia/backend/data/uploads/datasets/regression/easy/sakshisatre_the-boston-housing-dataset/Boston (1).csv,/home/joshua/Code/ai_projects/amalia/data/batch_results/resilient_execution/models/regression__easy__sakshisatre_the-boston-housing-dataset__Boston (1).pkl,3.0,"['1:load_csv', '2:train_regression_model', '3:evaluate_regression_model']",,,,,,,,0.7373,22.1755,4.7091,3.2894,16.6337,,
regression__easy__sakshisatre_the-boston-housing-dataset__Boston (1),regression__easy__sakshisatre_the-boston-housing-dataset__Boston (1)__variant_02_of_05.json,regression,MEDV,linear,success,,,,,,506.0,,,/home/joshua/Code/ai_projects/amalia/backend/data/uploads/datasets/regression/easy/sakshisatre_the-boston-housing-dataset/Boston (1).csv,/home/joshua/Code/ai_projects/amalia/data/batch_results/resilient_execution/models/regression__easy__sakshisatre_the-boston-housing-dataset__Boston (1).pkl,3.0,"['1:load_csv', '2:train_regression_model', '3:evaluate_regression_model']",,,,,,,,0.7373,22.1755,4.7091,3.2894,16.6337,,
regression__easy__sakshisatre_the-boston-housing-dataset__Boston (1),regression__easy__sakshisatre_the-boston-housing-dataset__Boston (1)__variant_03_of_05.json,regression,MEDV,linear,success,,,,,,506.0,,,/home/joshua/Code/ai_projects/amalia/backend/data/uploads/datasets/regression/easy/sakshisatre_the-boston-housing-dataset/Boston (1).csv,/home/joshua/Code/ai_projects/amalia/data/batch_results/resilient_execution/models/regression__easy__sakshisatre_the-boston-housing-dataset__Boston (1).pkl,3.0,"['1:load_csv', '2:train_regression_model', '3:evaluate_regression_model']",,,,,,,,0.7373,22.1755,4.7091,3.2894,16.6337,,
regression__easy__sakshisatre_the-boston-housing-dataset__Boston (1),regression__easy__sakshisatre_the-boston-housing-dataset__Boston (1)__variant_04_of_05.json,regression,MEDV,linear,success,,,,,,506.0,,,/home/joshua/Code/ai_projects/amalia/backend/data/uploads/datasets/regression/easy/sakshisatre_the-boston-housing-dataset/Boston (1).csv,/home/joshua/Code/ai_projects/amalia/data/batch_results/resilient_execution/models/regression__easy__sakshisatre_the-boston-housing-dataset__Boston (1).pkl,3.0,"['1:load_csv', '2:train_regression_model', '3:evaluate_regression_model']",,,,,,,,0.7373,22.1755,4.7091,3.2894,16.6337,,
regression__easy__sakshisatre_the-boston-housing-dataset__Boston (1),regression__easy__sakshisatre_the-boston-housing-dataset__Boston (1)__variant_05_of_05.json,regression,MEDV,linear,success,,,,,,506.0,,,/home/joshua/Code/ai_projects/amalia/backend/data/uploads/datasets/regression/easy/sakshisatre_the-boston-housing-dataset/Boston (1).csv,/home/joshua/Code/ai_projects/amalia/data/batch_results/resilient_execution/models/regression__easy__sakshisatre_the-boston-housing-dataset__Boston (1).pkl,3.0,"['1:load_csv', '2:train_regression_model', '3:evaluate_regression_model']",,,,,,,,0.7373,22.1755,4.7091,3.2894,16.6337,,
regression__easy__thedevastator_age-prediction-for-individuals-using-multi-omic__test_rows,regression__easy__thedevastator_age-prediction-for-individuals-using-multi-omic__test_rows__variant_01_of_05.json,regression,KLF14_2,linear,success,,,,,,104.0,,,/home/joshua/Code/ai_projects/amalia/backend/data/uploads/datasets/regression/easy/thedevastator_age-prediction-for-individuals-using-multi-omic/test_rows.csv,/home/joshua/Code/ai_projects/amalia/data/batch_results/resilient_execution/models/regression__easy__thedevastator_age-prediction-for-individuals-using-multi-omic__test_rows.pkl,3.0,"['1:load_csv', '2:train_regression_model', '3:evaluate_regression_model']",,,,,,,,0.5172,1.953,1.3975,1.0866,52.356,,
regression__easy__thedevastator_age-prediction-for-individuals-using-multi-omic__test_rows,regression__easy__thedevastator_age-prediction-for-individuals-using-multi-omic__test_rows__variant_02_of_05.json,regression,KLF14_2,linear,success,,,,,,104.0,,,/home/joshua/Code/ai_projects/amalia/backend/data/uploads/datasets/regression/easy/thedevastator_age-prediction-for-individuals-using-multi-omic/test_rows.csv,/home/joshua/Code/ai_projects/amalia/data/batch_results/resilient_execution/models/regression__easy__thedevastator_age-prediction-for-individuals-using-multi-omic__test_rows.pkl,3.0,"['1:load_csv', '2:train_regression_model', '3:evaluate_regression_model']",,,,,,,,0.5172,1.953,1.3975,1.0866,52.356,,
regression__easy__thedevastator_age-prediction-for-individuals-using-multi-omic__test_rows,regression__easy__thedevastator_age-prediction-for-individuals-using-multi-omic__test_rows__variant_03_of_05.json,regression,,,success,,,,,,,,,/home/joshua/Code/ai_projects/amalia/backend/data/uploads/datasets/regression/easy/thedevastator_age-prediction-for-individuals-using-multi-omic/test_rows.csv,,0.0,[],,,,,,,,,,,,,,
regression__easy__thedevastator_age-prediction-for-individuals-using-multi-omic__test_rows,regression__easy__thedevastator_age-prediction-for-individuals-using-multi-omic__test_rows__variant_04_of_05.json,regression,KLF14_2,linear,success,,,,,,104.0,,,/home/joshua/Code/ai_projects/amalia/backend/data/uploads/datasets/regression/easy/thedevastator_age-prediction-for-individuals-using-multi-omic/test_rows.csv,/home/joshua/Code/ai_projects/amalia/data/batch_results/resilient_execution/models/regression__easy__thedevastator_age-prediction-for-individuals-using-multi-omic__test_rows.pkl,3.0,"['1:load_csv', '2:train_regression_model', '3:evaluate_regression_model']",,,,,,,,0.5172,1.953,1.3975,1.0866,52.356,,
regression__easy__thedevastator_age-prediction-for-individuals-using-multi-omic__test_rows,regression__easy__thedevastator_age-prediction-for-individuals-using-multi-omic__test_rows__variant_05_of_05.json,regression,KLF14_2,linear,success,,,,,,104.0,,,/home/joshua/Code/ai_projects/amalia/backend/data/uploads/datasets/regression/easy/thedevastator_age-prediction-for-individuals-using-multi-omic/test_rows.csv,/home/joshua/Code/ai_projects/amalia/data/batch_results/resilient_execution/models/regression__easy__thedevastator_age-prediction-for-individuals-using-multi-omic__test_rows.pkl,2.0,"['1:train_regression_model', '2:evaluate_regression_model']",,,,,,,,0.5172,1.953,1.3975,1.0866,52.356,,
regression__easy__zubairdhuddi_linear-regression__test,regression__easy__zubairdhuddi_linear-regression__test__variant_01_of_05.json,regression,y,linear,success,,,,,,300.0,,,/home/joshua/Code/ai_projects/amalia/backend/data/uploads/datasets/regression/easy/zubairdhuddi_linear-regression/test.csv,/home/joshua/Code/ai_projects/amalia/data/batch_results/resilient_execution/models/regression__easy__zubairdhuddi_linear-regression__test.pkl,3.0,"['1:load_csv', '2:train_regression_model', '3:evaluate_regression_model']",,,,,,,,0.9891,9.1681,3.0279,2.4134,12.9757,,
regression__easy__zubairdhuddi_linear-regression__test,regression__easy__zubairdhuddi_linear-regression__test__variant_02_of_05.json,regression,y,linear,success,,,,,,300.0,,,/home/joshua/Code/ai_projects/amalia/backend/data/uploads/datasets/regression/easy/zubairdhuddi_linear-regression/test.csv,/home/joshua/Code/ai_projects/amalia/data/batch_results/resilient_execution/models/regression__easy__zubairdhuddi_linear-regression__test.pkl,3.0,"['1:load_csv', '2:train_regression_model', '3:evaluate_regression_model']",,,,,,,,0.9891,9.1681,3.0279,2.4134,12.9757,,
regression__easy__zubairdhuddi_linear-regression__test,regression__easy__zubairdhuddi_linear-regression__test__variant_03_of_05.json,regression,y,linear,success,,,,,,300.0,,,/home/joshua/Code/ai_projects/amalia/backend/data/uploads/datasets/regression/easy/zubairdhuddi_linear-regression/test.csv,/home/joshua/Code/ai_projects/amalia/data/batch_results/resilient_execution/models/regression__easy__zubairdhuddi_linear-regression__test.pkl,3.0,"['1:load_csv', '2:train_regression_model', '3:evaluate_regression_model']",,,,,,,,0.9891,9.1681,3.0279,2.4134,12.9757,,
regression__easy__zubairdhuddi_linear-regression__test,regression__easy__zubairdhuddi_linear-regression__test__variant_04_of_05.json,regression,y,random_forest,success,,,,,,300.0,,,/home/joshua/Code/ai_projects/amalia/backend/data/uploads/datasets/regression/easy/zubairdhuddi_linear-regression/test.csv,/home/joshua/Code/ai_projects/amalia/data/batch_results/resilient_execution/models/regression__easy__zubairdhuddi_linear-regression__test.pkl,2.0,"['1:train_regression_model', '2:evaluate_regression_model']",,,,,,,,0.9919,6.7944,2.6066,2.0699,11.5587,,
regression__easy__zubairdhuddi_linear-regression__test,regression__easy__zubairdhuddi_linear-regression__test__variant_05_of_05.json,regression,y,linear,success,,,,,,60.0,,,/home/joshua/Code/ai_projects/amalia/backend/data/uploads/datasets/regression/easy/zubairdhuddi_linear-regression/test.csv,/home/joshua/Code/ai_projects/amalia/data/batch_results/resilient_execution/models/regression__easy__zubairdhuddi_linear-regression__test.pkl,2.0,"['1:load_csv', '2:train_regression_model']",regression,,,-0.0023,240.0,['x'],/home/joshua/Code/ai_projects/amalia/data/batch_results/resilient_execution/models/regression__easy__zubairdhuddi_linear-regression__test.pkl,,9.2594,3.0429,2.5178,,0.9885,0.9909
regression__hard__anujsaha0123456789_house-prices-cleaned-dataset-for-regression-ml__house_prices_cleaned,regression__hard__anujsaha0123456789_house-prices-cleaned-dataset-for-regression-ml__house_prices_cleaned__variant_01_of_05.json,regression,SalePrice,svr,success,,,,,,1460.0,,,/home/joshua/Code/ai_projects/amalia/backend/data/uploads/datasets/regression/hard/anujsaha0123456789_house-prices-cleaned-dataset-for-regression-ml/house_prices_cleaned.csv,/home/joshua/Code/ai_projects/amalia/data/batch_results/resilient_execution/models/regression__hard__anujsaha0123456789_house-prices-cleaned-dataset-for-regression-ml__house_prices_cleaned.pkl,3.0,"['1:load_csv', '2:train_regression_model', '3:evaluate_regression_model']",,,,,,,,-0.0398,6557949939.5246,80981.1703,55540.0192,32.1043,,
regression__hard__anujsaha0123456789_house-prices-cleaned-dataset-for-regression-ml__house_prices_cleaned,regression__hard__anujsaha0123456789_house-prices-cleaned-dataset-for-regression-ml__house_prices_cleaned__variant_02_of_05.json,regression,SalePrice,svr,success,,,,,,1460.0,,,/home/joshua/Code/ai_projects/amalia/backend/data/uploads/datasets/regression/hard/anujsaha0123456789_house-prices-cleaned-dataset-for-regression-ml/house_prices_cleaned.csv,/home/joshua/Code/ai_projects/amalia/data/batch_results/resilient_execution/models/regression__hard__anujsaha0123456789_house-prices-cleaned-dataset-for-regression-ml__house_prices_cleaned.pkl,3.0,"['1:load_csv', '2:train_regression_model', '3:evaluate_regression_model']",,,,,,,,-0.0398,6557949939.5246,80981.1703,55540.0192,32.1043,,
regression__hard__anujsaha0123456789_house-prices-cleaned-dataset-for-regression-ml__house_prices_cleaned,regression__hard__anujsaha0123456789_house-prices-cleaned-dataset-for-regression-ml__house_prices_cleaned__variant_03_of_05.json,regression,SalePrice,svr,success,,,,,,1460.0,,,/home/joshua/Code/ai_projects/amalia/backend/data/uploads/datasets/regression/hard/anujsaha0123456789_house-prices-cleaned-dataset-for-regression-ml/house_prices_cleaned.csv,/home/joshua/Code/ai_projects/amalia/data/batch_results/resilient_execution/models/regression__hard__anujsaha0123456789_house-prices-cleaned-dataset-for-regression-ml__house_prices_cleaned.pkl,3.0,"['1:load_csv', '2:train_regression_model', '3:evaluate_regression_model']",,,,,,,,-0.0398,6557949939.5246,80981.1703,55540.0192,32.1043,,
regression__hard__anujsaha0123456789_house-prices-cleaned-dataset-for-regression-ml__house_prices_cleaned,regression__hard__anujsaha0123456789_house-prices-cleaned-dataset-for-regression-ml__house_prices_cleaned__variant_04_of_05.json,regression,SalePrice,svr,success,,,,,,1460.0,,,/home/joshua/Code/ai_projects/amalia/backend/data/uploads/datasets/regression/hard/anujsaha0123456789_house-prices-cleaned-dataset-for-regression-ml/house_prices_cleaned.csv,/home/joshua/Code/ai_projects/amalia/data/batch_results/resilient_execution/models/regression__hard__anujsaha0123456789_house-prices-cleaned-dataset-for-regression-ml__house_prices_cleaned.pkl,3.0,"['1:load_csv', '2:train_regression_model', '3:evaluate_regression_model']",,,,,,,,-0.0398,6557949939.5246,80981.1703,55540.0192,32.1043,,
regression__hard__anujsaha0123456789_house-prices-cleaned-dataset-for-regression-ml__house_prices_cleaned,regression__hard__anujsaha0123456789_house-prices-cleaned-dataset-for-regression-ml__house_prices_cleaned__variant_05_of_05.json,regression,SalePrice,svr,success,,,,,,1460.0,,,/home/joshua/Code/ai_projects/amalia/backend/data/uploads/datasets/regression/hard/anujsaha0123456789_house-prices-cleaned-dataset-for-regression-ml/house_prices_cleaned.csv,/home/joshua/Code/ai_projects/amalia/data/batch_results/resilient_execution/models/regression__hard__anujsaha0123456789_house-prices-cleaned-dataset-for-regression-ml__house_prices_cleaned.pkl,3.0,"['1:load_csv', '2:train_regression_model', '3:evaluate_regression_model']",,,,,,,,-0.0398,6557949939.5246,80981.1703,55540.0192,32.1043,,
regression__hard__bharatsahu_house-price-prediction-dataset-insurancehub-usa__House_price_multifeatures,regression__hard__bharatsahu_house-price-prediction-dataset-insurancehub-usa__House_price_multifeatures__variant_01_of_05.json,classification,TTTerritory,decision_tree,failed,Input contains NaN,,,,,,,,,,,,,,,,,,,,,,,,,
regression__hard__bharatsahu_house-price-prediction-dataset-insurancehub-usa__House_price_multifeatures,regression__hard__bharatsahu_house-price-prediction-dataset-insurancehub-usa__House_price_multifeatures__variant_02_of_05.json,classification,TTTerritory,decision_tree,failed,Input contains NaN,,,,,,,,,,,,,,,,,,,,,,,,,
regression__hard__bharatsahu_house-price-prediction-dataset-insurancehub-usa__House_price_multifeatures,regression__hard__bharatsahu_house-price-prediction-dataset-insurancehub-usa__House_price_multifeatures__variant_03_of_05.json,classification,TTTerritory,decision_tree,failed,Input contains NaN,,,,,,,,,,,,,,,,,,,,,,,,,
regression__hard__bharatsahu_house-price-prediction-dataset-insurancehub-usa__House_price_multifeatures,regression__hard__bharatsahu_house-price-prediction-dataset-insurancehub-usa__House_price_multifeatures__variant_04_of_05.json,classification,TTTerritory,decision_tree,failed,Input contains NaN,,,,,,,,,,,,,,,,,,,,,,,,,
regression__hard__bharatsahu_house-price-prediction-dataset-insurancehub-usa__House_price_multifeatures,regression__hard__bharatsahu_house-price-prediction-dataset-insurancehub-usa__House_price_multifeatures__variant_05_of_05.json,classification,TTTerritory,decision_tree,failed,Input contains NaN,,,,,,,,,,,,,,,,,,,,,,,,,
regression__hard__bjaton_housepricesadvancedregressiontechniquestrain__train,regression__hard__bjaton_housepricesadvancedregressiontechniquestrain__train__variant_01_of_05.json,regression,SalePrice,ridge,failed,"Input X contains NaN.
Ridge does not accept missing values encoded as NaN natively. For supervised learning, you might want to consider sklearn.ensemble.HistGradientBoostingClassifier and Regressor which accept missing values encoded as NaNs natively. Alternatively, it is possible to preprocess the data, for instance by using an imputer transformer in a pipeline or drop samples with missing values. See https://scikit-learn.org/stable/modules/impute.html You can find a list of all estimators that handle NaN values at the following page: https://scikit-learn.org/stable/modules/impute.html#estimators-that-handle-nan-values",,,,,,,,,,,,,,,,,,,,,,,,,
regression__hard__bjaton_housepricesadvancedregressiontechniquestrain__train,regression__hard__bjaton_housepricesadvancedregressiontechniquestrain__train__variant_02_of_05.json,regression,SalePrice,ridge,failed,"Input X contains NaN.
Ridge does not accept missing values encoded as NaN natively. For supervised learning, you might want to consider sklearn.ensemble.HistGradientBoostingClassifier and Regressor which accept missing values encoded as NaNs natively. Alternatively, it is possible to preprocess the data, for instance by using an imputer transformer in a pipeline or drop samples with missing values. See https://scikit-learn.org/stable/modules/impute.html You can find a list of all estimators that handle NaN values at the following page: https://scikit-learn.org/stable/modules/impute.html#estimators-that-handle-nan-values",,,,,,,,,,,,,,,,,,,,,,,,,
regression__hard__bjaton_housepricesadvancedregressiontechniquestrain__train,regression__hard__bjaton_housepricesadvancedregressiontechniquestrain__train__variant_03_of_05.json,regression,SalePrice,ridge,failed,"Input X contains NaN.
Ridge does not accept missing values encoded as NaN natively. For supervised learning, you might want to consider sklearn.ensemble.HistGradientBoostingClassifier and Regressor which accept missing values encoded as NaNs natively. Alternatively, it is possible to preprocess the data, for instance by using an imputer transformer in a pipeline or drop samples with missing values. See https://scikit-learn.org/stable/modules/impute.html You can find a list of all estimators that handle NaN values at the following page: https://scikit-learn.org/stable/modules/impute.html#estimators-that-handle-nan-values",,,,,,,,,,,,,,,,,,,,,,,,,
regression__hard__bjaton_housepricesadvancedregressiontechniquestrain__train,regression__hard__bjaton_housepricesadvancedregressiontechniquestrain__train__variant_04_of_05.json,regression,SalePrice,ridge,failed,"Input X contains NaN.
Ridge does not accept missing values encoded as NaN natively. For supervised learning, you might want to consider sklearn.ensemble.HistGradientBoostingClassifier and Regressor which accept missing values encoded as NaNs natively. Alternatively, it is possible to preprocess the data, for instance by using an imputer transformer in a pipeline or drop samples with missing values. See https://scikit-learn.org/stable/modules/impute.html You can find a list of all estimators that handle NaN values at the following page: https://scikit-learn.org/stable/modules/impute.html#estimators-that-handle-nan-values",,,,,,,,,,,,,,,,,,,,,,,,,
regression__hard__bjaton_housepricesadvancedregressiontechniquestrain__train,regression__hard__bjaton_housepricesadvancedregressiontechniquestrain__train__variant_05_of_05.json,regression,SalePrice,ridge,failed,"Input X contains NaN.
Ridge does not accept missing values encoded as NaN natively. For supervised learning, you might want to consider sklearn.ensemble.HistGradientBoostingClassifier and Regressor which accept missing values encoded as NaNs natively. Alternatively, it is possible to preprocess the data, for instance by using an imputer transformer in a pipeline or drop samples with missing values. See https://scikit-learn.org/stable/modules/impute.html You can find a list of all estimators that handle NaN values at the following page: https://scikit-learn.org/stable/modules/impute.html#estimators-that-handle-nan-values",,,,,,,,,,,,,,,,,,,,,,,,,
regression__hard__bobnau_daily-website-visitors__daily-website-visitors,regression__hard__bobnau_daily-website-visitors__daily-website-visitors__variant_01_of_05.json,regression,Returning.Visits,linear,failed,"could not convert string to float: '1,036'",,,,,,,,,,,,,,,,,,,,,,,,,
regression__hard__bobnau_daily-website-visitors__daily-website-visitors,regression__hard__bobnau_daily-website-visitors__daily-website-visitors__variant_02_of_05.json,regression,Returning.Visits,linear,failed,"could not convert string to float: '1,036'",,,,,,,,,,,,,,,,,,,,,,,,,
regression__hard__bobnau_daily-website-visitors__daily-website-visitors,regression__hard__bobnau_daily-website-visitors__daily-website-visitors__variant_03_of_05.json,regression,Returning.Visits,linear,failed,"could not convert string to float: '1,036'",,,,,,,,,,,,,,,,,,,,,,,,,
regression__hard__bobnau_daily-website-visitors__daily-website-visitors,regression__hard__bobnau_daily-website-visitors__daily-website-visitors__variant_04_of_05.json,regression,Returning.Visits,linear,failed,"could not convert string to float: '1,036'",,,,,,,,,,,,,,,,,,,,,,,,,
regression__hard__bobnau_daily-website-visitors__daily-website-visitors,regression__hard__bobnau_daily-website-visitors__daily-website-visitors__variant_05_of_05.json,regression,Returning.Visits,linear,failed,"could not convert string to float: '1,036'",,,,,,,,,,,,,,,,,,,,,,,,,
regression__hard__deepcontractor_car-price-prediction-challenge__car_price_prediction,regression__hard__deepcontractor_car-price-prediction-challenge__car_price_prediction__variant_01_of_05.json,classification,Airbags,logistic,success,,0.3855,0.2311,0.3855,0.2885,19237.0,17.0,False,/home/joshua/Code/ai_projects/amalia/backend/data/uploads/datasets/regression/hard/deepcontractor_car-price-prediction-challenge/car_price_prediction.csv,/home/joshua/Code/ai_projects/amalia/data/batch_results/resilient_execution/models/regression__hard__deepcontractor_car-price-prediction-challenge__car_price_prediction.pkl,3.0,"['1:load_csv', '2:train_classification_model', '3:evaluate_classification_model']",,,,,,,,,,,,,,
regression__hard__deepcontractor_car-price-prediction-challenge__car_price_prediction,regression__hard__deepcontractor_car-price-prediction-challenge__car_price_prediction__variant_02_of_05.json,classification,Airbags,logistic,success,,0.3855,0.2311,0.3855,0.2885,19237.0,17.0,False,/home/joshua/Code/ai_projects/amalia/backend/data/uploads/datasets/regression/hard/deepcontractor_car-price-prediction-challenge/car_price_prediction.csv,/home/joshua/Code/ai_projects/amalia/data/batch_results/resilient_execution/models/regression__hard__deepcontractor_car-price-prediction-challenge__car_price_prediction.pkl,3.0,"['1:load_csv', '2:train_classification_model', '3:evaluate_classification_model']",,,,,,,,,,,,,,
regression__hard__deepcontractor_car-price-prediction-challenge__car_price_prediction,regression__hard__deepcontractor_car-price-prediction-challenge__car_price_prediction__variant_03_of_05.json,classification,Airbags,logistic,success,,0.3855,0.2311,0.3855,0.2885,19237.0,17.0,False,/home/joshua/Code/ai_projects/amalia/backend/data/uploads/datasets/regression/hard/deepcontractor_car-price-prediction-challenge/car_price_prediction.csv,/home/joshua/Code/ai_projects/amalia/data/batch_results/resilient_execution/models/regression__hard__deepcontractor_car-price-prediction-challenge__car_price_prediction.pkl,3.0,"['1:load_csv', '2:train_classification_model', '3:evaluate_classification_model']",,,,,,,,,,,,,,
regression__hard__deepcontractor_car-price-prediction-challenge__car_price_prediction,regression__hard__deepcontractor_car-price-prediction-challenge__car_price_prediction__variant_04_of_05.json,classification,Airbags,logistic,success,,0.3855,0.2311,0.3855,0.2885,19237.0,17.0,False,/home/joshua/Code/ai_projects/amalia/backend/data/uploads/datasets/regression/hard/deepcontractor_car-price-prediction-challenge/car_price_prediction.csv,/home/joshua/Code/ai_projects/amalia/data/batch_results/resilient_execution/models/regression__hard__deepcontractor_car-price-prediction-challenge__car_price_prediction.pkl,3.0,"['1:load_csv', '2:train_classification_model', '3:evaluate_classification_model']",,,,,,,,,,,,,,
regression__hard__deepcontractor_car-price-prediction-challenge__car_price_prediction,regression__hard__deepcontractor_car-price-prediction-challenge__car_price_prediction__variant_05_of_05.json,classification,Airbags,logistic,success,,0.3855,0.2311,0.3855,0.2885,19237.0,17.0,False,/home/joshua/Code/ai_projects/amalia/backend/data/uploads/datasets/regression/hard/deepcontractor_car-price-prediction-challenge/car_price_prediction.csv,/home/joshua/Code/ai_projects/amalia/data/batch_results/resilient_execution/models/regression__hard__deepcontractor_car-price-prediction-challenge__car_price_prediction.pkl,3.0,"['1:load_csv', '2:train_classification_model', '3:evaluate_classification_model']",,,,,,,,,,,,,,
regression__hard__kanchana1990_colorado-real-estate-market-2026__colorado_real_estate_2026,regression__hard__kanchana1990_colorado-real-estate-market-2026__colorado_real_estate_2026__variant_01_of_05.json,classification,garage,logistic,failed,"Input X contains NaN.
LogisticRegression does not accept missing values encoded as NaN natively. For supervised learning, you might want to consider sklearn.ensemble.HistGradientBoostingClassifier and Regressor which accept missing values encoded as NaNs natively. Alternatively, it is possible to preprocess the data, for instance by using an imputer transformer in a pipeline or drop samples with missing values. See https://scikit-learn.org/stable/modules/impute.html You can find a list of all estimators that handle NaN values at the following page: https://scikit-learn.org/stable/modules/impute.html#estimators-that-handle-nan-values",,,,,,,,,,,,,,,,,,,,,,,,,
regression__hard__kanchana1990_colorado-real-estate-market-2026__colorado_real_estate_2026,regression__hard__kanchana1990_colorado-real-estate-market-2026__colorado_real_estate_2026__variant_02_of_05.json,classification,garage,logistic,failed,"Input X contains NaN.
LogisticRegression does not accept missing values encoded as NaN natively. For supervised learning, you might want to consider sklearn.ensemble.HistGradientBoostingClassifier and Regressor which accept missing values encoded as NaNs natively. Alternatively, it is possible to preprocess the data, for instance by using an imputer transformer in a pipeline or drop samples with missing values. See https://scikit-learn.org/stable/modules/impute.html You can find a list of all estimators that handle NaN values at the following page: https://scikit-learn.org/stable/modules/impute.html#estimators-that-handle-nan-values",,,,,,,,,,,,,,,,,,,,,,,,,
regression__hard__kanchana1990_colorado-real-estate-market-2026__colorado_real_estate_2026,regression__hard__kanchana1990_colorado-real-estate-market-2026__colorado_real_estate_2026__variant_03_of_05.json,classification,garage,logistic,failed,"Input X contains NaN.
LogisticRegression does not accept missing values encoded as NaN natively. For supervised learning, you might want to consider sklearn.ensemble.HistGradientBoostingClassifier and Regressor which accept missing values encoded as NaNs natively. Alternatively, it is possible to preprocess the data, for instance by using an imputer transformer in a pipeline or drop samples with missing values. See https://scikit-learn.org/stable/modules/impute.html You can find a list of all estimators that handle NaN values at the following page: https://scikit-learn.org/stable/modules/impute.html#estimators-that-handle-nan-values",,,,,,,,,,,,,,,,,,,,,,,,,
regression__hard__kanchana1990_colorado-real-estate-market-2026__colorado_real_estate_2026,regression__hard__kanchana1990_colorado-real-estate-market-2026__colorado_real_estate_2026__variant_04_of_05.json,classification,garage,logistic,failed,"Input X contains NaN.
LogisticRegression does not accept missing values encoded as NaN natively. For supervised learning, you might want to consider sklearn.ensemble.HistGradientBoostingClassifier and Regressor which accept missing values encoded as NaNs natively. Alternatively, it is possible to preprocess the data, for instance by using an imputer transformer in a pipeline or drop samples with missing values. See https://scikit-learn.org/stable/modules/impute.html You can find a list of all estimators that handle NaN values at the following page: https://scikit-learn.org/stable/modules/impute.html#estimators-that-handle-nan-values",,,,,,,,,,,,,,,,,,,,,,,,,
regression__hard__kanchana1990_colorado-real-estate-market-2026__colorado_real_estate_2026,regression__hard__kanchana1990_colorado-real-estate-market-2026__colorado_real_estate_2026__variant_05_of_05.json,classification,garage,logistic,failed,"Input X contains NaN.
LogisticRegression does not accept missing values encoded as NaN natively. For supervised learning, you might want to consider sklearn.ensemble.HistGradientBoostingClassifier and Regressor which accept missing values encoded as NaNs natively. Alternatively, it is possible to preprocess the data, for instance by using an imputer transformer in a pipeline or drop samples with missing values. See https://scikit-learn.org/stable/modules/impute.html You can find a list of all estimators that handle NaN values at the following page: https://scikit-learn.org/stable/modules/impute.html#estimators-that-handle-nan-values",,,,,,,,,,,,,,,,,,,,,,,,,
regression__hard__milanvaddoriya_old-car-price-prediction__car_price,regression__hard__milanvaddoriya_old-car-price-prediction__car_price__variant_01_of_05.json,regression,,,failed,invalid literal for int() with base 10: '0.80.80.80.80.80.80.80.80.80.80.80.80.80.80.80.80.80.80.80.80.80.80.80.80.80.80.80.80.80.80.80.80.80.80.80.80.80.80.80.80.80.80.80.80.80.80.80.80.80.80.80.80.80.80.80.80.80.80.80.80.80.80.80.80.80.80,,,,,,,,,,,,,,,,,,,,,,,,,
regression__hard__milanvaddoriya_old-car-price-prediction__car_price,regression__hard__milanvaddoriya_old-car-price-prediction__car_price__variant_02_of_05.json,classification,Seats,logistic,success,,0.8478,0.7187,0.8478,0.7779,5512.0,6.0,False,/home/joshua/Code/ai_projects/amalia/backend/data/uploads/datasets/regression/hard/milanvaddoriya_old-car-price-prediction/car_price.csv,/home/joshua/Code/ai_projects/amalia/data/batch_results/resilient_execution/models/regression__hard__milanvaddoriya_old-car-price-prediction__car_price.pkl,3.0,"['1:load_csv', '2:train_classification_model', '3:evaluate_classification_model']",,,,,,,,,,,,,,
regression__hard__milanvaddoriya_old-car-price-prediction__car_price,regression__hard__milanvaddoriya_old-car-price-prediction__car_price__variant_03_of_05.json,classification,Seats,logistic,success,,0.8478,0.7187,0.8478,0.7779,5512.0,6.0,False,/home/joshua/Code/ai_projects/amalia/backend/data/uploads/datasets/regression/hard/milanvaddoriya_old-car-price-prediction/car_price.csv,/home/joshua/Code/ai_projects/amalia/data/batch_results/resilient_execution/models/regression__hard__milanvaddoriya_old-car-price-prediction__car_price.pkl,3.0,"['1:load_csv', '2:train_classification_model', '3:evaluate_classification_model']",,,,,,,,,,,,,,
regression__hard__milanvaddoriya_old-car-price-prediction__car_price,regression__hard__milanvaddoriya_old-car-price-prediction__car_price__variant_04_of_05.json,classification,Seats,logistic,success,,0.8478,0.7187,0.8478,0.7779,5512.0,6.0,False,/home/joshua/Code/ai_projects/amalia/backend/data/uploads/datasets/regression/hard/milanvaddoriya_old-car-price-prediction/car_price.csv,/home/joshua/Code/ai_projects/amalia/data/batch_results/resilient_execution/models/regression__hard__milanvaddoriya_old-car-price-prediction__car_price.pkl,3.0,"['1:load_csv', '2:train_classification_model', '3:evaluate_classification_model']",,,,,,,,,,,,,,
regression__hard__milanvaddoriya_old-car-price-prediction__car_price,regression__hard__milanvaddoriya_old-car-price-prediction__car_price__variant_05_of_05.json,regression,,,success,,,,,,,,,/home/joshua/Code/ai_projects/amalia/backend/data/uploads/datasets/regression/hard/milanvaddoriya_old-car-price-prediction/car_price.csv,,1.0,['1:load_csv'],,,,,,,,,,,,,,
regression__hard__spittman1248_cdc-data-nutrition-physical-activity-obesity__Nutrition__Physical_Activity__and_Obesity_-_Behavioral_Risk_Factor_Surveillance_System,regression__hard__spittman1248_cdc-data-nutrition-physical-activity-obesity__Nutrition__Physical_Activity__and_Obesity_-_Behavioral_Risk_Factor_Surveillance_System__variant_01_of_05.json,regression,Class,linear,failed,"Input X contains NaN.
LinearRegression does not accept missing values encoded as NaN natively. For supervised learning, you might want to consider sklearn.ensemble.HistGradientBoostingClassifier and Regressor which accept missing values encoded as NaNs natively. Alternatively, it is possible to preprocess the data, for instance by using an imputer transformer in a pipeline or drop samples with missing values. See https://scikit-learn.org/stable/modules/impute.html You can find a list of all estimators that handle NaN values at the following page: https://scikit-learn.org/stable/modules/impute.html#estimators-that-handle-nan-values",,,,,,,,,,,,,,,,,,,,,,,,,
regression__hard__spittman1248_cdc-data-nutrition-physical-activity-obesity__Nutrition__Physical_Activity__and_Obesity_-_Behavioral_Risk_Factor_Surveillance_System,regression__hard__spittman1248_cdc-data-nutrition-physical-activity-obesity__Nutrition__Physical_Activity__and_Obesity_-_Behavioral_Risk_Factor_Surveillance_System__variant_02_of_05.json,regression,,,failed,"Input X contains NaN.
SelectKBest does not accept missing values encoded as NaN natively. For supervised learning, you might want to consider sklearn.ensemble.HistGradientBoostingClassifier and Regressor which accept missing values encoded as NaNs natively. Alternatively, it is possible to preprocess the data, for instance by using an imputer transformer in a pipeline or drop samples with missing values. See https://scikit-learn.org/stable/modules/impute.html You can find a list of all estimators that handle NaN values at the following page: https://scikit-learn.org/stable/modules/impute.html#estimators-that-handle-nan-values",,,,,,,,,,,,,,,,,,,,,,,,,
regression__hard__spittman1248_cdc-data-nutrition-physical-activity-obesity__Nutrition__Physical_Activity__and_Obesity_-_Behavioral_Risk_Factor_Surveillance_System,regression__hard__spittman1248_cdc-data-nutrition-physical-activity-obesity__Nutrition__Physical_Activity__and_Obesity_-_Behavioral_Risk_Factor_Surveillance_System__variant_03_of_05.json,regression,Data_Value,gradient_boosting,failed,"Input X contains NaN.
GradientBoostingRegressor does not accept missing values encoded as NaN natively. For supervised learning, you might want to consider sklearn.ensemble.HistGradientBoostingClassifier and Regressor which accept missing values encoded as NaNs natively. Alternatively, it is possible to preprocess the data, for instance by using an imputer transformer in a pipeline or drop samples with missing values. See https://scikit-learn.org/stable/modules/impute.html You can find a list of all estimators that handle NaN values at the following page: https://scikit-learn.org/stable/modules/impute.html#estimators-that-handle-nan-values",,,,,,,,,,,,,,,,,,,,,,,,,
regression__hard__spittman1248_cdc-data-nutrition-physical-activity-obesity__Nutrition__Physical_Activity__and_Obesity_-_Behavioral_Risk_Factor_Surveillance_System,regression__hard__spittman1248_cdc-data-nutrition-physical-activity-obesity__Nutrition__Physical_Activity__and_Obesity_-_Behavioral_Risk_Factor_Surveillance_System__variant_04_of_05.json,classification,Class,naive_bayes,failed,"Input X contains NaN.
GaussianNB does not accept missing values encoded as NaN natively. For supervised learning, you might want to consider sklearn.ensemble.HistGradientBoostingClassifier and Regressor which accept missing values encoded as NaNs natively. Alternatively, it is possible to preprocess the data, for instance by using an imputer transformer in a pipeline or drop samples with missing values. See https://scikit-learn.org/stable/modules/impute.html You can find a list of all estimators that handle NaN values at the following page: https://scikit-learn.org/stable/modules/impute.html#estimators-that-handle-nan-values",,,,,,,,,,,,,,,,,,,,,,,,,
regression__hard__spittman1248_cdc-data-nutrition-physical-activity-obesity__Nutrition__Physical_Activity__and_Obesity_-_Behavioral_Risk_Factor_Surveillance_System,regression__hard__spittman1248_cdc-data-nutrition-physical-activity-obesity__Nutrition__Physical_Activity__and_Obesity_-_Behavioral_Risk_Factor_Surveillance_System__variant_05_of_05.json,classification,Class,naive_bayes,failed,"Input X contains NaN.
GaussianNB does not accept missing values encoded as NaN natively. For supervised learning, you might want to consider sklearn.ensemble.HistGradientBoostingClassifier and Regressor which accept missing values encoded as NaNs natively. Alternatively, it is possible to preprocess the data, for instance by using an imputer transformer in a pipeline or drop samples with missing values. See https://scikit-learn.org/stable/modules/impute.html You can find a list of all estimators that handle NaN values at the following page: https://scikit-learn.org/stable/modules/impute.html#estimators-that-handle-nan-values",,,,,,,,,,,,,,,,,,,,,,,,,
regression__hard__taweilo_mba-admission-dataset__MBA,regression__hard__taweilo_mba-admission-dataset__MBA__variant_01_of_05.json,regression,admission,linear,failed,Input contains NaN,,,,,,,,,,,,,,,,,,,,,,,,,
regression__hard__taweilo_mba-admission-dataset__MBA,regression__hard__taweilo_mba-admission-dataset__MBA__variant_02_of_05.json,classification,admission,logistic,failed,Input contains NaN,,,,,,,,,,,,,,,,,,,,,,,,,
regression__hard__taweilo_mba-admission-dataset__MBA,regression__hard__taweilo_mba-admission-dataset__MBA__variant_03_of_05.json,classification,admission,logistic,failed,Input contains NaN,,,,,,,,,,,,,,,,,,,,,,,,,
regression__hard__taweilo_mba-admission-dataset__MBA,regression__hard__taweilo_mba-admission-dataset__MBA__variant_04_of_05.json,classification,admission,logistic,failed,Input contains NaN,,,,,,,,,,,,,,,,,,,,,,,,,
regression__hard__taweilo_mba-admission-dataset__MBA,regression__hard__taweilo_mba-admission-dataset__MBA__variant_05_of_05.json,classification,admission,logistic,failed,Input contains NaN,,,,,,,,,,,,,,,,,,,,,,,,,
regression__hard__valakhorasani_tehran-house-prices-dataset__TehranHouse,regression__hard__valakhorasani_tehran-house-prices-dataset__TehranHouse__variant_01_of_05.json,regression,Price(USD),linear,success,,,,,,3479.0,,,/home/joshua/Code/ai_projects/amalia/backend/data/uploads/datasets/regression/hard/valakhorasani_tehran-house-prices-dataset/TehranHouse.csv,/home/joshua/Code/ai_projects/amalia/data/batch_results/resilient_execution/models/regression__hard__valakhorasani_tehran-house-prices-dataset__TehranHouse.pkl,3.0,"['1:load_csv', '2:train_regression_model', '3:evaluate_regression_model']",,,,,,,,1.0,0.0,0.0026,0.0021,0.0,,
regression__hard__valakhorasani_tehran-house-prices-dataset__TehranHouse,regression__hard__valakhorasani_tehran-house-prices-dataset__TehranHouse__variant_02_of_05.json,regression,Price(USD),gradient_boosting,success,,,,,,696.0,,,/home/joshua/Code/ai_projects/amalia/backend/data/uploads/datasets/regression/hard/valakhorasani_tehran-house-prices-dataset/TehranHouse.csv,/home/joshua/Code/ai_projects/amalia/data/batch_results/resilient_execution/models/regression__hard__valakhorasani_tehran-house-prices-dataset__TehranHouse.pkl,4.0,"['1:handle_missing_values', '1:encode_categorical', '1:scale_features', '2:train_regression_model']",regression,,,0.0002,2783.0,"['Area', 'Room', 'Parking', 'Warehouse', 'Elevator', 'Address', 'Price']",/home/joshua/Code/ai_projects/amalia/data/batch_results/resilient_execution/models/regression__hard__valakhorasani_tehran-house-prices-dataset__TehranHouse.pkl,,16647152.3272,4080.0922,1248.8611,,1.0,0.9998
regression__hard__valakhorasani_tehran-house-prices-dataset__TehranHouse,regression__hard__valakhorasani_tehran-house-prices-dataset__TehranHouse__variant_03_of_05.json,regression,Price(USD),linear,success,,,,,,3479.0,,,/home/joshua/Code/ai_projects/amalia/backend/data/uploads/datasets/regression/hard/valakhorasani_tehran-house-prices-dataset/TehranHouse.csv,/home/joshua/Code/ai_projects/amalia/data/batch_results/resilient_execution/models/regression__hard__valakhorasani_tehran-house-prices-dataset__TehranHouse.pkl,3.0,"['1:load_csv', '2:train_regression_model', '3:evaluate_regression_model']",,,,,,,,1.0,0.0,0.0026,0.0021,0.0,,
regression__hard__valakhorasani_tehran-house-prices-dataset__TehranHouse,regression__hard__valakhorasani_tehran-house-prices-dataset__TehranHouse__variant_04_of_05.json,regression,Price(USD),linear,success,,,,,,3479.0,,,/home/joshua/Code/ai_projects/amalia/backend/data/uploads/datasets/regression/hard/valakhorasani_tehran-house-prices-dataset/TehranHouse.csv,/home/joshua/Code/ai_projects/amalia/data/batch_results/resilient_execution/models/regression__hard__valakhorasani_tehran-house-prices-dataset__TehranHouse.pkl,3.0,"['1:load_csv', '2:train_regression_model', '3:evaluate_regression_model']",,,,,,,,1.0,0.0,0.0026,0.0021,0.0,,
regression__hard__valakhorasani_tehran-house-prices-dataset__TehranHouse,regression__hard__valakhorasani_tehran-house-prices-dataset__TehranHouse__variant_05_of_05.json,regression,Price(USD),linear,success,,,,,,3479.0,,,/home/joshua/Code/ai_projects/amalia/backend/data/uploads/datasets/regression/hard/valakhorasani_tehran-house-prices-dataset/TehranHouse.csv,/home/joshua/Code/ai_projects/amalia/data/batch_results/resilient_execution/models/regression__hard__valakhorasani_tehran-house-prices-dataset__TehranHouse.pkl,3.0,"['1:load_csv', '2:train_regression_model', '3:evaluate_regression_model']",,,,,,,,1.0,0.0,0.0026,0.0021,0.0,,
regression__mid__CooperUnion_cardataset__data,regression__mid__CooperUnion_cardataset__data__variant_01_of_05.json,regression,MSRP,linear,failed,"Input X contains NaN.
LinearRegression does not accept missing values encoded as NaN natively. For supervised learning, you might want to consider sklearn.ensemble.HistGradientBoostingClassifier and Regressor which accept missing values encoded as NaNs natively. Alternatively, it is possible to preprocess the data, for instance by using an imputer transformer in a pipeline or drop samples with missing values. See https://scikit-learn.org/stable/modules/impute.html You can find a list of all estimators that handle NaN values at the following page: https://scikit-learn.org/stable/modules/impute.html#estimators-that-handle-nan-values",,,,,,,,,,,,,,,,,,,,,,,,,
regression__mid__CooperUnion_cardataset__data,regression__mid__CooperUnion_cardataset__data__variant_02_of_05.json,regression,MSRP,linear,failed,"Input X contains NaN.
LinearRegression does not accept missing values encoded as NaN natively. For supervised learning, you might want to consider sklearn.ensemble.HistGradientBoostingClassifier and Regressor which accept missing values encoded as NaNs natively. Alternatively, it is possible to preprocess the data, for instance by using an imputer transformer in a pipeline or drop samples with missing values. See https://scikit-learn.org/stable/modules/impute.html You can find a list of all estimators that handle NaN values at the following page: https://scikit-learn.org/stable/modules/impute.html#estimators-that-handle-nan-values",,,,,,,,,,,,,,,,,,,,,,,,,
regression__mid__CooperUnion_cardataset__data,regression__mid__CooperUnion_cardataset__data__variant_03_of_05.json,regression,MSRP,linear,failed,"Input X contains NaN.
LinearRegression does not accept missing values encoded as NaN natively. For supervised learning, you might want to consider sklearn.ensemble.HistGradientBoostingClassifier and Regressor which accept missing values encoded as NaNs natively. Alternatively, it is possible to preprocess the data, for instance by using an imputer transformer in a pipeline or drop samples with missing values. See https://scikit-learn.org/stable/modules/impute.html You can find a list of all estimators that handle NaN values at the following page: https://scikit-learn.org/stable/modules/impute.html#estimators-that-handle-nan-values",,,,,,,,,,,,,,,,,,,,,,,,,
regression__mid__CooperUnion_cardataset__data,regression__mid__CooperUnion_cardataset__data__variant_04_of_05.json,regression,MSRP,linear,failed,"Input X contains NaN.
LinearRegression does not accept missing values encoded as NaN natively. For supervised learning, you might want to consider sklearn.ensemble.HistGradientBoostingClassifier and Regressor which accept missing values encoded as NaNs natively. Alternatively, it is possible to preprocess the data, for instance by using an imputer transformer in a pipeline or drop samples with missing values. See https://scikit-learn.org/stable/modules/impute.html You can find a list of all estimators that handle NaN values at the following page: https://scikit-learn.org/stable/modules/impute.html#estimators-that-handle-nan-values",,,,,,,,,,,,,,,,,,,,,,,,,
regression__mid__CooperUnion_cardataset__data,regression__mid__CooperUnion_cardataset__data__variant_05_of_05.json,regression,MSRP,linear,failed,"Input X contains NaN.
LinearRegression does not accept missing values encoded as NaN natively. For supervised learning, you might want to consider sklearn.ensemble.HistGradientBoostingClassifier and Regressor which accept missing values encoded as NaNs natively. Alternatively, it is possible to preprocess the data, for instance by using an imputer transformer in a pipeline or drop samples with missing values. See https://scikit-learn.org/stable/modules/impute.html You can find a list of all estimators that handle NaN values at the following page: https://scikit-learn.org/stable/modules/impute.html#estimators-that-handle-nan-values",,,,,,,,,,,,,,,,,,,,,,,,,
regression__mid__alamshihab075_health-and-lifestyle-data-for-diabetes-prediction__Diabetes_and_LifeStyle_Dataset ,regression__mid__alamshihab075_health-and-lifestyle-data-for-diabetes-prediction__Diabetes_and_LifeStyle_Dataset __variant_01_of_05.json,classification,diagnosed_diabetes,decision_tree,success,,0.9996,0.9999,0.9994,0.9997,97297.0,2.0,True,/home/joshua/Code/ai_projects/amalia/backend/data/uploads/datasets/regression/mid/alamshihab075_health-and-lifestyle-data-for-diabetes-prediction/Diabetes_and_LifeStyle_Dataset .csv,/home/joshua/Code/ai_projects/amalia/data/batch_results/resilient_execution/models/regression__mid__alamshihab075_health-and-lifestyle-data-for-diabetes-prediction__Diabetes_and_LifeStyle_Dataset .pkl,3.0,"['1:load_csv', '2:train_classification_model', '3:evaluate_classification_model']",,,,,,,,,,,,,,
regression__mid__alamshihab075_health-and-lifestyle-data-for-diabetes-prediction__Diabetes_and_LifeStyle_Dataset ,regression__mid__alamshihab075_health-and-lifestyle-data-for-diabetes-prediction__Diabetes_and_LifeStyle_Dataset __variant_02_of_05.json,classification,diagnosed_diabetes,decision_tree,success,,0.9996,0.9999,0.9994,0.9997,97297.0,2.0,True,/home/joshua/Code/ai_projects/amalia/backend/data/uploads/datasets/regression/mid/alamshihab075_health-and-lifestyle-data-for-diabetes-prediction/Diabetes_and_LifeStyle_Dataset .csv,/home/joshua/Code/ai_projects/amalia/data/batch_results/resilient_execution/models/regression__mid__alamshihab075_health-and-lifestyle-data-for-diabetes-prediction__Diabetes_and_LifeStyle_Dataset .pkl,3.0,"['1:load_csv', '2:train_classification_model', '3:evaluate_classification_model']",,,,,,,,,,,,,,
regression__mid__alamshihab075_health-and-lifestyle-data-for-diabetes-prediction__Diabetes_and_LifeStyle_Dataset ,regression__mid__alamshihab075_health-and-lifestyle-data-for-diabetes-prediction__Diabetes_and_LifeStyle_Dataset __variant_03_of_05.json,classification,diagnosed_diabetes,decision_tree,success,,0.9996,0.9999,0.9994,0.9997,97297.0,2.0,True,/home/joshua/Code/ai_projects/amalia/backend/data/uploads/datasets/regression/mid/alamshihab075_health-and-lifestyle-data-for-diabetes-prediction/Diabetes_and_LifeStyle_Dataset .csv,/home/joshua/Code/ai_projects/amalia/data/batch_results/resilient_execution/models/regression__mid__alamshihab075_health-and-lifestyle-data-for-diabetes-prediction__Diabetes_and_LifeStyle_Dataset .pkl,3.0,"['1:load_csv', '2:train_classification_model', '3:evaluate_classification_model']",,,,,,,,,,,,,,
regression__mid__alamshihab075_health-and-lifestyle-data-for-diabetes-prediction__Diabetes_and_LifeStyle_Dataset ,regression__mid__alamshihab075_health-and-lifestyle-data-for-diabetes-prediction__Diabetes_and_LifeStyle_Dataset __variant_04_of_05.json,classification,diagnosed_diabetes,decision_tree,success,,0.9996,0.9999,0.9994,0.9997,97297.0,2.0,True,/home/joshua/Code/ai_projects/amalia/backend/data/uploads/datasets/regression/mid/alamshihab075_health-and-lifestyle-data-for-diabetes-prediction/Diabetes_and_LifeStyle_Dataset .csv,/home/joshua/Code/ai_projects/amalia/data/batch_results/resilient_execution/models/regression__mid__alamshihab075_health-and-lifestyle-data-for-diabetes-prediction__Diabetes_and_LifeStyle_Dataset .pkl,3.0,"['1:load_csv', '2:train_classification_model', '3:evaluate_classification_model']",,,,,,,,,,,,,,
regression__mid__alamshihab075_health-and-lifestyle-data-for-diabetes-prediction__Diabetes_and_LifeStyle_Dataset ,regression__mid__alamshihab075_health-and-lifestyle-data-for-diabetes-prediction__Diabetes_and_LifeStyle_Dataset __variant_05_of_05.json,classification,diagnosed_diabetes,decision_tree,success,,0.9996,0.9999,0.9994,0.9997,97297.0,2.0,True,/home/joshua/Code/ai_projects/amalia/backend/data/uploads/datasets/regression/mid/alamshihab075_health-and-lifestyle-data-for-diabetes-prediction/Diabetes_and_LifeStyle_Dataset .csv,/home/joshua/Code/ai_projects/amalia/data/batch_results/resilient_execution/models/regression__mid__alamshihab075_health-and-lifestyle-data-for-diabetes-prediction__Diabetes_and_LifeStyle_Dataset .pkl,3.0,"['1:load_csv', '2:train_classification_model', '3:evaluate_classification_model']",,,,,,,,,,,,,,
regression__mid__camnugent_california-housing-prices__housing,regression__mid__camnugent_california-housing-prices__housing__variant_01_of_05.json,classification,ocean_proximity,logistic,failed,"Input X contains NaN.
LogisticRegression does not accept missing values encoded as NaN natively. For supervised learning, you might want to consider sklearn.ensemble.HistGradientBoostingClassifier and Regressor which accept missing values encoded as NaNs natively. Alternatively, it is possible to preprocess the data, for instance by using an imputer transformer in a pipeline or drop samples with missing values. See https://scikit-learn.org/stable/modules/impute.html You can find a list of all estimators that handle NaN values at the following page: https://scikit-learn.org/stable/modules/impute.html#estimators-that-handle-nan-values",,,,,,,,,,,,,,,,,,,,,,,,,
regression__mid__camnugent_california-housing-prices__housing,regression__mid__camnugent_california-housing-prices__housing__variant_02_of_05.json,regression,median_house_value,gradient_boosting,failed,"Input X contains NaN.
GradientBoostingRegressor does not accept missing values encoded as NaN natively. For supervised learning, you might want to consider sklearn.ensemble.HistGradientBoostingClassifier and Regressor which accept missing values encoded as NaNs natively. Alternatively, it is possible to preprocess the data, for instance by using an imputer transformer in a pipeline or drop samples with missing values. See https://scikit-learn.org/stable/modules/impute.html You can find a list of all estimators that handle NaN values at the following page: https://scikit-learn.org/stable/modules/impute.html#estimators-that-handle-nan-values",,,,,,,,,,,,,,,,,,,,,,,,,
regression__mid__camnugent_california-housing-prices__housing,regression__mid__camnugent_california-housing-prices__housing__variant_03_of_05.json,classification,ocean_proximity,logistic,failed,"Input X contains NaN.
LogisticRegression does not accept missing values encoded as NaN natively. For supervised learning, you might want to consider sklearn.ensemble.HistGradientBoostingClassifier and Regressor which accept missing values encoded as NaNs natively. Alternatively, it is possible to preprocess the data, for instance by using an imputer transformer in a pipeline or drop samples with missing values. See https://scikit-learn.org/stable/modules/impute.html You can find a list of all estimators that handle NaN values at the following page: https://scikit-learn.org/stable/modules/impute.html#estimators-that-handle-nan-values",,,,,,,,,,,,,,,,,,,,,,,,,
regression__mid__camnugent_california-housing-prices__housing,regression__mid__camnugent_california-housing-prices__housing__variant_04_of_05.json,regression,median_house_value,random_forest,success,,,,,,20640.0,,,/home/joshua/Code/ai_projects/amalia/backend/data/uploads/datasets/regression/mid/camnugent_california-housing-prices/housing.csv,/home/joshua/Code/ai_projects/amalia/data/batch_results/resilient_execution/models/regression__mid__camnugent_california-housing-prices__housing.pkl,2.0,"['1:train_regression_model', '2:evaluate_regression_model']",,,,,,,,0.9388,814595178.3236,28541.1138,16526.2338,9.1398,,
regression__mid__camnugent_california-housing-prices__housing,regression__mid__camnugent_california-housing-prices__housing__variant_05_of_05.json,classification,ocean_proximity,logistic,failed,"Input X contains NaN.
LogisticRegression does not accept missing values encoded as NaN natively. For supervised learning, you might want to consider sklearn.ensemble.HistGradientBoostingClassifier and Regressor which accept missing values encoded as NaNs natively. Alternatively, it is possible to preprocess the data, for instance by using an imputer transformer in a pipeline or drop samples with missing values. See https://scikit-learn.org/stable/modules/impute.html You can find a list of all estimators that handle NaN values at the following page: https://scikit-learn.org/stable/modules/impute.html#estimators-that-handle-nan-values",,,,,,,,,,,,,,,,,,,,,,,,,
regression__mid__harlfoxem_housesalesprediction__kc_house_data,regression__mid__harlfoxem_housesalesprediction__kc_house_data__variant_01_of_05.json,regression,sqft_lot15,linear,success,,,,,,21613.0,,,/home/joshua/Code/ai_projects/amalia/backend/data/uploads/datasets/regression/mid/harlfoxem_housesalesprediction/kc_house_data.csv,/home/joshua/Code/ai_projects/amalia/data/batch_results/resilient_execution/models/regression__mid__harlfoxem_housesalesprediction__kc_house_data.pkl,3.0,"['1:load_csv', '2:train_regression_model', '3:evaluate_regression_model']",,,,,,,,0.5299,350477961.8337,18721.0566,5414.3608,49.0017,,
regression__mid__harlfoxem_housesalesprediction__kc_house_data,regression__mid__harlfoxem_housesalesprediction__kc_house_data__variant_02_of_05.json,regression,sqft_lot15,linear,success,,,,,,21613.0,,,/home/joshua/Code/ai_projects/amalia/backend/data/uploads/datasets/regression/mid/harlfoxem_housesalesprediction/kc_house_data.csv,/home/joshua/Code/ai_projects/amalia/data/batch_results/resilient_execution/models/regression__mid__harlfoxem_housesalesprediction__kc_house_data.pkl,3.0,"['1:load_csv', '2:train_regression_model', '3:evaluate_regression_model']",,,,,,,,0.5299,350477961.8337,18721.0566,5414.3608,49.0017,,
regression__mid__harlfoxem_housesalesprediction__kc_house_data,regression__mid__harlfoxem_housesalesprediction__kc_house_data__variant_03_of_05.json,regression,sqft_lot15,linear,success,,,,,,21613.0,,,/home/joshua/Code/ai_projects/amalia/backend/data/uploads/datasets/regression/mid/harlfoxem_housesalesprediction/kc_house_data.csv,/home/joshua/Code/ai_projects/amalia/data/batch_results/resilient_execution/models/regression__mid__harlfoxem_housesalesprediction__kc_house_data.pkl,3.0,"['1:load_csv', '2:train_regression_model', '3:evaluate_regression_model']",,,,,,,,0.5299,350477961.8337,18721.0566,5414.3608,49.0017,,
regression__mid__harlfoxem_housesalesprediction__kc_house_data,regression__mid__harlfoxem_housesalesprediction__kc_house_data__variant_04_of_05.json,regression,sqft_lot15,linear,success,,,,,,21613.0,,,/home/joshua/Code/ai_projects/amalia/backend/data/uploads/datasets/regression/mid/harlfoxem_housesalesprediction/kc_house_data.csv,/home/joshua/Code/ai_projects/amalia/data/batch_results/resilient_execution/models/regression__mid__harlfoxem_housesalesprediction__kc_house_data.pkl,3.0,"['1:load_csv', '2:train_regression_model', '3:evaluate_regression_model']",,,,,,,,0.5299,350477961.8337,18721.0566,5414.3608,49.0017,,
regression__mid__harlfoxem_housesalesprediction__kc_house_data,regression__mid__harlfoxem_housesalesprediction__kc_house_data__variant_05_of_05.json,regression,sqft_lot15,linear,success,,,,,,21613.0,,,/home/joshua/Code/ai_projects/amalia/backend/data/uploads/datasets/regression/mid/harlfoxem_housesalesprediction/kc_house_data.csv,/home/joshua/Code/ai_projects/amalia/data/batch_results/resilient_execution/models/regression__mid__harlfoxem_housesalesprediction__kc_house_data.pkl,3.0,"['1:load_csv', '2:train_regression_model', '3:evaluate_regression_model']",,,,,,,,0.5299,350477961.8337,18721.0566,5414.3608,49.0017,,
regression__mid__hrokrin_the-largest-diamond-dataset-currely-on-kaggle__diamonds,regression__mid__hrokrin_the-largest-diamond-dataset-currely-on-kaggle__diamonds__variant_01_of_05.json,classification,total_sales_price,naive_bayes,success,,0.5443,0.6016,0.5443,0.5243,219703.0,22202.0,False,/home/joshua/Code/ai_projects/amalia/backend/data/uploads/datasets/regression/mid/hrokrin_the-largest-diamond-dataset-currely-on-kaggle/diamonds.csv,/home/joshua/Code/ai_projects/amalia/data/batch_results/resilient_execution/models/regression__mid__hrokrin_the-largest-diamond-dataset-currely-on-kaggle__diamonds.pkl,3.0,"['1:load_csv', '2:train_classification_model', '3:evaluate_classification_model']",,,,,,,,,,,,,,
regression__mid__hrokrin_the-largest-diamond-dataset-currely-on-kaggle__diamonds,regression__mid__hrokrin_the-largest-diamond-dataset-currely-on-kaggle__diamonds__variant_02_of_05.json,classification,total_sales_price,naive_bayes,success,,0.5443,0.6016,0.5443,0.5243,219703.0,22202.0,False,/home/joshua/Code/ai_projects/amalia/backend/data/uploads/datasets/regression/mid/hrokrin_the-largest-diamond-dataset-currely-on-kaggle/diamonds.csv,/home/joshua/Code/ai_projects/amalia/data/batch_results/resilient_execution/models/regression__mid__hrokrin_the-largest-diamond-dataset-currely-on-kaggle__diamonds.pkl,3.0,"['1:load_csv', '2:train_classification_model', '3:evaluate_classification_model']",,,,,,,,,,,,,,
regression__mid__hrokrin_the-largest-diamond-dataset-currely-on-kaggle__diamonds,regression__mid__hrokrin_the-largest-diamond-dataset-currely-on-kaggle__diamonds__variant_03_of_05.json,regression,total_sales_price,gradient_boosting,success,,,,,,219703.0,,,/home/joshua/Code/ai_projects/amalia/backend/data/uploads/datasets/regression/mid/hrokrin_the-largest-diamond-dataset-currely-on-kaggle/diamonds.csv,/home/joshua/Code/ai_projects/amalia/data/batch_results/resilient_execution/models/regression__mid__hrokrin_the-largest-diamond-dataset-currely-on-kaggle__diamonds.pkl,2.0,"['2:train_regression_model', '3:evaluate_regression_model']",,,,,,,,0.9836,11033477.0055,3321.6678,217.3802,3.0994,,
regression__mid__hrokrin_the-largest-diamond-dataset-currely-on-kaggle__diamonds,regression__mid__hrokrin_the-largest-diamond-dataset-currely-on-kaggle__diamonds__variant_04_of_05.json,regression,total_sales_price,linear,success,,,,,,4000.0,,,/home/joshua/Code/ai_projects/amalia/backend/data/uploads/datasets/regression/mid/hrokrin_the-largest-diamond-dataset-currely-on-kaggle/diamonds.csv,/home/joshua/Code/ai_projects/amalia/data/batch_results/resilient_execution/models/regression__mid__hrokrin_the-largest-diamond-dataset-currely-on-kaggle__diamonds.pkl,5.0,"['1:handle_missing_values', '1:scale_features', '3:train_regression_model', '3:train_regression_model', '3:train_regression_model']",regression,,,-0.0179,16000.0,"['Unnamed: 0', 'cut', 'color', 'clarity', 'carat_weight', 'cut_quality', 'lab', 'symmetry', 'polish', 'eye_clean', 'culet_size', 'culet_condition', 'depth_percent', 'table_percent', 'meas_length', 'meas_width', 'meas_depth', 'girdle_min', 'girdle_max', 'fluor_color', 'fluor_intensity', 'fancy_color_dominant_color', 'fancy_color_secondary_color', 'fancy_color_overtone', 'fancy_color_intensity']",/home/joshua/Code/ai_projects/amalia/data/batch_results/resilient_execution/models/regression__mid__hrokrin_the-largest-diamond-dataset-currely-on-kaggle__diamonds.pkl,,220065115.4036,14834.5919,4419.6937,,0.6634,0.6813
regression__mid__hrokrin_the-largest-diamond-dataset-currely-on-kaggle__diamonds,regression__mid__hrokrin_the-largest-diamond-dataset-currely-on-kaggle__diamonds__variant_05_of_05.json,classification,total_sales_price,naive_bayes,success,,0.5443,0.6016,0.5443,0.5243,219703.0,22202.0,False,/home/joshua/Code/ai_projects/amalia/backend/data/uploads/datasets/regression/mid/hrokrin_the-largest-diamond-dataset-currely-on-kaggle/diamonds.csv,/home/joshua/Code/ai_projects/amalia/data/batch_results/resilient_execution/models/regression__mid__hrokrin_the-largest-diamond-dataset-currely-on-kaggle__diamonds.pkl,3.0,"['1:load_csv', '2:train_classification_model', '3:evaluate_classification_model']",,,,,,,,,,,,,,
regression__mid__lorenzozoppelletto_financial-risk-for-loan-approval__Loan,regression__mid__lorenzozoppelletto_financial-risk-for-loan-approval__Loan__variant_01_of_05.json,regression,RiskScore,ridge,success,,,,,,20000.0,,,/home/joshua/Code/ai_projects/amalia/backend/data/uploads/datasets/regression/mid/lorenzozoppelletto_financial-risk-for-loan-approval/Loan.csv,/home/joshua/Code/ai_projects/amalia/data/batch_results/resilient_execution/models/regression__mid__lorenzozoppelletto_financial-risk-for-loan-approval__Loan.pkl,3.0,"['1:load_csv', '2:train_regression_model', '3:evaluate_regression_model']",,,,,,,,0.9372,3.7993,1.9492,1.5056,3.0474,,
regression__mid__lorenzozoppelletto_financial-risk-for-loan-approval__Loan,regression__mid__lorenzozoppelletto_financial-risk-for-loan-approval__Loan__variant_02_of_05.json,regression,,,failed,invalid literal for int() with base 10: '0.80.80.80.80.80.80.80.80.80.80.80.80.80.80.80.80.80.80.80.80.80.80.80.80.80.80.80.80.80.80.80.80.80.80.80.80.80.80.80.80.80.80.80.80.80.80.80.80.80.80.80.80.80.80.80.80.80.80.80.80.80.80.80.80.80.80,,,,,,,,,,,,,,,,,,,,,,,,,
regression__mid__lorenzozoppelletto_financial-risk-for-loan-approval__Loan,regression__mid__lorenzozoppelletto_financial-risk-for-loan-approval__Loan__variant_03_of_05.json,regression,RiskScore,ridge,success,,,,,,20000.0,,,/home/joshua/Code/ai_projects/amalia/backend/data/uploads/datasets/regression/mid/lorenzozoppelletto_financial-risk-for-loan-approval/Loan.csv,/home/joshua/Code/ai_projects/amalia/data/batch_results/resilient_execution/models/regression__mid__lorenzozoppelletto_financial-risk-for-loan-approval__Loan.pkl,3.0,"['1:load_csv', '2:train_regression_model', '3:evaluate_regression_model']",,,,,,,,0.9372,3.7993,1.9492,1.5056,3.0474,,
regression__mid__lorenzozoppelletto_financial-risk-for-loan-approval__Loan,regression__mid__lorenzozoppelletto_financial-risk-for-loan-approval__Loan__variant_04_of_05.json,regression,RiskScore,ridge,success,,,,,,20000.0,,,/home/joshua/Code/ai_projects/amalia/backend/data/uploads/datasets/regression/mid/lorenzozoppelletto_financial-risk-for-loan-approval/Loan.csv,/home/joshua/Code/ai_projects/amalia/data/batch_results/resilient_execution/models/regression__mid__lorenzozoppelletto_financial-risk-for-loan-approval__Loan.pkl,3.0,"['1:load_csv', '2:train_regression_model', '3:evaluate_regression_model']",,,,,,,,0.9372,3.7993,1.9492,1.5056,3.0474,,
regression__mid__lorenzozoppelletto_financial-risk-for-loan-approval__Loan,regression__mid__lorenzozoppelletto_financial-risk-for-loan-approval__Loan__variant_05_of_05.json,regression,RiskScore,ridge,success,,,,,,20000.0,,,/home/joshua/Code/ai_projects/amalia/backend/data/uploads/datasets/regression/mid/lorenzozoppelletto_financial-risk-for-loan-approval/Loan.csv,/home/joshua/Code/ai_projects/amalia/data/batch_results/resilient_execution/models/regression__mid__lorenzozoppelletto_financial-risk-for-loan-approval__Loan.pkl,3.0,"['1:load_csv', '2:train_regression_model', '3:evaluate_regression_model']",,,,,,,,0.9372,3.7993,1.9492,1.5056,3.0474,,
regression__mid__mirichoi0218_insurance__insurance,regression__mid__mirichoi0218_insurance__insurance__variant_01_of_05.json,regression,charges,linear,success,,,,,,268.0,,,/home/joshua/Code/ai_projects/amalia/backend/data/uploads/datasets/regression/mid/mirichoi0218_insurance/insurance.csv,/home/joshua/Code/ai_projects/amalia/data/batch_results/resilient_execution/models/regression__mid__mirichoi0218_insurance__insurance.pkl,3.0,"['1:load_csv', '1:encode_categorical', '2:train_regression_model']",regression,,,-0.0313,1070.0,"['age', 'sex', 'bmi', 'children', 'smoker', 'region']",/home/joshua/Code/ai_projects/amalia/data/batch_results/resilient_execution/models/regression__mid__mirichoi0218_insurance__insurance.pkl,,33238879.0609,5765.3169,4097.7048,,0.7441,0.7755
regression__mid__mirichoi0218_insurance__insurance,regression__mid__mirichoi0218_insurance__insurance__variant_02_of_05.json,regression,charges,linear,success,,,,,,1338.0,,,/home/joshua/Code/ai_projects/amalia/backend/data/uploads/datasets/regression/mid/mirichoi0218_insurance/insurance.csv,/home/joshua/Code/ai_projects/amalia/data/batch_results/resilient_execution/models/regression__mid__mirichoi0218_insurance__insurance.pkl,3.0,"['1:load_csv', '2:train_regression_model', '3:evaluate_regression_model']",,,,,,,,0.7506,36550482.8428,6045.6995,4204.3048,43.2176,,
regression__mid__mirichoi0218_insurance__insurance,regression__mid__mirichoi0218_insurance__insurance__variant_03_of_05.json,regression,charges,linear,success,,,,,,1338.0,,,/home/joshua/Code/ai_projects/amalia/backend/data/uploads/datasets/regression/mid/mirichoi0218_insurance/insurance.csv,/home/joshua/Code/ai_projects/amalia/data/batch_results/resilient_execution/models/regression__mid__mirichoi0218_insurance__insurance.pkl,3.0,"['1:load_csv', '2:train_regression_model', '3:evaluate_regression_model']",,,,,,,,0.7506,36550482.8428,6045.6995,4204.3048,43.2176,,
regression__mid__mirichoi0218_insurance__insurance,regression__mid__mirichoi0218_insurance__insurance__variant_04_of_05.json,regression,charges,linear,success,,,,,,1338.0,,,/home/joshua/Code/ai_projects/amalia/backend/data/uploads/datasets/regression/mid/mirichoi0218_insurance/insurance.csv,/home/joshua/Code/ai_projects/amalia/data/batch_results/resilient_execution/models/regression__mid__mirichoi0218_insurance__insurance.pkl,3.0,"['1:load_csv', '2:train_regression_model', '3:evaluate_regression_model']",,,,,,,,0.7506,36550482.8428,6045.6995,4204.3048,43.2176,,
regression__mid__mirichoi0218_insurance__insurance,regression__mid__mirichoi0218_insurance__insurance__variant_05_of_05.json,regression,charges,linear,success,,,,,,1338.0,,,/home/joshua/Code/ai_projects/amalia/backend/data/uploads/datasets/regression/mid/mirichoi0218_insurance/insurance.csv,/home/joshua/Code/ai_projects/amalia/data/batch_results/resilient_execution/models/regression__mid__mirichoi0218_insurance__insurance.pkl,3.0,"['1:load_csv', '2:train_regression_model', '3:evaluate_regression_model']",,,,,,,,0.7506,36550482.8428,6045.6995,4204.3048,43.2176,,
regression__mid__ranitsarkar01_porter-delivery-time-estimation__dataset,regression__mid__ranitsarkar01_porter-delivery-time-estimation__dataset__variant_01_of_05.json,regression,total_outstanding_orders,linear,failed,"Input X contains NaN.
LinearRegression does not accept missing values encoded as NaN natively. For supervised learning, you might want to consider sklearn.ensemble.HistGradientBoostingClassifier and Regressor which accept missing values encoded as NaNs natively. Alternatively, it is possible to preprocess the data, for instance by using an imputer transformer in a pipeline or drop samples with missing values. See https://scikit-learn.org/stable/modules/impute.html You can find a list of all estimators that handle NaN values at the following page: https://scikit-learn.org/stable/modules/impute.html#estimators-that-handle-nan-values",,,,,,,,,,,,,,,,,,,,,,,,,
regression__mid__ranitsarkar01_porter-delivery-time-estimation__dataset,regression__mid__ranitsarkar01_porter-delivery-time-estimation__dataset__variant_02_of_05.json,regression,total_outstanding_orders,linear,failed,"Input X contains NaN.
LinearRegression does not accept missing values encoded as NaN natively. For supervised learning, you might want to consider sklearn.ensemble.HistGradientBoostingClassifier and Regressor which accept missing values encoded as NaNs natively. Alternatively, it is possible to preprocess the data, for instance by using an imputer transformer in a pipeline or drop samples with missing values. See https://scikit-learn.org/stable/modules/impute.html You can find a list of all estimators that handle NaN values at the following page: https://scikit-learn.org/stable/modules/impute.html#estimators-that-handle-nan-values",,,,,,,,,,,,,,,,,,,,,,,,,
regression__mid__ranitsarkar01_porter-delivery-time-estimation__dataset,regression__mid__ranitsarkar01_porter-delivery-time-estimation__dataset__variant_03_of_05.json,regression,total_outstanding_orders,linear,failed,"Input X contains NaN.
LinearRegression does not accept missing values encoded as NaN natively. For supervised learning, you might want to consider sklearn.ensemble.HistGradientBoostingClassifier and Regressor which accept missing values encoded as NaNs natively. Alternatively, it is possible to preprocess the data, for instance by using an imputer transformer in a pipeline or drop samples with missing values. See https://scikit-learn.org/stable/modules/impute.html You can find a list of all estimators that handle NaN values at the following page: https://scikit-learn.org/stable/modules/impute.html#estimators-that-handle-nan-values",,,,,,,,,,,,,,,,,,,,,,,,,
regression__mid__ranitsarkar01_porter-delivery-time-estimation__dataset,regression__mid__ranitsarkar01_porter-delivery-time-estimation__dataset__variant_04_of_05.json,regression,total_outstanding_orders,linear,failed,"Input X contains NaN.
LinearRegression does not accept missing values encoded as NaN natively. For supervised learning, you might want to consider sklearn.ensemble.HistGradientBoostingClassifier and Regressor which accept missing values encoded as NaNs natively. Alternatively, it is possible to preprocess the data, for instance by using an imputer transformer in a pipeline or drop samples with missing values. See https://scikit-learn.org/stable/modules/impute.html You can find a list of all estimators that handle NaN values at the following page: https://scikit-learn.org/stable/modules/impute.html#estimators-that-handle-nan-values",,,,,,,,,,,,,,,,,,,,,,,,,
regression__mid__ranitsarkar01_porter-delivery-time-estimation__dataset,regression__mid__ranitsarkar01_porter-delivery-time-estimation__dataset__variant_05_of_05.json,regression,total_outstanding_orders,linear,failed,"Input X contains NaN.
LinearRegression does not accept missing values encoded as NaN natively. For supervised learning, you might want to consider sklearn.ensemble.HistGradientBoostingClassifier and Regressor which accept missing values encoded as NaNs natively. Alternatively, it is possible to preprocess the data, for instance by using an imputer transformer in a pipeline or drop samples with missing values. See https://scikit-learn.org/stable/modules/impute.html You can find a list of all estimators that handle NaN values at the following page: https://scikit-learn.org/stable/modules/impute.html#estimators-that-handle-nan-values",,,,,,,,,,,,,,,,,,,,,,,,,
regression__mid__rupals_gpu-runtime__sgemm_product,regression__mid__rupals_gpu-runtime__sgemm_product__variant_01_of_05.json,regression,Run4 (ms),linear,success,,,,,,241600.0,,,/home/joshua/Code/ai_projects/amalia/backend/data/uploads/datasets/regression/mid/rupals_gpu-runtime/sgemm_product.csv,/home/joshua/Code/ai_projects/amalia/data/batch_results/resilient_execution/models/regression__mid__rupals_gpu-runtime__sgemm_product.pkl,3.0,"['1:load_csv', '3:train_regression_model', '4:evaluate_regression_model']",,,,,,,,1.0,3.6157,1.9015,0.6697,0.6249,,
regression__mid__rupals_gpu-runtime__sgemm_product,regression__mid__rupals_gpu-runtime__sgemm_product__variant_02_of_05.json,regression,Run4 (ms),random_forest,success,,,,,,241600.0,,,/home/joshua/Code/ai_projects/amalia/backend/data/uploads/datasets/regression/mid/rupals_gpu-runtime/sgemm_product.csv,/home/joshua/Code/ai_projects/amalia/data/batch_results/resilient_execution/models/regression__mid__rupals_gpu-runtime__sgemm_product.pkl,2.0,"['3:train_regression_model', '4:evaluate_regression_model']",,,,,,,,1.0,4.8977,2.2131,0.6915,0.6124,,
regression__mid__rupals_gpu-runtime__sgemm_product,regression__mid__rupals_gpu-runtime__sgemm_product__variant_03_of_05.json,regression,Run4 (ms),linear,success,,,,,,241600.0,,,/home/joshua/Code/ai_projects/amalia/backend/data/uploads/datasets/regression/mid/rupals_gpu-runtime/sgemm_product.csv,/home/joshua/Code/ai_projects/amalia/data/batch_results/resilient_execution/models/regression__mid__rupals_gpu-runtime__sgemm_product.pkl,3.0,"['1:load_csv', '2:train_regression_model', '3:evaluate_regression_model']",,,,,,,,1.0,3.6157,1.9015,0.6697,0.6249,,
regression__mid__rupals_gpu-runtime__sgemm_product,regression__mid__rupals_gpu-runtime__sgemm_product__variant_04_of_05.json,regression,Run4 (ms),linear,success,,,,,,241600.0,,,/home/joshua/Code/ai_projects/amalia/backend/data/uploads/datasets/regression/mid/rupals_gpu-runtime/sgemm_product.csv,/home/joshua/Code/ai_projects/amalia/data/batch_results/resilient_execution/models/regression__mid__rupals_gpu-runtime__sgemm_product.pkl,3.0,"['1:load_csv', '2:train_regression_model', '3:evaluate_regression_model']",,,,,,,,1.0,3.6157,1.9015,0.6697,0.6249,,
regression__mid__rupals_gpu-runtime__sgemm_product,regression__mid__rupals_gpu-runtime__sgemm_product__variant_05_of_05.json,regression,Run4 (ms),linear,success,,,,,,241600.0,,,/home/joshua/Code/ai_projects/amalia/backend/data/uploads/datasets/regression/mid/rupals_gpu-runtime/sgemm_product.csv,/home/joshua/Code/ai_projects/amalia/data/batch_results/resilient_execution/models/regression__mid__rupals_gpu-runtime__sgemm_product.pkl,3.0,"['1:load_csv', '2:train_regression_model', '3:evaluate_regression_model']",,,,,,,,1.0,3.6157,1.9015,0.6697,0.6249,,
regression__mid__yasserh_uber-fares-dataset__uber,regression__mid__yasserh_uber-fares-dataset__uber__variant_01_of_05.json,classification,passenger_count,logistic,failed,"Input X contains NaN.
LogisticRegression does not accept missing values encoded as NaN natively. For supervised learning, you might want to consider sklearn.ensemble.HistGradientBoostingClassifier and Regressor which accept missing values encoded as NaNs natively. Alternatively, it is possible to preprocess the data, for instance by using an imputer transformer in a pipeline or drop samples with missing values. See https://scikit-learn.org/stable/modules/impute.html You can find a list of all estimators that handle NaN values at the following page: https://scikit-learn.org/stable/modules/impute.html#estimators-that-handle-nan-values",,,,,,,,,,,,,,,,,,,,,,,,,
regression__mid__yasserh_uber-fares-dataset__uber,regression__mid__yasserh_uber-fares-dataset__uber__variant_02_of_05.json,classification,passenger_count,logistic,failed,"Input X contains NaN.
LogisticRegression does not accept missing values encoded as NaN natively. For supervised learning, you might want to consider sklearn.ensemble.HistGradientBoostingClassifier and Regressor which accept missing values encoded as NaNs natively. Alternatively, it is possible to preprocess the data, for instance by using an imputer transformer in a pipeline or drop samples with missing values. See https://scikit-learn.org/stable/modules/impute.html You can find a list of all estimators that handle NaN values at the following page: https://scikit-learn.org/stable/modules/impute.html#estimators-that-handle-nan-values",,,,,,,,,,,,,,,,,,,,,,,,,
regression__mid__yasserh_uber-fares-dataset__uber,regression__mid__yasserh_uber-fares-dataset__uber__variant_03_of_05.json,classification,passenger_count,logistic,failed,"Input X contains NaN.
LogisticRegression does not accept missing values encoded as NaN natively. For supervised learning, you might want to consider sklearn.ensemble.HistGradientBoostingClassifier and Regressor which accept missing values encoded as NaNs natively. Alternatively, it is possible to preprocess the data, for instance by using an imputer transformer in a pipeline or drop samples with missing values. See https://scikit-learn.org/stable/modules/impute.html You can find a list of all estimators that handle NaN values at the following page: https://scikit-learn.org/stable/modules/impute.html#estimators-that-handle-nan-values",,,,,,,,,,,,,,,,,,,,,,,,,
regression__mid__yasserh_uber-fares-dataset__uber,regression__mid__yasserh_uber-fares-dataset__uber__variant_04_of_05.json,classification,passenger_count,logistic,failed,"Input X contains NaN.
LogisticRegression does not accept missing values encoded as NaN natively. For supervised learning, you might want to consider sklearn.ensemble.HistGradientBoostingClassifier and Regressor which accept missing values encoded as NaNs natively. Alternatively, it is possible to preprocess the data, for instance by using an imputer transformer in a pipeline or drop samples with missing values. See https://scikit-learn.org/stable/modules/impute.html You can find a list of all estimators that handle NaN values at the following page: https://scikit-learn.org/stable/modules/impute.html#estimators-that-handle-nan-values",,,,,,,,,,,,,,,,,,,,,,,,,
regression__mid__yasserh_uber-fares-dataset__uber,regression__mid__yasserh_uber-fares-dataset__uber__variant_05_of_05.json,classification,passenger_count,logistic,failed,"Input X contains NaN.
LogisticRegression does not accept missing values encoded as NaN natively. For supervised learning, you might want to consider sklearn.ensemble.HistGradientBoostingClassifier and Regressor which accept missing values encoded as NaNs natively. Alternatively, it is possible to preprocess the data, for instance by using an imputer transformer in a pipeline or drop samples with missing values. See https://scikit-learn.org/stable/modules/impute.html You can find a list of all estimators that handle NaN values at the following page: https://scikit-learn.org/stable/modules/impute.html#estimators-that-handle-nan-values",,,,,,,,,,,,,,,,,,,,,,,,,
