Unnamed: 0,car_name,price,kms_driven,year,engine_cc,seats,fuel_type_Diesel,fuel_type_Electric,fuel_type_Lpg,fuel_type_Petrol,transmission_Manual,ownership_1st Owner,ownership_2nd Owner,ownership_3rd Owner,ownership_4th Owner,ownership_5th Owner
5013,1231,6.31 Lakh,"1,09,863 kms",0.3932277985732975,998 cc,5 Seats,True,False,False,False,True,False,True,False,False,False
4462,1403,3.08 Lakh,"80,000 kms",0.3932277985732975,624 cc,5 Seats,False,False,False,True,False,False,False,True,False,False
79,693,4.65 Lakh,"23,000 kms",-0.3705939889526643,1197 cc,5 Seats,False,False,False,True,True,True,False,False,False,False
5343,268,2.60 Lakh,"1,50,000 kms",-0.6252012514613183,2179 cc,7 Seats,True,False,False,False,True,True,False,False,False,False
1223,1096,7.25 Lakh,"44,000 kms",0.1386205360646435,1399 cc,5 Seats,False,False,False,False,True,True,False,False,False,False
3071,451,1.75 Lakh,"30,000 kms",-0.6252012514613183,796 cc,5 Seats,False,False,False,True,True,True,False,False,False,False
889,615,3.75 Lakh,"1,10,000 kms",-0.3705939889526643,1248 cc,5 Seats,False,False,False,True,False,True,False,False,False,False
5102,330,4.17 Lakh,"70,132 kms",-0.8798085139699723,1248 cc,5 Seats,False,False,False,True,True,False,True,False,False,False
3725,1247,2.75 Lakh,"93,688 kms",-0.3705939889526643,2143 cc,5 Seats,False,False,False,True,True,True,False,False,False,False
1860,1138,9.45 Lakh,"15,000 kms",1.1570495860992591,1248 cc,5 Seats,False,False,False,True,True,True,False,False,False,False
1870,432,9.99 Lakh,"32,000 kms",0.3932277985732975,936 cc,5 Seats,False,False,False,True,False,False,True,False,False,False
4840,1183,4.20 Lakh,"67,715 kms",-0.1159867264440103,1497 cc,5 Seats,False,False,False,True,True,True,False,False,False,False
3745,972,1.88 Lakh,"4,972 kms",-0.1159867264440103,1198 cc,5 Seats,False,False,False,True,True,True,False,False,False,False
2867,1247,2.30 Lakh,"70,600 kms",-0.6252012514613183,1499 cc,5 Seats,False,False,False,True,True,True,False,False,False,False
711,376,5.50 Lakh,"48,230 kms",0.3932277985732975,998 cc,5 Seats,False,False,False,True,True,True,False,False,False,False
33,454,2.93 Lakh,"51,085 kms",0.3932277985732975,814 cc,5 Seats,False,False,False,True,True,True,False,False,False,False
2173,893,5.30 Lakh,"86,261 kms",-0.6252012514613183,1997 cc,5 Seats,True,False,False,False,False,False,False,True,False,False
426,1255,2.25 Lakh,"46,000 kms",-1.898237564004588,1061 cc,5 Seats,False,False,True,False,True,False,True,False,False,False
2968,467,5.83 Lakh,"58,437 kms",-0.3705939889526643,998 cc,5 Seats,True,False,False,False,True,False,True,False,False,False
705,906,15.45 Lakh,"28,000 kms",1.1570495860992591,1364 cc,4 Seats,True,False,False,False,True,True,False,False,False,False
2275,1016,7.50 Lakh,"35,000 kms",1.1570495860992591,1396 cc,5 Seats,False,False,False,True,True,True,False,False,False,False
8,346,6.99 Lakh,"21,429 kms",-0.1159867264440103,1497 cc,5 Seats,False,False,False,True,False,True,False,False,False,False
3315,1683,4.31 Lakh,"65,938 kms",0.3932277985732975,796 cc,5 Seats,False,False,False,True,True,True,False,False,False,False
447,647,7.75 Lakh,"80,000 kms",0.6478350610819515,1197 cc,5 Seats,False,False,False,True,True,True,False,False,False,False
4823,1207,2.14 Lakh,"2,30,510 kms",-1.1344157764786262,1582 cc,5 Seats,True,False,False,False,True,True,False,False,False,False
1075,112,2.55 Lakh,"37,275 kms",-0.3705939889526643,1950 cc,5 Seats,False,False,False,True,True,True,False,False,False,False
3785,972,2.02 Lakh,"48,816 kms",-0.1159867264440103,1248 cc,5 Seats,False,False,False,True,True,True,False,False,False,False
4890,1767,3.72 Lakh,"1,96,320 kms",-1.3890230389872802,1248 cc,5 Seats,True,False,False,False,True,False,True,False,False,False
418,1775,6.85 Lakh,"2,90,000 kms",-1.1344157764786262,2494 cc,7 Seats,True,False,False,False,True,False,False,True,False,False
1869,1522,9.75 Lakh,"93,500 kms",0.9024423235906056,998 cc,5 Seats,True,False,False,False,False,True,False,False,False,False
3182,1453,2.97 Lakh,"52,698 kms",0.3932277985732975,799 cc,5 Seats,False,False,False,True,False,True,False,False,False,False
1193,94,74.50 Lakh,"7,600 kms",1.6662641111165672,1798 cc,5 Seats,False,False,False,True,False,True,False,False,False,False
1729,283,8 Lakh,"34,392 kms",0.9024423235906056,1197 cc,5 Seats,False,False,False,True,False,True,False,False,False,False
230,1489,1.10 Lakh,"1,10,000 kms",-1.643630301495934,1198 cc,5 Seats,False,False,False,True,True,False,False,True,False,False
1020,1550,3.93 Lakh,"1,34,521 kms",-1.1344157764786262,1995 cc,5 Seats,True,False,False,False,False,False,True,False,False,False
3139,137,2.70 Lakh,"1,10,000 kms",0.3932277985732975,796 cc,5 Seats,False,False,False,True,True,False,True,False,False,False
2664,1016,6.12 Lakh,"57,628 kms",1.1570495860992591,1197 cc,5 Seats,False,False,False,True,True,True,False,False,False,False
5429,552,9.50 Lakh,"15,000 kms",1.6662641111165672,936 cc,7 Seats,False,False,False,True,True,True,False,False,False,False
2223,1541,3.60 Lakh,"1,03,000 kms",-0.8798085139699723,1373 cc,7 Seats,True,False,False,False,True,True,False,False,False,False
168,990,1.90 Lakh,"61,000 kms",-1.3890230389872802,796 cc,5 Seats,False,False,False,True,True,True,False,False,False,False
5275,71,66 Lakh,"6,000 kms",1.6662641111165672,1998 cc,5 Seats,False,False,False,True,False,True,False,False,False,False
3130,865,3.10 Lakh,"90,000 kms",-1.643630301495934,1199 cc,5 Seats,True,False,False,False,True,False,True,False,False,False
3392,1023,3.35 Lakh,"60,000 kms",0.1386205360646435,1995 cc,5 Seats,False,False,False,True,True,True,False,False,False,False
2045,1834,4.50 Lakh,"90,000 kms",-0.1159867264440103,995 cc,5 Seats,True,False,False,False,True,False,True,False,False,False
2118,52,5 Lakh,"90,000 kms",-1.1344157764786262,1498 cc,5 Seats,True,False,False,False,False,True,False,False,False,False
5144,1830,3.67 Lakh,"1,75,705 kms",0.3932277985732975,799 cc,5 Seats,False,False,False,True,True,True,False,False,False,False
279,1353,53.95 Lakh,"33,000 kms",0.9024423235906056,2143 cc,5 Seats,True,False,False,False,False,True,False,False,False,False
4639,271,3.20 Lakh,"90,000 kms",-0.3705939889526643,1120 cc,5 Seats,True,False,False,False,True,False,True,False,False,False
1837,494,3.25 Lakh,"3,25,000 kms",-0.6252012514613183,1956 cc,5 Seats,False,False,False,True,True,True,False,False,False,False
4040,984,2.55 Lakh,"37,331 kms",0.1386205360646435,999 cc,5 Seats,False,False,False,True,True,False,True,False,False,False
4309,1766,4.65 Lakh,"60,130 kms",-0.8798085139699723,1248 cc,5 Seats,True,False,False,False,True,False,True,False,False,False
544,504,3.20 Lakh,"76,175 kms",-0.6252012514613183,1497 cc,5 Seats,False,False,False,True,True,True,False,False,False,False
4438,648,6.50 Lakh,"70,000 kms",0.6478350610819515,1197 cc,5 Seats,False,False,False,True,True,True,False,False,False,False
4860,629,2.90 Lakh,"89,000 kms",-1.1344157764786262,1248 cc,7 Seats,False,False,False,True,True,True,False,False,False,False
4689,1428,3.96 Lakh,"88,189 kms",-0.6252012514613183,1248 cc,5 Seats,True,False,False,False,True,False,True,False,False,False
2577,997,4.50 Lakh,"25,000 kms",0.9024423235906056,1399 cc,5 Seats,False,False,False,True,False,True,False,False,False,False
2760,1366,1.19 Crore,"24,500 kms",0.3932277985732975,1197 cc,5 Seats,False,False,False,True,False,True,False,False,False,False
2422,553,11.91 Lakh,"26,192 kms",1.1570495860992591,1086 cc,5 Seats,False,False,False,True,False,True,False,False,False,False
1504,745,15.75 Lakh,"62,000 kms",0.9024423235906056,2993 cc,5 Seats,True,False,False,False,True,True,False,False,False,False
4722,702,3.88 Lakh,"84,533 kms",-0.1159867264440103,1197 cc,5 Seats,True,False,False,False,True,False,True,False,False,False
724,321,2.75 Lakh,"1,01,000 kms",-1.3890230389872802,1995 cc,5 Seats,False,False,False,True,True,True,False,False,False,False
333,1206,3.88 Lakh,"1,15,986 kms",-0.6252012514613183,1248 cc,5 Seats,True,False,False,False,True,False,True,False,False,False
1437,475,3.50 Lakh,"60,000 kms",0.3932277985732975,1197 cc,5 Seats,True,False,False,False,True,False,True,False,False,False
1351,373,6.90 Lakh,"27,200 kms",0.3932277985732975,1462 cc,5 Seats,False,False,False,True,False,True,False,False,False,False
4283,180,4.55 Lakh,"66,001 kms",-0.3705939889526643,1197 cc,5 Seats,True,False,False,False,True,False,True,False,False,False
3780,635,2.78 Lakh,"19,967 kms",-0.3705939889526643,1396 cc,5 Seats,False,False,False,True,True,True,False,False,False,False
1526,75,1.30 Crore,"19,000 kms",1.4116568486079133,1968 cc,5 Seats,True,False,False,False,False,True,False,False,False,False
4241,768,17.58 Lakh,"8,357 kms",1.6662641111165672,1197 cc,4 Seats,True,False,False,False,False,True,False,False,False,False
1176,466,5.25 Lakh,"70,372 kms",-0.6252012514613183,624 cc,4 Seats,True,False,False,False,True,True,False,False,False,False
3158,460,1.95 Lakh,"60,000 kms",-0.3705939889526643,1462 cc,7 Seats,False,False,False,True,True,False,True,False,False,False
584,1067,7.25 Lakh,"47,000 kms",0.1386205360646435,1248 cc,5 Seats,True,False,False,False,True,True,False,False,False,False
730,1211,3.17 Lakh,"61,828 kms",-0.6252012514613183,998 cc,5 Seats,False,False,False,True,True,True,False,False,False,False
4641,594,15.50 Lakh,"32,000 kms",1.4116568486079133,1995 cc,5 Seats,True,False,False,False,False,True,False,False,False,False
3513,1787,19.30 Lakh,"20,713 kms",1.4116568486079133,1198 cc,7 Seats,True,False,False,False,True,True,False,False,False,False
2707,428,9.96 Lakh,"30,730 kms",0.6478350610819515,2143 cc,5 Seats,False,False,False,True,False,False,True,False,False,False
319,972,3.45 Lakh,"53,000 kms",0.1386205360646435,796 cc,5 Seats,False,False,False,True,True,True,False,False,False,False
5124,743,9.27 Lakh,"1,19,444 kms",0.3932277985732975,1197 cc,6 Seats,True,False,False,False,True,True,False,False,False,False
4983,1025,4.32 Lakh,"74,776 kms",1.1570495860992591,1197 cc,5 Seats,False,False,False,False,True,True,False,False,False,False
2922,2,14.80 Lakh,"57,500 kms",-0.6252012514613183,1493 cc,5 Seats,False,False,False,True,False,False,False,True,False,False
1864,702,5.32 Lakh,"80,000 kms",-0.1159867264440103,1497 cc,5 Seats,True,False,False,False,True,True,False,False,False,False
4317,1018,9.09 Lakh,"1,026 kms",1.6662641111165672,1582 cc,5 Seats,False,False,False,True,True,True,False,False,False,False
3956,1266,3.11 Lakh,"73,549 kms",0.1386205360646435,1197 cc,5 Seats,False,False,False,True,True,True,False,False,False,False
3096,1262,5.21 Lakh,"7,500 kms",1.4116568486079133,1998 cc,5 Seats,False,False,False,True,True,True,False,False,False,False
4281,1399,1.80 Lakh,"43,732 kms",-0.8798085139699723,1497 cc,5 Seats,False,False,False,True,True,True,False,False,False,False
3880,473,4.20 Lakh,"80,000 kms",0.6478350610819515,1498 cc,7 Seats,True,False,False,False,True,False,True,False,False,False
3085,61,48 Lakh,"29,000 kms",0.9024423235906056,1396 cc,5 Seats,True,False,False,False,False,True,False,False,False,False
5200,757,14.98 Lakh,"19,667 kms",0.9024423235906056,799 cc,5 Seats,False,False,False,True,False,True,False,False,False,False
5149,130,"59,736 ","1,92,340 kms",-1.3890230389872802,1390 cc,5 Seats,False,False,True,False,True,False,True,False,False,False
4732,459,1.60 Lakh,"80,310 kms",-1.1344157764786262,1248 cc,5 Seats,False,False,False,True,True,True,False,False,False,False
2513,330,3.50 Lakh,"65,000 kms",-0.6252012514613183,1399 cc,5 Seats,False,False,False,True,True,True,False,False,False,False
1168,1338,44 Lakh,"65,000 kms",0.6478350610819515,2143 cc,5 Seats,False,False,False,True,False,True,False,False,False,False
1199,34,14.25 Lakh,"94,002 kms",-0.6252012514613183,2487 cc,5 Seats,True,False,False,False,False,False,True,False,False,False
3159,992,"80,000 ","80,000 kms",-1.898237564004588,1196 cc,5 Seats,False,False,False,True,True,False,False,False,True,False
4975,618,5.15 Lakh,"8,620 kms",0.3932277985732975,2999 cc,5 Seats,False,False,False,True,True,True,False,False,False,False
465,257,3.62 Lakh,"80,000 kms",0.1386205360646435,1196 cc,5 Seats,False,False,False,True,True,False,False,True,False,False
2517,229,1.60 Lakh,"85,000 kms",-1.1344157764786262,1373 cc,5 Seats,True,False,False,False,True,False,False,False,True,False
2523,834,4.25 Lakh,"1,20,000 kms",-0.3705939889526643,2354 cc,5 Seats,True,False,False,False,True,True,False,False,False,False
1630,791,20 Lakh,"65,000 kms",-0.6252012514613183,1199 cc,5 Seats,True,False,False,False,False,False,True,False,False,False
3519,405,1.15 Lakh,"1,00,636 kms",-1.898237564004588,998 cc,7 Seats,False,False,False,True,True,False,True,False,False,False
3437,339,4.28 Lakh,"1,33,384 kms",-0.3705939889526643,1582 cc,5 Seats,True,False,False,False,True,True,False,False,False,False
1371,984,3.15 Lakh,"30,555 kms",0.1386205360646435,1197 cc,5 Seats,False,False,False,True,True,True,False,False,False,False
4940,1180,5.75 Lakh,"1,00,000 kms",-0.1159867264440103,998 cc,5 Seats,True,False,False,False,True,True,False,False,False,False
4464,655,6 Lakh,"30,000 kms",0.6478350610819515,1461 cc,7 Seats,False,False,False,True,True,True,False,False,False,False
3917,704,5.10 Lakh,"29,258 kms",-0.1159867264440103,1197 cc,5 Seats,False,False,False,True,True,False,True,False,False,False
2481,210,7.75 Lakh,"25,000 kms",-1.1344157764786262,2179 cc,7 Seats,True,False,False,False,False,True,False,False,False,False
15,486,5.63 Lakh,"59,313 kms",0.1386205360646435,1197 cc,5 Seats,False,False,False,True,False,False,True,False,False,False
4489,1459,4.50 Lakh,"20,000 kms",1.4116568486079133,1984 cc,5 Seats,False,False,False,True,True,True,False,False,False,False
2525,179,4.49 Lakh,"42,130 kms",-0.3705939889526643,1364 cc,5 Seats,True,False,False,False,True,True,False,False,False,False
5395,258,3.50 Lakh,"80,000 kms",-0.3705939889526643,1493 cc,7 Seats,True,False,False,False,True,True,False,False,False,False
3434,1180,3.27 Lakh,"99,121 kms",-0.3705939889526643,2199 cc,5 Seats,True,False,False,False,True,False,False,True,False,False
4180,1419,58 Lakh,"50,000 kms",0.1386205360646435,1461 cc,5 Seats,True,False,False,False,False,True,False,False,False,False
4716,876,12.36 Lakh,"27,924 kms",1.1570495860992591,1950 cc,5 Seats,True,False,False,False,True,True,False,False,False,False
1879,1266,3.30 Lakh,"70,000 kms",-0.1159867264440103,2999 cc,7 Seats,False,False,False,True,True,False,True,False,False,False
691,901,7.65 Lakh,"33,647 kms",-0.1159867264440103,1248 cc,7 Seats,True,False,False,False,True,True,False,False,False,False
4419,1256,1.98 Lakh,"2,00,000 kms",-2.1528448265132423,796 cc,5 Seats,False,False,False,True,True,False,False,True,False,False
2527,250,3.25 Lakh,"63,000 kms",-1.643630301495934,1497 cc,8 Seats,False,False,False,True,True,True,False,False,False,False
4616,493,4.24 Lakh,"61,893 kms",0.3932277985732975,2499 cc,5 Seats,True,False,False,False,True,False,True,False,False,False
3680,972,3.10 Lakh,"35,000 kms",1.1570495860992591,1497 cc,5 Seats,False,False,False,True,True,False,True,False,False,False
1186,1298,12.90 Lakh,"67,000 kms",-0.6252012514613183,1197 cc,5 Seats,False,False,False,True,False,False,True,False,False,False
84,51,40 Lakh,"18,000 kms",1.4116568486079133,1998 cc,5 Seats,False,False,False,True,False,True,False,False,False,False
501,322,2.25 Lakh,"70,000 kms",-2.66205935153055,1497 cc,5 Seats,False,False,False,True,False,False,False,True,False,False
2316,1533,7.60 Lakh,"40,000 kms",0.3932277985732975,1493 cc,5 Seats,False,False,False,True,False,True,False,False,False,False
5317,990,1.90 Lakh,"25,000 kms",-1.1344157764786262,2179 cc,5 Seats,False,False,False,True,True,True,False,False,False,False
1971,1460,3.13 Lakh,"26,457 kms",0.6478350610819515,1061 cc,5 Seats,False,False,False,True,True,False,False,True,False,False
1295,494,3.40 Lakh,"33,000 kms",-0.3705939889526643,2987 cc,7 Seats,False,False,False,True,True,False,True,False,False,False
2378,1282,1.20 Lakh,"80,000 kms",-2.1528448265132423,1120 cc,5 Seats,False,False,False,True,True,False,True,False,False,False
1272,813,18.25 Lakh,"27,779 kms",1.4116568486079133,1396 cc,5 Seats,False,False,False,True,False,True,False,False,False,False
3053,864,3.50 Lakh,"1,00,000 kms",-2.407452089021896,4461 cc,8 Seats,True,False,False,False,True,False,True,False,False,False
2387,736,16.90 Lakh,"37,000 kms",0.3932277985732975,1591 cc,5 Seats,True,False,False,False,True,True,False,False,False,False
4295,2,14.80 Lakh,"57,500 kms",-0.6252012514613183,1197 cc,5 Seats,False,False,False,True,False,False,False,True,False,False
2418,597,2.56 Lakh,"1,18,215 kms",-1.3890230389872802,998 cc,5 Seats,True,False,False,False,True,True,False,False,False,False
1374,1060,5.36 Lakh,"96,528 kms",0.3932277985732975,999 cc,5 Seats,True,False,False,False,True,True,False,False,False,False
776,1148,2.45 Lakh,"76,247 kms",-1.3890230389872802,1950 cc,5 Seats,False,False,False,True,True,True,False,False,False,False
2330,1234,11.50 Lakh,"92,916 kms",0.9024423235906056,1461 cc,5 Seats,True,False,False,False,True,True,False,False,False,False
3765,1099,5 Lakh,"56,184 kms",-0.3705939889526643,1248 cc,5 Seats,True,False,False,False,True,False,True,False,False,False
2629,1231,6 Lakh,"40,000 kms",0.3932277985732975,1248 cc,5 Seats,True,False,False,False,True,True,False,False,False,False
1468,53,18.50 Lakh,"64,593 kms",-0.3705939889526643,1197 cc,5 Seats,True,False,False,False,False,False,False,True,False,False
2417,1189,5.42 Lakh,"77,932 kms",-0.1159867264440103,1495 cc,5 Seats,True,False,False,False,True,False,True,False,False,False
5324,1888,37 Lakh,"1,00,000 kms",0.1386205360646435,1248 cc,5 Seats,True,False,False,False,False,False,True,False,False,False
1886,1672,3.10 Lakh,"90,000 kms",-0.8798085139699723,1497 cc,5 Seats,True,False,False,False,True,False,True,False,False,False
4304,957,1.82 Lakh,"1,12,341 kms",-1.643630301495934,1199 cc,5 Seats,True,False,False,False,True,True,False,False,False,False
3516,1416,4.41 Lakh,"1,33,451 kms",-0.1159867264440103,1197 cc,5 Seats,True,False,False,False,True,True,False,False,False,False
1859,517,5.76 Lakh,"9,000 kms",1.1570495860992591,3198 cc,7 Seats,False,False,False,True,False,True,False,False,False,False
2801,823,4.50 Lakh,"25,000 kms",-0.3705939889526643,1199 cc,5 Seats,True,False,False,False,True,False,True,False,False,False
4235,61,54.75 Lakh,"40,500 kms",1.4116568486079133,1197 cc,5 Seats,True,False,False,False,False,True,False,False,False,False
4424,988,1.10 Lakh,"1,20,000 kms",-1.643630301495934,998 cc,5 Seats,False,False,False,True,True,False,False,False,True,False
1197,1368,51 Lakh,"40,000 kms",-0.1159867264440103,1968 cc,5 Seats,True,False,False,False,False,True,False,False,False,False
351,320,4.60 Lakh,"96,000 kms",-1.3890230389872802,1497 cc,5 Seats,False,False,False,True,False,False,True,False,False,False
3412,1548,5.11 Lakh,"61,090 kms",-1.1344157764786262,1497 cc,5 Seats,False,False,False,True,True,False,True,False,False,False
5474,1373,68 Lakh,"27,000 kms",1.4116568486079133,5461 cc,5 Seats,True,False,False,False,False,True,False,False,False,False
5322,88,60 Lakh,"19,000 kms",1.4116568486079133,1997 cc,5 Seats,True,False,False,False,False,True,False,False,False,False
2004,538,17.50 Lakh,"50,000 kms",0.6478350610819515,2179 cc,7 Seats,True,False,False,False,False,True,False,False,False,False
3475,1808,10.72 Lakh,"9,711 kms",1.4116568486079133,2393 cc,5 Seats,False,False,False,True,False,True,False,False,False,False
3646,1780,4.10 Lakh,"1,20,000 kms",-1.1344157764786262,1248 cc,5 Seats,True,False,False,False,True,False,False,True,False,False
2981,1807,9.28 Lakh,"26,523 kms",1.4116568486079133,998 cc,5 Seats,False,False,False,True,True,True,False,False,False,False
4331,504,4.17 Lakh,"23,931 kms",0.3932277985732975,1248 cc,5 Seats,False,False,False,True,True,True,False,False,False,False
4661,1125,1.60 Lakh,"1,32,000 kms",-1.1344157764786262,624 cc,5 Seats,False,False,False,True,True,False,True,False,False,False
2333,1398,3.95 Lakh,"1,10,000 kms",-0.1159867264440103,796 cc,6 Seats,True,False,False,False,True,True,False,False,False,False
3852,1839,1.80 Lakh,"1,20,000 kms",-1.1344157764786262,1462 cc,5 Seats,True,False,False,False,True,False,False,True,False,False
132,1648,8.51 Lakh,"29,000 kms",1.1570495860992591,1198 cc,5 Seats,False,False,False,True,False,True,False,False,False,False
4155,1287,1.59 Lakh,"58,282 kms",-1.1344157764786262,1086 cc,5 Seats,False,False,False,True,True,False,True,False,False,False
80,479,4.60 Lakh,"45,000 kms",0.9024423235906056,1197 cc,5 Seats,False,False,False,True,True,True,False,False,False,False
1647,382,7.30 Lakh,"40,000 kms",0.9024423235906056,1197 cc,5 Seats,False,False,False,True,True,True,False,False,False,False
2344,1825,8.50 Lakh,"50,000 kms",0.1386205360646435,1197 cc,5 Seats,True,False,False,False,False,True,False,False,False,False
1173,1099,6 Lakh,"43,000 kms",-0.3705939889526643,2987 cc,7 Seats,True,False,False,False,True,False,True,False,False,False
4172,1294,66 Lakh,"12,000 kms",0.1386205360646435,796 cc,5 Seats,True,False,False,False,False,True,False,False,False,False
5301,1330,25.90 Lakh,"60,625 kms",0.1386205360646435,1197 cc,5 Seats,True,False,False,False,False,False,True,False,False,False
1569,1758,6.06 Lakh,"40,252 kms",1.1570495860992591,1582 cc,5 Seats,False,False,False,True,True,True,False,False,False,False
4810,1647,6.51 Lakh,"15,601 kms",0.6478350610819515,1968 cc,7 Seats,False,False,False,True,True,True,False,False,False,False
1487,1297,7.65 Lakh,"57,000 kms",-0.6252012514613183,1498 cc,5 Seats,True,False,False,False,False,False,False,True,False,False
2259,1075,5 Lakh,"63,000 kms",0.9024423235906056,1498 cc,7 Seats,False,False,False,True,True,True,False,False,False,False
471,1868,7.75 Lakh,"46,464 kms",0.1386205360646435,998 cc,5 Seats,False,False,False,True,True,True,False,False,False,False
932,86,40 Lakh,"10,000 kms",1.4116568486079133,1061 cc,7 Seats,False,False,False,True,False,True,False,False,False,False
4303,1459,2.70 Lakh,"65,292 kms",0.3932277985732975,1086 cc,5 Seats,False,False,False,True,True,True,False,False,False,False
1425,493,2.75 Lakh,"65,000 kms",-0.3705939889526643,1396 cc,5 Seats,True,False,False,False,True,False,True,False,False,False
167,710,6.50 Lakh,"87,000 kms",0.9024423235906056,1396 cc,5 Seats,True,False,False,False,True,True,False,False,False,False
2984,1269,4.13 Lakh,"42,561 kms",0.9024423235906056,1248 cc,5 Seats,False,False,False,True,True,True,False,False,False,False
3010,1015,6.08 Lakh,"14,976 kms",1.6662641111165672,1197 cc,5 Seats,False,False,False,True,True,True,False,False,False,False
1612,854,10.25 Lakh,"77,000 kms",0.9024423235906056,1493 cc,7 Seats,True,False,False,False,True,True,False,False,False,False
2915,11,14.80 Lakh,"45,500 kms",-0.3705939889526643,1968 cc,5 Seats,True,False,False,False,False,True,False,False,False,False
1242,488,4.06 Lakh,"30,346 kms",0.1386205360646435,1248 cc,5 Seats,False,False,False,True,True,True,False,False,False,False
1849,1887,65 Lakh,"39,000 kms",0.6478350610819515,998 cc,5 Seats,True,False,False,False,False,True,False,False,False,False
2605,1610,1.65 Lakh,"20,000 kms",-1.1344157764786262,998 cc,5 Seats,True,False,False,False,True,False,True,False,False,False
4680,494,3.55 Lakh,"90,000 kms",0.3932277985732975,998 cc,7 Seats,False,False,False,True,True,False,True,False,False,False
2110,629,2.95 Lakh,"62,000 kms",-0.6252012514613183,1197 cc,5 Seats,False,False,False,True,True,False,True,False,False,False
1501,34,16 Lakh,"94,002 kms",-0.3705939889526643,1797 cc,5 Seats,True,False,False,False,False,False,True,False,False,False
4403,1092,5.25 Lakh,"58,000 kms",-0.6252012514613183,1186 cc,5 Seats,True,False,False,False,True,True,False,False,False,False
3270,1249,2.23 Lakh,"60,545 kms",-0.6252012514613183,1120 cc,5 Seats,False,False,False,True,True,True,False,False,False,False
2925,729,16.90 Lakh,"78,000 kms",0.6478350610819515,1248 cc,5 Seats,False,False,False,True,False,True,False,False,False,False
3396,1016,7.10 Lakh,"20,000 kms",1.4116568486079133,1197 cc,5 Seats,False,False,False,True,True,True,False,False,False,False
315,101,1.23 Crore,"13,000 kms",0.9024423235906056,2998 cc,7 Seats,False,False,False,True,False,True,False,False,False,False
2138,1249,2.65 Lakh,"85,000 kms",-0.8798085139699723,999 cc,5 Seats,False,False,False,True,True,False,True,False,False,False
3245,207,13.38 Lakh,"1,03,066 kms",0.1386205360646435,998 cc,5 Seats,True,False,False,False,False,False,True,False,False,False
1095,1183,5 Lakh,"41,899 kms",0.1386205360646435,2400 cc,5 Seats,False,False,False,True,True,True,False,False,False,False
553,667,6.51 Lakh,"42,923 kms",0.3932277985732975,1591 cc,5 Seats,True,False,False,False,True,True,False,False,False,False
3973,1384,9.80 Lakh,"1,12,912 kms",-0.3705939889526643,1396 cc,5 Seats,True,False,False,False,True,True,False,False,False,False
4002,1651,7.54 Lakh,"8,635 kms",0.9024423235906056,1197 cc,5 Seats,False,False,False,True,True,True,False,False,False,False
2985,527,1.05 Lakh,"30,778 kms",-1.898237564004588,1086 cc,5 Seats,False,False,False,True,True,True,False,False,False,False
1253,767,15.25 Lakh,"48,101 kms",1.1570495860992591,1997 cc,5 Seats,True,False,False,False,True,True,False,False,False,False
5110,1127,2.04 Lakh,"1,27,763 kms",-1.1344157764786262,1461 cc,5 Seats,True,False,False,False,True,True,False,False,False,False
1954,319,2.71 Lakh,"1,49,232 kms",-1.3890230389872802,1364 cc,5 Seats,False,False,False,True,True,True,False,False,False,False
2072,992,1.39 Lakh,"1,20,000 kms",-2.1528448265132423,1198 cc,5 Seats,False,False,False,True,True,False,False,False,True,False
2802,1140,6.60 Lakh,"65,000 kms",0.3932277985732975,1197 cc,7 Seats,True,False,False,False,True,False,True,False,False,False
5202,1823,5.51 Lakh,"85,000 kms",-1.3890230389872802,814 cc,5 Seats,True,False,False,False,False,False,True,False,False,False
2488,907,7.50 Lakh,"86,000 kms",0.6478350610819515,624 cc,4 Seats,True,False,False,False,True,True,False,False,False,False
5416,754,16.90 Lakh,"3,000 kms",1.4116568486079133,998 cc,5 Seats,False,False,False,True,True,True,False,False,False,False
371,1509,14.75 Lakh,"1,08,000 kms",0.3932277985732975,1968 cc,5 Seats,True,False,False,False,True,True,False,False,False,False
2980,708,6.64 Lakh,"38,285 kms",0.9024423235906056,1086 cc,5 Seats,False,False,False,True,True,True,False,False,False,False
2561,494,4 Lakh,"90,000 kms",0.3932277985732975,1197 cc,5 Seats,False,False,False,True,True,True,False,False,False,False
4187,1413,3.92 Lakh,"97,972 kms",-0.3705939889526643,1248 cc,7 Seats,True,False,False,False,True,False,True,False,False,False
2794,1171,3.50 Lakh,"70,000 kms",-0.1159867264440103,1197 cc,5 Seats,True,False,False,False,True,False,True,False,False,False
1782,653,3.05 Lakh,"80,000 kms",-0.8798085139699723,1353 cc,5 Seats,False,False,False,True,True,False,True,False,False,False
2409,980,2.80 Lakh,"56,000 kms",-0.6252012514613183,1598 cc,5 Seats,False,False,False,True,True,True,False,False,False,False
3316,815,17.30 Lakh,"27,122 kms",1.1570495860992591,1461 cc,7 Seats,True,False,False,False,True,True,False,False,False,False
23,740,15.88 Lakh,"15,414 kms",0.9024423235906056,1956 cc,5 Seats,True,False,False,False,True,True,False,False,False,False
5504,95,49.90 Lakh,"75,000 kms",0.6478350610819515,1995 cc,7 Seats,True,False,False,False,False,False,True,False,False,False
5467,1207,2.15 Lakh,"70,000 kms",-1.1344157764786262,1991 cc,5 Seats,True,False,False,False,True,True,False,False,False,False
1033,933,8.51 Lakh,"81,672 kms",-0.1159867264440103,998 cc,5 Seats,True,False,False,False,True,False,True,False,False,False
5022,972,2.67 Lakh,"73,505 kms",0.3932277985732975,1197 cc,5 Seats,False,False,False,True,True,True,False,False,False,False
4936,1062,5.20 Lakh,"1,00,000 kms",0.1386205360646435,1493 cc,4 Seats,True,False,False,False,True,True,False,False,False,False
3664,1785,13.50 Lakh,"90,000 kms",0.3932277985732975,814 cc,5 Seats,True,False,False,False,True,True,False,False,False,False
290,996,5.94 Lakh,"72,820 kms",0.1386205360646435,1197 cc,5 Seats,False,False,False,True,True,False,True,False,False,False
3169,1621,2.02 Lakh,"61,549 kms",-0.3705939889526643,1198 cc,5 Seats,True,False,False,False,True,True,False,False,False,False
907,540,8 Lakh,"35,000 kms",1.1570495860992591,1197 cc,5 Seats,False,False,False,True,True,True,False,False,False,False
3997,980,1.73 Lakh,"44,557 kms",-0.6252012514613183,1197 cc,5 Seats,False,False,False,True,True,False,True,False,False,False
3552,1025,4.29 Lakh,"48,660 kms",1.1570495860992591,1896 cc,5 Seats,False,False,False,False,True,True,False,False,False,False
4340,1459,2.82 Lakh,"37,094 kms",0.6478350610819515,1461 cc,7 Seats,False,False,False,True,True,False,True,False,False,False
296,1221,4.21 Lakh,"1,05,053 kms",-0.6252012514613183,1248 cc,5 Seats,True,False,False,False,True,False,True,False,False,False
2843,223,3 Lakh,"60,000 kms",-0.8798085139699723,1399 cc,5 Seats,False,False,False,True,True,True,False,False,False,False
324,1833,4.53 Lakh,"44,487 kms",-0.3705939889526643,1498 cc,5 Seats,True,False,False,False,True,False,True,False,False,False
1962,74,24.18 Lakh,"9,329 kms",-0.6252012514613183,1248 cc,5 Seats,True,False,False,False,False,True,False,False,False,False
1543,835,4.50 Lakh,"1,20,000 kms",-0.1159867264440103,998 cc,5 Seats,True,False,False,False,True,True,False,False,False,False
3807,928,9.76 Lakh,"1,24,551 kms",0.3932277985732975,1248 cc,5 Seats,True,False,False,False,False,True,False,False,False,False
2195,1455,5 Lakh,"10,000 kms",1.4116568486079133,796 cc,5 Seats,False,False,False,True,False,True,False,False,False,False
1002,701,3.40 Lakh,"82,591 kms",-0.6252012514613183,1461 cc,5 Seats,False,False,False,True,True,True,False,False,False,False
1858,168,5.25 Lakh,"1,10,000 kms",-0.1159867264440103,1462 cc,5 Seats,True,False,False,False,True,True,False,False,False,False
1456,27,13 Lakh,"56,500 kms",-0.3705939889526643,1196 cc,5 Seats,True,False,False,False,False,True,False,False,False,False
5282,1351,48.10 Lakh,"29,000 kms",0.9024423235906056,2179 cc,7 Seats,False,False,False,True,False,True,False,False,False,False
748,1460,3.13 Lakh,"26,457 kms",0.6478350610819515,2967 cc,5 Seats,False,False,False,True,True,False,False,True,False,False
505,1231,9.96 Lakh,"54,000 kms",0.9024423235906056,1197 cc,5 Seats,True,False,False,False,True,True,False,False,False,False
2218,1862,7.25 Lakh,"1,14,996 kms",0.1386205360646435,1199 cc,5 Seats,True,False,False,False,False,True,False,False,False,False
297,700,8.44 Lakh,"10,283 kms",1.4116568486079133,1197 cc,5 Seats,False,False,False,True,True,True,False,False,False,False
2656,653,2.16 Lakh,"54,004 kms",-1.1344157764786262,796 cc,5 Seats,False,False,False,True,True,False,False,True,False,False
2067,1450,3.80 Lakh,"25,000 kms",1.1570495860992591,1396 cc,5 Seats,False,False,False,True,True,False,True,False,False,False
2951,1211,5.92 Lakh,"23,976 kms",1.1570495860992591,1968 cc,5 Seats,False,False,False,True,True,True,False,False,False,False
4114,533,"60,000 ","1,10,000 kms",-2.916666614039204,1199 cc,7 Seats,False,False,False,True,True,False,False,False,False,True
4783,1128,1.85 Lakh,"89,451 kms",-1.3890230389872802,1995 cc,5 Seats,False,False,False,True,True,False,False,False,True,False
812,557,9.99 Lakh,"13,731 kms",1.4116568486079133,1497 cc,5 Seats,False,False,False,True,True,True,False,False,False,False
4765,201,10.93 Lakh,"50,044 kms",1.4116568486079133,1197 cc,5 Seats,True,False,False,False,True,True,False,False,False,False
393,508,8.25 Lakh,"95,254 kms",-0.6252012514613183,2199 cc,7 Seats,True,False,False,False,True,True,False,False,False,False
2370,515,"70,000 ","1,00,000 kms",-3.425881139056512,998 cc,5 Seats,False,False,False,True,True,True,False,False,False,False
3819,523,"85,000 ","80,000 kms",-1.898237564004588,1197 cc,5 Seats,False,False,False,True,True,True,False,False,False,False
5061,1852,10 Lakh,"92,000 kms",-2.1528448265132423,998 cc,5 Seats,False,False,False,True,False,False,True,False,False,False
2940,268,2.57 Lakh,"72,947 kms",-0.6252012514613183,1248 cc,5 Seats,True,False,False,False,True,False,True,False,False,False
2480,400,5.75 Lakh,"53,580 kms",0.3932277985732975,1086 cc,5 Seats,False,False,False,True,True,True,False,False,False,False
952,1371,1.77 Crore,"1,400 kms",1.6662641111165672,2499 cc,7 Seats,True,False,False,False,False,True,False,False,False,False
4294,1307,29.75 Lakh,"71,000 kms",0.6478350610819515,1197 cc,7 Seats,True,False,False,False,False,False,True,False,False,False
1370,1556,21.75 Lakh,"54,000 kms",0.3932277985732975,1248 cc,5 Seats,False,False,False,True,False,True,False,False,False,False
5447,1218,1.90 Lakh,"1,20,000 kms",-1.898237564004588,1197 cc,5 Seats,True,False,False,False,True,False,True,False,False,False
5494,813,18.90 Lakh,"17,000 kms",1.4116568486079133,2143 cc,4 Seats,False,False,False,True,False,True,False,False,False,False
422,183,9.75 Lakh,"90,000 kms",0.6478350610819515,1498 cc,5 Seats,True,False,False,False,True,True,False,False,False,False
2476,665,4.96 Lakh,"15,000 kms",0.1386205360646435,1199 cc,5 Seats,False,False,False,True,True,True,False,False,False,False
2549,1092,4.65 Lakh,"80,000 kms",-0.3705939889526643,1198 cc,5 Seats,True,False,False,False,True,True,False,False,False,False
2182,179,6.75 Lakh,"78,452 kms",-0.1159867264440103,1582 cc,7 Seats,True,False,False,False,True,True,False,False,False,False
3443,1737,3.87 Lakh,"1,41,059 kms",-0.1159867264440103,1498 cc,5 Seats,True,False,False,False,True,False,True,False,False,False
2233,266,6.80 Lakh,"59,858 kms",0.6478350610819515,2179 cc,5 Seats,False,False,False,True,True,True,False,False,False,False
1965,672,4.79 Lakh,"50,827 kms",-0.1159867264440103,995 cc,5 Seats,False,False,False,True,True,False,True,False,False,False
2034,1598,1.25 Lakh,"72,000 kms",-1.898237564004588,1248 cc,5 Seats,False,False,False,True,True,False,True,False,False,False
1334,358,9.49 Lakh,"50,000 kms",0.3932277985732975,1197 cc,5 Seats,False,False,False,True,False,False,True,False,False,False
4825,1476,2.97 Lakh,"71,336 kms",-0.3705939889526643,1199 cc,5 Seats,True,False,False,False,True,False,True,False,False,False
1807,92,40 Lakh,"50,000 kms",0.1386205360646435,1995 cc,5 Seats,True,False,False,False,False,True,False,False,False,False
3605,1681,3.90 Lakh,"35,000 kms",0.9024423235906056,1498 cc,7 Seats,False,False,False,True,True,True,False,False,False,False
3143,1234,7 Lakh,"80,000 kms",0.3932277985732975,1197 cc,5 Seats,True,False,False,False,True,False,False,True,False,False
2899,813,14.50 Lakh,"35,000 kms",0.9024423235906056,814 cc,5 Seats,False,False,False,True,False,False,False,True,False,False
5113,1724,2.15 Lakh,"60,000 kms",-2.66205935153055,1298 cc,5 Seats,False,False,False,True,True,False,True,False,False,False
3717,612,4.28 Lakh,"60,694 kms",0.6478350610819515,1198 cc,5 Seats,True,False,False,False,True,False,True,False,False,False
4113,826,6.10 Lakh,"80,000 kms",0.9024423235906056,1997 cc,5 Seats,True,False,False,False,True,True,False,False,False,False
1090,1237,10.53 Lakh,"26,396 kms",1.1570495860992591,998 cc,5 Seats,False,False,False,True,True,True,False,False,False,False
240,1228,7.75 Lakh,"10,000 kms",1.4116568486079133,1462 cc,5 Seats,False,False,False,True,True,True,False,False,False,False
599,575,6.50 Lakh,"94,000 kms",0.1386205360646435,998 cc,5 Seats,False,False,False,True,False,True,False,False,False,False
1694,1741,5.85 Lakh,"50,000 kms",-0.8798085139699723,1493 cc,7 Seats,True,False,False,False,True,True,False,False,False,False
5033,486,5.25 Lakh,"46,000 kms",0.1386205360646435,1197 cc,5 Seats,False,False,False,True,False,True,False,False,False,False
2456,633,2.35 Lakh,"43,274 kms",-1.898237564004588,1956 cc,6 Seats,False,False,False,True,True,True,False,False,False,False
5222,981,2.82 Lakh,"39,873 kms",0.3932277985732975,1950 cc,5 Seats,False,False,False,True,True,False,True,False,False,False
5291,1341,34.90 Lakh,"79,000 kms",-0.1159867264440103,2993 cc,5 Seats,True,False,False,False,False,False,False,True,False,False
2892,940,4 Lakh,"90,000 kms",-0.6252012514613183,998 cc,5 Seats,True,False,False,False,True,False,False,True,False,False
4383,1184,5.41 Lakh,"65,908 kms",0.3932277985732975,1498 cc,5 Seats,False,False,False,True,True,True,False,False,False,False
4386,1183,4.08 Lakh,"29,265 kms",-0.1159867264440103,1995 cc,5 Seats,False,False,False,True,True,True,False,False,False,False
5207,433,7.90 Lakh,"44,401 kms",0.3932277985732975,1248 cc,5 Seats,False,False,False,True,True,False,False,True,False,False
1097,1892,61 Lakh,"20,000 kms",1.4116568486079133,1968 cc,5 Seats,True,False,False,False,False,True,False,False,False,False
4595,689,2.77 Lakh,"59,650 kms",-0.8798085139699723,796 cc,5 Seats,False,False,False,True,True,False,True,False,False,False
1084,1050,8.72 Lakh,"82,496 kms",0.9024423235906056,1248 cc,5 Seats,False,False,False,True,True,True,False,False,False,False
3473,583,11.95 Lakh,"28,235 kms",1.1570495860992591,796 cc,5 Seats,True,False,False,False,False,False,True,False,False,False
4626,277,6 Lakh,"36,500 kms",0.3932277985732975,1199 cc,5 Seats,False,False,False,True,True,True,False,False,False,False
4441,647,6.75 Lakh,"50,000 kms",0.6478350610819515,998 cc,5 Seats,False,False,False,True,True,True,False,False,False,False
1867,674,5.75 Lakh,"90,000 kms",-0.1159867264440103,1498 cc,5 Seats,True,False,False,False,True,True,False,False,False,False
4503,862,10 Lakh,"75,000 kms",0.1386205360646435,1248 cc,5 Seats,True,False,False,False,True,False,True,False,False,False
2167,598,1.66 Lakh,"86,208 kms",-1.3890230389872802,1373 cc,5 Seats,False,False,False,True,True,False,False,False,True,False
1044,1200,3.70 Lakh,"93,411 kms",-0.3705939889526643,1396 cc,5 Seats,True,False,False,False,True,False,True,False,False,False
1536,1005,6.20 Lakh,"55,500 kms",0.6478350610819515,1950 cc,5 Seats,True,False,False,False,True,True,False,False,False,False
208,933,10.25 Lakh,"91,000 kms",0.3932277985732975,2179 cc,7 Seats,True,False,False,False,True,True,False,False,False,False
763,344,7.15 Lakh,"65,911 kms",0.1386205360646435,1197 cc,5 Seats,True,False,False,False,True,True,False,False,False,False
5493,780,48.75 Lakh,"38,000 kms",1.1570495860992591,1197 cc,5 Seats,True,False,False,False,False,True,False,False,False,False
248,400,7.75 Lakh,"24,300 kms",0.6478350610819515,1199 cc,5 Seats,False,False,False,True,True,True,False,False,False,False
2518,504,2.85 Lakh,"60,000 kms",-0.6252012514613183,1798 cc,5 Seats,False,False,False,True,True,False,True,False,False,False
5204,1615,1.36 Lakh,"3,55,444 kms",-1.1344157764786262,998 cc,5 Seats,True,False,False,False,True,False,True,False,False,False
4553,342,5.29 Lakh,"1,11,474 kms",-0.1159867264440103,1086 cc,5 Seats,True,False,False,False,True,False,True,False,False,False
5185,695,6.09 Lakh,"12,355 kms",1.1570495860992591,998 cc,5 Seats,False,False,False,True,True,True,False,False,False,False
3897,1256,1.30 Lakh,"80,000 kms",-1.643630301495934,1197 cc,5 Seats,False,False,False,True,True,False,False,True,False,False
2851,453,1.80 Lakh,"1,10,000 kms",-0.6252012514613183,1582 cc,5 Seats,False,False,False,True,True,True,False,False,False,False
1477,1099,6 Lakh,"43,000 kms",-0.3705939889526643,1396 cc,5 Seats,True,False,False,False,True,False,True,False,False,False
4292,487,4.35 Lakh,"29,000 kms",-0.3705939889526643,1498 cc,5 Seats,False,False,False,True,False,True,False,False,False,False
381,811,16.75 Lakh,"51,904 kms",0.9024423235906056,1451 cc,5 Seats,False,False,False,True,False,True,False,False,False,False
4293,504,3.85 Lakh,"64,000 kms",-0.3705939889526643,1399 cc,5 Seats,False,False,False,True,True,True,False,False,False,False
751,1257,1.21 Lakh,"74,228 kms",-1.898237564004588,998 cc,5 Seats,False,False,True,False,True,True,False,False,False,False
655,1094,6.25 Lakh,"75,765 kms",-0.3705939889526643,2354 cc,7 Seats,False,False,False,True,True,False,True,False,False,False
491,484,5.35 Lakh,"11,717 kms",0.3932277985732975,2143 cc,5 Seats,False,False,False,True,True,False,True,False,False,False
794,361,9.40 Lakh,"38,409 kms",0.9024423235906056,1198 cc,5 Seats,False,False,False,True,True,True,False,False,False,False
1550,818,21.10 Lakh,"38,000 kms",1.1570495860992591,1998 cc,5 Seats,False,True,False,False,False,True,False,False,False,False
4525,1180,7.30 Lakh,"64,000 kms",0.6478350610819515,1248 cc,5 Seats,True,False,False,False,True,True,False,False,False,False
4233,71,51.75 Lakh,"46,000 kms",0.9024423235906056,998 cc,5 Seats,False,False,False,True,False,True,False,False,False,False
107,1854,10.50 Lakh,"23,500 kms",1.1570495860992591,999 cc,5 Seats,False,False,False,True,False,True,False,False,False,False
5411,1,17.50 Lakh,"70,000 kms",0.3932277985732975,1198 cc,5 Seats,True,False,False,False,False,False,True,False,False,False
29,1392,7.44 Lakh,"5,717 kms",1.4116568486079133,999 cc,5 Seats,False,False,False,True,True,True,False,False,False,False
2687,1084,6.21 Lakh,"49,712 kms",0.3932277985732975,2498 cc,5 Seats,False,False,False,True,True,True,False,False,False,False
2858,1270,3.50 Lakh,"90,000 kms",0.1386205360646435,1298 cc,5 Seats,False,False,False,True,True,True,False,False,False,False
2596,1644,22 Lakh,"5,000 kms",1.6662641111165672,1591 cc,5 Seats,True,False,False,False,True,True,False,False,False,False
239,1137,2 Lakh,"90,000 kms",-1.643630301495934,1586 cc,5 Seats,False,False,False,True,True,False,True,False,False,False
1319,1360,62.50 Lakh,"80,000 kms",0.3932277985732975,1248 cc,5 Seats,False,False,False,True,False,True,False,False,False,False
577,319,3.25 Lakh,"60,000 kms",-1.1344157764786262,1498 cc,5 Seats,False,False,False,True,True,False,True,False,False,False
2955,1692,3.51 Lakh,"39,477 kms",0.6478350610819515,1197 cc,8 Seats,False,False,False,True,True,True,False,False,False,False
1593,932,12 Lakh,"1,02,000 kms",0.1386205360646435,1199 cc,5 Seats,True,False,False,False,True,True,False,False,False,False
3931,463,9.25 Lakh,"46,595 kms",0.6478350610819515,1497 cc,5 Seats,True,False,False,False,True,False,True,False,False,False
4181,1211,5.98 Lakh,"17,331 kms",1.4116568486079133,1997 cc,5 Seats,False,False,False,True,True,True,False,False,False,False
3163,1094,8.49 Lakh,"69,305 kms",1.4116568486079133,1248 cc,7 Seats,False,False,False,True,True,True,False,False,False,False
2886,1303,7.10 Lakh,"70,000 kms",-1.1344157764786262,1396 cc,7 Seats,True,False,False,False,False,False,True,False,False,False
2314,1249,3.50 Lakh,"35,000 kms",-0.3705939889526643,1598 cc,5 Seats,False,False,False,True,True,True,False,False,False,False
2191,1,25.80 Lakh,"39,000 kms",1.1570495860992591,1248 cc,5 Seats,True,False,False,False,False,True,False,False,False,False
346,1354,48 Lakh,"54,000 kms",0.3932277985732975,2143 cc,5 Seats,True,False,False,False,False,False,True,False,False,False
911,1524,4.50 Lakh,"80,250 kms",-0.3705939889526643,1396 cc,5 Seats,True,False,False,False,True,False,True,False,False,False
4354,1180,4.28 Lakh,"99,515 kms",-0.1159867264440103,1197 cc,5 Seats,True,False,False,False,True,False,True,False,False,False
3858,415,8 Lakh,"35,000 kms",1.1570495860992591,1197 cc,5 Seats,False,False,False,True,False,True,False,False,False,False
4766,1075,2.56 Lakh,"99,569 kms",0.1386205360646435,1197 cc,5 Seats,False,False,False,True,True,False,False,True,False,False
811,1655,6.25 Lakh,"91,216 kms",0.3932277985732975,998 cc,5 Seats,True,False,False,False,True,True,False,False,False,False
2412,528,2.80 Lakh,"76,000 kms",-0.3705939889526643,1197 cc,5 Seats,False,False,True,False,True,True,False,False,False,False
3460,331,7.25 Lakh,"55,360 kms",0.3932277985732975,2179 cc,5 Seats,False,False,False,True,True,True,False,False,False,False
5057,492,3.85 Lakh,"73,000 kms",-0.3705939889526643,1248 cc,5 Seats,True,False,False,False,True,False,True,False,False,False
3915,1127,1.65 Lakh,"61,367 kms",-1.1344157764786262,1197 cc,5 Seats,True,False,False,False,True,False,True,False,False,False
5323,429,13 Lakh,"40,000 kms",0.6478350610819515,998 cc,5 Seats,True,False,False,False,False,True,False,False,False,False
4650,147,1.80 Lakh,"40,000 kms",0.3932277985732975,1495 cc,5 Seats,False,False,False,True,True,True,False,False,False,False
373,1504,22.75 Lakh,"32,067 kms",0.6478350610819515,1798 cc,5 Seats,False,False,False,True,False,True,False,False,False,False
4523,1067,7.25 Lakh,"79,000 kms",0.3932277985732975,1498 cc,5 Seats,True,False,False,False,True,True,False,False,False,False
848,1835,4.10 Lakh,"1,15,000 kms",0.1386205360646435,1582 cc,5 Seats,True,False,False,False,True,True,False,False,False,False
1181,34,16 Lakh,"94,002 kms",-0.3705939889526643,2494 cc,5 Seats,True,False,False,False,False,False,True,False,False,False
5483,1421,1.75 Crore,"10,000 kms",0.9024423235906056,3198 cc,7 Seats,False,False,False,True,False,True,False,False,False,False
4573,1457,2.37 Lakh,"72,685 kms",0.1386205360646435,1582 cc,7 Seats,False,False,False,True,True,True,False,False,False,False
4065,603,6.90 Lakh,"53,092 kms",0.6478350610819515,1198 cc,5 Seats,False,False,False,True,True,True,False,False,False,False
4458,1183,7 Lakh,"60,000 kms",1.4116568486079133,998 cc,5 Seats,False,False,False,True,True,True,False,False,False,False
881,1359,59.50 Lakh,"45,000 kms",0.1386205360646435,2499 cc,5 Seats,True,False,False,False,False,False,True,False,False,False
1583,417,8.35 Lakh,"70,000 kms",0.3932277985732975,1991 cc,4 Seats,True,False,False,False,True,True,False,False,False,False
401,61,43 Lakh,"40,000 kms",0.6478350610819515,1995 cc,5 Seats,True,False,False,False,False,True,False,False,False,False
2882,813,16 Lakh,"50,000 kms",0.9024423235906056,1248 cc,5 Seats,False,False,False,True,False,True,False,False,False,False
838,914,1.80 Lakh,"1,95,000 kms",-0.6252012514613183,1197 cc,4 Seats,True,False,False,False,True,True,False,False,False,False
293,504,4.52 Lakh,"24,395 kms",0.1386205360646435,1197 cc,5 Seats,False,False,False,True,True,True,False,False,False,False
1961,1101,4.62 Lakh,"1,12,696 kms",-0.6252012514613183,1498 cc,5 Seats,False,False,False,True,True,False,True,False,False,False
4392,504,3.59 Lakh,"51,927 kms",0.1386205360646435,814 cc,5 Seats,False,False,False,True,True,False,True,False,False,False
1726,305,3.15 Lakh,"81,200 kms",-0.6252012514613183,1498 cc,5 Seats,False,False,False,True,True,True,False,False,False,False
2124,1266,3.40 Lakh,"48,000 kms",-0.3705939889526643,1198 cc,5 Seats,False,False,False,True,True,True,False,False,False,False
157,190,6.51 Lakh,"49,000 kms",0.1386205360646435,1496 cc,5 Seats,False,False,False,True,False,True,False,False,False,False
65,970,1.53 Lakh,"46,257 kms",-1.898237564004588,998 cc,5 Seats,False,False,False,True,True,False,False,True,False,False
2052,454,3 Lakh,"60,000 kms",-0.1159867264440103,1799 cc,5 Seats,False,False,False,True,True,False,True,False,False,False
245,1410,5.75 Lakh,"28,000 kms",0.3932277985732975,1461 cc,5 Seats,True,False,False,False,True,True,False,False,False,False
4656,1077,2.25 Lakh,"89,511 kms",-1.1344157764786262,1493 cc,4 Seats,False,False,False,True,True,True,False,False,False,False
5463,1341,30 Lakh,"85,002 kms",-0.3705939889526643,1998 cc,5 Seats,True,False,False,False,False,False,True,False,False,False
4100,1709,40.90 Lakh,"20,000 kms",0.9024423235906056,1298 cc,5 Seats,False,False,False,True,False,True,False,False,False,False
5352,1404,2.50 Lakh,"80,000 kms",-0.8798085139699723,1086 cc,5 Seats,True,False,False,False,True,False,True,False,False,False
5143,129,1.10 Lakh,"74,829 kms",-1.1344157764786262,1197 cc,5 Seats,False,False,False,True,True,True,False,False,False,False
996,987,1.15 Lakh,"95,046 kms",-1.1344157764786262,2179 cc,8 Seats,False,False,False,True,True,False,True,False,False,False
3154,175,3.13 Lakh,"70,000 kms",-0.6252012514613183,796 cc,5 Seats,False,False,False,True,True,False,True,False,False,False
4476,209,5.80 Lakh,"2,10,000 kms",-1.898237564004588,1197 cc,5 Seats,True,False,False,False,True,True,False,False,False,False
3033,836,7.50 Lakh,"40,000 kms",0.9024423235906056,2143 cc,5 Seats,True,False,False,False,True,True,False,False,False,False
1503,469,7.65 Lakh,"75,000 kms",-0.1159867264440103,2143 cc,5 Seats,False,False,False,True,False,True,False,False,False,False
1101,1302,13.75 Lakh,"40,000 kms",-0.6252012514613183,1248 cc,5 Seats,True,False,False,False,False,True,False,False,False,False
1330,32,17.50 Lakh,"70,011 kms",-0.1159867264440103,2755 cc,7 Seats,True,False,False,False,False,True,False,False,False,False
5215,127,7.50 Lakh,"76,800 kms",-0.6252012514613183,999 cc,5 Seats,True,False,False,False,True,True,False,False,False,False
625,1166,5.75 Lakh,"17,348 kms",0.3932277985732975,1968 cc,5 Seats,False,False,False,True,False,False,True,False,False,False
3560,1620,2.04 Lakh,"2,23,926 kms",-0.1159867264440103,4367 cc,7 Seats,True,False,False,False,True,False,True,False,False,False
4857,422,10.58 Lakh,"19,787 kms",0.3932277985732975,2179 cc,5 Seats,True,False,False,False,True,True,False,False,False,False
534,433,8.11 Lakh,"58,596 kms",0.3932277985732975,2967 cc,5 Seats,False,False,False,True,True,True,False,False,False,False
1891,1870,4.90 Lakh,"1,18,393 kms",-0.3705939889526643,1368 cc,5 Seats,True,False,False,False,True,True,False,False,False,False
4179,972,1.71 Lakh,"52,654 kms",-0.6252012514613183,1582 cc,5 Seats,False,False,False,True,True,True,False,False,False,False
1650,670,6.99 Lakh,"29,000 kms",0.6478350610819515,1197 cc,5 Seats,False,False,False,True,True,False,True,False,False,False
1777,841,4.50 Lakh,"35,000 kms",0.3932277985732975,1582 cc,5 Seats,True,False,False,False,True,False,True,False,False,False
151,1716,6.50 Lakh,"38,000 kms",-0.6252012514613183,1798 cc,5 Seats,False,False,False,True,True,True,False,False,False,False
1907,1293,"95,000 ","90,000 kms",-2.916666614039204,1199 cc,5 Seats,False,False,False,True,True,False,False,True,False,False
1945,1503,1.35 Lakh,"1,18,971 kms",-1.898237564004588,1598 cc,5 Seats,True,False,False,False,False,False,True,False,False,False
1498,100,37.90 Lakh,"75,000 kms",-0.1159867264440103,998 cc,5 Seats,True,False,False,False,False,False,True,False,False,False
425,1527,9.85 Lakh,"59,000 kms",0.6478350610819515,1498 cc,5 Seats,True,False,False,False,True,True,False,False,False,False
3303,1104,9.46 Lakh,"29,267 kms",0.9024423235906056,2179 cc,5 Seats,False,False,False,True,True,True,False,False,False,False
3383,416,8 Lakh,"78,000 kms",0.3932277985732975,1396 cc,5 Seats,True,False,False,False,True,True,False,False,False,False
4355,1229,6.82 Lakh,"47,264 kms",0.6478350610819515,1497 cc,5 Seats,True,False,False,False,True,True,False,False,False,False
4083,1,25.80 Lakh,"39,000 kms",1.1570495860992591,1086 cc,5 Seats,True,False,False,False,False,True,False,False,False,False
3370,1643,20.65 Lakh,"35,000 kms",1.4116568486079133,2523 cc,5 Seats,True,False,False,False,True,True,False,False,False,False
1558,1,25.80 Lakh,"39,000 kms",1.1570495860992591,1950 cc,5 Seats,True,False,False,False,False,True,False,False,False,False
1071,568,4.07 Lakh,"1,16,064 kms",-0.6252012514613183,5461 cc,5 Seats,True,False,False,False,True,False,True,False,False,False
1235,1501,2.53 Lakh,"1,09,403 kms",-0.8798085139699723,1462 cc,7 Seats,True,False,False,False,False,False,False,True,False,False
3542,914,2.27 Lakh,"1,17,132 kms",-0.8798085139699723,1248 cc,5 Seats,True,False,False,False,True,True,False,False,False,False
2291,462,3.25 Lakh,"37,820 kms",-0.1159867264440103,1498 cc,5 Seats,False,False,False,True,True,True,False,False,False,False
1049,110,1.07 Lakh,"82,983 kms",-0.8798085139699723,624 cc,4 Seats,True,False,False,False,True,True,False,False,False,False
4431,1270,3 Lakh,"1,66,000 kms",-0.1159867264440103,1197 cc,5 Seats,False,False,False,True,True,True,False,False,False,False
865,1370,47.75 Lakh,"13,000 kms",-0.3705939889526643,1495 cc,5 Seats,True,False,False,False,False,False,True,False,False,False
3480,974,2.55 Lakh,"46,001 kms",1.1570495860992591,999 cc,5 Seats,False,False,False,False,True,True,False,False,False,False
877,45,46 Lakh,"65,000 kms",0.3932277985732975,2179 cc,5 Seats,True,False,False,False,False,True,False,False,False,False
2351,673,4.50 Lakh,"1,10,000 kms",-0.6252012514613183,1968 cc,5 Seats,False,False,False,True,True,False,True,False,False,False
410,1831,6.75 Lakh,"28,211 kms",0.1386205360646435,1198 cc,5 Seats,False,False,False,True,True,True,False,False,False,False
555,523,2.11 Lakh,"62,207 kms",-0.6252012514613183,1197 cc,5 Seats,False,False,False,True,True,True,False,False,False,False
4576,816,15.68 Lakh,"32,744 kms",0.9024423235906056,1193 cc,5 Seats,True,False,False,False,True,False,True,False,False,False
4554,370,4.88 Lakh,"77,038 kms",-0.1159867264440103,1461 cc,5 Seats,False,False,False,True,False,False,True,False,False,False
4511,913,16.50 Lakh,"17,000 kms",1.4116568486079133,1497 cc,5 Seats,True,False,False,False,False,True,False,False,False,False
5023,1207,4.19 Lakh,"1,46,256 kms",0.1386205360646435,1497 cc,5 Seats,True,False,False,False,True,True,False,False,False,False
3341,1262,5.60 Lakh,"5,000 kms",1.6662641111165672,1248 cc,5 Seats,False,False,False,True,True,True,False,False,False,False
2926,972,2.67 Lakh,"26,562 kms",0.3932277985732975,1199 cc,5 Seats,False,False,False,True,True,True,False,False,False,False
4855,355,10.25 Lakh,"48,100 kms",0.6478350610819515,1498 cc,5 Seats,True,False,False,False,True,True,False,False,False,False
1297,1359,59.50 Lakh,"45,000 kms",0.1386205360646435,2499 cc,5 Seats,True,False,False,False,False,False,True,False,False,False
453,1299,17.45 Lakh,"37,000 kms",0.1386205360646435,2143 cc,5 Seats,True,False,False,False,False,False,True,False,False,False
5476,93,56.50 Lakh,"29,000 kms",0.9024423235906056,1199 cc,5 Seats,True,False,False,False,False,True,False,False,False,False
530,849,3.99 Lakh,"34,048 kms",0.3932277985732975,2993 cc,5 Seats,False,False,False,True,True,True,False,False,False,False
5127,1050,8.34 Lakh,"57,270 kms",0.9024423235906056,1199 cc,7 Seats,False,False,False,True,True,True,False,False,False,False
251,757,17.25 Lakh,"12,600 kms",1.4116568486079133,1353 cc,5 Seats,False,False,False,True,False,True,False,False,False,False
4262,999,4.91 Lakh,"93,428 kms",0.3932277985732975,1493 cc,5 Seats,False,False,False,True,True,True,False,False,False,False
1620,1647,8.35 Lakh,"27,000 kms",0.9024423235906056,999 cc,7 Seats,False,False,False,True,True,True,False,False,False,False
3964,422,7.11 Lakh,"1,22,966 kms",-0.1159867264440103,998 cc,5 Seats,True,False,False,False,True,True,False,False,False,False
3379,711,7.76 Lakh,"5,000 kms",1.6662641111165672,1461 cc,5 Seats,True,False,False,False,True,True,False,False,False,False
227,776,72 Lakh,"7,700 kms",1.4116568486079133,1997 cc,7 Seats,False,False,False,True,False,True,False,False,False,False
1617,398,9.30 Lakh,"42,000 kms",0.6478350610819515,1598 cc,5 Seats,True,False,False,False,True,True,False,False,False,False
3742,1211,5.87 Lakh,"9,535 kms",1.4116568486079133,1197 cc,5 Seats,False,False,False,True,True,True,False,False,False,False
439,957,2.95 Lakh,"56,117 kms",-1.643630301495934,2498 cc,7 Seats,True,False,False,False,True,True,False,False,False,False
1046,559,3.86 Lakh,"1,99,085 kms",-0.6252012514613183,1120 cc,5 Seats,True,False,False,False,True,True,False,False,False,False
1476,786,1.90 Crore,"68,500 kms",0.9024423235906056,1497 cc,5 Seats,True,False,False,False,False,True,False,False,False,False
2271,1566,3.80 Lakh,"1,10,000 kms",0.6478350610819515,1086 cc,5 Seats,False,False,False,True,True,False,True,False,False,False
3132,1234,6.95 Lakh,"80,000 kms",0.3932277985732975,1998 cc,5 Seats,True,False,False,False,True,False,True,False,False,False
5413,424,11.50 Lakh,"66,000 kms",0.6478350610819515,1197 cc,5 Seats,True,False,False,False,True,True,False,False,False,False
4969,1183,4.39 Lakh,"92,720 kms",0.1386205360646435,998 cc,7 Seats,False,False,False,True,True,False,True,False,False,False
5350,719,47 Lakh,"7,500 kms",1.1570495860992591,1993 cc,5 Seats,False,False,False,True,False,True,False,False,False,False
5032,1145,7.24 Lakh,"79,989 kms",0.6478350610819515,1497 cc,5 Seats,True,False,False,False,True,True,False,False,False,False
3893,1186,5.50 Lakh,"1,10,000 kms",0.1386205360646435,998 cc,5 Seats,False,False,False,True,False,True,False,False,False,False
4505,444,17.75 Lakh,"60,000 kms",1.1570495860992591,1497 cc,5 Seats,True,False,False,False,False,True,False,False,False,False
468,1089,8 Lakh,"80,000 kms",0.3932277985732975,2179 cc,7 Seats,True,False,False,False,True,True,False,False,False,False
292,1186,5.88 Lakh,"31,172 kms",0.1386205360646435,1197 cc,5 Seats,False,False,False,True,False,False,True,False,False,False
1893,155,1.70 Lakh,"50,000 kms",-1.3890230389872802,1968 cc,5 Seats,False,False,False,True,True,True,False,False,False,False
4291,681,5.05 Lakh,"69,000 kms",-0.1159867264440103,1197 cc,5 Seats,False,False,False,True,True,False,True,False,False,False
3757,521,4.52 Lakh,"15,845 kms",0.9024423235906056,1248 cc,5 Seats,False,False,False,True,True,True,False,False,False,False
3768,1125,1.59 Lakh,"82,441 kms",-1.3890230389872802,799 cc,5 Seats,False,False,False,True,True,False,False,True,False,False
624,653,2.52 Lakh,"34,453 kms",-1.3890230389872802,1197 cc,5 Seats,False,False,False,True,True,True,False,False,False,False
5358,1312,62 Lakh,"4,000 kms",1.6662641111165672,2925 cc,5 Seats,True,False,False,False,False,True,False,False,False,False
765,49,65 Lakh,"11,000 kms",0.6478350610819515,1498 cc,4 Seats,False,False,False,True,False,True,False,False,False,False
5386,1359,59.50 Lakh,"45,000 kms",0.1386205360646435,2143 cc,5 Seats,True,False,False,False,False,False,True,False,False,False
538,1433,5.14 Lakh,"62,164 kms",-0.3705939889526643,1591 cc,5 Seats,True,False,False,False,True,True,False,False,False,False
4974,629,1.95 Lakh,"85,876 kms",-1.1344157764786262,1373 cc,5 Seats,False,False,False,True,True,False,True,False,False,False
810,358,8.90 Lakh,"57,826 kms",0.3932277985732975,1497 cc,5 Seats,False,False,False,True,False,False,True,False,False,False
1448,731,13.75 Lakh,"23,000 kms",0.9024423235906056,2967 cc,7 Seats,False,False,False,True,True,True,False,False,False,False
4093,265,6.40 Lakh,"25,102 kms",0.9024423235906056,2487 cc,5 Seats,False,False,False,True,True,True,False,False,False,False
4076,714,74 Lakh,"9,900 kms",1.4116568486079133,1968 cc,5 Seats,True,False,False,False,False,True,False,False,False,False
1117,1163,2.86 Lakh,"92,613 kms",-1.1344157764786262,1498 cc,5 Seats,False,False,False,True,True,True,False,False,False,False
4116,1352,71.50 Lakh,"24,900 kms",1.4116568486079133,1248 cc,5 Seats,True,False,False,False,False,True,False,False,False,False
4402,635,3.25 Lakh,"45,000 kms",-0.3705939889526643,1198 cc,5 Seats,False,False,False,True,True,True,False,False,False,False
2694,1473,2.10 Lakh,"23,907 kms",-0.6252012514613183,1198 cc,5 Seats,True,False,False,False,True,False,True,False,False,False
1743,347,8.50 Lakh,"50,000 kms",0.1386205360646435,1798 cc,5 Seats,False,False,False,True,False,False,True,False,False,False
4385,848,2.87 Lakh,"69,404 kms",0.1386205360646435,1197 cc,5 Seats,False,False,False,True,True,False,True,False,False,False
1400,1796,15.75 Lakh,"55,000 kms",0.3932277985732975,2755 cc,7 Seats,True,False,False,False,False,True,False,False,False,False
1606,1754,16.10 Lakh,"1,77,000 kms",-0.3705939889526643,1497 cc,5 Seats,True,False,False,False,True,True,False,False,False,False
1918,47,35 Lakh,"55,000 kms",-1.1344157764786262,2179 cc,5 Seats,False,False,False,True,False,False,True,False,False,False
199,1199,2.10 Lakh,"1,43,000 kms",-1.1344157764786262,1248 cc,5 Seats,True,False,False,False,True,False,True,False,False,False
589,649,3.99 Lakh,"37,000 kms",-0.8798085139699723,1591 cc,5 Seats,False,False,False,True,True,True,False,False,False,False
4591,1453,4.29 Lakh,"11,755 kms",0.9024423235906056,1798 cc,5 Seats,False,False,False,True,False,True,False,False,False,False
4628,658,7.11 Lakh,"68,000 kms",0.3932277985732975,1172 cc,5 Seats,True,False,False,False,True,True,False,False,False,False
3978,498,6.14 Lakh,"20,688 kms",0.9024423235906056,1497 cc,5 Seats,False,False,False,True,False,True,False,False,False,False
747,1658,3.67 Lakh,"54,239 kms",1.1570495860992591,799 cc,5 Seats,False,True,False,False,False,True,False,False,False,False
1533,419,8.95 Lakh,"85,000 kms",0.3932277985732975,1498 cc,5 Seats,True,False,False,False,False,True,False,False,False,False
3399,80,8 Lakh,"1,00,000 kms",-1.1344157764786262,1197 cc,5 Seats,False,False,False,True,False,False,True,False,False,False
1115,421,7.90 Lakh,"38,280 kms",-0.1159867264440103,1197 cc,5 Seats,True,False,False,False,True,True,False,False,False,False
4574,1249,2.39 Lakh,"42,090 kms",-0.6252012514613183,999 cc,5 Seats,False,False,False,True,True,True,False,False,False,False
2775,560,3.99 Lakh,"90,228 kms",-0.3705939889526643,2982 cc,5 Seats,False,False,False,True,True,True,False,False,False,False
4993,901,5.53 Lakh,"57,616 kms",0.1386205360646435,814 cc,5 Seats,True,False,False,False,True,True,False,False,False,False
1512,1339,58 Lakh,"17,000 kms",1.1570495860992591,1197 cc,5 Seats,True,False,False,False,False,True,False,False,False,False
2439,1092,5.66 Lakh,"1,05,812 kms",-0.1159867264440103,998 cc,5 Seats,True,False,False,False,True,False,False,True,False,False
1073,1340,1.52 Crore,"47,000 kms",0.3932277985732975,1199 cc,5 Seats,False,False,False,True,False,False,True,False,False,False
4898,1734,3.50 Lakh,"72,200 kms",-0.6252012514613183,1373 cc,5 Seats,True,False,False,False,True,True,False,False,False,False
2948,235,1.64 Lakh,"54,910 kms",-1.1344157764786262,1197 cc,5 Seats,False,False,False,True,True,True,False,False,False,False
3619,1500,2 Lakh,"45,500 kms",-1.3890230389872802,1248 cc,7 Seats,True,False,False,False,True,False,True,False,False,False
3290,46,1.02 Crore,"28,000 kms",1.4116568486079133,4134 cc,5 Seats,False,False,False,True,False,True,False,False,False,False
102,601,7.75 Lakh,"51,000 kms",0.3932277985732975,1591 cc,5 Seats,False,False,False,True,False,True,False,False,False,False
3142,547,9.50 Lakh,"60,000 kms",1.1570495860992591,1197 cc,5 Seats,True,False,False,False,True,True,False,False,False,False
4284,702,3.35 Lakh,"83,204 kms",-0.6252012514613183,1197 cc,5 Seats,True,False,False,False,True,False,True,False,False,False
5283,89,45 Lakh,"25,500 kms",0.6478350610819515,2987 cc,5 Seats,False,False,False,True,False,True,False,False,False,False
3277,874,12.51 Lakh,"74,206 kms",0.6478350610819515,2393 cc,5 Seats,True,False,False,False,True,True,False,False,False,False
3066,1370,47.75 Lakh,"13,000 kms",-0.3705939889526643,814 cc,5 Seats,True,False,False,False,False,False,True,False,False,False
106,427,11 Lakh,"36,000 kms",0.6478350610819515,1591 cc,5 Seats,False,False,False,True,True,True,False,False,False,False
4648,83,7.40 Lakh,"1,20,000 kms",-0.8798085139699723,1193 cc,5 Seats,True,False,False,False,False,False,True,False,False,False
4337,1802,6.41 Lakh,"25,330 kms",0.6478350610819515,1968 cc,5 Seats,True,False,False,False,True,True,False,False,False,False
1022,93,56.50 Lakh,"29,000 kms",0.9024423235906056,1598 cc,5 Seats,True,False,False,False,False,True,False,False,False,False
1188,1225,4.41 Lakh,"39,889 kms",0.3932277985732975,1997 cc,5 Seats,False,False,False,True,True,False,True,False,False,False
800,358,9.69 Lakh,"73,971 kms",0.6478350610819515,1199 cc,5 Seats,False,False,False,True,False,True,False,False,False,False
3814,1180,4.10 Lakh,"60,000 kms",-0.6252012514613183,1364 cc,5 Seats,True,False,False,False,True,True,False,False,False,False
2399,488,3.62 Lakh,"1,41,692 kms",-0.3705939889526643,999 cc,5 Seats,False,False,False,True,True,True,False,False,False,False
4125,1331,26 Lakh,"90,000 kms",-0.1159867264440103,2925 cc,5 Seats,True,False,False,False,False,True,False,False,False,False
2569,1668,6.50 Lakh,"12,000 kms",1.4116568486079133,2179 cc,5 Seats,False,False,False,True,True,True,False,False,False,False
576,486,5.40 Lakh,"31,000 kms",0.1386205360646435,1497 cc,5 Seats,False,False,False,True,False,True,False,False,False,False
2534,576,6.25 Lakh,"41,000 kms",0.3932277985732975,1956 cc,5 Seats,False,False,False,True,True,True,False,False,False,False
1175,1358,52 Lakh,"70,000 kms",0.1386205360646435,998 cc,5 Seats,True,False,False,False,False,False,True,False,False,False
4792,685,6.90 Lakh,"65,000 kms",0.3932277985732975,1498 cc,5 Seats,True,False,False,False,True,True,False,False,False,False
1345,972,3.20 Lakh,"35,000 kms",0.6478350610819515,2987 cc,5 Seats,False,False,False,True,True,True,False,False,False,False
3988,666,5.84 Lakh,"29,723 kms",0.1386205360646435,1198 cc,7 Seats,False,False,False,True,True,True,False,False,False,False
2721,1284,1.85 Lakh,"39,543 kms",-1.3890230389872802,1061 cc,5 Seats,False,False,False,True,True,True,False,False,False,False
4497,484,4.50 Lakh,"80,000 kms",0.6478350610819515,1197 cc,5 Seats,False,False,False,True,True,False,False,True,False,False
4918,328,4 Lakh,"48,000 kms",-0.8798085139699723,1197 cc,5 Seats,False,False,False,True,True,True,False,False,False,False
4597,1145,7.58 Lakh,"44,641 kms",0.6478350610819515,1197 cc,5 Seats,True,False,False,False,True,True,False,False,False,False
3509,664,5.87 Lakh,"82,177 kms",0.6478350610819515,1461 cc,5 Seats,True,False,False,False,True,True,False,False,False,False
416,1168,7.95 Lakh,"1,08,000 kms",0.6478350610819515,1248 cc,5 Seats,True,False,False,False,False,True,False,False,False,False
4684,108,1.52 Lakh,"88,741 kms",-0.3705939889526643,1497 cc,5 Seats,True,False,False,False,True,False,True,False,False,False
1224,1317,49.90 Lakh,"12,000 kms",1.4116568486079133,1497 cc,5 Seats,False,False,False,True,False,True,False,False,False,False
3558,110,2.79 Lakh,"60,205 kms",0.1386205360646435,2982 cc,5 Seats,True,False,False,False,True,True,False,False,False,False
1780,1031,4.25 Lakh,"35,000 kms",0.6478350610819515,1197 cc,5 Seats,False,False,False,True,True,True,False,False,False,False
179,1397,2.90 Lakh,"73,000 kms",-0.8798085139699723,1461 cc,5 Seats,True,False,False,False,True,True,False,False,False,False
3470,1838,1.92 Lakh,"80,615 kms",-1.1344157764786262,1197 cc,5 Seats,True,False,False,False,True,False,False,False,True,False
4406,1498,16.75 Lakh,"16,000 kms",1.6662641111165672,2143 cc,5 Seats,False,False,False,True,False,True,False,False,False,False
5505,1234,7.95 Lakh,"60,000 kms",0.3932277985732975,2143 cc,4 Seats,True,False,False,False,True,True,False,False,False,False
2890,169,4 Lakh,"90,000 kms",0.3932277985732975,1248 cc,5 Seats,True,False,False,False,True,True,False,False,False,False
1436,1266,3.32 Lakh,"25,122 kms",0.3932277985732975,1582 cc,5 Seats,False,False,False,True,True,True,False,False,False,False
1611,1233,9.80 Lakh,"48,000 kms",0.6478350610819515,1582 cc,5 Seats,True,False,False,False,True,True,False,False,False,False
1129,1796,15.75 Lakh,"55,000 kms",0.3932277985732975,3198 cc,7 Seats,True,False,False,False,False,True,False,False,False,False
497,836,7.35 Lakh,"70,000 kms",0.6478350610819515,1197 cc,7 Seats,True,False,False,False,True,True,False,False,False,False
787,1001,7.25 Lakh,"18,959 kms",0.6478350610819515,1497 cc,5 Seats,False,False,False,True,True,True,False,False,False,False
5082,1001,5.57 Lakh,"59,089 kms",0.3932277985732975,1197 cc,5 Seats,False,False,False,True,True,True,False,False,False,False
5234,21,24.50 Lakh,"68,000 kms",0.1386205360646435,2993 cc,5 Seats,True,False,False,False,False,True,False,False,False,False
3503,912,14.13 Lakh,"4,486 kms",1.6662641111165672,1498 cc,5 Seats,True,False,False,False,True,True,False,False,False,False
3168,1145,7.50 Lakh,"80,243 kms",0.6478350610819515,2982 cc,5 Seats,True,False,False,False,True,False,True,False,False,False
472,1286,1.20 Lakh,"70,000 kms",-2.1528448265132423,1461 cc,5 Seats,False,False,False,True,True,False,False,False,True,False
2805,112,1.75 Lakh,"60,000 kms",-1.1344157764786262,2498 cc,5 Seats,False,False,False,True,True,True,False,False,False,False
3129,1317,42.50 Lakh,"28,000 kms",0.9024423235906056,796 cc,5 Seats,False,False,False,True,False,True,False,False,False,False
5075,1353,32.19 Lakh,"95,472 kms",0.6478350610819515,1197 cc,5 Seats,True,False,False,False,False,True,False,False,False,False
2607,1275,5.25 Lakh,"40,000 kms",1.1570495860992591,1582 cc,5 Seats,False,False,False,True,False,True,False,False,False,False
473,1436,10.75 Lakh,"23,000 kms",0.9024423235906056,2199 cc,5 Seats,True,False,False,False,True,False,True,False,False,False
903,689,7 Lakh,"5,000 kms",1.4116568486079133,1396 cc,5 Seats,False,False,False,True,True,True,False,False,False,False
4994,1166,5.66 Lakh,"1,26,686 kms",0.6478350610819515,1197 cc,5 Seats,False,False,False,True,False,True,False,False,False,False
2655,1453,3.55 Lakh,"4,768 kms",0.6478350610819515,1586 cc,5 Seats,False,False,False,True,False,False,True,False,False,False
2903,1574,14 Lakh,"90,000 kms",0.9024423235906056,1497 cc,4 Seats,True,False,False,False,True,True,False,False,False,False
4446,1554,4 Lakh,"45,000 kms",-0.8798085139699723,1197 cc,5 Seats,False,False,False,True,True,False,False,True,False,False
4812,347,7.50 Lakh,"89,772 kms",0.1386205360646435,1197 cc,5 Seats,False,False,False,True,False,True,False,False,False,False
272,1664,9.25 Lakh,"13,700 kms",1.4116568486079133,1199 cc,5 Seats,False,False,False,True,False,True,False,False,False,False
1321,1061,4.65 Lakh,"72,000 kms",-0.1159867264440103,1950 cc,5 Seats,True,False,False,False,True,True,False,False,False,False
336,255,2.44 Lakh,"74,809 kms",-0.6252012514613183,1498 cc,5 Seats,True,False,False,False,True,True,False,False,False,False
4897,1206,2.86 Lakh,"1,14,638 kms",-0.8798085139699723,998 cc,5 Seats,True,False,False,False,True,False,True,False,False,False
683,435,9.95 Lakh,"36,000 kms",0.3932277985732975,2982 cc,5 Seats,False,False,False,True,True,True,False,False,False,False
2746,388,6.71 Lakh,"10,834 kms",1.4116568486079133,1197 cc,5 Seats,False,False,False,True,True,True,False,False,False,False
964,1433,4.75 Lakh,"1,16,000 kms",-0.1159867264440103,1968 cc,5 Seats,True,False,False,False,True,True,False,False,False,False
1183,1707,23.50 Lakh,"47,000 kms",0.3932277985732975,1498 cc,5 Seats,False,False,False,True,False,True,False,False,False,False
5195,435,7.99 Lakh,"1,28,782 kms",0.3932277985732975,1461 cc,5 Seats,False,False,False,True,True,True,False,False,False,False
486,441,17.95 Lakh,"50,000 kms",1.1570495860992591,998 cc,5 Seats,True,False,False,False,True,True,False,False,False,False
286,1290,4 Lakh,"1,32,596 kms",-2.916666614039204,993 cc,5 Seats,False,False,False,True,True,False,True,False,False,False
4537,360,9.50 Lakh,"43,000 kms",0.9024423235906056,1956 cc,5 Seats,False,False,False,True,True,True,False,False,False,False
3817,112,1.65 Lakh,"80,000 kms",-0.1159867264440103,1086 cc,5 Seats,False,False,False,True,True,False,False,True,False,False
3670,333,1.20 Lakh,"10,000 kms",-1.898237564004588,1461 cc,5 Seats,False,False,False,True,True,False,True,False,False,False
254,502,7.50 Lakh,"5,000 kms",1.6662641111165672,1197 cc,5 Seats,False,False,False,False,True,True,False,False,False,False
1657,1063,4.50 Lakh,"1,56,596 kms",-0.1159867264440103,1798 cc,5 Seats,False,False,False,True,True,True,False,False,False,False
4401,479,4.60 Lakh,"45,000 kms",0.9024423235906056,1495 cc,5 Seats,False,False,False,True,True,True,False,False,False,False
5302,1709,40.90 Lakh,"20,000 kms",0.9024423235906056,2143 cc,7 Seats,False,False,False,True,False,True,False,False,False,False
5290,790,29.90 Lakh,"69,000 kms",-0.1159867264440103,2987 cc,5 Seats,True,False,False,False,False,True,False,False,False,False
4984,492,3.42 Lakh,"1,71,065 kms",0.1386205360646435,1582 cc,5 Seats,True,False,False,False,True,True,False,False,False,False
1561,1096,7.25 Lakh,"44,000 kms",0.1386205360646435,1497 cc,5 Seats,False,False,False,False,True,True,False,False,False,False
4683,462,1.83 Lakh,"65,239 kms",-0.8798085139699723,1248 cc,5 Seats,False,False,False,True,True,False,True,False,False,False
2905,1099,4.50 Lakh,"1,20,000 kms",-0.3705939889526643,3996 cc,4 Seats,True,False,False,False,True,False,False,False,True,False
3545,427,9.48 Lakh,"36,104 kms",0.6478350610819515,998 cc,5 Seats,False,False,False,True,True,True,False,False,False,False
4687,984,3.36 Lakh,"55,202 kms",0.6478350610819515,1196 cc,7 Seats,False,False,False,True,True,True,False,False,False,False
5481,1892,54.50 Lakh,"34,000 kms",0.9024423235906056,1598 cc,7 Seats,True,False,False,False,False,True,False,False,False,False
1350,1307,21.50 Lakh,"37,000 kms",-0.1159867264440103,2498 cc,6 Seats,True,False,False,False,False,False,True,False,False,False
1055,194,5.82 Lakh,"69,720 kms",0.3932277985732975,1061 cc,5 Seats,False,False,False,True,True,True,False,False,False,False
2702,1125,1.56 Lakh,"51,007 kms",-1.643630301495934,2982 cc,5 Seats,False,False,False,True,True,True,False,False,False,False
2519,1625,1.75 Lakh,"80,000 kms",-1.1344157764786262,2523 cc,7 Seats,True,False,False,False,True,False,True,False,False,False
1924,1655,6 Lakh,"1,02,732 kms",0.6478350610819515,1248 cc,5 Seats,True,False,False,False,True,True,False,False,False,False
5154,501,6.51 Lakh,"8,683 kms",1.4116568486079133,1196 cc,5 Seats,False,False,False,True,True,True,False,False,False,False
3835,338,11 Lakh,"70,000 kms",1.1570495860992591,1497 cc,5 Seats,False,False,False,True,True,True,False,False,False,False
3113,1307,21.50 Lakh,"37,000 kms",-0.1159867264440103,1248 cc,5 Seats,True,False,False,False,False,False,True,False,False,False
896,1890,68.50 Lakh,"7,000 kms",1.6662641111165672,1582 cc,5 Seats,False,False,False,True,False,True,False,False,False,False
2792,958,1.80 Lakh,"1,20,000 kms",-1.1344157764786262,796 cc,5 Seats,True,False,False,False,True,False,False,True,False,False
598,1321,19.50 Lakh,"27,000 kms",0.1386205360646435,1591 cc,5 Seats,False,False,False,True,False,False,True,False,False,False
3994,1084,6.96 Lakh,"57,407 kms",0.6478350610819515,2494 cc,5 Seats,False,False,False,True,True,True,False,False,False,False
2522,1719,2.95 Lakh,"50,000 kms",-1.1344157764786262,2179 cc,7 Seats,False,False,False,True,True,True,False,False,False,False
1665,1529,8.60 Lakh,"43,000 kms",0.6478350610819515,1968 cc,5 Seats,False,False,False,True,False,True,False,False,False,False
3570,1206,4.25 Lakh,"66,000 kms",-0.3705939889526643,2184 cc,5 Seats,True,False,False,False,True,True,False,False,False,False
3406,1183,3.87 Lakh,"55,325 kms",-0.1159867264440103,2179 cc,5 Seats,False,False,False,True,True,True,False,False,False,False
4715,421,8.29 Lakh,"1,01,585 kms",0.1386205360646435,1396 cc,5 Seats,True,False,False,False,True,True,False,False,False,False
3703,71,51.75 Lakh,"46,000 kms",0.9024423235906056,1499 cc,5 Seats,False,False,False,True,False,True,False,False,False,False
3540,1571,16.70 Lakh,"21,699 kms",1.4116568486079133,2494 cc,5 Seats,True,False,False,False,True,True,False,False,False,False
228,950,17.50 Lakh,"9,000 kms",1.6662641111165672,1999 cc,5 Seats,False,False,False,True,False,True,False,False,False,False
5095,347,6.98 Lakh,"57,445 kms",-0.1159867264440103,1197 cc,7 Seats,False,False,False,True,False,True,False,False,False,False
4863,1513,5.78 Lakh,"1,79,308 kms",-0.6252012514613183,1495 cc,5 Seats,True,False,False,False,False,False,True,False,False,False
4847,439,12.90 Lakh,"16,968 kms",1.1570495860992591,1497 cc,5 Seats,False,False,False,True,True,True,False,False,False,False
1684,972,3 Lakh,"20,000 kms",0.3932277985732975,2143 cc,5 Seats,False,False,False,True,True,False,True,False,False,False
1862,1206,4.50 Lakh,"1,00,000 kms",-0.6252012514613183,1396 cc,5 Seats,True,False,False,False,True,False,True,False,False,False
17,1042,6.73 Lakh,"34,971 kms",0.3932277985732975,1373 cc,5 Seats,False,False,False,True,True,False,True,False,False,False
5133,131,1.16 Lakh,"48,616 kms",-1.3890230389872802,1373 cc,5 Seats,False,False,False,True,True,True,False,False,False,False
1934,1349,45 Lakh,"57,000 kms",0.6478350610819515,1995 cc,5 Seats,True,False,False,False,False,True,False,False,False,False
1595,1681,3.05 Lakh,"92,195 kms",0.1386205360646435,1598 cc,5 Seats,False,False,False,True,True,True,False,False,False,False
443,9,32.45 Lakh,"49,000 kms",0.6478350610819515,1968 cc,5 Seats,True,False,False,False,False,True,False,False,False,False
5321,1737,3.25 Lakh,"1,65,000 kms",-0.8798085139699723,2987 cc,5 Seats,True,False,False,False,True,False,False,True,False,False
37,373,6.05 Lakh,"39,821 kms",0.1386205360646435,1199 cc,5 Seats,False,False,False,True,False,True,False,False,False,False
1874,1819,15.25 Lakh,"18,999 kms",-1.3890230389872802,1248 cc,5 Seats,False,False,False,True,False,False,True,False,False,False
4734,1180,5.28 Lakh,"1,36,782 kms",0.3932277985732975,1196 cc,5 Seats,True,False,False,False,True,True,False,False,False,False
994,1206,3.40 Lakh,"86,000 kms",-1.1344157764786262,796 cc,5 Seats,True,False,False,False,True,True,False,False,False,False
3821,1729,4.20 Lakh,"1,30,000 kms",-0.3705939889526643,1196 cc,5 Seats,True,False,False,False,True,True,False,False,False,False
4802,1436,6.75 Lakh,"58,200 kms",0.3932277985732975,1498 cc,5 Seats,True,False,False,False,True,True,False,False,False,False
2145,1739,3.30 Lakh,"80,000 kms",-1.1344157764786262,1199 cc,4 Seats,True,False,False,False,True,False,True,False,False,False
3520,850,3.38 Lakh,"38,934 kms",0.1386205360646435,1462 cc,5 Seats,False,False,False,True,True,True,False,False,False,False
1505,1307,11.90 Lakh,"90,004 kms",-0.3705939889526643,1997 cc,7 Seats,True,False,False,False,False,False,False,True,False,False
1586,1045,7.50 Lakh,"63,001 kms",0.3932277985732975,1950 cc,5 Seats,False,False,False,True,True,True,False,False,False,False
5392,33,7.50 Lakh,"1,10,000 kms",-1.1344157764786262,1197 cc,5 Seats,True,False,False,False,False,False,False,True,False,False
3805,1114,4.33 Lakh,"44,230 kms",0.3932277985732975,1969 cc,7 Seats,False,False,False,True,True,True,False,False,False,False
626,34,14.65 Lakh,"51,000 kms",-0.6252012514613183,1497 cc,5 Seats,True,False,False,False,False,False,True,False,False,False
4830,421,11.09 Lakh,"46,095 kms",0.9024423235906056,998 cc,8 Seats,True,False,False,False,True,True,False,False,False,False
926,218,1.50 Lakh,"1,79,000 kms",-1.643630301495934,4461 cc,7 Seats,False,False,False,True,True,False,True,False,False,False
3872,1382,5 Lakh,"1,20,000 kms",-1.3890230389872802,1197 cc,5 Seats,True,False,False,False,True,True,False,False,False,False
88,726,13.90 Lakh,"35,000 kms",0.9024423235906056,1368 cc,5 Seats,False,False,False,True,False,False,True,False,False,False
5220,1579,22.06 Lakh,"14,519 kms",1.6662641111165672,1197 cc,5 Seats,True,False,False,False,True,True,False,False,False,False
734,523,"90,000 ","80,000 kms",-1.898237564004588,2993 cc,5 Seats,False,False,False,True,True,False,True,False,False,False
712,1262,3.15 Lakh,"69,240 kms",-0.6252012514613183,2184 cc,5 Seats,False,False,False,True,True,True,False,False,False,False
4512,922,10.50 Lakh,"65,000 kms",1.1570495860992591,1995 cc,5 Seats,True,False,False,False,True,True,False,False,False,False
3337,96,20 Lakh,"1,50,000 kms",-0.3705939889526643,1997 cc,5 Seats,True,False,False,False,False,True,False,False,False,False
2685,149,3.35 Lakh,"47,547 kms",-0.3705939889526643,1497 cc,5 Seats,True,False,False,False,True,False,True,False,False,False
3248,1619,1.72 Lakh,"43,239 kms",-0.1159867264440103,1497 cc,5 Seats,True,False,False,False,True,True,False,False,False,False
1744,884,4.80 Lakh,"90,000 kms",-1.3890230389872802,1197 cc,5 Seats,True,False,False,False,True,False,True,False,False,False
144,1816,6.90 Lakh,"33,000 kms",0.1386205360646435,1498 cc,5 Seats,True,False,False,False,False,True,False,False,False,False
4410,473,4 Lakh,"60,000 kms",0.9024423235906056,998 cc,5 Seats,True,False,False,False,True,False,True,False,False,False
4349,165,3.65 Lakh,"86,754 kms",-0.1159867264440103,1998 cc,5 Seats,False,False,False,True,True,True,False,False,False,False
746,1266,2.36 Lakh,"1,00,527 kms",-0.8798085139699723,0 cc,5 Seats,False,False,False,True,True,True,False,False,False,False
2700,393,4.26 Lakh,"55,517 kms",-0.3705939889526643,2179 cc,5 Seats,False,False,False,True,True,True,False,False,False,False
3243,647,5.63 Lakh,"21,292 kms",0.3932277985732975,1396 cc,5 Seats,False,False,False,True,True,True,False,False,False,False
2369,1180,6.50 Lakh,"80,000 kms",0.6478350610819515,1968 cc,5 Seats,True,False,False,False,True,True,False,False,False,False
2543,1044,5 Lakh,"48,000 kms",0.3932277985732975,1582 cc,5 Seats,False,False,False,True,True,True,False,False,False,False
3630,233,1 Lakh,"1,00,000 kms",-1.1344157764786262,998 cc,5 Seats,False,False,False,True,True,False,True,False,False,False
485,629,2.66 Lakh,"80,000 kms",-2.1528448265132423,1493 cc,5 Seats,False,False,False,True,True,True,False,False,False,False
3539,1451,3.24 Lakh,"39,265 kms",0.6478350610819515,1451 cc,7 Seats,False,False,False,True,True,True,False,False,False,False
1760,1660,14.50 Lakh,"40,000 kms",1.1570495860992591,1497 cc,8 Seats,False,True,False,False,False,True,False,False,False,False
2570,976,2.31 Lakh,"15,000 kms",0.3932277985732975,1498 cc,5 Seats,False,False,False,True,True,False,True,False,False,False
5368,1378,19.75 Lakh,"35,002 kms",-0.8798085139699723,1198 cc,7 Seats,False,False,False,True,False,False,True,False,False,False
2654,1548,3.77 Lakh,"39,959 kms",-1.1344157764786262,796 cc,5 Seats,False,False,False,True,True,False,True,False,False,False
4229,628,2.65 Lakh,"1,23,445 kms",-0.8798085139699723,1991 cc,5 Seats,False,False,False,True,False,True,False,False,False,False
3700,1171,3.50 Lakh,"1,00,000 kms",-0.1159867264440103,1950 cc,5 Seats,True,False,False,False,True,False,False,True,False,False
3668,421,7.30 Lakh,"1,00,000 kms",-0.1159867264440103,1461 cc,5 Seats,True,False,False,False,True,False,True,False,False,False
5472,717,28 Lakh,"28,000 kms",0.3932277985732975,1396 cc,6 Seats,False,False,False,True,False,True,False,False,False,False
4733,1830,4.54 Lakh,"23,677 kms",0.1386205360646435,1197 cc,5 Seats,False,False,False,True,True,True,False,False,False,False
4245,14,41.80 Lakh,"16,000 kms",1.4116568486079133,1968 cc,5 Seats,False,False,False,True,False,True,False,False,False,False
3589,650,1.60 Lakh,"87,000 kms",-1.3890230389872802,1199 cc,5 Seats,False,False,False,True,True,False,True,False,False,False
737,1363,26.74 Lakh,"68,000 kms",-0.6252012514613183,1248 cc,5 Seats,True,False,False,False,False,True,False,False,False,False
1244,1180,3.27 Lakh,"1,20,450 kms",-0.3705939889526643,1451 cc,5 Seats,True,False,False,False,True,False,True,False,False,False
2952,392,3.61 Lakh,"1,59,147 kms",-0.3705939889526643,1498 cc,5 Seats,True,False,False,False,True,True,False,False,False,False
2897,980,1.65 Lakh,"60,000 kms",-0.8798085139699723,2477 cc,7 Seats,False,False,False,True,True,True,False,False,False,False
3333,1211,2.10 Lakh,"1,10,000 kms",-1.1344157764786262,1197 cc,5 Seats,False,False,False,True,True,False,False,False,True,False
100,190,6.75 Lakh,"50,000 kms",0.1386205360646435,1496 cc,5 Seats,False,False,False,True,False,True,False,False,False,False
3395,446,20 Lakh,"20,000 kms",1.4116568486079133,999 cc,5 Seats,True,False,False,False,False,True,False,False,False,False
5099,1211,5.48 Lakh,"44,071 kms",1.1570495860992591,1197 cc,5 Seats,False,False,False,True,True,True,False,False,False,False
2696,647,5.53 Lakh,"25,258 kms",0.3932277985732975,1497 cc,5 Seats,False,False,False,True,True,True,False,False,False,False
1219,1201,4.83 Lakh,"37,229 kms",1.1570495860992591,2179 cc,7 Seats,False,False,False,True,True,True,False,False,False,False
2727,1256,"98,754 ","48,368 kms",-1.898237564004588,998 cc,5 Seats,False,False,False,True,True,False,False,True,False,False
2002,1876,3.25 Lakh,"76,000 kms",-1.1344157764786262,1995 cc,5 Seats,False,False,False,True,False,False,True,False,False,False
1421,1754,12.62 Lakh,"1,27,429 kms",-0.3705939889526643,1461 cc,5 Seats,True,False,False,False,True,True,False,False,False,False
4221,27,13 Lakh,"72,000 kms",-0.3705939889526643,998 cc,5 Seats,True,False,False,False,False,False,True,False,False,False
4870,405,1.35 Lakh,"1,16,416 kms",-1.3890230389872802,1197 cc,5 Seats,False,False,False,True,True,False,False,True,False,False
1220,88,60 Lakh,"19,000 kms",1.4116568486079133,1968 cc,5 Seats,True,False,False,False,False,True,False,False,False,False
1488,1368,51 Lakh,"40,000 kms",-0.1159867264440103,1196 cc,5 Seats,True,False,False,False,False,True,False,False,False,False
3274,1262,5.23 Lakh,"9,264 kms",1.4116568486079133,2494 cc,5 Seats,False,False,False,True,True,True,False,False,False,False
109,1551,25 Lakh,"18,000 kms",0.6478350610819515,1798 cc,5 Seats,False,False,False,True,False,True,False,False,False,False
4557,1184,6.15 Lakh,"84,798 kms",1.1570495860992591,1197 cc,5 Seats,False,False,False,True,True,True,False,False,False,False
1988,527,1.13 Lakh,"1,00,694 kms",-1.898237564004588,1197 cc,5 Seats,False,False,False,True,True,False,False,True,False,False
4635,159,1.60 Lakh,"80,000 kms",-0.3705939889526643,1197 cc,5 Seats,False,False,False,True,True,True,False,False,False,False
4219,504,3.47 Lakh,"56,384 kms",-0.1159867264440103,1598 cc,5 Seats,False,False,False,True,True,True,False,False,False,False
5159,1178,5.43 Lakh,"69,036 kms",0.6478350610819515,999 cc,5 Seats,True,False,False,False,True,True,False,False,False,False
5155,1056,6.96 Lakh,"50,251 kms",0.9024423235906056,1956 cc,5 Seats,True,False,False,False,True,True,False,False,False,False
2083,178,5.45 Lakh,"1,21,000 kms",-0.6252012514613183,1497 cc,5 Seats,True,False,False,False,True,True,False,False,False,False
5203,1437,8.52 Lakh,"28,137 kms",0.6478350610819515,1248 cc,5 Seats,True,False,False,False,True,True,False,False,False,False
1789,1511,12 Lakh,"85,000 kms",-0.3705939889526643,1968 cc,5 Seats,False,False,False,True,True,True,False,False,False,False
2104,1627,1.90 Lakh,"1,10,000 kms",-1.3890230389872802,1405 cc,5 Seats,True,False,False,False,True,False,True,False,False,False
1379,269,4.56 Lakh,"94,025 kms",0.3932277985732975,998 cc,5 Seats,False,False,False,True,True,True,False,False,False,False
696,1252,3.41 Lakh,"47,756 kms",0.1386205360646435,4461 cc,5 Seats,False,False,False,False,True,True,False,False,False,False
4314,1354,45.75 Lakh,"46,100 kms",0.3932277985732975,814 cc,5 Seats,True,False,False,False,False,True,False,False,False,False
4877,689,2.20 Lakh,"92,573 kms",-1.3890230389872802,1582 cc,5 Seats,False,False,False,True,True,True,False,False,False,False
3211,93,56.50 Lakh,"29,000 kms",0.9024423235906056,1591 cc,5 Seats,True,False,False,False,False,True,False,False,False,False
1344,330,10.50 Lakh,"2,000 kms",1.6662641111165672,2694 cc,7 Seats,False,False,False,True,True,True,False,False,False,False
2006,948,6.69 Lakh,"74,000 kms",-0.8798085139699723,1061 cc,5 Seats,True,False,False,False,True,True,False,False,False,False
1231,1207,3.23 Lakh,"97,947 kms",-0.3705939889526643,1582 cc,5 Seats,True,False,False,False,True,False,True,False,False,False
5054,523,1 Lakh,"84,173 kms",-1.898237564004588,1582 cc,5 Seats,False,False,False,True,True,False,False,True,False,False
2215,423,12.50 Lakh,"84,738 kms",0.6478350610819515,1197 cc,7 Seats,True,False,False,False,True,True,False,False,False,False
4908,142,2.25 Lakh,"87,537 kms",0.3932277985732975,799 cc,5 Seats,False,False,False,True,True,False,True,False,False,False
2059,83,11.70 Lakh,"1,35,000 kms",-1.1344157764786262,5461 cc,7 Seats,True,False,False,False,False,True,False,False,False,False
308,972,2.04 Lakh,"45,080 kms",-0.1159867264440103,796 cc,5 Seats,False,False,False,True,True,False,False,True,False,False
5424,551,10.25 Lakh,"15,000 kms",1.6662641111165672,1396 cc,5 Seats,False,False,False,True,True,True,False,False,False,False
2859,1698,6.10 Lakh,"60,000 kms",0.9024423235906056,1995 cc,5 Seats,True,False,False,False,True,True,False,False,False,False
2303,931,13.50 Lakh,"25,000 kms",0.3932277985732975,1248 cc,5 Seats,True,False,False,False,True,True,False,False,False,False
3986,562,5.60 Lakh,"1,70,290 kms",0.1386205360646435,1248 cc,5 Seats,True,False,False,False,False,True,False,False,False,False
742,1252,4 Lakh,"25,000 kms",0.6478350610819515,995 cc,5 Seats,False,False,False,False,True,False,True,False,False,False
2263,901,7 Lakh,"80,000 kms",0.3932277985732975,1405 cc,7 Seats,True,False,False,False,True,True,False,False,False,False
4867,1231,6.68 Lakh,"45,795 kms",0.3932277985732975,1248 cc,8 Seats,True,False,False,False,True,True,False,False,False,False
2299,527,2.59 Lakh,"44,357 kms",-1.643630301495934,1498 cc,7 Seats,False,False,False,True,True,False,True,False,False,False
1397,813,16.13 Lakh,"29,827 kms",0.9024423235906056,1968 cc,5 Seats,False,False,False,True,False,False,True,False,False,False
233,1345,26.90 Lakh,"58,000 kms",0.9024423235906056,2143 cc,5 Seats,True,False,False,False,False,True,False,False,False,False
4651,1187,3 Lakh,"1,20,000 kms",-1.3890230389872802,1498 cc,7 Seats,False,False,False,True,True,False,True,False,False,False
4253,1318,43.75 Lakh,"40,200 kms",1.1570495860992591,1196 cc,5 Seats,True,False,False,False,False,True,False,False,False,False
1302,1411,2.85 Lakh,"83,000 kms",-0.8798085139699723,2498 cc,7 Seats,False,False,False,True,True,True,False,False,False,False
764,699,7.95 Lakh,"39,898 kms",0.6478350610819515,2995 cc,5 Seats,False,False,False,True,False,True,False,False,False,False
5332,1182,3 Lakh,"80,000 kms",-1.3890230389872802,1999 cc,5 Seats,True,False,False,False,True,True,False,False,False,False
1200,16,14.25 Lakh,"82,005 kms",-0.6252012514613183,4367 cc,5 Seats,True,False,False,False,False,False,True,False,False,False
2972,1078,4.68 Lakh,"18,636 kms",1.6662641111165672,2755 cc,5 Seats,False,False,False,True,True,True,False,False,False,False
2611,586,8.60 Lakh,"40,000 kms",0.9024423235906056,1197 cc,5 Seats,True,False,False,False,True,True,False,False,False,False
2244,327,2.50 Lakh,"50,000 kms",-2.1528448265132423,1199 cc,5 Seats,False,False,False,True,True,True,False,False,False,False
915,343,7.25 Lakh,"34,142 kms",0.1386205360646435,1199 cc,5 Seats,True,False,False,False,True,True,False,False,False,False
44,1574,15.90 Lakh,"66,000 kms",0.9024423235906056,1956 cc,5 Seats,True,False,False,False,True,True,False,False,False,False
1407,1302,13.75 Lakh,"40,000 kms",-0.6252012514613183,1396 cc,5 Seats,True,False,False,False,False,True,False,False,False,False
4991,568,3.69 Lakh,"46,962 kms",-1.1344157764786262,1497 cc,5 Seats,True,False,False,False,True,False,False,True,False,False
438,1319,32.95 Lakh,"47,253 kms",0.6478350610819515,2143 cc,5 Seats,True,False,False,False,False,True,False,False,False,False
1553,1318,39 Lakh,"24,000 kms",1.1570495860992591,1498 cc,5 Seats,True,False,False,False,False,False,True,False,False,False
5242,98,29 Lakh,"83,005 kms",-0.3705939889526643,1968 cc,5 Seats,True,False,False,False,False,False,True,False,False,False
1086,1068,5.43 Lakh,"92,530 kms",0.1386205360646435,1368 cc,5 Seats,True,False,False,False,True,True,False,False,False,False
4704,1731,2.68 Lakh,"85,560 kms",-1.1344157764786262,1497 cc,7 Seats,False,False,False,True,True,True,False,False,False,False
1212,1568,12.60 Lakh,"33,500 kms",0.9024423235906056,0 cc,5 Seats,True,False,False,False,True,True,False,False,False,False
4108,1339,58 Lakh,"17,000 kms",1.1570495860992591,796 cc,8 Seats,True,False,False,False,False,True,False,False,False,False
2329,1206,3.85 Lakh,"55,726 kms",-1.1344157764786262,1248 cc,5 Seats,True,False,False,False,True,True,False,False,False,False
2077,1764,6.40 Lakh,"1,41,292 kms",-1.1344157764786262,1197 cc,5 Seats,True,False,False,False,True,True,False,False,False,False
149,807,17 Lakh,"15,001 kms",1.1570495860992591,1451 cc,6 Seats,False,False,False,True,False,True,False,False,False,False
586,1406,2.85 Lakh,"34,000 kms",-0.8798085139699723,1197 cc,5 Seats,False,False,False,True,True,True,False,False,False,False
5167,1812,5.68 Lakh,"13,278 kms",0.6478350610819515,2179 cc,5 Seats,False,False,False,True,True,True,False,False,False,False
437,1723,2.95 Lakh,"80,000 kms",-2.407452089021896,1794 cc,5 Seats,False,False,False,True,True,False,True,False,False,False
12,917,8.62 Lakh,"10,381 kms",1.1570495860992591,1197 cc,5 Seats,False,False,False,True,True,True,False,False,False,False
93,1621,3.10 Lakh,"1,60,000 kms",-0.6252012514613183,1396 cc,5 Seats,True,False,False,False,True,True,False,False,False,False
3939,413,7.41 Lakh,"29,833 kms",1.4116568486079133,998 cc,5 Seats,True,False,False,False,True,True,False,False,False,False
183,434,8.75 Lakh,"41,266 kms",0.1386205360646435,1591 cc,5 Seats,False,False,False,True,True,True,False,False,False,False
3162,437,10.85 Lakh,"56,040 kms",1.1570495860992591,1086 cc,5 Seats,True,False,False,False,True,True,False,False,False,False
642,95,32 Lakh,"78,000 kms",-0.1159867264440103,1197 cc,5 Seats,True,False,False,False,False,True,False,False,False,False
3673,633,1.50 Lakh,"1,10,000 kms",-0.8798085139699723,796 cc,5 Seats,False,False,False,True,True,False,False,True,False,False
1992,1750,8.79 Lakh,"1,19,570 kms",-1.3890230389872802,998 cc,5 Seats,True,False,False,False,True,False,True,False,False,False
1032,881,6.95 Lakh,"2,01,197 kms",-0.1159867264440103,1197 cc,5 Seats,True,False,False,False,True,False,False,True,False,False
4828,644,1.84 Lakh,"54,885 kms",-1.643630301495934,1197 cc,5 Seats,False,False,False,True,False,False,False,True,False,False
4167,1180,3.23 Lakh,"1,72,476 kms",-0.6252012514613183,1248 cc,5 Seats,True,False,False,False,True,True,False,False,False,False
3197,1003,4.54 Lakh,"85,890 kms",-0.1159867264440103,624 cc,5 Seats,True,False,False,False,True,True,False,False,False,False
1268,448,16.95 Lakh,"49,559 kms",1.1570495860992591,1497 cc,5 Seats,False,False,False,True,False,True,False,False,False,False
944,1892,54.50 Lakh,"34,000 kms",0.9024423235906056,2179 cc,4 Seats,True,False,False,False,False,True,False,False,False,False
3654,421,7.50 Lakh,"1,00,000 kms",-0.1159867264440103,1364 cc,7 Seats,True,False,False,False,True,True,False,False,False,False
1578,15,16.19 Lakh,"29,397 kms",-0.3705939889526643,1197 cc,5 Seats,True,False,False,False,False,True,False,False,False,False
4538,443,18 Lakh,"23,000 kms",1.4116568486079133,796 cc,5 Seats,True,False,False,False,True,True,False,False,False,False
2776,1210,3.07 Lakh,"76,279 kms",-0.3705939889526643,995 cc,5 Seats,False,False,False,True,True,False,True,False,False,False
1820,627,3.25 Lakh,"41,000 kms",-1.1344157764786262,999 cc,5 Seats,False,False,False,True,True,False,True,False,False,False
653,389,4.36 Lakh,"89,653 kms",-0.3705939889526643,3198 cc,7 Seats,True,False,False,False,True,False,False,True,False,False
429,647,7.25 Lakh,"54,801 kms",0.6478350610819515,1197 cc,5 Seats,False,False,False,True,True,False,True,False,False,False
1094,972,3.23 Lakh,"21,949 kms",0.3932277985732975,1995 cc,5 Seats,False,False,False,True,True,True,False,False,False,False
3463,987,1.11 Lakh,"73,411 kms",-1.1344157764786262,1199 cc,5 Seats,False,False,False,True,True,False,False,True,False,False
3082,1359,59.50 Lakh,"45,000 kms",0.1386205360646435,1248 cc,5 Seats,True,False,False,False,False,False,True,False,False,False
5378,909,18.75 Lakh,"30,000 kms",1.1570495860992591,2987 cc,5 Seats,True,False,False,False,False,True,False,False,False,False
4377,21,19.80 Lakh,"85,000 kms",-0.1159867264440103,1197 cc,7 Seats,True,False,False,False,False,True,False,False,False,False
4190,1037,4.39 Lakh,"68,911 kms",0.6478350610819515,2179 cc,5 Seats,False,False,False,True,False,True,False,False,False,False
2763,1343,18 Lakh,"26,000 kms",-0.1159867264440103,796 cc,6 Seats,False,False,False,True,False,False,True,False,False,False
2879,341,4.60 Lakh,"1,10,000 kms",-0.3705939889526643,1248 cc,5 Seats,True,False,False,False,True,False,True,False,False,False
259,360,7.90 Lakh,"72,000 kms",0.6478350610819515,1497 cc,5 Seats,False,False,False,True,True,True,False,False,False,False
63,69,15 Lakh,"71,000 kms",-0.8798085139699723,2993 cc,5 Seats,True,False,False,False,False,False,True,False,False,False
2372,1388,9 Lakh,"20,000 kms",1.4116568486079133,1061 cc,5 Seats,False,False,False,True,True,True,False,False,False,False
925,1670,5.80 Lakh,"90,000 kms",-0.3705939889526643,2523 cc,5 Seats,True,False,False,False,True,True,False,False,False,False
4856,1683,3.84 Lakh,"48,554 kms",0.1386205360646435,1968 cc,5 Seats,False,False,False,True,True,True,False,False,False,False
1499,903,6.45 Lakh,"47,000 kms",0.3932277985732975,1968 cc,5 Seats,True,False,False,False,True,True,False,False,False,False
5050,1256,"82,642 ","1,66,155 kms",-1.898237564004588,1461 cc,5 Seats,False,False,False,True,True,False,True,False,False,False
2683,1438,7.06 Lakh,"5,044 kms",0.9024423235906056,1373 cc,5 Seats,False,False,False,True,True,True,False,False,False,False
1281,1361,1.17 Crore,"15,000 kms",1.1570495860992591,2143 cc,5 Seats,True,False,False,False,False,False,True,False,False,False
5482,1340,1.52 Crore,"47,000 kms",0.3932277985732975,1991 cc,5 Seats,False,False,False,True,False,False,True,False,False,False
2826,1875,1.75 Lakh,"90,000 kms",-1.3890230389872802,999 cc,7 Seats,False,False,False,True,True,True,False,False,False,False
4329,916,9.23 Lakh,"15,220 kms",1.4116568486079133,998 cc,5 Seats,True,False,False,False,True,True,False,False,False,False
721,1811,13.50 Lakh,"90,000 kms",-2.1528448265132423,1061 cc,8 Seats,False,False,False,True,False,False,False,True,False,False
693,1307,29.25 Lakh,"42,000 kms",0.3932277985732975,1451 cc,5 Seats,True,False,False,False,False,True,False,False,False,False
5221,347,5.55 Lakh,"31,938 kms",-0.3705939889526643,998 cc,5 Seats,False,False,False,True,False,True,False,False,False,False
5175,1590,10.08 Lakh,"1,22,735 kms",0.3932277985732975,2179 cc,5 Seats,True,False,False,False,False,True,False,False,False,False
1564,719,47 Lakh,"7,500 kms",1.1570495860992591,2755 cc,7 Seats,False,False,False,True,False,True,False,False,False,False
287,1213,1.54 Lakh,"99,673 kms",-1.898237564004588,1298 cc,5 Seats,False,False,False,True,True,False,False,True,False,False
3946,1273,1.64 Lakh,"40,831 kms",-1.1344157764786262,796 cc,5 Seats,False,False,False,True,True,True,False,False,False,False
4082,1667,9.73 Lakh,"11,251 kms",1.1570495860992591,1199 cc,5 Seats,False,False,False,True,False,True,False,False,False,False
4346,977,3.17 Lakh,"7,517 kms",0.9024423235906056,1197 cc,4 Seats,False,False,False,True,True,True,False,False,False,False
3614,899,5.55 Lakh,"80,000 kms",0.3932277985732975,1364 cc,5 Seats,True,False,False,False,True,True,False,False,False,False
1779,586,8.80 Lakh,"90,000 kms",0.6478350610819515,1197 cc,5 Seats,True,False,False,False,True,False,True,False,False,False
4903,109,1.60 Lakh,"68,669 kms",-1.1344157764786262,1248 cc,5 Seats,True,False,False,False,True,True,False,False,False,False
3161,622,4.65 Lakh,"90,000 kms",0.9024423235906056,2179 cc,5 Seats,False,False,False,True,True,True,False,False,False,False
561,232,2.85 Lakh,"67,000 kms",-0.3705939889526643,1197 cc,5 Seats,True,False,False,False,True,True,False,False,False,False
2405,1452,3.18 Lakh,"20,987 kms",0.6478350610819515,998 cc,5 Seats,False,False,False,True,False,True,False,False,False,False
2942,1252,3.51 Lakh,"60,033 kms",0.3932277985732975,998 cc,7 Seats,False,False,False,False,True,True,False,False,False,False
4022,845,3.25 Lakh,"48,995 kms",0.3932277985732975,1197 cc,5 Seats,True,False,False,False,True,True,False,False,False,False
4708,351,6.38 Lakh,"71,434 kms",0.1386205360646435,1582 cc,5 Seats,False,False,False,True,True,True,False,False,False,False
5194,1155,1.42 Lakh,"1,93,593 kms",-1.643630301495934,1896 cc,5 Seats,False,False,False,True,True,True,False,False,False,False
2876,568,6 Lakh,"80,000 kms",-0.3705939889526643,1197 cc,5 Seats,True,False,False,False,True,False,True,False,False,False
2298,1280,"75,000 ","1,50,000 kms",-3.171273876547858,1197 cc,5 Seats,True,False,False,False,True,True,False,False,False,False
3583,231,1 Lakh,"70,000 kms",-1.3890230389872802,1956 cc,5 Seats,True,False,False,False,True,False,False,True,False,False
3650,1207,4.25 Lakh,"80,000 kms",0.1386205360646435,1248 cc,7 Seats,True,False,False,False,True,True,False,False,False,False
5091,275,7.21 Lakh,"13,102 kms",0.6478350610819515,1197 cc,5 Seats,False,False,False,True,False,True,False,False,False,False
5418,82,30 Lakh,"25,000 kms",0.9024423235906056,2143 cc,5 Seats,True,False,False,False,False,True,False,False,False,False
2194,1101,5.50 Lakh,"1,00,000 kms",-0.1159867264440103,998 cc,5 Seats,False,False,False,True,True,True,False,False,False,False
4192,1317,42.50 Lakh,"28,000 kms",0.9024423235906056,1199 cc,5 Seats,False,False,False,True,False,True,False,False,False,False
1871,1266,3.40 Lakh,"60,000 kms",-0.3705939889526643,1498 cc,5 Seats,False,False,False,True,True,True,False,False,False,False
807,1347,61 Lakh,"15,000 kms",1.4116568486079133,1997 cc,5 Seats,False,False,False,True,False,True,False,False,False,False
2031,590,1.50 Lakh,"1,70,000 kms",-2.1528448265132423,1086 cc,5 Seats,True,False,False,False,True,False,True,False,False,False
1978,1238,10.08 Lakh,"14,572 kms",1.4116568486079133,1498 cc,7 Seats,False,False,False,True,True,True,False,False,False,False
3571,633,3.10 Lakh,"23,000 kms",-0.1159867264440103,2179 cc,5 Seats,False,False,False,True,True,True,False,False,False,False
1485,330,10.15 Lakh,"17,000 kms",1.4116568486079133,2143 cc,5 Seats,False,False,False,True,True,True,False,False,False,False
2213,1870,3.80 Lakh,"1,20,000 kms",-0.6252012514613183,1582 cc,5 Seats,True,False,False,False,True,False,True,False,False,False
977,1080,4.03 Lakh,"35,000 kms",1.4116568486079133,1196 cc,5 Seats,False,False,False,False,True,True,False,False,False,False
4674,581,1.90 Lakh,"1,00,000 kms",-1.898237564004588,1590 cc,5 Seats,True,False,False,False,True,False,True,False,False,False
2224,245,1.25 Lakh,"66,000 kms",-2.66205935153055,1493 cc,5 Seats,False,False,False,True,True,True,False,False,False,False
2228,1165,6.70 Lakh,"70,000 kms",0.3932277985732975,1498 cc,7 Seats,True,False,False,False,False,False,True,False,False,False
4706,422,8.14 Lakh,"91,879 kms",0.1386205360646435,1197 cc,5 Seats,True,False,False,False,True,False,True,False,False,False
2819,1692,3.50 Lakh,"40,000 kms",0.6478350610819515,2956 cc,5 Seats,False,False,False,True,True,True,False,False,False,False
3551,417,7.65 Lakh,"1,64,798 kms",0.1386205360646435,936 cc,5 Seats,True,False,False,False,True,True,False,False,False,False
3827,1260,3.10 Lakh,"50,000 kms",-0.6252012514613183,1248 cc,5 Seats,False,False,False,True,True,False,False,True,False,False
3049,1619,1.85 Lakh,"1,00,000 kms",-0.8798085139699723,1997 cc,5 Seats,True,False,False,False,True,True,False,False,False,False
2937,523,"79,484 ","91,693 kms",-1.898237564004588,998 cc,5 Seats,False,False,False,True,True,False,False,True,False,False
2323,1514,1.50 Lakh,"1,32,000 kms",-2.66205935153055,1586 cc,5 Seats,True,False,False,False,True,True,False,False,False,False
3977,808,17.87 Lakh,"53,449 kms",1.4116568486079133,1199 cc,5 Seats,True,False,False,False,True,True,False,False,False,False
2714,727,12.80 Lakh,"34,000 kms",0.6478350610819515,799 cc,5 Seats,False,False,False,True,False,True,False,False,False,False
856,996,6.50 Lakh,"37,800 kms",0.6478350610819515,1396 cc,7 Seats,False,False,False,True,True,True,False,False,False,False
3901,992,1 Lakh,"1,20,000 kms",-1.643630301495934,624 cc,5 Seats,False,False,False,True,True,False,False,True,False,False
4559,245,"87,256 ","80,044 kms",-1.643630301495934,1197 cc,5 Seats,False,False,False,True,True,True,False,False,False,False
2732,1740,2.39 Lakh,"27,321 kms",-1.1344157764786262,796 cc,5 Seats,False,False,False,True,True,False,False,True,False,False
1557,940,4.31 Lakh,"90,928 kms",-0.6252012514613183,1498 cc,5 Seats,True,False,False,False,True,True,False,False,False,False
1718,1170,8 Lakh,"12,990 kms",0.9024423235906056,2987 cc,7 Seats,False,False,False,True,False,True,False,False,False,False
4259,273,5.97 Lakh,"87,593 kms",0.6478350610819515,1582 cc,5 Seats,True,False,False,False,False,False,True,False,False,False
414,571,4.65 Lakh,"1,17,000 kms",-1.1344157764786262,1591 cc,5 Seats,False,False,False,True,True,True,False,False,False,False
4418,1311,6.20 Lakh,"98,000 kms",-1.3890230389872802,1198 cc,5 Seats,True,False,False,False,False,False,True,False,False,False
1756,1226,5.75 Lakh,"50,599 kms",-0.1159867264440103,1497 cc,5 Seats,False,False,False,True,True,False,True,False,False,False
4567,651,5.18 Lakh,"43,993 kms",0.6478350610819515,998 cc,5 Seats,False,False,False,True,True,False,True,False,False,False
3039,1673,3.20 Lakh,"1,45,000 kms",-0.6252012514613183,998 cc,5 Seats,True,False,False,False,True,False,False,True,False,False
3601,1220,5.80 Lakh,"90,000 kms",0.9024423235906056,1799 cc,5 Seats,True,False,False,False,True,True,False,False,False,False
3929,1828,4.68 Lakh,"57,392 kms",0.6478350610819515,1968 cc,5 Seats,False,False,False,True,True,True,False,False,False,False
4614,1415,4.16 Lakh,"86,019 kms",-0.3705939889526643,1196 cc,5 Seats,True,False,False,False,True,False,True,False,False,False
4332,616,3.55 Lakh,"32,423 kms",-0.3705939889526643,1197 cc,5 Seats,False,False,False,True,True,False,True,False,False,False
1773,1797,25.75 Lakh,"60,000 kms",0.9024423235906056,1995 cc,5 Seats,True,False,False,False,False,True,False,False,False,False
4395,1004,5.50 Lakh,"35,000 kms",0.6478350610819515,1086 cc,5 Seats,True,False,False,False,True,True,False,False,False,False
4806,1451,3.44 Lakh,"32,875 kms",0.6478350610819515,1198 cc,5 Seats,False,False,False,True,True,True,False,False,False,False
252,748,37 Lakh,"3,500 kms",1.6662641111165672,1956 cc,7 Seats,True,False,False,False,False,True,False,False,False,False
4988,112,2.73 Lakh,"10,768 kms",-0.1159867264440103,1798 cc,5 Seats,False,False,False,True,True,True,False,False,False,False
654,211,26.50 Lakh,"67,000 kms",0.3932277985732975,1373 cc,7 Seats,True,False,False,False,False,True,False,False,False,False
350,1207,4.90 Lakh,"79,542 kms",-0.3705939889526643,1248 cc,5 Seats,True,False,False,False,True,False,True,False,False,False
879,938,9 Lakh,"50,000 kms",0.3932277985732975,2987 cc,5 Seats,True,False,False,False,True,False,True,False,False,False
2153,303,3.30 Lakh,"72,224 kms",-0.6252012514613183,1193 cc,5 Seats,False,False,False,True,True,True,False,False,False,False
5206,571,3.34 Lakh,"1,30,625 kms",-1.1344157764786262,998 cc,5 Seats,False,False,False,True,True,False,True,False,False,False
457,1023,4.75 Lakh,"14,000 kms",-0.3705939889526643,998 cc,5 Seats,False,False,False,True,True,True,False,False,False,False
2715,812,17.56 Lakh,"7,000 kms",1.4116568486079133,1461 cc,5 Seats,False,False,False,True,False,True,False,False,False,False
3554,256,2.75 Lakh,"95,989 kms",0.1386205360646435,2400 cc,5 Seats,False,False,False,True,True,False,False,True,False,False
90,1229,7.75 Lakh,"72,000 kms",0.3932277985732975,1248 cc,5 Seats,True,False,False,False,True,True,False,False,False,False
798,553,12.60 Lakh,"8,639 kms",1.4116568486079133,998 cc,5 Seats,False,False,False,True,False,True,False,False,False,False
4587,652,2.44 Lakh,"1,11,437 kms",-0.8798085139699723,1197 cc,5 Seats,False,False,False,True,True,False,True,False,False,False
3023,1347,61 Lakh,"15,000 kms",1.4116568486079133,1997 cc,7 Seats,False,False,False,True,False,True,False,False,False,False
3691,1009,6.50 Lakh,"20,000 kms",1.4116568486079133,1248 cc,5 Seats,False,False,False,True,True,True,False,False,False,False
26,577,5.88 Lakh,"79,329 kms",-0.1159867264440103,1591 cc,5 Seats,False,False,False,True,True,False,True,False,False,False
3841,1448,3.50 Lakh,"35,000 kms",0.9024423235906056,1197 cc,5 Seats,False,False,False,True,True,True,False,False,False,False
549,943,11.10 Lakh,"45,407 kms",0.6478350610819515,2179 cc,7 Seats,True,False,False,False,True,False,True,False,False,False
3166,873,17.11 Lakh,"40,670 kms",1.4116568486079133,2179 cc,5 Seats,True,False,False,False,True,True,False,False,False,False
181,1169,6.90 Lakh,"51,500 kms",0.9024423235906056,1197 cc,5 Seats,False,False,False,True,False,True,False,False,False,False
2991,962,"54,430 ","91,817 kms",-1.643630301495934,1968 cc,5 Seats,False,False,False,True,True,False,False,False,True,False
263,372,5.40 Lakh,"42,000 kms",0.3932277985732975,1199 cc,5 Seats,False,False,False,True,True,True,False,False,False,False
1315,499,6.25 Lakh,"12,000 kms",1.1570495860992591,1999 cc,5 Seats,False,False,False,True,True,False,True,False,False,False
1335,1890,68.50 Lakh,"7,000 kms",1.6662641111165672,3198 cc,7 Seats,False,False,False,True,False,True,False,False,False,False
3491,460,2.20 Lakh,"92,419 kms",-0.1159867264440103,998 cc,5 Seats,False,False,False,True,True,False,True,False,False,False
1480,94,74.50 Lakh,"7,600 kms",1.6662641111165672,1582 cc,5 Seats,False,False,False,True,False,True,False,False,False,False
2498,577,4.95 Lakh,"42,000 kms",-0.1159867264440103,1997 cc,7 Seats,False,False,False,True,True,True,False,False,False,False
2515,616,3.50 Lakh,"65,000 kms",-0.1159867264440103,1248 cc,5 Seats,False,False,False,True,True,True,False,False,False,False
3114,990,1.61 Lakh,"80,000 kms",-0.8798085139699723,1197 cc,5 Seats,False,False,False,True,True,True,False,False,False,False
3599,1220,6.30 Lakh,"90,000 kms",0.9024423235906056,1598 cc,5 Seats,True,False,False,False,True,True,False,False,False,False
5001,1195,7.91 Lakh,"5,427 kms",1.6662641111165672,1197 cc,5 Seats,False,False,False,True,False,True,False,False,False,False
3064,1678,3 Lakh,"1,20,000 kms",0.3932277985732975,1461 cc,5 Seats,True,False,False,False,True,True,False,False,False,False
4746,1065,6.11 Lakh,"79,000 kms",-0.1159867264440103,1461 cc,7 Seats,True,False,False,False,True,True,False,False,False,False
4793,84,32 Lakh,"18,000 kms",1.1570495860992591,1197 cc,7 Seats,True,False,False,False,False,True,False,False,False,False
2618,1680,3.10 Lakh,"50,000 kms",0.6478350610819515,1197 cc,7 Seats,False,False,False,True,True,True,False,False,False,False
3199,454,2.83 Lakh,"26,012 kms",0.6478350610819515,1497 cc,7 Seats,False,False,False,True,True,True,False,False,False,False
3635,460,2.50 Lakh,"35,000 kms",-0.1159867264440103,1498 cc,5 Seats,False,False,False,True,True,True,False,False,False,False
5123,1266,1.93 Lakh,"37,204 kms",-1.1344157764786262,1197 cc,5 Seats,False,False,False,True,True,True,False,False,False,False
4543,206,27.50 Lakh,"1,10,000 kms",0.6478350610819515,999 cc,5 Seats,True,False,False,False,False,True,False,False,False,False
5261,37,21 Lakh,"35,000 kms",-0.1159867264440103,1598 cc,5 Seats,True,False,False,False,False,True,False,False,False,False
4037,494,3.12 Lakh,"99,065 kms",-0.1159867264440103,814 cc,7 Seats,False,False,False,True,True,True,False,False,False,False
1912,152,2.24 Lakh,"39,520 kms",-0.6252012514613183,1198 cc,5 Seats,False,False,False,True,True,True,False,False,False,False
1822,1463,8.99 Lakh,"20,000 kms",1.4116568486079133,1197 cc,5 Seats,False,False,False,True,False,True,False,False,False,False
2986,1252,3.35 Lakh,"30,819 kms",0.3932277985732975,796 cc,5 Seats,False,False,False,False,True,False,True,False,False,False
69,1266,1.80 Lakh,"1,28,004 kms",-0.8798085139699723,998 cc,5 Seats,False,False,False,True,True,False,True,False,False,False
1047,1162,2.47 Lakh,"2,13,709 kms",-1.1344157764786262,936 cc,5 Seats,False,False,False,True,True,True,False,False,False,False
2751,1142,4.40 Lakh,"1,58,066 kms",-0.1159867264440103,1598 cc,6 Seats,True,False,False,False,True,True,False,False,False,False
676,325,1.65 Lakh,"1,03,000 kms",-1.898237564004588,1197 cc,5 Seats,False,False,False,True,True,False,False,True,False,False
4466,1713,1.45 Lakh,"1,20,000 kms",-1.898237564004588,1196 cc,5 Seats,False,False,False,True,True,False,False,False,True,False
5412,641,1.50 Lakh,"70,000 kms",-1.3890230389872802,1497 cc,5 Seats,False,False,False,True,True,True,False,False,False,False
1817,1349,50 Lakh,"29,000 kms",0.6478350610819515,2993 cc,5 Seats,True,False,False,False,False,True,False,False,False,False
5066,1559,6.84 Lakh,"3,730 kms",1.4116568486079133,998 cc,5 Seats,False,False,False,True,True,True,False,False,False,False
203,1577,17 Lakh,"50,000 kms",1.4116568486079133,1956 cc,5 Seats,True,False,False,False,True,True,False,False,False,False
893,128,1.05 Lakh,"81,000 kms",-1.643630301495934,1248 cc,5 Seats,False,False,False,True,True,True,False,False,False,False
3384,1217,1.20 Lakh,"90,000 kms",-1.898237564004588,1586 cc,5 Seats,False,False,False,True,True,False,False,True,False,False
339,1310,15.75 Lakh,"58,000 kms",-0.3705939889526643,2143 cc,5 Seats,True,False,False,False,False,False,True,False,False,False
5507,82,28.90 Lakh,"45,000 kms",0.6478350610819515,2995 cc,7 Seats,True,False,False,False,False,True,False,False,False,False
3933,1206,2.92 Lakh,"1,19,970 kms",-0.6252012514613183,1591 cc,5 Seats,True,False,False,False,True,True,False,False,False,False
969,1256,1.60 Lakh,"90,000 kms",-1.643630301495934,799 cc,5 Seats,False,False,False,True,True,True,False,False,False,False
3877,900,5.20 Lakh,"88,000 kms",0.1386205360646435,1498 cc,5 Seats,True,False,False,False,True,True,False,False,False,False
387,88,49.50 Lakh,"65,000 kms",0.6478350610819515,1995 cc,5 Seats,True,False,False,False,False,True,False,False,False,False
1194,722,22.90 Lakh,"79,004 kms",-0.8798085139699723,2143 cc,5 Seats,True,False,False,False,False,False,True,False,False,False
2087,1256,1.05 Lakh,"90,000 kms",-2.1528448265132423,1196 cc,5 Seats,False,False,False,True,True,False,True,False,False,False
4647,1191,2.50 Lakh,"1,20,000 kms",-1.3890230389872802,1086 cc,5 Seats,True,False,False,False,True,False,False,True,False,False
4575,1425,3.50 Lakh,"1,11,332 kms",-0.6252012514613183,1086 cc,5 Seats,True,False,False,False,True,False,True,False,False,False
2154,449,2.95 Lakh,"35,667 kms",0.3932277985732975,1197 cc,5 Seats,False,False,False,True,True,True,False,False,False,False
1614,896,9.70 Lakh,"27,000 kms",0.6478350610819515,1497 cc,5 Seats,True,False,False,False,True,True,False,False,False,False
4046,1092,5.08 Lakh,"1,11,930 kms",-0.1159867264440103,1197 cc,5 Seats,True,False,False,False,True,True,False,False,False,False
4246,1337,54.75 Lakh,"32,000 kms",0.9024423235906056,1950 cc,7 Seats,True,False,False,False,False,True,False,False,False,False
4521,685,6.90 Lakh,"65,000 kms",0.3932277985732975,1582 cc,5 Seats,True,False,False,False,True,True,False,False,False,False
3207,1771,6.53 Lakh,"3,08,768 kms",-0.1159867264440103,1197 cc,5 Seats,True,False,False,False,True,False,True,False,False,False
1038,1066,4.75 Lakh,"1,82,048 kms",-0.1159867264440103,2393 cc,8 Seats,True,False,False,False,True,True,False,False,False,False
3779,149,4.08 Lakh,"51,490 kms",-0.1159867264440103,796 cc,7 Seats,True,False,False,False,True,True,False,False,False,False
2764,708,5.69 Lakh,"30,000 kms",0.9024423235906056,1198 cc,6 Seats,False,False,False,True,True,True,False,False,False,False
221,268,4.25 Lakh,"66,000 kms",-0.1159867264440103,1498 cc,5 Seats,True,False,False,False,True,True,False,False,False,False
677,1735,3.49 Lakh,"48,150 kms",-0.3705939889526643,1995 cc,5 Seats,False,False,False,True,True,True,False,False,False,False
1103,1062,4.78 Lakh,"1,19,878 kms",-0.1159867264440103,1248 cc,5 Seats,True,False,False,False,True,True,False,False,False,False
2908,328,2.50 Lakh,"1,20,000 kms",-1.3890230389872802,1997 cc,5 Seats,False,False,False,True,True,False,True,False,False,False
2726,269,5.25 Lakh,"16,419 kms",0.6478350610819515,1199 cc,5 Seats,False,False,False,True,True,True,False,False,False,False
805,1348,56.50 Lakh,"24,000 kms",1.1570495860992591,1956 cc,5 Seats,True,False,False,False,False,True,False,False,False,False
3667,421,7.30 Lakh,"1,00,000 kms",-0.1159867264440103,1248 cc,5 Seats,True,False,False,False,True,False,True,False,False,False
4494,1266,3.50 Lakh,"83,000 kms",-0.1159867264440103,1197 cc,5 Seats,False,False,False,True,True,False,True,False,False,False
4254,1374,43.75 Lakh,"4,200 kms",0.6478350610819515,1197 cc,5 Seats,False,False,False,True,False,False,True,False,False,False
1765,1797,26.50 Lakh,"50,000 kms",0.9024423235906056,2987 cc,7 Seats,True,False,False,False,False,True,False,False,False,False
2373,13,7.50 Lakh,"70,000 kms",-1.1344157764786262,1794 cc,5 Seats,True,False,False,False,False,False,True,False,False,False
3662,1740,1.90 Lakh,"80,500 kms",-1.1344157764786262,998 cc,5 Seats,False,False,False,True,True,False,True,False,False,False
2535,1110,1.25 Lakh,"50,000 kms",-1.643630301495934,1591 cc,5 Seats,False,False,False,True,True,True,False,False,False,False
5376,1650,7 Lakh,"30,000 kms",0.6478350610819515,1120 cc,5 Seats,False,False,False,True,True,True,False,False,False,False
5399,119,2.10 Lakh,"1,20,000 kms",-0.6252012514613183,1461 cc,5 Seats,True,False,False,False,True,False,True,False,False,False
5000,454,2.56 Lakh,"38,678 kms",0.1386205360646435,1298 cc,5 Seats,False,False,False,True,True,False,True,False,False,False
177,184,8.90 Lakh,"72,000 kms",0.6478350610819515,1498 cc,5 Seats,True,False,False,False,True,True,False,False,False,False
4484,321,2.75 Lakh,"1,20,000 kms",-1.1344157764786262,1086 cc,7 Seats,False,False,False,True,True,False,False,False,True,False
5284,714,74 Lakh,"9,900 kms",1.4116568486079133,1998 cc,5 Seats,True,False,False,False,False,True,False,False,False,False
5498,1354,36.90 Lakh,"98,000 kms",0.1386205360646435,2993 cc,5 Seats,True,False,False,False,False,True,False,False,False,False
3366,318,2.13 Lakh,"1,10,000 kms",-1.643630301495934,796 cc,7 Seats,False,False,False,True,True,False,True,False,False,False
5388,1754,10.50 Lakh,"1,10,000 kms",-0.8798085139699723,1248 cc,7 Seats,True,False,False,False,True,False,True,False,False,False
4147,976,4.09 Lakh,"5,550 kms",1.6662641111165672,1582 cc,5 Seats,False,False,False,True,True,True,False,False,False,False
2210,1211,4.35 Lakh,"78,318 kms",-0.6252012514613183,1248 cc,5 Seats,False,False,False,True,True,True,False,False,False,False
3657,1180,3 Lakh,"80,000 kms",-0.8798085139699723,2393 cc,5 Seats,True,False,False,False,True,False,False,True,False,False
1411,568,4.50 Lakh,"75,000 kms",-0.6252012514613183,1150 cc,5 Seats,True,False,False,False,True,True,False,False,False,False
733,0,29.50 Lakh,"11,000 kms",0.3932277985732975,1086 cc,5 Seats,True,False,False,False,False,True,False,False,False,False
605,980,2.25 Lakh,"13,000 kms",-0.8798085139699723,1197 cc,5 Seats,False,False,False,True,True,True,False,False,False,False
4954,1428,3.57 Lakh,"1,28,383 kms",-0.6252012514613183,1120 cc,5 Seats,True,False,False,False,True,False,True,False,False,False
3332,1418,22 Lakh,"1,20,000 kms",-1.1344157764786262,1248 cc,5 Seats,True,False,False,False,False,False,True,False,False,False
2463,217,2.25 Lakh,"80,295 kms",-1.3890230389872802,936 cc,5 Seats,True,False,False,False,True,True,False,False,False,False
1039,783,13.28 Lakh,"1,58,108 kms",-0.3705939889526643,999 cc,5 Seats,True,False,False,False,False,True,False,False,False,False
1025,679,10.93 Lakh,"32,272 kms",1.1570495860992591,1086 cc,5 Seats,False,False,False,True,False,True,False,False,False,False
1840,1164,7.75 Lakh,"23,000 kms",0.6478350610819515,2755 cc,7 Seats,True,False,False,False,False,True,False,False,False,False
1770,428,10.35 Lakh,"39,000 kms",0.1386205360646435,1364 cc,5 Seats,False,False,False,True,False,True,False,False,False,False
527,478,5.30 Lakh,"27,651 kms",0.6478350610819515,1199 cc,5 Seats,False,False,False,True,True,True,False,False,False,False
2662,319,2.32 Lakh,"67,343 kms",-1.643630301495934,1086 cc,5 Seats,False,False,False,True,True,True,False,False,False,False
3318,1675,7.69 Lakh,"65,779 kms",0.1386205360646435,1493 cc,5 Seats,True,False,False,False,True,True,False,False,False,False
5156,140,2.37 Lakh,"32,635 kms",-0.1159867264440103,1086 cc,5 Seats,False,False,False,True,True,True,False,False,False,False
1616,1656,9.55 Lakh,"42,000 kms",0.9024423235906056,1591 cc,5 Seats,True,False,False,False,True,False,True,False,False,False
681,1326,15.11 Lakh,"60,000 kms",-0.6252012514613183,1498 cc,5 Seats,False,False,False,True,False,True,False,False,False,False
1544,1227,6.35 Lakh,"64,000 kms",0.3932277985732975,1996 cc,7 Seats,True,False,False,False,True,True,False,False,False,False
3960,1222,3.24 Lakh,"78,828 kms",-0.3705939889526643,1197 cc,5 Seats,False,False,False,True,True,True,False,False,False,False
5093,187,7.42 Lakh,"12,011 kms",1.1570495860992591,2179 cc,5 Seats,False,False,False,True,True,True,False,False,False,False
4941,1839,2.35 Lakh,"1,00,000 kms",-0.6252012514613183,624 cc,5 Seats,True,False,False,False,True,False,True,False,False,False
1261,1212,5.60 Lakh,"56,681 kms",0.6478350610819515,1197 cc,5 Seats,False,False,False,True,True,True,False,False,False,False
4703,1870,2.27 Lakh,"1,18,137 kms",-1.1344157764786262,1498 cc,5 Seats,True,False,False,False,True,False,False,True,False,False
3848,624,6 Lakh,"70,000 kms",0.9024423235906056,1197 cc,5 Seats,False,False,False,True,True,True,False,False,False,False
803,604,8.99 Lakh,"37,842 kms",0.6478350610819515,2494 cc,5 Seats,False,False,False,True,True,True,False,False,False,False
1897,449,3.20 Lakh,"50,000 kms",0.3932277985732975,2494 cc,8 Seats,False,False,False,True,True,False,True,False,False,False
4479,1182,3.25 Lakh,"1,98,000 kms",-1.1344157764786262,999 cc,5 Seats,True,False,False,False,True,False,True,False,False,False
4085,64,10 Lakh,"60,000 kms",-0.8798085139699723,1999 cc,7 Seats,True,False,False,False,False,True,False,False,False,False
1057,1257,1.07 Lakh,"87,100 kms",-1.643630301495934,1399 cc,5 Seats,False,False,True,False,True,False,True,False,False,False
2342,1467,5 Lakh,"1,21,000 kms",-0.8798085139699723,1497 cc,7 Seats,True,False,False,False,False,False,True,False,False,False
3184,455,2.68 Lakh,"39,109 kms",0.3932277985732975,796 cc,7 Seats,False,False,False,True,True,True,False,False,False,False
2812,1122,"85,000 ","80,000 kms",-2.1528448265132423,1120 cc,4 Seats,False,False,False,True,True,False,True,False,False,False
2623,1762,1.80 Lakh,"1,20,000 kms",-2.66205935153055,796 cc,5 Seats,True,False,False,False,True,False,False,True,False,False
2095,570,4.35 Lakh,"1,00,000 kms",-0.6252012514613183,1199 cc,5 Seats,True,False,False,False,True,False,True,False,False,False
5396,1065,4.50 Lakh,"90,000 kms",-0.3705939889526643,1197 cc,5 Seats,True,False,False,False,True,True,False,False,False,False
219,304,3.50 Lakh,"72,000 kms",-0.6252012514613183,1198 cc,5 Seats,False,False,False,True,True,True,False,False,False,False
3649,364,1.40 Lakh,"85,000 kms",-1.898237564004588,1396 cc,5 Seats,False,False,False,True,True,False,True,False,False,False
2478,1475,2.80 Lakh,"90,000 kms",-0.1159867264440103,1197 cc,5 Seats,True,False,False,False,True,False,True,False,False,False
1209,1354,44 Lakh,"49,000 kms",0.3932277985732975,1956 cc,5 Seats,True,False,False,False,False,True,False,False,False,False
582,681,4.95 Lakh,"40,008 kms",-0.3705939889526643,1591 cc,5 Seats,False,False,False,True,True,True,False,False,False,False
3501,196,4.76 Lakh,"1,82,108 kms",-0.1159867264440103,1451 cc,5 Seats,True,False,False,False,True,True,False,False,False,False
1074,1421,1.75 Crore,"10,000 kms",0.9024423235906056,1950 cc,5 Seats,False,False,False,True,False,True,False,False,False,False
43,807,18.50 Lakh,"5,000 kms",1.1570495860992591,1451 cc,6 Seats,False,False,False,True,False,True,False,False,False,False
4999,999,5.08 Lakh,"48,832 kms",0.3932277985732975,1199 cc,5 Seats,False,False,False,True,True,True,False,False,False,False
210,1001,7.25 Lakh,"44,153 kms",0.6478350610819515,1197 cc,5 Seats,False,False,False,True,True,True,False,False,False,False
3246,1425,3.62 Lakh,"1,02,141 kms",-0.3705939889526643,1498 cc,5 Seats,True,False,False,False,True,False,True,False,False,False
354,485,5.47 Lakh,"29,927 kms",0.3932277985732975,1197 cc,5 Seats,False,False,False,True,False,False,True,False,False,False
1126,1207,3.76 Lakh,"1,15,206 kms",-0.1159867264440103,1451 cc,5 Seats,True,False,False,False,True,True,False,False,False,False
1412,178,4.10 Lakh,"71,000 kms",-0.3705939889526643,1968 cc,5 Seats,True,False,False,False,True,True,False,False,False,False
2962,569,4.63 Lakh,"93,147 kms",-0.3705939889526643,1248 cc,7 Seats,True,False,False,False,False,True,False,False,False,False
479,1422,3.50 Lakh,"95,000 kms",-0.3705939889526643,2523 cc,5 Seats,False,False,False,True,True,True,False,False,False,False
1163,87,28.50 Lakh,"38,500 kms",0.6478350610819515,1498 cc,5 Seats,True,False,False,False,False,True,False,False,False,False
829,494,4.80 Lakh,"50,000 kms",1.1570495860992591,1395 cc,5 Seats,False,False,False,True,True,True,False,False,False,False
4550,1466,8.10 Lakh,"42,859 kms",1.4116568486079133,1197 cc,5 Seats,False,False,False,True,True,True,False,False,False,False
367,1292,1.10 Lakh,"90,000 kms",-4.444310189091127,993 cc,5 Seats,False,False,False,True,True,False,False,True,False,False
3358,1547,3 Lakh,"1,10,000 kms",-1.1344157764786262,796 cc,5 Seats,False,False,False,True,True,True,False,False,False,False
2803,733,15 Lakh,"90,000 kms",0.6478350610819515,1956 cc,7 Seats,True,False,False,False,True,True,False,False,False,False
4833,1218,1.52 Lakh,"1,50,112 kms",-1.643630301495934,1197 cc,5 Seats,True,False,False,False,True,False,False,False,False,True
2119,1153,5.80 Lakh,"10,000 kms",1.4116568486079133,1198 cc,7 Seats,False,False,False,False,True,True,False,False,False,False
135,586,9.51 Lakh,"58,000 kms",0.6478350610819515,1582 cc,5 Seats,True,False,False,False,True,True,False,False,False,False
4327,1180,5.70 Lakh,"55,385 kms",0.3932277985732975,1197 cc,5 Seats,True,False,False,False,True,True,False,False,False,False
2677,321,2.54 Lakh,"39,398 kms",-1.3890230389872802,1086 cc,5 Seats,False,False,False,True,True,False,False,True,False,False
47,663,6 Lakh,"65,392 kms",0.3932277985732975,1396 cc,5 Seats,True,False,False,False,True,True,False,False,False,False
718,434,7.65 Lakh,"49,000 kms",0.1386205360646435,1497 cc,5 Seats,False,False,False,True,True,True,False,False,False,False
2094,458,2.61 Lakh,"1,20,000 kms",-0.3705939889526643,1396 cc,5 Seats,False,False,True,False,True,False,True,False,False,False
3928,314,2.36 Lakh,"75,525 kms",-1.3890230389872802,1197 cc,5 Seats,False,False,False,True,True,False,True,False,False,False
2441,1207,2.50 Lakh,"91,865 kms",-1.3890230389872802,1995 cc,5 Seats,True,False,False,False,True,False,True,False,False,False
2235,946,11.50 Lakh,"76,365 kms",0.1386205360646435,1199 cc,5 Seats,True,False,False,False,True,True,False,False,False,False
670,1521,5.75 Lakh,"52,000 kms",-0.1159867264440103,1197 cc,5 Seats,True,False,False,False,False,False,True,False,False,False
3331,1181,4.60 Lakh,"30,000 kms",-0.1159867264440103,2993 cc,5 Seats,True,False,False,False,True,True,False,False,False,False
3750,702,4.50 Lakh,"75,000 kms",-0.3705939889526643,1086 cc,5 Seats,True,False,False,False,True,True,False,False,False,False
2254,1247,1.30 Lakh,"75,000 kms",-2.407452089021896,998 cc,5 Seats,False,False,False,True,True,False,True,False,False,False
4417,1270,3 Lakh,"80,000 kms",0.1386205360646435,796 cc,5 Seats,False,False,False,True,True,False,True,False,False,False
61,5,16.90 Lakh,"48,000 kms",-0.1159867264440103,1968 cc,5 Seats,True,False,False,False,False,True,False,False,False,False
4335,609,3.71 Lakh,"55,975 kms",-0.1159867264440103,1197 cc,5 Seats,True,False,False,False,True,False,True,False,False,False
3360,229,1 Lakh,"80,000 kms",-1.1344157764786262,1896 cc,7 Seats,True,False,False,False,True,False,True,False,False,False
1144,566,5.60 Lakh,"42,234 kms",0.1386205360646435,1197 cc,5 Seats,True,False,False,False,True,False,True,False,False,False
3487,1849,13.51 Lakh,"5,527 kms",1.4116568486079133,1197 cc,5 Seats,False,False,False,True,False,True,False,False,False,False
95,400,9 Lakh,"17,000 kms",0.9024423235906056,1199 cc,5 Seats,False,False,False,True,True,True,False,False,False,False
1702,1180,6.99 Lakh,"54,800 kms",0.6478350610819515,998 cc,5 Seats,True,False,False,False,True,True,False,False,False,False
478,363,2 Lakh,"1,00,000 kms",-2.407452089021896,1173 cc,5 Seats,False,False,False,True,False,False,False,False,True,False
121,1584,22.50 Lakh,"4,500 kms",1.6662641111165672,1956 cc,5 Seats,True,False,False,False,False,True,False,False,False,False
842,421,8.45 Lakh,"70,000 kms",-0.1159867264440103,1197 cc,5 Seats,True,False,False,False,True,True,False,False,False,False
1905,433,7.99 Lakh,"29,943 kms",0.3932277985732975,993 cc,5 Seats,False,False,False,True,True,False,True,False,False,False
5407,1428,3 Lakh,"1,00,000 kms",-0.8798085139699723,1461 cc,5 Seats,True,False,False,False,True,False,False,True,False,False
3382,1187,1.60 Lakh,"80,000 kms",-1.643630301495934,1498 cc,5 Seats,False,False,False,True,True,False,True,False,False,False
4787,265,6.62 Lakh,"15,712 kms",1.1570495860992591,1968 cc,7 Seats,False,False,False,True,True,True,False,False,False,False
2302,238,7 Lakh,"10,000 kms",1.1570495860992591,998 cc,7 Seats,False,False,False,True,True,True,False,False,False,False
2018,1547,3.55 Lakh,"50,000 kms",-1.3890230389872802,1197 cc,6 Seats,False,False,False,True,True,True,False,False,False,False
2229,1563,6.20 Lakh,"38,431 kms",-0.8798085139699723,1248 cc,5 Seats,True,False,False,False,True,True,False,False,False,False
3311,744,11.78 Lakh,"63,641 kms",0.6478350610819515,1248 cc,7 Seats,True,False,False,False,True,False,True,False,False,False
2144,641,2.45 Lakh,"81,000 kms",-1.3890230389872802,1197 cc,5 Seats,False,False,False,True,True,True,False,False,False,False
5196,1029,3.33 Lakh,"63,636 kms",0.3932277985732975,1396 cc,5 Seats,False,False,False,True,True,False,True,False,False,False
322,757,18.90 Lakh,"7,000 kms",1.1570495860992591,1353 cc,5 Seats,False,False,False,True,False,True,False,False,False,False
3926,240,4.64 Lakh,"53,106 kms",0.6478350610819515,1248 cc,5 Seats,False,False,False,True,True,True,False,False,False,False
2829,1459,2.50 Lakh,"50,000 kms",0.6478350610819515,2523 cc,5 Seats,False,False,False,True,True,True,False,False,False,False
4369,1859,3.45 Lakh,"95,129 kms",-0.6252012514613183,998 cc,5 Seats,True,False,False,False,True,True,False,False,False,False
334,1732,3.92 Lakh,"73,029 kms",-0.3705939889526643,1496 cc,5 Seats,False,False,False,True,True,False,True,False,False,False
2977,1797,17.61 Lakh,"57,189 kms",0.6478350610819515,1197 cc,5 Seats,True,False,False,False,False,False,True,False,False,False
1738,732,19.50 Lakh,"29,990 kms",0.9024423235906056,1493 cc,5 Seats,True,False,False,False,True,True,False,False,False,False
833,1709,40.90 Lakh,"20,000 kms",0.9024423235906056,2393 cc,5 Seats,False,False,False,True,False,True,False,False,False,False
2924,1207,3.29 Lakh,"84,703 kms",-0.3705939889526643,1248 cc,4 Seats,True,False,False,False,True,False,False,True,False,False
1632,277,8.20 Lakh,"19,000 kms",0.9024423235906056,1199 cc,5 Seats,False,False,False,True,True,True,False,False,False,False
4625,1089,7.71 Lakh,"71,000 kms",0.3932277985732975,1197 cc,5 Seats,True,False,False,False,True,True,False,False,False,False
5072,1425,3.50 Lakh,"1,00,298 kms",-0.6252012514613183,1462 cc,5 Seats,True,False,False,False,True,False,True,False,False,False
731,1249,2.38 Lakh,"98,554 kms",-0.8798085139699723,1373 cc,5 Seats,False,False,False,True,True,True,False,False,False,False
291,1318,37.24 Lakh,"20,785 kms",0.9024423235906056,1950 cc,5 Seats,True,False,False,False,False,True,False,False,False,False
184,602,9.90 Lakh,"31,740 kms",0.6478350610819515,1591 cc,5 Seats,False,False,False,True,False,True,False,False,False,False
2600,571,4.61 Lakh,"46,000 kms",-0.3705939889526643,814 cc,5 Seats,False,False,False,True,True,True,False,False,False,False
1419,252,5.89 Lakh,"10,282 kms",1.1570495860992591,2982 cc,7 Seats,False,False,False,True,True,True,False,False,False,False
4760,173,4.50 Lakh,"54,000 kms",-0.1159867264440103,1197 cc,5 Seats,True,False,False,False,True,True,False,False,False,False
533,1348,47.75 Lakh,"43,000 kms",0.9024423235906056,1591 cc,5 Seats,True,False,False,False,False,True,False,False,False,False
2414,1262,2.10 Lakh,"1,17,000 kms",-1.643630301495934,1493 cc,5 Seats,False,False,False,True,True,True,False,False,False,False
4049,412,7.24 Lakh,"67,085 kms",1.1570495860992591,998 cc,5 Seats,False,False,False,False,True,True,False,False,False,False
1534,1317,49.90 Lakh,"12,000 kms",1.4116568486079133,1248 cc,5 Seats,False,False,False,True,False,True,False,False,False,False
5028,642,3.29 Lakh,"56,379 kms",-0.1159867264440103,1199 cc,5 Seats,False,False,False,True,True,False,True,False,False,False
657,948,5.90 Lakh,"63,457 kms",-0.6252012514613183,1591 cc,7 Seats,True,False,False,False,True,False,True,False,False,False
3565,1753,13.28 Lakh,"1,05,427 kms",-0.3705939889526643,796 cc,5 Seats,True,False,False,False,False,False,False,True,False,False
4532,1159,6 Lakh,"65,000 kms",0.9024423235906056,1198 cc,5 Seats,True,False,False,False,True,True,False,False,False,False
2115,1147,1.70 Lakh,"1,20,000 kms",-2.1528448265132423,1798 cc,2 Seats,False,False,False,True,True,False,True,False,False,False
2209,422,9.80 Lakh,"1,17,302 kms",-0.1159867264440103,1248 cc,5 Seats,True,False,False,False,True,True,False,False,False,False
898,563,9.25 Lakh,"85,680 kms",0.3932277985732975,1995 cc,5 Seats,True,False,False,False,True,True,False,False,False,False
428,698,7.50 Lakh,"25,000 kms",0.9024423235906056,1197 cc,5 Seats,False,False,False,True,True,True,False,False,False,False
3578,945,4.10 Lakh,"1,10,000 kms",-0.3705939889526643,1396 cc,5 Seats,True,False,False,False,True,False,False,True,False,False
1420,1797,17.10 Lakh,"1,11,337 kms",0.6478350610819515,1995 cc,5 Seats,True,False,False,False,False,True,False,False,False,False
2929,1207,3.92 Lakh,"1,07,813 kms",-0.1159867264440103,1395 cc,5 Seats,True,False,False,False,True,True,False,False,False,False
2927,860,1.97 Lakh,"93,021 kms",-0.6252012514613183,1998 cc,5 Seats,True,False,False,False,True,False,False,True,False,False
1728,1862,6.10 Lakh,"1,41,383 kms",0.1386205360646435,1582 cc,5 Seats,True,False,False,False,False,True,False,False,False,False
1323,1317,47.90 Lakh,"11,000 kms",1.4116568486079133,1595 cc,5 Seats,False,False,False,True,False,True,False,False,False,False
1121,1200,4.27 Lakh,"82,392 kms",0.3932277985732975,2179 cc,7 Seats,True,False,False,False,True,True,False,False,False,False
2420,1075,2.56 Lakh,"1,15,596 kms",-0.3705939889526643,1198 cc,5 Seats,False,False,False,True,True,True,False,False,False,False
2881,999,5.38 Lakh,"30,000 kms",0.6478350610819515,2143 cc,5 Seats,False,False,False,True,True,True,False,False,False,False
5306,745,15.75 Lakh,"62,000 kms",0.9024423235906056,1950 cc,5 Seats,True,False,False,False,True,True,False,False,False,False
5208,1459,2.72 Lakh,"11,592 kms",0.1386205360646435,1248 cc,5 Seats,False,False,False,True,True,True,False,False,False,False
4248,696,5.78 Lakh,"5,240 kms",0.9024423235906056,1493 cc,5 Seats,False,False,False,True,True,True,False,False,False,False
4015,1139,6.16 Lakh,"86,226 kms",0.3932277985732975,1198 cc,5 Seats,True,False,False,False,True,True,False,False,False,False
2910,48,1.75 Crore,"7,100 kms",1.4116568486079133,1968 cc,5 Seats,False,False,False,True,False,True,False,False,False,False
3631,1290,"65,000 ","1,00,000 kms",-2.916666614039204,1194 cc,5 Seats,False,False,False,True,True,False,False,True,False,False
2698,842,3.41 Lakh,"39,057 kms",0.6478350610819515,1197 cc,5 Seats,False,False,False,True,True,True,False,False,False,False
3907,692,1.95 Lakh,"1,10,000 kms",-0.8798085139699723,998 cc,5 Seats,True,False,False,False,True,False,True,False,False,False
1669,373,6.30 Lakh,"77,331 kms",0.3932277985732975,1984 cc,5 Seats,False,False,False,True,False,True,False,False,False,False
4700,361,9.21 Lakh,"26,352 kms",0.6478350610819515,1197 cc,5 Seats,False,False,False,True,True,True,False,False,False,False
2464,493,4.83 Lakh,"55,259 kms",0.1386205360646435,1497 cc,5 Seats,True,False,False,False,True,True,False,False,False,False
2133,379,5.45 Lakh,"99,452 kms",0.1386205360646435,998 cc,5 Seats,True,False,False,False,True,True,False,False,False,False
1292,265,6.40 Lakh,"25,102 kms",0.9024423235906056,1198 cc,5 Seats,False,False,False,True,True,True,False,False,False,False
3032,1111,14.50 Lakh,"2,000 kms",1.6662641111165672,998 cc,7 Seats,False,False,False,True,False,True,False,False,False,False
3580,353,6.50 Lakh,"1,10,000 kms",0.3932277985732975,993 cc,5 Seats,True,False,False,False,True,False,True,False,False,False
70,110,1.10 Lakh,"1,50,349 kms",-0.8798085139699723,936 cc,5 Seats,True,False,False,False,True,True,False,False,False,False
2357,484,5.20 Lakh,"30,000 kms",0.6478350610819515,1248 cc,5 Seats,False,False,False,True,True,True,False,False,False,False
3783,839,3.84 Lakh,"35,893 kms",0.6478350610819515,1197 cc,5 Seats,True,False,False,False,True,True,False,False,False,False
2536,525,1.75 Lakh,"15,000 kms",-0.8798085139699723,1198 cc,5 Seats,False,False,False,True,True,True,False,False,False,False
4372,879,10.64 Lakh,"55,461 kms",0.6478350610819515,1197 cc,5 Seats,True,False,False,False,True,True,False,False,False,False
3398,1251,"95,000 ","60,000 kms",-2.66205935153055,1197 cc,5 Seats,False,False,False,True,True,True,False,False,False,False
831,943,10.74 Lakh,"76,813 kms",0.6478350610819515,2487 cc,7 Seats,True,False,False,False,True,True,False,False,False,False
3112,257,2.60 Lakh,"80,000 kms",0.1386205360646435,2967 cc,5 Seats,False,False,False,True,True,False,False,False,True,False
1305,1354,56 Lakh,"45,000 kms",0.9024423235906056,2179 cc,5 Seats,True,False,False,False,False,True,False,False,False,False
4749,492,3.68 Lakh,"63,467 kms",-0.1159867264440103,1498 cc,5 Seats,True,False,False,False,True,True,False,False,False,False
238,1154,"99,999 ","80,000 kms",-2.1528448265132423,1298 cc,5 Seats,False,False,False,True,True,False,False,True,False,False
2101,987,"65,000 ","46,000 kms",-3.171273876547858,796 cc,5 Seats,False,False,False,True,True,False,True,False,False,False
3050,1352,71.50 Lakh,"24,900 kms",1.4116568486079133,1498 cc,7 Seats,True,False,False,False,False,True,False,False,False,False
3576,1684,4.40 Lakh,"25,000 kms",0.9024423235906056,1399 cc,5 Seats,False,False,False,True,True,True,False,False,False,False
3679,1123,2.30 Lakh,"70,000 kms",0.6478350610819515,1498 cc,5 Seats,False,False,False,True,True,True,False,False,False,False
4602,972,1.99 Lakh,"95,489 kms",-0.1159867264440103,1061 cc,5 Seats,False,False,False,True,True,True,False,False,False,False
3968,1398,2.30 Lakh,"61,258 kms",-1.1344157764786262,1086 cc,5 Seats,True,False,False,False,True,True,False,False,False,False
1001,1330,11.21 Lakh,"85,471 kms",-0.8798085139699723,1396 cc,5 Seats,True,False,False,False,False,False,True,False,False,False
3203,1481,5.02 Lakh,"55,744 kms",0.9024423235906056,2179 cc,5 Seats,False,False,False,True,True,True,False,False,False,False
4322,691,3.85 Lakh,"81,867 kms",-0.1159867264440103,1497 cc,5 Seats,True,False,False,False,True,False,False,False,True,False
1839,732,12.20 Lakh,"98,492 kms",0.6478350610819515,1968 cc,5 Seats,True,False,False,False,True,True,False,False,False,False
4826,1211,5.82 Lakh,"6,356 kms",1.4116568486079133,1248 cc,5 Seats,False,False,False,True,True,True,False,False,False,False
957,1290,"39,000 ","1,00,000 kms",-3.93509566407382,1396 cc,5 Seats,False,False,False,True,True,False,True,False,False,False
1158,1894,60 Lakh,"7,500 kms",1.1570495860992591,1798 cc,5 Seats,True,False,False,False,False,True,False,False,False,False
1215,1317,36.50 Lakh,"16,500 kms",0.6478350610819515,1998 cc,5 Seats,False,False,False,True,False,True,False,False,False,False
4561,1445,3.63 Lakh,"1,52,000 kms",-0.6252012514613183,2179 cc,5 Seats,True,False,False,False,True,False,True,False,False,False
2410,327,2.20 Lakh,"86,000 kms",-2.407452089021896,998 cc,5 Seats,False,False,False,True,True,True,False,False,False,False
5294,111,1.07 Lakh,"80,000 kms",-1.1344157764786262,2487 cc,5 Seats,False,False,False,True,True,True,False,False,False,False
1128,813,16.13 Lakh,"29,827 kms",0.9024423235906056,1968 cc,5 Seats,False,False,False,True,False,False,True,False,False,False
4556,813,16.15 Lakh,"30,106 kms",0.9024423235906056,1995 cc,7 Seats,False,False,False,True,False,True,False,False,False,False
1520,800,17.25 Lakh,"2,400 kms",1.6662641111165672,1796 cc,5 Seats,False,False,False,True,False,True,False,False,False,False
1034,1183,7.32 Lakh,"20,248 kms",1.4116568486079133,998 cc,5 Seats,False,False,False,True,True,True,False,False,False,False
1438,429,14.25 Lakh,"36,000 kms",1.1570495860992591,1396 cc,5 Seats,True,False,False,False,False,False,True,False,False,False
931,1873,4.99 Lakh,"40,000 kms",-0.1159867264440103,1373 cc,5 Seats,False,False,False,True,True,True,False,False,False,False
5034,117,4.50 Lakh,"84,000 kms",-0.8798085139699723,1086 cc,5 Seats,True,False,False,False,False,False,True,False,False,False
2842,1006,5.25 Lakh,"50,000 kms",1.6662641111165672,1396 cc,5 Seats,False,False,False,True,True,False,True,False,False,False
633,1705,3.25 Lakh,"65,000 kms",-0.1159867264440103,1995 cc,5 Seats,False,False,False,True,True,False,True,False,False,False
3362,947,7 Lakh,"60,000 kms",-0.6252012514613183,1498 cc,7 Seats,True,False,False,False,True,True,False,False,False,False
498,1170,7.55 Lakh,"47,000 kms",0.3932277985732975,1298 cc,5 Seats,False,False,False,True,False,False,True,False,False,False
1507,932,10.95 Lakh,"47,000 kms",0.6478350610819515,2494 cc,7 Seats,True,False,False,False,True,True,False,False,False,False
415,872,11.25 Lakh,"1,11,000 kms",-0.1159867264440103,2179 cc,8 Seats,True,False,False,False,True,False,True,False,False,False
2311,666,5.50 Lakh,"70,000 kms",-0.1159867264440103,2609 cc,5 Seats,False,False,False,True,True,False,True,False,False,False
5017,90,17.50 Lakh,"91,000 kms",-0.8798085139699723,999 cc,5 Seats,True,False,False,False,False,False,True,False,False,False
1406,454,2.30 Lakh,"67,885 kms",-0.6252012514613183,998 cc,5 Seats,False,False,False,True,True,True,False,False,False,False
2856,568,4 Lakh,"70,000 kms",-0.6252012514613183,1298 cc,5 Seats,True,False,False,False,True,False,False,True,False,False
757,1757,44.45 Lakh,"31,000 kms",1.4116568486079133,1197 cc,7 Seats,True,False,False,False,False,True,False,False,False,False
3014,635,2.25 Lakh,"38,000 kms",-1.1344157764786262,1248 cc,5 Seats,False,False,False,True,True,True,False,False,False,False
1041,1515,9.04 Lakh,"17,805 kms",1.1570495860992591,1061 cc,5 Seats,False,False,False,True,True,False,True,False,False,False
3938,319,3.05 Lakh,"67,713 kms",-1.1344157764786262,1197 cc,5 Seats,False,False,False,True,True,True,False,False,False,False
2516,1052,7 Lakh,"35,000 kms",0.9024423235906056,814 cc,5 Seats,True,False,False,False,True,True,False,False,False,False
2641,616,3.30 Lakh,"37,000 kms",0.1386205360646435,796 cc,5 Seats,False,False,False,True,True,True,False,False,False,False
1699,1001,5.79 Lakh,"32,400 kms",0.1386205360646435,1197 cc,5 Seats,False,False,False,True,True,True,False,False,False,False
596,1800,91 Lakh,"90,000 kms",-0.1159867264440103,1995 cc,7 Seats,True,False,False,False,False,True,False,False,False,False
1844,1279,11.45 Lakh,"26,000 kms",1.1570495860992591,2393 cc,7 Seats,False,False,False,True,True,True,False,False,False,False
4137,526,1.64 Lakh,"1,36,154 kms",-0.8798085139699723,2967 cc,5 Seats,False,False,True,False,True,False,True,False,False,False
2748,972,2.49 Lakh,"24,000 kms",0.3932277985732975,1197 cc,5 Seats,False,False,False,True,True,True,False,False,False,False
652,902,5.99 Lakh,"42,032 kms",0.1386205360646435,1498 cc,7 Seats,True,False,False,False,False,False,True,False,False,False
5338,1885,44.75 Lakh,"20,000 kms",0.6478350610819515,1950 cc,5 Seats,True,False,False,False,False,True,False,False,False,False
4238,1756,13.65 Lakh,"1,80,396 kms",-0.3705939889526643,1998 cc,5 Seats,True,False,False,False,True,True,False,False,False,False
1483,1252,1.90 Lakh,"1,29,325 kms",-0.8798085139699723,1497 cc,5 Seats,False,False,False,False,True,True,False,False,False,False
1545,1243,4 Lakh,"59,000 kms",0.3932277985732975,1451 cc,5 Seats,False,False,False,False,True,True,False,False,False,False
5117,1823,3.25 Lakh,"89,000 kms",-1.643630301495934,1248 cc,5 Seats,True,False,False,False,False,False,True,False,False,False
1937,3,12.25 Lakh,"50,000 kms",-0.6252012514613183,1498 cc,5 Seats,True,False,False,False,False,True,False,False,False,False
75,1309,9.75 Lakh,"58,000 kms",-0.6252012514613183,2143 cc,5 Seats,True,False,False,False,False,True,False,False,False,False
2187,1318,39 Lakh,"24,000 kms",1.1570495860992591,2184 cc,5 Seats,True,False,False,False,False,False,True,False,False,False
5448,711,11.25 Lakh,"40,000 kms",1.4116568486079133,1798 cc,5 Seats,True,False,False,False,True,True,False,False,False,False
3764,1091,7.24 Lakh,"68,143 kms",0.3932277985732975,1493 cc,5 Seats,True,False,False,False,True,True,False,False,False,False
4063,992,1.50 Lakh,"72,380 kms",-1.3890230389872802,998 cc,5 Seats,False,False,False,True,True,False,True,False,False,False
1747,1517,9.90 Lakh,"25,000 kms",0.6478350610819515,1968 cc,5 Seats,False,False,False,True,False,True,False,False,False,False
4864,1589,10.50 Lakh,"58,000 kms",0.6478350610819515,1461 cc,5 Seats,True,False,False,False,True,True,False,False,False,False
3306,1857,7.31 Lakh,"27,334 kms",0.1386205360646435,1186 cc,5 Seats,False,False,False,True,False,True,False,False,False,False
2117,1551,17 Lakh,"80,000 kms",0.3932277985732975,1198 cc,5 Seats,False,False,False,True,False,True,False,False,False,False
1454,844,4.35 Lakh,"36,000 kms",0.3932277985732975,1968 cc,5 Seats,False,False,False,True,True,True,False,False,False,False
1010,1019,10.43 Lakh,"6,510 kms",1.6662641111165672,1598 cc,5 Seats,False,False,False,True,True,True,False,False,False,False
1029,1869,2.69 Lakh,"1,18,881 kms",-0.8798085139699723,1197 cc,5 Seats,True,False,False,False,True,True,False,False,False,False
3684,650,1.95 Lakh,"90,000 kms",-1.3890230389872802,1197 cc,5 Seats,False,False,False,True,True,True,False,False,False,False
828,732,13.50 Lakh,"72,000 kms",0.6478350610819515,1197 cc,5 Seats,True,False,False,False,True,True,False,False,False,False
1703,585,7.99 Lakh,"44,000 kms",0.3932277985732975,1199 cc,5 Seats,True,False,False,False,True,True,False,False,False,False
96,797,42 Lakh,"1,11,000 kms",0.6478350610819515,2499 cc,5 Seats,False,False,False,True,False,True,False,False,False,False
4421,1861,3.60 Lakh,"1,00,000 kms",-0.3705939889526643,1497 cc,5 Seats,True,False,False,False,True,False,True,False,False,False
4296,702,3.35 Lakh,"83,000 kms",-0.6252012514613183,799 cc,5 Seats,True,False,False,False,True,False,True,False,False,False
2917,14,45.90 Lakh,"12,000 kms",1.4116568486079133,1781 cc,5 Seats,False,False,False,True,False,True,False,False,False,False
621,19,10.85 Lakh,"76,398 kms",-0.8798085139699723,1995 cc,5 Seats,True,False,False,False,False,False,True,False,False,False
566,1323,20.90 Lakh,"42,000 kms",0.1386205360646435,998 cc,5 Seats,False,False,False,True,False,True,False,False,False,False
543,1718,7.10 Lakh,"80,056 kms",-0.1159867264440103,1197 cc,5 Seats,False,False,False,True,True,True,False,False,False,False
3319,1085,7.86 Lakh,"51,239 kms",0.6478350610819515,1396 cc,5 Seats,False,False,False,True,True,True,False,False,False,False
51,945,6.50 Lakh,"68,000 kms",-0.8798085139699723,2179 cc,7 Seats,True,False,False,False,True,True,False,False,False,False
1835,1271,4.99 Lakh,"12,000 kms",0.3932277985732975,1197 cc,5 Seats,False,False,False,True,True,True,False,False,False,False
4025,433,7.02 Lakh,"1,12,955 kms",0.6478350610819515,1396 cc,5 Seats,False,False,False,True,True,True,False,False,False,False
745,63,29.50 Lakh,"41,000 kms",0.3932277985732975,998 cc,5 Seats,True,False,False,False,False,True,False,False,False,False
3859,1053,9 Lakh,"50,000 kms",1.1570495860992591,1997 cc,5 Seats,False,False,False,True,False,True,False,False,False,False
1426,38,14.75 Lakh,"80,000 kms",-0.1159867264440103,2755 cc,7 Seats,True,False,False,False,False,False,False,True,False,False
1580,488,4.06 Lakh,"30,346 kms",0.1386205360646435,1248 cc,5 Seats,False,False,False,True,True,True,False,False,False,False
195,484,5.75 Lakh,"38,000 kms",0.9024423235906056,1197 cc,5 Seats,False,False,False,True,True,True,False,False,False,False
3652,637,1.80 Lakh,"60,000 kms",-0.6252012514613183,1248 cc,5 Seats,False,False,False,True,True,False,True,False,False,False
1255,719,47 Lakh,"7,500 kms",1.1570495860992591,1956 cc,5 Seats,False,False,False,True,False,True,False,False,False,False
3425,802,12.27 Lakh,"7,046 kms",1.4116568486079133,1493 cc,5 Seats,False,False,False,True,False,True,False,False,False,False
802,557,9.99 Lakh,"19,108 kms",1.4116568486079133,1591 cc,5 Seats,False,False,False,True,True,True,False,False,False,False
3641,203,9 Lakh,"50,000 kms",1.4116568486079133,998 cc,5 Seats,True,False,False,False,True,True,False,False,False,False
5287,905,5.90 Lakh,"59,000 kms",-0.3705939889526643,2755 cc,5 Seats,True,False,False,False,True,False,True,False,False,False
3734,1756,10.55 Lakh,"99,934 kms",-0.8798085139699723,1197 cc,5 Seats,True,False,False,False,True,True,False,False,False,False
3592,1256,"85,000 ","80,000 kms",-1.898237564004588,1248 cc,5 Seats,False,False,False,True,True,True,False,False,False,False
3095,21,24.90 Lakh,"40,000 kms",0.1386205360646435,998 cc,5 Seats,True,False,False,False,False,False,True,False,False,False
3538,376,4.95 Lakh,"24,959 kms",0.1386205360646435,1591 cc,6 Seats,False,False,False,True,True,True,False,False,False,False
3809,1433,3.79 Lakh,"72,403 kms",-0.6252012514613183,1086 cc,5 Seats,True,False,False,False,True,False,True,False,False,False
1361,980,2.68 Lakh,"55,107 kms",-0.3705939889526643,796 cc,5 Seats,False,False,False,True,True,True,False,False,False,False
644,1839,3.98 Lakh,"83,634 kms",-0.6252012514613183,1373 cc,5 Seats,True,False,False,False,True,True,False,False,False,False
1433,1490,1.17 Lakh,"94,679 kms",-1.3890230389872802,1248 cc,5 Seats,False,False,False,True,True,False,False,False,False,True
4942,972,1.80 Lakh,"80,000 kms",-0.6252012514613183,1591 cc,5 Seats,False,False,False,True,True,False,False,True,False,False
2486,741,12.50 Lakh,"17,000 kms",0.6478350610819515,1497 cc,5 Seats,True,False,False,False,True,True,False,False,False,False
120,1374,42 Lakh,"6,900 kms",0.9024423235906056,1998 cc,4 Seats,False,False,False,True,False,True,False,False,False,False
4478,1183,3.99 Lakh,"1,00,000 kms",-0.6252012514613183,796 cc,5 Seats,False,False,False,True,True,False,False,True,False,False
2093,514,"75,000 ","1,20,000 kms",-3.171273876547858,1582 cc,5 Seats,False,False,False,True,True,True,False,False,False,False
2024,1266,3.50 Lakh,"40,000 kms",0.3932277985732975,1248 cc,5 Seats,False,False,False,True,True,False,False,False,True,False
4434,1436,6.50 Lakh,"60,000 kms",0.9024423235906056,1197 cc,5 Seats,True,False,False,False,True,False,True,False,False,False
2609,1271,3.15 Lakh,"30,000 kms",0.3932277985732975,1498 cc,5 Seats,False,False,False,True,True,False,True,False,False,False
2347,650,3 Lakh,"1,20,000 kms",-0.8798085139699723,1582 cc,5 Seats,False,False,False,True,True,True,False,False,False,False
3864,540,7.80 Lakh,"10,000 kms",1.4116568486079133,1193 cc,5 Seats,False,False,False,True,True,True,False,False,False,False
1941,934,12 Lakh,"68,000 kms",0.6478350610819515,1248 cc,5 Seats,True,False,False,False,True,False,True,False,False,False
4850,1451,3.75 Lakh,"58,342 kms",0.6478350610819515,1582 cc,7 Seats,False,False,False,True,True,True,False,False,False,False
134,485,5.50 Lakh,"40,000 kms",0.9024423235906056,1197 cc,5 Seats,False,False,False,True,False,False,False,True,False,False
5288,786,1.90 Crore,"68,500 kms",0.9024423235906056,2998 cc,5 Seats,True,False,False,False,False,True,False,False,False,False
4290,690,5.35 Lakh,"81,000 kms",0.3932277985732975,1798 cc,5 Seats,False,False,False,True,True,True,False,False,False,False
1720,1342,14.50 Lakh,"1,20,000 kms",-1.3890230389872802,1197 cc,5 Seats,True,False,False,False,False,True,False,False,False,False
511,1806,5.85 Lakh,"15,000 kms",1.6662641111165672,1298 cc,5 Seats,False,False,False,True,True,False,True,False,False,False
62,26,13.90 Lakh,"69,500 kms",-0.8798085139699723,1968 cc,5 Seats,True,False,False,False,False,True,False,False,False,False
4019,949,9.91 Lakh,"47,839 kms",0.3932277985732975,1197 cc,5 Seats,True,False,False,False,True,True,False,False,False,False
2505,1178,4 Lakh,"1,20,000 kms",0.6478350610819515,796 cc,5 Seats,True,False,False,False,True,True,False,False,False,False
1539,1568,12.50 Lakh,"32,500 kms",0.9024423235906056,1086 cc,5 Seats,True,False,False,False,True,True,False,False,False,False
3148,504,4 Lakh,"90,000 kms",0.3932277985732975,1086 cc,5 Seats,False,False,False,True,True,True,False,False,False,False
3263,1572,11.91 Lakh,"1,28,924 kms",1.4116568486079133,1197 cc,5 Seats,True,False,False,False,True,True,False,False,False,False
122,1885,42 Lakh,"51,000 kms",0.6478350610819515,1969 cc,5 Seats,True,False,False,False,False,True,False,False,False,False
5067,1225,3.64 Lakh,"98,890 kms",-0.1159867264440103,2143 cc,5 Seats,False,False,False,True,True,False,True,False,False,False
3488,1433,5.10 Lakh,"1,01,376 kms",0.1386205360646435,1248 cc,5 Seats,True,False,False,False,True,True,False,False,False,False
4371,1262,5.11 Lakh,"23,400 kms",1.1570495860992591,998 cc,7 Seats,False,False,False,True,True,False,False,True,False,False
4900,1092,4.13 Lakh,"2,45,456 kms",-0.6252012514613183,1497 cc,7 Seats,True,False,False,False,True,True,False,False,False,False
1210,1005,6.25 Lakh,"54,000 kms",0.6478350610819515,1956 cc,5 Seats,True,False,False,False,True,True,False,False,False,False
567,1242,4.90 Lakh,"59,000 kms",0.9024423235906056,1968 cc,5 Seats,False,False,False,False,True,True,False,False,False,False
1966,996,5.53 Lakh,"69,167 kms",-0.1159867264440103,1493 cc,5 Seats,False,False,False,True,True,True,False,False,False,False
3861,1738,2.90 Lakh,"67,000 kms",-0.6252012514613183,999 cc,5 Seats,False,False,False,True,True,False,True,False,False,False
864,900,6.50 Lakh,"70,000 kms",0.1386205360646435,998 cc,5 Seats,True,False,False,False,True,True,False,False,False,False
4423,765,15 Lakh,"25,000 kms",1.4116568486079133,995 cc,7 Seats,False,False,False,True,False,True,False,False,False,False
3813,303,3 Lakh,"20,410 kms",-0.1159867264440103,1197 cc,5 Seats,False,False,False,True,True,True,False,False,False,False
1615,295,9.65 Lakh,"47,000 kms",0.6478350610819515,1498 cc,5 Seats,True,False,False,False,True,True,False,False,False,False
1471,1330,22 Lakh,"63,203 kms",-0.1159867264440103,1997 cc,5 Seats,True,False,False,False,False,False,True,False,False,False
1652,701,6.75 Lakh,"37,000 kms",0.3932277985732975,1497 cc,5 Seats,False,False,False,True,True,True,False,False,False,False
720,1014,6.36 Lakh,"17,700 kms",0.3932277985732975,3956 cc,5 Seats,False,False,False,True,True,False,True,False,False,False
4404,655,6.25 Lakh,"48,000 kms",0.6478350610819515,1199 cc,5 Seats,False,False,False,True,True,True,False,False,False,False
5164,629,2.30 Lakh,"90,605 kms",-0.6252012514613183,1586 cc,5 Seats,False,False,False,True,True,True,False,False,False,False
4757,1073,5.35 Lakh,"38,000 kms",0.9024423235906056,1497 cc,5 Seats,False,False,False,True,True,True,False,False,False,False
602,1354,39.50 Lakh,"51,000 kms",0.1386205360646435,2967 cc,5 Seats,True,False,False,False,False,False,True,False,False,False
2277,675,3 Lakh,"90,000 kms",-1.3890230389872802,1199 cc,5 Seats,True,False,False,False,True,False,True,False,False,False
4547,1075,3.58 Lakh,"1,04,911 kms",0.9024423235906056,1199 cc,5 Seats,False,False,False,True,True,True,False,False,False,False
3305,1718,8.83 Lakh,"49,470 kms",0.1386205360646435,1956 cc,5 Seats,False,False,False,True,True,True,False,False,False,False
4528,586,8.90 Lakh,"84,000 kms",0.6478350610819515,1582 cc,7 Seats,True,False,False,False,True,True,False,False,False,False
1514,1225,4.41 Lakh,"39,889 kms",0.3932277985732975,2967 cc,4 Seats,False,False,False,True,True,False,True,False,False,False
4755,707,6.75 Lakh,"48,000 kms",0.9024423235906056,1498 cc,5 Seats,False,False,False,True,True,True,False,False,False,False
318,383,7.45 Lakh,"35,000 kms",0.6478350610819515,1199 cc,5 Seats,False,False,False,True,False,True,False,False,False,False
4196,1799,1.69 Crore,"27,000 kms",0.9024423235906056,1364 cc,5 Seats,True,False,False,False,False,True,False,False,False,False
274,201,11 Lakh,"20,000 kms",1.4116568486079133,1498 cc,5 Seats,True,False,False,False,True,True,False,False,False,False
4747,1249,3.11 Lakh,"1,14,478 kms",0.3932277985732975,1422 cc,5 Seats,False,False,False,True,True,True,False,False,False,False
3090,1612,1.15 Lakh,"25,000 kms",-1.643630301495934,1968 cc,7 Seats,False,False,False,True,True,True,False,False,False,False
1393,1249,3.75 Lakh,"30,404 kms",0.1386205360646435,1248 cc,5 Seats,False,False,False,True,True,True,False,False,False,False
1740,592,15 Lakh,"20,000 kms",1.6662641111165672,1498 cc,5 Seats,True,False,False,False,False,True,False,False,False,False
3658,1182,2.90 Lakh,"80,000 kms",-0.8798085139699723,1405 cc,5 Seats,True,False,False,False,True,False,False,True,False,False
1769,21,33 Lakh,"15,000 kms",0.1386205360646435,2987 cc,5 Seats,True,False,False,False,False,True,False,False,False,False
4339,671,2.05 Lakh,"76,634 kms",-1.3890230389872802,796 cc,5 Seats,False,False,False,True,True,False,True,False,False,False
5316,1483,6.25 Lakh,"22,000 kms",1.1570495860992591,1969 cc,5 Seats,False,False,False,True,True,True,False,False,False,False
295,1771,7.74 Lakh,"1,23,394 kms",-0.6252012514613183,2494 cc,7 Seats,True,False,False,False,True,False,True,False,False,False
4790,1468,6.20 Lakh,"1,20,000 kms",0.1386205360646435,1396 cc,5 Seats,True,False,False,False,True,True,False,False,False,False
5361,987,1.50 Lakh,"90,000 kms",-2.407452089021896,2993 cc,5 Seats,False,False,False,True,True,False,True,False,False,False
298,1578,21.99 Lakh,"2,443 kms",1.6662641111165672,1956 cc,5 Seats,True,False,False,False,True,True,False,False,False,False
68,1870,2.73 Lakh,"1,31,861 kms",-0.8798085139699723,1598 cc,5 Seats,True,False,False,False,True,False,True,False,False,False
736,1527,6.66 Lakh,"64,419 kms",0.3932277985732975,2987 cc,5 Seats,True,False,False,False,True,True,False,False,False,False
2447,1470,6.12 Lakh,"72,318 kms",0.1386205360646435,1248 cc,5 Seats,True,False,False,False,True,True,False,False,False,False
3548,68,8.93 Lakh,"84,218 kms",-1.3890230389872802,2498 cc,7 Seats,True,False,False,False,False,False,True,False,False,False
4714,319,3.26 Lakh,"1,61,875 kms",-1.1344157764786262,1498 cc,5 Seats,False,False,False,True,True,True,False,False,False,False
150,1512,9.75 Lakh,"55,000 kms",-0.1159867264440103,1798 cc,5 Seats,False,False,False,True,False,False,True,False,False,False
756,1252,3.75 Lakh,"50,227 kms",-0.3705939889526643,2755 cc,5 Seats,False,False,False,False,True,True,False,False,False,False
4707,706,2.02 Lakh,"1,25,403 kms",-1.3890230389872802,1497 cc,5 Seats,False,False,False,True,True,False,False,True,False,False
2990,630,1.30 Lakh,"83,013 kms",-1.643630301495934,1248 cc,5 Seats,False,False,False,True,True,False,False,False,True,False
1672,897,6.25 Lakh,"56,276 kms",0.6478350610819515,1248 cc,5 Seats,True,False,False,False,False,False,True,False,False,False
2287,181,8.35 Lakh,"68,414 kms",0.6478350610819515,1598 cc,5 Seats,True,False,False,False,True,True,False,False,False,False
1618,435,8.95 Lakh,"48,000 kms",0.1386205360646435,1198 cc,5 Seats,False,False,False,True,True,True,False,False,False,False
376,807,19.40 Lakh,"9,562 kms",1.4116568486079133,1451 cc,6 Seats,False,False,False,True,False,True,False,False,False,False
1876,1182,3.15 Lakh,"1,45,000 kms",-1.1344157764786262,1461 cc,5 Seats,True,False,False,False,True,False,True,False,False,False
859,1791,30.50 Lakh,250 kms,1.6662641111165672,1993 cc,5 Seats,True,False,False,False,False,True,False,False,False,False
3442,1834,3.74 Lakh,"73,323 kms",-0.1159867264440103,799 cc,5 Seats,True,False,False,False,True,False,False,True,False,False
1322,807,19 Lakh,"18,000 kms",1.4116568486079133,2143 cc,5 Seats,False,False,False,True,False,True,False,False,False,False
378,1314,9.75 Lakh,"45,000 kms",-1.1344157764786262,2143 cc,5 Seats,True,False,False,False,False,False,True,False,False,False
2245,799,16 Lakh,"10,000 kms",1.6662641111165672,1197 cc,5 Seats,False,False,False,True,True,True,False,False,False,False
3865,920,9 Lakh,"25,000 kms",0.9024423235906056,2835 cc,5 Seats,False,False,False,True,True,True,False,False,False,False
3253,1695,6.31 Lakh,"25,882 kms",0.9024423235906056,1582 cc,5 Seats,False,True,False,False,False,True,False,False,False,False
2753,306,3.17 Lakh,"46,767 kms",-0.3705939889526643,1197 cc,7 Seats,False,False,False,True,True,True,False,False,False,False
5349,582,8.90 Lakh,"70,000 kms",0.9024423235906056,2967 cc,7 Seats,True,False,False,False,True,True,False,False,False,False
3026,94,74.50 Lakh,"7,600 kms",1.6662641111165672,2179 cc,5 Seats,False,False,False,True,False,True,False,False,False,False
841,1339,58 Lakh,"17,000 kms",1.1570495860992591,1582 cc,5 Seats,True,False,False,False,False,True,False,False,False,False
4603,402,1.38 Lakh,"1,55,835 kms",-1.1344157764786262,1198 cc,5 Seats,False,False,False,True,True,False,False,False,True,False
1964,1180,5.63 Lakh,"91,892 kms",0.1386205360646435,1197 cc,5 Seats,True,False,False,False,True,True,False,False,False,False
175,178,5.90 Lakh,"78,000 kms",-0.1159867264440103,1498 cc,5 Seats,True,False,False,False,True,True,False,False,False,False
4923,635,3.25 Lakh,"45,000 kms",-0.3705939889526643,2143 cc,5 Seats,False,False,False,True,True,True,False,False,False,False
927,824,5.10 Lakh,"40,000 kms",0.1386205360646435,1197 cc,7 Seats,True,False,False,False,True,True,False,False,False,False
2778,1491,1.44 Lakh,"52,816 kms",-1.1344157764786262,1399 cc,5 Seats,False,False,False,True,True,True,False,False,False,False
45,1439,8.90 Lakh,"14,000 kms",0.9024423235906056,1498 cc,5 Seats,False,False,False,True,False,True,False,False,False,False
1260,1063,5.50 Lakh,"50,001 kms",-0.1159867264440103,1197 cc,5 Seats,False,False,False,True,True,True,False,False,False,False
1096,61,46 Lakh,"43,000 kms",0.9024423235906056,1950 cc,5 Seats,True,False,False,False,False,True,False,False,False,False
2495,1266,3.50 Lakh,"48,000 kms",0.3932277985732975,1493 cc,7 Seats,False,False,False,True,True,True,False,False,False,False
2317,534,1.40 Lakh,"40,000 kms",-2.66205935153055,1197 cc,5 Seats,False,False,False,True,True,False,True,False,False,False
4690,1600,"84,602 ","2,73,257 kms",-1.1344157764786262,1086 cc,5 Seats,True,False,False,False,True,False,False,False,True,False
2264,414,7.86 Lakh,"5,000 kms",1.4116568486079133,1461 cc,5 Seats,False,False,False,True,True,True,False,False,False,False
1030,1809,7.75 Lakh,"32,039 kms",0.6478350610819515,2179 cc,7 Seats,False,False,False,True,True,False,True,False,False,False
4217,630,1.45 Lakh,"79,857 kms",-1.643630301495934,1968 cc,5 Seats,False,False,False,True,True,True,False,False,False,False
3758,1184,5.35 Lakh,"20,185 kms",0.3932277985732975,1248 cc,5 Seats,False,False,False,True,True,True,False,False,False,False
3575,1110,1.25 Lakh,"90,000 kms",-1.643630301495934,998 cc,5 Seats,False,False,False,True,True,True,False,False,False,False
283,45,72.50 Lakh,"15,000 kms",0.6478350610819515,2967 cc,7 Seats,True,False,False,False,False,True,False,False,False,False
2671,1162,2.30 Lakh,"17,363 kms",-1.3890230389872802,1086 cc,5 Seats,False,False,False,True,True,True,False,False,False,False
2114,1206,4 Lakh,"80,000 kms",-0.6252012514613183,999 cc,5 Seats,True,False,False,False,True,False,True,False,False,False
4814,672,4.35 Lakh,"75,317 kms",-0.3705939889526643,1498 cc,5 Seats,False,False,False,True,True,False,True,False,False,False
2619,1479,5.50 Lakh,"5,000 kms",1.1570495860992591,2494 cc,5 Seats,False,False,False,True,True,True,False,False,False,False
1554,1201,4.83 Lakh,"37,229 kms",1.1570495860992591,2993 cc,5 Seats,False,False,False,True,True,True,False,False,False,False
2584,830,4.80 Lakh,"70,000 kms",0.3932277985732975,2982 cc,5 Seats,True,False,False,False,True,False,True,False,False,False
1491,1635,"85,671 ","59,290 kms",-0.1159867264440103,1196 cc,5 Seats,False,False,False,True,True,False,False,False,True,False
2758,292,6.99 Lakh,"28,000 kms",0.1386205360646435,1950 cc,5 Seats,False,False,False,True,False,True,False,False,False,False
1732,1376,40.99 Lakh,"25,900 kms",0.9024423235906056,993 cc,5 Seats,False,False,False,True,False,True,False,False,False,False
2497,726,16.54 Lakh,"18,000 kms",0.9024423235906056,1197 cc,5 Seats,False,False,False,True,False,False,True,False,False,False
1832,1262,1.50 Lakh,"50,000 kms",-2.66205935153055,998 cc,5 Seats,False,False,False,True,True,True,False,False,False,False
5466,1319,21.90 Lakh,"68,000 kms",0.3932277985732975,1950 cc,5 Seats,True,False,False,False,False,True,False,False,False,False
3257,622,4.79 Lakh,"9,669 kms",0.6478350610819515,1956 cc,5 Seats,False,False,False,True,True,True,False,False,False,False
2680,328,2.90 Lakh,"1,01,875 kms",-1.1344157764786262,1248 cc,5 Seats,False,False,False,True,True,True,False,False,False,False
5029,364,2.47 Lakh,"98,446 kms",-1.1344157764786262,1364 cc,5 Seats,False,False,False,True,True,False,False,True,False,False
2592,1266,1.90 Lakh,"30,000 kms",-0.8798085139699723,1956 cc,5 Seats,False,False,False,True,True,False,True,False,False,False
5027,518,5.07 Lakh,"12,471 kms",1.4116568486079133,1799 cc,5 Seats,False,False,False,True,True,True,False,False,False,False
257,360,7.85 Lakh,"96,000 kms",0.6478350610819515,1497 cc,5 Seats,False,False,False,True,True,True,False,False,False,False
507,468,5.20 Lakh,"40,000 kms",-0.6252012514613183,1061 cc,5 Seats,False,False,False,True,True,False,True,False,False,False
3604,418,9.10 Lakh,"40,000 kms",0.6478350610819515,1198 cc,7 Seats,True,False,False,False,True,False,True,False,False,False
99,1830,4.50 Lakh,"67,000 kms",-0.1159867264440103,1198 cc,5 Seats,False,False,False,True,True,True,False,False,False,False
3567,786,1.90 Crore,"68,500 kms",0.9024423235906056,1497 cc,5 Seats,True,False,False,False,False,True,False,False,False,False
5365,1207,5.25 Lakh,"1,50,000 kms",-0.1159867264440103,1396 cc,5 Seats,True,False,False,False,True,True,False,False,False,False
3307,972,2.68 Lakh,"35,275 kms",0.1386205360646435,1497 cc,5 Seats,False,False,False,True,True,True,False,False,False,False
3352,948,6.30 Lakh,"1,20,000 kms",-0.6252012514613183,1248 cc,5 Seats,True,False,False,False,True,True,False,False,False,False
1392,877,9.98 Lakh,"68,307 kms",0.6478350610819515,1197 cc,5 Seats,True,False,False,False,True,True,False,False,False,False
1894,1453,4.90 Lakh,"13,800 kms",1.1570495860992591,1198 cc,5 Seats,False,False,False,True,False,True,False,False,False,False
3944,665,5.14 Lakh,"73,891 kms",0.3932277985732975,936 cc,5 Seats,False,False,False,True,True,True,False,False,False,False
4560,525,2.39 Lakh,"51,974 kms",-0.3705939889526643,1197 cc,5 Seats,False,False,False,True,True,True,False,False,False,False
366,52,12.75 Lakh,"99,000 kms",-0.8798085139699723,1995 cc,5 Seats,True,False,False,False,False,False,False,True,False,False
2580,617,3.20 Lakh,"46,000 kms",-0.1159867264440103,1493 cc,5 Seats,False,False,False,True,True,True,False,False,False,False
1600,420,12.25 Lakh,"7,000 kms",0.1386205360646435,1248 cc,5 Seats,True,False,False,False,False,True,False,False,False,False
4271,1102,10.59 Lakh,"13,672 kms",1.4116568486079133,1968 cc,5 Seats,False,False,False,True,False,True,False,False,False,False
4581,1447,2.69 Lakh,"61,432 kms",0.6478350610819515,1461 cc,5 Seats,False,False,False,True,True,True,False,False,False,False
949,1216,1.25 Lakh,"85,000 kms",-2.407452089021896,998 cc,5 Seats,False,False,False,True,True,False,True,False,False,False
2121,311,3.50 Lakh,"1,00,000 kms",-1.898237564004588,2179 cc,5 Seats,False,False,False,True,False,False,False,True,False,False
19,1049,8.50 Lakh,"56,000 kms",0.9024423235906056,1462 cc,5 Seats,False,False,False,True,False,True,False,False,False,False
3458,1677,2.78 Lakh,"39,732 kms",-1.1344157764786262,1248 cc,5 Seats,True,False,False,False,True,True,False,False,False,False
668,1084,6.99 Lakh,"23,000 kms",0.1386205360646435,1497 cc,7 Seats,False,False,False,True,True,True,False,False,False,False
218,145,2.75 Lakh,"20,000 kms",0.3932277985732975,799 cc,5 Seats,False,False,False,True,True,True,False,False,False,False
4609,1256,"90,698 ","85,191 kms",-1.898237564004588,1120 cc,5 Seats,False,False,False,True,True,False,False,True,False,False
3739,971,1.68 Lakh,"60,613 kms",-0.6252012514613183,998 cc,5 Seats,False,False,False,False,True,True,False,False,False,False
2142,1877,19.25 Lakh,"11,193 kms",1.6662641111165672,1197 cc,5 Seats,False,False,False,True,False,False,False,False,False,False
3985,335,9.80 Lakh,"31,901 kms",0.9024423235906056,1248 cc,5 Seats,False,False,False,True,True,True,False,False,False,False
585,1139,9.75 Lakh,"42,332 kms",0.6478350610819515,1498 cc,5 Seats,True,False,False,False,True,True,False,False,False,False
3346,316,1.30 Lakh,"90,000 kms",-2.66205935153055,1193 cc,5 Seats,False,False,False,True,True,False,False,False,True,False
2699,522,1.13 Lakh,"20,484 kms",-1.1344157764786262,1298 cc,7 Seats,False,False,False,True,True,True,False,False,False,False
777,1317,19.11 Lakh,"52,000 kms",0.1386205360646435,1497 cc,5 Seats,False,False,False,True,False,True,False,False,False,False
3145,1892,54.50 Lakh,"34,000 kms",0.9024423235906056,1299 cc,5 Seats,True,False,False,False,False,True,False,False,False,False
1018,1400,4.93 Lakh,"13,333 kms",0.9024423235906056,1968 cc,5 Seats,False,False,False,True,False,True,False,False,False,False
2135,1013,6.15 Lakh,"50,960 kms",0.3932277985732975,1298 cc,5 Seats,False,False,False,True,True,True,False,False,False,False
3276,608,2.97 Lakh,"56,522 kms",-0.3705939889526643,998 cc,5 Seats,True,False,False,False,True,False,True,False,False,False
4743,641,2.17 Lakh,"55,961 kms",-1.1344157764786262,1997 cc,5 Seats,False,False,False,True,True,False,False,True,False,False
1467,99,1 Crore,"20,500 kms",1.6662641111165672,2143 cc,5 Seats,True,False,False,False,False,True,False,False,False,False
3206,1452,2.35 Lakh,"31,306 kms",0.3932277985732975,1995 cc,5 Seats,False,False,False,True,False,True,False,False,False,False
2450,1857,7.37 Lakh,"68,012 kms",0.3932277985732975,999 cc,5 Seats,False,False,False,True,False,False,True,False,False,False
517,701,5.33 Lakh,"33,389 kms",-0.1159867264440103,1396 cc,5 Seats,False,False,False,True,True,True,False,False,False,False
1666,1720,9.90 Lakh,"37,000 kms",-0.1159867264440103,1197 cc,5 Seats,False,False,False,True,True,True,False,False,False,False
4724,1862,5.51 Lakh,"79,715 kms",0.1386205360646435,1598 cc,7 Seats,True,False,False,False,False,False,True,False,False,False
3801,1703,1.53 Lakh,"22,065 kms",-0.3705939889526643,1248 cc,5 Seats,False,False,False,True,True,True,False,False,False,False
2025,1405,3.50 Lakh,"1,20,000 kms",-0.3705939889526643,1248 cc,5 Seats,True,False,False,False,True,True,False,False,False,False
2582,629,1.30 Lakh,"40,000 kms",-1.643630301495934,998 cc,7 Seats,False,False,False,True,True,False,False,True,False,False
3208,942,12.35 Lakh,"55,209 kms",0.6478350610819515,1462 cc,5 Seats,True,False,False,False,False,True,False,False,False,False
3135,1683,4.54 Lakh,"40,000 kms",0.9024423235906056,1120 cc,5 Seats,False,False,False,True,True,True,False,False,False,False
2850,178,4.25 Lakh,"1,20,000 kms",-0.3705939889526643,796 cc,5 Seats,True,False,False,False,True,False,True,False,False,False
3334,1777,5.50 Lakh,"1,20,000 kms",-0.6252012514613183,1461 cc,5 Seats,True,False,False,False,True,False,False,True,False,False
1052,907,7.82 Lakh,"46,994 kms",0.6478350610819515,2179 cc,7 Seats,True,False,False,False,True,True,False,False,False,False
2767,993,"63,046 ","25,373 kms",-1.898237564004588,998 cc,5 Seats,False,False,False,True,True,False,True,False,False,False
759,1544,12.70 Lakh,"2,263 kms",1.6662641111165672,1497 cc,5 Seats,False,False,False,True,True,True,False,False,False,False
3454,1252,2.59 Lakh,"1,22,702 kms",0.1386205360646435,1248 cc,5 Seats,False,False,False,False,True,True,False,False,False,False
5120,1199,3.90 Lakh,"67,000 kms",-0.8798085139699723,999 cc,5 Seats,True,False,False,False,True,True,False,False,False,False
214,1553,34 Lakh,"31,001 kms",1.4116568486079133,1984 cc,5 Seats,False,False,False,True,False,True,False,False,False,False
1538,1317,47.90 Lakh,"12,000 kms",1.4116568486079133,1956 cc,5 Seats,False,False,False,True,False,True,False,False,False,False
4472,1591,1.50 Lakh,"1,20,000 kms",-1.1344157764786262,1248 cc,5 Seats,True,False,False,False,True,True,False,False,False,False
2005,602,10.30 Lakh,"20,000 kms",0.6478350610819515,1197 cc,5 Seats,False,False,False,True,False,True,False,False,False,False
2554,1131,4.30 Lakh,"24,531 kms",1.1570495860992591,1197 cc,5 Seats,False,False,False,True,True,True,False,False,False,False
2407,1189,7.80 Lakh,"88,000 kms",0.3932277985732975,796 cc,5 Seats,True,False,False,False,True,True,False,False,False,False
2663,972,1.63 Lakh,"10,065 kms",-0.8798085139699723,796 cc,5 Seats,False,False,False,True,True,True,False,False,False,False
196,30,23.50 Lakh,"40,000 kms",0.3932277985732975,1395 cc,5 Seats,False,False,False,True,False,True,False,False,False,False
2098,976,2.90 Lakh,"80,000 kms",-0.1159867264440103,2523 cc,5 Seats,False,False,False,True,True,True,False,False,False,False
2131,1334,6.85 Lakh,"69,146 kms",-2.407452089021896,1498 cc,5 Seats,True,False,False,False,False,False,True,False,False,False
5139,1066,5.14 Lakh,"80,444 kms",-0.1159867264440103,1497 cc,5 Seats,True,False,False,False,True,False,True,False,False,False
3909,661,1.95 Lakh,"1,10,000 kms",-0.8798085139699723,1197 cc,5 Seats,True,False,False,False,True,False,True,False,False,False
1056,1141,5.15 Lakh,"1,10,655 kms",0.1386205360646435,1396 cc,5 Seats,True,False,False,False,True,True,False,False,False,False
4194,1172,4.35 Lakh,"81,325 kms",0.1386205360646435,998 cc,4 Seats,True,False,False,False,True,False,True,False,False,False
887,1448,2.50 Lakh,"70,000 kms",0.3932277985732975,1197 cc,5 Seats,False,False,False,True,True,True,False,False,False,False
2809,905,6.90 Lakh,"10,000 kms",-0.3705939889526643,1498 cc,5 Seats,True,False,False,False,True,False,True,False,False,False
3625,1691,4.80 Lakh,"70,000 kms",0.9024423235906056,1451 cc,5 Seats,True,False,False,False,True,True,False,False,False,False
3002,1252,3.24 Lakh,"54,087 kms",0.1386205360646435,1197 cc,5 Seats,False,False,False,False,True,True,False,False,False,False
568,21,24.11 Lakh,"50,000 kms",-0.1159867264440103,2179 cc,5 Seats,True,False,False,False,False,True,False,False,False,False
3655,948,6 Lakh,"1,00,000 kms",-0.3705939889526643,1496 cc,5 Seats,True,False,False,False,True,False,True,False,False,False
3467,1589,8.86 Lakh,"82,455 kms",0.3932277985732975,2143 cc,5 Seats,True,False,False,False,True,False,True,False,False,False
1432,1119,5.02 Lakh,"2,294 kms",1.6662641111165672,2967 cc,5 Seats,False,False,False,True,True,True,False,False,False,False
139,164,3.90 Lakh,"59,300 kms",0.3932277985732975,1196 cc,5 Seats,False,False,False,True,True,True,False,False,False,False
1566,1796,18.75 Lakh,"26,000 kms",0.6478350610819515,4461 cc,7 Seats,True,False,False,False,False,True,False,False,False,False
2063,58,44 Lakh,"14,000 kms",1.1570495860992591,1799 cc,5 Seats,True,False,False,False,False,True,False,False,False,False
1149,552,11.50 Lakh,"10,000 kms",1.4116568486079133,2967 cc,5 Seats,False,False,False,True,True,True,False,False,False,False
4214,1828,5.72 Lakh,"48,141 kms",0.9024423235906056,1968 cc,5 Seats,False,False,False,True,True,True,False,False,False,False
3193,1190,6.71 Lakh,"92,045 kms",0.9024423235906056,998 cc,5 Seats,True,False,False,False,True,True,False,False,False,False
1831,999,5.50 Lakh,"70,346 kms",-0.1159867264440103,1198 cc,5 Seats,False,False,False,True,True,True,False,False,False,False
463,521,5 Lakh,"50,000 kms",0.9024423235906056,1461 cc,5 Seats,False,False,False,True,True,True,False,False,False,False
5256,1005,6.20 Lakh,"55,500 kms",0.6478350610819515,1798 cc,7 Seats,True,False,False,False,True,True,False,False,False,False
5292,94,74.50 Lakh,"7,600 kms",1.6662641111165672,1582 cc,5 Seats,False,False,False,True,False,True,False,False,False,False
4590,600,6.75 Lakh,"35,336 kms",0.6478350610819515,1248 cc,5 Seats,False,False,False,True,True,True,False,False,False,False
594,1252,4.65 Lakh,"72,000 kms",0.3932277985732975,1582 cc,5 Seats,False,False,False,False,True,True,False,False,False,False
4617,1099,5.55 Lakh,"1,14,892 kms",-0.1159867264440103,2143 cc,5 Seats,True,False,False,False,True,False,True,False,False,False
450,945,6.95 Lakh,"1,00,000 kms",-0.8798085139699723,2179 cc,7 Seats,True,False,False,False,True,False,False,True,False,False
2292,1395,4.75 Lakh,"25,943 kms",0.3932277985732975,1248 cc,5 Seats,False,False,False,True,True,True,False,False,False,False
3694,1247,"80,000 ","70,000 kms",-2.66205935153055,1968 cc,5 Seats,False,False,False,True,True,False,True,False,False,False
4059,1131,4.51 Lakh,"21,538 kms",0.9024423235906056,1364 cc,5 Seats,False,False,False,True,True,True,False,False,False,False
3076,966,"84,000 ","29,000 kms",-3.425881139056512,1197 cc,7 Seats,False,False,False,True,True,True,False,False,False,False
5101,940,6.22 Lakh,"1,32,131 kms",-0.1159867264440103,1999 cc,7 Seats,True,False,False,False,True,True,False,False,False,False
3204,349,5.45 Lakh,"10,411 kms",-0.1159867264440103,1198 cc,5 Seats,False,False,False,True,True,True,False,False,False,False
1513,1298,12.90 Lakh,"67,000 kms",-0.6252012514613183,1950 cc,5 Seats,False,False,False,True,False,False,True,False,False,False
4017,1620,1.83 Lakh,"2,72,610 kms",-0.1159867264440103,2179 cc,5 Seats,True,False,False,False,True,True,False,False,False,False
1174,972,3.07 Lakh,"31,458 kms",1.4116568486079133,1582 cc,5 Seats,False,False,False,True,True,True,False,False,False,False
2232,1750,12.50 Lakh,"2,49,535 kms",-1.1344157764786262,1498 cc,5 Seats,True,False,False,False,True,True,False,False,False,False
451,327,2.75 Lakh,"75,000 kms",-2.407452089021896,1497 cc,5 Seats,False,False,False,True,True,False,False,False,False,True
4638,529,1 Lakh,"25,000 kms",-2.1528448265132423,1353 cc,5 Seats,False,False,False,True,True,True,False,False,False,False
3617,457,2.20 Lakh,"50,000 kms",0.6478350610819515,1047 cc,5 Seats,False,False,True,False,True,False,True,False,False,False
3541,1796,14.82 Lakh,"85,911 kms",0.6478350610819515,2993 cc,5 Seats,True,False,False,False,False,True,False,False,False,False
3916,1211,3.60 Lakh,"61,560 kms",-0.1159867264440103,1396 cc,5 Seats,False,False,False,True,True,False,True,False,False,False
2432,788,50.52 Lakh,"19,150 kms",1.1570495860992591,1396 cc,5 Seats,True,False,False,False,False,True,False,False,False,False
1263,996,6.50 Lakh,"46,201 kms",0.3932277985732975,1197 cc,5 Seats,False,False,False,True,True,True,False,False,False,False
5163,1582,18.14 Lakh,"42,418 kms",1.1570495860992591,1198 cc,5 Seats,True,False,False,False,False,True,False,False,False,False
999,269,4.40 Lakh,"91,437 kms",0.3932277985732975,2143 cc,5 Seats,False,False,False,True,True,True,False,False,False,False
3217,1206,2.70 Lakh,"96,906 kms",-0.8798085139699723,2755 cc,5 Seats,True,False,False,False,True,False,False,True,False,False
3669,1254,2.50 Lakh,"80,000 kms",-0.8798085139699723,998 cc,8 Seats,False,False,True,False,True,True,False,False,False,False
2402,1252,2.45 Lakh,"1,03,535 kms",-0.8798085139699723,1248 cc,5 Seats,False,False,False,False,True,True,False,False,False,False
192,829,6 Lakh,"1,84,000 kms",0.6478350610819515,1493 cc,7 Seats,True,False,False,False,True,False,True,False,False,False
4315,89,61.75 Lakh,"18,000 kms",1.4116568486079133,1396 cc,5 Seats,False,False,False,True,False,True,False,False,False,False
5007,1187,1.84 Lakh,"1,41,719 kms",-1.3890230389872802,1197 cc,5 Seats,False,False,False,True,True,False,False,True,False,False
4605,733,12.87 Lakh,"57,400 kms",0.6478350610819515,1368 cc,7 Seats,True,False,False,False,True,True,False,False,False,False
1658,299,5.80 Lakh,"98,778 kms",0.3932277985732975,1197 cc,5 Seats,False,False,False,True,True,True,False,False,False,False
4657,403,1.50 Lakh,"1,20,000 kms",-0.8798085139699723,1248 cc,5 Seats,False,False,False,False,True,False,True,False,False,False
4880,737,12.58 Lakh,"86,513 kms",0.6478350610819515,1120 cc,5 Seats,True,False,False,False,True,False,True,False,False,False
1338,1351,48 Lakh,"28,500 kms",0.9024423235906056,1248 cc,5 Seats,False,False,False,True,False,True,False,False,False,False
2440,484,5.02 Lakh,"47,180 kms",0.3932277985732975,814 cc,5 Seats,False,False,False,True,True,True,False,False,False,False
3091,1617,"70,000 ","80,000 kms",-2.407452089021896,998 cc,5 Seats,True,False,False,False,True,False,True,False,False,False
2388,571,4.30 Lakh,"96,384 kms",-1.1344157764786262,1497 cc,7 Seats,False,False,False,True,True,True,False,False,False,False
4832,1682,4.24 Lakh,"26,680 kms",0.6478350610819515,1498 cc,5 Seats,False,False,False,True,True,True,False,False,False,False
1293,45,46 Lakh,"65,000 kms",0.3932277985732975,1197 cc,5 Seats,True,False,False,False,False,True,False,False,False,False
4153,1460,2.69 Lakh,"21,732 kms",0.1386205360646435,2995 cc,4 Seats,False,False,False,True,True,True,False,False,False,False
4618,604,7.71 Lakh,"50,720 kms",0.9024423235906056,1248 cc,5 Seats,False,False,False,True,True,True,False,False,False,False
1942,16,12.75 Lakh,"98,000 kms",-0.6252012514613183,1497 cc,5 Seats,True,False,False,False,False,False,True,False,False,False
2268,1395,4.10 Lakh,"54,000 kms",0.3932277985732975,1498 cc,5 Seats,False,False,False,True,True,True,False,False,False,False
3214,270,3.79 Lakh,"1,04,596 kms",0.1386205360646435,1248 cc,7 Seats,False,False,False,True,True,True,False,False,False,False
4608,625,4.19 Lakh,"92,124 kms",0.6478350610819515,1197 cc,5 Seats,False,False,False,False,True,False,True,False,False,False
368,96,59.75 Lakh,"27,000 kms",0.6478350610819515,2993 cc,5 Seats,True,False,False,False,False,True,False,False,False,False
1151,36,9.95 Lakh,"68,000 kms",-1.1344157764786262,2967 cc,5 Seats,True,False,False,False,False,False,False,True,False,False
2827,289,4.95 Lakh,"1,00,000 kms",-0.3705939889526643,1498 cc,5 Seats,True,False,False,False,True,True,False,False,False,False
3905,887,4 Lakh,"40,000 kms",-0.8798085139699723,1405 cc,5 Seats,True,False,False,False,False,False,True,False,False,False
4822,506,10.52 Lakh,"94,786 kms",-0.1159867264440103,1186 cc,5 Seats,True,False,False,False,False,False,True,False,False,False
5419,839,5.50 Lakh,"60,000 kms",0.6478350610819515,1248 cc,5 Seats,True,False,False,False,True,True,False,False,False,False
191,1607,1 Lakh,"1,20,000 kms",-0.6252012514613183,1396 cc,5 Seats,True,False,False,False,True,False,True,False,False,False
5042,635,2.06 Lakh,"83,061 kms",-0.8798085139699723,1061 cc,5 Seats,False,False,False,True,True,False,False,True,False,False
108,651,6.50 Lakh,"60,000 kms",0.3932277985732975,1197 cc,5 Seats,False,False,False,True,True,True,False,False,False,False
4807,1459,2.64 Lakh,"31,951 kms",0.1386205360646435,1197 cc,5 Seats,False,False,False,True,True,False,True,False,False,False
2865,832,3 Lakh,"1,00,000 kms",-1.3890230389872802,1396 cc,5 Seats,True,False,False,False,True,True,False,False,False,False
4817,1851,22.25 Lakh,"1,04,000 kms",0.3932277985732975,999 cc,5 Seats,True,False,False,False,False,True,False,False,False,False
1360,907,7.46 Lakh,"60,020 kms",0.3932277985732975,1462 cc,5 Seats,True,False,False,False,True,True,False,False,False,False
2313,867,2.40 Lakh,"1,56,000 kms",-2.407452089021896,1497 cc,5 Seats,True,False,False,False,True,False,True,False,False,False
4805,819,25.25 Lakh,"99,000 kms",1.1570495860992591,1497 cc,5 Seats,True,False,False,False,False,True,False,False,False,False
5363,390,4 Lakh,"1,44,000 kms",-0.1159867264440103,2967 cc,5 Seats,False,False,False,True,True,True,False,False,False,False
2404,1778,7.84 Lakh,"1,93,707 kms",-0.6252012514613183,2755 cc,7 Seats,True,False,False,False,True,True,False,False,False,False
2170,983,3.16 Lakh,"92,170 kms",0.6478350610819515,1197 cc,5 Seats,False,False,False,False,True,True,False,False,False,False
3966,459,3.09 Lakh,"11,231 kms",-0.1159867264440103,2477 cc,5 Seats,False,False,False,True,True,True,False,False,False,False
4775,1262,6.40 Lakh,"3,809 kms",1.6662641111165672,1197 cc,5 Seats,False,False,False,True,True,True,False,False,False,False
476,163,9.20 Lakh,"35,000 kms",0.6478350610819515,1582 cc,7 Seats,True,False,False,False,True,False,True,False,False,False
4851,584,9.80 Lakh,"57,000 kms",0.6478350610819515,1197 cc,5 Seats,True,False,False,False,False,True,False,False,False,False
4273,718,29.80 Lakh,"59,000 kms",0.6478350610819515,1186 cc,5 Seats,True,False,False,False,False,True,False,False,False,False
3816,527,1.70 Lakh,"80,000 kms",-1.898237564004588,1199 cc,5 Seats,False,False,False,True,True,True,False,False,False,False
312,708,8.20 Lakh,"14,824 kms",1.1570495860992591,1197 cc,5 Seats,False,False,False,True,True,True,False,False,False,False
508,1283,2.10 Lakh,"60,000 kms",-1.898237564004588,1498 cc,5 Seats,False,False,False,True,True,False,True,False,False,False
166,759,11.99 Lakh,"63,000 kms",1.1570495860992591,1497 cc,5 Seats,False,False,False,True,True,True,False,False,False,False
2615,633,1.35 Lakh,"75,000 kms",-1.643630301495934,999 cc,5 Seats,False,False,False,True,True,False,False,True,False,False
3537,589,2.57 Lakh,"3,72,588 kms",-1.3890230389872802,1451 cc,5 Seats,True,False,False,False,True,False,True,False,False,False
4334,999,5.32 Lakh,"51,906 kms",0.6478350610819515,1498 cc,5 Seats,False,False,False,True,True,True,False,False,False,False
1024,1536,6.44 Lakh,"88,673 kms",0.9024423235906056,1198 cc,5 Seats,False,False,False,True,True,True,False,False,False,False
1221,940,4.31 Lakh,"90,928 kms",-0.6252012514613183,1373 cc,7 Seats,True,False,False,False,True,True,False,False,False,False
3922,1184,6.11 Lakh,"18,740 kms",0.9024423235906056,999 cc,5 Seats,False,False,False,True,True,True,False,False,False,False
1119,342,5.33 Lakh,"98,772 kms",-0.1159867264440103,1248 cc,5 Seats,True,False,False,False,True,False,True,False,False,False
1888,350,5.50 Lakh,"60,000 kms",-0.1159867264440103,1497 cc,5 Seats,False,False,False,True,True,False,True,False,False,False
4965,1604,1.50 Lakh,"40,493 kms",-1.1344157764786262,1461 cc,5 Seats,True,False,False,False,True,True,False,False,False,False
2057,720,24.75 Lakh,"50,000 kms",-0.1159867264440103,1995 cc,5 Seats,True,False,False,False,False,True,False,False,False,False
2722,1502,3.23 Lakh,"93,913 kms",-1.3890230389872802,1198 cc,5 Seats,True,False,False,False,True,True,False,False,False,False
2640,1182,2.70 Lakh,"90,000 kms",-0.8798085139699723,1197 cc,5 Seats,True,False,False,False,True,False,True,False,False,False
2309,755,15.50 Lakh,"60,000 kms",1.1570495860992591,1197 cc,8 Seats,False,False,False,True,True,True,False,False,False,False
2318,770,11 Lakh,"25,000 kms",1.4116568486079133,796 cc,5 Seats,True,False,False,False,True,True,False,False,False,False
4925,655,6.25 Lakh,"48,000 kms",0.6478350610819515,998 cc,5 Seats,False,False,False,True,True,True,False,False,False,False
1509,1782,12 Lakh,"70,000 kms",-0.1159867264440103,1498 cc,5 Seats,True,False,False,False,True,True,False,False,False,False
1788,184,8.25 Lakh,"70,000 kms",0.3932277985732975,1984 cc,5 Seats,True,False,False,False,True,True,False,False,False,False
3518,1287,1.67 Lakh,"67,301 kms",-1.1344157764786262,796 cc,5 Seats,False,False,False,True,True,True,False,False,False,False
3585,660,1.40 Lakh,"1,00,000 kms",-1.1344157764786262,1061 cc,5 Seats,True,False,False,False,True,False,False,False,True,False
152,213,4 Lakh,"1,10,000 kms",-2.66205935153055,2953 cc,7 Seats,True,False,False,False,True,False,True,False,False,False
2201,1113,5.47 Lakh,"40,000 kms",0.3932277985732975,1198 cc,7 Seats,False,False,False,True,True,True,False,False,False,False
3062,1312,62 Lakh,"4,000 kms",1.6662641111165672,796 cc,7 Seats,True,False,False,False,False,True,False,False,False,False
5171,270,4.54 Lakh,"22,055 kms",0.1386205360646435,799 cc,5 Seats,False,False,False,True,True,True,False,False,False,False
5078,661,3.90 Lakh,"60,000 kms",-0.8798085139699723,998 cc,5 Seats,True,False,False,False,True,False,True,False,False,False
725,61,22 Lakh,"72,000 kms",-0.1159867264440103,1197 cc,5 Seats,True,False,False,False,False,True,False,False,False,False
1654,349,6.45 Lakh,"33,000 kms",-0.3705939889526643,998 cc,5 Seats,False,False,False,True,True,True,False,False,False,False
2181,1745,37.50 Lakh,"1,00,000 kms",0.9024423235906056,1197 cc,5 Seats,True,False,False,False,True,True,False,False,False,False
3754,1765,5.83 Lakh,"2,76,459 kms",-0.3705939889526643,2179 cc,7 Seats,True,False,False,False,True,False,False,True,False,False
1921,1062,6.04 Lakh,"64,803 kms",0.1386205360646435,1197 cc,5 Seats,True,False,False,False,True,True,False,False,False,False
5312,1557,3.25 Lakh,"1,03,000 kms",-0.6252012514613183,1199 cc,5 Seats,True,False,False,False,True,True,False,False,False,False
4563,83,10.50 Lakh,"1,00,265 kms",-0.3705939889526643,1086 cc,5 Seats,True,False,False,False,False,False,True,False,False,False
2252,932,13.50 Lakh,"80,252 kms",0.1386205360646435,998 cc,5 Seats,True,False,False,False,True,True,False,False,False,False
31,270,4.20 Lakh,"1,00,161 kms",-0.1159867264440103,1198 cc,5 Seats,False,False,False,True,True,True,False,False,False,False
1225,231,1.93 Lakh,"86,483 kms",-0.3705939889526643,1598 cc,5 Seats,True,False,False,False,True,False,False,True,False,False
937,35,12 Lakh,"80,000 kms",-0.8798085139699723,1198 cc,5 Seats,False,False,False,True,False,False,True,False,False,False
1730,593,6 Lakh,"90,000 kms",-0.6252012514613183,1998 cc,5 Seats,True,False,False,False,False,True,False,False,False,False
752,1027,4.51 Lakh,"55,362 kms",0.3932277985732975,1582 cc,5 Seats,False,False,False,False,True,True,False,False,False,False
4801,1541,2.76 Lakh,"94,405 kms",-0.8798085139699723,2982 cc,6 Seats,True,False,False,False,True,False,False,True,False,False
309,1075,4.70 Lakh,"39,341 kms",0.9024423235906056,1196 cc,5 Seats,False,False,False,True,True,True,False,False,False,False
5020,1031,4.46 Lakh,"22,532 kms",0.9024423235906056,1086 cc,5 Seats,False,False,False,True,True,True,False,False,False,False
5107,1001,5.12 Lakh,"56,982 kms",0.1386205360646435,1248 cc,5 Seats,False,False,False,True,True,True,False,False,False,False
5247,1362,21.90 Lakh,"80,000 kms",-0.3705939889526643,1582 cc,5 Seats,True,False,False,False,False,False,True,False,False,False
3543,1448,2.56 Lakh,"50,455 kms",0.3932277985732975,1061 cc,5 Seats,False,False,False,True,True,True,False,False,False,False
4447,1626,1.35 Lakh,"58,000 kms",-1.643630301495934,1199 cc,5 Seats,True,False,False,False,True,False,False,True,False,False
495,928,14.25 Lakh,"66,968 kms",0.1386205360646435,1248 cc,7 Seats,True,False,False,False,False,True,False,False,False,False
1405,438,12.73 Lakh,"1,000 kms",1.4116568486079133,2143 cc,5 Seats,False,False,False,True,True,True,False,False,False,False
3683,650,1.95 Lakh,"1,00,000 kms",-1.3890230389872802,799 cc,4 Seats,False,False,False,True,True,True,False,False,False,False
205,777,70 Lakh,"19,500 kms",1.4116568486079133,1999 cc,7 Seats,True,False,False,False,False,True,False,False,False,False
1434,37,21 Lakh,"35,000 kms",-0.1159867264440103,998 cc,5 Seats,True,False,False,False,False,True,False,False,False,False
1135,449,2.30 Lakh,"48,421 kms",-0.6252012514613183,1582 cc,5 Seats,False,False,False,True,True,True,False,False,False,False
3612,255,3.40 Lakh,"25,000 kms",-0.3705939889526643,1896 cc,5 Seats,True,False,False,False,True,True,False,False,False,False
4072,301,2.70 Lakh,"86,882 kms",-0.1159867264440103,1462 cc,5 Seats,False,False,False,True,True,True,False,False,False,False
701,350,5.70 Lakh,"34,511 kms",-0.1159867264440103,1591 cc,5 Seats,False,False,False,True,True,False,True,False,False,False
305,642,4.25 Lakh,"52,000 kms",-0.3705939889526643,1086 cc,5 Seats,False,False,False,True,True,False,True,False,False,False
5169,869,2.23 Lakh,"1,23,804 kms",-1.643630301495934,1405 cc,7 Seats,True,False,False,False,True,False,False,True,False,False
1192,800,17.25 Lakh,"2,400 kms",1.6662641111165672,2993 cc,4 Seats,False,False,False,True,False,True,False,False,False,False
4348,1630,"53,250 ","48,977 kms",-1.1344157764786262,1248 cc,5 Seats,False,False,False,True,True,True,False,False,False,False
2718,1459,2.48 Lakh,"43,259 kms",-0.1159867264440103,1968 cc,5 Seats,False,False,False,True,True,True,False,False,False,False
1061,392,3.99 Lakh,"1,41,083 kms",-0.3705939889526643,1248 cc,5 Seats,True,False,False,False,True,True,False,False,False,False
843,421,9.25 Lakh,"75,000 kms",0.1386205360646435,1995 cc,5 Seats,True,False,False,False,True,False,True,False,False,False
4912,1775,5.50 Lakh,"1,24,400 kms",-1.1344157764786262,1198 cc,7 Seats,True,False,False,False,True,False,True,False,False,False
2728,665,4.70 Lakh,"33,193 kms",-0.1159867264440103,1496 cc,5 Seats,False,False,False,True,True,True,False,False,False,False
211,1315,34.50 Lakh,"21,000 kms",0.6478350610819515,2143 cc,5 Seats,True,False,False,False,False,True,False,False,False,False
1340,1206,5.90 Lakh,"60,000 kms",0.9024423235906056,1197 cc,5 Seats,True,False,False,False,True,True,False,False,False,False
1108,1207,3.40 Lakh,"1,18,631 kms",-0.3705939889526643,1198 cc,5 Seats,True,False,False,False,True,True,False,False,False,False
4299,1859,3.45 Lakh,"93,000 kms",-0.6252012514613183,1197 cc,8 Seats,True,False,False,False,True,True,False,False,False,False
679,1155,1.55 Lakh,"78,598 kms",-1.898237564004588,1197 cc,5 Seats,False,False,False,True,True,False,False,True,False,False
2304,1037,4.50 Lakh,"50,000 kms",0.6478350610819515,2494 cc,5 Seats,False,False,False,True,False,False,True,False,False,False
3544,811,15.99 Lakh,"13,471 kms",1.4116568486079133,1396 cc,5 Seats,False,False,False,True,False,True,False,False,False,False
565,1239,4.25 Lakh,"46,000 kms",-0.1159867264440103,1991 cc,5 Seats,False,False,False,True,False,False,True,False,False,False
1598,1505,19.50 Lakh,"41,000 kms",0.9024423235906056,1582 cc,5 Seats,False,False,False,True,False,True,False,False,False,False
1532,178,4.75 Lakh,"62,500 kms",-0.1159867264440103,1950 cc,5 Seats,True,False,False,False,True,True,False,False,False,False
4449,1587,13.50 Lakh,"35,000 kms",0.9024423235906056,1061 cc,5 Seats,True,False,False,False,True,False,True,False,False,False
680,1183,5.15 Lakh,"53,633 kms",0.1386205360646435,1796 cc,5 Seats,False,False,False,True,True,True,False,False,False,False
180,434,8.90 Lakh,"28,840 kms",0.1386205360646435,1591 cc,5 Seats,False,False,False,True,True,True,False,False,False,False
3213,1094,8.49 Lakh,"3,707 kms",1.1570495860992591,999 cc,5 Seats,False,False,False,True,True,True,False,False,False,False
3372,1397,2.66 Lakh,"1,10,000 kms",-0.6252012514613183,2499 cc,5 Seats,True,False,False,False,True,False,True,False,False,False
3298,1009,6.69 Lakh,"13,341 kms",1.4116568486079133,1197 cc,5 Seats,False,False,False,True,True,True,False,False,False,False
4705,228,4.11 Lakh,"69,693 kms",0.1386205360646435,1197 cc,5 Seats,False,False,False,True,False,False,True,False,False,False
278,1318,46.50 Lakh,"20,000 kms",0.9024423235906056,1950 cc,5 Seats,True,False,False,False,False,True,False,False,False,False
5224,814,15.76 Lakh,"27,710 kms",1.1570495860992591,2987 cc,5 Seats,False,False,False,True,False,True,False,False,False,False
4524,443,18.50 Lakh,"9,000 kms",1.4116568486079133,2393 cc,5 Seats,True,False,False,False,True,True,False,False,False,False
1204,178,4.75 Lakh,"62,500 kms",-0.1159867264440103,1582 cc,5 Seats,True,False,False,False,True,True,False,False,False,False
2377,1710,1.70 Lakh,"1,20,000 kms",-3.171273876547858,998 cc,5 Seats,False,False,False,True,True,False,False,True,False,False
432,402,3.10 Lakh,"71,000 kms",-0.6252012514613183,1495 cc,5 Seats,False,False,False,True,True,False,True,False,False,False
289,1876,3.92 Lakh,"69,828 kms",-1.1344157764786262,1598 cc,5 Seats,False,False,False,True,False,False,False,True,False,False
1027,630,"98,497 ","1,20,426 kms",-1.643630301495934,1598 cc,5 Seats,False,False,False,True,True,False,False,False,True,False
535,45,48.50 Lakh,"70,000 kms",0.3932277985732975,1248 cc,7 Seats,True,False,False,False,False,True,False,False,False,False
2503,1536,7.50 Lakh,"7,000 kms",0.9024423235906056,1493 cc,5 Seats,False,False,False,True,True,True,False,False,False,False
993,491,3.44 Lakh,"68,456 kms",-0.6252012514613183,998 cc,5 Seats,True,False,False,False,True,False,True,False,False,False
1187,1354,36.50 Lakh,"64,000 kms",0.1386205360646435,2967 cc,4 Seats,True,False,False,False,False,True,False,False,False,False
188,1364,27 Lakh,"1,20,000 kms",-0.1159867264440103,2987 cc,5 Seats,True,False,False,False,False,False,True,False,False,False
4250,690,4.58 Lakh,"72,009 kms",0.1386205360646435,1956 cc,5 Seats,False,False,False,True,True,True,False,False,False,False
5356,771,14.50 Lakh,"25,000 kms",1.4116568486079133,1799 cc,7 Seats,False,False,False,True,False,True,False,False,False,False
2572,1171,2.30 Lakh,"70,000 kms",-0.6252012514613183,1198 cc,5 Seats,True,False,False,False,True,False,True,False,False,False
3718,1183,3.75 Lakh,"38,536 kms",-0.1159867264440103,998 cc,5 Seats,False,False,False,True,True,False,False,True,False,False
706,1737,2.82 Lakh,"75,805 kms",-1.1344157764786262,1199 cc,5 Seats,True,False,False,False,True,True,False,False,False,False
4963,1419,26.71 Lakh,"88,277 kms",-0.3705939889526643,1198 cc,5 Seats,True,False,False,False,False,False,True,False,False,False
270,1836,6 Lakh,"50,000 kms",0.3932277985732975,1198 cc,5 Seats,False,False,False,True,True,False,True,False,False,False
3297,774,10.62 Lakh,"14,067 kms",1.4116568486079133,1462 cc,5 Seats,False,False,False,True,True,True,False,False,False,False
4504,684,8.20 Lakh,"30,000 kms",1.1570495860992591,2184 cc,5 Seats,False,False,False,True,False,True,False,False,False,False
5254,178,4.75 Lakh,"62,500 kms",-0.1159867264440103,0 cc,5 Seats,True,False,False,False,True,True,False,False,False,False
4640,1154,2.15 Lakh,"30,130 kms",-2.407452089021896,1248 cc,7 Seats,False,False,False,True,True,False,True,False,False,False
2602,618,3.50 Lakh,"50,000 kms",-0.3705939889526643,1198 cc,5 Seats,False,False,False,True,True,False,True,False,False,False
4927,1498,16.75 Lakh,"16,000 kms",1.6662641111165672,1596 cc,5 Seats,False,False,False,True,False,True,False,False,False,False
111,1555,31 Lakh,"25,000 kms",1.4116568486079133,1984 cc,5 Seats,False,False,False,True,False,True,False,False,False,False
1170,1330,22 Lakh,"63,203 kms",-0.1159867264440103,1995 cc,4 Seats,True,False,False,False,False,False,True,False,False,False
1391,656,5.72 Lakh,"96,805 kms",0.3932277985732975,998 cc,5 Seats,True,False,False,False,True,True,False,False,False,False
2366,245,1.30 Lakh,"1,10,000 kms",-2.407452089021896,1248 cc,5 Seats,False,False,False,True,True,False,False,True,False,False
220,434,8.90 Lakh,"26,000 kms",0.1386205360646435,1591 cc,5 Seats,False,False,False,True,True,True,False,False,False,False
1599,383,6.80 Lakh,"18,000 kms",0.3932277985732975,1373 cc,5 Seats,False,False,False,True,False,False,True,False,False,False
627,352,5.65 Lakh,"58,000 kms",-0.3705939889526643,1497 cc,5 Seats,False,False,False,True,True,True,False,False,False,False
5362,417,8.35 Lakh,"70,000 kms",0.3932277985732975,2925 cc,5 Seats,True,False,False,False,True,True,False,False,False,False
2750,1170,5.99 Lakh,"13,000 kms",0.3932277985732975,998 cc,5 Seats,False,False,False,True,False,True,False,False,False,False
5103,484,4.89 Lakh,"15,321 kms",0.3932277985732975,1591 cc,5 Seats,False,False,False,True,True,True,False,False,False,False
4091,1881,13 Lakh,"81,000 kms",0.1386205360646435,1399 cc,5 Seats,True,False,False,False,False,False,True,False,False,False
790,576,6.49 Lakh,"49,613 kms",0.3932277985732975,1461 cc,5 Seats,False,False,False,True,True,True,False,False,False,False
2673,1205,2.99 Lakh,"54,842 kms",-0.6252012514613183,1497 cc,5 Seats,False,False,False,True,True,False,True,False,False,False
461,1855,10.45 Lakh,"26,000 kms",1.4116568486079133,2987 cc,5 Seats,False,False,False,True,True,True,False,False,False,False
4854,321,2.76 Lakh,"1,29,760 kms",-1.643630301495934,1396 cc,5 Seats,False,False,False,True,True,False,True,False,False,False
551,923,10.60 Lakh,"42,923 kms",0.9024423235906056,1591 cc,5 Seats,True,False,False,False,True,True,False,False,False,False
5181,61,19.71 Lakh,"55,525 kms",-0.3705939889526643,1086 cc,5 Seats,True,False,False,False,False,True,False,False,False,False
1643,666,7.65 Lakh,"30,000 kms",0.3932277985732975,1396 cc,5 Seats,False,False,False,True,True,True,False,False,False,False
1983,1743,30 Lakh,"73,500 kms",0.6478350610819515,1497 cc,5 Seats,True,False,False,False,False,True,False,False,False,False
198,834,3 Lakh,"1,10,000 kms",-1.643630301495934,2523 cc,7 Seats,True,False,False,False,True,False,False,True,False,False
3128,987,1 Lakh,"70,000 kms",-1.3890230389872802,4461 cc,8 Seats,False,False,False,True,True,True,False,False,False,False
4074,1355,89 Lakh,"13,000 kms",1.4116568486079133,1197 cc,5 Seats,True,False,False,False,False,True,False,False,False,False
402,348,5.75 Lakh,"73,000 kms",-0.6252012514613183,1497 cc,5 Seats,False,False,False,True,True,True,False,False,False,False
3706,1350,43.75 Lakh,"27,000 kms",0.6478350610819515,2143 cc,5 Seats,False,False,False,True,False,True,False,False,False,False
2576,1403,3.25 Lakh,"16,937 kms",0.3932277985732975,1197 cc,5 Seats,False,False,False,True,False,True,False,False,False,False
5252,86,28.10 Lakh,"68,753 kms",0.9024423235906056,1956 cc,5 Seats,False,False,False,True,False,False,True,False,False,False
2451,1190,7.75 Lakh,"71,250 kms",0.3932277985732975,1197 cc,5 Seats,True,False,False,False,True,True,False,False,False,False
4652,1590,10.51 Lakh,"90,000 kms",0.3932277985732975,1598 cc,5 Seats,True,False,False,False,False,True,False,False,False,False
4922,479,4.60 Lakh,"45,000 kms",0.9024423235906056,2499 cc,5 Seats,False,False,False,True,True,True,False,False,False,False
650,1329,20.25 Lakh,"30,000 kms",-0.1159867264440103,1591 cc,5 Seats,True,False,False,False,False,False,True,False,False,False
4664,1204,4 Lakh,"1,00,000 kms",-0.3705939889526643,1461 cc,5 Seats,True,False,False,False,True,True,False,False,False,False
708,348,3.99 Lakh,"47,330 kms",-0.6252012514613183,1498 cc,5 Seats,False,False,False,True,True,True,False,False,False,False
4570,635,2.23 Lakh,"98,223 kms",-0.8798085139699723,1198 cc,5 Seats,False,False,False,True,True,False,True,False,False,False
5422,1294,66 Lakh,"12,000 kms",0.1386205360646435,2967 cc,5 Seats,True,False,False,False,False,True,False,False,False,False
4868,1502,3.41 Lakh,"95,884 kms",-0.6252012514613183,1248 cc,5 Seats,True,False,False,False,True,False,True,False,False,False
4467,1089,7 Lakh,"1,57,000 kms",0.3932277985732975,2982 cc,5 Seats,True,False,False,False,True,True,False,False,False,False
2225,1063,6.75 Lakh,"90,623 kms",-0.3705939889526643,2755 cc,7 Seats,False,False,False,True,True,True,False,False,False,False
1424,1158,5.64 Lakh,"76,036 kms",0.6478350610819515,1968 cc,5 Seats,False,False,False,True,False,False,True,False,False,False
1216,1337,76.25 Lakh,"2,000 kms",1.6662641111165672,1950 cc,5 Seats,True,False,False,False,False,True,False,False,False,False
2559,460,3.57 Lakh,"5,000 kms",0.6478350610819515,1198 cc,5 Seats,False,False,False,True,True,True,False,False,False,False
3815,937,15.50 Lakh,"30,000 kms",0.9024423235906056,998 cc,5 Seats,True,False,False,False,True,True,False,False,False,False
314,762,13.49 Lakh,"17,922 kms",1.1570495860992591,1497 cc,5 Seats,False,False,False,True,True,True,False,False,False,False
2321,1861,5.10 Lakh,"1,70,000 kms",-0.1159867264440103,1896 cc,5 Seats,True,False,False,False,True,True,False,False,False,False
1427,548,9.82 Lakh,"64,104 kms",0.9024423235906056,1582 cc,5 Seats,True,False,False,False,True,True,False,False,False,False
2389,653,3.90 Lakh,"66,070 kms",-1.1344157764786262,1497 cc,5 Seats,False,False,False,True,True,True,False,False,False,False
4935,1256,1.30 Lakh,"40,000 kms",-1.643630301495934,796 cc,5 Seats,False,False,False,True,True,False,True,False,False,False
113,270,4.50 Lakh,"30,000 kms",-0.1159867264440103,1198 cc,5 Seats,False,False,False,True,True,True,False,False,False,False
960,859,4.90 Lakh,"1,00,000 kms",-2.916666614039204,2179 cc,8 Seats,True,False,False,False,True,True,False,False,False,False
4943,594,15.50 Lakh,"32,000 kms",1.4116568486079133,998 cc,7 Seats,True,False,False,False,False,True,False,False,False,False
5231,1355,89 Lakh,"13,000 kms",1.4116568486079133,2993 cc,4 Seats,True,False,False,False,False,True,False,False,False,False
1114,554,10.53 Lakh,"26,684 kms",0.9024423235906056,1199 cc,5 Seats,False,False,False,True,False,False,True,False,False,False
5377,1182,3.50 Lakh,"1,20,000 kms",-1.1344157764786262,999 cc,7 Seats,True,False,False,False,True,True,False,False,False,False
5511,62,31.90 Lakh,"42,000 kms",0.3932277985732975,1991 cc,5 Seats,True,False,False,False,False,False,True,False,False,False
2348,646,2.95 Lakh,"90,000 kms",-1.1344157764786262,1398 cc,7 Seats,False,False,False,True,True,False,True,False,False,False
3874,990,1 Lakh,"60,000 kms",-1.898237564004588,1248 cc,5 Seats,False,False,False,True,True,False,False,True,False,False
1717,986,3.30 Lakh,"50,000 kms",-0.1159867264440103,2993 cc,5 Seats,False,False,False,True,False,True,False,False,False,False
4121,1683,2.83 Lakh,"90,000 kms",0.1386205360646435,1993 cc,6 Seats,False,False,False,True,True,True,False,False,False,False
4995,1722,7.59 Lakh,"1,25,981 kms",-0.3705939889526643,1197 cc,5 Seats,False,False,False,True,False,True,False,False,False,False
1662,1001,5.60 Lakh,"5,60,000 kms",0.3932277985732975,1199 cc,5 Seats,False,False,False,True,True,True,False,False,False,False
3176,366,1.80 Lakh,"50,546 kms",-1.898237564004588,1172 cc,5 Seats,False,False,False,True,True,False,True,False,False,False
1634,371,7 Lakh,"41,000 kms",0.6478350610819515,1197 cc,5 Seats,False,False,False,True,True,True,False,False,False,False
3803,674,4.38 Lakh,"1,63,925 kms",-0.1159867264440103,998 cc,5 Seats,True,False,False,False,True,True,False,False,False,False
2458,116,8.97 Lakh,"91,649 kms",0.1386205360646435,1248 cc,5 Seats,True,False,False,False,True,True,False,False,False,False
2380,484,6 Lakh,"15,000 kms",0.9024423235906056,993 cc,5 Seats,False,False,False,True,True,True,False,False,False,False
2574,341,4 Lakh,"52,314 kms",-0.3705939889526643,1498 cc,5 Seats,True,False,False,False,True,True,False,False,False,False
326,1792,28.50 Lakh,"47,000 kms",1.1570495860992591,2393 cc,7 Seats,True,False,False,False,False,True,False,False,False,False
604,1730,5.45 Lakh,"75,000 kms",0.1386205360646435,998 cc,5 Seats,True,False,False,False,True,True,False,False,False,False
4615,1211,5.68 Lakh,"22,511 kms",1.1570495860992591,1199 cc,7 Seats,False,False,False,True,True,True,False,False,False,False
3661,1737,2.65 Lakh,"80,000 kms",-0.6252012514613183,1582 cc,5 Seats,True,False,False,False,True,True,False,False,False,False
4520,325,2.90 Lakh,"1,20,000 kms",-1.898237564004588,1493 cc,5 Seats,False,False,False,True,True,False,True,False,False,False
5089,708,6.45 Lakh,"85,906 kms",0.9024423235906056,793 cc,5 Seats,False,False,False,True,True,True,False,False,False,False
4774,131,"73,784 ","74,008 kms",-1.898237564004588,1198 cc,7 Seats,False,False,False,True,True,False,False,False,True,False
1877,637,1.90 Lakh,"60,000 kms",-1.898237564004588,998 cc,5 Seats,False,False,False,True,True,True,False,False,False,False
1786,427,13.50 Lakh,"36,000 kms",0.6478350610819515,1498 cc,5 Seats,False,False,False,True,True,True,False,False,False,False
1288,1427,6.95 Lakh,"40,000 kms",0.1386205360646435,1198 cc,5 Seats,True,False,False,False,False,False,True,False,False,False
4073,1348,56.50 Lakh,"24,000 kms",1.1570495860992591,998 cc,5 Seats,True,False,False,False,False,True,False,False,False,False
3464,1150,2.10 Lakh,"19,844 kms",-1.898237564004588,1498 cc,5 Seats,False,False,False,True,True,True,False,False,False,False
1957,1425,5.75 Lakh,"73,000 kms",-0.1159867264440103,1197 cc,5 Seats,True,False,False,False,True,True,False,False,False,False
4758,933,8.50 Lakh,"66,000 kms",-0.1159867264440103,1498 cc,5 Seats,True,False,False,False,True,True,False,False,False,False
4030,571,3.45 Lakh,"42,078 kms",-0.8798085139699723,1197 cc,5 Seats,False,False,False,True,True,False,False,True,False,False
2053,1210,4.50 Lakh,"50,000 kms",0.1386205360646435,1197 cc,5 Seats,False,False,False,True,True,False,True,False,False,False
5058,1433,4.50 Lakh,"42,900 kms",-0.3705939889526643,1199 cc,7 Seats,True,False,False,False,True,False,False,True,False,False
2617,1616,1.10 Lakh,"1,20,000 kms",-1.3890230389872802,1461 cc,5 Seats,True,False,False,False,True,False,False,True,False,False
789,1826,6.50 Lakh,"58,000 kms",-1.1344157764786262,1591 cc,5 Seats,True,False,False,False,False,False,True,False,False,False
1626,176,5.90 Lakh,"56,000 kms",-0.3705939889526643,1461 cc,5 Seats,False,False,False,True,True,True,False,False,False,False
3247,191,6.35 Lakh,"49,320 kms",0.3932277985732975,796 cc,5 Seats,False,False,False,True,True,True,False,False,False,False
3482,1790,19.13 Lakh,"46,471 kms",1.1570495860992591,1086 cc,5 Seats,True,False,False,False,True,False,True,False,False,False
2091,998,6.40 Lakh,"25,000 kms",0.3932277985732975,999 cc,5 Seats,False,False,False,True,False,True,False,False,False,False
321,1100,8.92 Lakh,"75,727 kms",0.9024423235906056,1248 cc,7 Seats,True,False,False,False,True,True,False,False,False,False
871,1446,3 Lakh,"45,200 kms",0.1386205360646435,2993 cc,5 Seats,False,False,False,True,False,False,True,False,False,False
169,705,6.25 Lakh,"72,000 kms",0.1386205360646435,1396 cc,5 Seats,True,False,False,False,True,True,False,False,False,False
1902,1266,3.54 Lakh,"6,830 kms",-0.3705939889526643,814 cc,5 Seats,False,False,False,True,True,True,False,False,False,False
2462,1565,3.15 Lakh,"1,33,659 kms",0.1386205360646435,1497 cc,5 Seats,True,False,False,False,True,False,True,False,False,False
1892,388,8.90 Lakh,"24,774 kms",1.4116568486079133,999 cc,5 Seats,False,False,False,True,True,True,False,False,False,False
3820,641,2.30 Lakh,"90,000 kms",-0.8798085139699723,998 cc,7 Seats,False,False,False,True,True,True,False,False,False,False
4326,948,4.46 Lakh,"91,480 kms",-0.8798085139699723,1197 cc,5 Seats,True,False,False,False,True,True,False,False,False,False
5165,979,1.34 Lakh,"1,27,866 kms",-1.3890230389872802,1498 cc,5 Seats,False,False,False,False,True,True,False,False,False,False
73,1457,2.75 Lakh,"47,000 kms",0.6478350610819515,799 cc,5 Seats,False,False,False,True,True,True,False,False,False,False
420,813,17.95 Lakh,"13,000 kms",1.1570495860992591,1451 cc,5 Seats,False,False,False,True,False,True,False,False,False,False
2945,1002,5.58 Lakh,"57,256 kms",0.3932277985732975,2179 cc,5 Seats,True,False,False,False,True,True,False,False,False,False
1926,1008,7.50 Lakh,"80,000 kms",0.6478350610819515,2354 cc,5 Seats,True,False,False,False,True,True,False,False,False,False
3653,1171,2.99 Lakh,"1,20,000 kms",-0.6252012514613183,1248 cc,5 Seats,True,False,False,False,True,True,False,False,False,False
92,951,20.91 Lakh,"20,000 kms",1.6662641111165672,2198 cc,5 Seats,True,False,False,False,False,True,False,False,False,False
5043,813,16.15 Lakh,"31,752 kms",0.9024423235906056,998 cc,5 Seats,False,False,False,True,False,True,False,False,False,False
1623,1099,7.40 Lakh,"78,000 kms",-0.6252012514613183,1497 cc,7 Seats,True,False,False,False,True,True,False,False,False,False
2834,836,4 Lakh,"50,000 kms",-0.6252012514613183,1999 cc,5 Seats,True,False,False,False,True,False,False,True,False,False
4356,73,55.80 Lakh,"20,800 kms",0.9024423235906056,1582 cc,5 Seats,False,False,False,True,False,True,False,False,False,False
5104,1125,1.79 Lakh,"74,727 kms",-1.643630301495934,1498 cc,5 Seats,False,False,False,True,True,True,False,False,False,False
3494,999,4.82 Lakh,"21,109 kms",0.3932277985732975,1498 cc,5 Seats,False,False,False,True,True,True,False,False,False,False
2622,1183,6.10 Lakh,"30,000 kms",1.1570495860992591,2179 cc,5 Seats,False,False,False,True,True,True,False,False,False,False
2585,1477,3 Lakh,"67,000 kms",-0.6252012514613183,1248 cc,5 Seats,True,False,False,False,True,False,False,False,True,False
2749,1157,5.55 Lakh,"34,000 kms",0.9024423235906056,1198 cc,5 Seats,False,False,False,True,False,True,False,False,False,False
494,1099,5.95 Lakh,"1,10,000 kms",-0.6252012514613183,2179 cc,7 Seats,True,False,False,False,True,False,True,False,False,False
1375,932,11.24 Lakh,"44,081 kms",0.3932277985732975,1248 cc,5 Seats,True,False,False,False,True,True,False,False,False,False
3795,662,2 Lakh,"1,33,295 kms",-1.1344157764786262,1498 cc,5 Seats,True,False,False,False,True,False,True,False,False,False
2646,268,2.80 Lakh,"60,000 kms",-0.3705939889526643,1396 cc,5 Seats,True,False,False,False,True,False,True,False,False,False
4437,1256,2.20 Lakh,"73,000 kms",-1.3890230389872802,1497 cc,5 Seats,False,False,False,True,True,False,True,False,False,False
1164,931,8.90 Lakh,"65,000 kms",-0.1159867264440103,1493 cc,5 Seats,True,False,False,False,True,True,False,False,False,False
1745,1717,9.26 Lakh,"70,000 kms",-0.1159867264440103,999 cc,5 Seats,False,False,False,True,False,False,True,False,False,False
1270,347,7.75 Lakh,"64,000 kms",0.1386205360646435,1451 cc,5 Seats,False,False,False,True,False,True,False,False,False,False
3106,900,4.90 Lakh,"1,20,000 kms",0.1386205360646435,1298 cc,5 Seats,True,False,False,False,True,True,False,False,False,False
2099,1252,3.15 Lakh,"1,00,000 kms",-0.6252012514613183,796 cc,5 Seats,False,False,False,False,True,True,False,False,False,False
3698,1180,6.25 Lakh,"40,000 kms",0.6478350610819515,1995 cc,5 Seats,True,False,False,False,True,True,False,False,False,False
3942,652,2.06 Lakh,"1,16,623 kms",-0.8798085139699723,814 cc,5 Seats,False,False,False,True,True,False,True,False,False,False
618,152,2.24 Lakh,"39,520 kms",-0.6252012514613183,2498 cc,5 Seats,False,False,False,True,True,True,False,False,False,False
4726,633,2.57 Lakh,"84,561 kms",-0.6252012514613183,1199 cc,5 Seats,False,False,False,True,True,False,True,False,False,False
2236,618,4.50 Lakh,"1,20,000 kms",-0.3705939889526643,1497 cc,5 Seats,False,False,False,True,True,False,True,False,False,False
124,1234,9.50 Lakh,"37,000 kms",0.6478350610819515,1248 cc,5 Seats,True,False,False,False,True,True,False,False,False,False
1813,1301,8 Lakh,"90,000 kms",-1.898237564004588,2143 cc,5 Seats,False,False,False,True,False,False,True,False,False,False
2231,1206,4.50 Lakh,"1,10,000 kms",-0.6252012514613183,1199 cc,7 Seats,True,False,False,False,True,False,True,False,False,False
3870,1433,3.80 Lakh,"1,20,000 kms",-0.3705939889526643,1493 cc,5 Seats,True,False,False,False,True,True,False,False,False,False
1741,226,4 Lakh,"90,000 kms",0.1386205360646435,1497 cc,5 Seats,True,False,False,False,True,False,True,False,False,False
2603,1477,2.50 Lakh,"6,400 kms",-0.6252012514613183,1197 cc,7 Seats,True,False,False,False,True,False,True,False,False,False
5146,1058,6.52 Lakh,"49,391 kms",0.6478350610819515,1197 cc,5 Seats,False,False,False,True,True,True,False,False,False,False
2499,829,4.50 Lakh,"1,76,000 kms",0.3932277985732975,1598 cc,5 Seats,True,False,False,False,True,True,False,False,False,False
4119,1324,9.89 Lakh,"1,80,000 kms",-0.8798085139699723,1396 cc,7 Seats,True,False,False,False,False,True,False,False,False,False
869,1361,1.17 Crore,"15,000 kms",1.1570495860992591,999 cc,5 Seats,True,False,False,False,False,False,True,False,False,False
3648,1266,2.40 Lakh,"50,000 kms",-0.6252012514613183,2179 cc,5 Seats,False,False,False,True,True,True,False,False,False,False
1042,1284,1.31 Lakh,"1,05,209 kms",-1.643630301495934,1248 cc,5 Seats,False,False,False,True,True,True,False,False,False,False
3948,550,8.53 Lakh,"37,938 kms",0.9024423235906056,1197 cc,7 Seats,False,False,False,True,True,True,False,False,False,False
4390,334,13.47 Lakh,"6,144 kms",1.4116568486079133,1497 cc,5 Seats,False,False,False,True,False,True,False,False,False,False
356,489,6.75 Lakh,"27,311 kms",0.3932277985732975,1197 cc,5 Seats,False,False,False,True,True,False,True,False,False,False
1162,1318,41 Lakh,"26,500 kms",0.9024423235906056,2179 cc,7 Seats,True,False,False,False,False,True,False,False,False,False
4204,1375,34.50 Lakh,"40,000 kms",0.3932277985732975,1498 cc,5 Seats,False,False,False,True,False,False,True,False,False,False
5025,1545,12.95 Lakh,"6,090 kms",1.6662641111165672,1197 cc,5 Seats,False,False,False,True,False,True,False,False,False,False
1755,63,21 Lakh,"68,500 kms",-0.3705939889526643,999 cc,5 Seats,True,False,False,False,False,False,False,False,True,False
2364,401,"99,000 ","1,20,000 kms",-2.66205935153055,1399 cc,5 Seats,True,False,False,False,True,False,True,False,False,False
1881,712,8 Lakh,"80,000 kms",-0.3705939889526643,1582 cc,5 Seats,True,False,False,False,True,False,False,True,False,False
3077,976,3 Lakh,"70,000 kms",0.9024423235906056,2987 cc,5 Seats,False,False,False,True,True,True,False,False,False,False
5108,1087,5.92 Lakh,"52,932 kms",0.9024423235906056,998 cc,5 Seats,False,False,False,True,True,True,False,False,False,False
2227,1797,27.30 Lakh,"71,000 kms",0.9024423235906056,2197 cc,5 Seats,True,False,False,False,False,True,False,False,False,False
579,112,2.45 Lakh,"61,000 kms",-0.3705939889526643,1991 cc,5 Seats,False,False,False,True,True,True,False,False,False,False
4257,1577,19.22 Lakh,"20,499 kms",1.1570495860992591,814 cc,5 Seats,True,False,False,False,True,True,False,False,False,False
4604,1211,5.48 Lakh,"51,371 kms",0.9024423235906056,799 cc,5 Seats,False,False,False,True,True,True,False,False,False,False
4387,931,7.95 Lakh,"50,179 kms",-0.1159867264440103,799 cc,5 Seats,True,False,False,False,True,False,True,False,False,False
2653,650,2.25 Lakh,"53,128 kms",-1.1344157764786262,998 cc,5 Seats,False,False,False,True,True,True,False,False,False,False
1691,990,1.85 Lakh,"19,521 kms",-1.898237564004588,2393 cc,7 Seats,False,False,False,True,True,True,False,False,False,False
4444,320,3.50 Lakh,"92,000 kms",-1.3890230389872802,1197 cc,5 Seats,False,False,False,True,False,False,True,False,False,False
3424,1086,9.06 Lakh,"55,481 kms",1.1570495860992591,998 cc,7 Seats,False,False,False,False,True,True,False,False,False,False
3450,179,5.33 Lakh,"1,12,525 kms",-0.1159867264440103,1956 cc,7 Seats,True,False,False,False,True,True,False,False,False,False
332,193,11.85 Lakh,"31,000 kms",1.1570495860992591,1497 cc,5 Seats,False,False,False,True,False,True,False,False,False,False
2022,545,10.48 Lakh,"14,801 kms",1.1570495860992591,998 cc,5 Seats,True,False,False,False,True,True,False,False,False,False
5373,692,3.20 Lakh,"1,00,000 kms",-0.8798085139699723,1248 cc,5 Seats,True,False,False,False,True,False,True,False,False,False
3715,89,61.75 Lakh,"18,000 kms",1.4116568486079133,1396 cc,5 Seats,False,False,False,True,False,True,False,False,False,False
1258,1455,5.25 Lakh,"18,270 kms",1.6662641111165672,1373 cc,5 Seats,False,False,False,True,False,True,False,False,False,False
4272,14,45.90 Lakh,"12,000 kms",1.4116568486079133,1497 cc,5 Seats,False,False,False,True,False,True,False,False,False,False
1451,303,2.65 Lakh,"25,000 kms",-0.8798085139699723,1995 cc,4 Seats,False,False,False,True,True,True,False,False,False,False
2346,1092,6.50 Lakh,"70,000 kms",-0.1159867264440103,2982 cc,5 Seats,True,False,False,False,True,False,True,False,False,False
1116,1683,3.77 Lakh,"96,392 kms",0.3932277985732975,2179 cc,7 Seats,False,False,False,True,True,True,False,False,False,False
1541,631,2.21 Lakh,"60,000 kms",-0.8798085139699723,2523 cc,7 Seats,False,False,False,True,True,True,False,False,False,False
2337,808,21.50 Lakh,"8,000 kms",1.6662641111165672,1493 cc,5 Seats,True,False,False,False,True,True,False,False,False,False
4205,1206,5.64 Lakh,"53,297 kms",0.6478350610819515,1999 cc,5 Seats,True,False,False,False,True,True,False,False,False,False
3044,1266,1.90 Lakh,"1,00,000 kms",-1.1344157764786262,1396 cc,4 Seats,False,False,False,True,True,True,False,False,False,False
4280,476,3.30 Lakh,"79,500 kms",0.1386205360646435,1197 cc,5 Seats,True,False,False,False,True,True,False,False,False,False
3958,949,9.74 Lakh,"94,165 kms",0.3932277985732975,2982 cc,5 Seats,True,False,False,False,True,True,False,False,False,False
3034,1709,40.90 Lakh,"20,000 kms",0.9024423235906056,2179 cc,5 Seats,False,False,False,True,False,True,False,False,False,False
1973,1257,1.21 Lakh,"74,228 kms",-1.898237564004588,1197 cc,5 Seats,False,False,True,False,True,True,False,False,False,False
445,117,6.95 Lakh,"68,000 kms",-0.3705939889526643,1998 cc,5 Seats,True,False,False,False,False,False,True,False,False,False
4624,1362,28.50 Lakh,"38,000 kms",-0.1159867264440103,1498 cc,5 Seats,True,False,False,False,False,False,True,False,False,False
3185,630,1.49 Lakh,"21,046 kms",-1.643630301495934,1364 cc,5 Seats,False,False,False,True,True,True,False,False,False,False
5367,1126,3 Lakh,"1,00,000 kms",0.1386205360646435,1248 cc,5 Seats,False,False,False,True,True,False,True,False,False,False
1413,105,"90,000 ","78,000 kms",-1.643630301495934,1248 cc,7 Seats,False,False,False,True,True,False,True,False,False,False
452,940,6.50 Lakh,"1,20,000 kms",-0.3705939889526643,2179 cc,7 Seats,True,False,False,False,True,False,True,False,False,False
4878,392,4.56 Lakh,"65,281 kms",-0.1159867264440103,1197 cc,8 Seats,True,False,False,False,True,False,True,False,False,False
4247,1180,4.28 Lakh,"1,11,298 kms",-0.1159867264440103,1998 cc,5 Seats,True,False,False,False,True,False,True,False,False,False
5366,1370,47.75 Lakh,"13,000 kms",-0.3705939889526643,2993 cc,5 Seats,True,False,False,False,False,False,True,False,False,False
2820,965,"85,000 ","50,000 kms",-0.8798085139699723,1497 cc,5 Seats,False,False,False,True,True,False,True,False,False,False
4794,1851,21 Lakh,"56,500 kms",0.6478350610819515,1598 cc,5 Seats,True,False,False,False,False,True,False,False,False,False
14,330,10.03 Lakh,"38,906 kms",1.1570495860992591,1498 cc,5 Seats,False,False,False,True,True,True,False,False,False,False
4709,1683,3.52 Lakh,"52,328 kms",0.1386205360646435,2179 cc,5 Seats,False,False,False,True,True,False,True,False,False,False
4213,48,1.75 Crore,"7,100 kms",1.4116568486079133,3996 cc,5 Seats,False,False,False,True,False,True,False,False,False,False
945,964,"55,000 ","30,000 kms",-3.425881139056512,796 cc,7 Seats,False,False,False,True,True,True,False,False,False,False
5263,1317,36.50 Lakh,"16,500 kms",0.6478350610819515,1968 cc,5 Seats,False,False,False,True,False,True,False,False,False,False
3410,460,1.84 Lakh,"28,508 kms",-0.6252012514613183,1373 cc,5 Seats,False,False,False,True,True,True,False,False,False,False
247,399,6.90 Lakh,"23,000 kms",0.6478350610819515,1199 cc,5 Seats,False,False,False,True,True,True,False,False,False,False
3904,708,5.65 Lakh,"35,000 kms",0.9024423235906056,1591 cc,5 Seats,False,False,False,True,True,False,True,False,False,False
360,1744,32 Lakh,"90,479 kms",0.6478350610819515,2755 cc,7 Seats,True,False,False,False,False,True,False,False,False,False
3309,1589,10.21 Lakh,"57,366 kms",0.3932277985732975,1199 cc,5 Seats,True,False,False,False,True,True,False,False,False,False
5387,757,17.25 Lakh,"25,000 kms",1.1570495860992591,1498 cc,5 Seats,False,False,False,True,False,False,True,False,False,False
1776,935,17 Lakh,"46,952 kms",0.9024423235906056,1598 cc,5 Seats,True,False,False,False,False,True,False,False,False,False
3799,636,1.52 Lakh,"55,077 kms",-1.643630301495934,1497 cc,5 Seats,False,False,False,True,True,False,True,False,False,False
4122,309,2 Lakh,"1,20,000 kms",-2.66205935153055,1956 cc,5 Seats,False,False,False,True,False,False,False,True,False,False
2788,313,22.50 Lakh,"25,000 kms",1.1570495860992591,2498 cc,5 Seats,False,False,False,True,False,True,False,False,False,False
3716,1320,16 Lakh,"56,000 kms",-0.1159867264440103,1498 cc,5 Seats,True,False,False,False,False,False,True,False,False,False
3842,321,2.75 Lakh,"60,000 kms",-1.3890230389872802,1373 cc,5 Seats,False,False,False,True,True,False,True,False,False,False
2638,104,1.65 Lakh,"80,000 kms",-2.1528448265132423,998 cc,5 Seats,False,False,False,True,True,True,False,False,False,False
1592,698,7.90 Lakh,"24,000 kms",0.9024423235906056,1298 cc,5 Seats,False,False,False,True,True,True,False,False,False,False
1723,1442,12.50 Lakh,"10,000 kms",1.4116568486079133,1598 cc,5 Seats,False,False,False,True,False,False,True,False,False,False
5262,818,21.10 Lakh,"38,000 kms",1.1570495860992591,2755 cc,5 Seats,False,True,False,False,False,True,False,False,False,False
4316,1206,2.88 Lakh,"1,03,992 kms",-0.8798085139699723,998 cc,7 Seats,True,False,False,False,True,True,False,False,False,False
1919,701,4.47 Lakh,"61,000 kms",-0.3705939889526643,1248 cc,5 Seats,False,False,False,True,True,True,False,False,False,False
5383,1028,4.50 Lakh,"50,000 kms",0.9024423235906056,1462 cc,5 Seats,False,False,False,True,True,False,True,False,False,False
1890,324,4.25 Lakh,"97,320 kms",-0.8798085139699723,1199 cc,5 Seats,False,False,False,True,True,True,False,False,False,False
3455,52,5.19 Lakh,"1,45,228 kms",-1.3890230389872802,2993 cc,5 Seats,True,False,False,False,False,True,False,False,False,False
490,1754,16.75 Lakh,"2,20,000 kms",-0.3705939889526643,1197 cc,7 Seats,True,False,False,False,True,False,True,False,False,False
4129,805,21 Lakh,"10,000 kms",1.6662641111165672,2925 cc,5 Seats,True,False,False,False,True,True,False,False,False,False
862,1006,8.40 Lakh,"3,731 kms",1.4116568486079133,1493 cc,6 Seats,False,False,False,True,True,True,False,False,False,False
1006,319,2.48 Lakh,"1,14,361 kms",-1.643630301495934,1198 cc,5 Seats,False,False,False,True,True,False,False,False,False,True
2678,992,1.14 Lakh,"42,919 kms",-1.3890230389872802,1591 cc,5 Seats,False,False,False,True,True,True,False,False,False,False
1383,554,10.53 Lakh,"26,684 kms",0.9024423235906056,1199 cc,5 Seats,False,False,False,True,False,False,True,False,False,False
5182,1737,2.92 Lakh,"1,54,913 kms",-0.6252012514613183,998 cc,5 Seats,True,False,False,False,True,True,False,False,False,False
3912,1617,1.10 Lakh,"80,000 kms",-1.643630301495934,1596 cc,5 Seats,True,False,False,False,True,False,True,False,False,False
3340,1425,4 Lakh,"1,20,000 kms",-0.1159867264440103,1197 cc,5 Seats,True,False,False,False,True,True,False,False,False,False
5251,795,39.75 Lakh,"95,004 kms",-0.6252012514613183,1956 cc,5 Seats,True,False,False,False,False,True,False,False,False,False
1362,1048,12.43 Lakh,"3,925 kms",1.6662641111165672,1197 cc,5 Seats,False,False,False,True,False,True,False,False,False,False
3881,1221,3.79 Lakh,"1,20,000 kms",-0.3705939889526643,1461 cc,5 Seats,True,False,False,False,True,True,False,False,False,False
506,695,7.75 Lakh,"63,000 kms",1.1570495860992591,1797 cc,5 Seats,False,False,False,True,True,True,False,False,False,False
1417,549,10.24 Lakh,"24,237 kms",1.6662641111165672,1199 cc,5 Seats,True,False,False,False,True,True,False,False,False,False
3941,154,3.32 Lakh,"12,179 kms",-0.1159867264440103,998 cc,5 Seats,False,False,False,True,True,True,False,False,False,False
25,981,2.23 Lakh,"62,361 kms",-0.3705939889526643,998 cc,5 Seats,False,False,False,True,True,True,False,False,False,False
5421,653,2.55 Lakh,"1,00,000 kms",-0.8798085139699723,998 cc,5 Seats,False,False,False,True,True,False,True,False,False,False
2594,822,8.50 Lakh,"50,000 kms",1.1570495860992591,1199 cc,5 Seats,True,False,False,False,True,True,False,False,False,False
1222,1,25.80 Lakh,"39,000 kms",1.1570495860992591,1950 cc,5 Seats,True,False,False,False,False,True,False,False,False,False
3045,1766,6 Lakh,"1,20,000 kms",-0.6252012514613183,1950 cc,8 Seats,True,False,False,False,True,False,True,False,False,False
1113,421,11.30 Lakh,"66,518 kms",0.9024423235906056,1582 cc,5 Seats,True,False,False,False,True,False,True,False,False,False
2598,400,8.50 Lakh,"60,000 kms",0.9024423235906056,1197 cc,5 Seats,False,False,False,True,True,True,False,False,False,False
1552,1377,18.90 Lakh,"29,000 kms",-0.3705939889526643,1197 cc,5 Seats,True,False,False,False,False,False,True,False,False,False
4820,454,2.43 Lakh,"51,612 kms",-0.1159867264440103,998 cc,5 Seats,False,False,False,True,True,True,False,False,False,False
4260,166,3.92 Lakh,"41,717 kms",-0.1159867264440103,1968 cc,7 Seats,False,False,False,True,True,True,False,False,False,False
2276,145,2.50 Lakh,"30,000 kms",0.3932277985732975,1197 cc,5 Seats,False,False,False,True,True,False,True,False,False,False
5153,918,7.91 Lakh,"62,805 kms",1.1570495860992591,1197 cc,5 Seats,True,False,False,False,False,True,False,False,False,False
5420,319,2.55 Lakh,"1,54,000 kms",-1.1344157764786262,2982 cc,5 Seats,False,False,False,True,True,True,False,False,False,False
433,311,10 Lakh,"70,000 kms",-1.3890230389872802,1198 cc,5 Seats,False,False,False,True,False,True,False,False,False,False
5138,629,1.39 Lakh,"2,12,598 kms",-1.3890230389872802,1462 cc,5 Seats,False,False,False,True,True,False,False,False,True,False
3826,543,8 Lakh,"10,000 kms",1.4116568486079133,1956 cc,5 Seats,False,False,False,True,True,True,False,False,False,False
5036,1663,8.84 Lakh,"4,531 kms",1.6662641111165672,1198 cc,7 Seats,False,False,False,True,True,True,False,False,False,False
3431,1026,4.28 Lakh,"84,346 kms",0.6478350610819515,1968 cc,5 Seats,False,False,False,False,True,True,False,False,False,False
2521,1046,5.50 Lakh,"4,30,000 kms",-0.1159867264440103,1498 cc,5 Seats,False,False,False,True,False,True,False,False,False,False
5045,972,1.88 Lakh,"71,596 kms",-0.1159867264440103,1197 cc,5 Seats,False,False,False,True,True,False,False,True,False,False
5341,1778,9.80 Lakh,"1,10,000 kms",-0.1159867264440103,1396 cc,5 Seats,True,False,False,False,True,True,False,False,False,False
3836,1206,2.80 Lakh,"1,20,000 kms",-0.8798085139699723,998 cc,5 Seats,True,False,False,False,True,True,False,False,False,False
2571,328,3.50 Lakh,"55,000 kms",-0.6252012514613183,1997 cc,5 Seats,False,False,False,True,True,True,False,False,False,False
5337,1227,6 Lakh,"1,25,000 kms",0.3932277985732975,1047 cc,7 Seats,True,False,False,False,True,False,True,False,False,False
4541,1101,10.40 Lakh,"83,000 kms",0.9024423235906056,1197 cc,5 Seats,False,False,False,True,True,True,False,False,False,False
1102,984,3.15 Lakh,"30,555 kms",0.1386205360646435,1197 cc,5 Seats,False,False,False,True,True,True,False,False,False,False
3839,623,5.64 Lakh,"20,000 kms",0.9024423235906056,1150 cc,5 Seats,False,False,False,True,True,True,False,False,False,False
411,753,16.75 Lakh,"40,000 kms",0.9024423235906056,1353 cc,5 Seats,False,False,False,True,False,True,False,False,False,False
3832,732,14 Lakh,"55,000 kms",0.6478350610819515,1197 cc,5 Seats,True,False,False,False,True,True,False,False,False,False
4376,1249,2.15 Lakh,"66,081 kms",-0.8798085139699723,1197 cc,5 Seats,False,False,False,True,True,True,False,False,False,False
156,480,4.90 Lakh,"40,000 kms",0.3932277985732975,1197 cc,5 Seats,False,False,False,True,True,True,False,False,False,False
3611,1830,3 Lakh,"90,000 kms",-0.1159867264440103,1199 cc,5 Seats,False,False,False,True,True,False,False,True,False,False
194,1056,6.25 Lakh,"55,000 kms",-0.1159867264440103,1248 cc,5 Seats,True,False,False,False,True,True,False,False,False,False
615,1884,13.25 Lakh,"33,000 kms",-0.3705939889526643,998 cc,5 Seats,True,False,False,False,False,False,True,False,False,False
643,488,3.90 Lakh,"28,148 kms",-0.3705939889526643,1199 cc,5 Seats,False,False,False,True,True,True,False,False,False,False
3699,143,2 Lakh,"60,000 kms",0.9024423235906056,1991 cc,4 Seats,False,False,False,True,True,False,False,True,False,False
2197,976,3.80 Lakh,"21,321 kms",0.6478350610819515,1997 cc,5 Seats,False,False,False,True,True,True,False,False,False,False
1068,635,2.25 Lakh,"30,675 kms",-1.1344157764786262,1199 cc,5 Seats,False,False,False,True,True,True,False,False,False,False
2080,1242,3.90 Lakh,"91,849 kms",-0.1159867264440103,1197 cc,5 Seats,False,False,False,False,True,True,False,False,False,False
5236,1617,1.50 Lakh,"80,000 kms",-0.8798085139699723,1595 cc,5 Seats,True,False,False,False,True,False,False,True,False,False
4815,1492,1.78 Lakh,"73,263 kms",-1.1344157764786262,2199 cc,5 Seats,False,False,False,True,True,False,True,False,False,False
3194,732,12.03 Lakh,"48,259 kms",0.6478350610819515,814 cc,4 Seats,True,False,False,False,True,False,False,True,False,False
4669,272,4.40 Lakh,"70,000 kms",-0.3705939889526643,2354 cc,5 Seats,False,False,False,True,True,False,True,False,False,False
4677,1869,1.90 Lakh,"1,10,000 kms",-1.1344157764786262,936 cc,5 Seats,True,False,False,False,True,False,False,True,False,False
330,1,25.80 Lakh,"39,000 kms",1.1570495860992591,1968 cc,5 Seats,True,False,False,False,False,True,False,False,False,False
3098,830,6 Lakh,"50,000 kms",0.6478350610819515,1248 cc,7 Seats,True,False,False,False,True,True,False,False,False,False
3195,1098,7.41 Lakh,"21,197 kms",0.9024423235906056,1497 cc,7 Seats,False,False,False,True,True,True,False,False,False,False
2650,417,7 Lakh,"94,000 kms",0.1386205360646435,1798 cc,5 Seats,True,False,False,False,True,True,False,False,False,False
622,54,26.74 Lakh,"36,000 kms",0.3932277985732975,1248 cc,5 Seats,True,False,False,False,False,True,False,False,False,False
2168,350,6.94 Lakh,"40,530 kms",0.1386205360646435,998 cc,5 Seats,False,False,False,True,True,True,False,False,False,False
1670,350,6.30 Lakh,"77,783 kms",0.1386205360646435,1493 cc,7 Seats,False,False,False,True,True,True,False,False,False,False
5071,389,3.93 Lakh,"81,355 kms",-0.3705939889526643,998 cc,5 Seats,True,False,False,False,True,False,False,True,False,False
483,192,10.85 Lakh,"15,509 kms",1.1570495860992591,1498 cc,5 Seats,False,False,False,True,False,False,True,False,False,False
3515,83,8.83 Lakh,"1,28,428 kms",-0.6252012514613183,2982 cc,5 Seats,True,False,False,False,False,False,True,False,False,False
2471,1003,6.68 Lakh,"57,304 kms",0.6478350610819515,1197 cc,5 Seats,True,False,False,False,True,False,True,False,False,False
3456,980,1.44 Lakh,"11,026 kms",-1.1344157764786262,796 cc,5 Seats,False,False,False,True,True,True,False,False,False,False
3268,1785,9.06 Lakh,"1,26,401 kms",0.3932277985732975,998 cc,5 Seats,True,False,False,False,True,False,True,False,False,False
3279,648,5.63 Lakh,"50,924 kms",0.6478350610819515,1197 cc,5 Seats,False,False,False,True,True,False,True,False,False,False
3671,458,1.85 Lakh,"60,000 kms",-0.8798085139699723,1298 cc,5 Seats,False,False,True,False,True,False,True,False,False,False
4821,1860,4.72 Lakh,"1,01,695 kms",-0.1159867264440103,1197 cc,5 Seats,True,False,False,False,False,False,False,True,False,False
755,912,17.75 Lakh,"36,398 kms",1.4116568486079133,998 cc,4 Seats,True,False,False,False,True,True,False,False,False,False
518,560,5.36 Lakh,"17,526 kms",-0.3705939889526643,1197 cc,5 Seats,False,False,False,True,True,True,False,False,False,False
4454,112,1.70 Lakh,"40,000 kms",-1.1344157764786262,1298 cc,5 Seats,False,False,False,True,True,True,False,False,False,False
32,504,4.91 Lakh,"35,424 kms",0.1386205360646435,1197 cc,5 Seats,False,False,False,True,True,True,False,False,False,False
5471,51,42 Lakh,"5,000 kms",1.4116568486079133,1997 cc,5 Seats,False,False,False,True,False,True,False,False,False,False
4343,1577,18.55 Lakh,"30,193 kms",1.4116568486079133,1493 cc,5 Seats,True,False,False,False,True,True,False,False,False,False
3260,1336,44 Lakh,"44,000 kms",0.3932277985732975,1396 cc,7 Seats,True,False,False,False,False,True,False,False,False,False
5086,1036,4.28 Lakh,"33,173 kms",0.6478350610819515,995 cc,5 Seats,False,False,False,True,True,True,False,False,False,False
1157,44,18.75 Lakh,"43,000 kms",-0.3705939889526643,1968 cc,5 Seats,True,False,False,False,False,False,True,False,False,False
2029,581,2 Lakh,"1,75,000 kms",-1.3890230389872802,1493 cc,5 Seats,True,False,False,False,True,False,False,True,False,False
4084,32,14.75 Lakh,"76,000 kms",0.1386205360646435,2400 cc,7 Seats,True,False,False,False,False,False,True,False,False,False
744,758,11.82 Lakh,"35,343 kms",1.4116568486079133,1995 cc,5 Seats,True,False,False,False,True,True,False,False,False,False
5079,1020,2.59 Lakh,"18,674 kms",-0.3705939889526643,1498 cc,5 Seats,False,False,False,True,True,True,False,False,False,False
2016,467,5.50 Lakh,"1,20,000 kms",-0.3705939889526643,1798 cc,5 Seats,True,False,False,False,True,False,False,True,False,False
5374,99,83 Lakh,"25,000 kms",1.1570495860992591,2967 cc,7 Seats,True,False,False,False,False,True,False,False,False,False
1705,385,7.89 Lakh,"22,000 kms",0.9024423235906056,1199 cc,5 Seats,False,False,False,True,False,True,False,False,False,False
3017,257,3.60 Lakh,"80,000 kms",-0.1159867264440103,1950 cc,5 Seats,False,False,False,True,True,False,False,True,False,False
4498,1803,1.75 Lakh,"1,20,000 kms",-3.680488401565166,1493 cc,5 Seats,True,False,False,False,True,False,False,True,False,False
1818,1810,11 Lakh,"5,000 kms",1.1570495860992591,1197 cc,5 Seats,False,False,False,True,False,True,False,False,False,False
3262,1336,43.50 Lakh,"39,000 kms",0.3932277985732975,2393 cc,5 Seats,True,False,False,False,False,True,False,False,False,False
5209,1682,4.23 Lakh,"34,121 kms",0.6478350610819515,1199 cc,5 Seats,False,False,False,True,True,False,True,False,False,False
103,476,5.50 Lakh,"83,000 kms",0.3932277985732975,1186 cc,5 Seats,True,False,False,False,True,True,False,False,False,False
3447,1023,2.49 Lakh,"75,088 kms",-0.3705939889526643,998 cc,5 Seats,False,False,False,True,True,True,False,False,False,False
2226,588,2.30 Lakh,"1,00,000 kms",-1.898237564004588,1248 cc,5 Seats,True,False,False,False,True,False,True,False,False,False
783,372,4.65 Lakh,"46,149 kms",-0.1159867264440103,1497 cc,5 Seats,False,False,False,True,True,False,True,False,False,False
2284,1036,4.90 Lakh,"50,000 kms",0.9024423235906056,1197 cc,5 Seats,False,False,False,True,True,False,True,False,False,False
4201,1266,3.24 Lakh,"12,936 kms",0.1386205360646435,2400 cc,5 Seats,False,False,False,True,True,True,False,False,False,False
4405,51,40 Lakh,"18,000 kms",1.4116568486079133,2499 cc,5 Seats,False,False,False,True,False,True,False,False,False,False
2306,1778,7.60 Lakh,"2,89,000 kms",-0.6252012514613183,1086 cc,5 Seats,True,False,False,False,True,False,True,False,False,False
229,1693,3.40 Lakh,"60,000 kms",0.3932277985732975,1199 cc,5 Seats,False,False,False,True,True,False,True,False,False,False
857,1799,1.58 Crore,"56,000 kms",0.6478350610819515,2393 cc,5 Seats,True,False,False,False,False,True,False,False,False,False
1211,1568,12.50 Lakh,"32,500 kms",0.9024423235906056,1950 cc,5 Seats,True,False,False,False,True,True,False,False,False,False
1401,211,28.75 Lakh,"80,000 kms",0.6478350610819515,2987 cc,5 Seats,True,False,False,False,False,True,False,False,False,False
2857,1180,3.90 Lakh,"90,000 kms",-0.1159867264440103,998 cc,7 Seats,True,False,False,False,True,True,False,False,False,False
408,885,3.50 Lakh,"1,55,000 kms",-2.407452089021896,2609 cc,7 Seats,True,False,False,False,True,False,True,False,False,False
170,4,16.51 Lakh,"70,000 kms",-0.1159867264440103,1968 cc,5 Seats,True,False,False,False,False,True,False,False,False,False
540,1113,4.91 Lakh,"60,393 kms",0.3932277985732975,1598 cc,5 Seats,False,False,False,True,True,True,False,False,False,False
4883,1229,5.95 Lakh,"72,316 kms",0.1386205360646435,2494 cc,7 Seats,True,False,False,False,True,False,True,False,False,False
3559,1503,2.45 Lakh,"2,34,805 kms",-1.898237564004588,1950 cc,5 Seats,True,False,False,False,False,True,False,False,False,False
2789,271,3.50 Lakh,"75,656 kms",-0.1159867264440103,1399 cc,5 Seats,True,False,False,False,True,False,True,False,False,False
1803,44,58 Lakh,"70,000 kms",0.6478350610819515,1995 cc,5 Seats,True,False,False,False,False,True,False,False,False,False
3103,1209,6 Lakh,"40,000 kms",0.6478350610819515,1197 cc,5 Seats,True,False,False,False,True,True,False,False,False,False
613,1402,2.50 Lakh,"55,630 kms",-1.1344157764786262,1199 cc,5 Seats,False,False,False,True,True,True,False,False,False,False
3908,1633,"50,500 ","15,000 kms",-0.8798085139699723,1248 cc,5 Seats,False,False,False,True,True,True,False,False,False,False
2312,1233,6.80 Lakh,"90,000 kms",0.3932277985732975,998 cc,5 Seats,True,False,False,False,True,False,True,False,False,False
674,1856,6.24 Lakh,"51,000 kms",0.1386205360646435,1298 cc,5 Seats,False,False,False,True,False,True,False,False,False,False
1161,584,10 Lakh,"63,500 kms",0.3932277985732975,1995 cc,5 Seats,True,False,False,False,False,True,False,False,False,False
2484,629,1.75 Lakh,"1,75,000 kms",-1.3890230389872802,2498 cc,6 Seats,False,False,False,True,True,True,False,False,False,False
2860,1674,12 Lakh,"18,000 kms",0.6478350610819515,2523 cc,5 Seats,True,False,False,False,True,True,False,False,False,False
1872,108,2.15 Lakh,"70,000 kms",-0.1159867264440103,1984 cc,4 Seats,True,False,False,False,True,False,True,False,False,False
2328,242,5.45 Lakh,"70,000 kms",0.6478350610819515,2494 cc,5 Seats,True,False,False,False,True,True,False,False,False,False
1815,1307,39 Lakh,"55,000 kms",0.6478350610819515,2143 cc,5 Seats,True,False,False,False,False,True,False,False,False,False
2633,1229,5.45 Lakh,"70,000 kms",0.3932277985732975,1197 cc,5 Seats,True,False,False,False,True,False,True,False,False,False
1700,286,7.85 Lakh,"4,700 kms",1.1570495860992591,1248 cc,5 Seats,False,False,False,True,True,True,False,False,False,False
5257,552,11.50 Lakh,"10,000 kms",1.4116568486079133,1998 cc,5 Seats,False,False,False,True,True,True,False,False,False,False
2177,1658,15.95 Lakh,"19,900 kms",1.4116568486079133,999 cc,7 Seats,False,True,False,False,False,True,False,False,False,False
1609,82,32.50 Lakh,"65,000 kms",0.9024423235906056,1248 cc,5 Seats,True,False,False,False,False,True,False,False,False,False
4379,1211,2.86 Lakh,"52,580 kms",-0.6252012514613183,1197 cc,5 Seats,False,False,False,True,True,True,False,False,False,False
2531,858,8 Lakh,"99,000 kms",0.9024423235906056,1061 cc,5 Seats,True,False,False,False,True,True,False,False,False,False
4711,1558,7.07 Lakh,"4,553 kms",1.6662641111165672,1598 cc,5 Seats,True,False,False,False,True,True,False,False,False,False
564,1067,6.75 Lakh,"69,000 kms",0.1386205360646435,998 cc,5 Seats,True,False,False,False,True,True,False,False,False,False
4653,1397,1.95 Lakh,"90,000 kms",-1.1344157764786262,1198 cc,5 Seats,True,False,False,False,True,True,False,False,False,False
4216,1371,1.77 Crore,"1,400 kms",1.6662641111165672,2993 cc,5 Seats,True,False,False,False,False,True,False,False,False,False
4678,1012,1.30 Lakh,"90,000 kms",-2.407452089021896,1196 cc,5 Seats,False,False,False,True,True,False,True,False,False,False
2877,1174,6 Lakh,"25,000 kms",0.6478350610819515,1451 cc,5 Seats,False,False,False,True,True,True,False,False,False,False
2526,933,11 Lakh,"64,000 kms",0.3932277985732975,1086 cc,5 Seats,True,False,False,False,True,True,False,False,False,False
1548,1454,4.70 Lakh,"30,000 kms",0.9024423235906056,0 cc,5 Seats,False,False,False,True,False,True,False,False,False,False
2692,1075,1.55 Lakh,"58,475 kms",-1.3890230389872802,1197 cc,5 Seats,False,False,False,True,True,True,False,False,False,False
5130,653,3.08 Lakh,"36,550 kms",-0.8798085139699723,1086 cc,5 Seats,False,False,False,True,True,True,False,False,False,False
5432,661,2 Lakh,"80,000 kms",-1.1344157764786262,1995 cc,5 Seats,True,False,False,False,True,False,False,True,False,False
2086,1048,9.60 Lakh,"10,000 kms",1.1570495860992591,1373 cc,5 Seats,False,False,False,True,False,True,False,False,False,False
355,308,19.75 Lakh,"48,019 kms",0.3932277985732975,1997 cc,5 Seats,False,False,False,True,False,True,False,False,False,False
2127,245,"80,000 ","1,07,000 kms",-2.66205935153055,998 cc,5 Seats,False,False,False,True,True,True,False,False,False,False
4756,1862,8.50 Lakh,"74,088 kms",0.1386205360646435,1598 cc,5 Seats,True,False,False,False,False,True,False,False,False,False
2895,1089,5.50 Lakh,"1,00,000 kms",0.1386205360646435,796 cc,5 Seats,True,False,False,False,True,False,True,False,False,False
4323,1249,2.76 Lakh,"85,232 kms",-0.1159867264440103,998 cc,5 Seats,False,False,False,True,True,False,True,False,False,False
3634,1598,1.20 Lakh,"38,332 kms",-2.1528448265132423,1498 cc,5 Seats,False,False,False,True,True,True,False,False,False,False
1172,72,60.50 Lakh,"50,000 kms",1.1570495860992591,796 cc,5 Seats,True,False,False,False,False,True,False,False,False,False
3792,1229,6.57 Lakh,"94,088 kms",0.3932277985732975,1197 cc,5 Seats,True,False,False,False,True,True,False,False,False,False
325,1318,39 Lakh,"24,000 kms",1.1570495860992591,1950 cc,5 Seats,True,False,False,False,False,False,True,False,False,False
1051,1635,"86,503 ","50,789 kms",-0.3705939889526643,1497 cc,5 Seats,False,False,False,True,True,False,True,False,False,False
5237,53,18.50 Lakh,"64,593 kms",-0.3705939889526643,2967 cc,5 Seats,True,False,False,False,False,False,False,True,False,False
3992,1229,6.75 Lakh,"77,493 kms",0.3932277985732975,1197 cc,5 Seats,True,False,False,False,True,True,False,False,False,False
3220,1459,2.49 Lakh,"53,827 kms",0.1386205360646435,1197 cc,5 Seats,False,False,False,True,True,True,False,False,False,False
3497,227,4.36 Lakh,"65,892 kms",0.6478350610819515,998 cc,5 Seats,True,False,False,False,True,True,False,False,False,False
3089,1354,56 Lakh,"45,000 kms",0.9024423235906056,2925 cc,5 Seats,True,False,False,False,False,True,False,False,False,False
1751,202,9.70 Lakh,"10,000 kms",1.1570495860992591,2393 cc,7 Seats,False,False,False,True,True,True,False,False,False,False
2445,83,13.45 Lakh,"83,354 kms",-0.6252012514613183,1798 cc,5 Seats,True,False,False,False,False,False,True,False,False,False
2100,836,6.25 Lakh,"50,000 kms",-0.1159867264440103,2987 cc,5 Seats,True,False,False,False,True,True,False,False,False,False
1772,1733,3.20 Lakh,"1,20,000 kms",-0.6252012514613183,2143 cc,5 Seats,True,False,False,False,True,False,False,False,True,False
1196,1362,21.90 Lakh,"80,000 kms",-0.3705939889526643,4367 cc,5 Seats,True,False,False,False,False,False,True,False,False,False
1878,1474,2.50 Lakh,"50,000 kms",-0.8798085139699723,1197 cc,5 Seats,True,False,False,False,True,True,False,False,False,False
620,945,4.63 Lakh,"1,16,509 kms",-0.8798085139699723,2967 cc,7 Seats,True,False,False,False,True,False,True,False,False,False
2157,482,4.95 Lakh,"70,518 kms",0.3932277985732975,999 cc,5 Seats,False,False,False,True,True,True,False,False,False,False
4905,1064,5.50 Lakh,"5,49,999 kms",-0.1159867264440103,2494 cc,5 Seats,False,False,False,True,True,True,False,False,False,False
3048,1395,4 Lakh,"25,000 kms",0.6478350610819515,2179 cc,5 Seats,False,False,False,True,True,True,False,False,False,False
1482,466,5.25 Lakh,"70,372 kms",-0.6252012514613183,2998 cc,7 Seats,True,False,False,False,True,True,False,False,False,False
1189,25,42 Lakh,"81,250 kms",-0.1159867264440103,1498 cc,5 Seats,True,False,False,False,False,True,False,False,False,False
328,1553,33.65 Lakh,"17,776 kms",1.1570495860992591,1984 cc,5 Seats,False,False,False,True,False,True,False,False,False,False
648,261,7.75 Lakh,"4,800 kms",0.9024423235906056,1197 cc,5 Seats,False,False,False,True,False,True,False,False,False,False
2103,989,"80,000 ","75,000 kms",-2.916666614039204,2354 cc,5 Seats,False,False,False,True,True,True,False,False,False,False
897,1337,56 Lakh,"18,770 kms",0.6478350610819515,1497 cc,5 Seats,True,False,False,False,False,True,False,False,False,False
30,347,8.39 Lakh,"46,417 kms",0.1386205360646435,1497 cc,5 Seats,False,False,False,True,False,True,False,False,False,False
1123,877,9.98 Lakh,"68,307 kms",0.6478350610819515,1197 cc,5 Seats,True,False,False,False,True,True,False,False,False,False
4667,1092,4 Lakh,"1,20,000 kms",-0.6252012514613183,1493 cc,5 Seats,True,False,False,False,True,False,False,True,False,False
5119,1542,4.11 Lakh,"65,000 kms",-1.1344157764786262,1462 cc,5 Seats,True,False,False,False,True,False,True,False,False,False
2552,1083,6.45 Lakh,"44,304 kms",-0.1159867264440103,1497 cc,5 Seats,True,False,False,False,True,True,False,False,False,False
3070,1361,1.17 Crore,"15,000 kms",1.1570495860992591,1197 cc,7 Seats,True,False,False,False,False,False,True,False,False,False
4770,248,3.05 Lakh,"1,23,149 kms",-1.3890230389872802,1061 cc,5 Seats,False,False,False,True,False,False,True,False,False,False
2436,674,5.96 Lakh,"98,057 kms",0.1386205360646435,1197 cc,5 Seats,True,False,False,False,True,False,True,False,False,False
4622,400,9 Lakh,"17,000 kms",0.9024423235906056,1248 cc,5 Seats,False,False,False,True,True,True,False,False,False,False
4013,1140,5.21 Lakh,"1,71,931 kms",0.1386205360646435,1373 cc,5 Seats,True,False,False,False,True,True,False,False,False,False
4688,564,3.44 Lakh,"99,681 kms",-0.8798085139699723,999 cc,5 Seats,True,False,False,False,True,False,True,False,False,False
3123,669,4.50 Lakh,"1,00,000 kms",-0.1159867264440103,796 cc,5 Seats,True,False,False,False,True,False,True,False,False,False
3149,780,48.75 Lakh,"38,000 kms",1.1570495860992591,999 cc,5 Seats,True,False,False,False,False,True,False,False,False,False
1519,224,3.95 Lakh,"29,000 kms",0.1386205360646435,2993 cc,4 Seats,False,False,False,True,True,False,True,False,False,False
3705,61,54.75 Lakh,"40,500 kms",1.4116568486079133,1598 cc,5 Seats,True,False,False,False,False,True,False,False,False,False
1378,984,3.51 Lakh,"47,133 kms",0.6478350610819515,1197 cc,5 Seats,False,False,False,True,True,True,False,False,False,False
3971,1266,1.75 Lakh,"77,989 kms",-1.1344157764786262,1197 cc,5 Seats,False,False,False,True,True,True,False,False,False,False
1023,338,12.92 Lakh,"19,534 kms",1.1570495860992591,998 cc,5 Seats,False,False,False,True,True,True,False,False,False,False
5427,1175,2.80 Lakh,"80,000 kms",-1.3890230389872802,799 cc,7 Seats,True,False,False,False,True,True,False,False,False,False
2893,1683,3.95 Lakh,"95,105 kms",0.9024423235906056,1198 cc,5 Seats,False,False,False,True,True,True,False,False,False,False
4612,157,1.20 Lakh,"81,350 kms",-1.1344157764786262,1998 cc,5 Seats,False,False,False,True,True,False,False,True,False,False
3782,1729,3.64 Lakh,"1,11,810 kms",-0.3705939889526643,2179 cc,5 Seats,True,False,False,False,True,True,False,False,False,False
2688,1709,33.90 Lakh,"4,781 kms",0.9024423235906056,1196 cc,5 Seats,False,False,False,True,False,True,False,False,False,False
912,1419,58 Lakh,"50,000 kms",0.1386205360646435,1197 cc,5 Seats,True,False,False,False,False,True,False,False,False,False
809,94,74.50 Lakh,"7,600 kms",1.6662641111165672,1497 cc,5 Seats,False,False,False,True,False,True,False,False,False,False
3608,366,2 Lakh,"90,000 kms",-1.898237564004588,1248 cc,5 Seats,False,False,False,True,True,False,False,True,False,False
1675,1812,6.10 Lakh,"20,000 kms",0.9024423235906056,2198 cc,7 Seats,False,False,False,True,True,True,False,False,False,False
1746,1118,6 Lakh,"20,000 kms",1.1570495860992591,796 cc,5 Seats,False,False,False,True,False,True,False,False,False,False
978,732,16 Lakh,"40,000 kms",0.9024423235906056,1582 cc,5 Seats,True,False,False,False,True,True,False,False,False,False
3787,1619,1.30 Lakh,"1,52,903 kms",-0.3705939889526643,1956 cc,5 Seats,True,False,False,False,True,True,False,False,False,False
3428,1145,6.86 Lakh,"1,17,585 kms",0.3932277985732975,1120 cc,5 Seats,True,False,False,False,True,True,False,False,False,False
1736,1562,8.90 Lakh,"15,000 kms",1.4116568486079133,1956 cc,5 Seats,True,False,False,False,True,True,False,False,False,False
1629,360,8.50 Lakh,"60,000 kms",0.6478350610819515,1198 cc,5 Seats,False,False,False,True,True,True,False,False,False,False
3254,317,2.69 Lakh,"57,209 kms",-1.643630301495934,1950 cc,5 Seats,False,False,False,True,False,True,False,False,False,False
430,251,2 Lakh,"75,000 kms",-2.66205935153055,2997 cc,5 Seats,False,False,False,True,False,False,True,False,False,False
2042,354,8 Lakh,"1,10,000 kms",0.3932277985732975,1193 cc,5 Seats,True,False,False,False,True,False,True,False,False,False
1808,1370,1.30 Crore,"14,000 kms",1.1570495860992591,1199 cc,5 Seats,True,False,False,False,False,True,False,False,False,False
3011,140,2.21 Lakh,"1,63,605 kms",0.3932277985732975,2967 cc,5 Seats,False,False,False,True,True,True,False,False,False,False
3855,701,6 Lakh,"56,000 kms",0.3932277985732975,1199 cc,5 Seats,False,False,False,True,True,True,False,False,False,False
4071,984,2.95 Lakh,"35,420 kms",0.3932277985732975,1998 cc,5 Seats,False,False,False,True,True,True,False,False,False,False
2894,1488,6.50 Lakh,"20,000 kms",1.1570495860992591,1451 cc,7 Seats,False,False,False,True,False,True,False,False,False,False
2970,1754,11.80 Lakh,"2,12,661 kms",-0.6252012514613183,1373 cc,5 Seats,True,False,False,False,True,False,True,False,False,False
2818,704,3.90 Lakh,"60,000 kms",-0.1159867264440103,1197 cc,5 Seats,False,False,False,True,True,False,False,True,False,False
2973,981,2.01 Lakh,"1,11,556 kms",-0.1159867264440103,1197 cc,5 Seats,False,False,False,True,True,False,True,False,False,False
3125,792,1.14 Crore,"19,500 kms",1.1570495860992591,2609 cc,7 Seats,False,False,False,True,False,True,False,False,False,False
2997,452,2.16 Lakh,"51,841 kms",0.1386205360646435,998 cc,5 Seats,False,False,False,True,True,False,True,False,False,False
3409,1207,3.01 Lakh,"1,56,932 kms",-0.3705939889526643,2494 cc,5 Seats,True,False,False,False,True,False,False,True,False,False
174,1717,9.25 Lakh,"72,159 kms",-0.3705939889526643,1798 cc,5 Seats,False,False,False,True,False,True,False,False,False,False
4274,8,33.80 Lakh,"41,000 kms",0.6478350610819515,1198 cc,5 Seats,False,False,False,True,False,True,False,False,False,False
4731,1870,2.31 Lakh,"98,439 kms",-1.1344157764786262,1086 cc,5 Seats,True,False,False,False,True,False,False,True,False,False
4409,1652,8.30 Lakh,"1,40,000 kms",0.6478350610819515,1461 cc,5 Seats,False,False,False,True,True,True,False,False,False,False
1752,4,10.50 Lakh,"1,10,000 kms",-0.8798085139699723,1598 cc,5 Seats,True,False,False,False,False,True,False,False,False,False
4118,954,3 Lakh,"70,000 kms",-1.3890230389872802,2143 cc,5 Seats,True,False,False,False,True,True,False,False,False,False
2787,828,4.20 Lakh,"80,000 kms",-0.3705939889526643,1497 cc,5 Seats,True,False,False,False,True,True,False,False,False,False
4921,693,4.65 Lakh,"23,000 kms",-0.3705939889526643,1199 cc,5 Seats,False,False,False,True,True,True,False,False,False,False
4168,82,30 Lakh,"25,000 kms",0.9024423235906056,2179 cc,5 Seats,True,False,False,False,False,True,False,False,False,False
217,1166,6.50 Lakh,"53,000 kms",0.6478350610819515,1197 cc,5 Seats,False,False,False,True,False,True,False,False,False,False
4899,742,11.90 Lakh,"61,300 kms",0.6478350610819515,1199 cc,5 Seats,True,False,False,False,True,True,False,False,False,False
1721,1520,5.95 Lakh,"70,000 kms",-0.1159867264440103,1330 cc,5 Seats,True,False,False,False,False,False,True,False,False,False
4302,999,5.75 Lakh,"58,000 kms",0.6478350610819515,2494 cc,5 Seats,False,False,False,True,True,True,False,False,False,False
1444,635,2.25 Lakh,"38,000 kms",-1.1344157764786262,1197 cc,5 Seats,False,False,False,True,True,True,False,False,False,False
690,1059,5.93 Lakh,"1,24,183 kms",0.3932277985732975,1493 cc,5 Seats,True,False,False,False,True,True,False,False,False,False
1995,200,4.44 Lakh,"58,613 kms",-0.6252012514613183,1598 cc,5 Seats,False,False,False,True,True,True,False,False,False,False
2273,530,1.65 Lakh,"90,000 kms",-2.916666614039204,1197 cc,5 Seats,False,False,False,True,True,False,False,True,False,False
3116,1609,"75,000 ","90,000 kms",-1.1344157764786262,1991 cc,7 Seats,True,False,False,False,True,False,True,False,False,False
2705,1256,1.23 Lakh,"45,130 kms",-1.643630301495934,1582 cc,5 Seats,False,False,False,True,True,True,False,False,False,False
3210,502,7.41 Lakh,"30,273 kms",1.4116568486079133,1197 cc,5 Seats,False,False,False,False,True,True,False,False,False,False
1106,932,11.24 Lakh,"44,081 kms",0.3932277985732975,1248 cc,5 Seats,True,False,False,False,True,True,False,False,False,False
2251,1149,2.50 Lakh,"40,000 kms",-1.643630301495934,1197 cc,8 Seats,False,False,False,True,True,True,False,False,False,False
818,501,6.69 Lakh,"24,154 kms",1.1570495860992591,799 cc,5 Seats,False,False,False,True,True,True,False,False,False,False
4515,1183,6.75 Lakh,"13,000 kms",1.1570495860992591,2755 cc,5 Seats,False,False,False,True,True,True,False,False,False,False
1873,337,8.60 Lakh,"70,000 kms",0.3932277985732975,1799 cc,5 Seats,False,False,False,True,False,False,True,False,False,False
611,346,7.35 Lakh,"58,000 kms",0.1386205360646435,1497 cc,5 Seats,False,False,False,True,False,True,False,False,False,False
3483,1170,6.41 Lakh,"45,893 kms",1.1570495860992591,1399 cc,5 Seats,False,False,False,True,False,True,False,False,False,False
3932,1759,6.10 Lakh,"38,848 kms",0.9024423235906056,1186 cc,5 Seats,False,False,False,True,True,True,False,False,False,False
1697,397,8.25 Lakh,"10,700 kms",0.3932277985732975,1197 cc,5 Seats,True,False,False,False,True,True,False,False,False,False
2164,400,7.15 Lakh,"31,356 kms",0.3932277985732975,1493 cc,5 Seats,False,False,False,True,True,True,False,False,False,False
136,1797,19.90 Lakh,"75,000 kms",0.9024423235906056,2755 cc,7 Seats,True,False,False,False,False,False,True,False,False,False
4882,303,3.68 Lakh,"71,735 kms",0.1386205360646435,1197 cc,5 Seats,False,False,False,True,True,False,True,False,False,False
2759,843,3.49 Lakh,"19,000 kms",0.3932277985732975,1991 cc,5 Seats,False,False,False,True,True,True,False,False,False,False
2487,259,2.75 Lakh,"48,000 kms",-0.6252012514613183,1197 cc,5 Seats,False,False,False,True,True,True,False,False,False,False
5219,263,6 Lakh,"94,403 kms",-0.1159867264440103,1497 cc,5 Seats,True,False,False,False,True,True,False,False,False,False
1180,100,37.90 Lakh,"75,000 kms",-0.1159867264440103,2143 cc,5 Seats,True,False,False,False,False,False,True,False,False,False
2932,73,55.80 Lakh,"20,800 kms",0.9024423235906056,1086 cc,5 Seats,False,False,False,True,False,True,False,False,False,False
888,1354,56 Lakh,"45,000 kms",0.9024423235906056,1248 cc,5 Seats,True,False,False,False,False,True,False,False,False,False
4685,1075,3.15 Lakh,"58,017 kms",0.1386205360646435,2179 cc,5 Seats,False,False,False,True,True,True,False,False,False,False
2465,1030,3.77 Lakh,"54,996 kms",0.9024423235906056,998 cc,5 Seats,False,False,False,True,True,False,True,False,False,False
817,1758,7.99 Lakh,"17,790 kms",1.4116568486079133,1197 cc,5 Seats,False,False,False,True,True,True,False,False,False,False
4183,635,1.03 Lakh,"85,035 kms",-1.898237564004588,998 cc,5 Seats,False,False,False,True,True,False,False,True,False,False
4050,1266,3.11 Lakh,"87,158 kms",0.1386205360646435,2755 cc,5 Seats,False,False,False,True,True,True,False,False,False,False
4351,548,10.02 Lakh,"19,540 kms",0.9024423235906056,1582 cc,5 Seats,True,False,False,False,True,True,False,False,False,False
1264,933,9.50 Lakh,"85,001 kms",0.1386205360646435,1993 cc,5 Seats,True,False,False,False,True,True,False,False,False,False
990,1806,7.82 Lakh,"27,987 kms",1.6662641111165672,1197 cc,5 Seats,False,False,False,True,True,True,False,False,False,False
2755,1535,3.85 Lakh,"71,245 kms",0.1386205360646435,1198 cc,4 Seats,False,False,False,True,True,True,False,False,False,False
1739,337,14.50 Lakh,"25,000 kms",1.1570495860992591,1498 cc,5 Seats,False,False,False,True,False,True,False,False,False,False
3690,1457,2.10 Lakh,"40,000 kms",0.1386205360646435,1197 cc,5 Seats,False,False,False,True,True,False,True,False,False,False
353,1207,3.80 Lakh,"44,521 kms",-1.3890230389872802,1248 cc,5 Seats,True,False,False,False,True,True,False,False,False,False
4207,178,4.52 Lakh,"50,141 kms",-0.3705939889526643,999 cc,5 Seats,True,False,False,False,True,False,True,False,False,False
4962,566,5.60 Lakh,"1,10,613 kms",0.1386205360646435,1197 cc,5 Seats,True,False,False,False,True,True,False,False,False,False
3693,982,2.20 Lakh,"50,000 kms",-0.3705939889526643,1248 cc,5 Seats,False,False,False,False,True,True,False,False,False,False
1489,181,9.50 Lakh,"46,000 kms",1.1570495860992591,624 cc,4 Seats,True,False,False,False,True,True,False,False,False,False
3357,641,2.10 Lakh,"70,000 kms",-1.1344157764786262,1298 cc,5 Seats,False,False,False,True,True,False,False,False,True,False
1228,1317,47.90 Lakh,"12,000 kms",1.4116568486079133,1197 cc,5 Seats,False,False,False,True,False,True,False,False,False,False
3439,460,2.46 Lakh,"26,995 kms",-0.1159867264440103,1461 cc,5 Seats,False,False,False,True,True,True,False,False,False,False
5509,720,13.75 Lakh,"90,000 kms",-0.6252012514613183,2755 cc,5 Seats,True,False,False,False,False,False,True,False,False,False
52,690,6.75 Lakh,"13,000 kms",0.3932277985732975,1197 cc,5 Seats,False,False,False,True,True,True,False,False,False,False
2658,977,3.22 Lakh,"7,869 kms",0.9024423235906056,1497 cc,5 Seats,False,False,False,True,True,False,False,True,False,False
4471,1473,1.90 Lakh,"1,11,000 kms",-0.6252012514613183,1197 cc,5 Seats,True,False,False,False,True,False,True,False,False,False
2835,971,2 Lakh,"50,000 kms",-0.3705939889526643,1199 cc,5 Seats,False,False,False,False,True,False,False,False,False,True
3967,1211,2.80 Lakh,"30,639 kms",-0.6252012514613183,1248 cc,6 Seats,False,False,False,True,True,True,False,False,False,False
1589,489,4.60 Lakh,"60,000 kms",-0.1159867264440103,1968 cc,5 Seats,False,False,False,True,True,False,True,False,False,False
1479,702,2.75 Lakh,"1,50,000 kms",-0.6252012514613183,796 cc,5 Seats,True,False,False,False,True,False,False,True,False,False
1469,1354,36.50 Lakh,"64,000 kms",0.1386205360646435,2143 cc,5 Seats,True,False,False,False,False,True,False,False,False,False
5464,1298,12.90 Lakh,"37,000 kms",-0.3705939889526643,1999 cc,5 Seats,False,False,False,True,False,False,True,False,False,False
2078,1287,1.90 Lakh,"93,313 kms",-1.3890230389872802,998 cc,5 Seats,False,False,False,True,True,False,True,False,False,False
2944,494,3.73 Lakh,"24,027 kms",0.3932277985732975,1591 cc,7 Seats,False,False,False,True,True,False,True,False,False,False
5428,1750,10 Lakh,"90,000 kms",-1.1344157764786262,998 cc,5 Seats,True,False,False,False,True,False,True,False,False,False
2642,981,3 Lakh,"50,000 kms",-0.1159867264440103,1498 cc,5 Seats,False,False,False,True,True,True,False,False,False,False
436,91,39.95 Lakh,"63,170 kms",0.3932277985732975,1995 cc,5 Seats,True,False,False,False,False,True,False,False,False,False
2459,635,2.95 Lakh,"56,936 kms",-1.1344157764786262,1399 cc,5 Seats,False,False,False,True,True,True,False,False,False,False
1588,1318,16 Lakh,"65,000 kms",-0.3705939889526643,1462 cc,6 Seats,True,False,False,False,False,True,False,False,False,False
4176,1307,21.50 Lakh,"37,000 kms",-0.1159867264440103,1086 cc,5 Seats,True,False,False,False,False,False,True,False,False,False
1590,1279,11 Lakh,"17,000 kms",1.4116568486079133,1197 cc,5 Seats,False,False,False,True,True,True,False,False,False,False
2770,1127,1.92 Lakh,"94,989 kms",-1.1344157764786262,998 cc,5 Seats,True,False,False,False,True,True,False,False,False,False
4087,1835,4.10 Lakh,"1,15,000 kms",0.1386205360646435,2755 cc,5 Seats,True,False,False,False,True,True,False,False,False,False
1238,1183,3.67 Lakh,"84,728 kms",-0.1159867264440103,1969 cc,5 Seats,False,False,False,True,True,False,True,False,False,False
2107,325,1.40 Lakh,"1,10,000 kms",-2.1528448265132423,1396 cc,5 Seats,False,False,False,True,True,False,False,True,False,False
3065,968,1.15 Lakh,"70,000 kms",-1.643630301495934,2925 cc,5 Seats,False,False,False,True,True,False,True,False,False,False
2146,1000,5.35 Lakh,"17,000 kms",0.1386205360646435,1197 cc,5 Seats,False,False,False,True,True,True,False,False,False,False
1497,1413,4.25 Lakh,"67,000 kms",-0.3705939889526643,1493 cc,7 Seats,True,False,False,False,True,True,False,False,False,False
449,1639,2.50 Lakh,"50,000 kms",-1.643630301495934,2179 cc,7 Seats,True,False,False,False,True,False,True,False,False,False
4039,1211,6.51 Lakh,"6,546 kms",1.4116568486079133,1248 cc,5 Seats,False,False,False,True,True,True,False,False,False,False
4041,605,7.69 Lakh,"88,650 kms",0.6478350610819515,1198 cc,5 Seats,False,False,False,True,True,False,True,False,False,False
2550,452,1.30 Lakh,"60,000 kms",-0.8798085139699723,998 cc,7 Seats,False,False,False,True,True,False,True,False,False,False
1551,1317,36.50 Lakh,"16,500 kms",0.6478350610819515,1950 cc,5 Seats,False,False,False,True,False,True,False,False,False,False
4895,1480,6.87 Lakh,"5,570 kms",1.4116568486079133,1248 cc,5 Seats,False,False,False,True,True,True,False,False,False,False
1146,1119,5.02 Lakh,"2,294 kms",1.6662641111165672,1396 cc,5 Seats,False,False,False,True,True,True,False,False,False,False
2092,1690,4.50 Lakh,"1,20,000 kms",0.3932277985732975,814 cc,5 Seats,True,False,False,False,True,True,False,False,False,False
1313,1305,8.25 Lakh,"86,000 kms",-1.1344157764786262,1197 cc,5 Seats,False,False,False,True,False,True,False,False,False,False
2015,394,7 Lakh,"30,000 kms",0.6478350610819515,1497 cc,5 Seats,False,False,False,True,True,True,False,False,False,False
5019,1043,6.47 Lakh,"42,681 kms",0.3932277985732975,1086 cc,5 Seats,False,False,False,True,True,True,False,False,False,False
5002,1735,2.35 Lakh,"67,357 kms",-1.1344157764786262,1198 cc,5 Seats,False,False,False,True,True,True,False,False,False,False
3945,641,2.97 Lakh,"16,428 kms",-0.6252012514613183,1956 cc,5 Seats,False,False,False,True,True,True,False,False,False,False
3656,662,2.78 Lakh,"1,20,000 kms",-0.8798085139699723,998 cc,5 Seats,True,False,False,False,True,True,False,False,False,False
3995,1492,1.73 Lakh,"42,989 kms",-1.1344157764786262,1198 cc,5 Seats,False,False,False,True,True,True,False,False,False,False
413,945,10.25 Lakh,"82,000 kms",-0.1159867264440103,2179 cc,7 Seats,True,False,False,False,True,False,True,False,False,False
941,967,"65,000 ","80,000 kms",-3.171273876547858,1599 cc,5 Seats,False,False,False,True,True,False,True,False,False,False
801,375,5.15 Lakh,"70,379 kms",0.3932277985732975,998 cc,5 Seats,False,False,False,True,True,True,False,False,False,False
4448,1266,3.11 Lakh,"90,000 kms",-0.6252012514613183,1493 cc,5 Seats,False,False,False,True,True,True,False,False,False,False
256,383,6.95 Lakh,"40,000 kms",0.6478350610819515,1199 cc,5 Seats,False,False,False,True,False,True,False,False,False,False
5406,784,1.92 Crore,"40,000 kms",0.9024423235906056,1353 cc,5 Seats,False,False,False,True,False,True,False,False,False,False
647,435,8.25 Lakh,"43,417 kms",-0.1159867264440103,1199 cc,5 Seats,False,False,False,True,True,True,False,False,False,False
1767,1358,65 Lakh,"1,35,000 kms",0.6478350610819515,1968 cc,5 Seats,True,False,False,False,False,True,False,False,False,False
3523,1001,5.99 Lakh,"52,045 kms",0.9024423235906056,1364 cc,5 Seats,False,False,False,True,True,True,False,False,False,False
3615,1145,8.10 Lakh,"1,26,000 kms",0.3932277985732975,1197 cc,5 Seats,True,False,False,False,True,True,False,False,False,False
2742,1050,6.77 Lakh,"35,289 kms",0.6478350610819515,1199 cc,5 Seats,False,False,False,True,True,True,False,False,False,False
5357,41,12.90 Lakh,"60,000 kms",-1.1344157764786262,1248 cc,7 Seats,True,False,False,False,False,True,False,False,False,False
24,480,5.41 Lakh,"21,239 kms",0.6478350610819515,1197 cc,5 Seats,False,False,False,True,True,True,False,False,False,False
1088,730,12.61 Lakh,"30,224 kms",0.6478350610819515,1462 cc,5 Seats,False,False,False,True,True,True,False,False,False,False
2416,619,5.49 Lakh,"46,865 kms",0.3932277985732975,1196 cc,5 Seats,False,False,False,True,True,True,False,False,False,False
2240,284,7.50 Lakh,"98,328 kms",0.9024423235906056,1197 cc,5 Seats,False,False,False,True,False,True,False,False,False,False
112,764,15.75 Lakh,"20,500 kms",1.1570495860992591,1497 cc,5 Seats,False,False,False,True,False,True,False,False,False,False
3378,992,1.35 Lakh,"50,000 kms",-1.898237564004588,1995 cc,5 Seats,False,False,False,True,True,False,True,False,False,False
56,1720,8.50 Lakh,"37,000 kms",-0.3705939889526643,1798 cc,5 Seats,False,False,False,True,True,True,False,False,False,False
1309,102,68.90 Lakh,"44,000 kms",-0.6252012514613183,2967 cc,5 Seats,False,False,False,True,False,True,False,False,False,False
695,633,2.01 Lakh,"72,504 kms",-1.643630301495934,998 cc,5 Seats,False,False,False,True,True,False,True,False,False,False
1227,1440,5.75 Lakh,"49,000 kms",0.3932277985732975,2755 cc,7 Seats,False,False,False,True,True,False,True,False,False,False
4517,423,9.75 Lakh,"68,000 kms",0.3932277985732975,1493 cc,7 Seats,True,False,False,False,True,False,True,False,False,False
276,1603,1 Lakh,"35,000 kms",-0.6252012514613183,1405 cc,5 Seats,True,False,False,False,True,False,False,True,False,False
4222,1002,4.50 Lakh,"77,000 kms",0.1386205360646435,1197 cc,5 Seats,True,False,False,False,True,False,True,False,False,False
1833,270,4 Lakh,"80,000 kms",-0.1159867264440103,998 cc,5 Seats,False,False,False,True,True,True,False,False,False,False
682,337,14.90 Lakh,"6,701 kms",1.4116568486079133,1591 cc,5 Seats,False,False,False,True,False,True,False,False,False,False
2670,972,2.51 Lakh,"25,919 kms",0.3932277985732975,1493 cc,5 Seats,False,False,False,True,True,True,False,False,False,False
3898,269,4.20 Lakh,"30,000 kms",0.1386205360646435,2179 cc,4 Seats,False,False,False,True,True,True,False,False,False,False
1137,568,4.50 Lakh,"75,000 kms",-0.6252012514613183,1198 cc,5 Seats,True,False,False,False,True,True,False,False,False,False
3493,934,8.08 Lakh,"61,137 kms",-0.1159867264440103,1396 cc,5 Seats,True,False,False,False,True,False,True,False,False,False
3035,1328,5 Lakh,"1,10,000 kms",-2.407452089021896,1248 cc,5 Seats,False,False,False,True,False,False,True,False,False,False
4947,1025,5.70 Lakh,"40,000 kms",1.1570495860992591,1461 cc,5 Seats,False,False,False,False,True,True,False,False,False,False
1346,1794,20 Lakh,"26,000 kms",0.6478350610819515,2184 cc,4 Seats,False,False,False,True,False,True,False,False,False,False
2509,972,1.90 Lakh,"20,000 kms",-0.3705939889526643,1497 cc,5 Seats,False,False,False,True,True,False,False,True,False,False
2384,1290,"75,000 ","1,10,000 kms",-3.425881139056512,1591 cc,5 Seats,False,False,False,True,True,False,True,False,False,False
3355,116,4.80 Lakh,"40,000 kms",0.1386205360646435,2179 cc,5 Seats,True,False,False,False,True,False,True,False,False,False
4902,1066,5.90 Lakh,"75,000 kms",-0.1159867264440103,1197 cc,5 Seats,True,False,False,False,True,False,True,False,False,False
3088,1619,2.40 Lakh,"1,20,000 kms",-0.1159867264440103,1950 cc,5 Seats,True,False,False,False,True,True,False,False,False,False
2222,1180,5.10 Lakh,"90,000 kms",-0.6252012514613183,1299 cc,5 Seats,True,False,False,False,True,True,False,False,False,False
4362,356,9.15 Lakh,"22,307 kms",0.9024423235906056,1498 cc,7 Seats,False,False,False,True,False,True,False,False,False,False
5010,1266,2.88 Lakh,"60,252 kms",-0.3705939889526643,1995 cc,5 Seats,False,False,False,True,True,True,False,False,False,False
2341,1683,4.60 Lakh,"40,000 kms",0.1386205360646435,1968 cc,5 Seats,False,False,False,True,True,True,False,False,False,False
4593,1005,5.99 Lakh,"76,502 kms",0.6478350610819515,2143 cc,5 Seats,True,False,False,False,True,False,True,False,False,False
4534,1581,21 Lakh,"40,000 kms",1.1570495860992591,1462 cc,5 Seats,True,False,False,False,False,True,False,False,False,False
81,635,3.25 Lakh,"45,000 kms",-0.3705939889526643,1086 cc,5 Seats,False,False,False,True,True,True,False,False,False,False
1972,1096,4.86 Lakh,"67,231 kms",-0.3705939889526643,998 cc,5 Seats,False,False,False,False,True,True,False,False,False,False
1714,235,1.90 Lakh,"81,721 kms",-1.3890230389872802,1196 cc,5 Seats,False,False,False,True,True,True,False,False,False,False
4435,1078,4.10 Lakh,"50,000 kms",1.1570495860992591,1498 cc,5 Seats,False,False,False,True,True,False,True,False,False,False
5506,95,32.90 Lakh,"99,000 kms",-0.1159867264440103,1999 cc,5 Seats,True,False,False,False,False,True,False,False,False,False
1946,818,21.85 Lakh,"28,000 kms",1.4116568486079133,1968 cc,5 Seats,False,True,False,False,False,True,False,False,False,False
3489,630,1.03 Lakh,"1,02,437 kms",-1.898237564004588,1199 cc,5 Seats,False,False,False,True,True,False,True,False,False,False
3825,220,2.50 Lakh,"70,000 kms",-1.1344157764786262,1956 cc,5 Seats,False,False,False,True,True,False,True,False,False,False
1610,1,25.80 Lakh,"39,000 kms",1.1570495860992591,1497 cc,7 Seats,True,False,False,False,False,True,False,False,False,False
4411,400,9 Lakh,"17,000 kms",0.9024423235906056,2143 cc,5 Seats,False,False,False,True,True,True,False,False,False,False
5320,1685,3.50 Lakh,"1,20,000 kms",0.1386205360646435,1373 cc,7 Seats,False,False,False,True,True,True,False,False,False,False
2765,1006,5.99 Lakh,"24,000 kms",0.6478350610819515,1198 cc,5 Seats,False,False,False,True,True,True,False,False,False,False
5385,1391,6.40 Lakh,"46,000 kms",1.4116568486079133,1956 cc,7 Seats,False,False,False,True,True,False,True,False,False,False
4255,678,10.59 Lakh,"13,980 kms",1.1570495860992591,1197 cc,7 Seats,True,False,False,False,True,False,True,False,False,False
665,56,14.95 Lakh,"48,000 kms",-0.6252012514613183,2967 cc,5 Seats,True,False,False,False,False,True,False,False,False,False
3187,1460,3.05 Lakh,"33,614 kms",0.6478350610819515,2179 cc,7 Seats,False,False,False,True,True,True,False,False,False,False
4697,634,1.65 Lakh,"75,722 kms",-1.3890230389872802,1496 cc,5 Seats,False,False,False,True,True,False,False,True,False,False
1017,1780,4.69 Lakh,"1,68,062 kms",-1.3890230389872802,2489 cc,7 Seats,True,False,False,False,True,False,False,True,False,False
557,373,6 Lakh,"57,080 kms",0.1386205360646435,1373 cc,5 Seats,False,False,False,True,False,True,False,False,False,False
4162,635,1.78 Lakh,"63,363 kms",-1.1344157764786262,814 cc,5 Seats,False,False,False,True,True,False,False,True,False,False
2902,1384,6.50 Lakh,"1,20,000 kms",-0.6252012514613183,998 cc,4 Seats,True,False,False,False,True,False,True,False,False,False
1207,398,6.99 Lakh,"58,000 kms",0.3932277985732975,2143 cc,5 Seats,True,False,False,False,True,True,False,False,False,False
3127,1212,5.45 Lakh,"43,000 kms",0.9024423235906056,1248 cc,5 Seats,False,False,False,True,True,True,False,False,False,False
2575,793,71.50 Lakh,"19,000 kms",1.1570495860992591,998 cc,5 Seats,False,False,False,True,False,True,False,False,False,False
1510,181,4.75 Lakh,"62,500 kms",-0.1159867264440103,1950 cc,5 Seats,True,False,False,False,True,True,False,False,False,False
3477,482,4.66 Lakh,"51,777 kms",0.6478350610819515,1197 cc,5 Seats,False,False,False,True,True,True,False,False,False,False
3481,337,14.43 Lakh,"2,710 kms",1.6662641111165672,1461 cc,5 Seats,False,False,False,True,False,True,False,False,False,False
266,1590,10 Lakh,"86,500 kms",0.3932277985732975,2179 cc,7 Seats,True,False,False,False,False,False,True,False,False,False
2288,1862,7.35 Lakh,"91,777 kms",0.1386205360646435,1248 cc,5 Seats,True,False,False,False,False,True,False,False,False,False
4526,84,32 Lakh,"18,000 kms",1.1570495860992591,1396 cc,5 Seats,True,False,False,False,False,True,False,False,False,False
2111,1803,1.70 Lakh,"1,20,000 kms",-3.425881139056512,998 cc,5 Seats,True,False,False,False,True,False,False,True,False,False
3408,3,7.60 Lakh,"1,17,180 kms",-1.1344157764786262,1956 cc,7 Seats,True,False,False,False,False,False,False,True,False,False
1909,111,1.34 Lakh,"63,723 kms",-1.3890230389872802,1197 cc,5 Seats,False,False,False,True,True,True,False,False,False,False
3573,32,14.75 Lakh,"76,000 kms",0.1386205360646435,1498 cc,5 Seats,True,False,False,False,False,False,True,False,False,False
3732,1308,9.12 Lakh,"73,873 kms",-0.8798085139699723,796 cc,5 Seats,True,False,False,False,False,True,False,False,False,False
3407,1173,1.48 Lakh,"1,63,043 kms",-1.643630301495934,1248 cc,5 Seats,True,False,False,False,True,False,False,True,False,False
4427,1393,2.50 Lakh,"80,000 kms",0.1386205360646435,1461 cc,5 Seats,False,False,False,True,True,True,False,False,False,False
1784,757,17.50 Lakh,"30,000 kms",1.4116568486079133,1591 cc,5 Seats,False,False,False,True,False,True,False,False,False,False
1237,1095,8.58 Lakh,"37,377 kms",0.9024423235906056,1461 cc,5 Seats,False,False,False,True,False,True,False,False,False,False
4596,471,"95,157 ","1,22,236 kms",-1.643630301495934,1495 cc,5 Seats,False,False,False,True,True,False,False,False,False,True
5437,109,1.40 Lakh,"1,10,000 kms",-0.6252012514613183,2184 cc,5 Seats,True,False,False,False,True,True,False,False,False,False
2186,1797,22.50 Lakh,"1,17,000 kms",0.3932277985732975,1248 cc,5 Seats,True,False,False,False,False,True,False,False,False,False
2943,635,2.57 Lakh,"35,355 kms",-0.3705939889526643,1196 cc,5 Seats,False,False,False,True,True,False,True,False,False,False
908,1307,21.50 Lakh,"37,000 kms",-0.1159867264440103,1248 cc,5 Seats,True,False,False,False,False,False,True,False,False,False
1303,1402,2 Lakh,"57,000 kms",-1.1344157764786262,2143 cc,5 Seats,False,False,False,True,True,True,False,False,False,False
3849,1069,5.25 Lakh,"80,000 kms",-0.1159867264440103,1499 cc,5 Seats,False,False,False,True,True,True,False,False,False,False
1627,1861,5.50 Lakh,"15,000 kms",-0.6252012514613183,1497 cc,5 Seats,True,False,False,False,True,True,False,False,False,False
1522,1306,36.50 Lakh,"28,000 kms",0.6478350610819515,2143 cc,5 Seats,False,False,False,True,False,True,False,False,False,False
835,1783,18.90 Lakh,"43,200 kms",0.3932277985732975,2143 cc,5 Seats,True,False,False,False,True,True,False,False,False,False
358,636,3.15 Lakh,"64,640 kms",-1.643630301495934,1197 cc,5 Seats,False,False,False,True,True,True,False,False,False,False
138,165,5.50 Lakh,"23,400 kms",0.3932277985732975,1196 cc,5 Seats,False,False,False,True,True,True,False,False,False,False
299,1742,31 Lakh,"44,000 kms",0.9024423235906056,2694 cc,7 Seats,False,False,False,True,False,False,True,False,False,False
1556,95,29.75 Lakh,"85,000 kms",-0.1159867264440103,1968 cc,5 Seats,True,False,False,False,False,False,True,False,False,False
1003,658,7.25 Lakh,"73,000 kms",0.3932277985732975,1495 cc,5 Seats,True,False,False,False,True,True,False,False,False,False
382,1844,7.25 Lakh,"54,000 kms",-0.1159867264440103,1197 cc,5 Seats,False,False,False,True,False,True,False,False,False,False
3618,261,5.90 Lakh,"80,000 kms",0.9024423235906056,1047 cc,5 Seats,False,False,False,True,False,True,False,False,False,False
761,720,24.74 Lakh,"34,000 kms",0.1386205360646435,2143 cc,5 Seats,True,False,False,False,False,True,False,False,False,False
3080,834,3.40 Lakh,"1,00,000 kms",-0.8798085139699723,1995 cc,5 Seats,True,False,False,False,True,False,False,False,True,False
2512,351,5.75 Lakh,"67,000 kms",-0.1159867264440103,1498 cc,5 Seats,False,False,False,True,True,True,False,False,False,False
4321,454,2.31 Lakh,"7,779 kms",-0.1159867264440103,1497 cc,5 Seats,False,False,False,True,True,True,False,False,False,False
4461,1187,2.50 Lakh,"80,000 kms",-1.643630301495934,1197 cc,5 Seats,False,False,False,True,True,False,True,False,False,False
1402,1796,19.45 Lakh,"55,000 kms",0.9024423235906056,1248 cc,5 Seats,True,False,False,False,False,True,False,False,False,False
2473,1483,5.86 Lakh,"57,778 kms",1.1570495860992591,796 cc,5 Seats,False,False,False,True,True,True,False,False,False,False
4740,636,1.99 Lakh,"42,262 kms",-1.3890230389872802,998 cc,5 Seats,False,False,False,True,True,True,False,False,False,False
1932,902,5.99 Lakh,"42,032 kms",0.1386205360646435,2143 cc,5 Seats,True,False,False,False,False,False,True,False,False,False
3824,535,1 Lakh,"25,000 kms",-2.1528448265132423,998 cc,5 Seats,False,False,False,True,True,True,False,False,False,False
4397,328,4 Lakh,"48,000 kms",-0.8798085139699723,1197 cc,5 Seats,False,False,False,True,True,True,False,False,False,False
4718,1541,2.75 Lakh,"1,40,141 kms",-0.8798085139699723,796 cc,7 Seats,True,False,False,False,True,True,False,False,False,False
2406,1010,6.90 Lakh,"77,000 kms",0.6478350610819515,1497 cc,5 Seats,True,False,False,False,True,True,False,False,False,False
4445,494,4.11 Lakh,"60,000 kms",-0.1159867264440103,1797 cc,5 Seats,False,False,False,True,True,True,False,False,False,False
58,1891,15 Lakh,"1,05,241 kms",-0.1159867264440103,1985 cc,5 Seats,True,False,False,False,False,True,False,False,False,False
76,328,4 Lakh,"48,000 kms",-0.8798085139699723,1497 cc,5 Seats,False,False,False,True,True,True,False,False,False,False
796,1050,9.26 Lakh,"7,342 kms",0.9024423235906056,1497 cc,5 Seats,False,False,False,True,True,True,False,False,False,False
3954,1211,2.08 Lakh,"74,337 kms",-1.1344157764786262,1197 cc,5 Seats,False,False,False,True,True,True,False,False,False,False
785,1349,35.75 Lakh,"72,000 kms",0.6478350610819515,1461 cc,5 Seats,True,False,False,False,False,False,True,False,False,False
2957,340,5.18 Lakh,"53,234 kms",-0.1159867264440103,1582 cc,5 Seats,True,False,False,False,True,False,True,False,False,False
3137,86,40 Lakh,"10,000 kms",1.4116568486079133,1493 cc,5 Seats,False,False,False,True,False,True,False,False,False,False
2217,999,6.50 Lakh,"38,238 kms",0.3932277985732975,1997 cc,5 Seats,False,False,False,True,True,True,False,False,False,False
3323,317,2 Lakh,"80,000 kms",-1.898237564004588,2179 cc,5 Seats,False,False,False,True,False,False,False,True,False,False
4763,1870,4.95 Lakh,"68,000 kms",-0.3705939889526643,2354 cc,5 Seats,True,False,False,False,True,True,False,False,False,False
3038,1354,44 Lakh,"49,000 kms",0.3932277985732975,1498 cc,5 Seats,True,False,False,False,False,True,False,False,False,False
2864,52,4 Lakh,"1,20,000 kms",-1.643630301495934,796 cc,5 Seats,True,False,False,False,False,True,False,False,False,False
4258,1064,5.39 Lakh,"39,967 kms",0.1386205360646435,2179 cc,5 Seats,False,False,False,True,True,True,False,False,False,False
910,1145,8.45 Lakh,"72,000 kms",0.9024423235906056,2967 cc,5 Seats,True,False,False,False,True,True,False,False,False,False
2172,621,5.28 Lakh,"5,140 kms",0.6478350610819515,1498 cc,5 Seats,False,False,False,True,True,False,True,False,False,False
4950,1024,3.98 Lakh,"6,860 kms",0.3932277985732975,1086 cc,5 Seats,False,False,False,True,False,True,False,False,False,False
5166,1428,2.68 Lakh,"1,77,697 kms",-0.8798085139699723,1198 cc,5 Seats,True,False,False,False,True,False,True,False,False,False
1257,1580,19.90 Lakh,"27,133 kms",1.4116568486079133,4461 cc,7 Seats,True,False,False,False,False,True,False,False,False,False
4159,1447,3.86 Lakh,"10,879 kms",1.1570495860992591,1199 cc,5 Seats,False,False,False,True,True,True,False,False,False,False
5135,375,5.14 Lakh,"49,625 kms",0.1386205360646435,995 cc,5 Seats,False,False,False,True,True,True,False,False,False,False
1178,1635,"85,671 ","59,290 kms",-0.1159867264440103,2993 cc,5 Seats,False,False,False,True,True,False,False,False,True,False
4154,569,5.08 Lakh,"74,750 kms",-0.3705939889526643,1956 cc,5 Seats,True,False,False,False,False,True,False,False,False,False
4507,280,9.25 Lakh,"12,000 kms",1.6662641111165672,1493 cc,5 Seats,False,False,False,True,False,True,False,False,False,False
442,1505,19.49 Lakh,"38,391 kms",0.6478350610819515,1798 cc,5 Seats,False,False,False,True,False,True,False,False,False,False
3478,1662,9.81 Lakh,"19,909 kms",1.4116568486079133,1198 cc,5 Seats,True,False,False,False,True,True,False,False,False,False
5128,1829,5.59 Lakh,"29,797 kms",1.1570495860992591,1198 cc,5 Seats,False,False,False,True,True,True,False,False,False,False
2845,95,13 Lakh,"1,50,000 kms",-0.6252012514613183,1498 cc,5 Seats,True,False,False,False,False,False,False,True,False,False
5259,1568,12.50 Lakh,"32,500 kms",0.9024423235906056,1968 cc,5 Seats,True,False,False,False,True,True,False,False,False,False
1054,1586,7.25 Lakh,"68,315 kms",0.3932277985732975,1248 cc,5 Seats,True,False,False,False,True,False,True,False,False,False
3951,109,1.18 Lakh,"55,308 kms",-1.1344157764786262,2179 cc,5 Seats,True,False,False,False,True,True,False,False,False,False
4231,494,3.96 Lakh,"42,907 kms",0.3932277985732975,2982 cc,5 Seats,False,False,False,True,True,True,False,False,False,False
5459,852,1.30 Lakh,"1,55,000 kms",-1.3890230389872802,1248 cc,4 Seats,True,False,False,False,True,False,False,True,False,False
3976,1117,5.77 Lakh,"9,453 kms",1.6662641111165672,1086 cc,5 Seats,False,False,False,True,True,True,False,False,False,False
4692,945,5.81 Lakh,"1,03,448 kms",-0.3705939889526643,2179 cc,5 Seats,True,False,False,False,True,False,True,False,False,False
3164,234,2.35 Lakh,"66,974 kms",-0.3705939889526643,1396 cc,5 Seats,False,False,False,True,True,False,False,True,False,False
4043,1113,4.27 Lakh,"1,10,069 kms",0.6478350610819515,998 cc,5 Seats,False,False,False,True,True,True,False,False,False,False
3686,353,6.50 Lakh,"1,10,000 kms",0.3932277985732975,998 cc,5 Seats,True,False,False,False,True,False,True,False,False,False
1502,1119,5.25 Lakh,"12,000 kms",1.4116568486079133,1956 cc,5 Seats,False,False,False,True,True,True,False,False,False,False
2669,972,1.56 Lakh,"89,865 kms",-0.6252012514613183,1197 cc,7 Seats,False,False,False,True,True,True,False,False,False,False
4741,1075,1.93 Lakh,"1,26,761 kms",-0.6252012514613183,1498 cc,5 Seats,False,False,False,True,True,False,True,False,False,False
2011,1556,16.50 Lakh,"61,000 kms",0.3932277985732975,2523 cc,5 Seats,False,False,False,True,False,True,False,False,False,False
4182,232,1.53 Lakh,"76,438 kms",-1.1344157764786262,1956 cc,5 Seats,True,False,False,False,True,True,False,False,False,False
2916,24,57.80 Lakh,"16,000 kms",1.4116568486079133,1968 cc,5 Seats,False,False,False,True,False,False,False,False,False,False
4450,20,5.50 Lakh,"80,000 kms",-1.3890230389872802,1198 cc,5 Seats,True,False,False,False,False,False,False,False,True,False
4169,454,2.01 Lakh,"67,062 kms",-0.1159867264440103,2143 cc,5 Seats,False,False,False,True,True,False,True,False,False,False
6,1858,7.58 Lakh,"43,688 kms",0.3932277985732975,1197 cc,5 Seats,False,False,False,True,False,True,False,False,False,False
678,52,20.50 Lakh,"65,000 kms",0.3932277985732975,1298 cc,5 Seats,True,False,False,False,False,True,False,False,False,False
1943,1218,1.99 Lakh,"92,860 kms",-1.898237564004588,1896 cc,5 Seats,True,False,False,False,True,True,False,False,False,False
4144,45,46 Lakh,"65,000 kms",0.3932277985732975,2982 cc,5 Seats,True,False,False,False,False,True,False,False,False,False
5080,1047,9.98 Lakh,"11,689 kms",1.4116568486079133,1197 cc,5 Seats,False,False,False,True,True,True,False,False,False,False
2841,289,3.50 Lakh,"70,000 kms",-0.6252012514613183,1248 cc,5 Seats,True,False,False,False,True,False,True,False,False,False
4237,1042,6.48 Lakh,"33,877 kms",0.6478350610819515,1495 cc,5 Seats,False,False,False,True,True,True,False,False,False,False
3043,1841,4.90 Lakh,"1,00,000 kms",-0.1159867264440103,1198 cc,7 Seats,True,False,False,False,True,True,False,False,False,False
5077,972,3.25 Lakh,"44,000 kms",0.1386205360646435,1172 cc,5 Seats,False,False,False,True,True,True,False,False,False,False
1064,1114,4.43 Lakh,"74,295 kms",0.3932277985732975,1248 cc,5 Seats,False,False,False,True,True,True,False,False,False,False
3471,342,5.29 Lakh,"1,19,391 kms",-0.1159867264440103,1497 cc,7 Seats,True,False,False,False,True,True,False,False,False,False
2242,666,7.85 Lakh,"52,548 kms",0.3932277985732975,1497 cc,5 Seats,False,False,False,True,True,True,False,False,False,False
1474,1457,2.85 Lakh,"25,000 kms",0.1386205360646435,4367 cc,5 Seats,False,False,False,True,True,True,False,False,False,False
4686,1062,5.14 Lakh,"70,076 kms",0.1386205360646435,995 cc,5 Seats,True,False,False,False,True,False,False,True,False,False
1889,945,9 Lakh,"70,000 kms",-0.1159867264440103,1598 cc,5 Seats,True,False,False,False,True,True,False,False,False,False
4841,1262,1 Lakh,"59,726 kms",-3.425881139056512,1248 cc,5 Seats,False,False,False,True,True,True,False,False,False,False
2021,1381,5.50 Lakh,"90,786 kms",-2.1528448265132423,796 cc,5 Seats,True,False,False,False,True,False,True,False,False,False
4342,636,1.37 Lakh,"78,841 kms",-1.643630301495934,1196 cc,5 Seats,False,False,False,True,True,False,False,False,True,False
3866,910,14 Lakh,"7,700 kms",1.4116568486079133,1197 cc,5 Seats,False,False,False,True,True,True,False,False,False,False
2339,1496,32.60 Lakh,"60,400 kms",0.9024423235906056,1995 cc,5 Seats,True,False,False,False,False,True,False,False,False,False
1130,21,24.50 Lakh,"68,000 kms",0.1386205360646435,2755 cc,7 Seats,True,False,False,False,False,True,False,False,False,False
1461,1347,61 Lakh,"15,000 kms",1.4116568486079133,1498 cc,5 Seats,False,False,False,True,False,True,False,False,False,False
4996,706,2.52 Lakh,"26,786 kms",-1.3890230389872802,1197 cc,5 Seats,False,False,False,True,True,True,False,False,False,False
2822,642,"98,000 ","80,000 kms",-1.643630301495934,1498 cc,5 Seats,False,False,False,True,True,False,False,True,False,False
2780,133,"87,629 ","5,439 kms",-1.643630301495934,796 cc,5 Seats,False,False,False,True,True,True,False,False,False,False
222,720,22 Lakh,"69,619 kms",-0.3705939889526643,2179 cc,5 Seats,True,False,False,False,False,True,False,False,False,False
5382,45,46 Lakh,"65,000 kms",0.3932277985732975,1995 cc,5 Seats,True,False,False,False,False,True,False,False,False,False
48,1321,27 Lakh,"37,000 kms",0.6478350610819515,1991 cc,5 Seats,False,False,False,True,False,True,False,False,False,False
573,375,5.45 Lakh,"43,000 kms",0.1386205360646435,1968 cc,5 Seats,False,False,False,True,True,True,False,False,False,False
1236,803,39.65 Lakh,"11,000 kms",1.4116568486079133,1197 cc,5 Seats,True,False,False,False,False,False,True,False,False,False
4198,452,1.76 Lakh,"43,421 kms",-0.6252012514613183,1248 cc,5 Seats,False,False,False,True,True,False,True,False,False,False
5345,1678,3.50 Lakh,"80,000 kms",0.3932277985732975,1248 cc,5 Seats,True,False,False,False,True,True,False,False,False,False
4959,350,5.29 Lakh,"78,688 kms",-0.3705939889526643,2179 cc,5 Seats,False,False,False,True,True,False,True,False,False,False
2282,1035,4 Lakh,"50,000 kms",0.1386205360646435,998 cc,5 Seats,False,False,False,True,False,False,True,False,False,False
267,310,10.50 Lakh,"59,000 kms",-0.3705939889526643,2354 cc,5 Seats,False,False,False,True,False,True,False,False,False,False
1104,652,2.43 Lakh,"84,557 kms",-1.1344157764786262,1997 cc,7 Seats,False,False,False,True,True,True,False,False,False,False
2305,1234,9.75 Lakh,"44,599 kms",0.6478350610819515,1497 cc,5 Seats,True,False,False,False,True,True,False,False,False,False
1935,1341,32.75 Lakh,"80,000 kms",-0.3705939889526643,1968 cc,5 Seats,True,False,False,False,False,True,False,False,False,False
386,772,13.95 Lakh,"5,397 kms",1.4116568486079133,998 cc,5 Seats,False,False,False,True,True,True,False,False,False,False
4009,1184,5.73 Lakh,"24,117 kms",0.6478350610819515,1194 cc,7 Seats,False,False,False,True,True,True,False,False,False,False
5348,1379,5 Lakh,"1,88,000 kms",-2.1528448265132423,998 cc,5 Seats,True,False,False,False,True,False,True,False,False,False
2723,1185,5.70 Lakh,"27,729 kms",0.6478350610819515,1061 cc,5 Seats,False,False,False,True,True,True,False,False,False,False
4829,477,4.29 Lakh,"82,621 kms",0.6478350610819515,1591 cc,5 Seats,True,False,False,False,True,True,False,False,False,False
1563,326,9 Lakh,"20,000 kms",0.9024423235906056,1598 cc,5 Seats,False,False,False,True,True,True,False,False,False,False
4054,1014,5.69 Lakh,"34,302 kms",0.3932277985732975,1462 cc,5 Seats,False,False,False,True,True,True,False,False,False,False
209,926,11.25 Lakh,"30,000 kms",0.1386205360646435,1997 cc,7 Seats,True,False,False,False,False,True,False,False,False,False
909,704,5.65 Lakh,"72,000 kms",0.1386205360646435,1498 cc,5 Seats,False,False,False,True,True,True,False,False,False,False
1289,909,18.75 Lakh,"30,000 kms",1.1570495860992591,1451 cc,5 Seats,True,False,False,False,False,True,False,False,False,False
4166,1838,2.07 Lakh,"56,141 kms",-1.1344157764786262,814 cc,5 Seats,True,False,False,False,True,False,True,False,False,False
3295,1665,9.99 Lakh,"39,353 kms",1.1570495860992591,2755 cc,7 Seats,False,False,False,True,False,True,False,False,False,False
1842,1797,24.90 Lakh,"63,001 kms",0.9024423235906056,1462 cc,6 Seats,True,False,False,False,False,True,False,False,False,False
4513,1772,8.25 Lakh,"1,37,000 kms",-0.1159867264440103,1497 cc,5 Seats,True,False,False,False,True,False,True,False,False,False
3105,82,30 Lakh,"25,000 kms",0.9024423235906056,999 cc,5 Seats,True,False,False,False,False,True,False,False,False,False
958,978,3.78 Lakh,"5,000 kms",1.4116568486079133,2523 cc,5 Seats,False,False,False,True,True,True,False,False,False,False
1793,1713,7.75 Lakh,"50,000 kms",-0.8798085139699723,2982 cc,7 Seats,False,False,False,True,True,True,False,False,False,False
2088,1070,6.30 Lakh,"50,000 kms",0.3932277985732975,1498 cc,5 Seats,False,False,False,True,True,True,False,False,False,False
331,992,1.20 Lakh,"78,000 kms",-2.407452089021896,796 cc,5 Seats,False,False,False,True,True,False,True,False,False,False
3829,1221,3.10 Lakh,"1,00,000 kms",-0.8798085139699723,1248 cc,5 Seats,True,False,False,False,True,False,True,False,False,False
3320,848,3.66 Lakh,"70,222 kms",0.3932277985732975,1086 cc,5 Seats,False,False,False,True,True,True,False,False,False,False
4003,1197,7.50 Lakh,"13,499 kms",1.1570495860992591,1498 cc,5 Seats,False,False,False,True,False,True,False,False,False,False
1774,1354,49.50 Lakh,"45,000 kms",0.3932277985732975,2179 cc,7 Seats,True,False,False,False,False,True,False,False,False,False
2874,1146,2 Lakh,"1,46,000 kms",-0.8798085139699723,1498 cc,5 Seats,True,False,False,False,True,False,False,False,True,False
3282,1284,1.67 Lakh,"27,420 kms",-1.1344157764786262,1248 cc,5 Seats,False,False,False,True,True,True,False,False,False,False
4480,984,3.50 Lakh,"70,000 kms",0.9024423235906056,998 cc,5 Seats,False,False,False,True,True,True,False,False,False,False
3107,364,2 Lakh,"1,00,000 kms",-1.1344157764786262,1198 cc,5 Seats,False,False,False,True,True,False,False,True,False,False
3221,774,10.37 Lakh,"13,997 kms",1.4116568486079133,1299 cc,7 Seats,False,False,False,True,True,True,False,False,False,False
5496,1362,27.90 Lakh,"79,000 kms",-0.1159867264440103,2993 cc,5 Seats,True,False,False,False,False,True,False,False,False,False
4088,90,13 Lakh,"82,000 kms",-0.8798085139699723,2179 cc,5 Seats,True,False,False,False,False,True,False,False,False,False
4215,689,2.50 Lakh,"84,947 kms",-0.6252012514613183,1248 cc,5 Seats,False,False,False,True,True,False,False,True,False,False
1366,360,8.65 Lakh,"28,000 kms",0.6478350610819515,1950 cc,5 Seats,False,False,False,True,True,True,False,False,False,False
173,335,12.50 Lakh,"19,000 kms",1.6662641111165672,1497 cc,5 Seats,False,False,False,True,True,True,False,False,False,False
3833,1642,20 Lakh,"20,000 kms",1.6662641111165672,1373 cc,5 Seats,True,False,False,False,False,True,False,False,False,False
4038,834,4 Lakh,"51,482 kms",-0.6252012514613183,999 cc,6 Seats,True,False,False,False,True,True,False,False,False,False
3875,470,6 Lakh,"40,000 kms",0.6478350610819515,1405 cc,7 Seats,True,False,False,False,True,True,False,False,False,False
4811,1834,4.95 Lakh,"64,300 kms",-0.1159867264440103,796 cc,5 Seats,True,False,False,False,True,True,False,False,False,False
1952,571,3.75 Lakh,"37,125 kms",-1.1344157764786262,1497 cc,5 Seats,False,False,False,True,True,True,False,False,False,False
4827,1249,2.72 Lakh,"77,065 kms",-0.3705939889526643,1197 cc,5 Seats,False,False,False,True,True,True,False,False,False,False
2036,124,2.60 Lakh,"1,20,000 kms",-0.3705939889526643,1498 cc,5 Seats,True,False,False,False,True,True,False,False,False,False
3317,1005,5.55 Lakh,"73,994 kms",0.3932277985732975,1497 cc,5 Seats,True,False,False,False,True,False,True,False,False,False
4105,1415,4.35 Lakh,"1,00,000 kms",-0.1159867264440103,1995 cc,5 Seats,True,False,False,False,True,False,False,True,False,False
3603,171,6.50 Lakh,"90,000 kms",1.6662641111165672,998 cc,5 Seats,True,False,False,False,True,False,True,False,False,False
0,743,10.03 Lakh,"86,226 kms",0.3932277985732975,1956 cc,5 Seats,True,False,False,False,True,True,False,False,False,False
2174,379,3.80 Lakh,"2,40,521 kms",-0.1159867264440103,1995 cc,5 Seats,True,False,False,False,True,True,False,False,False,False
1356,903,6.58 Lakh,"68,364 kms",0.3932277985732975,1197 cc,5 Seats,True,False,False,False,True,False,True,False,False,False
4319,1561,7.98 Lakh,"9,789 kms",1.1570495860992591,2179 cc,5 Seats,False,False,False,True,True,True,False,False,False,False
2706,1756,13.47 Lakh,"1,55,124 kms",-0.1159867264440103,1197 cc,5 Seats,True,False,False,False,True,False,True,False,False,False
2689,853,8.58 Lakh,"21,716 kms",0.9024423235906056,1197 cc,5 Seats,True,False,False,False,True,True,False,False,False,False
396,1589,12.35 Lakh,"1,20,000 kms",0.3932277985732975,2179 cc,7 Seats,True,False,False,False,True,True,False,False,False,False
4148,1359,59.50 Lakh,"45,000 kms",0.1386205360646435,998 cc,5 Seats,True,False,False,False,False,False,True,False,False,False
2855,976,4.20 Lakh,"5,000 kms",1.6662641111165672,2179 cc,5 Seats,False,False,False,True,True,True,False,False,False,False
1812,1655,7.50 Lakh,"48,632 kms",0.6478350610819515,1498 cc,5 Seats,True,False,False,False,True,True,False,False,False,False
3226,244,"72,494 ","1,27,335 kms",-1.643630301495934,1248 cc,5 Seats,False,False,False,True,True,False,True,False,False,False
3784,296,7.23 Lakh,"65,370 kms",0.3932277985732975,998 cc,7 Seats,True,False,False,False,True,True,False,False,False,False
816,647,6.99 Lakh,"53,608 kms",0.6478350610819515,1197 cc,5 Seats,False,False,False,True,True,True,False,False,False,False
1572,641,1.58 Lakh,"1,02,820 kms",-1.3890230389872802,1462 cc,7 Seats,False,False,False,True,True,True,False,False,False,False
4420,1206,3.25 Lakh,"1,40,000 kms",-0.8798085139699723,1198 cc,5 Seats,True,False,False,False,True,False,True,False,False,False
1800,28,16 Lakh,"94,000 kms",-0.6252012514613183,2967 cc,7 Seats,True,False,False,False,False,False,True,False,False,False
2280,1147,2.55 Lakh,"90,000 kms",-1.898237564004588,998 cc,5 Seats,False,False,False,True,True,False,True,False,False,False
4365,1119,4.91 Lakh,"23,302 kms",1.4116568486079133,2179 cc,5 Seats,False,False,False,True,True,True,False,False,False,False
4173,460,1.75 Lakh,"57,607 kms",-0.6252012514613183,2967 cc,5 Seats,False,False,False,True,True,False,False,True,False,False
3796,1058,7.17 Lakh,"17,221 kms",0.9024423235906056,1396 cc,5 Seats,False,False,False,True,True,True,False,False,False,False
4762,1864,8.75 Lakh,"55,000 kms",0.3932277985732975,1461 cc,5 Seats,True,False,False,False,True,True,False,False,False,False
5046,519,5.44 Lakh,"5,273 kms",1.6662641111165672,1086 cc,5 Seats,False,False,False,True,False,True,False,False,False,False
4267,11,14.80 Lakh,"45,500 kms",-0.3705939889526643,1395 cc,5 Seats,True,False,False,False,False,True,False,False,False,False
4644,445,15.50 Lakh,"20,000 kms",1.4116568486079133,1298 cc,5 Seats,False,False,False,True,False,True,False,False,False,False
3666,541,7 Lakh,"50,000 kms",0.9024423235906056,1197 cc,5 Seats,False,False,False,True,True,True,False,False,False,False
3838,1210,4.50 Lakh,"25,000 kms",-0.3705939889526643,1248 cc,5 Seats,False,False,False,True,True,True,False,False,False,False
554,604,8.44 Lakh,"32,733 kms",0.6478350610819515,1086 cc,5 Seats,False,False,False,True,True,False,True,False,False,False
1159,27,13 Lakh,"56,500 kms",-0.3705939889526643,1582 cc,5 Seats,True,False,False,False,False,True,False,False,False,False
1213,1339,58 Lakh,"17,000 kms",1.1570495860992591,1950 cc,5 Seats,True,False,False,False,False,True,False,False,False,False
3536,1560,6.96 Lakh,"29,507 kms",1.1570495860992591,999 cc,5 Seats,False,False,False,True,True,True,False,False,False,False
1325,1295,17 Lakh,"68,000 kms",0.3932277985732975,4663 cc,5 Seats,False,False,False,True,False,True,False,False,False,False
4220,48,1.75 Crore,"11,500 kms",1.1570495860992591,2179 cc,5 Seats,False,False,False,True,False,True,False,False,False,False
2862,1253,2.90 Lakh,"60,000 kms",-0.1159867264440103,998 cc,5 Seats,False,False,False,False,True,False,False,True,False,False
700,571,3.75 Lakh,"37,125 kms",-1.1344157764786262,1497 cc,5 Seats,False,False,False,True,True,True,False,False,False,False
3828,234,1.45 Lakh,"30,000 kms",-1.3890230389872802,1497 cc,5 Seats,False,False,False,True,True,False,True,False,False,False
3720,1452,3.40 Lakh,"4,956 kms",0.6478350610819515,1199 cc,5 Seats,False,False,False,True,False,True,False,False,False,False
4012,1233,8.24 Lakh,"57,231 kms",0.9024423235906056,2179 cc,6 Seats,True,False,False,False,True,True,False,False,False,False
1455,537,4.75 Lakh,"86,000 kms",-0.8798085139699723,2987 cc,7 Seats,False,False,False,True,True,True,False,False,False,False
4620,1498,16.75 Lakh,"16,000 kms",1.6662641111165672,2179 cc,5 Seats,False,False,False,True,False,True,False,False,False,False
5300,421,10 Lakh,"80,000 kms",0.3932277985732975,1197 cc,5 Seats,True,False,False,False,True,True,False,False,False,False
2437,1211,5.30 Lakh,"17,222 kms",0.6478350610819515,1248 cc,5 Seats,False,False,False,True,True,True,False,False,False,False
866,984,3.30 Lakh,"65,000 kms",0.9024423235906056,1248 cc,5 Seats,False,False,False,True,True,True,False,False,False,False
1644,1193,7.55 Lakh,"31,000 kms",0.3932277985732975,1248 cc,5 Seats,False,False,False,True,True,True,False,False,False,False
4359,399,5.70 Lakh,"39,283 kms",0.3932277985732975,1591 cc,5 Seats,False,False,False,True,True,True,False,False,False,False
3418,641,2.27 Lakh,"76,974 kms",-0.8798085139699723,1498 cc,7 Seats,False,False,False,True,True,False,True,False,False,False
2941,429,14.27 Lakh,"38,507 kms",0.9024423235906056,1198 cc,5 Seats,True,False,False,False,False,True,False,False,False,False
1490,1081,5 Lakh,"18,000 kms",0.9024423235906056,2487 cc,5 Seats,False,False,False,False,True,True,False,False,False,False
2627,976,4.28 Lakh,"5,000 kms",1.6662641111165672,1197 cc,5 Seats,False,False,False,True,True,True,False,False,False,False
729,1263,3.31 Lakh,"60,000 kms",-0.1159867264440103,1197 cc,5 Seats,False,False,False,True,True,True,False,False,False,False
3288,1005,5.88 Lakh,"84,143 kms",0.9024423235906056,2494 cc,7 Seats,True,False,False,False,True,False,False,True,False,False
2988,1229,5.42 Lakh,"55,142 kms",0.1386205360646435,1493 cc,5 Seats,True,False,False,False,True,True,False,False,False,False
1936,81,9.50 Lakh,"82,000 kms",-0.6252012514613183,2487 cc,5 Seats,True,False,False,False,False,False,False,True,False,False
5354,1799,1.58 Crore,"56,000 kms",0.6478350610819515,1396 cc,4 Seats,True,False,False,False,False,True,False,False,False,False
1110,269,4.56 Lakh,"94,025 kms",0.3932277985732975,998 cc,5 Seats,False,False,False,True,True,True,False,False,False,False
4483,688,3.80 Lakh,"90,000 kms",-0.3705939889526643,1086 cc,5 Seats,False,False,False,True,True,True,False,False,False,False
5318,1337,76.25 Lakh,"2,000 kms",1.6662641111165672,1950 cc,5 Seats,True,False,False,False,False,True,False,False,False,False
2394,1262,4.30 Lakh,"96,909 kms",-0.1159867264440103,998 cc,5 Seats,False,False,False,True,True,True,False,False,False,False
1185,181,4.75 Lakh,"62,500 kms",-0.1159867264440103,2143 cc,5 Seats,True,False,False,False,True,True,False,False,False,False
2007,633,1.20 Lakh,"1,20,000 kms",-1.898237564004588,1498 cc,5 Seats,False,False,False,True,True,False,False,True,False,False
193,317,4 Lakh,"40,000 kms",-1.643630301495934,1497 cc,5 Seats,False,False,False,True,False,True,False,False,False,False
1515,1337,76.25 Lakh,"2,000 kms",1.6662641111165672,1498 cc,5 Seats,True,False,False,False,False,True,False,False,False,False
578,1408,3.60 Lakh,"59,000 kms",-0.6252012514613183,1199 cc,5 Seats,False,False,False,True,True,True,False,False,False,False
2123,946,5.50 Lakh,"1,60,000 kms",-0.8798085139699723,1991 cc,5 Seats,True,False,False,False,True,False,False,False,False,True
1429,566,5.60 Lakh,"42,234 kms",0.1386205360646435,2179 cc,7 Seats,True,False,False,False,True,False,True,False,False,False
771,1404,4.21 Lakh,"66,512 kms",-0.3705939889526643,1591 cc,5 Seats,True,False,False,False,True,False,True,False,False,False
2395,461,3.80 Lakh,"49,229 kms",0.3932277985732975,1197 cc,5 Seats,False,False,False,True,True,True,False,False,False,False
5457,506,10.90 Lakh,"83,000 kms",-0.3705939889526643,1353 cc,5 Seats,True,False,False,False,False,True,False,False,False,False
1846,1788,19.50 Lakh,"1,40,000 kms",0.6478350610819515,1248 cc,5 Seats,True,False,False,False,True,True,False,False,False,False
131,929,9.90 Lakh,"74,000 kms",0.3932277985732975,1997 cc,7 Seats,True,False,False,False,False,True,False,False,False,False
178,789,42.50 Lakh,"56,000 kms",0.6478350610819515,1999 cc,5 Seats,True,False,False,False,False,True,False,False,False,False
4926,51,40 Lakh,"18,000 kms",1.4116568486079133,1998 cc,5 Seats,False,False,False,True,False,True,False,False,False,False
3259,568,4.11 Lakh,"1,11,246 kms",-0.3705939889526643,1991 cc,5 Seats,True,False,False,False,True,False,False,True,False,False
3047,702,6.50 Lakh,"60,000 kms",0.3932277985732975,796 cc,7 Seats,True,False,False,False,True,False,True,False,False,False
3094,1357,1.04 Crore,"12,000 kms",1.4116568486079133,1598 cc,5 Seats,True,False,False,False,False,True,False,False,False,False
2868,1262,4.78 Lakh,"25,000 kms",1.1570495860992591,1086 cc,5 Seats,False,False,False,True,True,True,False,False,False,False
3607,1830,2.70 Lakh,"90,000 kms",-0.3705939889526643,1493 cc,5 Seats,False,False,False,True,True,False,True,False,False,False
2073,347,7.11 Lakh,"70,000 kms",0.1386205360646435,1197 cc,5 Seats,False,False,False,True,False,True,False,False,False,False
658,574,6.25 Lakh,"57,000 kms",0.1386205360646435,1197 cc,5 Seats,False,False,False,True,False,False,True,False,False,False
1896,272,4.80 Lakh,"50,000 kms",0.1386205360646435,1498 cc,7 Seats,False,False,False,True,True,False,False,True,False,False
4020,1094,4.72 Lakh,"22,718 kms",-0.1159867264440103,1497 cc,5 Seats,False,False,False,True,True,True,False,False,False,False
2221,1834,5.25 Lakh,"1,01,000 kms",-0.1159867264440103,1598 cc,5 Seats,True,False,False,False,True,True,False,False,False,False
2379,132,1.30 Lakh,"50,000 kms",-0.8798085139699723,2179 cc,7 Seats,False,False,False,True,True,False,True,False,False,False
3761,892,5.50 Lakh,"70,000 kms",-0.3705939889526643,1197 cc,5 Seats,True,False,False,False,True,True,False,False,False,False
342,992,"84,778 ","70,229 kms",-1.898237564004588,796 cc,5 Seats,False,False,False,True,True,False,False,False,True,False
3075,1112,5 Lakh,"80,000 kms",0.6478350610819515,2523 cc,5 Seats,False,False,False,True,False,True,False,False,False,False
727,1242,3.85 Lakh,"72,000 kms",-0.1159867264440103,1298 cc,5 Seats,False,False,False,False,True,True,False,False,False,False
4345,1211,5.02 Lakh,"60,548 kms",0.6478350610819515,936 cc,5 Seats,False,False,False,True,True,True,False,False,False,False
976,1209,3.70 Lakh,"90,000 kms",-0.1159867264440103,1956 cc,5 Seats,True,False,False,False,True,False,True,False,False,False
2457,635,2.89 Lakh,"45,950 kms",-0.6252012514613183,1956 cc,5 Seats,False,False,False,True,True,True,False,False,False,False
4307,1428,3.54 Lakh,"45,590 kms",-0.8798085139699723,2143 cc,5 Seats,True,False,False,False,True,False,True,False,False,False
1928,310,10.75 Lakh,"65,000 kms",-0.1159867264440103,1199 cc,5 Seats,False,False,False,True,False,True,False,False,False,False
4633,1686,6.10 Lakh,"2,640 kms",-3.425881139056512,1298 cc,5 Seats,False,False,False,True,False,True,False,False,False,False
3927,570,3.67 Lakh,"1,35,298 kms",-0.6252012514613183,1493 cc,5 Seats,True,False,False,False,True,False,True,False,False,False
1299,798,48.25 Lakh,"48,000 kms",0.9024423235906056,1995 cc,5 Seats,False,False,False,True,False,True,False,False,False,False
3626,1099,4.50 Lakh,"1,20,000 kms",-0.8798085139699723,1248 cc,5 Seats,True,False,False,False,True,True,False,False,False,False
5069,984,3.09 Lakh,"49,446 kms",0.3932277985732975,796 cc,5 Seats,False,False,False,True,True,True,False,False,False,False
660,813,15.95 Lakh,"28,000 kms",0.9024423235906056,1497 cc,5 Seats,False,False,False,True,False,True,False,False,False,False
1790,6,15 Lakh,"23,000 kms",-1.3890230389872802,2982 cc,7 Seats,False,False,False,True,False,True,False,False,False,False
4081,1183,4.59 Lakh,"39,592 kms",0.3932277985732975,1995 cc,5 Seats,False,False,False,True,True,True,False,False,False,False
3550,1256,"94,726 ","1,05,323 kms",-1.898237564004588,2179 cc,5 Seats,False,False,False,True,True,False,True,False,False,False
3606,122,1.10 Lakh,"70,000 kms",-1.898237564004588,1497 cc,5 Seats,False,False,False,True,True,False,False,False,True,False
3940,433,6.34 Lakh,"84,414 kms",0.1386205360646435,1248 cc,5 Seats,False,False,False,True,True,True,False,False,False,False
3871,1599,1.20 Lakh,"1,80,977 kms",-1.1344157764786262,998 cc,5 Seats,False,False,False,True,True,True,False,False,False,False
2647,613,4.50 Lakh,"50,000 kms",0.6478350610819515,1498 cc,5 Seats,True,False,False,False,True,True,False,False,False,False
3271,568,3.17 Lakh,"1,32,004 kms",-0.8798085139699723,2179 cc,5 Seats,True,False,False,False,True,False,False,True,False,False
1085,1426,6.51 Lakh,"73,656 kms",0.1386205360646435,1493 cc,7 Seats,True,False,False,False,False,True,False,False,False,False
3869,153,1.60 Lakh,"60,000 kms",-0.8798085139699723,1197 cc,5 Seats,False,False,False,True,True,True,False,False,False,False
1278,1278,12 Lakh,"35,000 kms",1.4116568486079133,1798 cc,5 Seats,False,False,False,True,False,True,False,False,False,False
3722,662,2.45 Lakh,"1,35,966 kms",-0.8798085139699723,998 cc,5 Seats,True,False,False,False,True,False,True,False,False,False
1621,901,8 Lakh,"44,000 kms",0.1386205360646435,1248 cc,7 Seats,True,False,False,False,True,True,False,False,False,False
3659,1601,"95,000 ","1,00,000 kms",-0.8798085139699723,1197 cc,5 Seats,True,False,False,False,True,False,True,False,False,False
3426,750,28.21 Lakh,"9,762 kms",1.4116568486079133,1248 cc,5 Seats,True,False,False,False,False,True,False,False,False,False
67,370,5.46 Lakh,"42,451 kms",0.1386205360646435,1199 cc,5 Seats,False,False,False,True,False,True,False,False,False,False
3119,650,2 Lakh,"1,20,000 kms",-1.1344157764786262,2179 cc,5 Seats,False,False,False,True,True,False,True,False,False,False
5205,178,4.45 Lakh,"82,347 kms",-0.3705939889526643,1197 cc,5 Seats,True,False,False,False,True,False,True,False,False,False
2269,972,3.50 Lakh,"15,000 kms",1.1570495860992591,1193 cc,5 Seats,False,False,False,True,True,True,False,False,False,False
3711,22,19.75 Lakh,"60,100 kms",-0.1159867264440103,1197 cc,5 Seats,True,False,False,False,False,False,True,False,False,False
4347,1416,4.14 Lakh,"99,348 kms",-0.3705939889526643,1248 cc,5 Seats,True,False,False,False,True,False,True,False,False,False
820,500,5.78 Lakh,"38,985 kms",1.1570495860992591,1197 cc,5 Seats,False,False,False,True,True,False,True,False,False,False
1226,326,9 Lakh,"20,000 kms",0.9024423235906056,1950 cc,5 Seats,False,False,False,True,True,True,False,False,False,False
3628,1518,7.50 Lakh,"80,000 kms",-0.1159867264440103,814 cc,5 Seats,True,False,False,False,False,True,False,False,False,False
4853,1024,3.75 Lakh,"58,213 kms",-0.3705939889526643,1086 cc,5 Seats,False,False,False,True,False,True,False,False,False,False
2367,103,1.60 Lakh,"1,20,000 kms",-2.1528448265132423,1199 cc,5 Seats,False,False,False,True,True,False,True,False,False,False
2589,1698,2.50 Lakh,"1,00,000 kms",0.6478350610819515,1248 cc,7 Seats,True,False,False,False,True,True,False,False,False,False
3322,1415,4.20 Lakh,"1,10,000 kms",-0.3705939889526643,1199 cc,5 Seats,True,False,False,False,True,True,False,False,False,False
4916,1004,5.50 Lakh,"35,000 kms",0.6478350610819515,1086 cc,5 Seats,True,False,False,False,True,True,False,False,False,False
4701,1862,4.92 Lakh,"80,746 kms",0.1386205360646435,1497 cc,5 Seats,True,False,False,False,False,False,False,True,False,False
4060,972,1.99 Lakh,"21,325 kms",-0.1159867264440103,1199 cc,5 Seats,False,False,False,True,True,False,True,False,False,False
1143,548,9.82 Lakh,"64,104 kms",0.9024423235906056,1968 cc,5 Seats,True,False,False,False,True,True,False,False,False,False
397,1582,25.75 Lakh,"2,000 kms",1.6662641111165672,1956 cc,5 Seats,True,False,False,False,False,True,False,False,False,False
4270,120,3.27 Lakh,"87,365 kms",-0.3705939889526643,1498 cc,5 Seats,True,False,False,False,True,True,False,False,False,False
5233,1302,13.75 Lakh,"40,000 kms",-0.6252012514613183,2143 cc,5 Seats,True,False,False,False,False,True,False,False,False,False
4096,101,1.15 Crore,"39,000 kms",0.9024423235906056,799 cc,5 Seats,False,False,False,True,False,True,False,False,False,False
1398,60,44.50 Lakh,"9,200 kms",1.1570495860992591,2755 cc,7 Seats,True,False,False,False,False,True,False,False,False,False
1659,1549,8 Lakh,"1,45,000 kms",-1.3890230389872802,1968 cc,5 Seats,False,False,False,True,False,False,True,False,False,False
2220,1561,8.50 Lakh,"15,000 kms",1.1570495860992591,1248 cc,5 Seats,False,False,False,True,True,True,False,False,False,False
979,1076,5.20 Lakh,"39,000 kms",1.1570495860992591,1582 cc,5 Seats,False,False,False,True,True,True,False,False,False,False
2331,1775,3.50 Lakh,"1,20,000 kms",-2.66205935153055,1197 cc,5 Seats,True,False,False,False,True,False,False,False,True,False
1298,89,45 Lakh,"25,500 kms",0.6478350610819515,2755 cc,7 Seats,False,False,False,True,False,True,False,False,False,False
2954,23,29.90 Lakh,"61,500 kms",0.3932277985732975,2967 cc,5 Seats,False,False,False,True,False,True,False,False,False,False
82,1092,5.25 Lakh,"58,000 kms",-0.6252012514613183,1248 cc,7 Seats,True,False,False,False,True,True,False,False,False,False
4695,1461,7.49 Lakh,"13,244 kms",1.4116568486079133,999 cc,5 Seats,False,False,False,True,True,True,False,False,False,False
2974,1765,7.93 Lakh,"1,41,834 kms",-0.1159867264440103,1197 cc,5 Seats,True,False,False,False,True,True,False,False,False,False
4311,1561,7.80 Lakh,"11,939 kms",1.1570495860992591,1197 cc,5 Seats,False,False,False,True,True,True,False,False,False,False
4874,1067,5.88 Lakh,"64,933 kms",-0.1159867264440103,1451 cc,5 Seats,True,False,False,False,True,False,True,False,False,False
2771,1286,1.12 Lakh,"18,322 kms",-1.898237564004588,1396 cc,5 Seats,False,False,False,True,True,True,False,False,False,False
423,1345,33.75 Lakh,"16,975 kms",0.9024423235906056,2143 cc,5 Seats,True,False,False,False,False,False,True,False,False,False
4778,972,3.45 Lakh,"10,666 kms",1.1570495860992591,1373 cc,5 Seats,False,False,False,True,True,True,False,False,False,False
1904,460,2.70 Lakh,"65,841 kms",0.1386205360646435,2179 cc,7 Seats,False,False,False,True,True,True,False,False,False,False
5005,855,7.46 Lakh,"1,17,512 kms",0.6478350610819515,1794 cc,5 Seats,True,False,False,False,True,True,False,False,False,False
4781,300,4.11 Lakh,"32,111 kms",0.3932277985732975,1248 cc,5 Seats,False,False,False,True,True,True,False,False,False,False
5340,410,18.90 Lakh,"16,000 kms",1.4116568486079133,3200 cc,7 Seats,False,False,False,True,False,True,False,False,False,False
1565,1440,5.75 Lakh,"49,000 kms",0.3932277985732975,1462 cc,7 Seats,False,False,False,True,True,False,True,False,False,False
4660,302,3 Lakh,"50,000 kms",-0.6252012514613183,1248 cc,5 Seats,False,False,False,True,True,True,False,False,False,False
839,908,16.50 Lakh,"12,200 kms",1.4116568486079133,1950 cc,5 Seats,True,False,False,False,True,True,False,False,False,False
500,1839,4.95 Lakh,"81,000 kms",-0.8798085139699723,1497 cc,5 Seats,True,False,False,False,True,False,True,False,False,False
141,1171,4.51 Lakh,"67,000 kms",0.3932277985732975,1248 cc,5 Seats,True,False,False,False,True,True,False,False,False,False
1377,1207,3.40 Lakh,"1,18,631 kms",-0.3705939889526643,1198 cc,5 Seats,True,False,False,False,True,True,False,False,False,False
4287,504,4.45 Lakh,"73,000 kms",0.1386205360646435,2143 cc,5 Seats,False,False,False,True,True,True,False,False,False,False
5402,1360,62.50 Lakh,"80,000 kms",0.3932277985732975,1998 cc,5 Seats,False,False,False,True,False,True,False,False,False,False
2266,1428,4 Lakh,"1,42,366 kms",-0.8798085139699723,1198 cc,5 Seats,True,False,False,False,True,True,False,False,False,False
2586,1266,3.50 Lakh,"20,000 kms",0.1386205360646435,995 cc,5 Seats,False,False,False,True,True,False,True,False,False,False
1138,65,40.50 Lakh,"55,000 kms",0.6478350610819515,1493 cc,5 Seats,True,False,False,False,False,False,True,False,False,False
2257,341,6.10 Lakh,"85,000 kms",-0.3705939889526643,1196 cc,7 Seats,True,False,False,False,True,True,False,False,False,False
3074,99,83 Lakh,"25,000 kms",1.1570495860992591,1396 cc,7 Seats,True,False,False,False,False,True,False,False,False,False
1787,428,14.50 Lakh,"19,000 kms",0.9024423235906056,1395 cc,5 Seats,False,False,False,True,False,True,False,False,False,False
3102,963,"70,000 ","60,000 kms",-1.3890230389872802,1799 cc,7 Seats,False,False,True,False,True,False,False,True,False,False
550,939,11.83 Lakh,"52,652 kms",0.9024423235906056,1497 cc,7 Seats,True,False,False,False,True,True,False,False,False,False
5097,1022,3.01 Lakh,"77,262 kms",-0.1159867264440103,1199 cc,5 Seats,True,False,False,False,True,True,False,False,False,False
2019,1150,1.50 Lakh,"1,00,000 kms",-2.1528448265132423,2835 cc,5 Seats,False,False,False,True,True,False,True,False,False,False
948,780,48.75 Lakh,"38,000 kms",1.1570495860992591,1799 cc,5 Seats,True,False,False,False,False,True,False,False,False,False
4710,268,3.71 Lakh,"65,027 kms",-0.3705939889526643,1199 cc,5 Seats,True,False,False,False,True,False,True,False,False,False
2704,1588,10.37 Lakh,"62,144 kms",0.6478350610819515,1197 cc,5 Seats,True,False,False,False,False,True,False,False,False,False
532,26,14 Lakh,"60,000 kms",-0.3705939889526643,1950 cc,5 Seats,True,False,False,False,False,False,False,True,False,False
3285,1166,5.19 Lakh,"47,131 kms",0.3932277985732975,1991 cc,5 Seats,False,False,False,True,False,True,False,False,False,False
1829,521,4.90 Lakh,"30,670 kms",0.9024423235906056,1197 cc,5 Seats,False,False,False,True,True,True,False,False,False,False
4531,1793,21 Lakh,"90,000 kms",0.9024423235906056,1493 cc,7 Seats,True,False,False,False,True,False,True,False,False,False
4872,940,7.73 Lakh,"73,230 kms",0.1386205360646435,2494 cc,5 Seats,True,False,False,False,True,True,False,False,False,False
4394,1457,2.75 Lakh,"47,000 kms",0.6478350610819515,1197 cc,5 Seats,False,False,False,True,True,True,False,False,False,False
1602,1207,6.90 Lakh,"39,500 kms",0.6478350610819515,2755 cc,7 Seats,True,False,False,False,True,True,False,False,False,False
2238,358,11.50 Lakh,"25,000 kms",0.6478350610819515,1199 cc,5 Seats,False,False,False,True,False,True,False,False,False,False
639,778,37 Lakh,"11,000 kms",0.3932277985732975,1198 cc,5 Seats,False,False,False,True,False,True,False,False,False,False
5325,873,18.50 Lakh,"35,000 kms",1.4116568486079133,796 cc,5 Seats,True,False,False,False,True,False,True,False,False,False
967,835,4 Lakh,"1,20,000 kms",-0.6252012514613183,1061 cc,5 Seats,True,False,False,False,True,False,False,False,True,False
4665,480,5.35 Lakh,"15,000 kms",0.9024423235906056,1798 cc,5 Seats,False,False,False,True,True,True,False,False,False,False
5501,708,7.50 Lakh,"45,000 kms",0.9024423235906056,2179 cc,5 Seats,False,False,False,True,True,True,False,False,False,False
1683,683,7.80 Lakh,"22,773 kms",0.9024423235906056,1199 cc,5 Seats,False,False,False,True,True,True,False,False,False,False
2248,608,4.50 Lakh,"1,00,000 kms",0.1386205360646435,1399 cc,7 Seats,True,False,False,False,True,True,False,False,False,False
4286,1067,5.35 Lakh,"93,000 kms",-0.1159867264440103,1197 cc,5 Seats,True,False,False,False,True,True,False,False,False,False
4930,1362,28.50 Lakh,"38,000 kms",-0.1159867264440103,1461 cc,5 Seats,True,False,False,False,False,False,True,False,False,False
2833,1139,6.70 Lakh,"60,000 kms",0.3932277985732975,1373 cc,5 Seats,True,False,False,False,True,False,True,False,False,False
155,225,4.30 Lakh,"44,000 kms",0.3932277985732975,1196 cc,5 Seats,False,False,False,True,True,True,False,False,False,False
2295,1033,5.80 Lakh,"46,364 kms",0.6478350610819515,1198 cc,5 Seats,False,False,False,True,False,True,False,False,False,False
3007,1176,6 Lakh,"25,000 kms",0.6478350610819515,2694 cc,5 Seats,False,False,False,True,True,True,False,False,False,False
3435,492,3.60 Lakh,"97,497 kms",0.1386205360646435,1498 cc,5 Seats,True,False,False,False,True,True,False,False,False,False
1089,996,5.85 Lakh,"88,658 kms",0.3932277985732975,2498 cc,6 Seats,False,False,False,True,True,True,False,False,False,False
5230,1348,56.50 Lakh,"24,000 kms",1.1570495860992591,2143 cc,5 Seats,True,False,False,False,False,True,False,False,False,False
2319,1016,7 Lakh,"80,000 kms",0.9024423235906056,1498 cc,5 Seats,False,False,False,True,True,True,False,False,False,False
4670,972,2.60 Lakh,"35,000 kms",0.1386205360646435,1598 cc,5 Seats,False,False,False,True,True,True,False,False,False,False
288,1660,4.18 Lakh,"24,374 kms",1.4116568486079133,0 cc,5 Seats,False,True,False,False,False,True,False,False,False,False
930,987,"65,000 ","60,000 kms",-2.66205935153055,1998 cc,5 Seats,False,False,False,True,True,False,True,False,False,False
3063,1840,1.30 Lakh,"90,000 kms",-1.3890230389872802,1086 cc,5 Seats,True,False,False,False,True,False,False,True,False,False
2885,972,3.80 Lakh,"20,000 kms",1.4116568486079133,1498 cc,5 Seats,False,False,False,True,True,True,False,False,False,False
2741,669,3.92 Lakh,"63,210 kms",-0.1159867264440103,1196 cc,5 Seats,True,False,False,False,True,False,False,False,True,False
5009,1402,2.75 Lakh,"45,000 kms",-1.3890230389872802,998 cc,5 Seats,False,False,False,True,True,True,False,False,False,False
4092,789,13 Lakh,"81,000 kms",0.1386205360646435,1498 cc,5 Seats,True,False,False,False,False,False,True,False,False,False
3563,744,13.90 Lakh,"42,035 kms",0.9024423235906056,1248 cc,5 Seats,True,False,False,False,True,True,False,False,False,False
3989,1184,4.45 Lakh,"97,679 kms",0.3932277985732975,1197 cc,5 Seats,False,False,False,True,True,False,True,False,False,False
942,1009,6.50 Lakh,"20,000 kms",1.1570495860992591,2400 cc,5 Seats,False,False,False,True,True,True,False,False,False,False
2354,1507,20.95 Lakh,"35,700 kms",0.3932277985732975,1197 cc,5 Seats,True,False,False,False,False,True,False,False,False,False
4384,1211,5.98 Lakh,"7,282 kms",1.1570495860992591,1248 cc,5 Seats,False,False,False,True,True,True,False,False,False,False
5142,269,3.58 Lakh,"71,834 kms",0.1386205360646435,1373 cc,5 Seats,False,False,False,True,True,True,False,False,False,False
1698,350,6.10 Lakh,"31,800 kms",-0.3705939889526643,1199 cc,5 Seats,False,False,False,True,True,True,False,False,False,False
5192,633,2.14 Lakh,"55,226 kms",-1.1344157764786262,1353 cc,5 Seats,False,False,False,True,True,False,True,False,False,False
5335,492,3.25 Lakh,"1,20,000 kms",-0.3705939889526643,1498 cc,5 Seats,True,False,False,False,True,True,False,False,False,False
4370,1189,3.46 Lakh,"1,35,969 kms",-0.8798085139699723,1968 cc,5 Seats,True,False,False,False,True,True,False,False,False,False
3402,1452,3.09 Lakh,"45,095 kms",0.3932277985732975,1248 cc,5 Seats,False,False,False,True,False,True,False,False,False,False
4852,1573,13.90 Lakh,"66,000 kms",0.9024423235906056,995 cc,7 Seats,True,False,False,False,True,True,False,False,False,False
985,341,9.50 Lakh,"1,47,947 kms",-0.1159867264440103,1061 cc,5 Seats,True,False,False,False,True,True,False,False,False,False
4099,178,5.49 Lakh,"50,000 kms",-0.3705939889526643,1598 cc,5 Seats,True,False,False,False,True,True,False,False,False,False
2644,999,5.49 Lakh,"19,493 kms",0.3932277985732975,796 cc,5 Seats,False,False,False,True,True,True,False,False,False,False
3914,984,2.20 Lakh,"43,500 kms",-0.3705939889526643,1197 cc,5 Seats,False,False,False,True,True,True,False,False,False,False
5266,1318,39 Lakh,"24,000 kms",1.1570495860992591,1498 cc,5 Seats,True,False,False,False,False,False,True,False,False,False
981,566,9.90 Lakh,"88,500 kms",0.3932277985732975,1197 cc,5 Seats,True,False,False,False,True,True,False,False,False,False
3012,1742,31 Lakh,"44,000 kms",0.9024423235906056,1198 cc,7 Seats,False,False,False,True,False,False,True,False,False,False
5021,1734,2.73 Lakh,"2,12,367 kms",-0.8798085139699723,1799 cc,4 Seats,True,False,False,False,True,True,False,False,False,False
3013,36,9.95 Lakh,"68,000 kms",-1.1344157764786262,1950 cc,5 Seats,True,False,False,False,False,False,False,True,False,False
3834,1145,9.50 Lakh,"60,000 kms",0.9024423235906056,999 cc,5 Seats,True,False,False,False,True,True,False,False,False,False
3562,536,"68,373 ","1,02,825 kms",-3.171273876547858,1997 cc,5 Seats,False,False,False,True,True,True,False,False,False,False
4773,1183,3.61 Lakh,"74,886 kms",-0.3705939889526643,1497 cc,5 Seats,False,False,False,True,True,True,False,False,False,False
3252,992,1.20 Lakh,"15,166 kms",-1.3890230389872802,3996 cc,5 Seats,False,False,False,True,True,True,False,False,False,False
4378,1260,2.82 Lakh,"1,31,022 kms",-0.1159867264440103,1198 cc,5 Seats,False,False,False,True,True,True,False,False,False,False
1457,1358,52 Lakh,"70,000 kms",0.1386205360646435,1582 cc,5 Seats,True,False,False,False,False,False,True,False,False,False
1395,1207,3.76 Lakh,"1,15,206 kms",-0.1159867264440103,1451 cc,5 Seats,True,False,False,False,True,True,False,False,False,False
264,146,2.70 Lakh,"55,000 kms",0.3932277985732975,799 cc,5 Seats,False,False,False,True,True,True,False,False,False,False
4619,51,40 Lakh,"18,000 kms",1.4116568486079133,1199 cc,7 Seats,False,False,False,True,False,True,False,False,False,False
929,701,5.25 Lakh,"70,000 kms",0.1386205360646435,1598 cc,5 Seats,False,False,False,True,True,False,False,True,False,False
3712,1440,7.95 Lakh,"30,000 kms",0.6478350610819515,1061 cc,5 Seats,False,False,False,True,True,True,False,False,False,False
2754,1241,3.78 Lakh,"7,848 kms",0.3932277985732975,1497 cc,6 Seats,False,False,False,True,False,True,False,False,False,False
2400,474,4.75 Lakh,"90,000 kms",0.3932277985732975,2494 cc,7 Seats,True,False,False,False,True,True,False,False,False,False
2178,1871,2.75 Lakh,"1,05,014 kms",-1.1344157764786262,998 cc,5 Seats,True,False,False,False,True,False,False,True,False,False
3256,1340,1.52 Crore,"47,000 kms",0.3932277985732975,1950 cc,5 Seats,False,False,False,True,False,False,True,False,False,False
246,395,8.25 Lakh,"24,000 kms",1.1570495860992591,1199 cc,5 Seats,False,False,False,True,True,True,False,False,False,False
1594,1155,3.20 Lakh,"40,000 kms",-1.3890230389872802,999 cc,7 Seats,False,False,False,True,True,True,False,False,False,False
1758,357,9.50 Lakh,"65,855 kms",0.9024423235906056,0 cc,5 Seats,False,False,False,True,False,True,False,False,False,False
5360,635,1.10 Lakh,"1,20,000 kms",-1.898237564004588,1598 cc,5 Seats,False,False,False,True,True,False,False,False,True,False
4224,40,44.75 Lakh,"27,000 kms",1.1570495860992591,1197 cc,5 Seats,True,False,False,False,False,False,True,False,False,False
923,1249,3.15 Lakh,"40,000 kms",-0.3705939889526643,2179 cc,5 Seats,False,False,False,True,True,True,False,False,False,False
2836,421,7.90 Lakh,"1,20,000 kms",0.1386205360646435,1498 cc,7 Seats,True,False,False,False,True,True,False,False,False,False
268,454,3.10 Lakh,"15,000 kms",0.6478350610819515,814 cc,5 Seats,False,False,False,True,True,True,False,False,False,False
669,324,3 Lakh,"77,132 kms",-0.8798085139699723,1498 cc,5 Seats,False,False,False,True,True,True,False,False,False,False
3313,358,9.50 Lakh,"33,851 kms",0.3932277985732975,1373 cc,5 Seats,False,False,False,True,False,True,False,False,False,False
1910,1252,3.40 Lakh,"75,270 kms",0.1386205360646435,1368 cc,5 Seats,False,False,False,False,True,True,False,False,False,False
3620,870,8.50 Lakh,"40,000 kms",-0.8798085139699723,1061 cc,5 Seats,True,False,False,False,True,True,False,False,False,False
1152,635,2.25 Lakh,"38,000 kms",-1.1344157764786262,1197 cc,5 Seats,False,False,False,True,True,True,False,False,False,False
5307,113,1.50 Lakh,"60,000 kms",-1.1344157764786262,936 cc,5 Seats,False,False,False,True,True,False,True,False,False,False
4141,702,4.61 Lakh,"31,202 kms",0.1386205360646435,2987 cc,7 Seats,True,False,False,False,True,False,False,True,False,False
2591,450,3 Lakh,"15,000 kms",0.3932277985732975,796 cc,6 Seats,False,False,False,True,True,True,False,False,False,False
4671,1415,5 Lakh,"70,000 kms",-0.1159867264440103,1590 cc,5 Seats,True,False,False,False,True,True,False,False,False,False
1781,482,5.25 Lakh,"19,400 kms",0.6478350610819515,1197 cc,5 Seats,False,False,False,True,True,True,False,False,False,False
2413,1532,5.05 Lakh,"70,354 kms",0.1386205360646435,1248 cc,5 Seats,False,False,False,True,False,False,True,False,False,False
2307,327,2.50 Lakh,"80,000 kms",-2.1528448265132423,1353 cc,5 Seats,False,False,False,True,True,True,False,False,False,False
2620,1838,1.80 Lakh,"80,000 kms",-1.3890230389872802,1396 cc,5 Seats,True,False,False,False,True,False,False,False,True,False
3616,255,3.20 Lakh,"82,000 kms",-0.6252012514613183,1968 cc,7 Seats,True,False,False,False,True,False,True,False,False,False
1915,1821,4.85 Lakh,"66,000 kms",-0.1159867264440103,2967 cc,5 Seats,True,False,False,False,True,True,False,False,False,False
612,333,1.58 Lakh,"86,108 kms",-2.407452089021896,1198 cc,5 Seats,False,False,False,True,True,True,False,False,False,False
3844,521,4.02 Lakh,"25,000 kms",0.9024423235906056,998 cc,7 Seats,False,False,False,True,True,True,False,False,False,False
2267,955,2.50 Lakh,"1,70,000 kms",-0.1159867264440103,796 cc,5 Seats,True,False,False,False,True,False,False,True,False,False
2533,568,2.95 Lakh,"50,000 kms",-0.8798085139699723,1086 cc,5 Seats,True,False,False,False,True,True,False,False,False,False
39,1457,3.26 Lakh,"34,972 kms",0.6478350610819515,799 cc,5 Seats,False,False,False,True,True,True,False,False,False,False
1898,294,8.50 Lakh,"30,000 kms",0.6478350610819515,1498 cc,5 Seats,True,False,False,False,True,True,False,False,False,False
1649,672,4.50 Lakh,"63,759 kms",-0.6252012514613183,1199 cc,5 Seats,False,False,False,True,True,True,False,False,False,False
4058,972,5 Lakh,"89,096 kms",0.1386205360646435,1591 cc,5 Seats,False,False,False,True,True,True,False,False,False,False
258,319,3.25 Lakh,"67,000 kms",-1.3890230389872802,1497 cc,5 Seats,False,False,False,True,True,False,True,False,False,False
4031,984,2.78 Lakh,"21,285 kms",0.3932277985732975,2523 cc,5 Seats,False,False,False,True,True,False,True,False,False,False
847,1136,5.50 Lakh,"2,682 kms",1.1570495860992591,1950 cc,5 Seats,False,False,False,True,False,True,False,False,False,False
4001,1778,5.63 Lakh,"1,95,346 kms",-0.6252012514613183,2179 cc,5 Seats,True,False,False,False,True,True,False,False,False,False
5260,1568,12.60 Lakh,"33,500 kms",0.9024423235906056,1991 cc,5 Seats,True,False,False,False,True,True,False,False,False,False
5272,72,60.50 Lakh,"50,000 kms",1.1570495860992591,1991 cc,5 Seats,True,False,False,False,False,True,False,False,False,False
1233,420,7.16 Lakh,"1,50,715 kms",-0.1159867264440103,1968 cc,5 Seats,True,False,False,False,False,True,False,False,False,False
1127,940,6.23 Lakh,"1,04,537 kms",-0.1159867264440103,2755 cc,7 Seats,True,False,False,False,True,True,False,False,False,False
4990,999,5.08 Lakh,"59,176 kms",0.3932277985732975,1462 cc,5 Seats,False,False,False,True,True,True,False,False,False,False
1967,131,"99,205 ","84,489 kms",-1.1344157764786262,998 cc,5 Seats,False,False,False,True,True,False,False,True,False,False
558,1069,6.30 Lakh,"43,168 kms",0.1386205360646435,1248 cc,5 Seats,False,False,False,True,True,True,False,False,False,False
904,1294,66 Lakh,"12,000 kms",0.1386205360646435,2179 cc,5 Seats,True,False,False,False,False,True,False,False,False,False
2614,763,12 Lakh,"10,000 kms",1.1570495860992591,1199 cc,7 Seats,False,False,False,True,True,True,False,False,False,False
484,181,9.65 Lakh,"43,203 kms",0.6478350610819515,1086 cc,5 Seats,True,False,False,False,True,False,True,False,False,False
2211,1182,4.70 Lakh,"98,836 kms",-0.6252012514613183,1598 cc,5 Seats,True,False,False,False,True,True,False,False,False,False
1320,97,56.50 Lakh,"34,000 kms",0.9024423235906056,1451 cc,6 Seats,True,False,False,False,False,True,False,False,False,False
2846,1180,4.20 Lakh,"60,000 kms",0.3932277985732975,814 cc,5 Seats,True,False,False,False,True,False,True,False,False,False
2555,1483,5.80 Lakh,"35,000 kms",1.1570495860992591,814 cc,5 Seats,False,False,False,True,True,True,False,False,False,False
7,396,11.60 Lakh,"14,470 kms",1.4116568486079133,1498 cc,5 Seats,True,False,False,False,True,True,False,False,False,False
2315,922,13.50 Lakh,"78,000 kms",1.1570495860992591,1086 cc,5 Seats,True,False,False,False,True,True,False,False,False,False
4676,247,5.10 Lakh,"1,00,000 kms",-0.8798085139699723,814 cc,5 Seats,False,False,False,True,False,True,False,False,False,False
3975,642,3.38 Lakh,"25,842 kms",0.1386205360646435,1197 cc,5 Seats,False,False,False,True,True,True,False,False,False,False
3867,999,5.50 Lakh,"1,10,000 kms",0.1386205360646435,796 cc,7 Seats,False,False,False,True,True,True,False,False,False,False
1450,44,18.75 Lakh,"43,000 kms",-0.3705939889526643,1969 cc,5 Seats,True,False,False,False,False,False,True,False,False,False
1201,1709,40.90 Lakh,"20,000 kms",0.9024423235906056,1998 cc,5 Seats,False,False,False,True,False,True,False,False,False,False
2426,639,2.81 Lakh,"37,418 kms",-0.6252012514613183,1497 cc,5 Seats,False,False,True,False,True,True,False,False,False,False
2648,992,"75,000 ","80,000 kms",-2.66205935153055,1197 cc,5 Seats,False,False,False,True,True,False,True,False,False,False
1814,1865,8.50 Lakh,"95,000 kms",0.6478350610819515,1950 cc,5 Seats,True,False,False,False,False,True,False,False,False,False
773,18,11.65 Lakh,"60,000 kms",-0.8798085139699723,2494 cc,5 Seats,True,False,False,False,False,False,False,True,False,False
2274,429,16 Lakh,"50,540 kms",0.9024423235906056,799 cc,5 Seats,True,False,False,False,False,True,False,False,False,False
1011,265,6.65 Lakh,"33,088 kms",1.4116568486079133,1197 cc,5 Seats,False,False,False,True,True,True,False,False,False,False
3411,41,11.02 Lakh,"86,594 kms",-1.643630301495934,1197 cc,5 Seats,True,False,False,False,False,False,False,True,False,False
2960,1009,6.53 Lakh,"8,201 kms",1.1570495860992591,1591 cc,5 Seats,False,False,False,True,True,True,False,False,False,False
1991,1175,2.57 Lakh,"47,832 kms",-1.3890230389872802,1193 cc,5 Seats,True,False,False,False,True,False,True,False,False,False
1277,1370,47.75 Lakh,"13,000 kms",-0.3705939889526643,1353 cc,5 Seats,True,False,False,False,False,False,True,False,False,False
1783,494,4.50 Lakh,"30,900 kms",-0.1159867264440103,2199 cc,7 Seats,False,False,False,True,True,True,False,False,False,False
3767,524,1.11 Lakh,"45,912 kms",-1.3890230389872802,796 cc,5 Seats,False,False,True,False,True,True,False,False,False,False
446,1002,8.25 Lakh,"67,000 kms",0.6478350610819515,1248 cc,5 Seats,True,False,False,False,True,True,False,False,False,False
880,429,8.50 Lakh,"1,08,000 kms",-0.1159867264440103,1497 cc,7 Seats,True,False,False,False,False,False,True,False,False,False
4919,279,4.75 Lakh,"45,000 kms",-0.3705939889526643,1998 cc,5 Seats,False,False,False,True,False,True,False,False,False,False
781,310,8.40 Lakh,"80,000 kms",-0.3705939889526643,1586 cc,5 Seats,False,False,False,True,False,False,True,False,False,False
2651,336,9 Lakh,"5,000 kms",1.6662641111165672,999 cc,5 Seats,True,False,False,False,True,True,False,False,False,False
1749,31,22.05 Lakh,"56,000 kms",-0.1159867264440103,1496 cc,5 Seats,True,False,False,False,False,True,False,False,False,False
2126,137,2.50 Lakh,"50,000 kms",0.1386205360646435,909 cc,5 Seats,False,False,False,True,True,False,False,True,False,False
4989,1249,2.61 Lakh,"69,843 kms",-0.3705939889526643,1197 cc,5 Seats,False,False,False,True,True,False,True,False,False,False
2423,177,4.84 Lakh,"90,992 kms",-0.3705939889526643,1498 cc,5 Seats,True,False,False,False,True,False,True,False,False,False
5379,1182,3.50 Lakh,"1,20,000 kms",-1.1344157764786262,1353 cc,5 Seats,True,False,False,False,True,True,False,False,False,False
4759,476,4.95 Lakh,"52,000 kms",0.6478350610819515,1196 cc,5 Seats,True,False,False,False,True,True,False,False,False,False
883,134,2.90 Lakh,"1,20,000 kms",-1.1344157764786262,1498 cc,5 Seats,True,False,False,False,True,False,True,False,False,False
4691,350,5.09 Lakh,"1,04,062 kms",-0.3705939889526643,1199 cc,5 Seats,False,False,False,True,True,False,True,False,False,False
1091,907,7.46 Lakh,"60,020 kms",0.3932277985732975,1462 cc,5 Seats,True,False,False,False,True,True,False,False,False,False
3906,877,8.75 Lakh,"1,20,000 kms",0.6478350610819515,1598 cc,5 Seats,True,False,False,False,True,False,True,False,False,False
3557,948,5.25 Lakh,"1,64,428 kms",-0.6252012514613183,796 cc,7 Seats,True,False,False,False,True,True,False,False,False,False
531,75,63.50 Lakh,"47,000 kms",0.3932277985732975,1968 cc,5 Seats,True,False,False,False,False,True,False,False,False,False
4366,604,7.48 Lakh,"38,990 kms",0.6478350610819515,2179 cc,5 Seats,False,False,False,True,True,False,True,False,False,False
2438,328,4.01 Lakh,"77,960 kms",-0.8798085139699723,1086 cc,5 Seats,False,False,False,True,True,False,True,False,False,False
5410,1890,68.50 Lakh,"7,000 kms",1.6662641111165672,1995 cc,5 Seats,False,False,False,True,False,True,False,False,False,False
5355,355,8.25 Lakh,"60,000 kms",0.6478350610819515,1497 cc,5 Seats,True,False,False,False,True,False,False,True,False,False
3381,832,3 Lakh,"1,10,000 kms",-1.1344157764786262,998 cc,5 Seats,True,False,False,False,True,False,False,True,False,False
4518,923,10.25 Lakh,"82,000 kms",0.9024423235906056,1248 cc,5 Seats,True,False,False,False,True,True,False,False,False,False
2290,1235,10.80 Lakh,"70,683 kms",0.6478350610819515,1198 cc,5 Seats,True,False,False,False,False,True,False,False,False,False
1727,904,7 Lakh,"50,000 kms",0.1386205360646435,1199 cc,5 Seats,True,False,False,False,False,True,False,False,False,False
610,56,16.75 Lakh,"50,000 kms",-0.3705939889526643,1497 cc,5 Seats,True,False,False,False,False,True,False,False,False,False
570,365,3.95 Lakh,"68,000 kms",-1.3890230389872802,1995 cc,5 Seats,False,False,False,True,False,True,False,False,False,False
3227,1229,7.50 Lakh,"26,201 kms",0.9024423235906056,1462 cc,7 Seats,True,False,False,False,True,True,False,False,False,False
3674,1127,2.15 Lakh,"72,000 kms",-1.1344157764786262,1368 cc,5 Seats,True,False,False,False,True,True,False,False,False,False
343,1795,17.25 Lakh,"83,000 kms",0.1386205360646435,2755 cc,8 Seats,True,False,False,False,False,False,True,False,False,False
3639,1211,3.05 Lakh,"50,000 kms",-0.6252012514613183,2494 cc,5 Seats,False,False,False,True,True,True,False,False,False,False
3808,1173,1.79 Lakh,"1,00,271 kms",-1.643630301495934,2179 cc,5 Seats,True,False,False,False,True,True,False,False,False,False
434,558,10.45 Lakh,"14,115 kms",0.9024423235906056,998 cc,5 Seats,False,False,False,True,True,True,False,False,False,False
1903,1396,3.28 Lakh,"76,018 kms",0.1386205360646435,1591 cc,5 Seats,False,False,False,True,True,True,False,False,False,False
97,1362,28.50 Lakh,"38,000 kms",-0.1159867264440103,2143 cc,5 Seats,True,False,False,False,False,False,True,False,False,False
2887,1180,5.10 Lakh,"34,000 kms",-0.1159867264440103,2179 cc,7 Seats,True,False,False,False,True,True,False,False,False,False
2069,702,5 Lakh,"60,000 kms",-0.6252012514613183,1896 cc,5 Seats,True,False,False,False,True,True,False,False,False,False
1537,1005,6.25 Lakh,"54,000 kms",0.6478350610819515,1956 cc,5 Seats,True,False,False,False,True,True,False,False,False,False
3459,984,3.61 Lakh,"26,360 kms",0.9024423235906056,1462 cc,7 Seats,False,False,False,True,True,True,False,False,False,False
4391,1207,4.22 Lakh,"88,559 kms",-0.1159867264440103,1198 cc,5 Seats,True,False,False,False,True,False,True,False,False,False
3000,1079,3.09 Lakh,"94,128 kms",0.6478350610819515,998 cc,5 Seats,False,False,False,True,True,True,False,False,False,False
1517,183,5.25 Lakh,"43,000 kms",0.1386205360646435,1196 cc,5 Seats,True,False,False,False,True,True,False,False,False,False
965,1239,4.26 Lakh,"25,000 kms",0.3932277985732975,2523 cc,7 Seats,False,False,False,True,False,True,False,False,False,False
4858,504,4.49 Lakh,"39,910 kms",0.3932277985732975,1462 cc,5 Seats,False,False,False,True,True,True,False,False,False,False
528,375,4.95 Lakh,"92,771 kms",0.1386205360646435,1591 cc,5 Seats,False,False,False,True,True,True,False,False,False,False
176,182,6.90 Lakh,"58,000 kms",0.6478350610819515,1498 cc,5 Seats,True,False,False,False,True,True,False,False,False,False
2470,664,6.83 Lakh,"79,385 kms",0.6478350610819515,1956 cc,5 Seats,True,False,False,False,True,False,True,False,False,False
4160,784,1.92 Crore,"40,000 kms",0.9024423235906056,1248 cc,4 Seats,False,False,False,True,False,True,False,False,False,False
3632,813,17.50 Lakh,"40,000 kms",1.4116568486079133,1197 cc,5 Seats,False,False,False,True,False,True,False,False,False,False
4730,1089,6.27 Lakh,"95,873 kms",0.1386205360646435,1197 cc,5 Seats,True,False,False,False,True,False,True,False,False,False
572,383,5.75 Lakh,"68,000 kms",0.1386205360646435,1199 cc,5 Seats,False,False,False,True,False,True,False,False,False,False
2784,972,2.39 Lakh,"25,000 kms",1.6662641111165672,1997 cc,5 Seats,False,False,False,True,True,True,False,False,False,False
592,757,19.21 Lakh,"20,000 kms",1.4116568486079133,1197 cc,5 Seats,False,False,False,True,False,True,False,False,False,False
4579,1266,1.66 Lakh,"81,929 kms",-1.1344157764786262,1197 cc,5 Seats,False,False,False,True,True,False,False,True,False,False
5508,79,64.90 Lakh,"29,000 kms",-0.1159867264440103,1968 cc,5 Seats,False,False,False,True,False,False,True,False,False,False
2374,1270,4.30 Lakh,"50,000 kms",0.6478350610819515,1061 cc,5 Seats,False,False,False,True,True,True,False,False,False,False
5174,1653,7.94 Lakh,"54,441 kms",0.9024423235906056,1364 cc,5 Seats,False,False,False,True,False,False,True,False,False,False
3896,503,6.25 Lakh,"23,000 kms",1.1570495860992591,1197 cc,7 Seats,False,False,False,True,True,True,False,False,False,False
3121,1335,67 Lakh,"8,900 kms",1.4116568486079133,1298 cc,5 Seats,False,False,False,True,False,True,False,False,False,False
2208,1207,5 Lakh,"50,000 kms",-0.3705939889526643,1197 cc,5 Seats,True,False,False,False,True,True,False,False,False,False
3101,1890,68.50 Lakh,"7,000 kms",1.6662641111165672,1493 cc,5 Seats,False,False,False,True,False,True,False,False,False,False
2492,1632,"60,000 ","39,000 kms",-1.3890230389872802,2523 cc,7 Seats,False,False,False,True,True,True,False,False,False,False
3336,965,"35,000 ","80,000 kms",-4.1897029265824735,1997 cc,5 Seats,False,False,False,True,True,False,True,False,False,False
383,755,15.65 Lakh,"31,727 kms",0.9024423235906056,1353 cc,5 Seats,False,False,False,True,True,False,True,False,False,False
852,1629,"60,000 ","16,700 kms",-1.3890230389872802,2523 cc,5 Seats,False,False,False,True,True,False,True,False,False,False
1880,665,5.90 Lakh,"48,000 kms",-0.1159867264440103,1186 cc,5 Seats,False,False,False,True,True,True,False,False,False,False
370,1798,54 Lakh,"67,000 kms",-1.1344157764786262,2982 cc,7 Seats,True,False,False,False,False,True,False,False,False,False
2873,525,1.30 Lakh,"60,000 kms",-1.1344157764786262,1497 cc,5 Seats,False,False,False,True,True,False,True,False,False,False
3724,272,3.77 Lakh,"35,128 kms",-0.1159867264440103,1248 cc,7 Seats,False,False,False,True,True,True,False,False,False,False
4761,492,4.50 Lakh,"54,000 kms",0.1386205360646435,998 cc,5 Seats,True,False,False,False,True,True,False,False,False,False
1105,1060,5.36 Lakh,"96,528 kms",0.3932277985732975,999 cc,5 Seats,True,False,False,False,True,True,False,False,False,False
3109,1294,66 Lakh,"12,000 kms",0.1386205360646435,796 cc,5 Seats,True,False,False,False,False,True,False,False,False,False
2361,245,1 Lakh,"50,000 kms",-2.1528448265132423,1493 cc,5 Seats,False,False,False,True,True,True,False,False,False,False
4436,1327,10 Lakh,"70,000 kms",-1.1344157764786262,1248 cc,5 Seats,False,False,False,True,False,False,True,False,False,False
1336,1184,6.40 Lakh,"30,000 kms",0.9024423235906056,1991 cc,5 Seats,False,False,False,True,True,True,False,False,False,False
2189,912,18.80 Lakh,"4,595 kms",1.6662641111165672,1968 cc,7 Seats,True,False,False,False,True,True,False,False,False,False
5063,999,5.08 Lakh,"59,407 kms",0.3932277985732975,1498 cc,5 Seats,False,False,False,True,True,True,False,False,False,False
4048,851,3.52 Lakh,"24,318 kms",0.3932277985732975,1199 cc,5 Seats,False,False,False,True,True,True,False,False,False,False
2807,816,15.70 Lakh,"30,000 kms",1.1570495860992591,796 cc,5 Seats,True,False,False,False,True,True,False,False,False,False
4032,1620,1.39 Lakh,"1,88,395 kms",-0.6252012514613183,1197 cc,5 Seats,True,False,False,False,True,True,False,False,False,False
5062,420,9.50 Lakh,"79,000 kms",0.1386205360646435,1197 cc,5 Seats,True,False,False,False,False,True,False,False,False,False
5342,95,29.75 Lakh,"85,000 kms",-0.1159867264440103,1997 cc,5 Seats,True,False,False,False,False,False,True,False,False,False
1171,1743,29 Lakh,"60,500 kms",0.3932277985732975,1248 cc,7 Seats,True,False,False,False,False,True,False,False,False,False
3133,1799,1.69 Crore,"27,000 kms",0.9024423235906056,1199 cc,4 Seats,True,False,False,False,False,True,False,False,False,False
3258,1421,1.75 Crore,"10,000 kms",0.9024423235906056,1061 cc,5 Seats,False,False,False,True,False,True,False,False,False,False
1422,65,40.50 Lakh,"55,000 kms",0.6478350610819515,1197 cc,5 Seats,True,False,False,False,False,False,True,False,False,False
2686,1284,1.54 Lakh,"25,347 kms",-1.3890230389872802,1196 cc,7 Seats,False,False,False,True,True,True,False,False,False,False
5074,984,2.69 Lakh,"48,603 kms",-0.1159867264440103,1197 cc,5 Seats,False,False,False,True,True,True,False,False,False,False
3200,330,3.13 Lakh,"1,17,699 kms",-0.8798085139699723,1197 cc,7 Seats,False,False,False,True,True,False,True,False,False,False
4578,1266,2.73 Lakh,"98,466 kms",-0.3705939889526643,2494 cc,5 Seats,False,False,False,True,True,True,False,False,False,False
1464,703,9.75 Lakh,"15,500 kms",1.6662641111165672,2755 cc,7 Seats,True,False,False,False,True,True,False,False,False,False
874,980,2 Lakh,"80,000 kms",-0.6252012514613183,1197 cc,7 Seats,False,False,False,True,True,False,False,False,True,False
2297,1654,10.30 Lakh,"15,000 kms",1.1570495860992591,1086 cc,5 Seats,False,False,False,True,False,True,False,False,False,False
2643,1291,"75,000 ","50,000 kms",-2.916666614039204,1186 cc,5 Seats,False,False,False,True,True,True,False,False,False,False
2815,109,1.17 Lakh,"50,000 kms",-0.8798085139699723,796 cc,5 Seats,True,False,False,False,True,True,False,False,False,False
5347,54,8 Lakh,"70,000 kms",-0.8798085139699723,1498 cc,5 Seats,True,False,False,False,False,False,False,True,False,False
1251,1352,71.50 Lakh,"24,900 kms",1.4116568486079133,1493 cc,5 Seats,True,False,False,False,False,True,False,False,False,False
3529,504,3.24 Lakh,"38,765 kms",-0.1159867264440103,1199 cc,5 Seats,False,False,False,True,True,True,False,False,False,False
840,414,6.90 Lakh,"23,000 kms",1.4116568486079133,1582 cc,5 Seats,False,False,False,True,True,True,False,False,False,False
3721,527,1.51 Lakh,"1,12,753 kms",-0.8798085139699723,998 cc,5 Seats,False,False,False,True,True,False,True,False,False,False
581,1183,5.85 Lakh,"41,000 kms",0.1386205360646435,1197 cc,5 Seats,False,False,False,True,True,True,False,False,False,False
204,1702,3.49 Lakh,"55,000 kms",-0.1159867264440103,1193 cc,5 Seats,False,False,False,True,True,True,False,False,False,False
1641,1049,8.65 Lakh,"46,000 kms",0.6478350610819515,1197 cc,5 Seats,False,False,False,True,False,True,False,False,False,False
2014,1805,12.15 Lakh,"11,400 kms",1.6662641111165672,1582 cc,5 Seats,False,False,False,True,False,True,False,False,False,False
905,656,6.90 Lakh,"84,250 kms",0.3932277985732975,1197 cc,8 Seats,True,False,False,False,True,False,True,False,False,False
631,1658,15.50 Lakh,"10,000 kms",1.6662641111165672,2993 cc,5 Seats,False,True,False,False,False,True,False,False,False,False
3751,995,"86,608 ","60,375 kms",-1.643630301495934,1197 cc,8 Seats,False,False,False,True,True,True,False,False,False,False
1974,1027,4.51 Lakh,"55,362 kms",0.3932277985732975,999 cc,5 Seats,False,False,False,False,True,True,False,False,False,False
162,756,18.25 Lakh,"27,305 kms",1.4116568486079133,1493 cc,5 Seats,True,False,False,False,False,True,False,False,False,False
3846,106,"75,000 ","15,000 kms",-1.898237564004588,1086 cc,5 Seats,False,False,False,True,True,True,False,False,False,False
3468,32,25.48 Lakh,"40,996 kms",0.9024423235906056,1462 cc,5 Seats,True,False,False,False,False,True,False,False,False,False
4958,1776,5.08 Lakh,"1,44,256 kms",-1.1344157764786262,1405 cc,5 Seats,True,False,False,False,True,False,True,False,False,False
5331,449,2.25 Lakh,"60,000 kms",0.1386205360646435,796 cc,5 Seats,False,False,False,True,True,True,False,False,False,False
617,647,2.64 Lakh,"80,502 kms",-1.1344157764786262,1368 cc,5 Seats,False,False,False,True,True,False,False,True,False,False
875,946,4.50 Lakh,"1,60,000 kms",-0.6252012514613183,2967 cc,5 Seats,True,False,False,False,True,False,True,False,False,False
1431,940,4.44 Lakh,"49,812 kms",-0.6252012514613183,1198 cc,5 Seats,True,False,False,False,True,False,True,False,False,False
3590,1570,12 Lakh,"80,000 kms",0.9024423235906056,2179 cc,5 Seats,True,False,False,False,True,True,False,False,False,False
547,1002,6.51 Lakh,"37,057 kms",0.3932277985732975,1798 cc,5 Seats,True,False,False,False,True,False,True,False,False,False
4786,1645,20.23 Lakh,"13,690 kms",1.6662641111165672,1995 cc,6 Seats,True,False,False,False,False,True,False,False,False,False
5014,482,4.54 Lakh,"74,334 kms",0.6478350610819515,796 cc,5 Seats,False,False,False,True,True,True,False,False,False,False
4649,1493,2.10 Lakh,"70,000 kms",-0.8798085139699723,1196 cc,5 Seats,True,False,False,False,True,False,True,False,False,False
5468,990,1.70 Lakh,"90,000 kms",-0.8798085139699723,1995 cc,5 Seats,False,False,False,True,True,False,True,False,False,False
5293,1349,38.90 Lakh,"69,000 kms",0.3932277985732975,2143 cc,5 Seats,True,False,False,False,False,True,False,False,False,False
2996,16,16.90 Lakh,"71,000 kms",-0.3705939889526643,1493 cc,5 Seats,True,False,False,False,False,True,False,False,False,False
4500,1746,27.01 Lakh,"1,14,000 kms",0.3932277985732975,1199 cc,5 Seats,True,False,False,False,True,True,False,False,False,False
1861,214,32.50 Lakh,"45,000 kms",0.9024423235906056,1497 cc,7 Seats,True,False,False,False,False,True,False,False,False,False
2659,1148,2.10 Lakh,"67,640 kms",-0.8798085139699723,796 cc,5 Seats,False,False,False,True,True,True,False,False,False,False
640,291,4.70 Lakh,"19,062 kms",-0.1159867264440103,1199 cc,5 Seats,False,False,False,True,True,True,False,False,False,False
3622,494,4.40 Lakh,"34,000 kms",0.1386205360646435,2179 cc,5 Seats,False,False,False,True,True,True,False,False,False,False
5384,491,3.70 Lakh,"80,000 kms",-0.3705939889526643,1968 cc,5 Seats,True,False,False,False,True,False,True,False,False,False
637,969,1.60 Lakh,"71,000 kms",-1.643630301495934,1984 cc,5 Seats,False,False,False,True,True,False,False,True,False,False
4508,1215,5.75 Lakh,"67,000 kms",0.3932277985732975,1197 cc,5 Seats,False,False,False,True,True,True,False,False,False,False
4145,948,4.62 Lakh,"81,153 kms",-0.6252012514613183,1995 cc,5 Seats,True,False,False,False,True,False,True,False,False,False
2308,535,1.65 Lakh,"1,20,000 kms",-2.1528448265132423,1198 cc,5 Seats,False,False,False,True,True,False,True,False,False,False
3621,1739,2.30 Lakh,"1,42,000 kms",-1.1344157764786262,1498 cc,5 Seats,True,False,False,False,True,True,False,False,False,False
2096,685,7.40 Lakh,"1,10,000 kms",0.9024423235906056,796 cc,5 Seats,True,False,False,False,True,True,False,False,False,False
2998,1694,4.14 Lakh,"10,098 kms",0.3932277985732975,1399 cc,5 Seats,False,False,False,True,True,True,False,False,False,False
3729,1247,2.50 Lakh,"90,098 kms",-0.6252012514613183,1197 cc,5 Seats,False,False,False,True,True,True,False,False,False,False
1372,1062,4.78 Lakh,"1,19,878 kms",-0.1159867264440103,1248 cc,5 Seats,True,False,False,False,True,True,False,False,False,False
3438,22,10.59 Lakh,"94,235 kms",-0.8798085139699723,1248 cc,5 Seats,True,False,False,False,False,False,False,True,False,False
921,1560,6.50 Lakh,"21,000 kms",1.1570495860992591,998 cc,5 Seats,False,False,False,True,True,True,False,False,False,False
546,1192,5.32 Lakh,"63,141 kms",-0.1159867264440103,1248 cc,5 Seats,False,False,False,True,True,True,False,False,False,False
1449,1338,44 Lakh,"65,000 kms",0.6478350610819515,1198 cc,5 Seats,False,False,False,True,False,True,False,False,False,False
2804,1229,8.10 Lakh,"30,000 kms",0.9024423235906056,1956 cc,8 Seats,True,False,False,False,True,True,False,False,False,False
2610,540,7.41 Lakh,"15,000 kms",1.4116568486079133,1497 cc,5 Seats,False,False,False,True,True,True,False,False,False,False
1900,344,7.25 Lakh,"60,000 kms",0.1386205360646435,998 cc,5 Seats,True,False,False,False,True,True,False,False,False,False
2757,701,5.12 Lakh,"38,463 kms",0.3932277985732975,2994 cc,5 Seats,False,False,False,True,True,False,True,False,False,False
2028,992,1.70 Lakh,"1,00,000 kms",-1.898237564004588,2179 cc,5 Seats,False,False,False,True,True,False,True,False,False,False
2301,1834,5.30 Lakh,"60,152 kms",-0.3705939889526643,2179 cc,5 Seats,True,False,False,False,True,True,False,False,False,False
1885,54,31.50 Lakh,"35,000 kms",0.3932277985732975,2179 cc,7 Seats,True,False,False,False,False,True,False,False,False,False
1642,1014,7.85 Lakh,"30,000 kms",0.3932277985732975,1197 cc,5 Seats,False,False,False,True,True,True,False,False,False,False
972,315,1.75 Lakh,"2,63,000 kms",-2.916666614039204,998 cc,5 Seats,False,False,False,True,True,True,False,False,False,False
5299,97,56.50 Lakh,"34,000 kms",0.9024423235906056,1199 cc,5 Seats,True,False,False,False,False,True,False,False,False,False
2097,1696,5.70 Lakh,"40,000 kms",0.9024423235906056,998 cc,7 Seats,False,False,False,True,True,True,False,False,False,False
4797,697,6.46 Lakh,"91,412 kms",0.9024423235906056,1198 cc,5 Seats,True,False,False,False,True,True,False,False,False,False
4211,276,7.25 Lakh,"72,000 kms",0.9024423235906056,1493 cc,5 Seats,True,False,False,False,True,True,False,False,False,False
4957,630,1.56 Lakh,"56,691 kms",-1.898237564004588,1248 cc,5 Seats,False,False,False,True,True,True,False,False,False,False
5473,1375,34.50 Lakh,"40,000 kms",0.3932277985732975,2400 cc,5 Seats,False,False,False,True,False,False,True,False,False,False
836,695,6.50 Lakh,"42,000 kms",1.1570495860992591,1461 cc,5 Seats,False,False,False,True,True,True,False,False,False,False
601,552,11.25 Lakh,"1,199 kms",1.4116568486079133,2143 cc,5 Seats,False,False,False,True,True,True,False,False,False,False
2184,420,8.90 Lakh,"1,38,314 kms",-0.1159867264440103,2755 cc,5 Seats,True,False,False,False,False,True,False,False,False,False
4388,1346,26.46 Lakh,"29,774 kms",0.9024423235906056,1248 cc,5 Seats,False,False,False,True,False,True,False,False,False,False
3001,899,5.16 Lakh,"38,979 kms",0.3932277985732975,796 cc,5 Seats,True,False,False,False,True,True,False,False,False,False
4742,1183,3.18 Lakh,"84,080 kms",-0.6252012514613183,1120 cc,5 Seats,False,False,False,True,True,False,True,False,False,False
1582,1180,3.27 Lakh,"1,20,450 kms",-0.3705939889526643,1198 cc,5 Seats,True,False,False,False,True,False,True,False,False,False
4698,385,6.23 Lakh,"94,834 kms",0.6478350610819515,1499 cc,5 Seats,False,False,False,True,False,True,False,False,False,False
3793,760,12.36 Lakh,"27,371 kms",0.9024423235906056,1248 cc,5 Seats,True,False,False,False,False,True,False,False,False,False
3299,669,5.74 Lakh,"59,326 kms",0.3932277985732975,1798 cc,5 Seats,True,False,False,False,True,False,True,False,False,False
1070,1838,2.58 Lakh,"1,22,571 kms",-0.6252012514613183,1399 cc,5 Seats,True,False,False,False,True,False,False,True,False,False
1775,82,36.75 Lakh,"23,000 kms",0.9024423235906056,1198 cc,6 Seats,True,False,False,False,False,True,False,False,False,False
5298,1368,51 Lakh,"40,000 kms",-0.1159867264440103,1956 cc,5 Seats,True,False,False,False,False,True,False,False,False,False
1283,1307,12.45 Lakh,"23,000 kms",-0.6252012514613183,2993 cc,5 Seats,True,False,False,False,False,True,False,False,False,False
4487,969,1.65 Lakh,"1,00,000 kms",-1.3890230389872802,998 cc,5 Seats,False,False,False,True,True,False,True,False,False,False
3970,1436,7.42 Lakh,"65,885 kms",0.9024423235906056,1956 cc,5 Seats,True,False,False,False,True,True,False,False,False,False
5241,1307,11.90 Lakh,"90,004 kms",-0.3705939889526643,1968 cc,5 Seats,True,False,False,False,False,False,False,True,False,False
1836,689,2.90 Lakh,"58,182 kms",-1.643630301495934,1248 cc,5 Seats,False,False,False,True,True,True,False,False,False,False
4672,1546,2.50 Lakh,"80,000 kms",-1.643630301495934,1995 cc,5 Seats,False,False,False,True,False,True,False,False,False,False
1019,956,2.59 Lakh,"1,51,026 kms",-0.3705939889526643,1598 cc,5 Seats,True,False,False,False,True,False,True,False,False,False
3889,1119,4.69 Lakh,"12,000 kms",1.4116568486079133,1197 cc,5 Seats,False,False,False,True,True,True,False,False,False,False
1326,997,5.25 Lakh,"75,000 kms",0.1386205360646435,1968 cc,5 Seats,False,False,False,True,False,True,False,False,False,False
2847,1620,1 Lakh,"40,000 kms",-1.1344157764786262,1997 cc,5 Seats,True,False,False,False,True,True,False,False,False,False
475,1349,48.75 Lakh,"22,000 kms",0.6478350610819515,2596 cc,5 Seats,True,False,False,False,False,True,False,False,False,False
2810,1078,4.20 Lakh,"1,10,000 kms",1.1570495860992591,936 cc,5 Seats,False,False,False,True,True,True,False,False,False,False
4885,696,5.68 Lakh,"25,890 kms",0.9024423235906056,1598 cc,5 Seats,False,False,False,True,True,True,False,False,False,False
1651,372,6.95 Lakh,"42,000 kms",0.3932277985732975,1197 cc,5 Seats,False,False,False,True,True,True,False,False,False,False
5122,922,9.68 Lakh,"67,534 kms",1.4116568486079133,1197 cc,5 Seats,True,False,False,False,True,True,False,False,False,False
4717,1838,2.79 Lakh,"77,863 kms",-0.6252012514613183,1498 cc,5 Seats,True,False,False,False,True,False,True,False,False,False
2528,665,4.35 Lakh,"47,000 kms",-0.1159867264440103,1197 cc,5 Seats,False,False,False,True,True,True,False,False,False,False
3153,642,1.80 Lakh,"1,11,408 kms",-1.1344157764786262,814 cc,5 Seats,False,False,False,True,True,True,False,False,False,False
2995,1700,2.80 Lakh,"1,69,306 kms",-0.3705939889526643,1196 cc,5 Seats,True,False,False,False,True,True,False,False,False,False
4769,1473,2.99 Lakh,"73,081 kms",-0.3705939889526643,2494 cc,5 Seats,True,False,False,False,True,True,False,False,False,False
1373,652,2.43 Lakh,"84,557 kms",-1.1344157764786262,1997 cc,7 Seats,False,False,False,True,True,True,False,False,False,False
739,672,4.79 Lakh,"50,827 kms",-0.1159867264440103,1197 cc,5 Seats,False,False,False,True,True,False,True,False,False,False
4428,352,10 Lakh,"50,000 kms",0.1386205360646435,1196 cc,5 Seats,False,False,False,True,True,True,False,False,False,False
5162,1074,4.78 Lakh,"21,330 kms",1.4116568486079133,1197 cc,5 Seats,False,False,False,True,True,True,False,False,False,False
867,404,1.70 Lakh,"73,000 kms",-1.3890230389872802,2925 cc,5 Seats,False,False,True,False,True,False,True,False,False,False
1140,549,10.24 Lakh,"24,237 kms",1.6662641111165672,2755 cc,7 Seats,True,False,False,False,True,True,False,False,False,False
997,1067,4.96 Lakh,"1,33,053 kms",0.1386205360646435,1198 cc,5 Seats,True,False,False,False,True,True,False,False,False,False
1337,214,31.49 Lakh,"44,000 kms",0.6478350610819515,1353 cc,5 Seats,True,False,False,False,False,True,False,False,False,False
541,1531,5.88 Lakh,"46,281 kms",0.1386205360646435,1199 cc,5 Seats,False,False,False,True,False,True,False,False,False,False
1099,32,17.50 Lakh,"39,356 kms",-0.1159867264440103,2143 cc,5 Seats,True,False,False,False,False,True,False,False,False,False
1132,1796,19.45 Lakh,"55,000 kms",0.9024423235906056,1497 cc,5 Seats,True,False,False,False,False,True,False,False,False,False
5346,1352,71.50 Lakh,"24,900 kms",1.4116568486079133,4461 cc,5 Seats,True,False,False,False,False,True,False,False,False,False
3286,1252,1.95 Lakh,"1,04,155 kms",-0.8798085139699723,1950 cc,8 Seats,False,False,False,False,True,True,False,False,False,False
2258,1264,4.30 Lakh,"62,000 kms",0.3932277985732975,1197 cc,5 Seats,False,False,False,True,True,True,False,False,False,False
4457,840,3.20 Lakh,"80,000 kms",0.3932277985732975,1197 cc,7 Seats,True,False,False,False,True,False,True,False,False,False
59,1711,13.90 Lakh,"54,000 kms",0.9024423235906056,1798 cc,5 Seats,False,False,False,True,True,True,False,False,False,False
3492,940,4.63 Lakh,"93,764 kms",-0.6252012514613183,1498 cc,5 Seats,True,False,False,False,True,False,True,False,False,False
1938,1709,18.75 Lakh,"98,000 kms",0.6478350610819515,1794 cc,5 Seats,False,False,False,True,False,True,False,False,False,False
4325,729,16.90 Lakh,"78,000 kms",0.6478350610819515,1197 cc,5 Seats,False,False,False,True,False,True,False,False,False,False
5440,82,27.50 Lakh,"33,000 kms",0.6478350610819515,2499 cc,5 Seats,True,False,False,False,False,False,True,False,False,False
2900,990,"90,000 ","1,00,000 kms",-2.1528448265132423,1248 cc,5 Seats,False,False,False,True,True,True,False,False,False,False
2813,182,6.50 Lakh,"53,000 kms",0.6478350610819515,1197 cc,6 Seats,True,False,False,False,True,True,False,False,False,False
2921,32,12.80 Lakh,"38,500 kms",-0.6252012514613183,796 cc,5 Seats,True,False,False,False,False,False,True,False,False,False
1078,530,"84,637 ","97,767 kms",-2.66205935153055,1198 cc,5 Seats,False,False,False,True,True,False,False,False,False,True
4681,1011,1.30 Lakh,"90,000 kms",-2.407452089021896,1582 cc,5 Seats,False,False,False,True,True,False,True,False,False,False
5179,147,2.19 Lakh,"62,876 kms",0.3932277985732975,1248 cc,5 Seats,False,False,False,True,True,True,False,False,False,False
5244,1298,12.90 Lakh,"67,000 kms",-0.6252012514613183,1998 cc,5 Seats,False,False,False,True,False,False,True,False,False,False
4696,1182,2.33 Lakh,"1,28,999 kms",-1.3890230389872802,1598 cc,5 Seats,True,False,False,False,True,False,True,False,False,False
2630,681,5.20 Lakh,"20,000 kms",0.3932277985732975,1498 cc,5 Seats,False,False,False,True,True,True,False,False,False,False
3008,605,9.07 Lakh,"36,006 kms",0.6478350610819515,2967 cc,7 Seats,False,False,False,True,True,True,False,False,False,False
940,1375,34.50 Lakh,"40,000 kms",0.3932277985732975,1197 cc,4 Seats,False,False,False,True,False,False,True,False,False,False
1080,269,5 Lakh,"53,931 kms",0.6478350610819515,1199 cc,5 Seats,False,False,False,True,True,True,False,False,False,False
187,485,6.25 Lakh,"28,387 kms",0.9024423235906056,1197 cc,5 Seats,False,False,False,True,False,True,False,False,False,False
3181,151,2.18 Lakh,"64,712 kms",-0.1159867264440103,998 cc,5 Seats,False,False,False,True,True,False,True,False,False,False
2085,349,5.95 Lakh,"76,357 kms",-0.1159867264440103,1061 cc,5 Seats,False,False,False,True,True,True,False,False,False,False
2249,435,12.80 Lakh,"27,726 kms",0.6478350610819515,1586 cc,5 Seats,False,False,False,True,True,True,False,False,False,False
5304,662,3 Lakh,"82,000 kms",-1.1344157764786262,1968 cc,5 Seats,True,False,False,False,True,True,False,False,False,False
5510,74,29.90 Lakh,"79,000 kms",-0.1159867264440103,2967 cc,6 Seats,True,False,False,False,False,False,False,True,False,False
2023,990,1.10 Lakh,"70,000 kms",-1.898237564004588,1461 cc,5 Seats,False,False,False,True,True,False,False,True,False,False
3244,492,3.48 Lakh,"99,561 kms",0.1386205360646435,1193 cc,5 Seats,True,False,False,False,True,True,False,False,False,False
1492,1709,40.90 Lakh,"20,000 kms",0.9024423235906056,1198 cc,5 Seats,False,False,False,True,False,True,False,False,False,False
4236,1350,43.75 Lakh,"27,000 kms",0.6478350610819515,1950 cc,5 Seats,False,False,False,True,False,True,False,False,False,False
226,1844,6.25 Lakh,"66,000 kms",-0.1159867264440103,1197 cc,5 Seats,False,False,False,True,False,True,False,False,False,False
4004,1016,6.91 Lakh,"21,094 kms",1.4116568486079133,1197 cc,5 Seats,False,False,False,True,True,True,False,False,False,False
2583,708,5.80 Lakh,"17,500 kms",0.9024423235906056,2982 cc,7 Seats,False,False,False,True,True,False,True,False,False,False
1929,1380,5.25 Lakh,"45,000 kms",-1.1344157764786262,2987 cc,5 Seats,False,False,False,True,False,True,False,False,False,False
3707,1348,58.75 Lakh,"18,000 kms",1.1570495860992591,2143 cc,5 Seats,True,False,False,False,False,True,False,False,False,False
4952,1846,2.76 Lakh,"39,818 kms",-1.3890230389872802,1497 cc,5 Seats,False,False,False,True,True,True,False,False,False,False
1404,1230,7.50 Lakh,"43,000 kms",0.6478350610819515,814 cc,5 Seats,True,False,False,False,False,True,False,False,False,False
2179,1488,8 Lakh,"27,174 kms",1.4116568486079133,2755 cc,5 Seats,False,False,False,True,False,True,False,False,False,False
697,1799,95 Lakh,"21,000 kms",0.6478350610819515,998 cc,7 Seats,True,False,False,False,False,True,False,False,False,False
1124,1249,3.75 Lakh,"30,404 kms",0.1386205360646435,1248 cc,5 Seats,False,False,False,True,True,True,False,False,False,False
3386,915,2 Lakh,"1,36,000 kms",-0.6252012514613183,1968 cc,5 Seats,True,False,False,False,True,False,True,False,False,False
3535,490,3.89 Lakh,"65,072 kms",-0.3705939889526643,1461 cc,5 Seats,True,False,False,False,True,True,False,False,False,False
1778,1537,4.30 Lakh,"70,000 kms",-0.3705939889526643,998 cc,5 Seats,False,False,False,True,True,False,True,False,False,False
2634,267,4 Lakh,"1,20,000 kms",0.1386205360646435,1399 cc,5 Seats,True,False,False,False,True,True,False,False,False,False
4767,706,2.40 Lakh,"77,537 kms",-1.3890230389872802,995 cc,5 Seats,False,False,False,True,True,False,True,False,False,False
1037,270,3.87 Lakh,"32,375 kms",0.1386205360646435,2179 cc,5 Seats,False,False,False,True,True,False,False,False,True,False
4600,1319,16.36 Lakh,"1,44,496 kms",0.1386205360646435,1497 cc,5 Seats,True,False,False,False,False,True,False,False,False,False
2256,986,4.25 Lakh,"57,988 kms",0.9024423235906056,1197 cc,5 Seats,False,False,False,True,False,True,False,False,False,False
5445,913,16.20 Lakh,"20,000 kms",1.4116568486079133,1197 cc,5 Seats,True,False,False,False,False,False,True,False,False,False
313,351,9.25 Lakh,"82,500 kms",0.3932277985732975,1497 cc,5 Seats,False,False,False,True,True,True,False,False,False,False
2649,1289,"90,000 ","78,527 kms",-2.916666614039204,1197 cc,5 Seats,False,False,False,True,True,True,False,False,False,False
2281,605,11.80 Lakh,"33,783 kms",0.9024423235906056,1199 cc,5 Seats,False,False,False,True,True,True,False,False,False,False
3774,972,2.60 Lakh,"72,000 kms",-0.1159867264440103,1197 cc,7 Seats,False,False,False,True,True,True,False,False,False,False
2547,585,7.23 Lakh,"24,494 kms",0.6478350610819515,1197 cc,7 Seats,True,False,False,False,True,True,False,False,False,False
1416,264,4.71 Lakh,"6,357 kms",0.3932277985732975,1497 cc,5 Seats,False,False,False,True,True,True,False,False,False,False
1036,1266,1.55 Lakh,"82,028 kms",-1.3890230389872802,1248 cc,5 Seats,False,False,False,True,True,False,True,False,False,False
2159,1485,8.11 Lakh,"7,309 kms",1.1570495860992591,1497 cc,5 Seats,False,False,False,True,False,True,False,False,False,False
4586,1116,4.83 Lakh,"73,140 kms",0.3932277985732975,1248 cc,5 Seats,False,False,False,True,True,True,False,False,False,False
1754,1538,4.20 Lakh,"68,000 kms",-0.3705939889526643,1197 cc,5 Seats,False,False,False,True,True,False,True,False,False,False
5129,1857,4.57 Lakh,"92,028 kms",-0.1159867264440103,1198 cc,5 Seats,False,False,False,True,False,False,True,False,False,False
3404,1569,15.42 Lakh,"32,638 kms",1.4116568486079133,2967 cc,5 Seats,True,False,False,False,True,True,False,False,False,False
3651,1433,4.75 Lakh,"73,000 kms",-0.1159867264440103,1248 cc,5 Seats,True,False,False,False,True,False,True,False,False,False
2520,462,1.95 Lakh,"60,000 kms",-0.1159867264440103,1956 cc,7 Seats,False,False,False,True,True,True,False,False,False,False
3891,988,1.40 Lakh,"60,000 kms",-1.3890230389872802,1198 cc,5 Seats,False,False,False,True,True,False,True,False,False,False
4055,400,6.46 Lakh,"25,943 kms",0.6478350610819515,1197 cc,5 Seats,False,False,False,True,True,False,True,False,False,False
5161,655,5.47 Lakh,"29,946 kms",0.3932277985732975,2609 cc,7 Seats,False,False,False,True,True,True,False,False,False,False
1506,98,29 Lakh,"83,005 kms",-0.3705939889526643,2143 cc,5 Seats,True,False,False,False,False,False,True,False,False,False
1923,1166,5.75 Lakh,"17,348 kms",0.3932277985732975,1498 cc,5 Seats,False,False,False,True,False,False,True,False,False,False
448,1831,6.75 Lakh,"62,000 kms",0.1386205360646435,1199 cc,5 Seats,False,False,False,True,True,True,False,False,False,False
4374,278,8.16 Lakh,"5,362 kms",1.6662641111165672,2179 cc,5 Seats,False,False,False,True,True,True,False,False,False,False
4442,271,4.70 Lakh,"70,000 kms",-0.1159867264440103,2179 cc,5 Seats,True,False,False,False,True,False,True,False,False,False
5475,1347,62 Lakh,"17,000 kms",1.4116568486079133,3996 cc,4 Seats,False,False,False,True,False,True,False,False,False,False
3100,1023,3.46 Lakh,"40,000 kms",0.3932277985732975,1995 cc,5 Seats,False,False,False,True,True,True,False,False,False,False
361,542,9.65 Lakh,"3,500 kms",1.6662641111165672,1197 cc,5 Seats,False,False,False,True,True,True,False,False,False,False
2183,1183,4.49 Lakh,"51,200 kms",-0.3705939889526643,1999 cc,5 Seats,False,False,False,True,True,False,True,False,False,False
1134,765,16.50 Lakh,"28,000 kms",1.4116568486079133,1197 cc,5 Seats,False,False,False,True,False,True,False,False,False,False
4399,451,1.90 Lakh,"60,000 kms",-0.8798085139699723,999 cc,5 Seats,False,False,False,True,True,False,True,False,False,False
2155,1705,3.75 Lakh,"58,602 kms",-0.1159867264440103,1197 cc,7 Seats,False,False,False,True,True,True,False,False,False,False
1830,1206,6.70 Lakh,"46,086 kms",0.6478350610819515,998 cc,5 Seats,True,False,False,False,True,True,False,False,False,False
1053,352,7.29 Lakh,"19,528 kms",0.1386205360646435,1497 cc,5 Seats,False,False,False,True,True,True,False,False,False,False
2460,810,17.95 Lakh,"9,000 kms",1.4116568486079133,1120 cc,5 Seats,True,False,False,False,True,True,False,False,False,False
22,1458,3.70 Lakh,"17,346 kms",0.9024423235906056,799 cc,5 Seats,False,False,False,True,True,True,False,False,False,False
2066,1684,5 Lakh,"5,000 kms",0.9024423235906056,1798 cc,5 Seats,False,False,False,True,True,True,False,False,False,False
1653,1211,6.75 Lakh,"40,000 kms",0.9024423235906056,1199 cc,5 Seats,False,False,False,True,True,True,False,False,False,False
3126,1187,3 Lakh,"85,000 kms",-1.643630301495934,1248 cc,5 Seats,False,False,False,True,True,True,False,False,False,False
3895,1183,4.70 Lakh,"80,000 kms",-0.1159867264440103,1086 cc,8 Seats,False,False,False,True,True,True,False,False,False,False
2743,139,1.60 Lakh,"27,352 kms",-0.3705939889526643,1248 cc,5 Seats,False,False,False,True,True,False,False,True,False,False
3388,984,3.25 Lakh,"40,000 kms",0.6478350610819515,1493 cc,5 Seats,False,False,False,True,True,True,False,False,False,False
4876,376,4.44 Lakh,"60,923 kms",0.1386205360646435,1248 cc,5 Seats,False,False,False,True,True,False,False,True,False,False
2468,338,3.90 Lakh,"38,733 kms",0.9024423235906056,1798 cc,5 Seats,False,False,False,True,True,True,False,False,False,False
2325,1148,2.50 Lakh,"60,000 kms",-1.1344157764786262,1498 cc,5 Seats,False,False,False,True,True,True,False,False,False,False
460,316,1.85 Lakh,"1,20,000 kms",-2.66205935153055,999 cc,5 Seats,False,False,False,True,True,False,True,False,False,False
1067,999,5.36 Lakh,"57,563 kms",0.6478350610819515,1197 cc,5 Seats,False,False,False,True,True,True,False,False,False,False
87,805,17.90 Lakh,"36,000 kms",1.4116568486079133,1956 cc,7 Seats,True,False,False,False,True,True,False,False,False,False
1430,552,11.50 Lakh,"10,000 kms",1.4116568486079133,1197 cc,5 Seats,False,False,False,True,True,True,False,False,False,False
3196,1739,3.40 Lakh,"13,814 kms",-0.8798085139699723,1451 cc,5 Seats,True,False,False,False,True,True,False,False,False,False
282,1307,16.50 Lakh,"58,500 kms",-0.6252012514613183,2143 cc,5 Seats,True,False,False,False,False,True,False,False,False,False
2483,972,2.10 Lakh,"45,000 kms",-0.3705939889526643,1198 cc,5 Seats,False,False,False,True,True,True,False,False,False,False
462,1341,30 Lakh,"1,00,000 kms",-0.6252012514613183,1086 cc,7 Seats,True,False,False,False,False,False,True,False,False,False
212,763,14 Lakh,"19,000 kms",1.1570495860992591,1497 cc,5 Seats,False,False,False,True,True,True,False,False,False,False
2588,1753,13 Lakh,"1,20,000 kms",-0.1159867264440103,998 cc,5 Seats,True,False,False,False,False,False,False,False,True,False
4844,1552,17.55 Lakh,"1,40,785 kms",0.3932277985732975,1582 cc,5 Seats,True,False,False,False,False,True,False,False,False,False
2907,1252,4.90 Lakh,"80,000 kms",0.9024423235906056,1998 cc,5 Seats,False,False,False,False,True,True,False,False,False,False
2581,231,1.25 Lakh,"70,000 kms",-1.1344157764786262,1461 cc,5 Seats,True,False,False,False,True,True,False,False,False,False
1368,1348,56.50 Lakh,"24,000 kms",1.1570495860992591,1798 cc,5 Seats,True,False,False,False,False,True,False,False,False,False
234,687,6.50 Lakh,"73,290 kms",0.6478350610819515,1396 cc,5 Seats,True,False,False,False,True,True,False,False,False,False
3353,1704,3.40 Lakh,"60,000 kms",0.1386205360646435,1399 cc,7 Seats,False,False,False,True,True,True,False,False,False,False
597,58,25.50 Lakh,"66,000 kms",0.1386205360646435,1991 cc,5 Seats,True,False,False,False,False,True,False,False,False,False
5405,1206,3.50 Lakh,"99,218 kms",-0.8798085139699723,1582 cc,6 Seats,True,False,False,False,True,True,False,False,False,False
2250,231,2.10 Lakh,"1,80,000 kms",-0.8798085139699723,1997 cc,5 Seats,True,False,False,False,True,False,True,False,False,False
4482,971,2.35 Lakh,"50,000 kms",0.1386205360646435,799 cc,5 Seats,False,False,False,False,True,False,True,False,False,False
2283,287,7.20 Lakh,"30,000 kms",0.9024423235906056,1198 cc,5 Seats,False,False,False,True,True,True,False,False,False,False
662,45,46.50 Lakh,"75,000 kms",0.1386205360646435,1498 cc,7 Seats,True,False,False,False,False,True,False,False,False,False
5469,1574,13.75 Lakh,"32,000 kms",0.9024423235906056,1999 cc,4 Seats,True,False,False,False,True,False,True,False,False,False
2285,140,3.25 Lakh,"25,000 kms",0.3932277985732975,1498 cc,5 Seats,False,False,False,True,True,False,True,False,False,False
5201,569,4.69 Lakh,"75,386 kms",-0.3705939889526643,1199 cc,5 Seats,True,False,False,False,False,False,False,True,False,False
3873,501,6.80 Lakh,"2,000 kms",1.4116568486079133,1186 cc,7 Seats,False,False,False,True,True,True,False,False,False,False
3588,1114,4.30 Lakh,"50,000 kms",0.6478350610819515,1498 cc,7 Seats,False,False,False,True,True,True,False,False,False,False
3024,714,74 Lakh,"9,900 kms",1.4116568486079133,1582 cc,5 Seats,True,False,False,False,False,True,False,False,False,False
4907,319,3.75 Lakh,"57,407 kms",-1.1344157764786262,1995 cc,5 Seats,False,False,False,True,True,False,True,False,False,False
779,347,9.45 Lakh,"31,441 kms",0.3932277985732975,1396 cc,5 Seats,False,False,False,True,False,True,False,False,False,False
2544,351,7.75 Lakh,"39,000 kms",0.3932277985732975,1798 cc,7 Seats,False,False,False,True,True,True,False,False,False,False
5327,117,4.10 Lakh,"80,000 kms",-0.8798085139699723,1120 cc,7 Seats,True,False,False,False,False,False,False,True,False,False
4126,682,5 Lakh,"90,000 kms",-0.1159867264440103,2179 cc,7 Seats,True,False,False,False,True,False,False,True,False,False
3984,384,5.78 Lakh,"91,449 kms",0.9024423235906056,1248 cc,7 Seats,False,False,False,True,True,True,False,False,False,False
3879,704,4.85 Lakh,"30,000 kms",-0.1159867264440103,1956 cc,5 Seats,False,False,False,True,True,True,False,False,False,False
4539,290,7.40 Lakh,"27,000 kms",0.9024423235906056,1582 cc,7 Seats,False,False,False,True,True,True,False,False,False,False
5328,1094,4 Lakh,"20,000 kms",-0.6252012514613183,1998 cc,5 Seats,False,False,False,True,True,True,False,False,False,False
685,1712,10 Lakh,"70,000 kms",0.3932277985732975,1598 cc,5 Seats,False,False,False,True,False,True,False,False,False,False
5443,1091,6.50 Lakh,"1,20,000 kms",0.1386205360646435,1353 cc,7 Seats,True,False,False,False,True,False,True,False,False,False
3326,629,2.25 Lakh,"80,000 kms",-1.643630301495934,2967 cc,7 Seats,False,False,False,True,True,False,False,True,False,False
4265,940,6.59 Lakh,"31,188 kms",-0.1159867264440103,1998 cc,5 Seats,True,False,False,False,True,True,False,False,False,False
2837,1682,3.70 Lakh,"50,000 kms",0.6478350610819515,1197 cc,5 Seats,False,False,False,True,True,True,False,False,False,False
2171,1224,1.83 Lakh,"94,301 kms",-1.898237564004588,2696 cc,5 Seats,False,False,False,True,True,True,False,False,False,False
4985,634,2.09 Lakh,"46,400 kms",-1.3890230389872802,1198 cc,5 Seats,False,False,False,True,True,True,False,False,False,False
1850,1862,9.50 Lakh,"79,100 kms",0.3932277985732975,1462 cc,6 Seats,True,False,False,False,False,True,False,False,False,False
487,1035,4.60 Lakh,"40,000 kms",0.3932277985732975,1498 cc,5 Seats,False,False,False,True,False,False,True,False,False,False
1688,1345,20.50 Lakh,"40,000 kms",0.1386205360646435,1197 cc,5 Seats,True,False,False,False,False,True,False,False,False,False
2230,285,6.65 Lakh,"1,10,000 kms",0.6478350610819515,2982 cc,5 Seats,True,False,False,False,True,True,False,False,False,False
3957,1412,5.51 Lakh,"61,894 kms",0.6478350610819515,1582 cc,5 Seats,True,False,False,False,True,True,False,False,False,False
2320,992,1.20 Lakh,"77,450 kms",-1.898237564004588,1197 cc,4 Seats,False,False,False,True,True,False,True,False,False,False
782,1149,2.85 Lakh,"65,115 kms",-1.3890230389872802,1199 cc,5 Seats,False,False,False,True,True,False,True,False,False,False
521,1001,5.83 Lakh,"32,590 kms",0.3932277985732975,1497 cc,5 Seats,False,False,False,True,True,True,False,False,False,False
522,351,6.99 Lakh,"45,423 kms",0.1386205360646435,1591 cc,5 Seats,False,False,False,True,True,False,True,False,False,False
3433,1207,2.07 Lakh,"89,807 kms",-1.3890230389872802,1396 cc,7 Seats,True,False,False,False,True,True,False,False,False,False
2939,239,5.43 Lakh,"84,280 kms",0.6478350610819515,1197 cc,5 Seats,True,False,False,False,True,True,False,False,False,False
4440,813,17 Lakh,"40,000 kms",1.4116568486079133,1248 cc,5 Seats,False,False,False,True,False,True,False,False,False,False
2398,1266,3.10 Lakh,"89,034 kms",-0.3705939889526643,998 cc,5 Seats,False,False,False,True,True,True,False,False,False,False
2207,429,15 Lakh,"71,230 kms",0.6478350610819515,1582 cc,5 Seats,True,False,False,False,False,True,False,False,False,False
4157,482,4.95 Lakh,"32,126 kms",0.9024423235906056,1998 cc,5 Seats,False,False,False,True,True,True,False,False,False,False
780,659,3.65 Lakh,"59,564 kms",-1.1344157764786262,2354 cc,5 Seats,True,False,False,False,True,True,False,False,False,False
4310,629,2.01 Lakh,"54,858 kms",-0.8798085139699723,1462 cc,5 Seats,False,False,False,True,True,False,True,False,False,False
4230,460,1.89 Lakh,"47,651 kms",-0.6252012514613183,1373 cc,5 Seats,False,False,False,True,True,False,True,False,False,False
1511,181,7.25 Lakh,"49,036 kms",0.3932277985732975,1595 cc,5 Seats,True,False,False,False,True,True,False,False,False,False
1882,413,7.75 Lakh,"40,000 kms",1.1570495860992591,1248 cc,5 Seats,True,False,False,False,True,True,False,False,False,False
651,435,9.11 Lakh,"45,005 kms",0.1386205360646435,1493 cc,5 Seats,False,False,False,True,True,True,False,False,False,False
3375,303,2.70 Lakh,"67,000 kms",-0.6252012514613183,1298 cc,5 Seats,False,False,False,True,True,False,True,False,False,False
3759,1697,5.97 Lakh,"38,207 kms",0.9024423235906056,998 cc,5 Seats,True,False,False,False,True,True,False,False,False,False
369,1550,14.65 Lakh,"79,776 kms",-0.1159867264440103,1968 cc,5 Seats,True,False,False,False,False,True,False,False,False,False
4819,1211,4.94 Lakh,"38,922 kms",0.6478350610819515,1197 cc,5 Seats,False,False,False,True,True,True,False,False,False,False
3235,1745,29.32 Lakh,"91,604 kms",1.1570495860992591,2179 cc,5 Seats,True,False,False,False,True,False,True,False,False,False
118,631,2.61 Lakh,"1,20,000 kms",-0.8798085139699723,1086 cc,5 Seats,False,False,False,True,True,False,True,False,False,False
4024,888,3.26 Lakh,"1,59,581 kms",-1.643630301495934,998 cc,5 Seats,True,False,False,False,True,True,False,False,False,False
3685,990,1.20 Lakh,"70,000 kms",-0.8798085139699723,2179 cc,5 Seats,False,False,False,True,True,True,False,False,False,False
2216,988,1.50 Lakh,"60,000 kms",-2.1528448265132423,1498 cc,5 Seats,False,False,False,True,True,False,False,True,False,False
4195,172,6.46 Lakh,"19,904 kms",1.1570495860992591,1248 cc,5 Seats,False,False,False,True,True,True,False,False,False,False
1613,423,10.25 Lakh,"52,000 kms",0.6478350610819515,1498 cc,7 Seats,True,False,False,False,True,True,False,False,False,False
2883,1408,2.75 Lakh,"60,000 kms",-0.8798085139699723,1396 cc,5 Seats,False,False,False,True,True,True,False,False,False,False
3528,319,2.52 Lakh,"71,456 kms",-1.643630301495934,1120 cc,5 Seats,False,False,False,True,True,True,False,False,False,False
962,886,3.50 Lakh,"1,10,000 kms",-1.3890230389872802,1461 cc,5 Seats,True,False,False,False,True,False,False,False,True,False
4967,189,8.86 Lakh,"11,988 kms",1.1570495860992591,1086 cc,7 Seats,False,False,False,True,True,True,False,False,False,False
2510,1124,1.20 Lakh,"35,000 kms",-0.6252012514613183,1199 cc,5 Seats,False,False,False,True,True,True,False,False,False,False
5176,323,4.07 Lakh,"48,096 kms",-0.8798085139699723,1599 cc,5 Seats,False,False,False,True,True,False,True,False,False,False
4200,86,40 Lakh,"10,000 kms",1.4116568486079133,1498 cc,5 Seats,False,False,False,True,False,True,False,False,False,False
4077,786,1.90 Crore,"68,500 kms",0.9024423235906056,1968 cc,5 Seats,True,False,False,False,False,True,False,False,False,False
359,348,4.99 Lakh,"96,505 kms",-0.8798085139699723,1497 cc,5 Seats,False,False,False,True,True,False,True,False,False,False
4328,350,6.75 Lakh,"57,264 kms",0.3932277985732975,1120 cc,5 Seats,False,False,False,True,True,True,False,False,False,False
2415,1233,9.80 Lakh,"65,000 kms",0.9024423235906056,1493 cc,5 Seats,True,False,False,False,True,True,False,False,False,False
5131,505,4.25 Lakh,"46,407 kms",0.1386205360646435,1248 cc,5 Seats,False,False,False,True,True,True,False,False,False,False
4663,825,10.20 Lakh,"30,000 kms",1.4116568486079133,796 cc,5 Seats,True,False,False,False,True,True,False,False,False,False
2185,715,42 Lakh,"66,614 kms",0.1386205360646435,1950 cc,4 Seats,True,False,False,False,False,True,False,False,False,False
3414,1199,2.50 Lakh,"84,132 kms",-0.8798085139699723,1582 cc,7 Seats,True,False,False,False,True,True,False,False,False,False
2567,140,1.60 Lakh,"25,000 kms",-0.3705939889526643,1497 cc,5 Seats,False,False,False,True,True,True,False,False,False,False
2037,161,3 Lakh,"1,00,000 kms",-0.3705939889526643,1396 cc,5 Seats,True,False,False,False,True,False,True,False,False,False
4693,129,1.34 Lakh,"73,672 kms",-0.6252012514613183,1497 cc,5 Seats,False,False,False,True,True,False,True,False,False,False
772,572,5.65 Lakh,"66,357 kms",-0.3705939889526643,2967 cc,5 Seats,False,False,False,True,False,False,True,False,False,False
1284,71,66 Lakh,"6,000 kms",1.6662641111165672,1968 cc,5 Seats,False,False,False,True,False,True,False,False,False,False
5073,1196,6.84 Lakh,"60,892 kms",0.6478350610819515,2179 cc,5 Seats,False,False,False,True,True,True,False,False,False,False
5223,1853,8.64 Lakh,"22,649 kms",1.4116568486079133,1950 cc,5 Seats,False,False,False,True,True,True,False,False,False,False
2587,1753,14 Lakh,"1,20,000 kms",-0.1159867264440103,998 cc,5 Seats,True,False,False,False,False,False,False,True,False,False
5044,1848,2.25 Lakh,"82,770 kms",-1.1344157764786262,1197 cc,5 Seats,False,False,False,True,True,False,False,True,False,False
1414,21,24.50 Lakh,"68,000 kms",0.1386205360646435,1198 cc,5 Seats,True,False,False,False,False,True,False,False,False,False
1234,641,1.58 Lakh,"1,02,820 kms",-1.3890230389872802,1996 cc,7 Seats,False,False,False,True,True,True,False,False,False,False
3265,1347,56.50 Lakh,"32,000 kms",1.1570495860992591,1582 cc,5 Seats,False,False,False,True,False,True,False,False,False,False
435,287,7.50 Lakh,"30,000 kms",0.9024423235906056,1199 cc,5 Seats,False,False,False,True,True,False,True,False,False,False
1674,1624,1.50 Lakh,"80,000 kms",-1.3890230389872802,1368 cc,5 Seats,True,False,False,False,True,True,False,False,False,False
365,488,4.70 Lakh,"89,680 kms",-0.1159867264440103,1197 cc,5 Seats,False,False,False,True,True,False,True,False,False,False
4320,1320,16 Lakh,"56,000 kms",-0.1159867264440103,1248 cc,5 Seats,True,False,False,False,False,False,True,False,False,False
231,766,16.75 Lakh,"51,001 kms",1.1570495860992591,1493 cc,5 Seats,True,False,False,False,False,True,False,False,False,False
4768,1249,2.39 Lakh,"55,026 kms",-0.6252012514613183,998 cc,7 Seats,False,False,False,True,True,True,False,False,False,False
147,552,10 Lakh,"14,500 kms",1.1570495860992591,998 cc,5 Seats,False,False,False,True,True,True,False,False,False,False
4938,129,"80,000 ","90,000 kms",-1.643630301495934,1461 cc,5 Seats,False,False,False,True,True,False,False,False,True,False
4831,303,3.22 Lakh,"45,162 kms",-0.1159867264440103,1956 cc,6 Seats,False,False,False,True,True,True,False,False,False,False
407,720,27.95 Lakh,"26,000 kms",0.1386205360646435,2179 cc,5 Seats,True,False,False,False,False,True,False,False,False,False
2090,379,5.50 Lakh,"1,10,000 kms",0.1386205360646435,1047 cc,5 Seats,True,False,False,False,True,False,True,False,False,False
86,361,10 Lakh,"24,000 kms",0.9024423235906056,1497 cc,5 Seats,False,False,False,True,True,True,False,False,False,False
844,1211,6.10 Lakh,"72,521 kms",0.6478350610819515,1493 cc,5 Seats,False,False,False,True,True,True,False,False,False,False
1031,996,5.37 Lakh,"1,24,763 kms",0.3932277985732975,2179 cc,7 Seats,False,False,False,True,True,True,False,False,False,False
4536,482,5.50 Lakh,"65,000 kms",0.6478350610819515,2198 cc,5 Seats,False,False,False,True,True,True,False,False,False,False
3885,901,6.20 Lakh,"80,000 kms",0.6478350610819515,1495 cc,5 Seats,True,False,False,False,True,False,True,False,False,False
3296,43,17.26 Lakh,"80,087 kms",-1.1344157764786262,1950 cc,5 Seats,True,False,False,False,False,False,False,True,False,False
2987,1397,1.39 Lakh,"77,464 kms",-0.8798085139699723,1498 cc,5 Seats,True,False,False,False,True,False,False,True,False,False
3919,221,1.25 Lakh,"1,26,700 kms",-1.643630301495934,1194 cc,5 Seats,False,False,False,True,True,True,False,False,False,False
2628,1009,5.25 Lakh,"35,000 kms",0.9024423235906056,998 cc,5 Seats,False,False,False,True,True,True,False,False,False,False
3209,138,3.04 Lakh,"18,732 kms",0.3932277985732975,1198 cc,5 Seats,False,False,False,True,True,True,False,False,False,False
855,1761,5.50 Lakh,"1,13,000 kms",-1.1344157764786262,4461 cc,5 Seats,True,False,False,False,True,True,False,False,False,False
4713,699,6.82 Lakh,"48,953 kms",0.6478350610819515,1197 cc,5 Seats,False,False,False,True,False,False,True,False,False,False
78,451,1.90 Lakh,"60,000 kms",-0.8798085139699723,814 cc,5 Seats,False,False,False,True,True,False,True,False,False,False
2992,288,5.61 Lakh,"76,012 kms",0.6478350610819515,814 cc,7 Seats,True,False,False,False,True,True,False,False,False,False
2247,700,7.52 Lakh,"15,000 kms",1.1570495860992591,1591 cc,5 Seats,False,False,False,True,True,True,False,False,False,False
3469,271,3.56 Lakh,"1,82,628 kms",0.1386205360646435,1197 cc,5 Seats,True,False,False,False,True,True,False,False,False,False
5038,140,2.87 Lakh,"34,729 kms",0.3932277985732975,1086 cc,5 Seats,False,False,False,True,True,True,False,False,False,False
5076,1332,17.75 Lakh,"63,000 kms",-1.1344157764786262,1197 cc,5 Seats,True,False,False,False,False,False,True,False,False,False
758,996,6.95 Lakh,"17,359 kms",0.1386205360646435,999 cc,5 Seats,False,False,False,True,True,True,False,False,False,False
3527,1094,7.86 Lakh,"44,458 kms",0.9024423235906056,1197 cc,5 Seats,False,False,False,True,True,True,False,False,False,False
4066,1737,2.20 Lakh,"1,49,852 kms",-1.1344157764786262,1950 cc,5 Seats,True,False,False,False,True,True,False,False,False,False
2279,369,3.80 Lakh,"1,00,000 kms",-0.1159867264440103,1591 cc,5 Seats,False,False,False,True,True,False,True,False,False,False
3269,665,5.14 Lakh,"44,357 kms",0.3932277985732975,1197 cc,7 Seats,False,False,False,True,True,False,True,False,False,False
3753,431,13.31 Lakh,"7,322 kms",0.9024423235906056,796 cc,5 Seats,False,False,False,True,True,False,True,False,False,False
4582,525,1.74 Lakh,"87,733 kms",-0.8798085139699723,1086 cc,5 Seats,False,False,False,True,True,False,False,True,False,False
4393,54,13.50 Lakh,"99,000 kms",-0.1159867264440103,1197 cc,7 Seats,True,False,False,False,False,True,False,False,False,False
4128,1312,62 Lakh,"4,000 kms",1.6662641111165672,1598 cc,5 Seats,True,False,False,False,False,True,False,False,False,False
2176,62,36.56 Lakh,"33,000 kms",0.3932277985732975,1598 cc,5 Seats,True,False,False,False,False,False,True,False,False,False
424,496,5.75 Lakh,"11,000 kms",0.6478350610819515,1197 cc,5 Seats,False,False,False,True,True,True,False,False,False,False
392,1754,17.50 Lakh,"89,000 kms",-0.3705939889526643,2982 cc,7 Seats,True,False,False,False,True,False,True,False,False,False
5211,1231,7.85 Lakh,"53,000 kms",0.3932277985732975,1498 cc,5 Seats,True,False,False,False,True,True,False,False,False,False
2239,1619,2.39 Lakh,"81,000 kms",-0.1159867264440103,1582 cc,5 Seats,True,False,False,False,True,False,True,False,False,False
104,31,24 Lakh,"38,000 kms",0.1386205360646435,1968 cc,5 Seats,True,False,False,False,False,True,False,False,False,False
2672,1162,2.75 Lakh,"60,726 kms",-0.8798085139699723,1086 cc,5 Seats,False,False,False,True,True,False,True,False,False,False
4502,1236,7.75 Lakh,"72,000 kms",0.1386205360646435,1498 cc,7 Seats,True,False,False,False,True,True,False,False,False,False
3682,472,"90,000 ","70,000 kms",-2.407452089021896,1199 cc,7 Seats,False,False,False,True,True,False,False,True,False,False
3802,1519,4.50 Lakh,"1,04,656 kms",-0.1159867264440103,1461 cc,5 Seats,True,False,False,False,False,True,False,False,False,False
3400,986,3.50 Lakh,"25,000 kms",0.3932277985732975,1248 cc,5 Seats,False,False,False,True,False,False,True,False,False,False
1948,1513,9.13 Lakh,"84,612 kms",-0.3705939889526643,998 cc,5 Seats,True,False,False,False,False,True,False,False,False,False
1459,584,10 Lakh,"63,500 kms",0.3932277985732975,1991 cc,5 Seats,True,False,False,False,False,True,False,False,False,False
3949,460,2.39 Lakh,"55,025 kms",0.1386205360646435,998 cc,5 Seats,False,False,False,True,True,True,False,False,False,False
5188,1249,1.89 Lakh,"90,509 kms",-1.1344157764786262,998 cc,5 Seats,False,False,False,True,True,True,False,False,False,False
4308,839,3.81 Lakh,"54,137 kms",0.6478350610819515,1998 cc,5 Seats,True,False,False,False,True,True,False,False,False,False
5375,1592,1.30 Lakh,"1,00,000 kms",-0.8798085139699723,998 cc,5 Seats,True,False,False,False,True,False,True,False,False,False
1587,1779,13.50 Lakh,"1,53,000 kms",-0.3705939889526643,1197 cc,5 Seats,True,False,False,False,True,True,False,False,False,False
4266,564,4.50 Lakh,"78,960 kms",-0.3705939889526643,1999 cc,5 Seats,True,False,False,False,True,False,True,False,False,False
1731,494,3.90 Lakh,"47,681 kms",-0.3705939889526643,1086 cc,5 Seats,False,False,False,True,True,True,False,False,False,False
5253,38,14.75 Lakh,"80,000 kms",-0.1159867264440103,2967 cc,5 Seats,True,False,False,False,False,False,False,True,False,False
5439,1280,"80,000 ","1,20,000 kms",-2.66205935153055,1248 cc,5 Seats,True,False,False,False,True,False,False,True,False,False
182,1136,4.80 Lakh,"41,370 kms",1.1570495860992591,998 cc,5 Seats,False,False,False,True,False,True,False,False,False,False
1791,1513,16 Lakh,"75,000 kms",-0.1159867264440103,1798 cc,5 Seats,True,False,False,False,False,True,False,False,False,False
2355,1009,6.80 Lakh,"35,000 kms",1.4116568486079133,1396 cc,5 Seats,False,False,False,True,True,True,False,False,False,False
1940,1715,3.25 Lakh,"95,000 kms",-1.643630301495934,1968 cc,5 Seats,False,False,False,True,False,False,False,True,False,False
702,571,3.52 Lakh,"87,013 kms",-0.6252012514613183,1497 cc,5 Seats,False,False,False,True,True,False,False,True,False,False
2442,527,1.21 Lakh,"1,21,761 kms",-1.898237564004588,1248 cc,5 Seats,False,False,False,True,True,True,False,False,False,False
3405,1119,4.89 Lakh,"21,513 kms",1.1570495860992591,1798 cc,7 Seats,False,False,False,True,True,True,False,False,False,False
496,1180,5 Lakh,"1,20,000 kms",-0.1159867264440103,2523 cc,5 Seats,True,False,False,False,True,False,True,False,False,False
4288,319,2.45 Lakh,"47,864 kms",-1.643630301495934,1781 cc,5 Seats,False,False,False,True,True,True,False,False,False,False
464,1436,8.75 Lakh,"70,000 kms",0.9024423235906056,1198 cc,5 Seats,True,False,False,False,True,True,False,False,False,False
3250,1033,3.46 Lakh,"7,999 kms",0.3932277985732975,5461 cc,4 Seats,False,False,False,True,False,False,True,False,False,False
4772,1202,3.64 Lakh,"58,766 kms",-0.1159867264440103,1248 cc,5 Seats,False,False,False,True,True,True,False,False,False,False
172,380,1.30 Lakh,"90,000 kms",-1.643630301495934,1198 cc,5 Seats,False,False,False,True,True,False,False,True,False,False
3727,265,3.50 Lakh,"1,18,424 kms",-0.3705939889526643,2982 cc,7 Seats,False,False,False,True,True,True,False,False,False,False
5286,798,48.25 Lakh,"48,000 kms",0.9024423235906056,1199 cc,5 Seats,False,False,False,True,False,True,False,False,False,False
2540,303,2.85 Lakh,"13,000 kms",-0.6252012514613183,1497 cc,5 Seats,False,False,False,True,True,True,False,False,False,False
3955,633,1.76 Lakh,"26,693 kms",-1.3890230389872802,1498 cc,7 Seats,False,False,False,True,True,False,True,False,False,False
3574,438,11 Lakh,"20,000 kms",1.1570495860992591,1396 cc,5 Seats,False,False,False,True,True,True,False,False,False,False
2260,641,3.90 Lakh,"65,000 kms",-1.1344157764786262,1582 cc,5 Seats,False,False,False,True,True,True,False,False,False,False
3084,836,4.70 Lakh,"60,000 kms",-0.3705939889526643,2143 cc,5 Seats,True,False,False,False,True,False,True,False,False,False
2112,625,4.10 Lakh,"1,20,000 kms",0.6478350610819515,1248 cc,5 Seats,False,False,False,False,True,False,True,False,False,False
900,82,30 Lakh,"25,000 kms",0.9024423235906056,1248 cc,5 Seats,True,False,False,False,False,True,False,False,False,False
1446,1185,6.50 Lakh,"65,000 kms",0.9024423235906056,1368 cc,5 Seats,False,False,False,True,True,True,False,False,False,False
1911,647,2.64 Lakh,"80,502 kms",-1.1344157764786262,1198 cc,5 Seats,False,False,False,True,True,False,False,True,False,False
2697,1682,3.51 Lakh,"31,043 kms",0.3932277985732975,1497 cc,5 Seats,False,False,False,True,True,True,False,False,False,False
3921,636,1.79 Lakh,"36,049 kms",-1.3890230389872802,1497 cc,5 Seats,False,False,False,True,True,True,False,False,False,False
741,61,65.75 Lakh,"7,000 kms",1.4116568486079133,998 cc,5 Seats,True,False,False,False,False,True,False,False,False,False
2293,1524,5.20 Lakh,"63,470 kms",-0.3705939889526643,998 cc,5 Seats,True,False,False,False,True,True,False,False,False,False
2452,1165,6.46 Lakh,"76,268 kms",0.3932277985732975,1197 cc,5 Seats,True,False,False,False,False,False,True,False,False,False
3167,516,4.36 Lakh,"17,535 kms",1.1570495860992591,1248 cc,5 Seats,False,False,False,True,True,True,False,False,False,False
4506,273,8.75 Lakh,"50,000 kms",0.9024423235906056,2494 cc,5 Seats,True,False,False,False,False,True,False,False,False,False
1206,419,8.95 Lakh,"85,000 kms",0.3932277985732975,1248 cc,5 Seats,True,False,False,False,False,True,False,False,False,False
509,178,6 Lakh,"80,000 kms",-0.6252012514613183,1248 cc,5 Seats,True,False,False,False,True,False,True,False,False,False
4577,1399,2.07 Lakh,"47,910 kms",-1.1344157764786262,1248 cc,5 Seats,False,False,False,True,True,False,False,True,False,False
3165,1619,1.40 Lakh,"2,27,904 kms",-0.3705939889526643,796 cc,7 Seats,True,False,False,False,True,True,False,False,False,False
3393,32,12.50 Lakh,"40,000 kms",-0.3705939889526643,998 cc,5 Seats,True,False,False,False,False,False,False,False,True,False
4016,241,5.62 Lakh,"26,404 kms",0.6478350610819515,1197 cc,5 Seats,False,False,False,True,True,True,False,False,False,False
1549,1885,44.75 Lakh,"20,000 kms",0.6478350610819515,1950 cc,5 Seats,True,False,False,False,False,True,False,False,False,False
3029,566,5.20 Lakh,"1,20,000 kms",0.1386205360646435,2487 cc,5 Seats,True,False,False,False,True,False,True,False,False,False
3961,627,3.03 Lakh,"17,725 kms",-0.6252012514613183,1461 cc,5 Seats,False,False,False,True,True,True,False,False,False,False
2202,701,6.50 Lakh,"25,000 kms",0.3932277985732975,796 cc,5 Seats,False,False,False,True,True,True,False,False,False,False
2566,999,4.50 Lakh,"25,000 kms",0.9024423235906056,796 cc,5 Seats,False,False,False,True,True,True,False,False,False,False
3240,1672,5.29 Lakh,"1,11,023 kms",0.1386205360646435,2198 cc,5 Seats,True,False,False,False,True,False,False,False,True,False
2044,1606,1.30 Lakh,"80,000 kms",-2.407452089021896,1498 cc,5 Seats,False,False,False,True,True,False,True,False,False,False
767,1211,6.75 Lakh,"10,218 kms",0.9024423235906056,1497 cc,5 Seats,False,False,False,True,True,True,False,False,False,False
5369,76,28 Lakh,"50,002 kms",-0.3705939889526643,1248 cc,5 Seats,True,False,False,False,False,False,True,False,False,False
1508,1354,44 Lakh,"49,000 kms",0.3932277985732975,1498 cc,5 Seats,True,False,False,False,False,True,False,False,False,False
3134,972,2.50 Lakh,"50,000 kms",0.3932277985732975,1198 cc,5 Seats,False,False,False,True,True,False,True,False,False,False
421,240,4.90 Lakh,"60,000 kms",0.6478350610819515,1194 cc,5 Seats,False,False,False,True,True,True,False,False,False,False
123,756,19.75 Lakh,"12,000 kms",1.6662641111165672,1493 cc,5 Seats,True,False,False,False,False,True,False,False,False,False
4585,1777,9.57 Lakh,"83,233 kms",-0.1159867264440103,998 cc,5 Seats,True,False,False,False,True,True,False,False,False,False
5449,1039,6.75 Lakh,"55,000 kms",0.3932277985732975,2199 cc,7 Seats,True,False,False,False,True,True,False,False,False,False
819,1459,3 Lakh,"24,744 kms",0.1386205360646435,1197 cc,5 Seats,False,False,False,True,True,True,False,False,False,False
1403,1368,71.50 Lakh,"18,000 kms",0.3932277985732975,1497 cc,5 Seats,True,False,False,False,False,True,False,False,False,False
1382,421,11.30 Lakh,"66,518 kms",0.9024423235906056,1582 cc,5 Seats,True,False,False,False,True,False,True,False,False,False
2148,412,7.50 Lakh,"31,000 kms",1.4116568486079133,1197 cc,5 Seats,False,False,False,False,True,True,False,False,False,False
4645,757,16.51 Lakh,"16,000 kms",1.4116568486079133,2179 cc,5 Seats,False,False,False,True,False,True,False,False,False,False
1575,1312,62 Lakh,"4,000 kms",1.6662641111165672,1461 cc,5 Seats,True,False,False,False,False,True,False,False,False,False
1638,1047,9.90 Lakh,"47,000 kms",1.1570495860992591,1598 cc,5 Seats,False,False,False,True,True,True,False,False,False,False
1795,1755,25.50 Lakh,"60,000 kms",0.1386205360646435,1984 cc,5 Seats,True,False,False,False,False,True,False,False,False,False
5305,330,3.50 Lakh,"67,000 kms",-1.1344157764786262,1991 cc,5 Seats,False,False,False,True,True,False,True,False,False,False
4915,1457,2.75 Lakh,"47,000 kms",0.6478350610819515,1197 cc,5 Seats,False,False,False,True,True,True,False,False,False,False
399,1091,9.45 Lakh,"65,000 kms",0.3932277985732975,1248 cc,7 Seats,True,False,False,False,True,False,True,False,False,False
3151,1247,"75,000 ","1,20,000 kms",-2.66205935153055,1248 cc,5 Seats,False,False,False,True,True,True,False,False,False,False
2310,270,3.25 Lakh,"60,000 kms",-0.3705939889526643,1248 cc,5 Seats,False,False,False,True,True,True,False,False,False,False
882,325,1.29 Lakh,"1,39,000 kms",-2.407452089021896,1995 cc,7 Seats,False,False,False,True,True,False,False,True,False,False
5479,716,67 Lakh,"9,000 kms",1.4116568486079133,1950 cc,7 Seats,False,False,False,True,False,True,False,False,False,False
4078,94,74.50 Lakh,"7,600 kms",1.6662641111165672,1995 cc,5 Seats,False,False,False,True,False,True,False,False,False,False
1352,907,7.72 Lakh,"46,365 kms",0.3932277985732975,1461 cc,5 Seats,True,False,False,False,True,True,False,False,False,False
3321,976,4.12 Lakh,"3,415 kms",1.4116568486079133,1086 cc,7 Seats,False,False,False,True,True,True,False,False,False,False
5018,1062,5.44 Lakh,"1,24,860 kms",0.1386205360646435,1461 cc,5 Seats,True,False,False,False,True,True,False,False,False,False
2130,1311,6.49 Lakh,"70,000 kms",-1.3890230389872802,2967 cc,5 Seats,True,False,False,False,False,False,True,False,False,False
982,984,3.60 Lakh,"49,000 kms",0.6478350610819515,1497 cc,5 Seats,False,False,False,True,True,True,False,False,False,False
456,215,1.80 Lakh,"80,000 kms",-2.1528448265132423,1388 cc,5 Seats,False,False,False,True,True,True,False,False,False,False
1486,1742,35 Lakh,"20,000 kms",1.1570495860992591,2987 cc,5 Seats,False,False,False,True,False,True,False,False,False,False
1079,1347,56.50 Lakh,"32,000 kms",1.1570495860992591,1248 cc,5 Seats,False,False,False,True,False,True,False,False,False,False
1950,1252,3.41 Lakh,"47,756 kms",0.1386205360646435,1591 cc,5 Seats,False,False,False,False,True,True,False,False,False,False
4750,862,10 Lakh,"75,000 kms",0.1386205360646435,1197 cc,5 Seats,True,False,False,False,True,False,True,False,False,False
689,1330,18.65 Lakh,"70,000 kms",-0.1159867264440103,1248 cc,5 Seats,True,False,False,False,False,True,False,False,False,False
2429,642,3.34 Lakh,"46,895 kms",-0.3705939889526643,1199 cc,5 Seats,False,False,False,True,True,False,True,False,False,False
641,400,8.35 Lakh,"28,000 kms",0.6478350610819515,2993 cc,5 Seats,False,False,False,True,True,True,False,False,False,False
2392,393,6.15 Lakh,"75,763 kms",-0.3705939889526643,1197 cc,5 Seats,False,False,False,True,True,True,False,False,False,False
2825,350,6.50 Lakh,"1,20,000 kms",0.3932277985732975,1498 cc,5 Seats,False,False,False,True,True,True,False,False,False,False
1953,571,3.52 Lakh,"87,013 kms",-0.6252012514613183,1598 cc,5 Seats,False,False,False,True,True,False,False,True,False,False
5189,528,1.32 Lakh,"76,154 kms",-1.898237564004588,1197 cc,5 Seats,False,False,True,False,True,False,True,False,False,False
3058,1799,1.58 Crore,"56,000 kms",0.6478350610819515,1199 cc,5 Seats,True,False,False,False,False,True,False,False,False,False
3349,516,4 Lakh,"3,700 kms",1.4116568486079133,1582 cc,5 Seats,False,False,False,True,True,True,False,False,False,False
4184,1335,67 Lakh,"8,900 kms",1.4116568486079133,1498 cc,5 Seats,False,False,False,True,False,True,False,False,False,False
2710,666,5.51 Lakh,"31,253 kms",0.3932277985732975,1368 cc,5 Seats,False,False,False,True,True,True,False,False,False,False
4044,454,2.21 Lakh,"45,039 kms",-0.1159867264440103,998 cc,5 Seats,False,False,False,True,True,True,False,False,False,False
4089,371,4.50 Lakh,"91,000 kms",-0.1159867264440103,2998 cc,5 Seats,False,False,False,True,True,True,False,False,False,False
5255,419,8.95 Lakh,"85,000 kms",0.3932277985732975,1950 cc,5 Seats,True,False,False,False,False,True,False,False,False,False
3547,1770,7.57 Lakh,"83,474 kms",-0.3705939889526643,1198 cc,8 Seats,True,False,False,False,True,False,True,False,False,False
1884,162,2 Lakh,"1,58,763 kms",-0.8798085139699723,2179 cc,7 Seats,True,False,False,False,True,True,False,False,False,False
4151,1750,7.03 Lakh,"89,611 kms",-1.3890230389872802,1497 cc,5 Seats,True,False,False,False,True,False,False,False,True,False
389,1183,4.75 Lakh,"80,000 kms",-0.6252012514613183,1197 cc,5 Seats,False,False,False,True,True,False,True,False,False,False
2494,1161,3.10 Lakh,"55,000 kms",-0.8798085139699723,1591 cc,5 Seats,False,False,False,True,True,True,False,False,False,False
3781,701,4.33 Lakh,"88,581 kms",-0.1159867264440103,2179 cc,5 Seats,False,False,False,True,True,True,False,False,False,False
3036,1750,8.50 Lakh,"80,000 kms",-1.1344157764786262,1598 cc,5 Seats,True,False,False,False,True,False,False,True,False,False
3504,554,10.73 Lakh,"29,707 kms",1.1570495860992591,1197 cc,5 Seats,False,False,False,True,False,True,False,False,False,False
845,88,60 Lakh,"19,000 kms",1.4116568486079133,998 cc,5 Seats,True,False,False,False,False,True,False,False,False,False
542,375,5.53 Lakh,"53,201 kms",0.3932277985732975,1798 cc,5 Seats,False,False,False,True,True,True,False,False,False,False
91,494,4.60 Lakh,"29,900 kms",-0.1159867264440103,1197 cc,5 Seats,False,False,False,True,True,True,False,False,False,False
5187,1089,6.91 Lakh,"88,972 kms",0.3932277985732975,1591 cc,5 Seats,True,False,False,False,True,False,True,False,False,False
3339,620,3.94 Lakh,"10,000 kms",0.9024423235906056,1582 cc,5 Seats,False,False,False,True,True,True,False,False,False,False
1979,1769,5.66 Lakh,"91,865 kms",-1.1344157764786262,1197 cc,5 Seats,True,False,False,False,True,True,False,False,False,False
3403,1735,2.04 Lakh,"30,056 kms",-1.1344157764786262,814 cc,7 Seats,False,False,False,True,True,False,True,False,False,False
3150,245,"50,000 ","45,000 kms",-2.1528448265132423,998 cc,5 Seats,False,False,False,True,True,False,True,False,False,False
4509,183,10.50 Lakh,"50,000 kms",1.1570495860992591,1956 cc,5 Seats,True,False,False,False,True,True,False,False,False,False
4694,1075,3.15 Lakh,"93,009 kms",0.3932277985732975,1498 cc,5 Seats,False,False,False,True,True,True,False,False,False,False
3935,616,3.17 Lakh,"1,34,163 kms",-0.1159867264440103,1197 cc,5 Seats,False,False,False,True,True,True,False,False,False,False
2964,980,1.34 Lakh,"1,40,511 kms",-1.1344157764786262,1086 cc,7 Seats,False,False,False,True,True,True,False,False,False,False
2529,1725,5.25 Lakh,"67,000 kms",0.1386205360646435,1582 cc,5 Seats,True,False,False,False,True,True,False,False,False,False
3532,342,5 Lakh,"1,55,769 kms",-0.3705939889526643,999 cc,5 Seats,True,False,False,False,True,True,False,False,False,False
1676,725,23.90 Lakh,"19,000 kms",1.4116568486079133,1462 cc,5 Seats,False,False,False,True,False,True,False,False,False,False
1048,492,2.65 Lakh,"1,34,698 kms",-0.6252012514613183,1197 cc,5 Seats,True,False,False,False,True,True,False,False,False,False
2949,576,5.37 Lakh,"69,271 kms",0.1386205360646435,1798 cc,5 Seats,False,False,False,True,True,True,False,False,False,False
1960,1249,2.38 Lakh,"98,554 kms",-0.8798085139699723,2993 cc,5 Seats,False,False,False,True,True,True,False,False,False,False
2530,523,1.50 Lakh,"40,000 kms",-1.898237564004588,1591 cc,5 Seats,False,False,False,True,True,True,False,False,False,False
4023,1119,4.92 Lakh,"15,536 kms",1.4116568486079133,1591 cc,5 Seats,False,False,False,True,True,True,False,False,False,False
4529,1744,29 Lakh,"95,000 kms",0.3932277985732975,1197 cc,7 Seats,True,False,False,False,False,True,False,False,False,False
237,319,3.40 Lakh,"1,07,500 kms",-1.3890230389872802,1497 cc,5 Seats,False,False,False,True,True,False,False,True,False,False
3593,972,3 Lakh,"25,000 kms",0.9024423235906056,793 cc,5 Seats,False,False,False,True,True,False,True,False,False,False
4163,913,15.58 Lakh,"17,280 kms",1.1570495860992591,624 cc,5 Seats,True,False,False,False,False,False,True,False,False,False
1133,454,2.30 Lakh,"67,885 kms",-0.6252012514613183,998 cc,5 Seats,False,False,False,True,True,True,False,False,False,False
2880,976,3 Lakh,"20,000 kms",0.3932277985732975,796 cc,5 Seats,False,False,False,True,True,True,False,False,False,False
1805,52,16 Lakh,"50,000 kms",-0.8798085139699723,2993 cc,5 Seats,True,False,False,False,False,True,False,False,False,False
5228,676,9.29 Lakh,"24,561 kms",1.4116568486079133,1405 cc,5 Seats,False,False,False,True,False,True,False,False,False,False
163,52,33 Lakh,"10,793 kms",0.9024423235906056,1995 cc,5 Seats,True,False,False,False,False,True,False,False,False,False
4165,480,4.68 Lakh,"24,623 kms",0.9024423235906056,2987 cc,7 Seats,False,False,False,True,True,False,True,False,False,False
5246,722,22.90 Lakh,"79,004 kms",-0.8798085139699723,1498 cc,5 Seats,True,False,False,False,False,False,True,False,False,False
5193,1249,2.11 Lakh,"83,436 kms",-0.8798085139699723,1582 cc,5 Seats,False,False,False,True,True,False,True,False,False,False
4053,1184,5.20 Lakh,"20,582 kms",0.3932277985732975,796 cc,5 Seats,False,False,False,True,True,True,False,False,False,False
4139,999,4.91 Lakh,"26,320 kms",0.3932277985732975,1199 cc,5 Seats,False,False,False,True,True,True,False,False,False,False
3882,1597,1 Lakh,"1,20,000 kms",-1.3890230389872802,1197 cc,5 Seats,True,False,False,False,True,False,False,True,False,False
265,512,4.95 Lakh,"30,000 kms",0.9024423235906056,1086 cc,5 Seats,False,False,False,True,True,True,False,False,False,False
2001,1875,2.99 Lakh,"76,000 kms",-1.1344157764786262,998 cc,5 Seats,False,False,False,True,True,True,False,False,False,False
1811,1865,8.50 Lakh,"95,000 kms",0.6478350610819515,1796 cc,5 Seats,True,False,False,False,False,True,False,False,False,False
2978,672,5.65 Lakh,"10,188 kms",0.1386205360646435,2143 cc,5 Seats,False,False,False,True,True,True,False,False,False,False
3773,319,3.40 Lakh,"75,000 kms",-1.1344157764786262,1086 cc,6 Seats,False,False,False,True,True,True,False,False,False,False
2906,1242,5.10 Lakh,"60,000 kms",1.4116568486079133,3996 cc,5 Seats,False,False,False,False,True,False,True,False,False,False
4789,923,10.25 Lakh,"82,000 kms",0.9024423235906056,1196 cc,5 Seats,True,False,False,False,True,True,False,False,False,False
1428,1796,15.76 Lakh,"1,16,378 kms",0.6478350610819515,998 cc,5 Seats,True,False,False,False,False,True,False,False,False,False
398,1837,6.85 Lakh,"46,000 kms",0.3932277985732975,999 cc,5 Seats,False,False,False,True,True,True,False,False,False,False
3390,702,3.10 Lakh,"70,000 kms",-0.3705939889526643,999 cc,5 Seats,True,False,False,False,True,False,False,True,False,False
947,965,"45,000 ","50,000 kms",-3.93509566407382,1197 cc,7 Seats,False,False,False,True,True,False,False,False,True,False
3078,45,46 Lakh,"65,000 kms",0.3932277985732975,999 cc,7 Seats,True,False,False,False,False,True,False,False,False,False
3138,1559,7 Lakh,"30,000 kms",1.4116568486079133,1248 cc,5 Seats,False,False,False,True,True,True,False,False,False,False
4920,451,1.90 Lakh,"60,000 kms",-0.8798085139699723,999 cc,5 Seats,False,False,False,True,True,False,True,False,False,False
5126,972,2.75 Lakh,"22,999 kms",0.3932277985732975,1199 cc,5 Seats,False,False,False,True,True,True,False,False,False,False
3229,830,6.13 Lakh,"58,245 kms",0.3932277985732975,1499 cc,7 Seats,True,False,False,False,True,True,False,False,False,False
3413,883,3.70 Lakh,"2,95,392 kms",-1.1344157764786262,1197 cc,5 Seats,True,False,False,False,True,True,False,False,False,False
1452,1894,60 Lakh,"7,500 kms",1.1570495860992591,1198 cc,6 Seats,True,False,False,False,False,True,False,False,False,False
593,1211,3.99 Lakh,"39,000 kms",-0.6252012514613183,998 cc,5 Seats,False,False,False,True,True,True,False,False,False,False
2725,1245,"90,174 ","90,147 kms",-1.898237564004588,1197 cc,5 Seats,False,False,False,True,True,True,False,False,False,False
41,755,15.53 Lakh,"18,557 kms",0.9024423235906056,1353 cc,5 Seats,False,False,False,True,True,True,False,False,False,False
560,998,6.18 Lakh,"54,166 kms",0.1386205360646435,1399 cc,5 Seats,False,False,False,True,False,True,False,False,False,False
3555,959,2.04 Lakh,"1,52,308 kms",-1.643630301495934,1086 cc,5 Seats,True,False,False,False,True,True,False,False,False,False
3692,1671,3.40 Lakh,"1,10,000 kms",-0.6252012514613183,999 cc,5 Seats,True,False,False,False,True,False,False,True,False,False
243,1288,"55,000 ","90,000 kms",-3.425881139056512,993 cc,5 Seats,False,False,False,True,True,False,False,True,False,False
3172,1207,4.25 Lakh,"77,173 kms",-0.1159867264440103,1198 cc,5 Seats,True,False,False,False,True,True,False,False,False,False
1339,447,19.75 Lakh,"8,000 kms",1.4116568486079133,1497 cc,5 Seats,False,False,False,True,False,True,False,False,False,False
3365,987,"98,900 ","15,000 kms",-2.66205935153055,1461 cc,5 Seats,False,False,False,True,True,True,False,False,False,False
3586,169,3.50 Lakh,"1,27,000 kms",-0.1159867264440103,796 cc,5 Seats,True,False,False,False,True,True,False,False,False,False
405,747,27.25 Lakh,"15,000 kms",1.4116568486079133,1368 cc,5 Seats,False,False,False,True,False,True,False,False,False,False
1442,23,36.75 Lakh,"30,000 kms",0.6478350610819515,1086 cc,5 Seats,False,False,False,True,False,True,False,False,False,False
261,1840,3.30 Lakh,"64,000 kms",-1.1344157764786262,1199 cc,5 Seats,True,False,False,False,True,True,False,False,False,False
4149,709,6.89 Lakh,"33,013 kms",0.9024423235906056,2143 cc,5 Seats,False,False,False,True,False,True,False,False,False,False
5031,327,1.74 Lakh,"1,12,886 kms",-1.898237564004588,1956 cc,5 Seats,False,False,False,True,True,True,False,False,False,False
1689,158,"60,000 ","20,000 kms",-3.425881139056512,796 cc,5 Seats,False,False,False,True,True,True,False,False,False,False
1725,1543,6.89 Lakh,"29,500 kms",-0.6252012514613183,1493 cc,7 Seats,False,False,False,True,False,True,False,False,False,False
1203,86,28.10 Lakh,"68,753 kms",0.9024423235906056,1956 cc,5 Seats,False,False,False,True,False,False,True,False,False,False
834,1318,39 Lakh,"24,000 kms",1.1570495860992591,1197 cc,7 Seats,True,False,False,False,False,False,True,False,False,False
1866,347,7.25 Lakh,"50,000 kms",-0.1159867264440103,1197 cc,5 Seats,False,False,False,True,False,False,True,False,False,False
2496,875,9.05 Lakh,"17,001 kms",0.9024423235906056,1248 cc,7 Seats,True,False,False,False,True,True,False,False,False,False
3016,44,18.75 Lakh,"43,000 kms",-0.3705939889526643,1950 cc,5 Seats,True,False,False,False,False,False,True,False,False,False
4152,61,48 Lakh,"29,000 kms",0.9024423235906056,999 cc,5 Seats,True,False,False,False,False,True,False,False,False,False
2010,364,1.40 Lakh,"1,10,000 kms",-2.1528448265132423,1199 cc,7 Seats,False,False,False,True,True,False,False,True,False,False
3361,1754,12.70 Lakh,"1,10,000 kms",-0.1159867264440103,2179 cc,5 Seats,True,False,False,False,True,False,False,True,False,False
340,233,1.63 Lakh,"75,991 kms",-1.3890230389872802,1196 cc,5 Seats,False,False,False,True,True,False,True,False,False,False
3624,1691,4.80 Lakh,"70,000 kms",0.9024423235906056,993 cc,5 Seats,True,False,False,False,True,True,False,False,False,False
1601,1040,9.50 Lakh,"39,600 kms",0.6478350610819515,1197 cc,5 Seats,False,False,False,True,False,True,False,False,False,False
2796,972,1.75 Lakh,"50,000 kms",-0.3705939889526643,796 cc,5 Seats,False,False,False,True,True,False,False,True,False,False
5214,1247,5 Lakh,"68,000 kms",-1.1344157764786262,998 cc,5 Seats,False,False,False,True,True,True,False,False,False,False
5177,1602,"95,633 ","1,30,265 kms",-0.6252012514613183,1197 cc,5 Seats,True,False,False,False,True,False,True,False,False,False
480,838,2.60 Lakh,"1,00,000 kms",-5.208131976617089,1199 cc,6 Seats,True,False,False,False,True,True,False,False,False,False
4884,566,6.25 Lakh,"87,770 kms",0.1386205360646435,1248 cc,5 Seats,True,False,False,False,True,True,False,False,False,False
2785,1661,8 Lakh,"10,000 kms",1.6662641111165672,1498 cc,5 Seats,False,False,False,True,True,True,False,False,False,False
1523,1722,8.75 Lakh,"99,300 kms",-0.1159867264440103,4367 cc,5 Seats,False,False,False,True,False,False,True,False,False,False
4109,1211,6.80 Lakh,"15,000 kms",1.4116568486079133,1950 cc,5 Seats,False,False,False,True,True,True,False,False,False,False
4896,421,9.40 Lakh,"72,500 kms",0.1386205360646435,936 cc,5 Seats,True,False,False,False,True,True,False,False,False,False
5114,933,9.17 Lakh,"1,40,556 kms",0.3932277985732975,1497 cc,5 Seats,True,False,False,False,True,True,False,False,False,False
3697,1130,1.50 Lakh,"1,10,000 kms",-1.643630301495934,2487 cc,5 Seats,False,False,False,True,True,False,True,False,False,False
799,553,11.85 Lakh,"11,069 kms",1.4116568486079133,1497 cc,5 Seats,False,False,False,True,False,True,False,False,False,False
1766,501,6 Lakh,"40,000 kms",0.9024423235906056,1199 cc,5 Seats,False,False,False,True,True,True,False,False,False,False
4934,221,"60,000 ","1,10,000 kms",-2.407452089021896,1199 cc,5 Seats,False,False,False,True,True,True,False,False,False,False
3888,1430,6.40 Lakh,"1,20,000 kms",0.3932277985732975,1197 cc,5 Seats,True,False,False,False,True,True,False,False,False,False
2453,1750,10.52 Lakh,"1,18,649 kms",-1.1344157764786262,1086 cc,5 Seats,True,False,False,False,True,True,False,False,False,False
3484,999,4.76 Lakh,"78,178 kms",0.3932277985732975,814 cc,7 Seats,False,False,False,True,True,True,False,False,False,False
4998,347,6.48 Lakh,"99,163 kms",-0.1159867264440103,1497 cc,5 Seats,False,False,False,True,False,True,False,False,False,False
4866,1735,3.36 Lakh,"81,899 kms",-0.3705939889526643,814 cc,7 Seats,False,False,False,True,True,True,False,False,False,False
5158,1279,7.44 Lakh,"1,13,006 kms",0.9024423235906056,1461 cc,5 Seats,False,False,False,True,True,True,False,False,False,False
363,1002,7.10 Lakh,"45,879 kms",0.1386205360646435,1248 cc,5 Seats,True,False,False,False,True,True,False,False,False,False
1271,817,14.50 Lakh,"54,001 kms",0.9024423235906056,1798 cc,5 Seats,True,False,False,False,True,False,True,False,False,False
3733,1656,7.60 Lakh,"34,346 kms",0.9024423235906056,1396 cc,5 Seats,True,False,False,False,True,True,False,False,False,False
4964,1005,5.36 Lakh,"91,498 kms",-0.1159867264440103,1197 cc,5 Seats,True,False,False,False,True,True,False,False,False,False
3752,291,3.78 Lakh,"37,083 kms",-0.3705939889526643,1047 cc,5 Seats,False,False,False,True,True,True,False,False,False,False
5170,622,5.15 Lakh,"22,939 kms",0.6478350610819515,998 cc,5 Seats,False,False,False,True,True,True,False,False,False,False
4564,647,5.68 Lakh,"69,475 kms",0.6478350610819515,1582 cc,5 Seats,False,False,False,True,True,False,True,False,False,False
347,85,45.50 Lakh,"9,000 kms",1.4116568486079133,1995 cc,5 Seats,True,False,False,False,False,True,False,False,False,False
4400,693,4.65 Lakh,"23,000 kms",-0.3705939889526643,1396 cc,5 Seats,False,False,False,True,True,True,False,False,False,False
5096,689,2.76 Lakh,"1,27,936 kms",-0.6252012514613183,1197 cc,5 Seats,False,False,False,True,True,True,False,False,False,False
2562,1067,5.65 Lakh,"56,150 kms",0.1386205360646435,1197 cc,5 Seats,True,False,False,False,True,True,False,False,False,False
3027,32,14.75 Lakh,"76,000 kms",0.1386205360646435,1462 cc,5 Seats,True,False,False,False,False,False,True,False,False,False
5059,147,2.50 Lakh,"84,000 kms",0.1386205360646435,1197 cc,5 Seats,False,False,False,True,True,True,False,False,False,False
1423,1404,3.39 Lakh,"61,034 kms",-0.1159867264440103,1120 cc,5 Seats,True,False,False,False,True,False,True,False,False,False
656,310,12.50 Lakh,"74,007 kms",-0.1159867264440103,2179 cc,5 Seats,False,False,False,True,False,True,False,False,False,False
3886,741,10 Lakh,"90,000 kms",0.3932277985732975,1197 cc,5 Seats,True,False,False,False,True,True,False,False,False,False
5084,504,3.85 Lakh,"19,079 kms",-0.1159867264440103,1197 cc,5 Seats,False,False,False,True,True,True,False,False,False,False
2102,1365,9.50 Lakh,"87,000 kms",-2.1528448265132423,1248 cc,5 Seats,True,False,False,False,False,False,True,False,False,False
632,77,72.50 Lakh,"22,000 kms",0.3932277985732975,1193 cc,4 Seats,True,False,False,False,False,True,False,False,False,False
3505,668,5.27 Lakh,"47,387 kms",0.1386205360646435,1197 cc,8 Seats,True,False,False,False,True,False,False,True,False,False
2493,1075,4.15 Lakh,"25,000 kms",0.9024423235906056,1368 cc,5 Seats,False,False,False,True,True,True,False,False,False,False
2665,351,5.55 Lakh,"72,375 kms",-0.1159867264440103,796 cc,5 Seats,False,False,False,True,True,True,False,False,False,False
4006,1287,1.44 Lakh,"59,807 kms",-1.3890230389872802,1248 cc,5 Seats,False,False,False,True,True,False,True,False,False,False
4269,591,10.66 Lakh,"7,622 kms",1.6662641111165672,1968 cc,5 Seats,True,False,False,False,True,True,False,False,False,False
4008,933,9.75 Lakh,"1,00,746 kms",0.3932277985732975,1248 cc,5 Seats,True,False,False,False,True,True,False,False,False,False
3755,418,8.14 Lakh,"64,179 kms",0.6478350610819515,1248 cc,7 Seats,True,False,False,False,True,True,False,False,False,False
4228,554,10.20 Lakh,"58,499 kms",0.9024423235906056,1995 cc,7 Seats,False,False,False,True,False,True,False,False,False,False
2500,1099,5.25 Lakh,"55,352 kms",-0.6252012514613183,1997 cc,7 Seats,True,False,False,False,True,True,False,False,False,False
1465,1707,23.50 Lakh,"47,000 kms",0.3932277985732975,2993 cc,5 Seats,False,False,False,True,False,True,False,False,False,False
3429,208,6.46 Lakh,"2,05,129 kms",-0.3705939889526643,1193 cc,5 Seats,True,False,False,False,True,True,False,False,False,False
4460,1072,1.30 Lakh,"1,00,000 kms",-1.3890230389872802,1248 cc,7 Seats,False,False,False,False,True,False,False,False,True,False
115,82,14.50 Lakh,"80,000 kms",-0.3705939889526643,1995 cc,5 Seats,True,False,False,False,False,True,False,False,False,False
1821,453,2.50 Lakh,"63,463 kms",-0.6252012514613183,796 cc,5 Seats,False,False,False,True,True,True,False,False,False,False
1494,1394,3.55 Lakh,"56,000 kms",0.6478350610819515,1995 cc,5 Seats,False,False,False,True,True,True,False,False,False,False
2401,398,8.32 Lakh,"76,407 kms",0.6478350610819515,999 cc,5 Seats,True,False,False,False,True,False,True,False,False,False
1232,794,85 Lakh,"38,000 kms",1.1570495860992591,1197 cc,5 Seats,False,False,False,True,False,True,False,False,False,False
2661,1726,4.17 Lakh,"20,241 kms",-0.1159867264440103,1497 cc,5 Seats,False,False,False,True,True,True,False,False,False,False
2817,607,4.50 Lakh,"60,000 kms",-0.1159867264440103,1086 cc,5 Seats,True,False,False,False,True,True,False,False,False,False
3479,1771,6.31 Lakh,"1,19,363 kms",-0.3705939889526643,1197 cc,5 Seats,True,False,False,False,True,False,True,False,False,False
5041,1016,6.12 Lakh,"57,936 kms",1.1570495860992591,2179 cc,5 Seats,False,False,False,True,True,True,False,False,False,False
1153,37,21 Lakh,"35,000 kms",-0.1159867264440103,2179 cc,7 Seats,True,False,False,False,False,True,False,False,False,False
4381,948,4.29 Lakh,"1,21,446 kms",-0.8798085139699723,1991 cc,5 Seats,True,False,False,False,True,True,False,False,False,False
4901,1051,8.49 Lakh,"52,200 kms",0.9024423235906056,999 cc,5 Seats,False,False,False,True,True,True,False,False,False,False
57,730,14 Lakh,"50,000 kms",0.6478350610819515,1368 cc,5 Seats,False,False,False,True,True,True,False,False,False,False
4110,1127,1.15 Lakh,"1,62,000 kms",-1.643630301495934,2179 cc,5 Seats,True,False,False,False,True,False,False,False,True,False
3887,1441,7.50 Lakh,"17,000 kms",1.1570495860992591,1197 cc,5 Seats,False,False,False,True,True,True,False,False,False,False
4751,684,8.20 Lakh,"30,000 kms",1.1570495860992591,2179 cc,5 Seats,False,False,False,True,False,True,False,False,False,False
5450,720,19.90 Lakh,"17,000 kms",-0.3705939889526643,4461 cc,5 Seats,True,False,False,False,False,True,False,False,False,False
1735,627,3.35 Lakh,"41,525 kms",-1.1344157764786262,1353 cc,5 Seats,False,False,False,True,True,False,True,False,False,False
4970,1831,3.68 Lakh,"94,167 kms",-0.3705939889526643,1196 cc,5 Seats,False,False,False,True,True,False,True,False,False,False
2823,633,2 Lakh,"60,000 kms",-1.1344157764786262,1197 cc,5 Seats,False,False,False,True,True,True,False,False,False,False
2196,1265,5.25 Lakh,"22,000 kms",0.6478350610819515,1498 cc,5 Seats,False,False,False,True,False,True,False,False,False,False
159,694,3.91 Lakh,"56,000 kms",-0.6252012514613183,1396 cc,5 Seats,True,False,False,False,True,False,True,False,False,False
2475,488,3.60 Lakh,"35,315 kms",-0.6252012514613183,1396 cc,5 Seats,False,False,False,True,True,True,False,False,False,False
2564,351,4.90 Lakh,"60,000 kms",-0.1159867264440103,2494 cc,5 Seats,False,False,False,True,True,False,True,False,False,False
3831,1266,3.97 Lakh,"70,000 kms",-0.3705939889526643,1197 cc,5 Seats,False,False,False,True,True,True,False,False,False,False
4904,1032,4.50 Lakh,"57,313 kms",0.9024423235906056,1086 cc,5 Seats,False,False,False,True,True,True,False,False,False,False
2608,862,7.50 Lakh,"1,30,000 kms",-0.1159867264440103,1461 cc,5 Seats,True,False,False,False,True,True,False,False,False,False
4264,460,2.17 Lakh,"37,646 kms",-0.3705939889526643,1462 cc,5 Seats,False,False,False,True,True,False,True,False,False,False
707,1667,12.15 Lakh,"13,093 kms",1.6662641111165672,1497 cc,5 Seats,False,False,False,True,False,True,False,False,False,False
3046,88,60 Lakh,"19,000 kms",1.4116568486079133,1997 cc,5 Seats,True,False,False,False,False,True,False,False,False,False
4712,504,3.85 Lakh,"50,185 kms",-0.1159867264440103,1497 cc,5 Seats,False,False,False,True,True,True,False,False,False,False
1093,1048,12.43 Lakh,"3,925 kms",1.6662641111165672,1197 cc,5 Seats,False,False,False,True,False,True,False,False,False,False
4210,127,2.45 Lakh,"64,000 kms",-0.3705939889526643,1086 cc,4 Seats,True,False,False,False,True,True,False,False,False,False
1376,1462,7.75 Lakh,"6,494 kms",1.4116568486079133,998 cc,5 Seats,False,False,False,True,False,True,False,False,False,False
5415,1397,1.70 Lakh,"1,10,000 kms",-0.6252012514613183,1248 cc,5 Seats,True,False,False,False,True,False,False,True,False,False
72,54,13.50 Lakh,"99,000 kms",-0.1159867264440103,1995 cc,5 Seats,True,False,False,False,False,True,False,False,False,False
1922,653,2.52 Lakh,"34,453 kms",-1.3890230389872802,1497 cc,5 Seats,False,False,False,True,True,True,False,False,False,False
5157,1822,4.97 Lakh,"53,003 kms",-0.8798085139699723,796 cc,5 Seats,False,False,False,True,True,True,False,False,False,False
1764,1788,24.50 Lakh,"50,000 kms",1.1570495860992591,1197 cc,5 Seats,True,False,False,False,True,True,False,False,False,False
743,131,"99,205 ","84,489 kms",-1.1344157764786262,1493 cc,5 Seats,False,False,False,True,True,False,False,True,False,False
5401,994,1.25 Lakh,"1,20,000 kms",-2.1528448265132423,2982 cc,5 Seats,False,False,False,True,True,False,True,False,False,False
1005,404,1.28 Lakh,"73,592 kms",-1.3890230389872802,1248 cc,5 Seats,False,False,True,False,True,False,True,False,False,False
2668,641,2.07 Lakh,"56,441 kms",-1.1344157764786262,1197 cc,5 Seats,False,False,False,True,True,True,False,False,False,False
1190,714,74 Lakh,"9,900 kms",1.4116568486079133,1498 cc,5 Seats,True,False,False,False,False,True,False,False,False,False
3868,1461,7.20 Lakh,"14,000 kms",1.6662641111165672,1396 cc,5 Seats,False,False,False,True,True,True,False,False,False,False
2601,564,4.31 Lakh,"55,000 kms",-0.3705939889526643,1396 cc,5 Seats,True,False,False,False,True,True,False,False,False,False
1125,996,6.30 Lakh,"36,438 kms",0.6478350610819515,2179 cc,7 Seats,False,False,False,True,True,False,True,False,False,False
1241,15,16.19 Lakh,"29,397 kms",-0.3705939889526643,1997 cc,7 Seats,True,False,False,False,False,True,False,False,False,False
4456,1256,1.75 Lakh,"70,000 kms",-1.643630301495934,1197 cc,5 Seats,False,False,False,True,True,False,True,False,False,False
4552,1101,4.09 Lakh,"93,703 kms",-0.6252012514613183,1299 cc,5 Seats,False,False,False,True,True,False,False,False,True,False
5197,1192,3.69 Lakh,"79,052 kms",-0.3705939889526643,1498 cc,5 Seats,False,False,False,True,True,False,False,True,False,False
3351,511,4.25 Lakh,"20,000 kms",0.9024423235906056,1798 cc,5 Seats,False,False,False,True,True,True,False,False,False,False
998,891,4.62 Lakh,"1,51,537 kms",-0.6252012514613183,796 cc,8 Seats,True,False,False,False,False,False,True,False,False,False
4103,1457,2.70 Lakh,"20,000 kms",0.6478350610819515,1248 cc,2 Seats,False,False,False,True,True,False,True,False,False,False
5227,347,5.40 Lakh,"87,144 kms",-0.3705939889526643,1995 cc,5 Seats,False,False,False,True,False,False,True,False,False,False
2684,1171,5.70 Lakh,"66,906 kms",1.1570495860992591,2487 cc,8 Seats,True,False,False,False,True,True,False,False,False,False
1577,1432,3.24 Lakh,"53,548 kms",-0.6252012514613183,1497 cc,5 Seats,True,False,False,False,True,False,True,False,False,False
5280,1347,61 Lakh,"15,000 kms",1.4116568486079133,4367 cc,5 Seats,False,False,False,True,False,True,False,False,False,False
1826,1487,6.90 Lakh,"30,339 kms",0.9024423235906056,998 cc,5 Seats,False,False,False,True,True,True,False,False,False,False
4301,504,4.45 Lakh,"73,000 kms",0.1386205360646435,1198 cc,5 Seats,False,False,False,True,True,True,False,False,False,False
5497,1889,53.75 Lakh,"55,000 kms",0.6478350610819515,1248 cc,5 Seats,True,False,False,False,False,True,False,False,False,False
4252,39,23.90 Lakh,"56,500 kms",0.1386205360646435,1498 cc,5 Seats,True,False,False,False,False,True,False,False,False,False
4558,345,6.80 Lakh,"92,696 kms",0.3932277985732975,1497 cc,5 Seats,True,False,False,False,True,False,True,False,False,False
440,1319,33.95 Lakh,"14,324 kms",0.6478350610819515,2143 cc,5 Seats,True,False,False,False,False,True,False,False,False,False
5456,1717,12.50 Lakh,"60,000 kms",0.3932277985732975,1595 cc,7 Seats,False,False,False,True,False,True,False,False,False,False
1100,1368,71.50 Lakh,"18,000 kms",0.3932277985732975,998 cc,5 Seats,True,False,False,False,False,True,False,False,False,False
2637,654,2.30 Lakh,"60,000 kms",-1.1344157764786262,1197 cc,5 Seats,False,False,False,True,True,False,True,False,False,False
3710,199,8.75 Lakh,"51,000 kms",0.6478350610819515,1186 cc,5 Seats,False,False,False,True,True,True,False,False,False,False
649,1129,3 Lakh,"58,955 kms",-0.3705939889526643,2143 cc,5 Seats,False,False,False,True,True,True,False,False,False,False
1546,803,39.65 Lakh,"11,000 kms",1.4116568486079133,999 cc,5 Seats,True,False,False,False,False,False,True,False,False,False
3231,1207,4.25 Lakh,"51,755 kms",-0.1159867264440103,1193 cc,7 Seats,True,False,False,False,True,True,False,False,False,False
4352,109,1.26 Lakh,"76,529 kms",-0.6252012514613183,1199 cc,5 Seats,True,False,False,False,True,True,False,False,False,False
4209,618,3.92 Lakh,"83,608 kms",0.1386205360646435,2925 cc,5 Seats,False,False,False,True,True,False,True,False,False,False
3837,126,2.30 Lakh,"43,727 kms",-0.8798085139699723,1086 cc,5 Seats,False,False,False,True,True,True,False,False,False,False
3862,1561,7.75 Lakh,"15,000 kms",1.4116568486079133,1368 cc,6 Seats,False,False,False,True,True,True,False,False,False,False
4313,570,3.36 Lakh,"2,39,199 kms",-0.8798085139699723,2143 cc,5 Seats,True,False,False,False,True,True,False,False,False,False
630,82,43.75 Lakh,"22,000 kms",1.1570495860992591,0 cc,5 Seats,True,False,False,False,False,True,False,False,False,False
672,871,10.35 Lakh,"58,000 kms",0.1386205360646435,1896 cc,7 Seats,True,False,False,False,True,True,False,False,False,False
1249,368,15.56 Lakh,"20,900 kms",0.9024423235906056,1950 cc,5 Seats,False,False,False,True,False,True,False,False,False,False
4892,1868,6.20 Lakh,"44,091 kms",0.1386205360646435,1956 cc,5 Seats,False,False,False,True,True,True,False,False,False,False
482,1128,5.25 Lakh,"64,000 kms",-0.1159867264440103,1496 cc,5 Seats,False,False,False,True,True,True,False,False,False,False
1584,270,4.40 Lakh,"59,534 kms",-0.1159867264440103,1373 cc,5 Seats,False,False,False,True,True,False,True,False,False,False
3728,1262,3.75 Lakh,"9,256 kms",0.3932277985732975,1497 cc,5 Seats,False,False,False,True,True,True,False,False,False,False
5100,945,5.96 Lakh,"1,53,231 kms",-0.3705939889526643,1462 cc,5 Seats,True,False,False,False,True,True,False,False,False,False
3689,1838,2.90 Lakh,"47,700 kms",-0.6252012514613183,1248 cc,5 Seats,True,False,False,False,True,False,True,False,False,False
1462,87,28.50 Lakh,"38,500 kms",0.6478350610819515,1493 cc,5 Seats,True,False,False,False,False,True,False,False,False,False
3040,1099,5 Lakh,"40,000 kms",-0.8798085139699723,2494 cc,5 Seats,True,False,False,False,True,False,True,False,False,False
4753,1435,4.07 Lakh,"1,37,286 kms",-0.3705939889526643,1499 cc,5 Seats,True,False,False,False,True,True,False,False,False,False
5389,1678,3.51 Lakh,"80,000 kms",0.3932277985732975,998 cc,7 Seats,True,False,False,False,True,True,False,False,False,False
5487,1336,44 Lakh,"44,000 kms",0.3932277985732975,2694 cc,5 Seats,True,False,False,False,False,True,False,False,False,False
3273,1233,8.05 Lakh,"36,096 kms",0.9024423235906056,1197 cc,5 Seats,True,False,False,False,True,True,False,False,False,False
3238,984,2.60 Lakh,"38,137 kms",0.1386205360646435,1197 cc,5 Seats,False,False,False,True,True,True,False,False,False,False
3131,1207,1.70 Lakh,"1,28,000 kms",-1.898237564004588,2179 cc,5 Seats,True,False,False,False,True,False,False,False,True,False
2578,1817,4.70 Lakh,"40,000 kms",0.3932277985732975,1086 cc,5 Seats,True,False,False,False,False,False,True,False,False,False
4350,901,5.54 Lakh,"86,418 kms",0.3932277985732975,1798 cc,5 Seats,True,False,False,False,True,True,False,False,False,False
49,1279,10.90 Lakh,"9,000 kms",1.1570495860992591,1462 cc,6 Seats,False,False,False,True,True,True,False,False,False,False
5180,619,4.33 Lakh,"21,712 kms",-0.3705939889526643,998 cc,5 Seats,False,False,False,True,True,True,False,False,False,False
3708,1318,43.75 Lakh,"40,200 kms",1.1570495860992591,1998 cc,5 Seats,True,False,False,False,False,True,False,False,False,False
858,702,3 Lakh,"1,00,000 kms",-0.8798085139699723,796 cc,7 Seats,True,False,False,False,True,False,True,False,False,False
3225,501,6.59 Lakh,"18,881 kms",1.1570495860992591,993 cc,5 Seats,False,False,False,True,True,True,False,False,False,False
1072,174,1.58 Lakh,"1,28,396 kms",-0.8798085139699723,3996 cc,4 Seats,True,False,False,False,True,True,False,False,False,False
719,350,5.80 Lakh,"55,000 kms",-0.1159867264440103,998 cc,5 Seats,False,False,False,True,True,True,False,False,False,False
3830,927,8.25 Lakh,"76,000 kms",-0.1159867264440103,1199 cc,5 Seats,True,False,False,False,False,False,True,False,False,False
2631,1000,4.20 Lakh,"80,000 kms",0.3932277985732975,814 cc,5 Seats,False,False,False,True,True,True,False,False,False,False
5370,1361,1.17 Crore,"15,000 kms",1.1570495860992591,2184 cc,5 Seats,True,False,False,False,False,False,True,False,False,False
1660,648,7.90 Lakh,"26,000 kms",0.6478350610819515,1197 cc,5 Seats,False,False,False,True,True,True,False,False,False,False
1656,555,11.95 Lakh,"24,000 kms",1.4116568486079133,1497 cc,7 Seats,False,False,False,True,False,True,False,False,False,False
2425,482,5.81 Lakh,"20,064 kms",0.9024423235906056,1086 cc,5 Seats,False,False,False,True,True,True,False,False,False,False
4945,1425,4.20 Lakh,"1,65,000 kms",-0.3705939889526643,1198 cc,5 Seats,True,False,False,False,True,False,True,False,False,False
4655,1704,2.80 Lakh,"1,10,000 kms",-0.1159867264440103,1586 cc,7 Seats,False,False,False,True,True,False,True,False,False,False
5480,682,4.90 Lakh,"54,000 kms",-0.1159867264440103,1950 cc,5 Seats,True,False,False,False,True,True,False,False,False,False
4010,167,4.65 Lakh,"70,611 kms",0.3932277985732975,1396 cc,7 Seats,True,False,False,False,True,True,False,False,False,False
3097,784,1.92 Crore,"40,000 kms",0.9024423235906056,796 cc,5 Seats,False,False,False,True,False,True,False,False,False,False
4937,1387,11.60 Lakh,"20,000 kms",1.1570495860992591,796 cc,5 Seats,True,False,False,False,True,True,False,False,False,False
4005,52,6.91 Lakh,"54,206 kms",-1.1344157764786262,1248 cc,5 Seats,True,False,False,False,False,True,False,False,False,False
5239,100,37.90 Lakh,"75,000 kms",-0.1159867264440103,2143 cc,5 Seats,True,False,False,False,False,False,True,False,False,False
3189,990,1.10 Lakh,"72,153 kms",-1.1344157764786262,1956 cc,5 Seats,False,False,False,True,True,False,False,True,False,False
2934,8,32.80 Lakh,"27,000 kms",0.6478350610819515,1498 cc,5 Seats,False,False,False,True,False,False,True,False,False,False
5085,150,1.76 Lakh,"50,502 kms",-1.3890230389872802,1496 cc,5 Seats,False,False,False,True,True,False,True,False,False,False
3770,1148,1.72 Lakh,"83,083 kms",-1.3890230389872802,2987 cc,5 Seats,False,False,False,True,True,False,False,True,False,False
2606,290,3.80 Lakh,"60,000 kms",0.3932277985732975,1197 cc,5 Seats,False,False,False,True,True,True,False,False,False,False
1385,1683,3.77 Lakh,"96,392 kms",0.3932277985732975,2179 cc,7 Seats,False,False,False,True,True,True,False,False,False,False
4373,884,3.70 Lakh,"72,299 kms",-1.3890230389872802,1353 cc,5 Seats,True,False,False,False,True,True,False,False,False,False
1399,32,17.50 Lakh,"39,356 kms",-0.1159867264440103,3198 cc,7 Seats,True,False,False,False,False,True,False,False,False,False
1195,1722,8.75 Lakh,"99,300 kms",-0.1159867264440103,2987 cc,5 Seats,False,False,False,True,False,False,True,False,False,False
1408,449,2.30 Lakh,"48,421 kms",-0.6252012514613183,1197 cc,5 Seats,False,False,False,True,True,True,False,False,False,False
1845,1796,20.75 Lakh,"46,000 kms",0.9024423235906056,998 cc,5 Seats,True,False,False,False,False,False,True,False,False,False
1798,1892,24 Lakh,"1,20,000 kms",-0.1159867264440103,1968 cc,5 Seats,True,False,False,False,False,True,False,False,False,False
1475,1243,1.91 Lakh,"65,000 kms",-1.1344157764786262,1248 cc,7 Seats,False,False,False,False,True,False,True,False,False,False
3903,1210,3.10 Lakh,"1,20,000 kms",-0.3705939889526643,1197 cc,5 Seats,False,False,False,True,True,False,True,False,False,False
35,1457,2.60 Lakh,"32,681 kms",0.1386205360646435,799 cc,5 Seats,False,False,False,True,True,True,False,False,False,False
4477,481,5.75 Lakh,"80,000 kms",0.9024423235906056,1497 cc,5 Seats,False,False,False,False,True,False,True,False,False,False
2345,327,1.60 Lakh,"1,00,000 kms",-2.407452089021896,1197 cc,7 Seats,False,False,False,True,True,False,True,False,False,False
5012,1715,6.12 Lakh,"25,075 kms",-0.6252012514613183,1373 cc,5 Seats,False,False,False,True,False,False,True,False,False,False
3312,476,5.20 Lakh,"36,171 kms",0.6478350610819515,2179 cc,6 Seats,True,False,False,False,True,True,False,False,False,False
2359,402,1.20 Lakh,"90,000 kms",-1.643630301495934,998 cc,5 Seats,False,False,False,True,True,False,True,False,False,False
3006,972,2.64 Lakh,"52,254 kms",0.6478350610819515,1198 cc,5 Seats,False,False,False,True,True,True,False,False,False,False
2206,980,2.65 Lakh,"59,632 kms",-0.8798085139699723,1248 cc,5 Seats,False,False,False,True,True,True,False,False,False,False
3883,1094,8.75 Lakh,"70,000 kms",1.4116568486079133,2179 cc,5 Seats,False,False,False,True,True,True,False,False,False,False
4728,701,3.71 Lakh,"65,723 kms",-0.3705939889526643,1599 cc,5 Seats,False,False,False,True,True,True,False,False,False,False
3179,1773,7.18 Lakh,"46,286 kms",-0.3705939889526643,814 cc,5 Seats,True,False,False,False,True,True,False,False,False,False
3422,1793,14.99 Lakh,"83,519 kms",0.1386205360646435,2499 cc,7 Seats,True,False,False,False,True,True,False,False,False,False
1286,27,12.50 Lakh,"64,000 kms",-0.3705939889526643,1461 cc,5 Seats,True,False,False,False,False,False,True,False,False,False
349,564,5.25 Lakh,"78,744 kms",-0.8798085139699723,1582 cc,5 Seats,True,False,False,False,True,False,True,False,False,False
3416,1781,7.51 Lakh,"98,234 kms",-0.3705939889526643,1461 cc,7 Seats,True,False,False,False,True,True,False,False,False,False
2137,1187,1.90 Lakh,"85,000 kms",-1.898237564004588,999 cc,5 Seats,False,False,False,True,True,False,True,False,False,False
2691,957,2.31 Lakh,"50,788 kms",-1.3890230389872802,998 cc,5 Seats,True,False,False,False,True,False,False,True,False,False
3613,854,7.50 Lakh,"1,10,000 kms",0.9024423235906056,2179 cc,5 Seats,True,False,False,False,True,True,False,False,False,False
3789,1637,2.07 Lakh,"55,198 kms",-1.643630301495934,1462 cc,5 Seats,True,False,False,False,True,True,False,False,False,False
1681,1188,4.50 Lakh,"46,352 kms",-0.8798085139699723,1197 cc,5 Seats,False,False,False,True,False,True,False,False,False,False
4473,1082,3.51 Lakh,"90,000 kms",0.1386205360646435,998 cc,5 Seats,False,False,False,False,True,False,False,False,True,False
1443,36,9.95 Lakh,"68,000 kms",-1.1344157764786262,2179 cc,7 Seats,True,False,False,False,False,False,False,True,False,False
3934,441,10.19 Lakh,"60,478 kms",1.1570495860992591,1368 cc,5 Seats,True,False,False,False,True,True,False,False,False,False
3215,641,2.63 Lakh,"60,162 kms",-0.6252012514613183,799 cc,5 Seats,False,False,False,True,True,True,False,False,False,False
1671,1552,22.50 Lakh,"44,000 kms",0.1386205360646435,1198 cc,5 Seats,True,False,False,False,False,True,False,False,False,False
4414,1211,3.85 Lakh,"80,000 kms",-0.6252012514613183,1498 cc,5 Seats,False,False,False,True,True,False,True,False,False,False
1179,1347,61 Lakh,"15,000 kms",1.4116568486079133,1968 cc,5 Seats,False,False,False,True,False,True,False,False,False,False
2798,633,1.15 Lakh,"70,000 kms",-1.898237564004588,1248 cc,5 Seats,False,False,False,True,True,True,False,False,False,False
1692,986,3.80 Lakh,"19,800 kms",0.3932277985732975,1364 cc,5 Seats,False,False,False,True,False,False,True,False,False,False
4396,1309,9.75 Lakh,"58,000 kms",-0.6252012514613183,1248 cc,5 Seats,True,False,False,False,False,True,False,False,False,False
372,1863,9.45 Lakh,"58,000 kms",0.9024423235906056,1498 cc,5 Seats,True,False,False,False,True,True,False,False,False,False
3055,820,5.80 Lakh,"1,10,000 kms",1.1570495860992591,2982 cc,5 Seats,True,False,False,False,True,True,False,False,False,False
4239,166,3.65 Lakh,"1,00,135 kms",0.1386205360646435,1950 cc,5 Seats,False,False,False,True,True,True,False,False,False,False
1916,945,4.63 Lakh,"1,16,509 kms",-0.8798085139699723,2894 cc,4 Seats,True,False,False,False,True,False,True,False,False,False
1357,730,12.61 Lakh,"30,224 kms",0.6478350610819515,1462 cc,5 Seats,False,False,False,True,True,True,False,False,False,False
1825,1266,3.95 Lakh,"27,514 kms",-0.3705939889526643,1197 cc,5 Seats,False,False,False,True,True,True,False,False,False,False
786,1425,5.65 Lakh,"72,350 kms",-0.3705939889526643,1197 cc,5 Seats,True,False,False,False,True,True,False,False,False,False
469,928,13.95 Lakh,"59,432 kms",0.3932277985732975,1598 cc,7 Seats,True,False,False,False,False,True,False,False,False,False
140,417,8.90 Lakh,"72,000 kms",0.1386205360646435,1396 cc,5 Seats,True,False,False,False,True,True,False,False,False,False
788,330,4.21 Lakh,"80,078 kms",-0.6252012514613183,1968 cc,5 Seats,False,False,False,True,True,True,False,False,False,False
323,1236,8.58 Lakh,"62,403 kms",0.1386205360646435,1248 cc,5 Seats,True,False,False,False,True,True,False,False,False,False
50,485,5.90 Lakh,"32,000 kms",0.3932277985732975,1197 cc,5 Seats,False,False,False,True,False,True,False,False,False,False
714,347,5.95 Lakh,"79,000 kms",-0.3705939889526643,1798 cc,5 Seats,False,False,False,True,False,True,False,False,False,False
4951,1471,4.56 Lakh,"1,22,759 kms",-0.1159867264440103,2494 cc,5 Seats,True,False,False,False,True,True,False,False,False,False
2840,1683,3.30 Lakh,"1,00,000 kms",0.6478350610819515,2993 cc,5 Seats,False,False,False,True,True,True,False,False,False,False
2446,1227,6.30 Lakh,"1,18,587 kms",0.3932277985732975,1197 cc,5 Seats,True,False,False,False,True,True,False,False,False,False
5303,1295,17 Lakh,"68,000 kms",0.3932277985732975,1461 cc,5 Seats,False,False,False,True,False,True,False,False,False,False
3822,984,2 Lakh,"1,00,000 kms",-0.1159867264440103,1248 cc,5 Seats,False,False,False,True,True,True,False,False,False,False
4873,453,1.38 Lakh,"1,34,279 kms",-1.1344157764786262,1956 cc,5 Seats,False,False,False,True,True,True,False,False,False,False
5065,156,1.66 Lakh,"1,40,148 kms",-1.3890230389872802,1197 cc,5 Seats,True,False,False,False,True,True,False,False,False,False
3660,1089,6.65 Lakh,"60,000 kms",0.3932277985732975,1582 cc,5 Seats,True,False,False,False,True,True,False,False,False,False
2666,629,1.40 Lakh,"19,328 kms",-1.898237564004588,796 cc,5 Seats,False,False,False,True,True,True,False,False,False,False
406,756,18.20 Lakh,"30,000 kms",1.4116568486079133,1493 cc,5 Seats,True,False,False,False,False,True,False,False,False,False
4075,1347,61 Lakh,"15,000 kms",1.4116568486079133,1199 cc,5 Seats,False,False,False,True,False,True,False,False,False,False
1004,1431,4.21 Lakh,"68,000 kms",-0.8798085139699723,1497 cc,5 Seats,True,False,False,False,True,True,False,False,False,False
3647,386,7.10 Lakh,"50,000 kms",0.9024423235906056,1582 cc,5 Seats,True,False,False,False,True,True,False,False,False,False
890,1182,2.40 Lakh,"1,20,000 kms",-1.643630301495934,2995 cc,5 Seats,True,False,False,False,True,False,True,False,False,False
2411,972,2.60 Lakh,"68,000 kms",-0.3705939889526643,1248 cc,5 Seats,False,False,False,True,True,True,False,False,False,False
2545,347,8 Lakh,"41,000 kms",0.3932277985732975,1248 cc,5 Seats,False,False,False,True,False,True,False,False,False,False
1349,622,4.75 Lakh,"60,000 kms",0.9024423235906056,1199 cc,5 Seats,False,False,False,True,True,False,True,False,False,False
2390,836,5 Lakh,"77,500 kms",-0.6252012514613183,998 cc,5 Seats,True,False,False,False,True,True,False,False,False,False
5417,591,10.70 Lakh,"25,000 kms",1.1570495860992591,1248 cc,5 Seats,True,False,False,False,True,True,False,False,False,False
42,732,12.43 Lakh,"58,463 kms",0.3932277985732975,1956 cc,5 Seats,True,False,False,False,True,True,False,False,False,False
2830,1408,2.10 Lakh,"1,00,000 kms",-0.8798085139699723,796 cc,7 Seats,False,False,False,True,True,False,False,True,False,False
4011,1016,7.17 Lakh,"17,771 kms",1.4116568486079133,998 cc,5 Seats,False,False,False,True,True,True,False,False,False,False
3371,605,8.75 Lakh,"60,000 kms",0.9024423235906056,796 cc,5 Seats,False,False,False,True,True,True,False,False,False,False
3022,1355,89 Lakh,"13,000 kms",1.4116568486079133,1968 cc,7 Seats,True,False,False,False,False,True,False,False,False,False
3364,1108,"80,000 ","1,20,000 kms",-2.1528448265132423,1591 cc,5 Seats,False,False,False,True,True,False,True,False,False,False
303,1185,6.50 Lakh,"65,000 kms",0.9024423235906056,1197 cc,5 Seats,False,False,False,True,True,True,False,False,False,False
4977,1075,3.15 Lakh,"56,321 kms",0.1386205360646435,1120 cc,5 Seats,False,False,False,True,True,True,False,False,False,False
11,346,5.43 Lakh,"1,10,284 kms",-0.3705939889526643,1497 cc,5 Seats,False,False,False,True,False,True,False,False,False,False
664,1218,1.99 Lakh,"92,860 kms",-1.898237564004588,1995 cc,5 Seats,True,False,False,False,True,True,False,False,False,False
1177,1252,1.90 Lakh,"1,29,325 kms",-0.8798085139699723,1991 cc,5 Seats,False,False,False,False,True,True,False,False,False,False
3292,1373,59 Lakh,"47,000 kms",0.9024423235906056,1197 cc,5 Seats,True,False,False,False,False,False,True,False,False,False
2676,642,2.52 Lakh,"34,640 kms",-0.6252012514613183,1497 cc,5 Seats,False,False,False,True,True,True,False,False,False,False
1947,1876,2.73 Lakh,"71,760 kms",-1.3890230389872802,1248 cc,5 Seats,False,False,False,True,False,True,False,False,False,False
2501,1183,6.24 Lakh,"5,000 kms",1.1570495860992591,1248 cc,5 Seats,False,False,False,True,True,True,False,False,False,False
1473,714,74 Lakh,"9,900 kms",1.4116568486079133,998 cc,5 Seats,True,False,False,False,False,True,False,False,False,False
2863,1156,2 Lakh,"1,00,000 kms",-1.3890230389872802,998 cc,5 Seats,False,False,False,True,True,True,False,False,False,False
2375,1614,1.30 Lakh,"2,00,000 kms",-1.898237564004588,995 cc,5 Seats,True,False,False,False,True,False,True,False,False,False
2132,36,29 Lakh,"67,000 kms",0.1386205360646435,1194 cc,5 Seats,True,False,False,False,False,False,True,False,False,False
1026,1832,4.33 Lakh,"26,850 kms",0.3932277985732975,814 cc,5 Seats,False,False,False,True,True,False,True,False,False,False
2989,1189,4.79 Lakh,"64,705 kms",-0.1159867264440103,1399 cc,5 Seats,True,False,False,False,True,False,True,False,False,False
961,984,2.90 Lakh,"50,000 kms",0.6478350610819515,2179 cc,8 Seats,False,False,False,True,True,False,False,True,False,False
2889,560,3.50 Lakh,"60,000 kms",-0.8798085139699723,999 cc,5 Seats,False,False,False,True,True,False,False,True,False,False
3021,1348,56.50 Lakh,"24,000 kms",1.1570495860992591,1998 cc,5 Seats,True,False,False,False,False,True,False,False,False,False
3015,1185,6.50 Lakh,"65,000 kms",0.9024423235906056,2179 cc,5 Seats,False,False,False,True,True,True,False,False,False,False
3800,1090,6.14 Lakh,"74,022 kms",0.3932277985732975,2179 cc,5 Seats,True,False,False,False,True,False,True,False,False,False
3338,1180,5.60 Lakh,"80,000 kms",0.1386205360646435,1248 cc,5 Seats,True,False,False,False,True,False,False,True,False,False
2009,341,6.50 Lakh,"87,000 kms",-0.1159867264440103,1798 cc,5 Seats,True,False,False,False,True,False,True,False,False,False
2149,1628,1.70 Lakh,"72,000 kms",-0.1159867264440103,814 cc,5 Seats,False,False,False,False,True,False,True,False,False,False
4028,984,2.28 Lakh,"70,524 kms",-0.1159867264440103,1248 cc,7 Seats,False,False,False,True,True,False,True,False,False,False
2338,1433,5.95 Lakh,"70,000 kms",-0.1159867264440103,1199 cc,5 Seats,True,False,False,False,True,False,True,False,False,False
5274,1835,4.10 Lakh,"1,15,000 kms",0.1386205360646435,1991 cc,5 Seats,True,False,False,False,True,True,False,False,False,False
735,74,24.18 Lakh,"9,329 kms",-0.6252012514613183,1498 cc,5 Seats,True,False,False,False,False,True,False,False,False,False
304,44,18.75 Lakh,"43,000 kms",-0.3705939889526643,2967 cc,7 Seats,True,False,False,False,False,False,True,False,False,False
1440,674,3.81 Lakh,"1,30,432 kms",-0.3705939889526643,1798 cc,5 Seats,True,False,False,False,True,True,False,False,False,False
1496,61,46 Lakh,"43,000 kms",0.9024423235906056,2993 cc,5 Seats,True,False,False,False,False,True,False,False,False,False
2652,504,3 Lakh,"40,000 kms",0.1386205360646435,1197 cc,5 Seats,False,False,False,True,True,True,False,False,False,False
2875,564,3.95 Lakh,"80,000 kms",-0.6252012514613183,796 cc,5 Seats,True,False,False,False,True,False,True,False,False,False
916,1335,67 Lakh,"8,900 kms",1.4116568486079133,999 cc,5 Seats,False,False,False,True,False,True,False,False,False,False
4606,231,1.56 Lakh,"1,46,439 kms",-1.1344157764786262,2400 cc,5 Seats,True,False,False,False,True,True,False,False,False,False
710,1743,29.29 Lakh,"59,000 kms",0.3932277985732975,1199 cc,7 Seats,True,False,False,False,False,False,True,False,False,False
5098,647,5.92 Lakh,"52,401 kms",0.6478350610819515,1197 cc,5 Seats,False,False,False,True,True,True,False,False,False,False
4865,1049,9.03 Lakh,"24,311 kms",0.9024423235906056,2179 cc,5 Seats,False,False,False,True,False,True,False,False,False,False
2772,191,6.87 Lakh,"34,364 kms",0.9024423235906056,1197 cc,7 Seats,False,False,False,True,True,True,False,False,False,False
1624,195,7 Lakh,"57,000 kms",0.1386205360646435,999 cc,5 Seats,True,False,False,False,True,True,False,False,False,False
4375,327,1.05 Lakh,"1,22,758 kms",-2.66205935153055,1498 cc,6 Seats,False,False,False,True,True,False,False,False,False,True
821,1129,3.28 Lakh,"41,050 kms",-0.3705939889526643,998 cc,5 Seats,False,False,False,True,True,True,False,False,False,False
5425,1233,7.70 Lakh,"90,000 kms",0.3932277985732975,1498 cc,5 Seats,True,False,False,False,True,True,False,False,False,False
1354,1426,6.51 Lakh,"73,656 kms",0.1386205360646435,1493 cc,7 Seats,True,False,False,False,False,True,False,False,False,False
4960,1497,15.02 Lakh,"8,267 kms",1.6662641111165672,1496 cc,5 Seats,False,False,False,True,True,True,False,False,False,False
850,587,10.95 Lakh,"74,000 kms",0.9024423235906056,624 cc,5 Seats,True,False,False,False,True,True,False,False,False,False
3350,1071,9 Lakh,"15,000 kms",1.1570495860992591,1197 cc,5 Seats,False,False,False,True,True,True,False,False,False,False
1000,1123,1.78 Lakh,"11,615 kms",-0.1159867264440103,1197 cc,5 Seats,False,False,False,True,True,True,False,False,False,False
5048,1001,5.71 Lakh,"33,835 kms",0.6478350610819515,1248 cc,5 Seats,False,False,False,True,True,True,False,False,False,False
4101,1267,3 Lakh,"70,000 kms",-0.6252012514613183,1950 cc,5 Seats,False,False,False,True,True,False,True,False,False,False
3525,990,1.06 Lakh,"1,47,432 kms",-1.3890230389872802,1498 cc,5 Seats,False,False,False,True,True,False,True,False,False,False
18,1401,3.21 Lakh,"35,894 kms",-0.1159867264440103,1198 cc,5 Seats,False,False,False,True,True,False,True,False,False,False
1637,428,11 Lakh,"16,118 kms",0.6478350610819515,1461 cc,5 Seats,False,False,False,True,False,True,False,False,False,False
1667,27,19.90 Lakh,"46,000 kms",-0.3705939889526643,1199 cc,5 Seats,True,False,False,False,False,True,False,False,False,False
493,501,6.48 Lakh,"15,000 kms",1.4116568486079133,1248 cc,5 Seats,False,False,False,True,True,True,False,False,False,False
3173,1756,11.75 Lakh,"1,69,917 kms",-0.6252012514613183,1086 cc,5 Seats,True,False,False,False,True,False,True,False,False,False
5503,1303,10.90 Lakh,"98,000 kms",-1.1344157764786262,1995 cc,7 Seats,True,False,False,False,False,True,False,False,False,False
1347,1294,66 Lakh,"12,000 kms",0.1386205360646435,1197 cc,5 Seats,True,False,False,False,False,True,False,False,False,False
3018,1318,39 Lakh,"24,000 kms",1.1570495860992591,1991 cc,5 Seats,True,False,False,False,False,False,True,False,False,False
4305,1404,1.96 Lakh,"92,540 kms",-0.8798085139699723,1061 cc,5 Seats,True,False,False,False,True,False,True,False,False,False
3230,1290,"50,718 ","1,42,740 kms",-2.407452089021896,2755 cc,5 Seats,False,False,False,True,True,False,True,False,False,False
3947,1180,5.38 Lakh,"84,261 kms",0.3932277985732975,1197 cc,5 Seats,True,False,False,False,True,True,False,False,False,False
4240,1266,3.65 Lakh,"40,955 kms",0.6478350610819515,1248 cc,5 Seats,False,False,False,True,True,False,True,False,False,False
2828,637,1.50 Lakh,"40,000 kms",-1.3890230389872802,1248 cc,5 Seats,False,False,False,True,True,True,False,False,False,False
687,1284,1.45 Lakh,"41,000 kms",-1.898237564004588,1968 cc,5 Seats,False,False,False,True,True,True,False,False,False,False
1112,554,10.46 Lakh,"31,952 kms",0.9024423235906056,998 cc,5 Seats,False,False,False,True,False,True,False,False,False,False
3232,1279,9.54 Lakh,"84,284 kms",1.1570495860992591,2179 cc,5 Seats,False,False,False,True,True,True,False,False,False,False
1608,921,12.60 Lakh,"40,000 kms",0.9024423235906056,1968 cc,5 Seats,True,False,False,False,True,True,False,False,False,False
4510,1067,6.75 Lakh,"97,000 kms",0.1386205360646435,1582 cc,7 Seats,True,False,False,False,True,True,False,False,False,False
703,319,2.71 Lakh,"1,49,232 kms",-1.3890230389872802,1598 cc,5 Seats,False,False,False,True,True,True,False,False,False,False
1009,351,5.93 Lakh,"48,727 kms",-0.3705939889526643,1199 cc,5 Seats,False,False,False,True,True,True,False,False,False,False
3291,1316,68 Lakh,"30,000 kms",0.9024423235906056,998 cc,5 Seats,False,False,False,True,False,True,False,False,False,False
2408,1797,17.70 Lakh,"1,19,000 kms",0.1386205360646435,1086 cc,5 Seats,True,False,False,False,False,True,False,False,False,False
1092,980,2.68 Lakh,"55,107 kms",-0.3705939889526643,796 cc,5 Seats,False,False,False,True,True,True,False,False,False,False
1327,1372,49 Lakh,"70,000 kms",-0.1159867264440103,2987 cc,7 Seats,False,False,False,True,False,False,True,False,False,False
5136,1403,3.38 Lakh,"56,409 kms",-0.3705939889526643,1199 cc,5 Seats,False,False,False,True,False,True,False,False,False,False
1677,205,27 Lakh,"73,500 kms",0.9024423235906056,1248 cc,5 Seats,True,False,False,False,False,True,False,False,False,False
1999,644,2.49 Lakh,"1,03,000 kms",-1.3890230389872802,1598 cc,5 Seats,False,False,False,True,False,False,True,False,False,False
1310,1349,38.90 Lakh,"69,000 kms",0.3932277985732975,2755 cc,7 Seats,True,False,False,False,False,True,False,False,False,False
3878,1134,4.80 Lakh,"35,000 kms",1.1570495860992591,1493 cc,5 Seats,False,False,False,True,False,True,False,False,False,False
3704,796,39.75 Lakh,"68,000 kms",0.3932277985732975,1968 cc,5 Seats,False,False,False,True,False,True,False,False,False,False
3950,1214,4.77 Lakh,"44,888 kms",0.6478350610819515,1461 cc,5 Seats,False,False,False,True,True,True,False,False,False,False
1987,1069,4.90 Lakh,"89,982 kms",-0.1159867264440103,1198 cc,5 Seats,False,False,False,True,True,False,True,False,False,False
4803,1690,5.25 Lakh,"58,000 kms",0.6478350610819515,1198 cc,5 Seats,True,False,False,False,True,True,False,False,False,False
344,527,1.11 Lakh,"51,915 kms",-1.898237564004588,1086 cc,5 Seats,False,False,False,True,True,True,False,False,False,False
4610,1831,2.97 Lakh,"1,57,151 kms",-0.3705939889526643,1248 cc,5 Seats,False,False,False,True,True,False,True,False,False,False
986,280,9.47 Lakh,"4,391 kms",1.6662641111165672,1198 cc,5 Seats,False,False,False,True,False,True,False,False,False,False
587,1210,5.50 Lakh,"13,000 kms",0.3932277985732975,1462 cc,5 Seats,False,False,False,True,True,True,False,False,False,False
2791,188,5.20 Lakh,"60,000 kms",0.3932277985732975,1248 cc,5 Seats,False,False,False,True,True,True,False,False,False,False
4939,1135,3.70 Lakh,"60,000 kms",1.1570495860992591,1197 cc,7 Seats,False,False,False,True,True,True,False,False,False,False
4102,1435,4.50 Lakh,"1,00,000 kms",-0.8798085139699723,1197 cc,5 Seats,True,False,False,False,True,True,False,False,False,False
3892,406,1.50 Lakh,"80,000 kms",-1.3890230389872802,1999 cc,5 Seats,False,False,False,True,True,False,True,False,False,False
4463,700,7.50 Lakh,"30,000 kms",1.1570495860992591,1373 cc,5 Seats,False,False,False,True,True,True,False,False,False,False
3485,257,3.45 Lakh,"89,419 kms",-0.1159867264440103,2179 cc,7 Seats,False,False,False,True,True,False,True,False,False,False
3749,1211,5.92 Lakh,"32,714 kms",1.1570495860992591,998 cc,5 Seats,False,False,False,True,True,True,False,False,False,False
3678,1187,1.75 Lakh,"80,000 kms",-1.643630301495934,796 cc,5 Seats,False,False,False,True,True,False,False,False,True,False
3289,781,48 Lakh,"46,000 kms",0.9024423235906056,1199 cc,5 Seats,True,False,False,False,False,True,False,False,False,False
1142,1797,17.10 Lakh,"1,11,337 kms",0.6478350610819515,1582 cc,5 Seats,True,False,False,False,False,True,False,False,False,False
2358,687,7.65 Lakh,"68,000 kms",0.6478350610819515,1299 cc,5 Seats,True,False,False,False,True,True,False,False,False,False
3264,1245,1.06 Lakh,"55,842 kms",-1.3890230389872802,998 cc,5 Seats,False,False,False,True,True,True,False,False,False,False
1198,795,35.25 Lakh,"87,002 kms",-0.6252012514613183,1968 cc,5 Seats,True,False,False,False,False,False,True,False,False,False
85,1498,16.75 Lakh,"16,000 kms",1.6662641111165672,999 cc,5 Seats,False,False,False,True,False,True,False,False,False,False
1518,88,60 Lakh,"19,000 kms",1.4116568486079133,1498 cc,5 Seats,True,False,False,False,False,True,False,False,False,False
516,197,6.75 Lakh,"77,000 kms",-0.3705939889526643,1197 cc,5 Seats,False,False,False,True,False,False,True,False,False,False
1381,554,10.46 Lakh,"31,952 kms",0.9024423235906056,998 cc,5 Seats,False,False,False,True,False,True,False,False,False,False
4306,504,3.59 Lakh,"69,470 kms",-0.1159867264440103,1582 cc,5 Seats,False,False,False,True,True,True,False,False,False,False
2716,1486,6.55 Lakh,"5,900 kms",1.4116568486079133,1197 cc,5 Seats,False,False,False,True,True,True,False,False,False,False
3740,663,5.22 Lakh,"56,939 kms",0.3932277985732975,998 cc,5 Seats,True,False,False,False,True,True,False,False,False,False
1014,1871,2.51 Lakh,"1,06,647 kms",-0.8798085139699723,1197 cc,5 Seats,True,False,False,False,True,False,True,False,False,False
128,280,9.15 Lakh,"10,000 kms",1.6662641111165672,1199 cc,5 Seats,False,False,False,True,False,True,False,False,False,False
1364,1183,5 Lakh,"41,899 kms",0.1386205360646435,1497 cc,5 Seats,False,False,False,True,True,True,False,False,False,False
4244,402,2.12 Lakh,"43,308 kms",-0.8798085139699723,1997 cc,4 Seats,False,False,False,True,True,True,False,False,False,False
4540,211,23.50 Lakh,"86,000 kms",0.1386205360646435,1196 cc,7 Seats,True,False,False,False,False,True,False,False,False,False
3996,996,5.69 Lakh,"98,193 kms",0.6478350610819515,1197 cc,5 Seats,False,False,False,True,True,True,False,False,False,False
891,1142,7.25 Lakh,"72,568 kms",0.3932277985732975,995 cc,5 Seats,True,False,False,False,True,True,False,False,False,False
2793,231,1.85 Lakh,"1,00,000 kms",-0.6252012514613183,936 cc,5 Seats,True,False,False,False,True,False,True,False,False,False
4634,222,2.30 Lakh,"60,000 kms",-1.1344157764786262,1493 cc,5 Seats,False,False,False,True,True,False,False,True,False,False
1359,1237,10.53 Lakh,"26,396 kms",1.1570495860992591,998 cc,5 Seats,False,False,False,True,True,True,False,False,False,False
307,578,8.25 Lakh,"84,000 kms",0.1386205360646435,1591 cc,5 Seats,False,False,False,True,True,True,False,False,False,False
1661,1508,17.50 Lakh,"60,000 kms",0.3932277985732975,1199 cc,5 Seats,True,False,False,False,False,False,True,False,False,False
2431,992,"94,058 ","84,278 kms",-1.898237564004588,1498 cc,5 Seats,False,False,False,True,True,False,True,False,False,False
4430,129,"55,000 ","1,00,000 kms",-1.643630301495934,1061 cc,5 Seats,False,False,False,True,True,False,False,False,True,False
1317,779,29.50 Lakh,"1,20,000 kms",0.1386205360646435,2996 cc,7 Seats,True,False,False,False,False,True,False,False,False,False
3499,354,7.60 Lakh,"2,10,870 kms",0.3932277985732975,1193 cc,5 Seats,True,False,False,False,True,True,False,False,False,False
5326,1317,47.90 Lakh,"12,000 kms",1.4116568486079133,1996 cc,6 Seats,False,False,False,True,False,True,False,False,False,False
3249,1611,2.47 Lakh,"1,12,051 kms",0.3932277985732975,1199 cc,5 Seats,False,False,False,False,True,True,False,False,False,False
2474,735,12.50 Lakh,"64,011 kms",0.3932277985732975,1461 cc,5 Seats,True,False,False,False,True,True,False,False,False,False
2542,1874,3.25 Lakh,"50,000 kms",-0.6252012514613183,1248 cc,5 Seats,False,False,False,True,True,True,False,False,False,False
5315,107,1.20 Lakh,"80,000 kms",-0.6252012514613183,1582 cc,5 Seats,True,False,False,False,True,True,False,False,False,False
1246,804,13.39 Lakh,"21,549 kms",1.1570495860992591,1248 cc,5 Seats,False,False,False,True,True,True,False,False,False,False
4594,1183,6.58 Lakh,"29,526 kms",1.4116568486079133,1198 cc,5 Seats,False,False,False,True,True,False,True,False,False,False
1208,1005,6.20 Lakh,"55,500 kms",0.6478350610819515,1248 cc,5 Seats,True,False,False,False,True,True,False,False,False,False
3377,826,6.90 Lakh,"3,00,000 kms",0.9024423235906056,1197 cc,5 Seats,True,False,False,False,True,True,False,False,False,False
216,1250,1.30 Lakh,"77,000 kms",-2.66205935153055,998 cc,5 Seats,False,False,False,True,True,False,True,False,False,False
4725,972,1.46 Lakh,"2,69,930 kms",-0.3705939889526643,814 cc,5 Seats,False,False,False,True,True,True,False,False,False,False
3806,321,3.15 Lakh,"66,131 kms",-1.1344157764786262,1198 cc,5 Seats,False,False,False,True,True,False,True,False,False,False
1239,1432,3.24 Lakh,"53,548 kms",-0.6252012514613183,1968 cc,5 Seats,True,False,False,False,True,False,True,False,False,False
2289,1540,3.95 Lakh,"79,399 kms",-1.1344157764786262,814 cc,5 Seats,True,False,False,False,True,True,False,False,False,False
2740,234,2.03 Lakh,"48,111 kms",-0.6252012514613183,1591 cc,5 Seats,False,False,False,True,True,True,False,False,False,False
275,720,18 Lakh,"70,000 kms",-0.3705939889526643,2179 cc,5 Seats,True,False,False,False,False,False,True,False,False,False
489,1109,1.20 Lakh,"73,000 kms",-2.407452089021896,2982 cc,5 Seats,False,False,False,True,True,False,True,False,False,False
1035,1266,2.21 Lakh,"73,639 kms",-0.8798085139699723,1198 cc,5 Seats,False,False,False,True,True,True,False,False,False,False
1229,1796,18.75 Lakh,"26,000 kms",0.6478350610819515,1248 cc,5 Seats,True,False,False,False,False,True,False,False,False,False
5087,267,4.34 Lakh,"88,227 kms",0.1386205360646435,1497 cc,7 Seats,True,False,False,False,True,True,False,False,False,False
1008,1815,5.25 Lakh,"57,000 kms",0.3932277985732975,1462 cc,5 Seats,False,False,False,True,True,False,True,False,False,False
5190,984,3.09 Lakh,"34,851 kms",0.3932277985732975,998 cc,5 Seats,False,False,False,True,True,False,True,False,False,False
3786,1123,2.13 Lakh,"73,200 kms",0.6478350610819515,1493 cc,5 Seats,False,False,False,True,True,True,False,False,False,False
3857,1625,3.50 Lakh,"70,000 kms",-0.6252012514613183,1197 cc,5 Seats,True,False,False,False,True,True,False,False,False,False
2532,689,6.85 Lakh,"7,500 kms",1.4116568486079133,1086 cc,5 Seats,False,False,False,True,True,True,False,False,False,False
5064,1162,2.49 Lakh,"57,756 kms",-1.3890230389872802,1461 cc,5 Seats,False,False,False,True,True,True,False,False,False,False
1058,702,3.19 Lakh,"1,24,012 kms",-0.6252012514613183,1299 cc,5 Seats,True,False,False,False,True,False,True,False,False,False
2166,756,18.28 Lakh,"49,289 kms",1.1570495860992591,1497 cc,4 Seats,True,False,False,False,False,True,False,False,False,False
4519,1468,6.20 Lakh,"1,20,000 kms",0.1386205360646435,1995 cc,7 Seats,True,False,False,False,True,True,False,False,False,False
4094,1748,27 Lakh,"79,000 kms",0.3932277985732975,998 cc,5 Seats,True,False,False,False,False,True,False,False,False,False
281,29,27.95 Lakh,"55,291 kms",0.3932277985732975,1968 cc,5 Seats,True,False,False,False,True,True,False,False,False,False
1043,1257,"98,429 ","72,792 kms",-1.898237564004588,1956 cc,5 Seats,False,False,True,False,True,True,False,False,False,False
1316,259,3.60 Lakh,"85,000 kms",-0.3705939889526643,1248 cc,5 Seats,False,False,False,True,True,True,False,False,False,False
5484,112,2.55 Lakh,"37,275 kms",-0.3705939889526643,2179 cc,5 Seats,False,False,False,True,True,True,False,False,False,False
968,244,1.20 Lakh,"70,000 kms",-2.916666614039204,796 cc,5 Seats,False,False,False,True,True,False,True,False,False,False
3790,1009,6.22 Lakh,"10,239 kms",0.9024423235906056,1248 cc,7 Seats,False,False,False,True,True,True,False,False,False,False
1939,1833,3.93 Lakh,"71,033 kms",-0.3705939889526643,2179 cc,7 Seats,True,False,False,False,True,False,True,False,False,False
5394,1354,56 Lakh,"45,000 kms",0.9024423235906056,2996 cc,5 Seats,True,False,False,False,False,True,False,False,False,False
1274,417,8.35 Lakh,"70,000 kms",0.3932277985732975,1498 cc,5 Seats,True,False,False,False,True,True,False,False,False,False
619,1707,18 Lakh,"38,000 kms",0.3932277985732975,2179 cc,5 Seats,False,False,False,True,False,True,False,False,False,False
4861,692,3.40 Lakh,"89,201 kms",-0.6252012514613183,1968 cc,5 Seats,True,False,False,False,True,False,True,False,False,False
1742,398,8.75 Lakh,"80,000 kms",0.6478350610819515,2179 cc,8 Seats,True,False,False,False,True,True,False,False,False,False
1390,1200,4.27 Lakh,"82,392 kms",0.3932277985732975,2179 cc,7 Seats,True,False,False,False,True,True,False,False,False,False
5240,34,16 Lakh,"94,002 kms",-0.3705939889526643,4367 cc,5 Seats,True,False,False,False,False,False,True,False,False,False
1847,553,10.60 Lakh,"3,500 kms",1.4116568486079133,1969 cc,7 Seats,False,False,False,True,False,True,False,False,False,False
1579,347,7.75 Lakh,"64,000 kms",0.1386205360646435,1997 cc,7 Seats,False,False,False,True,False,True,False,False,False,False
1655,371,6.40 Lakh,"26,000 kms",0.6478350610819515,1373 cc,5 Seats,False,False,False,True,True,True,False,False,False,False
3568,101,1.15 Crore,"39,000 kms",0.9024423235906056,1061 cc,5 Seats,False,False,False,True,False,True,False,False,False,False
2352,1105,9.13 Lakh,"40,000 kms",0.9024423235906056,1197 cc,5 Seats,False,False,False,True,True,True,False,False,False,False
2212,1233,10.50 Lakh,"88,235 kms",0.9024423235906056,1248 cc,5 Seats,True,False,False,False,True,True,False,False,False,False
3275,489,2.58 Lakh,"1,12,870 kms",-0.6252012514613183,1198 cc,8 Seats,False,False,False,True,True,True,False,False,False,False
2020,1183,4.50 Lakh,"73,000 kms",-0.6252012514613183,1493 cc,5 Seats,False,False,False,True,True,True,False,False,False,False
5478,1312,53 Lakh,"9,000 kms",1.6662641111165672,1462 cc,5 Seats,True,False,False,False,False,False,False,False,False,False
1956,1737,2.82 Lakh,"75,805 kms",-1.1344157764786262,1298 cc,5 Seats,True,False,False,False,True,True,False,False,False,False
3178,639,1.76 Lakh,"85,122 kms",-1.1344157764786262,1120 cc,5 Seats,False,False,True,False,True,False,False,True,False,False
3192,936,15.62 Lakh,"74,787 kms",1.1570495860992591,1248 cc,5 Seats,True,False,False,False,True,True,False,False,False,False
1307,790,29.90 Lakh,"69,000 kms",-0.1159867264440103,5950 cc,4 Seats,True,False,False,False,False,True,False,False,False,False
2003,1253,4 Lakh,"40,000 kms",0.3932277985732975,1591 cc,5 Seats,False,False,False,False,True,False,False,True,False,False
4913,643,1.91 Lakh,"57,480 kms",-1.3890230389872802,814 cc,5 Seats,False,False,False,True,True,False,True,False,False,False
575,402,1.85 Lakh,"68,000 kms",-1.643630301495934,1197 cc,5 Seats,False,False,False,True,True,True,False,False,False,False
2360,1099,5.10 Lakh,"1,20,000 kms",-0.8798085139699723,1061 cc,5 Seats,True,False,False,False,True,False,True,False,False,False
4668,1632,"35,000 ","50,000 kms",-1.1344157764786262,1390 cc,5 Seats,False,False,False,True,True,False,True,False,False,False
4894,1559,6.75 Lakh,"7,027 kms",1.4116568486079133,1462 cc,5 Seats,False,False,False,True,True,True,False,False,False,False
1706,700,7.85 Lakh,"12,900 kms",1.1570495860992591,998 cc,5 Seats,False,False,False,True,True,True,False,False,False,False
1799,17,13 Lakh,"70,000 kms",-1.3890230389872802,1998 cc,4 Seats,True,False,False,False,False,True,False,False,False,False
3347,1211,5.50 Lakh,"50,000 kms",0.3932277985732975,1497 cc,5 Seats,False,False,False,True,True,True,False,False,False,False
5441,1774,6 Lakh,"79,718 kms",-1.643630301495934,1248 cc,5 Seats,True,False,False,False,True,True,False,False,False,False
1280,1717,8.95 Lakh,"63,000 kms",-0.3705939889526643,1968 cc,5 Seats,False,False,False,True,False,True,False,False,False,False
4490,525,2.50 Lakh,"1,00,000 kms",-0.3705939889526643,1197 cc,5 Seats,False,False,False,True,True,False,True,False,False,False
861,1312,62 Lakh,"4,000 kms",1.6662641111165672,1462 cc,5 Seats,True,False,False,False,False,True,False,False,False,False
4568,945,4.91 Lakh,"77,494 kms",-0.8798085139699723,1461 cc,5 Seats,True,False,False,False,True,False,True,False,False,False
1801,1374,37.50 Lakh,"9,000 kms",0.6478350610819515,2967 cc,7 Seats,False,False,False,True,False,True,False,False,False,False
1628,1424,5.65 Lakh,"77,000 kms",-0.8798085139699723,2179 cc,5 Seats,True,False,False,False,True,False,True,False,False,False
1993,1702,3.23 Lakh,"13,251 kms",-0.1159867264440103,1499 cc,5 Seats,False,False,False,True,True,True,False,False,False,False
2639,178,3 Lakh,"80,000 kms",-0.6252012514613183,993 cc,5 Seats,True,False,False,False,True,False,False,True,False,False
269,879,12 Lakh,"70,000 kms",0.9024423235906056,2179 cc,7 Seats,True,False,False,False,True,True,False,False,False,False
629,1409,4 Lakh,"90,592 kms",-0.6252012514613183,1995 cc,5 Seats,False,False,False,True,False,True,False,False,False,False
3081,996,5.50 Lakh,"60,000 kms",0.6478350610819515,2494 cc,5 Seats,False,False,False,True,True,True,False,False,False,False
3466,1055,6.26 Lakh,"86,272 kms",0.6478350610819515,1582 cc,5 Seats,False,False,False,True,True,True,False,False,False,False
2334,1211,3.50 Lakh,"90,000 kms",-0.6252012514613183,1956 cc,5 Seats,False,False,False,True,True,False,True,False,False,False
4818,972,2.27 Lakh,"45,877 kms",0.1386205360646435,1461 cc,5 Seats,False,False,False,True,True,True,False,False,False,False
2966,650,2.09 Lakh,"80,283 kms",-1.1344157764786262,1493 cc,7 Seats,False,False,False,True,True,False,True,False,False,False
300,36,9.95 Lakh,"68,000 kms",-1.1344157764786262,2967 cc,5 Seats,True,False,False,False,False,False,False,True,False,False
4112,88,60 Lakh,"19,000 kms",1.4116568486079133,2143 cc,5 Seats,True,False,False,False,False,True,False,False,False,False
459,1247,1.40 Lakh,"90,000 kms",-3.171273876547858,998 cc,5 Seats,False,False,False,True,True,False,True,False,False,False
1447,876,15.85 Lakh,"12,001 kms",1.6662641111165672,1991 cc,5 Seats,True,False,False,False,True,True,False,False,False,False
1472,1743,29 Lakh,"60,500 kms",0.3932277985732975,799 cc,5 Seats,True,False,False,False,False,True,False,False,False,False
2046,281,11 Lakh,"50,000 kms",1.4116568486079133,995 cc,5 Seats,True,False,False,False,False,True,False,False,False,False
4666,525,2.20 Lakh,"1,20,000 kms",-0.1159867264440103,1582 cc,5 Seats,False,False,False,True,True,False,True,False,False,False
4333,1119,5.16 Lakh,"6,944 kms",1.4116568486079133,799 cc,5 Seats,False,False,False,True,True,True,False,False,False,False
4056,557,9.91 Lakh,"9,902 kms",1.4116568486079133,796 cc,5 Seats,False,False,False,True,True,True,False,False,False,False
2113,1258,3.60 Lakh,"90,000 kms",0.1386205360646435,1586 cc,5 Seats,False,False,False,True,True,False,True,False,False,False
27,539,22.78 Lakh,"11,945 kms",1.4116568486079133,1999 cc,5 Seats,False,False,False,True,False,True,False,False,False,False
2040,1714,8.75 Lakh,"32,000 kms",-0.1159867264440103,1498 cc,5 Seats,False,False,False,True,True,True,False,False,False,False
4987,1266,3.19 Lakh,"49,915 kms",-0.1159867264440103,1197 cc,5 Seats,False,False,False,True,True,True,False,False,False,False
3216,426,7.80 Lakh,"72,434 kms",-0.1159867264440103,998 cc,5 Seats,False,False,False,True,True,True,False,False,False,False
837,1354,44 Lakh,"49,000 kms",0.3932277985732975,2184 cc,5 Seats,True,False,False,False,False,True,False,False,False,False
129,1120,5.50 Lakh,"59,385 kms",0.9024423235906056,1197 cc,5 Seats,False,False,False,True,False,True,False,False,False,False
4086,1443,3.25 Lakh,"96,000 kms",-0.6252012514613183,1199 cc,7 Seats,True,False,False,False,True,False,True,False,False,False
2008,1110,1.05 Lakh,"70,000 kms",-1.643630301495934,1799 cc,5 Seats,False,False,False,True,True,False,True,False,False,False
5408,70,45.90 Lakh,"42,000 kms",0.6478350610819515,1353 cc,5 Seats,True,False,False,False,False,True,False,False,False,False
503,425,10.25 Lakh,"14,000 kms",0.6478350610819515,1591 cc,5 Seats,False,False,False,True,True,True,False,False,False,False
5470,1359,78 Lakh,"39,000 kms",1.1570495860992591,1993 cc,5 Seats,True,False,False,False,False,True,False,False,False,False
4738,527,1.28 Lakh,"77,414 kms",-1.643630301495934,1186 cc,7 Seats,False,False,False,True,True,False,False,True,False,False
380,755,16.95 Lakh,"20,155 kms",1.1570495860992591,1353 cc,5 Seats,False,False,False,True,True,True,False,False,False,False
1851,1284,1.75 Lakh,"60,000 kms",-1.643630301495934,1497 cc,5 Seats,False,False,False,True,True,False,True,False,False,False
1525,795,35.25 Lakh,"87,002 kms",-0.6252012514613183,1968 cc,5 Seats,True,False,False,False,False,False,True,False,False,False
2365,976,4.35 Lakh,"20,439 kms",0.9024423235906056,1799 cc,5 Seats,False,False,False,True,True,True,False,False,False,False
3918,650,1.80 Lakh,"63,538 kms",-1.3890230389872802,1373 cc,5 Seats,False,False,False,True,True,False,False,True,False,False
3052,961,2 Lakh,"70,000 kms",-0.3705939889526643,999 cc,7 Seats,False,False,False,True,True,True,False,False,False,False
2884,1127,3 Lakh,"64,000 kms",-1.1344157764786262,1396 cc,7 Seats,True,False,False,False,True,False,True,False,False,False
2340,898,11.30 Lakh,"69,824 kms",1.1570495860992591,1193 cc,5 Seats,True,False,False,False,True,True,False,False,False,False
374,1790,19.50 Lakh,"52,187 kms",0.3932277985732975,2393 cc,7 Seats,True,False,False,False,True,False,True,False,False,False
5006,114,1.56 Lakh,"1,13,652 kms",-0.6252012514613183,1248 cc,5 Seats,False,False,False,True,True,False,False,True,False,False
2381,449,2.95 Lakh,"52,552 kms",-0.3705939889526643,1497 cc,5 Seats,False,False,False,True,True,True,False,False,False,False
4745,613,6.25 Lakh,"42,000 kms",0.6478350610819515,0 cc,5 Seats,True,False,False,False,True,True,False,False,False,False
939,1152,4.70 Lakh,"20,000 kms",1.4116568486079133,796 cc,4 Seats,False,False,False,True,True,False,True,False,False,False
5281,972,2.20 Lakh,"60,000 kms",0.1386205360646435,2179 cc,7 Seats,False,False,False,True,True,False,True,False,False,False
4382,335,12.12 Lakh,"17,262 kms",1.1570495860992591,814 cc,5 Seats,False,False,False,True,True,True,False,False,False,False
4588,1405,2.58 Lakh,"1,74,529 kms",-0.6252012514613183,1197 cc,5 Seats,True,False,False,False,True,False,True,False,False,False
2799,1243,5 Lakh,"20,000 kms",1.1570495860992591,1956 cc,5 Seats,False,False,False,False,True,True,False,False,False,False
2147,274,7.95 Lakh,"22,000 kms",0.9024423235906056,624 cc,5 Seats,False,False,False,True,False,True,False,False,False,False
3591,230,2.50 Lakh,"90,000 kms",-0.6252012514613183,1498 cc,5 Seats,True,False,False,False,True,True,False,False,False,False
4562,527,1.84 Lakh,"84,508 kms",-0.3705939889526643,796 cc,5 Seats,False,False,False,True,True,False,False,True,False,False
5008,633,2.46 Lakh,"71,708 kms",-0.8798085139699723,1198 cc,5 Seats,False,False,False,True,True,False,True,False,False,False
5213,633,5 Lakh,"58,000 kms",-1.1344157764786262,1497 cc,5 Seats,False,False,False,True,True,True,False,False,False,False
2068,1722,9.50 Lakh,"50,000 kms",-0.1159867264440103,1991 cc,5 Seats,False,False,False,True,False,True,False,False,False,False
3623,1513,6.75 Lakh,"1,81,000 kms",-0.3705939889526643,1196 cc,5 Seats,True,False,False,False,False,True,False,False,False,False
529,605,10.28 Lakh,"51,956 kms",0.6478350610819515,1198 cc,5 Seats,False,False,False,True,True,True,False,False,False,False
3308,739,22.13 Lakh,"32,365 kms",1.1570495860992591,1497 cc,5 Seats,True,False,False,False,False,True,False,False,False,False
3856,228,4 Lakh,"1,10,000 kms",0.9024423235906056,799 cc,4 Seats,False,False,False,True,False,True,False,False,False,False
5336,116,4.15 Lakh,"50,000 kms",-0.3705939889526643,1968 cc,5 Seats,True,False,False,False,True,True,False,False,False,False
636,1183,4.65 Lakh,"26,000 kms",-0.3705939889526643,998 cc,5 Seats,False,False,False,True,True,True,False,False,False,False
1269,1645,23.50 Lakh,"10,289 kms",1.6662641111165672,1956 cc,5 Seats,True,False,False,False,False,True,False,False,False,False
185,1064,6.15 Lakh,"77,876 kms",-0.1159867264440103,1373 cc,5 Seats,False,False,False,True,True,True,False,False,False,False
1394,996,6.30 Lakh,"36,438 kms",0.6478350610819515,2179 cc,7 Seats,False,False,False,True,True,False,True,False,False,False
5238,1330,22 Lakh,"63,203 kms",-0.1159867264440103,2993 cc,5 Seats,True,False,False,False,False,False,True,False,False,False
4140,99,83 Lakh,"25,000 kms",1.1570495860992591,796 cc,5 Seats,True,False,False,False,False,True,False,False,False,False
1797,1883,22 Lakh,"36,000 kms",-0.1159867264440103,2698 cc,5 Seats,True,False,False,False,False,True,False,False,False,False
2979,643,1.30 Lakh,"55,892 kms",-1.898237564004588,998 cc,5 Seats,False,False,False,True,True,False,False,False,True,False
1441,1742,31 Lakh,"44,000 kms",0.9024423235906056,2967 cc,5 Seats,False,False,False,True,False,False,True,False,False,False
4127,987,"55,000 ","50,000 kms",-3.425881139056512,1497 cc,5 Seats,False,False,False,True,True,False,True,False,False,False
5371,41,18 Lakh,"50,001 kms",-0.6252012514613183,1248 cc,5 Seats,True,False,False,False,False,False,True,False,False,False
3811,1180,2 Lakh,"58,889 kms",-0.3705939889526643,1086 cc,5 Seats,True,False,False,False,True,True,False,False,False,False
1535,398,6.99 Lakh,"58,000 kms",0.3932277985732975,1248 cc,5 Seats,True,False,False,False,True,True,False,False,False,False
2913,910,16.80 Lakh,"5,500 kms",1.6662641111165672,1999 cc,5 Seats,False,False,False,True,True,True,False,False,False,False
3188,1071,9.50 Lakh,"9,630 kms",1.6662641111165672,1248 cc,5 Seats,False,False,False,True,True,True,False,False,False,False
1273,1506,13.49 Lakh,"70,000 kms",0.3932277985732975,2499 cc,5 Seats,False,False,False,True,False,True,False,False,False,False
2467,109,1.66 Lakh,"77,385 kms",-1.1344157764786262,1248 cc,5 Seats,True,False,False,False,True,False,True,False,False,False
3688,175,4.71 Lakh,"80,769 kms",-0.1159867264440103,1197 cc,5 Seats,False,False,False,True,True,False,True,False,False,False
607,787,70 Lakh,"18,100 kms",1.1570495860992591,2143 cc,5 Seats,True,False,False,False,False,True,False,False,False,False
4104,1354,44 Lakh,"49,000 kms",0.3932277985732975,1197 cc,5 Seats,True,False,False,False,False,True,False,False,False,False
1712,762,12.60 Lakh,"19,000 kms",1.1570495860992591,1196 cc,5 Seats,False,False,False,True,True,True,False,False,False,False
4034,666,5.17 Lakh,"85,181 kms",0.1386205360646435,1591 cc,5 Seats,False,False,False,True,True,True,False,False,False,False
2199,308,23.50 Lakh,"14,000 kms",0.6478350610819515,1197 cc,5 Seats,False,False,False,True,False,True,False,False,False,False
955,1472,7 Lakh,"50,000 kms",0.1386205360646435,993 cc,5 Seats,True,False,False,False,True,False,True,False,False,False
2579,1261,2.80 Lakh,"70,000 kms",-0.1159867264440103,1197 cc,7 Seats,False,False,False,True,True,True,False,False,False,False
4080,985,3.35 Lakh,"8,804 kms",0.6478350610819515,1498 cc,5 Seats,False,False,False,True,False,True,False,False,False,False
4412,797,42 Lakh,"1,11,000 kms",0.6478350610819515,1061 cc,5 Seats,False,False,False,True,False,True,False,False,False,False
4881,809,16.57 Lakh,"18,697 kms",1.1570495860992591,999 cc,5 Seats,False,False,False,True,True,True,False,False,False,False
4098,230,1.60 Lakh,"90,000 kms",-0.8798085139699723,1461 cc,5 Seats,True,False,False,False,True,True,False,False,False,False
2852,862,9 Lakh,"80,000 kms",0.1386205360646435,1248 cc,7 Seats,True,False,False,False,True,True,False,False,False,False
403,1842,11.45 Lakh,"54,000 kms",1.4116568486079133,999 cc,5 Seats,False,False,False,True,False,True,False,False,False,False
2071,1510,3.45 Lakh,"96,000 kms",-1.643630301495934,1497 cc,5 Seats,True,False,False,False,True,False,True,False,False,False
5243,181,4.75 Lakh,"62,500 kms",-0.1159867264440103,4367 cc,5 Seats,True,False,False,False,True,True,False,False,False,False
1977,441,17.50 Lakh,"25,000 kms",1.4116568486079133,2494 cc,8 Seats,True,False,False,False,True,True,False,False,False,False
158,913,17.51 Lakh,"19,000 kms",1.6662641111165672,2184 cc,4 Seats,True,False,False,False,False,True,False,False,False,False
1748,990,"45,000 ","60,000 kms",-2.407452089021896,1497 cc,5 Seats,False,False,False,True,True,False,True,False,False,False
2909,1699,2.90 Lakh,"70,000 kms",0.1386205360646435,1968 cc,5 Seats,True,False,False,False,False,False,False,False,True,False
5381,1146,2.20 Lakh,"1,15,000 kms",-1.1344157764786262,1047 cc,5 Seats,True,False,False,False,True,False,True,False,False,False
902,1200,4.25 Lakh,"80,000 kms",0.1386205360646435,2987 cc,5 Seats,True,False,False,False,True,True,False,False,False,False
352,772,13.25 Lakh,"13,000 kms",1.4116568486079133,998 cc,5 Seats,False,False,False,True,True,True,False,False,False,False
1230,1758,6.06 Lakh,"40,252 kms",1.1570495860992591,1997 cc,5 Seats,False,False,False,True,True,True,False,False,False,False
5150,1096,7.05 Lakh,"77,778 kms",0.6478350610819515,1462 cc,5 Seats,False,False,False,False,True,True,False,False,False,False
2140,1878,15 Lakh,"3,638 kms",1.6662641111165672,1498 cc,5 Seats,False,False,False,True,False,False,False,False,False,False
444,186,7.75 Lakh,"45,000 kms",0.3932277985732975,1498 cc,5 Seats,True,False,False,False,True,True,False,False,False,False
5453,689,3.70 Lakh,"65,000 kms",-0.6252012514613183,1968 cc,5 Seats,False,False,False,True,True,True,False,False,False,False
754,638,1.79 Lakh,"80,896 kms",-1.3890230389872802,2184 cc,5 Seats,False,False,False,True,False,False,False,True,False,False
1737,753,18.25 Lakh,"11,000 kms",1.4116568486079133,1498 cc,5 Seats,False,False,False,True,False,True,False,False,False,False
2971,829,5.22 Lakh,"67,918 kms",0.1386205360646435,1399 cc,5 Seats,True,False,False,False,True,True,False,False,False,False
3714,1354,45.75 Lakh,"46,100 kms",0.3932277985732975,1086 cc,5 Seats,True,False,False,False,False,True,False,False,False,False
5485,1296,42 Lakh,"3,000 kms",1.6662641111165672,1999 cc,5 Seats,False,False,False,True,False,True,False,False,False,False
2920,31,23.90 Lakh,"44,600 kms",0.3932277985732975,1368 cc,5 Seats,True,False,False,False,False,True,False,False,False,False
311,960,3.21 Lakh,"54,112 kms",-0.3705939889526643,0 cc,5 Seats,False,True,False,False,False,True,False,False,False,False
3423,1428,3.52 Lakh,"1,33,159 kms",-0.6252012514613183,1997 cc,5 Seats,True,False,False,False,True,True,False,False,False,False
548,1720,8.52 Lakh,"60,865 kms",-0.1159867264440103,2179 cc,5 Seats,False,False,False,True,True,True,False,False,False,False
661,317,2.85 Lakh,"69,000 kms",-1.643630301495934,2967 cc,5 Seats,False,False,False,True,False,True,False,False,False,False
3794,1641,17.94 Lakh,"72,558 kms",1.4116568486079133,1193 cc,5 Seats,True,False,False,False,True,True,False,False,False,False
5250,16,14.25 Lakh,"82,005 kms",-0.6252012514613183,1248 cc,5 Seats,True,False,False,False,False,False,True,False,False,False
1989,1845,3.03 Lakh,"42,788 kms",-0.6252012514613183,1248 cc,5 Seats,False,False,False,True,True,False,True,False,False,False
3665,1618,1.80 Lakh,"60,000 kms",-0.3705939889526643,998 cc,5 Seats,True,False,False,False,True,False,False,False,True,False
306,948,7.45 Lakh,"1,17,000 kms",-0.8798085139699723,2179 cc,7 Seats,True,False,False,False,True,True,False,False,False,False
2335,130,1.20 Lakh,"1,20,000 kms",-1.643630301495934,1461 cc,7 Seats,False,False,True,False,True,False,True,False,False,False
694,813,17.25 Lakh,"12,800 kms",1.1570495860992591,1197 cc,5 Seats,False,False,False,True,False,True,False,False,False,False
2356,433,7.51 Lakh,"43,000 kms",0.1386205360646435,1495 cc,7 Seats,False,False,False,True,True,True,False,False,False,False
3702,7,21.75 Lakh,"99,125 kms",0.3932277985732975,1998 cc,5 Seats,False,False,False,True,False,True,False,False,False,False
3804,375,5.36 Lakh,"23,947 kms",0.6478350610819515,1248 cc,5 Seats,False,False,False,True,True,True,False,False,False,False
1927,291,4.70 Lakh,"19,062 kms",-0.1159867264440103,2360 cc,5 Seats,False,False,False,True,True,True,False,False,False,False
684,1753,19.50 Lakh,"63,000 kms",-0.1159867264440103,1798 cc,7 Seats,True,False,False,False,False,True,False,False,False,False
3427,813,18.35 Lakh,"12,144 kms",1.4116568486079133,1248 cc,5 Seats,False,False,False,True,False,True,False,False,False,False
749,41,21.74 Lakh,"97,000 kms",-0.3705939889526643,1373 cc,7 Seats,True,False,False,False,False,False,True,False,False,False
3638,237,4.25 Lakh,"40,000 kms",0.6478350610819515,1248 cc,5 Seats,False,False,False,True,True,True,False,False,False,False
3218,1449,4.45 Lakh,"4,603 kms",1.1570495860992591,1497 cc,5 Seats,False,False,False,True,False,True,False,False,False,False
3937,1170,6.24 Lakh,"15,546 kms",0.3932277985732975,1197 cc,5 Seats,False,False,False,True,False,True,False,False,False,False
1266,1312,62 Lakh,"4,000 kms",1.6662641111165672,1353 cc,5 Seats,True,False,False,False,False,True,False,False,False,False
3982,1211,2.25 Lakh,"1,34,059 kms",-0.6252012514613183,1197 cc,5 Seats,False,False,False,True,True,False,True,False,False,False
4189,1569,16.29 Lakh,"19,230 kms",1.4116568486079133,4461 cc,5 Seats,True,False,False,False,True,True,False,False,False,False
4879,1779,8.57 Lakh,"1,38,448 kms",-0.1159867264440103,1598 cc,5 Seats,True,False,False,False,True,False,True,False,False,False
4051,773,7.93 Lakh,"13,633 kms",1.1570495860992591,796 cc,5 Seats,False,False,False,True,False,True,False,False,False,False
2134,236,5.50 Lakh,"28,330 kms",1.1570495860992591,1497 cc,5 Seats,False,False,False,True,True,True,False,False,False,False
3083,1850,13 Lakh,"5,000 kms",1.6662641111165672,1396 cc,5 Seats,False,False,False,True,True,True,False,False,False,False
3061,1763,3 Lakh,"1,69,000 kms",-2.1528448265132423,2925 cc,7 Seats,True,False,False,False,True,False,False,True,False,False
3025,786,1.90 Crore,"68,500 kms",0.9024423235906056,2998 cc,7 Seats,True,False,False,False,False,True,False,False,False,False
970,988,1 Lakh,"1,20,000 kms",-1.3890230389872802,1493 cc,5 Seats,False,False,False,True,True,False,False,False,True,False
13,727,16.78 Lakh,"32,378 kms",0.9024423235906056,1368 cc,5 Seats,False,False,False,True,False,True,False,False,False,False
873,99,83 Lakh,"25,000 kms",1.1570495860992591,2179 cc,5 Seats,True,False,False,False,False,True,False,False,False,False
3771,767,13.26 Lakh,"35,157 kms",0.9024423235906056,793 cc,5 Seats,True,False,False,False,True,True,False,False,False,False
808,714,74 Lakh,"9,900 kms",1.4116568486079133,1998 cc,5 Seats,True,False,False,False,False,True,False,False,False,False
3198,1249,1.33 Lakh,"1,01,935 kms",-1.3890230389872802,999 cc,5 Seats,False,False,False,True,True,True,False,False,False,False
514,1478,4.25 Lakh,"50,000 kms",-0.3705939889526643,1198 cc,5 Seats,False,False,False,True,False,True,False,False,False,False
4932,1270,3 Lakh,"80,000 kms",0.1386205360646435,998 cc,4 Seats,False,False,False,True,True,False,True,False,False,False
409,1344,34.25 Lakh,"29,366 kms",0.9024423235906056,1991 cc,5 Seats,False,False,False,True,False,True,False,False,False,False
5489,1378,24.25 Lakh,"20,000 kms",-0.1159867264440103,1969 cc,5 Seats,False,False,False,True,False,False,True,False,False,False
5490,1347,56.50 Lakh,"32,000 kms",1.1570495860992591,2143 cc,5 Seats,False,False,False,True,False,True,False,False,False,False
5446,1304,28 Lakh,"62,000 kms",0.3932277985732975,1968 cc,5 Seats,False,False,False,True,False,True,False,False,False,False
4782,641,1.85 Lakh,"1,11,986 kms",-1.3890230389872802,1497 cc,5 Seats,False,False,False,True,True,True,False,False,False,False
207,330,3.90 Lakh,"58,000 kms",-1.3890230389872802,1497 cc,5 Seats,False,False,False,True,True,True,False,False,False,False
3910,1211,5.50 Lakh,"30,000 kms",1.1570495860992591,1197 cc,7 Seats,False,False,False,True,True,True,False,False,False,False
458,1034,5.25 Lakh,"28,217 kms",0.6478350610819515,998 cc,5 Seats,False,False,False,True,False,False,True,False,False,False
2054,364,1.40 Lakh,"1,10,000 kms",-2.1528448265132423,2143 cc,5 Seats,False,False,False,True,True,False,False,True,False,False
2430,319,2.90 Lakh,"94,135 kms",-1.643630301495934,1462 cc,5 Seats,False,False,False,True,True,False,True,False,False,False
250,757,14.90 Lakh,"6,000 kms",1.1570495860992591,1353 cc,5 Seats,False,False,False,True,False,True,False,False,False,False
110,277,6 Lakh,"36,500 kms",0.3932277985732975,1199 cc,5 Seats,False,False,False,True,True,True,False,False,False,False
4318,482,4.67 Lakh,"14,748 kms",0.6478350610819515,1368 cc,5 Seats,False,False,False,True,True,True,False,False,False,False
1107,1462,7.75 Lakh,"6,494 kms",1.4116568486079133,998 cc,5 Seats,False,False,False,True,False,True,False,False,False,False
4475,1683,4.25 Lakh,"1,10,000 kms",0.6478350610819515,796 cc,5 Seats,False,False,False,True,True,True,False,False,False,False
1883,566,7 Lakh,"50,000 kms",-0.1159867264440103,1995 cc,5 Seats,True,False,False,False,True,True,False,False,False,False
1713,1791,30.50 Lakh,"3,500 kms",1.6662641111165672,998 cc,5 Seats,True,False,False,False,False,True,False,False,False,False
3911,571,4.10 Lakh,"70,000 kms",-0.3705939889526643,1197 cc,5 Seats,False,False,False,True,True,False,False,True,False,False
1287,1317,36 Lakh,"17,000 kms",0.6478350610819515,2184 cc,4 Seats,False,False,False,True,False,True,False,False,False,False
715,1716,3.50 Lakh,"1,09,100 kms",-1.1344157764786262,1373 cc,5 Seats,False,False,False,True,True,False,True,False,False,False
3441,507,9.38 Lakh,"1,33,491 kms",-0.1159867264440103,1197 cc,5 Seats,True,False,False,False,False,False,False,True,False,False
552,436,9.20 Lakh,"56,052 kms",0.3932277985732975,1396 cc,5 Seats,False,False,False,True,True,True,False,False,False,False
1439,1009,6.31 Lakh,"38,736 kms",1.1570495860992591,2694 cc,7 Seats,False,False,False,True,True,True,False,False,False,False
2270,335,11 Lakh,"42,550 kms",1.4116568486079133,1086 cc,5 Seats,False,False,False,True,True,True,False,False,False,False
4251,910,16.80 Lakh,"5,500 kms",1.6662641111165672,1373 cc,5 Seats,False,False,False,True,True,True,False,False,False,False
3144,990,1.20 Lakh,"1,10,000 kms",-1.643630301495934,1999 cc,5 Seats,False,False,False,True,True,False,True,False,False,False
2821,1279,10 Lakh,"10,000 kms",1.4116568486079133,1598 cc,5 Seats,False,False,False,True,True,True,False,False,False,False
5270,1796,18.75 Lakh,"26,000 kms",0.6478350610819515,1199 cc,5 Seats,True,False,False,False,False,True,False,False,False,False
1925,1409,4 Lakh,"90,592 kms",-0.6252012514613183,1198 cc,5 Seats,False,False,False,True,False,True,False,False,False,False
634,538,16.25 Lakh,"59,000 kms",0.6478350610819515,1199 cc,5 Seats,True,False,False,False,False,True,False,False,False,False
5295,1746,31 Lakh,"60,000 kms",0.9024423235906056,1595 cc,5 Seats,True,False,False,False,True,True,False,False,False,False
316,1385,16.75 Lakh,"85,000 kms",-0.1159867264440103,2477 cc,6 Seats,True,False,False,False,False,True,False,False,False,False
4643,472,1.10 Lakh,"40,000 kms",-2.66205935153055,799 cc,5 Seats,False,False,False,True,True,False,True,False,False,False
5183,940,6.22 Lakh,"75,269 kms",-0.3705939889526643,998 cc,5 Seats,True,False,False,False,True,True,False,False,False,False
1328,27,15.89 Lakh,"73,000 kms",-0.1159867264440103,1968 cc,5 Seats,True,False,False,False,False,True,False,False,False,False
427,991,1.35 Lakh,"80,000 kms",-2.916666614039204,796 cc,5 Seats,False,False,False,True,True,False,False,True,False,False
4095,1670,4 Lakh,"1,20,000 kms",-0.6252012514613183,1461 cc,5 Seats,True,False,False,False,True,False,False,True,False,False
105,429,13.25 Lakh,"58,000 kms",0.6478350610819515,1582 cc,5 Seats,True,False,False,False,False,True,False,False,False,False
3041,1872,1.25 Lakh,"1,00,000 kms",-1.3890230389872802,1995 cc,5 Seats,False,False,False,True,True,False,False,True,False,False
142,262,7.25 Lakh,"33,500 kms",0.6478350610819515,1199 cc,5 Seats,False,False,False,True,False,True,False,False,False,False
2169,1070,6.49 Lakh,"44,877 kms",0.1386205360646435,1298 cc,7 Seats,False,False,False,True,True,True,False,False,False,False
4035,1207,3.80 Lakh,"69,264 kms",-0.3705939889526643,1390 cc,7 Seats,True,False,False,False,True,True,False,False,False,False
89,253,6.10 Lakh,"64,000 kms",0.9024423235906056,1199 cc,5 Seats,False,False,False,True,True,True,False,False,False,False
2918,718,29.80 Lakh,"59,000 kms",0.6478350610819515,1798 cc,5 Seats,True,False,False,False,False,True,False,False,False,False
3237,945,6.01 Lakh,"41,086 kms",-0.1159867264440103,1364 cc,7 Seats,True,False,False,False,True,False,False,False,True,False
2241,464,12 Lakh,"50,000 kms",0.1386205360646435,1896 cc,5 Seats,True,False,False,False,False,False,True,False,False,False
3174,306,3.37 Lakh,"46,224 kms",-0.1159867264440103,2494 cc,5 Seats,False,False,False,True,True,True,False,False,False,False
4336,1239,3.58 Lakh,"46,491 kms",0.1386205360646435,1956 cc,5 Seats,False,False,False,True,False,True,False,False,False,False
3737,821,9.17 Lakh,"28,600 kms",1.1570495860992591,1199 cc,5 Seats,True,False,False,False,True,False,False,True,False,False
2163,321,2.85 Lakh,"69,411 kms",-1.3890230389872802,998 cc,5 Seats,False,False,False,True,True,False,True,False,False,False
2636,972,2.50 Lakh,"25,000 kms",-0.1159867264440103,1248 cc,5 Seats,False,False,False,True,True,True,False,False,False,False
1949,1059,5.93 Lakh,"1,24,183 kms",0.3932277985732975,2993 cc,5 Seats,True,False,False,False,True,True,False,False,False,False
1768,372,6.10 Lakh,"40,000 kms",0.1386205360646435,1591 cc,5 Seats,False,False,False,True,True,True,False,False,False,False
3980,1619,1.27 Lakh,"1,40,277 kms",-1.1344157764786262,998 cc,5 Seats,True,False,False,False,True,True,False,False,False,False
2272,535,1.49 Lakh,"70,000 kms",-2.1528448265132423,1582 cc,5 Seats,False,False,False,True,True,False,True,False,False,False
1,1444,12.83 Lakh,"13,248 kms",1.4116568486079133,1330 cc,5 Seats,False,False,False,True,False,True,False,False,False,False
3936,1,13.09 Lakh,"67,301 kms",-0.1159867264440103,999 cc,5 Seats,True,False,False,False,False,False,True,False,False,False
3979,1070,5.92 Lakh,"64,535 kms",0.3932277985732975,1582 cc,5 Seats,False,False,False,True,True,True,False,False,False,False
5462,86,40 Lakh,"10,000 kms",1.4116568486079133,2987 cc,5 Seats,False,False,False,True,False,True,False,False,False,False
1951,98,52 Lakh,"65,000 kms",0.3932277985732975,1591 cc,5 Seats,True,False,False,False,False,True,False,False,False,False
935,622,5.36 Lakh,"30,000 kms",0.6478350610819515,1984 cc,7 Seats,False,False,False,True,True,True,False,False,False,False
4978,1180,3.81 Lakh,"1,60,648 kms",-0.3705939889526643,1086 cc,5 Seats,True,False,False,False,True,True,False,False,False,False
2720,1217,2.55 Lakh,"30,686 kms",-1.3890230389872802,1582 cc,5 Seats,False,False,False,True,True,True,False,False,False,False
3731,1206,5.11 Lakh,"53,139 kms",0.6478350610819515,998 cc,5 Seats,True,False,False,False,True,False,False,True,False,False
4161,738,17.21 Lakh,"42,446 kms",1.1570495860992591,1995 cc,5 Seats,True,False,False,False,True,True,False,False,False,False
1109,984,3.51 Lakh,"47,133 kms",0.6478350610819515,1197 cc,5 Seats,False,False,False,True,True,True,False,False,False,False
4353,1184,5.41 Lakh,"43,334 kms",0.3932277985732975,1248 cc,5 Seats,False,False,False,True,True,True,False,False,False,False
591,429,9.95 Lakh,"1,29,000 kms",0.1386205360646435,1353 cc,5 Seats,True,False,False,False,False,True,False,False,False,False
3534,414,6.77 Lakh,"6,071 kms",1.6662641111165672,2755 cc,5 Seats,False,False,False,True,True,True,False,False,False,False
1695,361,10.50 Lakh,"37,000 kms",0.9024423235906056,1498 cc,5 Seats,False,False,False,True,True,True,False,False,False,False
4788,1233,7.90 Lakh,"72,500 kms",0.3932277985732975,1047 cc,5 Seats,True,False,False,False,True,True,False,False,False,False
2936,1180,3.72 Lakh,"1,04,724 kms",-0.3705939889526643,1582 cc,5 Seats,True,False,False,False,True,False,True,False,False,False
4629,1182,2.30 Lakh,"1,10,000 kms",-1.3890230389872802,1968 cc,5 Seats,True,False,False,False,True,False,True,False,False,False
2448,1623,1.50 Lakh,"88,579 kms",-1.3890230389872802,1248 cc,5 Seats,False,False,False,True,True,True,False,False,False,False
1576,1183,3.67 Lakh,"84,728 kms",-0.1159867264440103,1968 cc,5 Seats,False,False,False,True,True,False,True,False,False,False
1111,690,5.02 Lakh,"68,841 kms",0.1386205360646435,1582 cc,5 Seats,False,False,False,True,True,True,False,False,False,False
4607,321,4.01 Lakh,"69,733 kms",-1.1344157764786262,1461 cc,5 Seats,False,False,False,True,True,True,False,False,False,False
213,411,19.50 Lakh,"27,300 kms",1.4116568486079133,1493 cc,6 Seats,True,False,False,False,False,True,False,False,False,False
778,330,3.61 Lakh,"48,267 kms",-1.1344157764786262,1497 cc,5 Seats,False,False,False,True,True,True,False,False,False,False
1415,1099,5.18 Lakh,"94,944 kms",-0.1159867264440103,1493 cc,5 Seats,True,False,False,False,True,True,False,False,False,False
3496,1681,3.34 Lakh,"28,392 kms",0.1386205360646435,2184 cc,5 Seats,False,False,False,True,True,True,False,False,False,False
101,1207,1.80 Lakh,"1,10,000 kms",-1.3890230389872802,1248 cc,5 Seats,True,False,False,False,True,False,True,False,False,False
2043,243,"61,000 ","1,10,000 kms",-2.1528448265132423,1498 cc,5 Seats,False,False,False,True,True,False,True,False,False,False
2848,231,1.30 Lakh,"70,000 kms",-0.8798085139699723,1399 cc,5 Seats,True,False,False,False,True,False,True,False,False,False
5004,1252,1.92 Lakh,"70,048 kms",-0.8798085139699723,1197 cc,5 Seats,False,False,False,False,True,False,False,True,False,False
4174,1234,6.17 Lakh,"82,110 kms",0.1386205360646435,1197 cc,5 Seats,True,False,False,False,True,False,True,False,False,False
4358,467,5.33 Lakh,"87,995 kms",-0.6252012514613183,1197 cc,5 Seats,True,False,False,False,True,False,True,False,False,False
1567,1086,6.75 Lakh,"65,000 kms",-0.1159867264440103,1197 cc,5 Seats,False,False,False,False,True,True,False,False,False,False
165,813,14.99 Lakh,"44,000 kms",0.9024423235906056,1451 cc,5 Seats,False,False,False,True,False,True,False,False,False,False
5199,629,5 Lakh,"58,478 kms",-0.6252012514613183,1591 cc,5 Seats,False,False,False,True,True,True,False,False,False,False
3566,1355,89 Lakh,"13,000 kms",1.4116568486079133,1968 cc,5 Seats,True,False,False,False,False,True,False,False,False,False
4367,969,1.44 Lakh,"65,641 kms",-1.3890230389872802,1199 cc,5 Seats,False,False,False,True,True,True,False,False,False,False
5430,1419,58 Lakh,"50,000 kms",0.1386205360646435,1997 cc,5 Seats,True,False,False,False,False,True,False,False,False,False
1343,82,30 Lakh,"25,000 kms",0.9024423235906056,796 cc,5 Seats,True,False,False,False,False,True,False,False,False,False
2013,837,5.20 Lakh,"1,10,000 kms",-0.1159867264440103,1199 cc,5 Seats,True,False,False,False,True,False,False,True,False,False
273,1214,5.70 Lakh,"25,000 kms",0.9024423235906056,1197 cc,5 Seats,False,False,False,True,True,True,False,False,False,False
3860,185,6.50 Lakh,"80,000 kms",0.3932277985732975,1197 cc,5 Seats,True,False,False,False,True,True,False,False,False,False
71,1266,3.69 Lakh,"29,033 kms",0.3932277985732975,998 cc,5 Seats,False,False,False,True,True,True,False,False,False,False
4407,674,4.65 Lakh,"90,000 kms",-0.1159867264440103,1197 cc,5 Seats,True,False,False,False,True,False,True,False,False,False
3788,1637,2.31 Lakh,"1,53,332 kms",-1.1344157764786262,1396 cc,5 Seats,True,False,False,False,True,False,False,False,False,True
1087,903,6.58 Lakh,"68,364 kms",0.3932277985732975,1197 cc,5 Seats,True,False,False,False,True,False,True,False,False,False
394,435,10.50 Lakh,"51,000 kms",0.1386205360646435,1591 cc,5 Seats,False,False,False,True,True,True,False,False,False,False
583,427,12.25 Lakh,"38,170 kms",0.9024423235906056,1248 cc,5 Seats,False,False,False,True,True,True,False,False,False,False
1367,1892,61 Lakh,"20,000 kms",1.4116568486079133,1950 cc,5 Seats,True,False,False,False,False,True,False,False,False,False
5495,1794,18.90 Lakh,"49,000 kms",0.3932277985732975,2143 cc,5 Seats,False,False,False,True,False,False,True,False,False,False
5118,1433,4 Lakh,"57,000 kms",-0.8798085139699723,796 cc,5 Seats,True,False,False,False,True,False,False,False,True,False
2548,1721,8 Lakh,"26,000 kms",0.3932277985732975,1498 cc,5 Seats,False,False,False,True,True,True,False,False,False,False
1013,1184,5.47 Lakh,"21,166 kms",0.3932277985732975,1086 cc,5 Seats,False,False,False,True,True,True,False,False,False,False
5398,779,29.50 Lakh,"1,20,000 kms",0.1386205360646435,2995 cc,5 Seats,True,False,False,False,False,True,False,False,False,False
4130,499,5.50 Lakh,"50,000 kms",1.1570495860992591,1086 cc,5 Seats,False,False,False,True,True,True,False,False,False,False
3003,232,1.26 Lakh,"71,969 kms",-1.3890230389872802,1591 cc,5 Seats,True,False,False,False,True,True,False,False,False,False
5278,265,6.40 Lakh,"25,102 kms",0.9024423235906056,2499 cc,5 Seats,False,False,False,True,True,True,False,False,False,False
1701,482,5.25 Lakh,"33,500 kms",0.6478350610819515,1582 cc,5 Seats,False,False,False,True,True,True,False,False,False,False
520,641,2.78 Lakh,"8,183 kms",-0.8798085139699723,1197 cc,5 Seats,False,False,False,True,True,True,False,False,False,False
1763,580,2.50 Lakh,"40,000 kms",-1.643630301495934,2755 cc,7 Seats,False,False,False,True,True,False,True,False,False,False
1875,365,3.50 Lakh,"1,10,000 kms",-2.1528448265132423,1197 cc,5 Seats,False,False,False,True,False,False,True,False,False,False
1259,1799,1.58 Crore,"56,000 kms",0.6478350610819515,1197 cc,5 Seats,True,False,False,False,False,True,False,False,False,False
3965,1753,12.60 Lakh,"86,024 kms",-0.3705939889526643,998 cc,5 Seats,True,False,False,False,False,False,False,True,False,False
3344,1208,2.35 Lakh,"1,00,000 kms",-1.3890230389872802,1086 cc,7 Seats,True,False,False,False,True,False,False,True,False,False
4997,1057,7.72 Lakh,"35,135 kms",1.1570495860992591,998 cc,5 Seats,False,False,False,True,True,True,False,False,False,False
2253,1183,4.20 Lakh,"90,000 kms",-0.3705939889526643,2179 cc,5 Seats,False,False,False,True,True,True,False,False,False,False
2781,651,4.65 Lakh,"64,164 kms",0.3932277985732975,1199 cc,5 Seats,False,False,False,True,True,True,False,False,False,False
3224,662,2.83 Lakh,"34,341 kms",-0.8798085139699723,1493 cc,6 Seats,True,False,False,False,True,True,False,False,False,False
526,655,5.75 Lakh,"37,965 kms",0.3932277985732975,1197 cc,5 Seats,False,False,False,True,True,True,False,False,False,False
4368,8,32.80 Lakh,"27,000 kms",0.6478350610819515,1497 cc,5 Seats,False,False,False,True,False,False,True,False,False,False
2963,1772,5.57 Lakh,"1,39,257 kms",-0.8798085139699723,1582 cc,7 Seats,True,False,False,False,True,True,False,False,False,False
2946,259,2.82 Lakh,"62,029 kms",-0.6252012514613183,1197 cc,5 Seats,False,False,False,True,True,True,False,False,False,False
377,816,18.10 Lakh,"36,388 kms",0.9024423235906056,1956 cc,5 Seats,True,False,False,False,True,True,False,False,False,False
3899,465,12 Lakh,"18,100 kms",0.6478350610819515,2179 cc,5 Seats,False,False,False,True,True,True,False,False,False,False
1559,1862,5 Lakh,"78,000 kms",-0.1159867264440103,1373 cc,7 Seats,True,False,False,False,False,True,False,False,False,False
692,1207,4.35 Lakh,"96,000 kms",-0.3705939889526643,2143 cc,5 Seats,True,False,False,False,True,False,True,False,False,False
1963,1527,6.66 Lakh,"64,419 kms",0.3932277985732975,1197 cc,5 Seats,True,False,False,False,True,True,False,False,False,False
5218,1188,5.98 Lakh,"64,071 kms",0.3932277985732975,1199 cc,5 Seats,False,False,False,True,False,True,False,False,False,False
348,525,3.25 Lakh,"46,833 kms",-0.8798085139699723,1086 cc,5 Seats,False,False,False,True,True,True,False,False,False,False
2434,1238,9.41 Lakh,"35,864 kms",1.1570495860992591,1497 cc,5 Seats,False,False,False,True,True,False,True,False,False,False
2246,1561,8 Lakh,"60,000 kms",1.1570495860992591,1120 cc,5 Seats,False,False,False,True,True,True,False,False,False,False
4589,629,1.74 Lakh,"78,755 kms",-1.1344157764786262,1086 cc,5 Seats,False,False,False,True,True,False,False,False,True,False
3633,1010,5.34 Lakh,"95,700 kms",0.6478350610819515,1197 cc,5 Seats,True,False,False,False,True,False,True,False,False,False
1709,525,2.69 Lakh,"60,000 kms",-0.8798085139699723,1497 cc,5 Seats,False,False,False,True,True,True,False,False,False,False
1050,494,2.96 Lakh,"81,678 kms",-0.6252012514613183,2498 cc,6 Seats,False,False,False,True,True,True,False,False,False,False
590,428,10 Lakh,"39,000 kms",0.3932277985732975,1582 cc,5 Seats,False,False,False,True,False,False,True,False,False,False
519,482,5.64 Lakh,"15,757 kms",0.6478350610819515,1197 cc,5 Seats,False,False,False,True,True,True,False,False,False,False
3380,1180,4.25 Lakh,"1,00,000 kms",-0.3705939889526643,1198 cc,5 Seats,True,False,False,False,True,False,True,False,False,False
3676,1247,3.85 Lakh,"50,000 kms",0.9024423235906056,1197 cc,5 Seats,False,False,False,True,True,False,True,False,False,False
4956,1504,19.67 Lakh,"23,377 kms",0.6478350610819515,2967 cc,5 Seats,False,False,False,True,False,True,False,False,False,False
4545,975,3.65 Lakh,"18,000 kms",0.9024423235906056,1373 cc,5 Seats,False,False,False,True,True,True,False,False,False,False
2477,972,2.47 Lakh,"21,461 kms",0.6478350610819515,2953 cc,7 Seats,False,False,False,True,True,False,True,False,False,False
1083,907,7.72 Lakh,"46,365 kms",0.3932277985732975,1461 cc,5 Seats,True,False,False,False,True,True,False,False,False,False
1607,763,13.90 Lakh,"43,000 kms",0.9024423235906056,1995 cc,5 Seats,False,False,False,True,True,True,False,False,False,False
3610,1247,4.20 Lakh,"50,000 kms",0.9024423235906056,814 cc,5 Seats,False,False,False,True,True,True,False,False,False,False
5267,1,25.80 Lakh,"39,000 kms",1.1570495860992591,1998 cc,5 Seats,True,False,False,False,False,True,False,False,False,False
4972,1428,3.57 Lakh,"1,23,420 kms",-0.6252012514613183,1197 cc,5 Seats,True,False,False,False,True,True,False,False,False,False
1294,1845,3.90 Lakh,"35,000 kms",-0.3705939889526643,1991 cc,5 Seats,False,False,False,True,True,True,False,False,False,False
1809,61,46 Lakh,"40,000 kms",0.6478350610819515,1498 cc,5 Seats,True,False,False,False,False,True,False,False,False,False
3595,332,10.99 Lakh,"25,000 kms",1.4116568486079133,1405 cc,5 Seats,True,False,False,False,True,True,False,False,False,False
791,1436,8.30 Lakh,"80,002 kms",0.9024423235906056,1330 cc,5 Seats,True,False,False,False,True,True,False,False,False,False
792,1386,9.80 Lakh,"16,194 kms",1.1570495860992591,1497 cc,5 Seats,False,False,False,True,True,True,False,False,False,False
4535,562,9.75 Lakh,"75,000 kms",0.3932277985732975,1591 cc,5 Seats,True,False,False,False,False,True,False,False,False,False
1855,1838,2.70 Lakh,"1,06,865 kms",-1.3890230389872802,2609 cc,7 Seats,True,False,False,False,True,True,False,False,False,False
5245,25,42 Lakh,"81,250 kms",-0.1159867264440103,1968 cc,5 Seats,True,False,False,False,False,True,False,False,False,False
1980,389,5.95 Lakh,"77,000 kms",-0.1159867264440103,5000 cc,4 Seats,True,False,False,False,True,True,False,False,False,False
3233,1249,2.76 Lakh,"94,087 kms",-0.1159867264440103,998 cc,5 Seats,False,False,False,True,True,True,False,False,False,False
3598,267,5.50 Lakh,"1,00,000 kms",0.6478350610819515,1199 cc,5 Seats,True,False,False,False,True,True,False,False,False,False
933,1094,5.95 Lakh,"40,000 kms",-0.1159867264440103,1197 cc,5 Seats,False,False,False,True,True,False,True,False,False,False
3963,999,4.61 Lakh,"59,026 kms",0.1386205360646435,1461 cc,7 Seats,False,False,False,True,True,True,False,False,False,False
5184,606,1.12 Lakh,"1,58,267 kms",-1.898237564004588,1197 cc,5 Seats,False,False,False,True,True,False,True,False,False,False
3328,1839,2.70 Lakh,"60,000 kms",-0.8798085139699723,2494 cc,4 Seats,True,False,False,False,True,False,True,False,False,False
1530,1306,36.50 Lakh,"25,000 kms",0.6478350610819515,1498 cc,5 Seats,False,False,False,True,False,True,False,False,False,False
1410,1183,4.25 Lakh,"49,000 kms",-0.3705939889526643,1498 cc,5 Seats,False,False,False,True,True,True,False,False,False,False
3524,953,12.46 Lakh,"4,248 kms",1.6662641111165672,1498 cc,5 Seats,True,False,False,False,True,True,False,False,False,False
4727,1183,3.98 Lakh,"94,479 kms",-0.1159867264440103,1248 cc,5 Seats,False,False,False,True,True,False,True,False,False,False
5125,1038,6.72 Lakh,"25,541 kms",0.3932277985732975,995 cc,5 Seats,True,False,False,False,True,True,False,False,False,False
5314,1339,58 Lakh,"17,000 kms",1.1570495860992591,1995 cc,7 Seats,True,False,False,False,False,True,False,False,False,False
83,655,6.25 Lakh,"48,000 kms",0.6478350610819515,1197 cc,5 Seats,False,False,False,True,True,True,False,False,False,False
4026,701,4.18 Lakh,"47,654 kms",-0.1159867264440103,1396 cc,7 Seats,False,False,False,True,True,False,True,False,False,False
868,1182,5.25 Lakh,"77,200 kms",-0.3705939889526643,1968 cc,7 Seats,True,False,False,False,True,True,False,False,False,False
4047,1479,5.44 Lakh,"47,993 kms",1.4116568486079133,998 cc,7 Seats,False,False,False,True,True,True,False,False,False,False
2350,564,4.50 Lakh,"80,000 kms",-1.1344157764786262,993 cc,5 Seats,True,False,False,False,True,True,False,False,False,False
20,1183,4.34 Lakh,"56,568 kms",-0.3705939889526643,1197 cc,5 Seats,False,False,False,True,True,True,False,False,False,False
988,272,4.45 Lakh,"38,738 kms",0.1386205360646435,1462 cc,5 Seats,False,False,False,True,True,True,False,False,False,False
4443,1067,5.90 Lakh,"70,000 kms",-0.1159867264440103,2967 cc,5 Seats,True,False,False,False,True,False,True,False,False,False
4256,900,5.07 Lakh,"39,563 kms",0.1386205360646435,1198 cc,5 Seats,True,False,False,False,True,True,False,False,False,False
2795,1180,4.20 Lakh,"1,20,000 kms",-0.1159867264440103,998 cc,5 Seats,True,False,False,False,True,False,True,False,False,False
3453,1207,1.62 Lakh,"1,77,180 kms",-1.3890230389872802,1497 cc,5 Seats,True,False,False,False,True,False,False,True,False,False
5040,924,8.04 Lakh,"40,536 kms",1.4116568486079133,1197 cc,5 Seats,True,False,False,False,True,True,False,False,False,False
3778,1022,3.06 Lakh,"79,977 kms",0.1386205360646435,796 cc,7 Seats,True,False,False,False,True,False,True,False,False,False
1562,231,1.93 Lakh,"86,483 kms",-0.3705939889526643,1997 cc,5 Seats,True,False,False,False,True,False,False,True,False,False
4630,613,5.50 Lakh,"65,000 kms",0.6478350610819515,995 cc,5 Seats,True,False,False,False,True,True,False,False,False,False
3093,1317,47.90 Lakh,"11,000 kms",1.4116568486079133,1493 cc,5 Seats,False,False,False,True,False,True,False,False,False,False
3155,1023,2.05 Lakh,"80,000 kms",-0.1159867264440103,999 cc,7 Seats,False,False,False,True,True,False,False,True,False,False
973,1079,2.70 Lakh,"1,10,000 kms",0.3932277985732975,1061 cc,5 Seats,False,False,False,True,True,True,False,False,False,False
1710,700,9 Lakh,"9,500 kms",1.1570495860992591,1497 cc,5 Seats,False,False,False,True,True,True,False,False,False,False
3201,804,18.07 Lakh,"31,437 kms",1.4116568486079133,999 cc,7 Seats,False,False,False,True,True,False,True,False,False,False
4453,504,3.50 Lakh,"80,000 kms",-0.1159867264440103,1196 cc,5 Seats,False,False,False,True,True,False,True,False,False,False
5309,997,5.25 Lakh,"75,000 kms",0.1386205360646435,796 cc,5 Seats,False,False,False,True,False,True,False,False,False,False
1098,1348,56.50 Lakh,"24,000 kms",1.1570495860992591,2987 cc,5 Seats,True,False,False,False,False,True,False,False,False,False
4584,1180,2.98 Lakh,"1,24,628 kms",-0.8798085139699723,999 cc,5 Seats,True,False,False,False,True,False,True,False,False,False
2844,930,7 Lakh,"70,000 kms",0.1386205360646435,1798 cc,7 Seats,True,False,False,False,False,False,True,False,False,False
886,1234,8.75 Lakh,"60,000 kms",0.9024423235906056,2143 cc,5 Seats,True,False,False,False,True,True,False,False,False,False
5435,147,2.60 Lakh,"50,000 kms",0.6478350610819515,1248 cc,5 Seats,False,False,False,True,True,False,True,False,False,False
4279,170,4.85 Lakh,"62,168 kms",-0.1159867264440103,1248 cc,5 Seats,False,False,False,True,False,True,False,False,False,False
515,306,4.45 Lakh,"55,000 kms",-0.3705939889526643,1499 cc,5 Seats,False,False,False,True,True,False,True,False,False,False
5094,133,"73,582 ","89,133 kms",-1.643630301495934,1497 cc,5 Seats,False,False,False,True,True,True,False,False,False,False
1453,72,60.50 Lakh,"50,000 kms",1.1570495860992591,2359 cc,5 Seats,True,False,False,False,False,True,False,False,False,False
3553,1127,2.35 Lakh,"1,54,958 kms",-0.8798085139699723,1396 cc,5 Seats,True,False,False,False,True,True,False,False,False,False
3609,1606,"45,000 ","60,000 kms",-1.898237564004588,1498 cc,5 Seats,False,False,False,True,True,True,False,False,False,False
2506,740,14.95 Lakh,"22,000 kms",0.9024423235906056,796 cc,5 Seats,True,False,False,False,True,True,False,False,False,False
2994,219,1.74 Lakh,"1,18,039 kms",-1.643630301495934,1497 cc,5 Seats,True,False,False,False,True,True,False,False,False,False
3999,1170,6.53 Lakh,"32,459 kms",0.6478350610819515,998 cc,5 Seats,False,False,False,True,False,True,False,False,False,False
5339,971,2.40 Lakh,"1,40,000 kms",0.1386205360646435,1995 cc,5 Seats,False,False,False,False,True,True,False,False,False,False
906,866,1.80 Lakh,"1,20,000 kms",-3.425881139056512,2143 cc,5 Seats,True,False,False,False,True,False,False,True,False,False
28,1184,6.12 Lakh,"51,324 kms",0.6478350610819515,1197 cc,5 Seats,False,False,False,True,True,True,False,False,False,False
2507,407,"95,000 ","83,000 kms",-2.66205935153055,1461 cc,5 Seats,True,False,False,False,True,False,True,False,False,False
2428,1257,1.10 Lakh,"1,05,192 kms",-1.898237564004588,1999 cc,5 Seats,False,False,True,False,True,False,False,True,False,False
762,1331,19.25 Lakh,"80,228 kms",-0.3705939889526643,1498 cc,5 Seats,True,False,False,False,False,False,True,False,False,False
3747,1259,2.52 Lakh,"54,890 kms",-0.6252012514613183,2494 cc,5 Seats,False,False,False,True,True,False,True,False,False,False
284,1434,6.50 Lakh,"90,000 kms",-0.3705939889526643,1461 cc,5 Seats,True,False,False,False,True,True,False,False,False,False
686,1876,2.73 Lakh,"71,760 kms",-1.3890230389872802,998 cc,5 Seats,False,False,False,True,False,True,False,False,False,False
2353,1288,"60,000 ","1,00,000 kms",-4.444310189091127,1591 cc,5 Seats,False,False,False,True,True,False,True,False,False,False
4439,1088,3.85 Lakh,"1,20,000 kms",-0.3705939889526643,1798 cc,7 Seats,False,False,False,False,True,False,False,True,False,False
21,1459,3.11 Lakh,"48,872 kms",0.3932277985732975,799 cc,5 Seats,False,False,False,True,True,True,False,False,False,False
2752,1211,2.25 Lakh,"22,543 kms",-1.1344157764786262,1451 cc,5 Seats,False,False,False,True,True,False,False,True,False,False
885,282,4.50 Lakh,"80,105 kms",0.1386205360646435,999 cc,5 Seats,True,False,False,False,False,False,True,False,False,False
917,399,6.75 Lakh,"25,000 kms",0.9024423235906056,1462 cc,7 Seats,False,False,False,True,True,True,False,False,False,False
1040,1784,11.30 Lakh,"74,176 kms",0.1386205360646435,998 cc,5 Seats,True,False,False,False,True,True,False,False,False,False
1265,486,4.65 Lakh,"64,836 kms",-0.1159867264440103,1197 cc,5 Seats,False,False,False,True,False,True,False,False,False,False
4776,1772,8.25 Lakh,"1,37,000 kms",-0.1159867264440103,1197 cc,5 Seats,True,False,False,False,True,False,True,False,False,False
277,1751,43.50 Lakh,"26,629 kms",1.4116568486079133,2755 cc,7 Seats,True,False,False,False,False,True,False,False,False,False
2084,349,6.10 Lakh,"83,114 kms",-0.1159867264440103,1462 cc,5 Seats,False,False,False,True,True,True,False,False,False,False
1245,1200,2.67 Lakh,"1,48,393 kms",-0.3705939889526643,2993 cc,5 Seats,True,False,False,False,True,False,False,True,False,False
2382,490,5.60 Lakh,"63,565 kms",-0.1159867264440103,1598 cc,5 Seats,True,False,False,False,True,True,False,False,False,False
571,57,7.70 Lakh,"29,000 kms",-0.8798085139699723,1199 cc,5 Seats,False,False,False,True,False,False,True,False,False,False
1435,1065,4.76 Lakh,"57,122 kms",-0.3705939889526643,1186 cc,5 Seats,True,False,False,False,True,True,False,False,False,False
3902,511,4 Lakh,"15,000 kms",0.9024423235906056,1396 cc,5 Seats,False,False,False,True,True,True,False,False,False,False
1247,95,29.75 Lakh,"85,000 kms",-0.1159867264440103,1799 cc,5 Seats,True,False,False,False,False,False,True,False,False,False
3526,985,3.12 Lakh,"28,244 kms",0.3932277985732975,1497 cc,5 Seats,False,False,False,True,False,False,True,False,False,False
2514,382,5.25 Lakh,"26,000 kms",0.6478350610819515,1197 cc,5 Seats,False,False,False,True,True,True,False,False,False,False
1007,1065,5.16 Lakh,"84,193 kms",-0.3705939889526643,1497 cc,5 Seats,True,False,False,False,True,False,True,False,False,False
2064,54,18.50 Lakh,"61,000 kms",-0.1159867264440103,1199 cc,5 Seats,True,False,False,False,False,False,True,False,False,False
4357,12,20.80 Lakh,"32,000 kms",0.1386205360646435,1582 cc,5 Seats,False,False,False,True,False,True,False,False,False,False
1690,494,3.85 Lakh,"60,000 kms",0.1386205360646435,998 cc,5 Seats,False,False,False,True,True,True,False,False,False,False
4764,188,5.73 Lakh,"26,339 kms",0.6478350610819515,1248 cc,8 Seats,False,False,False,True,True,False,False,True,False,False
1985,352,7.12 Lakh,"73,079 kms",0.1386205360646435,1373 cc,5 Seats,False,False,False,True,True,True,False,False,False,False
294,813,18.25 Lakh,"11,050 kms",1.4116568486079133,1451 cc,5 Seats,False,False,False,True,False,True,False,False,False,False
1547,813,18 Lakh,"12,023 kms",1.4116568486079133,1969 cc,5 Seats,False,False,False,True,False,True,False,False,False,False
2012,1831,5.80 Lakh,"21,300 kms",0.1386205360646435,1462 cc,5 Seats,False,False,False,True,True,True,False,False,False,False
588,1048,11.25 Lakh,"10,000 kms",1.4116568486079133,1197 cc,5 Seats,False,False,False,True,False,True,False,False,False,False
3329,1638,3.25 Lakh,"80,000 kms",-0.6252012514613183,1396 cc,5 Seats,True,False,False,False,True,True,False,False,False,False
2403,1390,8.31 Lakh,"10,048 kms",1.4116568486079133,1248 cc,5 Seats,False,False,False,True,True,True,False,False,False,False
2129,1272,3.90 Lakh,"35,000 kms",0.6478350610819515,2987 cc,5 Seats,False,False,False,True,True,False,True,False,False,False
3998,1590,11.13 Lakh,"25,331 kms",0.3932277985732975,1995 cc,7 Seats,True,False,False,False,False,True,False,False,False,False
4834,483,5.10 Lakh,"58,386 kms",0.9024423235906056,998 cc,5 Seats,False,False,False,True,True,False,True,False,False,False
3741,494,3.12 Lakh,"80,628 kms",-0.1159867264440103,999 cc,5 Seats,False,False,False,True,True,False,True,False,False,False
3508,812,17.77 Lakh,"11,081 kms",1.4116568486079133,1995 cc,5 Seats,False,False,False,True,False,True,False,False,False,False
2719,1436,6.75 Lakh,"15,016 kms",0.6478350610819515,1197 cc,5 Seats,True,False,False,False,True,True,False,False,False,False
5024,652,2.93 Lakh,"33,865 kms",-0.8798085139699723,1248 cc,5 Seats,False,False,False,True,True,True,False,False,False,False
5030,1158,5.86 Lakh,"55,519 kms",0.6478350610819515,1198 cc,5 Seats,False,False,False,True,False,True,False,False,False,False
556,648,6.03 Lakh,"48,352 kms",0.3932277985732975,1199 cc,5 Seats,False,False,False,True,True,False,True,False,False,False
2469,1266,2.72 Lakh,"51,242 kms",-0.6252012514613183,999 cc,7 Seats,False,False,False,True,True,True,False,False,False,False
3738,1244,5.88 Lakh,"8,876 kms",1.4116568486079133,796 cc,5 Seats,False,False,False,False,True,True,False,False,False,False
1716,235,1.95 Lakh,"87,955 kms",-0.8798085139699723,1197 cc,5 Seats,False,False,False,True,True,True,False,False,False,False
2604,452,1.60 Lakh,"40,000 kms",-0.1159867264440103,1997 cc,5 Seats,False,False,False,True,True,False,True,False,False,False
5434,1335,67 Lakh,"8,900 kms",1.4116568486079133,1950 cc,5 Seats,False,False,False,True,False,True,False,False,False,False
1704,1266,4.15 Lakh,"19,000 kms",-0.3705939889526643,1197 cc,5 Seats,False,False,False,True,True,True,False,False,False,False
2139,1880,17 Lakh,"7,020 kms",1.6662641111165672,999 cc,5 Seats,False,False,False,True,False,False,False,False,False,False
3239,1786,22.16 Lakh,"11,724 kms",1.6662641111165672,1120 cc,5 Seats,True,False,False,False,False,True,False,False,False,False
2383,871,11.20 Lakh,"1,54,659 kms",-0.1159867264440103,1956 cc,5 Seats,True,False,False,False,True,True,False,False,False,False
1285,99,83 Lakh,"25,000 kms",1.1570495860992591,1950 cc,5 Seats,True,False,False,False,False,True,False,False,False,False
4702,1389,5.27 Lakh,"5,973 kms",1.4116568486079133,1199 cc,5 Seats,False,False,False,True,True,True,False,False,False,False
4928,400,9 Lakh,"17,000 kms",0.9024423235906056,1061 cc,5 Seats,False,False,False,True,True,True,False,False,False,False
3930,940,6.06 Lakh,"1,21,645 kms",0.1386205360646435,1197 cc,5 Seats,True,False,False,False,True,False,True,False,False,False
4914,54,13.50 Lakh,"99,000 kms",-0.1159867264440103,1197 cc,5 Seats,True,False,False,False,False,True,False,False,False,False
1591,3,13 Lakh,"55,000 kms",-0.6252012514613183,1997 cc,7 Seats,True,False,False,False,False,False,False,True,False,False
4888,1448,3.40 Lakh,"23,434 kms",0.6478350610819515,999 cc,7 Seats,False,False,False,True,True,True,False,False,False,False
2162,523,1.14 Lakh,"58,415 kms",-1.898237564004588,1199 cc,5 Seats,False,False,False,True,True,False,True,False,False,False
2396,1210,4.90 Lakh,"82,113 kms",-0.3705939889526643,1186 cc,5 Seats,False,False,False,True,True,True,False,False,False,False
317,486,5.75 Lakh,"67,000 kms",-0.1159867264440103,1197 cc,5 Seats,False,False,False,True,False,True,False,False,False,False
4953,1249,1.68 Lakh,"47,635 kms",-1.3890230389872802,999 cc,5 Seats,False,False,False,True,True,False,True,False,False,False
3111,1106,1.20 Lakh,"20,000 kms",-2.1528448265132423,1396 cc,5 Seats,False,False,False,True,True,True,False,False,False,False
4036,933,7.17 Lakh,"1,20,838 kms",-0.1159867264440103,1197 cc,7 Seats,True,False,False,False,True,False,False,True,False,False
795,307,3.25 Lakh,"68,045 kms",-0.3705939889526643,1462 cc,5 Seats,False,False,False,True,False,True,False,False,False,False
3020,880,10 Lakh,"25,000 kms",0.1386205360646435,4367 cc,7 Seats,True,False,False,False,True,True,False,False,False,False
1711,359,9.80 Lakh,"15,000 kms",1.4116568486079133,2393 cc,7 Seats,False,False,False,True,True,True,False,False,False,False
3387,312,6.50 Lakh,"1,36,000 kms",-0.8798085139699723,999 cc,5 Seats,False,False,False,True,True,False,False,True,False,False
36,460,2.38 Lakh,"57,581 kms",-0.3705939889526643,814 cc,5 Seats,False,False,False,True,True,False,True,False,False,False
913,674,5.20 Lakh,"75,000 kms",0.1386205360646435,1498 cc,5 Seats,True,False,False,False,True,True,False,False,False,False
3972,980,1.44 Lakh,"67,110 kms",-1.1344157764786262,1373 cc,5 Seats,False,False,False,True,True,True,False,False,False,False
4133,948,6.44 Lakh,"41,480 kms",-0.3705939889526643,2993 cc,7 Seats,True,False,False,False,True,True,False,False,False,False
974,1270,4 Lakh,"10,000 kms",0.6478350610819515,1248 cc,5 Seats,False,False,False,True,True,False,False,True,False,False
983,680,7.40 Lakh,"45,000 kms",0.6478350610819515,1498 cc,5 Seats,False,False,False,True,True,True,False,False,False,False
4501,1211,6.80 Lakh,"17,000 kms",1.4116568486079133,1197 cc,8 Seats,False,False,False,True,True,True,False,False,False,False
1418,765,16.50 Lakh,"28,000 kms",1.4116568486079133,2755 cc,7 Seats,False,False,False,True,False,True,False,False,False,False
1560,1352,71.50 Lakh,"24,900 kms",1.4116568486079133,1399 cc,5 Seats,True,False,False,False,False,True,False,False,False,False
4135,1542,2.86 Lakh,"1,05,633 kms",-0.8798085139699723,1197 cc,7 Seats,True,False,False,False,True,True,False,False,False,False
1355,1068,5.43 Lakh,"92,530 kms",0.1386205360646435,1368 cc,5 Seats,True,False,False,False,True,True,False,False,False,False
5235,65,40.50 Lakh,"55,000 kms",0.6478350610819515,1498 cc,5 Seats,True,False,False,False,False,False,True,False,False,False
987,1257,"63,803 ","1,15,549 kms",-2.1528448265132423,1598 cc,5 Seats,False,False,True,False,True,True,False,False,False,False
2682,433,7.13 Lakh,"65,531 kms",0.6478350610819515,998 cc,7 Seats,False,False,False,True,True,True,False,False,False,False
1640,1534,8.93 Lakh,"24,000 kms",1.1570495860992591,998 cc,5 Seats,False,False,False,True,True,True,False,False,False,False
1290,303,2.60 Lakh,"79,000 kms",-0.8798085139699723,1199 cc,5 Seats,False,False,False,True,True,True,False,False,False,False
3681,728,14.37 Lakh,"50,000 kms",0.6478350610819515,999 cc,5 Seats,False,False,False,True,False,True,False,False,False,False
1380,690,5.02 Lakh,"68,841 kms",0.1386205360646435,1582 cc,5 Seats,False,False,False,True,True,True,False,False,False,False
1933,389,4.36 Lakh,"89,653 kms",-0.3705939889526643,2987 cc,7 Seats,True,False,False,False,True,False,False,True,False,False
5081,874,10.61 Lakh,"55,187 kms",0.3932277985732975,1197 cc,5 Seats,True,False,False,False,True,True,False,False,False,False
3160,1453,3 Lakh,"15,000 kms",0.9024423235906056,1396 cc,5 Seats,False,False,False,True,False,True,False,False,False,False
2030,934,9.21 Lakh,"1,55,000 kms",-0.1159867264440103,1197 cc,5 Seats,True,False,False,False,True,False,True,False,False,False
892,784,1.92 Crore,"40,000 kms",0.9024423235906056,1199 cc,5 Seats,False,False,False,True,False,True,False,False,False,False
4069,972,1.85 Lakh,"72,962 kms",-0.6252012514613183,1997 cc,6 Seats,False,False,False,True,True,True,False,False,False,False
2,1706,16.40 Lakh,"60,343 kms",0.1386205360646435,2494 cc,5 Seats,False,False,False,True,False,True,False,False,False,False
2109,1612,1 Lakh,"50,000 kms",-2.916666614039204,2446 cc,5 Seats,False,False,False,True,True,True,False,False,False,False
849,1352,71.50 Lakh,"24,900 kms",1.4116568486079133,1199 cc,5 Seats,True,False,False,False,False,True,False,False,False,False
2737,1262,1.90 Lakh,"32,500 kms",-0.6252012514613183,1396 cc,5 Seats,False,False,False,True,True,True,False,False,False,False
2466,1666,10.43 Lakh,"30,903 kms",1.4116568486079133,1396 cc,5 Seats,True,False,False,False,True,True,False,False,False,False
1914,1846,2.65 Lakh,"79,000 kms",-1.3890230389872802,2179 cc,7 Seats,False,False,False,True,True,True,False,False,False,False
1596,1482,6.65 Lakh,"13,780 kms",1.1570495860992591,1798 cc,5 Seats,False,False,False,True,False,True,False,False,False,False
1913,1846,2.95 Lakh,"60,000 kms",-1.1344157764786262,1498 cc,5 Seats,False,False,False,True,True,True,False,False,False,False
5198,1285,3 Lakh,"76,800 kms",-1.1344157764786262,1591 cc,5 Seats,False,False,False,True,True,True,False,False,False,False
2736,1123,2.58 Lakh,"12,603 kms",0.9024423235906056,1196 cc,5 Seats,False,False,False,True,True,True,False,False,False,False
726,498,6.75 Lakh,"39,000 kms",1.1570495860992591,998 cc,5 Seats,False,False,False,True,False,True,False,False,False,False
53,144,3.70 Lakh,"30,000 kms",1.1570495860992591,999 cc,5 Seats,False,False,False,True,False,True,False,False,False,False
1796,1887,65 Lakh,"60,000 kms",0.6478350610819515,2400 cc,5 Seats,True,False,False,False,False,True,False,False,False,False
3845,1180,2.99 Lakh,"93,000 kms",-0.1159867264440103,1199 cc,5 Seats,True,False,False,False,True,False,True,False,False,False
2553,272,3.65 Lakh,"32,000 kms",-0.3705939889526643,814 cc,5 Seats,False,False,False,True,True,True,False,False,False,False
2800,990,"80,000 ","50,000 kms",-2.1528448265132423,1248 cc,5 Seats,False,False,False,True,True,False,True,False,False,False
936,1589,10.95 Lakh,"66,000 kms",0.3932277985732975,1197 cc,5 Seats,True,False,False,False,True,True,False,False,False,False
4549,972,3.28 Lakh,"29,353 kms",0.9024423235906056,1451 cc,5 Seats,False,False,False,True,True,True,False,False,False,False
824,1392,6.76 Lakh,"74,811 kms",1.4116568486079133,1462 cc,5 Seats,False,False,False,True,True,True,False,False,False,False
3401,1207,2.40 Lakh,"60,000 kms",-0.1159867264440103,1968 cc,5 Seats,True,False,False,False,True,True,False,False,False,False
1389,674,3.50 Lakh,"38,931 kms",-0.6252012514613183,1396 cc,5 Seats,True,False,False,False,True,True,False,False,False,False
3564,974,3.83 Lakh,"28,350 kms",1.1570495860992591,1197 cc,5 Seats,False,False,False,False,True,True,False,False,False,False
884,61,48 Lakh,"29,000 kms",0.9024423235906056,1248 cc,5 Seats,True,False,False,False,False,True,False,False,False,False
1868,478,5 Lakh,"90,000 kms",0.6478350610819515,1591 cc,5 Seats,False,False,False,True,True,True,False,False,False,False
10,996,6.43 Lakh,"38,203 kms",0.3932277985732975,1197 cc,5 Seats,False,False,False,True,True,True,False,False,False,False
3415,736,11.25 Lakh,"99,695 kms",0.3932277985732975,2393 cc,5 Seats,True,False,False,False,True,True,False,False,False,False
1463,281,9.25 Lakh,"44,500 kms",0.9024423235906056,2494 cc,5 Seats,True,False,False,False,False,True,False,False,False,False
806,734,25 Lakh,"35,500 kms",1.4116568486079133,1991 cc,5 Seats,True,False,False,False,False,False,True,False,False,False
4338,1206,2.88 Lakh,"86,593 kms",-0.8798085139699723,1197 cc,4 Seats,True,False,False,False,True,False,True,False,False,False
4068,251,30 Lakh,"60,585 kms",0.3932277985732975,1991 cc,5 Seats,False,False,False,True,False,True,False,False,False,False
2108,1870,2.80 Lakh,"1,00,000 kms",-1.1344157764786262,1086 cc,5 Seats,True,False,False,False,True,False,True,False,False,False
4662,1147,1.75 Lakh,"80,000 kms",-1.898237564004588,1198 cc,5 Seats,False,False,False,True,True,False,False,True,False,False
5461,27,14.25 Lakh,"51,000 kms",-0.3705939889526643,1956 cc,5 Seats,True,False,False,False,False,True,False,False,False,False
2234,1834,4.50 Lakh,"89,506 kms",-0.6252012514613183,1197 cc,5 Seats,True,False,False,False,True,True,False,False,False,False
963,887,4.80 Lakh,"1,20,000 kms",-0.8798085139699723,998 cc,5 Seats,True,False,False,False,False,False,True,False,False,False
2632,1249,3.70 Lakh,"15,000 kms",-0.6252012514613183,796 cc,5 Seats,False,False,False,True,True,True,False,False,False,False
704,1875,2.54 Lakh,"82,145 kms",-0.8798085139699723,2184 cc,5 Seats,False,False,False,True,True,False,False,True,False,False
431,1233,8.65 Lakh,"1,30,000 kms",0.3932277985732975,1248 cc,5 Seats,True,False,False,False,True,True,False,False,False,False
145,1844,6.75 Lakh,"49,000 kms",-0.1159867264440103,1197 cc,5 Seats,False,False,False,True,False,True,False,False,False,False
2033,632,2.35 Lakh,"25,000 kms",-0.8798085139699723,999 cc,5 Seats,False,False,True,False,True,True,False,False,False,False
4631,295,7.50 Lakh,"77,000 kms",0.3932277985732975,1086 cc,5 Seats,True,False,False,False,True,False,True,False,False,False
1165,281,9.25 Lakh,"44,500 kms",0.9024423235906056,2993 cc,5 Seats,True,False,False,False,False,True,False,False,False,False
3500,664,6.11 Lakh,"80,294 kms",0.6478350610819515,1497 cc,5 Seats,True,False,False,False,True,True,False,False,False,False
2050,1768,2 Lakh,"1,20,000 kms",-2.66205935153055,814 cc,5 Seats,True,False,False,False,True,False,False,False,True,False
3760,992,"76,394 ","78,759 kms",-2.1528448265132423,1086 cc,5 Seats,False,False,False,True,True,True,False,False,False,False
2624,1614,"89,000 ","40,000 kms",-1.898237564004588,1197 cc,5 Seats,True,False,False,False,True,True,False,False,False,False
4398,279,4.75 Lakh,"45,000 kms",-0.3705939889526643,1998 cc,5 Seats,False,False,False,True,False,True,False,False,False,False
4275,31,23.90 Lakh,"44,600 kms",0.3932277985732975,1199 cc,5 Seats,True,False,False,False,False,True,False,False,False,False
2424,1831,4.25 Lakh,"42,322 kms",-0.3705939889526643,1061 cc,5 Seats,False,False,False,True,True,False,True,False,False,False
1262,1006,9.80 Lakh,"2,755 kms",1.6662641111165672,2179 cc,7 Seats,False,False,False,True,True,True,False,False,False,False
1771,1356,47.50 Lakh,"60,000 kms",0.1386205360646435,2755 cc,7 Seats,True,False,False,False,False,False,True,False,False,False
3511,689,1.86 Lakh,"60,228 kms",-1.3890230389872802,998 cc,5 Seats,False,False,False,True,True,True,False,False,False,False
271,115,3 Lakh,"1,10,000 kms",-0.8798085139699723,1991 cc,5 Seats,True,False,False,False,True,True,False,False,False,False
244,842,4.25 Lakh,"46,000 kms",0.6478350610819515,1198 cc,6 Seats,False,False,False,True,True,True,False,False,False,False
2032,647,3 Lakh,"70,000 kms",-1.3890230389872802,1193 cc,5 Seats,False,False,False,True,True,False,False,True,False,False
4361,700,7.67 Lakh,"1,040 kms",1.6662641111165672,1395 cc,5 Seats,False,False,False,True,True,True,False,False,False,False
813,360,7.50 Lakh,"60,477 kms",0.3932277985732975,1248 cc,5 Seats,False,False,False,True,True,True,False,False,False,False
3810,1249,1.71 Lakh,"81,422 kms",-1.1344157764786262,1199 cc,5 Seats,False,False,False,True,True,True,False,False,False,False
4481,1651,7.50 Lakh,"1,00,000 kms",1.1570495860992591,2143 cc,5 Seats,False,False,False,True,True,True,False,False,False,False
1804,52,15 Lakh,"39,000 kms",-1.1344157764786262,1995 cc,5 Seats,True,False,False,False,False,True,False,False,False,False
2461,733,13.52 Lakh,"1,20,422 kms",0.3932277985732975,998 cc,5 Seats,True,False,False,False,True,True,False,False,False,False
545,350,6.01 Lakh,"51,493 kms",-0.1159867264440103,1197 cc,5 Seats,False,False,False,True,True,True,False,False,False,False
3241,125,2.54 Lakh,"63,936 kms",-0.6252012514613183,1461 cc,5 Seats,True,False,False,False,True,True,False,False,False,False
738,1180,5.63 Lakh,"91,892 kms",0.1386205360646435,1197 cc,5 Seats,True,False,False,False,True,True,False,False,False,False
310,867,3.30 Lakh,"1,33,000 kms",-2.1528448265132423,2609 cc,8 Seats,True,False,False,False,True,True,False,False,False,False
3521,1752,11.57 Lakh,"91,653 kms",-0.6252012514613183,1497 cc,5 Seats,True,False,False,False,False,False,True,False,False,False
1131,211,28.75 Lakh,"80,000 kms",0.6478350610819515,814 cc,5 Seats,True,False,False,False,False,True,False,False,False,False
5423,1180,4.25 Lakh,"80,000 kms",-0.3705939889526643,1086 cc,5 Seats,True,False,False,False,True,False,True,False,False,False
4111,1179,6.50 Lakh,"35,000 kms",1.6662641111165672,2489 cc,5 Seats,False,False,False,False,True,True,False,False,False,False
2769,848,2.81 Lakh,"46,982 kms",0.1386205360646435,1497 cc,5 Seats,False,False,False,True,True,True,False,False,False,False
920,1317,42.50 Lakh,"28,000 kms",0.9024423235906056,1197 cc,5 Seats,False,False,False,True,False,True,False,False,False,False
3587,1291,"75,000 ","80,000 kms",-2.407452089021896,1794 cc,5 Seats,False,False,False,True,True,True,False,False,False,False
3959,126,1.92 Lakh,"50,448 kms",-0.8798085139699723,814 cc,5 Seats,False,False,False,True,True,True,False,False,False,False
38,972,3.23 Lakh,"21,186 kms",0.6478350610819515,796 cc,5 Seats,False,False,False,True,True,True,False,False,False,False
4278,22,19.75 Lakh,"60,100 kms",-0.1159867264440103,1197 cc,5 Seats,True,False,False,False,False,False,True,False,False,False
2983,1322,19.29 Lakh,"51,609 kms",0.1386205360646435,1248 cc,4 Seats,True,False,False,False,False,True,False,False,False,False
5499,1333,27.90 Lakh,"59,000 kms",0.3932277985732975,1995 cc,5 Seats,True,False,False,False,False,True,False,False,False,False
2667,992,1.08 Lakh,"24,941 kms",-1.643630301495934,1197 cc,5 Seats,False,False,False,True,True,True,False,False,False,False
3223,350,6.44 Lakh,"42,189 kms",0.3932277985732975,1086 cc,5 Seats,False,False,False,True,True,True,False,False,False,False
1182,1307,11.90 Lakh,"90,004 kms",-0.3705939889526643,2993 cc,5 Seats,True,False,False,False,False,False,False,True,False,False
614,111,1.34 Lakh,"63,723 kms",-1.3890230389872802,2400 cc,5 Seats,False,False,False,True,True,True,False,False,False,False
5409,1754,12 Lakh,"1,00,000 kms",-0.8798085139699723,1493 cc,5 Seats,True,False,False,False,True,False,True,False,False,False
1466,1744,33.50 Lakh,"12,000 kms",0.6478350610819515,1995 cc,5 Seats,True,False,False,False,False,True,False,False,False,False
3042,1339,58 Lakh,"17,000 kms",1.1570495860992591,1396 cc,5 Seats,True,False,False,False,False,True,False,False,False,False
934,1281,"89,000 ","29,081 kms",-2.407452089021896,2179 cc,5 Seats,False,False,False,True,True,False,False,True,False,False
2419,767,16.31 Lakh,"45,873 kms",1.1570495860992591,1498 cc,5 Seats,True,False,False,False,True,True,False,False,False,False
4979,494,3.23 Lakh,"50,726 kms",-0.3705939889526643,998 cc,5 Seats,False,False,False,True,True,True,False,False,False,False
4470,1094,4.25 Lakh,"90,000 kms",-0.6252012514613183,1197 cc,5 Seats,False,False,False,True,True,False,False,False,True,False
826,266,6.10 Lakh,"34,039 kms",0.9024423235906056,1497 cc,5 Seats,False,False,False,True,True,True,False,False,False,False
1521,722,22.90 Lakh,"79,004 kms",-0.8798085139699723,1798 cc,5 Seats,True,False,False,False,False,False,True,False,False,False
2930,1180,5.37 Lakh,"64,299 kms",0.3932277985732975,2354 cc,5 Seats,True,False,False,False,True,True,False,False,False,False
4232,7,21.75 Lakh,"99,125 kms",0.3932277985732975,1196 cc,5 Seats,False,False,False,True,False,True,False,False,False,False
628,1655,6 Lakh,"1,02,732 kms",0.6478350610819515,1498 cc,5 Seats,True,False,False,False,True,True,False,False,False,False
3853,520,4.70 Lakh,"30,000 kms",0.9024423235906056,1498 cc,5 Seats,False,False,False,True,False,True,False,False,False,False
390,1844,7 Lakh,"91,000 kms",-0.1159867264440103,1197 cc,5 Seats,False,False,False,True,False,False,True,False,False,False
5372,1369,9.25 Lakh,"82,002 kms",-1.898237564004588,1197 cc,7 Seats,False,False,False,True,False,False,False,True,False,False
3990,1689,5.80 Lakh,"25,175 kms",1.1570495860992591,998 cc,5 Seats,False,False,False,True,False,True,False,False,False,False
400,984,4.25 Lakh,"22,248 kms",0.3932277985732975,998 cc,5 Seats,False,False,False,True,True,True,False,False,False,False
3359,1207,1.90 Lakh,"70,000 kms",-1.3890230389872802,1497 cc,5 Seats,True,False,False,False,True,False,True,False,False,False
46,61,43 Lakh,"61,000 kms",0.9024423235906056,1995 cc,5 Seats,True,False,False,False,False,True,False,False,False,False
5289,790,25.90 Lakh,"69,000 kms",-0.3705939889526643,1995 cc,5 Seats,True,False,False,False,False,False,True,False,False,False
5426,1307,21.50 Lakh,"37,000 kms",-0.1159867264440103,1991 cc,5 Seats,True,False,False,False,False,False,True,False,False,False
3642,177,5 Lakh,"60,000 kms",-0.3705939889526643,1799 cc,5 Seats,True,False,False,False,True,False,True,False,False,False
3726,263,4 Lakh,"17,804 kms",-0.3705939889526643,1497 cc,5 Seats,True,False,False,False,True,True,False,False,False,False
5351,940,9.50 Lakh,"1,33,000 kms",0.1386205360646435,1396 cc,5 Seats,True,False,False,False,True,True,False,False,False,False
2421,405,1.31 Lakh,"69,218 kms",-2.1528448265132423,1197 cc,5 Seats,False,False,False,True,True,True,False,False,False,False
1750,347,8.50 Lakh,"53,000 kms",0.1386205360646435,1968 cc,5 Seats,False,False,False,True,False,True,False,False,False,False
5330,794,85 Lakh,"38,000 kms",1.1570495860992591,1969 cc,5 Seats,False,False,False,True,False,True,False,False,False,False
4516,815,17.75 Lakh,"52,000 kms",1.4116568486079133,1248 cc,5 Seats,True,False,False,False,True,True,False,False,False,False
4062,543,7.88 Lakh,"16,591 kms",1.4116568486079133,796 cc,5 Seats,False,False,False,True,True,True,False,False,False,False
338,645,2.86 Lakh,"40,821 kms",-1.1344157764786262,1197 cc,5 Seats,False,False,False,True,False,True,False,False,False,False
215,1448,3.10 Lakh,"50,000 kms",0.3932277985732975,999 cc,5 Seats,False,False,False,True,True,True,False,False,False,False
3663,1266,3 Lakh,"25,000 kms",-0.8798085139699723,1497 cc,5 Seats,False,False,False,True,True,True,False,False,False,False
1341,329,3.94 Lakh,"70,000 kms",-0.8798085139699723,1995 cc,5 Seats,False,False,False,True,False,False,True,False,False,False
5047,1171,3.35 Lakh,"72,134 kms",-0.3705939889526643,814 cc,5 Seats,True,False,False,False,True,True,False,False,False,False
3894,1114,4.40 Lakh,"80,000 kms",0.6478350610819515,796 cc,5 Seats,False,False,False,True,True,True,False,False,False,False
3640,1177,6.10 Lakh,"40,000 kms",0.9024423235906056,1498 cc,5 Seats,False,False,False,False,True,True,False,False,False,False
329,565,6.58 Lakh,"31,837 kms",-0.1159867264440103,1582 cc,5 Seats,True,False,False,False,True,False,True,False,False,False
3004,1432,6.02 Lakh,"59,609 kms",0.6478350610819515,1197 cc,7 Seats,True,False,False,False,True,True,False,False,False,False
5271,32,14.75 Lakh,"76,000 kms",0.1386205360646435,1199 cc,5 Seats,True,False,False,False,False,False,True,False,False,False
3115,1203,2 Lakh,"1,20,000 kms",-1.3890230389872802,796 cc,5 Seats,True,False,False,False,True,False,True,False,False,False
5333,990,1.50 Lakh,"1,00,000 kms",-1.3890230389872802,2494 cc,5 Seats,False,False,False,True,True,True,False,False,False,False
2322,497,7.10 Lakh,"15,000 kms",1.1570495860992591,796 cc,5 Seats,False,False,False,True,False,False,True,False,False,False
4197,945,5.41 Lakh,"1,10,986 kms",-0.3705939889526643,1998 cc,5 Seats,True,False,False,False,True,False,True,False,False,False
3549,1171,3.41 Lakh,"91,065 kms",-0.1159867264440103,1248 cc,7 Seats,True,False,False,False,True,False,True,False,False,False
1458,235,2.65 Lakh,"68,000 kms",-0.6252012514613183,1950 cc,5 Seats,False,False,False,True,True,True,False,False,False,False
171,1397,2.25 Lakh,"58,000 kms",-0.8798085139699723,1461 cc,5 Seats,True,False,False,False,True,False,True,False,False,False
4203,1730,3.78 Lakh,"51,260 kms",-0.3705939889526643,1248 cc,4 Seats,True,False,False,False,True,True,False,False,False,False
4739,1180,4.20 Lakh,"48,182 kms",-0.3705939889526643,1248 cc,5 Seats,True,False,False,False,True,True,False,False,False,False
3569,792,1.14 Crore,"19,500 kms",1.1570495860992591,1199 cc,7 Seats,False,False,False,True,False,True,False,False,False,False
4226,1843,2 Lakh,"77,000 kms",-0.8798085139699723,1998 cc,5 Seats,True,False,False,False,True,False,True,False,False,False
5265,1377,18.90 Lakh,"29,000 kms",-0.3705939889526643,2499 cc,5 Seats,True,False,False,False,False,False,True,False,False,False
4839,289,4.75 Lakh,"62,000 kms",-0.1159867264440103,1248 cc,5 Seats,True,False,False,False,True,True,False,False,False,False
938,1183,7.20 Lakh,"6,200 kms",1.6662641111165672,1998 cc,2 Seats,False,False,False,True,True,True,False,False,False,False
60,604,8.90 Lakh,"19,600 kms",0.9024423235906056,1591 cc,5 Seats,False,False,False,True,True,True,False,False,False,False
1240,1885,44.75 Lakh,"20,000 kms",0.6478350610819515,1197 cc,5 Seats,True,False,False,False,False,True,False,False,False,False
5353,1219,7.57 Lakh,"70,000 kms",0.9024423235906056,796 cc,5 Seats,True,False,False,False,True,True,False,False,False,False
2120,398,6.50 Lakh,"70,000 kms",0.3932277985732975,1061 cc,5 Seats,True,False,False,False,True,True,False,False,False,False
1524,1362,21.90 Lakh,"80,000 kms",-0.3705939889526643,2993 cc,4 Seats,True,False,False,False,False,False,True,False,False,False
153,260,4.75 Lakh,"65,413 kms",-0.6252012514613183,1198 cc,5 Seats,False,False,False,True,False,True,False,False,False,False
481,111,1.80 Lakh,"50,000 kms",-0.8798085139699723,1197 cc,5 Seats,False,False,False,True,True,False,False,True,False,False
3920,1775,4.40 Lakh,"1,97,770 kms",-1.3890230389872802,1582 cc,7 Seats,True,False,False,False,True,True,False,False,False,False
1762,856,14.85 Lakh,"36,700 kms",1.4116568486079133,2393 cc,7 Seats,True,False,False,False,True,True,False,False,False,False
750,1096,4.86 Lakh,"67,231 kms",-0.3705939889526643,1061 cc,7 Seats,False,False,False,False,True,True,False,False,False,False
1785,509,13 Lakh,"77,000 kms",-0.6252012514613183,1591 cc,5 Seats,True,False,False,False,False,True,False,False,False,False
2711,1307,15.89 Lakh,"33,235 kms",-0.1159867264440103,1451 cc,7 Seats,True,False,False,False,False,False,True,False,False,False
4459,1155,1.60 Lakh,"1,30,000 kms",-1.898237564004588,1798 cc,4 Seats,False,False,False,True,True,False,False,False,True,False
4193,1435,2.66 Lakh,"1,59,511 kms",-0.6252012514613183,1998 cc,5 Seats,True,False,False,False,True,False,True,False,False,False
1333,1557,3.25 Lakh,"1,03,000 kms",-0.6252012514613183,1998 cc,5 Seats,True,False,False,False,True,True,False,False,False,False
4909,1183,4.35 Lakh,"80,176 kms",-0.6252012514613183,1248 cc,5 Seats,False,False,False,True,True,True,False,False,False,False
2854,1428,3.90 Lakh,"72,310 kms",-0.3705939889526643,1248 cc,5 Seats,True,False,False,False,True,False,True,False,False,False
186,1499,20.50 Lakh,"9,500 kms",1.6662641111165672,1498 cc,5 Seats,False,False,False,True,True,True,False,False,False,False
1136,1183,4.25 Lakh,"49,000 kms",-0.3705939889526643,1995 cc,5 Seats,False,False,False,True,True,True,False,False,False,False
2058,1551,17.11 Lakh,"69,000 kms",0.1386205360646435,2143 cc,5 Seats,False,False,False,True,False,True,False,False,False,False
4623,797,42 Lakh,"1,11,000 kms",0.6478350610819515,1186 cc,5 Seats,False,False,False,True,False,True,False,False,False,False
148,756,19.75 Lakh,"10,000 kms",1.6662641111165672,1493 cc,5 Seats,True,False,False,False,False,True,False,False,False,False
4124,1799,1.58 Crore,"56,000 kms",0.6478350610819515,2498 cc,5 Seats,True,False,False,False,False,True,False,False,False,False
3363,984,2.85 Lakh,"70,000 kms",0.1386205360646435,1956 cc,5 Seats,False,False,False,True,True,True,False,False,False,False
2866,1183,3 Lakh,"60,000 kms",-0.8798085139699723,1061 cc,5 Seats,False,False,False,True,True,False,True,False,False,False
3776,211,20.80 Lakh,"1,03,988 kms",0.1386205360646435,1198 cc,8 Seats,True,False,False,False,False,True,False,False,False,False
1386,1163,2.86 Lakh,"92,613 kms",-1.1344157764786262,1498 cc,5 Seats,False,False,False,True,True,True,False,False,False,False
5216,1168,7.57 Lakh,"68,477 kms",0.9024423235906056,1451 cc,5 Seats,True,False,False,False,False,False,True,False,False,False
4566,1735,2.14 Lakh,"1,38,094 kms",-1.1344157764786262,799 cc,5 Seats,False,False,False,True,True,False,True,False,False,False
3629,941,13 Lakh,"30,000 kms",1.1570495860992591,1197 cc,5 Seats,True,False,False,False,True,True,False,False,False,False
4966,895,3.99 Lakh,"1,12,299 kms",0.6478350610819515,1493 cc,5 Seats,True,False,False,False,True,False,True,False,False,False
3028,925,4.50 Lakh,"1,20,000 kms",-0.6252012514613183,2523 cc,7 Seats,True,False,False,False,True,False,True,False,False,False
2969,523,1.69 Lakh,"1,17,816 kms",-0.6252012514613183,2494 cc,7 Seats,False,False,False,True,True,True,False,False,False,False
4796,1075,2.42 Lakh,"78,220 kms",-0.3705939889526643,1047 cc,7 Seats,False,False,False,True,True,False,False,True,False,False
1708,1287,1.89 Lakh,"69,000 kms",-1.3890230389872802,1197 cc,5 Seats,False,False,False,True,True,False,True,False,False,False
2953,1183,3.30 Lakh,"75,384 kms",-0.3705939889526643,1197 cc,7 Seats,False,False,False,True,True,False,True,False,False,False
454,32,31 Lakh,"64,000 kms",0.6478350610819515,1968 cc,5 Seats,True,False,False,False,False,True,False,False,False,False
609,1846,3.45 Lakh,"32,000 kms",-0.6252012514613183,1995 cc,5 Seats,False,False,False,True,True,False,True,False,False,False
4263,1830,3.90 Lakh,"44,000 kms",-0.3705939889526643,1248 cc,5 Seats,False,False,False,True,True,True,False,False,False,False
4679,82,21 Lakh,"50,000 kms",0.1386205360646435,1248 cc,5 Seats,True,False,False,False,False,False,False,True,False,False
2074,1647,7.99 Lakh,"22,045 kms",0.9024423235906056,1461 cc,7 Seats,False,False,False,True,True,True,False,False,False,False
4052,353,8.01 Lakh,"83,027 kms",0.6478350610819515,998 cc,5 Seats,True,False,False,False,True,True,False,False,False,False
4486,510,1 Lakh,"68,000 kms",-3.425881139056512,1599 cc,5 Seats,False,False,False,True,False,False,True,False,False,False
1622,1488,8 Lakh,"5,000 kms",1.4116568486079133,1498 cc,5 Seats,False,False,False,True,False,True,False,False,False,False
4836,428,12.63 Lakh,"25,099 kms",0.9024423235906056,1198 cc,5 Seats,False,False,False,True,False,True,False,False,False,False
40,270,4.21 Lakh,"46,623 kms",-0.1159867264440103,1198 cc,5 Seats,False,False,False,True,True,False,True,False,False,False
2089,1081,4.50 Lakh,"40,000 kms",0.3932277985732975,1197 cc,5 Seats,False,False,False,False,True,False,True,False,False,False
3924,1226,2.19 Lakh,"67,910 kms",-1.3890230389872802,1582 cc,5 Seats,False,False,False,True,True,True,False,False,False,False
2175,308,15.50 Lakh,"74,000 kms",0.1386205360646435,0 cc,7 Seats,False,False,False,True,False,True,False,False,False,False
74,1004,5.50 Lakh,"35,000 kms",0.6478350610819515,1248 cc,5 Seats,True,False,False,False,True,True,False,False,False,False
4416,1407,4.25 Lakh,"55,000 kms",0.6478350610819515,1497 cc,5 Seats,True,False,False,False,True,False,True,False,False,False
5433,1866,5.65 Lakh,"1,20,000 kms",0.3932277985732975,2494 cc,5 Seats,True,False,False,False,True,True,False,False,False,False
2657,1266,3.54 Lakh,"16,570 kms",0.3932277985732975,1496 cc,5 Seats,False,False,False,True,True,True,False,False,False,False
3180,1015,5.87 Lakh,"8,110 kms",1.1570495860992591,1086 cc,5 Seats,False,False,False,True,True,True,False,False,False,False
2076,1397,2.85 Lakh,"70,000 kms",-0.8798085139699723,998 cc,5 Seats,True,False,False,False,True,False,True,False,False,False
441,1304,34.45 Lakh,"27,600 kms",0.6478350610819515,1991 cc,5 Seats,False,False,False,True,False,True,False,False,False,False
2051,1264,2.59 Lakh,"1,08,000 kms",-0.6252012514613183,1197 cc,5 Seats,False,False,False,True,True,False,False,False,True,False
2541,266,5.35 Lakh,"27,000 kms",0.9024423235906056,1497 cc,7 Seats,False,False,False,True,True,True,False,False,False,False
1301,61,48 Lakh,"29,000 kms",0.9024423235906056,1198 cc,5 Seats,True,False,False,False,False,True,False,False,False,False
3430,862,8.47 Lakh,"53,076 kms",0.1386205360646435,1498 cc,5 Seats,True,False,False,False,True,False,True,False,False,False
1304,905,5.90 Lakh,"59,000 kms",-0.3705939889526643,2179 cc,5 Seats,True,False,False,False,True,False,True,False,False,False
236,1024,4.25 Lakh,"48,000 kms",0.1386205360646435,998 cc,5 Seats,False,False,False,True,False,True,False,False,False,False
4599,347,6.83 Lakh,"61,687 kms",-0.1159867264440103,1399 cc,5 Seats,False,False,False,True,False,False,True,False,False,False
2599,1566,3 Lakh,"50,000 kms",-0.1159867264440103,1461 cc,5 Seats,False,False,False,True,True,True,False,False,False,False
2573,889,3.50 Lakh,"3,00,000 kms",-1.1344157764786262,1197 cc,5 Seats,True,False,False,False,True,False,True,False,False,False
3280,1773,7.74 Lakh,"55,681 kms",-0.1159867264440103,998 cc,5 Seats,True,False,False,False,True,True,False,False,False,False
3186,1266,2.63 Lakh,"34,794 kms",-0.3705939889526643,1498 cc,5 Seats,False,False,False,True,True,True,False,False,False,False
3953,976,4.10 Lakh,"4,757 kms",1.6662641111165672,1197 cc,5 Seats,False,False,False,True,True,True,False,False,False,False
2768,842,3.26 Lakh,"25,635 kms",0.3932277985732975,1497 cc,5 Seats,False,False,False,True,True,True,False,False,False,False
4223,785,18 Lakh,"60,000 kms",-0.8798085139699723,814 cc,5 Seats,True,False,False,False,False,False,True,False,False,False
