rainfall_mm,soil_quality_index,farm_size_hectares,sunlight_hours,fertilizer_kg,crop_yield
1.260479742519636,1.5740146879225108,-1.1418658249930125,-0.7612683559357056,-0.5065767603132372,181
0.5780827668205828,-0.8780853451911931,-0.1630271490187582,-1.5243171590787452,0.1185835321165688,309
0.1964031024465359,-1.5786853546522512,-0.351131378565412,-1.5243171590787452,1.21906216083387,291
-1.4274703787084997,-0.5277853404606639,-0.9537615954463584,-1.1427927575072254,0.1640274040613681,172
0.3120636068023077,-1.228385349921722,-0.351131378565412,1.5278780534934129,-0.8541609700531884,261
-0.6617978398732904,0.5231146737309235,0.512754712685887,-1.5243171590787452,1.3050370537024092,417
1.2651061626938669,0.1728146690003943,0.969081639919436,-0.7612683559357056,0.4145828061353965,491
-1.265545672610419,1.2237146831919816,-1.1941169998670829,0.7648292503503734,0.9316603761018962,163
0.8140301957063572,0.1728146690003943,0.2410486033407203,0.7648292503503734,-0.4169172291789035,368
-0.5877751170855966,-0.5277853404606639,0.5545556525851434,0.7648292503503734,-0.0042377434099156,397
0.0529840770453789,-1.228385349921722,0.0424941388192524,-1.5243171590787452,1.7717579007030502,356
-0.8699867477136797,0.8734146784614526,0.3978021279629319,-1.5243171590787452,-1.3540435614459805,356
0.982894532065784,0.1728146690003943,1.5682284451421111,-1.1427927575072254,-0.0140634454520343,566
0.3513881782832701,0.1728146690003943,0.7322096471569831,0.0017804472073339,-0.68221118431611,428
1.4177780284434858,1.2237146831919816,0.1678969585170216,1.5278780534934129,1.5015510945447843,402
-0.5553901758659805,-0.1774853357301348,-1.3857046410720082,0.0017804472073339,0.291761530608912,126
1.408525188095024,-1.5786853546522512,1.404508097203357,0.7648292503503734,0.3973878275616887,546
1.0384115741565545,-1.5786853546522512,1.5508113868507545,-1.1427927575072254,-0.9167998205716954,540
1.1147475070313635,1.2237146831919816,-1.6434771037840892,-1.1427927575072254,-0.0595073173968336,112
-1.5755158242838874,1.5740146879225108,1.4254085671529853,-1.1427927575072254,0.5238937413539677,529
1.1656381289479032,-1.5786853546522512,1.1258351645416476,1.146353651921893,1.236257139407578,516
-0.409657940377708,-0.8780853451911931,0.2027310750997353,0.3833048487788537,0.5914454428935342,357
0.7307546325702015,-1.228385349921722,-1.089614650118942,0.3833048487788537,0.5558272729908537,183
1.4501629696631018,-1.5786853546522512,-1.3857046410720082,-1.1427927575072254,1.504007520055314,163
1.1933966499932884,1.2237146831919816,0.6033234158009425,1.146353651921893,-0.2842702516103003,433
1.302117524087714,-0.1774853357301348,-0.2953967920330702,0.3833048487788537,1.5789284981264695,327
-0.1482652005336638,-0.1774853357301348,-1.215017469816711,-0.3797439543641858,-0.349365527639337,145
-0.8005904451002166,0.5231146737309235,0.6869252955994554,-1.1427927575072254,1.1981825439943676,439
-0.5877751170855966,0.5231146737309235,-0.7134061910256342,0.0017804472073339,-0.3026934429392729,216
-1.1082473866865694,-1.5786853546522512,0.1818306051501071,-1.5243171590787452,-1.0027747134402345,314
-1.2377871515650338,0.5231146737309235,0.7287262354987117,-0.3797439543641858,-1.4080849226776335,397
1.6722311380261836,-1.228385349921722,-0.3580982018819548,1.146353651921893,0.6589971444331006,302
0.372207069067309,-1.5786853546522512,1.5159772702680407,0.0017804472073339,-1.6451299844437486,515
0.8764868680584739,0.1728146690003943,-1.100064885093756,-0.7612683559357056,-1.3982592206355149,160
1.577389524454451,-0.5277853404606639,0.0982287253515943,-0.7612683559357056,0.5840761663619451,369
-0.8306621762327172,-1.228385349921722,-1.2672686446907817,-0.7612683559357056,1.3283730960524411,150
0.8764868680584739,1.2237146831919816,-1.2777188796655956,1.146353651921893,1.7312268797793104,192
0.6521054896082766,-1.5786853546522512,-0.9328611254967304,1.146353651921893,0.188591659166665,197
-1.5385044628900404,0.1728146690003943,1.5020436236349552,1.146353651921893,1.6870112205897758,552
-1.392772227401768,1.5740146879225108,0.3629680113802182,-0.7612683559357056,0.6049557832014475,381
-1.0319114538117602,-0.5277853404606639,0.0633946087688806,0.3833048487788537,1.4671611373973688,345
1.4501629696631018,1.2237146831919816,-0.8388090107234034,-0.3797439543641858,1.4192608399420397,256
0.3629542287188473,1.5740146879225108,0.0424941388192524,-0.3797439543641858,-0.8996048419979876,333
1.4062119780079083,1.2237146831919816,1.6901478531816092,-1.5243171590787452,-0.8136299491294484,582
0.3629542287188473,-0.8780853451911931,-0.901510420572288,1.5278780534934129,-0.436568633263141,192
0.5040600440328888,0.5231146737309235,-1.1801833532339974,0.0017804472073339,0.0190982989401164,169
-0.3171295368930906,1.5740146879225108,-0.1769607956518436,0.3833048487788537,-0.3567348041709261,302
0.8325358764032806,-1.228385349921722,1.4881099770018698,-1.1427927575072254,-0.8910073527111337,531
-1.4806742107121544,1.5740146879225108,-1.3857046410720082,0.7648292503503734,-0.60360556797916,109
0.122380379658842,1.2237146831919816,-1.4100885226799076,0.7648292503503734,1.334514159828765,156
-1.5616365637611946,-0.5277853404606639,0.5824229458513144,-1.5243171590787452,0.5447733581934701,397
1.1818305995577114,0.1728146690003943,0.2445320149989917,-0.7612683559357056,1.6440237741555064,406
-0.7450734030094461,0.5231146737309235,0.4361196562039169,1.146353651921893,-0.9376794374111976,369
-0.2477332342796276,0.5231146737309235,-1.0512971218779568,-1.5243171590787452,0.5963582939145936,186
-0.0487971667877001,1.5740146879225108,-1.2080506465001684,0.0017804472073339,0.514068039311849,171
-1.3094966642656125,1.2237146831919816,-0.4660839632883671,-0.3797439543641858,1.25713675624708,272
0.3930259598513479,-0.1774853357301348,-0.1003257391698736,-1.5243171590787452,0.751113101077964,330
1.1031814565957865,-0.8780853451911931,0.0982287253515943,-0.3797439543641858,1.2043236077706918,371
-0.7450734030094461,-0.8780853451911931,-0.7865578358493329,1.146353651921893,-0.2830420388550354,196
0.3120636068023077,-1.228385349921722,-0.3824820834898543,-0.7612683559357056,1.1859004164417193,289
0.0460444467840326,-1.5786853546522512,0.1574467235422075,1.5278780534934129,1.17853113991013,362
0.6914300610892391,-0.8780853451911931,-0.7099227793673628,1.5278780534934129,0.98078888631249,247
1.3761402468754078,1.5740146879225108,-0.5984536063026791,-1.1427927575072254,0.5803915280961506,278
-0.967141571372528,-0.1774853357301348,0.1818306051501071,-0.7612683559357056,1.6501648379318306,367
1.2350344315613664,0.1728146690003943,0.4848874194197161,1.5278780534934129,0.9279757378361018,430
1.2882382635650214,0.5231146737309235,0.9272807000201796,0.7648292503503734,0.2893051050983823,486
-1.1082473866865694,1.2237146831919816,1.195503397707075,1.146353651921893,-0.8148581618847133,479
-0.983334041982336,0.5231146737309235,-0.95724500710463,0.7648292503503734,-0.2670752730365924,177
0.3745202791544245,-0.8780853451911931,1.6831810298650665,1.146353651921893,-0.9806668838454674,554
0.3051239765409614,-0.1774853357301348,-1.145349236651284,-0.3797439543641858,0.3359771897984464,172
1.3483817258300226,0.1728146690003943,0.066878020427152,-1.5243171590787452,-1.0162850537481478,339
-0.823722545971371,-0.5277853404606639,-1.3578373478058372,1.5278780534934129,0.1824505953903408,123
-1.068922815205607,1.2237146831919816,0.6904087072577267,0.3833048487788537,-0.2191749755812634,417
1.3067439442619448,0.1728146690003943,-0.0132404477130894,0.0017804472073339,-1.4449313053355788,321
-0.627099688566559,0.1728146690003943,-1.6190932221761898,1.146353651921893,-1.0052311389507642,72
0.945883170671937,-1.228385349921722,-1.6713443970502602,-1.5243171590787452,-1.1231395634561894,75
-0.3078766965446289,-1.5786853546522512,0.1609301352004789,0.3833048487788537,1.4204890526973046,361
-1.3441948155723438,0.5231146737309235,1.376640803937186,-0.3797439543641858,-0.3186602087577159,506
-0.957888731024066,-1.5786853546522512,-1.1523160599678264,0.0017804472073339,-0.9794386710902026,125
-1.5986479251550416,-1.228385349921722,-1.3613207594641086,-0.3797439543641858,0.220525190803551,108
1.3159967846104066,-1.5786853546522512,-0.9502781837880871,-1.1427927575072254,0.7253206332174023,211
0.3930259598513479,-0.1774853357301348,0.7949110570058677,1.5278780534934129,1.1367719062311257,465
0.9366303303234752,0.8734146784614526,0.2201481333910921,0.0017804472073339,1.2215185863443996,397
1.6190273060225286,0.5231146737309235,-1.1557994716260978,-1.1427927575072254,-1.734789515578082,158
0.4230976909838486,0.5231146737309235,1.3383232756962011,-0.7612683559357056,1.701749773652954,556
0.2472937243630755,-0.1774853357301348,-1.1209653550433842,1.5278780534934129,-0.1442539975101079,167
-0.8653603275394488,1.5740146879225108,1.404508097203357,1.146353651921893,0.1898198719219299,531
-1.3465080256594593,-0.8780853451911931,0.9412143466532652,1.5278780534934129,1.4769868394394874,465
1.669917927939068,-0.8780853451911931,-1.0930980617772132,0.0017804472073339,-1.2471890517379387,168
-1.7235612698592753,-0.8780853451911931,1.0561669313762203,-1.5243171590787452,0.6639099954541601,463
1.4686686503600253,1.2237146831919816,1.327873040721387,0.3833048487788537,1.0937844597968558,563
0.9273774899750136,0.5231146737309235,-0.9746620653959868,0.0017804472073339,-0.1835568056785829,200
-0.303250276370398,0.1728146690003943,1.08055081298412,1.146353651921893,1.2534521179812856,501
-0.2176615031471269,1.2237146831919816,0.8018778803224105,0.0017804472073339,0.934116801612426,463
0.5202525146426968,-1.5786853546522512,-0.7621739542414334,-0.7612683559357056,-1.7384741538438768,188
0.8903661285811665,0.5231146737309235,1.5264275052428549,1.146353651921893,0.3089565091826198,567
-1.7004291689881208,0.1728146690003943,-0.3720318485150402,0.7648292503503734,-0.7166011414635257,242
1.4709818604471407,0.5231146737309235,0.8262617619303101,-1.1427927575072254,-1.0826085425324494,451
0.6659847501309692,0.8734146784614526,-1.4727899325287923,-1.1427927575072254,-0.507804973068502,122
-0.213035082972896,-0.1774853357301348,0.2027310750997353,-0.3797439543641858,-1.7397023665991416,325
-0.6363525289150207,1.5740146879225108,-1.6713443970502602,-0.7612683559357056,-0.9180280333269604,74
0.1570785309655735,0.5231146737309235,0.3455509530888614,-1.1427927575072254,-0.5753566746080685,373
0.13857285026865,0.5231146737309235,-1.1418658249930125,0.3833048487788537,-0.1246025934258704,167
1.4802347007956025,-0.8780853451911931,-1.504140637453235,-0.3797439543641858,-0.6097466317554842,116
0.2588597747986527,-0.8780853451911931,1.091001047958934,0.3833048487788537,-1.0211979047692072,467
1.3645741964398306,-0.5277853404606639,1.348773510671015,0.0017804472073339,1.4978664562789898,561
-0.0326046961778921,1.2237146831919816,-0.9154440672053736,-0.7612683559357056,0.5386322944171459,212
-1.24472678182638,-1.5786853546522512,-0.5671029013782368,1.5278780534934129,0.236491956621994,226
-0.1020009987913551,1.5740146879225108,0.0041766105782674,0.3833048487788537,0.1247245958928931,338
0.1987163125336513,-0.8780853451911931,-1.2637852330325103,1.5278780534934129,-1.371238540019688,122
-0.6294128986536743,-0.8780853451911931,-0.9920791236873436,0.0017804472073339,-1.3393050083828022,151
0.8325358764032806,-0.1774853357301348,0.1400296652508507,-1.5243171590787452,-0.5864105894054521,348
-1.450602479579654,0.8734146784614526,0.9272807000201796,-1.5243171590787452,1.3111781174787334,468
0.9366303303234752,0.1728146690003943,-1.5250411074028627,0.7648292503503734,1.2706470965549934,143
0.3421353379348084,0.5231146737309235,-0.5148517265041663,-0.3797439543641858,-0.2105774862944095,258
0.6197205483886605,-0.5277853404606639,-0.2744963220834419,1.146353651921893,0.8849882914018321,308
0.8394755066646269,1.2237146831919816,0.4779205961031733,1.146353651921893,-0.6674726312529319,404
-0.839915016581179,-1.5786853546522512,-1.4344724042878072,1.146353651921893,1.1650207996022168,122
-0.7751451341419467,1.5740146879225108,1.052683519717949,1.146353651921893,1.1994107567496324,498
-0.7057488315284838,0.5231146737309235,1.240787749264603,-1.1427927575072254,-1.2815790088853545,479
-0.4212239908132852,0.8734146784614526,0.6660248256498271,-1.5243171590787452,1.1036101618389746,441
-0.4281636210746315,1.2237146831919816,0.1887974284666498,0.7648292503503734,1.0962408853073855,375
0.13857285026865,-1.5786853546522512,-1.1174819433851129,-1.5243171590787452,1.052025226117851,177
-0.5553901758659805,0.5231146737309235,0.5928731808261285,0.7648292503503734,-0.929081948124344,394
1.4015855578336776,1.2237146831919816,-0.7203730143421769,0.7648292503503734,-0.5114896113342966,242
0.9690152715430912,-1.228385349921722,-0.2605626754503565,0.0017804472073339,1.1699336506232765,315
-1.711995219423698,1.5740146879225108,-0.8039748941406898,1.146353651921893,0.7904159092464391,213
-0.9347566301529118,1.5740146879225108,-0.2988802036913415,-0.3797439543641858,-0.3014652301840081,277
-1.429783588795615,-0.1774853357301348,1.4393422137860707,-1.5243171590787452,0.0977039152770665,516
-1.637972496636004,-0.1774853357301348,-1.545941577352491,-0.3797439543641858,1.3517091384024733,106
-0.4698014026427093,-0.1774853357301348,1.244271160922874,-0.3797439543641858,1.1060665873495044,518
-0.0649896373975082,-1.5786853546522512,1.4567592720774276,0.3833048487788537,-1.0101439899718236,511
0.7955245150094337,0.8734146784614526,-1.0826478268023991,0.7648292503503734,0.0362932775138242,189
-0.4489825118586704,0.1728146690003943,1.15718586946609,-1.1427927575072254,-1.4191388374750171,466
-0.5507637556917496,0.1728146690003943,1.317422805746573,0.0017804472073339,-0.1110922531179571,509
0.2611729848857681,-1.228385349921722,0.7461432937900686,0.7648292503503734,-1.1403345420298971,413
1.142506028076749,0.5231146737309235,-0.6332877228853928,1.146353651921893,-1.7777769620123518,226
1.0546040447663625,-0.5277853404606639,1.498560211976684,-1.1427927575072254,1.7152601139608674,581
-0.9949000924179132,0.8734146784614526,-0.2953967920330702,-0.3797439543641858,-1.317197178788035,256
0.4739883129003882,-0.5277853404606639,0.90289681841228,0.7648292503503734,0.117355319361304,463
-1.179956899387148,-1.5786853546522512,1.5020436236349552,-0.7612683559357056,-1.491603390035643,495
-1.6934895387267743,1.5740146879225108,-0.6263208995688501,1.5278780534934129,-0.6772983332950506,215
0.5295053549911586,1.5740146879225108,0.0564277854523379,0.7648292503503734,-0.1626771888390806,350
-0.1413255702723175,0.8734146784614526,-1.3613207594641086,0.0017804472073339,0.3703671469458621,142
-1.0642963950313762,-1.5786853546522512,1.4532758604191562,0.7648292503503734,1.0667637791810292,531
-1.4899270510606162,0.8734146784614526,-1.3787378177554654,1.5278780534934129,1.171161863378541,135
1.1101210868571327,0.5231146737309235,0.066878020427152,0.7648292503503734,-0.8639866720953071,341
1.4177780284434858,-0.5277853404606639,1.4706929187105129,-1.1427927575072254,0.2573715734614963,558
-0.0210386457423149,-0.5277853404606639,1.111901517908562,-1.1427927575072254,0.4379188484854285,491
-1.7628858413402375,1.2237146831919816,-1.204567234841897,0.3833048487788537,1.6292852210923283,166
-0.7728319240548314,0.5231146737309235,-0.0933589158533308,-0.7612683559357056,1.2325725011417832,328
-0.2916842259348208,-1.228385349921722,0.6520911790167417,0.7648292503503734,0.5398605071724107,420
-0.3911522596807845,1.2237146831919816,0.2305983683659062,0.3833048487788537,-1.0371646705876505,346
-0.1390123601852021,-1.228385349921722,1.6727307948902523,-0.3797439543641858,0.1210399576270985,561
-1.1198134371221466,1.2237146831919816,-1.4031216993633648,-0.3797439543641858,0.9463989291650744,134
1.3414420955686763,0.1728146690003943,-0.0132404477130894,-1.5243171590787452,0.4870473586960224,352
1.2558533223454051,-0.5277853404606639,-0.0167238593713607,-1.5243171590787452,-0.5937798659370412,329
-1.4228439585342687,-0.5277853404606639,0.7914276453475964,-1.5243171590787452,-0.9008330547532524,405
-1.7420669505561988,-0.5277853404606639,0.6555745906750131,-1.5243171590787452,0.0424343412901485,397
1.3992723477465625,0.5231146737309235,-0.9537615954463584,1.146353651921893,1.685783007834511,240
0.1200671695717266,0.5231146737309235,-0.5601360780616941,-1.5243171590787452,-1.2127990945905232,232
-0.5623298061273267,0.8734146784614526,1.7423990280556796,-1.1427927575072254,0.1873634464114002,579
-0.2407936040182813,-0.1774853357301348,1.4079915088616284,-0.7612683559357056,1.4561072225999852,550
-0.8121564955357937,0.1728146690003943,1.0735839896675772,-1.1427927575072254,0.3777364234774512,478
1.1401928179896337,0.5231146737309235,0.4221860095708314,-0.7612683559357056,1.5027793073000493,431
0.4069052203740405,-0.8780853451911931,-1.0478137102196854,-1.1427927575072254,-0.0202045092283585,177
-0.590088327172712,-1.5786853546522512,-1.444922639262621,0.7648292503503734,-1.086293180798244,87
-1.7189348496850445,1.2237146831919816,-1.2533349980576962,1.146353651921893,0.8370879939465032,147
-1.0781756555540687,1.5740146879225108,0.1783471934918357,-1.1427927575072254,1.5568206685317023,374
0.9898341623271302,-0.8780853451911931,0.380385069671575,-0.3797439543641858,0.2905333178536471,395
0.8533547671873195,0.5231146737309235,1.3696739806206433,0.0017804472073339,-1.0875213935535089,521
0.0067198753030702,-0.8780853451911931,-1.1244487667016556,0.3833048487788537,-0.929081948124344,147
-1.658791387420043,-1.5786853546522512,-1.1209653550433842,-1.1427927575072254,0.4207238699117207,143
0.8764868680584739,-0.1774853357301348,-1.5947093405682902,0.7648292503503734,-0.8934637782216633,95
-0.2338539737569349,-1.5786853546522512,1.421925155494714,0.0017804472073339,-1.7532127069070549,492
0.4739883129003882,-0.8780853451911931,0.8645792901712951,-0.3797439543641858,-1.7482998558859957,425
-0.9902736722436822,1.5740146879225108,-0.6541881928350209,-1.1427927575072254,0.0866500004796829,231
0.6775508005665465,-1.5786853546522512,1.585645503433468,-1.1427927575072254,-0.7767835664715032,543
-0.8491678569296407,0.1728146690003943,-0.0620082109288885,1.5278780534934129,1.5494513920001134,335
0.5642035062978902,1.2237146831919816,1.0108825798186925,0.7648292503503734,0.5103834010460544,496
-0.5808354868242502,-1.5786853546522512,0.4709537727866306,0.7648292503503734,0.5988147194251233,389
-0.4651749824684785,0.8734146784614526,0.1818306051501071,1.146353651921893,-0.0091505944309749,353
0.7400074729186632,-0.1774853357301348,-1.469306520870521,1.5278780534934129,-1.5124830068751451,102
-0.5276316548205953,1.2237146831919816,1.585645503433468,0.0017804472073339,-1.5333626237146476,531
-1.302557034004266,-0.1774853357301348,-1.4623396975539782,0.0017804472073339,-1.7728641109912924,71
1.695363238897338,-0.5277853404606639,0.969081639919436,-0.3797439543641858,-0.3776144210104284,480
1.551944213496181,-0.1774853357301348,0.2062144867580067,1.146353651921893,0.6688228464752194,388
-0.4165975706390543,0.5231146737309235,-1.2568184097159676,-1.5243171590787452,1.7619321986609315,174
0.1270067998330729,1.2237146831919816,1.2477545725811454,-1.5243171590787452,0.0719114474165047,517
-0.9602019411111816,0.8734146784614526,0.380385069671575,-0.3797439543641858,-1.5026573048330265,351
1.0661700952019395,-0.1774853357301348,0.380385069671575,-1.1427927575072254,-0.388668335807812,389
-1.2470399919134956,-0.1774853357301348,-1.4588562858957068,1.146353651921893,0.7719927179174664,114
1.424717658704832,1.2237146831919816,-0.1595437373604868,-1.1427927575072254,1.3038088409471442,352
-1.196149369996956,0.8734146784614526,-0.5740697246947796,-1.1427927575072254,0.0927910642560071,236
-1.3673269164434982,1.5740146879225108,0.1191291953012225,-1.1427927575072254,-0.3395398255972183,331
0.5341317751653895,0.1728146690003943,0.1644135468587503,0.0017804472073339,0.0289240009822352,360
0.9736416917173222,0.8734146784614526,0.8680627018295665,0.7648292503503734,-0.3616476551919855,465
0.5202525146426968,0.1728146690003943,0.7217594121821691,-1.1427927575072254,-0.2474238689523549,435
-0.733507352573869,1.5740146879225108,1.2059536326818892,-1.5243171590787452,-1.0531314364060933,483
-0.4929335035138637,1.2237146831919816,0.0076600222365387,1.5278780534934129,0.9058679082413346,345
-1.5940215049808109,-0.1774853357301348,-0.6994725443925488,-1.5243171590787452,-0.7387089710582929,194
-0.8329753863198327,0.5231146737309235,1.387091038912,0.0017804472073339,1.274331734820788,540
-0.1505784106207793,-0.8780853451911931,1.728465381422594,-1.1427927575072254,1.1060665873495044,587
1.3807666670496388,0.1728146690003943,1.2303375142897883,0.7648292503503734,0.5251219541092326,532
0.3028107664538459,-0.8780853451911931,-0.4695673749466385,-1.5243171590787452,-1.0961188828403627,241
1.1240003473798257,1.2237146831919816,-1.204567234841897,1.5278780534934129,0.0055879586322031,177
-0.0464839567005847,-0.5277853404606639,0.4361196562039169,-1.5243171590787452,-0.6809829715608452,376
0.515626094468466,1.5740146879225108,-0.7273398376587197,0.7648292503503734,0.2094712760061674,243
-0.0580500071361619,1.5740146879225108,0.3211670714809618,0.7648292503503734,0.8174365898622656,396
1.2188419609515582,-0.5277853404606639,1.596095738408282,-0.3797439543641858,-0.8996048419979876,555
0.0761161779165333,1.5740146879225108,0.0111434338948101,0.3833048487788537,0.5177526775776435,348
1.3992723477465625,-1.228385349921722,-0.8074583057989612,-0.3797439543641858,-0.4758714414316161,215
-1.2701720927846498,0.1728146690003943,1.2965223357969446,-1.1427927575072254,0.0055879586322031,498
1.5912687849771434,1.5740146879225108,-1.6957282786581598,-0.3797439543641858,1.020091694480965,131
-1.765199051427353,-0.8780853451911931,0.617257062434028,0.7648292503503734,0.046118979555943,390
-0.8376018064940636,0.8734146784614526,-0.8666763039895744,1.5278780534934129,-1.1206831379456597,180
0.2149087831434594,-1.228385349921722,-0.4974346682128094,-1.5243171590787452,0.1075296173191852,254
-0.4374164614230932,-0.8780853451911931,-0.4800176099214526,-1.1427927575072254,0.974647822536166,264
-0.8491678569296407,-1.5786853546522512,-0.3058470270078842,-1.1427927575072254,-0.3284859107998347,259
0.6081544979530834,-1.5786853546522512,0.8959299950957375,1.146353651921893,-0.5249999516422099,447
-1.5454440931513866,-1.228385349921722,-0.5566526664034227,-1.1427927575072254,1.7680732624372557,250
1.5635102639317582,1.5740146879225108,-0.4347332583639248,-1.1427927575072254,0.7965569730227633,308
-0.5692694363886731,1.2237146831919816,-0.978145477054258,1.146353651921893,-1.3429896466485969,166
-1.0411642941602215,-0.1774853357301348,1.4010246855450856,0.0017804472073339,0.34703110459583,520
-0.2731785452378973,-0.1774853357301348,-0.6367711345436642,-1.1427927575072254,0.2131559142719619,235
0.0622369173938407,-1.5786853546522512,-0.692505721076006,1.146353651921893,-1.086293180798244,203
0.6127809181273143,0.1728146690003943,-0.5601360780616941,-1.1427927575072254,0.7891876964911743,269
-1.6680442277685048,0.1728146690003943,-1.012979593636972,0.0017804472073339,-0.1725028908811993,159
0.6613583299567384,-1.5786853546522512,-0.7377900726335338,-1.5243171590787452,1.6870112205897758,249
-0.71268846178983,0.8734146784614526,-1.1732165299174546,0.7648292503503734,-1.2668404558221762,135
-0.0464839567005847,-1.5786853546522512,1.56474503348384,1.5278780534934129,-0.7595885878977953,531
0.9759549018044376,1.5740146879225108,-1.1836667648922687,0.7648292503503734,0.5656529750329725,189
0.5040600440328888,-0.5277853404606639,0.3176836598226905,-1.1427927575072254,-0.6576469292108131,366
-0.6363525289150207,1.2237146831919816,-1.6539273387589033,-0.7612683559357056,-0.1737311036364642,86
0.659045119869623,0.1728146690003943,1.7145317347895086,-1.5243171590787452,-1.094890670085098,566
0.1871502620980742,0.8734146784614526,1.1362853995164617,-0.7612683559357056,-0.3616476551919855,493
0.8302226663161651,-0.5277853404606639,-0.0689750342454313,0.3833048487788537,-1.618109303827922,300
-1.0851152858154152,-0.5277853404606639,-0.995562535345615,-0.7612683559357056,-0.8062606725978594,155
0.7307546325702015,1.2237146831919816,-0.901510420572288,-0.7612683559357056,-0.2904113153866245,210
0.0761161779165333,-0.5277853404606639,1.4776597420270556,-0.3797439543641858,0.3863339127643051,544
-0.1991558224502034,1.5740146879225108,1.6866644415233378,1.146353651921893,1.2645060327786692,597
-1.147571958167532,0.1728146690003943,0.0773282554019661,1.146353651921893,-1.43510560329346,302
-0.9949000924179132,0.8734146784614526,-1.3891880527302791,0.0017804472073339,0.5754786770750913,130
-0.9856472520694514,-0.5277853404606639,-1.5494249890107623,0.0017804472073339,0.3863339127643051,96
-0.6039675876954046,1.2237146831919816,-1.6539273387589033,-1.1427927575072254,0.9771042480466956,105
0.3976523800255788,1.2237146831919816,-0.6263208995688501,0.3833048487788537,-1.5702090063725929,225
0.5109996742942351,-0.5277853404606639,-0.863192892331303,-1.5243171590787452,-1.395802795124985,185
1.1101210868571327,0.1728146690003943,-0.0062736243965466,0.3833048487788537,1.2411699904286373,363
-1.1175002270350312,1.5740146879225108,1.387091038912,-1.5243171590787452,-1.6045989635200086,495
1.1124342969442482,0.5231146737309235,1.3836076272537288,0.0017804472073339,1.1195769276574177,562
-1.5870818747194646,-1.228385349921722,-0.8771265389643885,-1.1427927575072254,1.4475097333131313,198
1.4802347007956025,0.5231146737309235,0.3455509530888614,0.7648292503503734,-0.2854984643655651,395
1.387706297310985,0.5231146737309235,0.0215936688696242,0.3833048487788537,-0.2990088046734784,347
-0.3425748478513604,1.2237146831919816,1.3696739806206433,0.7648292503503734,-0.3788426337656933,521
-1.37657975679196,0.5231146737309235,-1.4170553459964503,-1.5243171590787452,0.34703110459583,115
-1.3326287651367668,-1.5786853546522512,-0.2919133803747988,1.5278780534934129,0.7498848883226992,273
-1.4853006308863854,-0.1774853357301348,-0.1769607956518436,0.0017804472073339,-0.4906099944947942,274
-0.957888731024066,0.5231146737309235,1.3557403339875578,-0.3797439543641858,-1.4572134328882271,489
-1.3094966642656125,0.8734146784614526,0.1017121370098656,-0.7612683559357056,0.6811049740278678,342
0.1154407493974957,-0.5277853404606639,-0.0132404477130894,-1.1427927575072254,1.034830247544143,341
0.3004975563667305,0.5231146737309235,-0.3023636153496129,0.0017804472073339,-1.0297953940560611,275
1.1240003473798257,0.1728146690003943,0.2166647217328208,-1.1427927575072254,0.2819358285667933,379
1.4062119780079083,1.2237146831919816,-0.4312498467056535,-0.7612683559357056,0.7904159092464391,304
1.2743590030423286,-1.228385349921722,-1.657410750417175,-1.5243171590787452,-0.1602207633285509,97
0.2010295226207668,-0.8780853451911931,-0.8666763039895744,0.0017804472073339,1.0237763327467595,218
0.1339464300944192,-1.228385349921722,1.7110483231312372,0.3833048487788537,1.3173191812550575,590
-0.2338539737569349,0.1728146690003943,0.4953376543945302,-1.1427927575072254,-0.8062606725978594,384
-1.126753067383493,0.8734146784614526,0.2305983683659062,0.3833048487788537,0.7793619944490555,364
1.2512269021711744,-0.8780853451911931,-1.3439037011727517,1.5278780534934129,-1.026110755790267,130
0.7770188343125102,-0.8780853451911931,-1.4658231092122496,-1.1427927575072254,-0.3505937403946019,117
-0.1829633518403954,-0.1774853357301348,-0.1665105606770295,0.3833048487788537,1.725085816002986,329
0.0483576568711481,-0.1774853357301348,-1.6748278087085315,-0.3797439543641858,0.695843527091046,99
-0.4050315202034771,-0.8780853451911931,0.4326362445456456,-0.7612683559357056,0.2880768923431175,384
0.7006829014377008,-1.228385349921722,1.366190568962372,1.146353651921893,0.6749639102515437,538
1.12168713729271,0.5231146737309235,-1.4100885226799076,-0.7612683559357056,0.1136706810955095,145
0.1316332200073037,-0.1774853357301348,-1.2463681747411537,0.7648292503503734,0.6589971444331006,161
-1.654164967245812,0.8734146784614526,1.6448635016240811,-0.7612683559357056,-0.3002370174287432,543
1.621340516109644,1.2237146831919816,0.5650058875599575,-0.3797439543641858,0.0019033203664086,437
0.6081544979530834,-0.5277853404606639,-0.1665105606770295,-0.7612683559357056,1.0385148858099378,326
-0.516065604385018,1.2237146831919816,0.4639869494700879,1.5278780534934129,0.5767068898303561,405
0.9736416917173222,0.5231146737309235,1.4881099770018698,1.146353651921893,-0.397265825094666,551
1.5126196420152185,0.5231146737309235,1.6483469132823527,1.146353651921893,0.5263501668644974,596
1.2304080113871354,0.1728146690003943,0.3734182463550323,0.0017804472073339,-0.4586764628579082,391
-0.7612658736192541,-0.1774853357301348,0.5545556525851434,-1.5243171590787452,-0.3788426337656933,390
0.1362596401815346,0.1728146690003943,-0.5322687847955231,-1.5243171590787452,1.5899824129238531,280
-1.7628858413402375,0.1728146690003943,1.1989868093653464,0.3833048487788537,1.6612187527292142,505
-1.1822701094742634,0.1728146690003943,-0.2013446772597432,0.7648292503503734,1.6685880292608033,312
0.1547653208784581,-0.8780853451911931,1.1014512829337482,1.146353651921893,1.028689183767819,500
0.1709577914882661,0.8734146784614526,0.1957642517831926,-1.5243171590787452,-1.7495280686412604,335
-0.7450734030094461,-0.1774853357301348,0.0808116670602374,1.146353651921893,0.886216504157097,344
-1.223907891042341,1.2237146831919816,-1.336936877856209,-1.1427927575072254,0.9783324608019603,143
-1.4853006308863854,0.8734146784614526,0.8959299950957375,-0.3797439543641858,-0.0988101255653086,441
-0.356454108374053,-0.5277853404606639,1.2373043376063313,-1.5243171590787452,-0.714144715952996,486
-0.8676735376265642,-0.8780853451911931,-0.3337143202740552,-1.5243171590787452,-0.0054659561651804,263
1.5635102639317582,-0.5277853404606639,-1.1209653550433842,-0.3797439543641858,0.9549964184519284,200
-1.547757303238502,1.5740146879225108,-0.3546147902236834,0.7648292503503734,0.0977039152770665,268
1.6120876757611822,0.1728146690003943,-1.0408468869031426,0.3833048487788537,1.2411699904286373,221
0.0576104972196098,-0.5277853404606639,0.9655982282611648,-0.3797439543641858,1.172390076133806,483
-0.2824313855863591,-1.228385349921722,0.920313876703637,-1.5243171590787452,-1.6770635160806344,422
-0.5831486969113657,0.5231146737309235,1.0944844596172054,0.3833048487788537,1.163792586846952,500
0.8394755066646269,-0.1774853357301348,1.6622805599154382,0.0017804472073339,-0.968384756292819,561
-1.547757303238502,-1.5786853546522512,-0.0411077409792603,-0.7612683559357056,-1.5100265813646156,268
0.6058412878659679,-0.5277853404606639,1.376640803937186,-1.1427927575072254,-1.062957138448212,513
-1.4644817401023464,0.8734146784614526,1.164152692782633,-0.3797439543641858,-0.436568633263141,474
0.0136595055644165,0.8734146784614526,1.7040814998146945,0.7648292503503734,-0.4709585904105567,570
0.978268111891553,0.8734146784614526,0.2236315450493635,0.0017804472073339,-0.1209179551600758,376
-1.7420669505561988,0.5231146737309235,1.6483469132823527,1.146353651921893,-0.3125191449813917,540
-0.0580500071361619,0.5231146737309235,-0.3058470270078842,-0.7612683559357056,0.4993294862486708,294
1.2350344315613664,-0.1774853357301348,-1.6399936921258178,-1.5243171590787452,-1.3687821145091583,85
-1.6796102782040818,0.8734146784614526,-0.5636194897199654,0.0017804472073339,-1.046990372629769,213
1.2419740618227126,0.8734146784614526,1.4463090371026135,-1.5243171590787452,1.0409713113204675,573
0.8533547671873195,-0.8780853451911931,-0.9189274788636448,1.5278780534934129,0.9525399929413988,218
-0.5854619069984811,0.1728146690003943,1.1502190461495472,1.146353651921893,-0.4820125052079403,479
0.2935579261053842,-1.5786853546522512,1.6344132666492672,-0.7612683559357056,-1.3503589231801858,535
-0.3333220075028987,-0.8780853451911931,0.34206754143059,0.0017804472073339,0.8641086745623298,382
-0.9324434200657964,-1.5786853546522512,0.0076600222365387,-1.1427927575072254,-0.8492481190321289,294
0.1964031024465359,0.8734146784614526,-1.3125529962483091,-0.7612683559357056,-1.4780930497277296,123
0.3213164471507694,1.5740146879225108,-0.6019370179609504,-1.5243171590787452,0.6970717398463109,266
1.4848611209698332,-0.5277853404606639,-0.3197806736409697,1.5278780534934129,1.036058460299408,316
1.3645741964398306,1.2237146831919816,-0.1525769140439441,0.7648292503503734,-1.2103426690799934,311
-0.1875897720146262,-1.5786853546522512,0.2549822499738058,-1.5243171590787452,0.9292039505913666,368
-0.962515151198297,-0.1774853357301348,-0.3441645552488693,1.5278780534934129,-1.3270228808301536,244
0.6821772207407774,-1.5786853546522512,-1.260301821374239,-0.3797439543641858,-1.4707237731961404,123
-0.5507637556917496,0.8734146784614526,1.4950768003184125,-0.7612683559357056,-1.31596896603277,519
1.052290834679247,1.5740146879225108,0.4012855396212033,-1.5243171590787452,0.1984173612087838,411
0.8302226663161651,0.1728146690003943,1.6169962083579104,-0.3797439543641858,-0.4169172291789035,565
-0.3587673184611685,0.8734146784614526,-1.0373634752448713,0.7648292503503734,1.3738169679972403,202
1.281298633303675,-1.5786853546522512,-1.4832401675036064,0.7648292503503734,-1.3282510935854186,101
-0.4859938732525174,0.1728146690003943,-0.4800176099214526,-0.7612683559357056,-1.1145420741693357,236
0.999087002675592,1.2237146831919816,1.2198872793149746,-1.1427927575072254,0.220525190803551,526
0.7515735233542403,-0.8780853451911931,-1.556391812327305,-0.7612683559357056,-1.3822924548170716,87
0.4323505313323103,0.1728146690003943,0.5615224759016861,1.5278780534934129,-0.7251986307503796,404
-1.531564832628694,0.5231146737309235,-0.5705863130365082,0.3833048487788537,0.5288065923750271,238
1.269732582868098,-0.1774853357301348,-0.3406811435905979,-0.3797439543641858,-0.5606181215448904,285
-1.4320967988827304,0.8734146784614526,-1.336936877856209,0.0017804472073339,-0.1626771888390806,120
0.733067842657317,-1.228385349921722,-0.4660839632883671,1.5278780534934129,0.3384336153089761,270
1.1240003473798257,-0.5277853404606639,-0.2988802036913415,0.3833048487788537,0.2377201693772588,301
0.3259428673250003,-0.5277853404606639,0.5057878893693443,-0.3797439543641858,-0.0361712750468015,401
-0.5391977052561724,0.1728146690003943,-1.6852780436833457,-0.7612683559357056,-1.634076069646365,53
1.4756082806213715,1.2237146831919816,0.2723993082651627,1.5278780534934129,-0.8320531404584212,380
0.9019321790167436,0.8734146784614526,-1.2080506465001684,1.146353651921893,-0.9094305440401064,157
0.7145621619603935,1.2237146831919816,0.9342475233367225,1.5278780534934129,1.7435090073319588,507
-0.6039675876954046,0.1728146690003943,-1.2846857029821384,1.5278780534934129,-1.0273389685455314,121
-1.2747985129588808,0.8734146784614526,-0.8248753640903179,1.5278780534934129,-0.5753566746080685,189
1.57276310428022,-0.1774853357301348,1.31045598243003,1.5278780534934129,-0.0705612321942172,535
1.1309399776411715,1.5740146879225108,0.683441883941184,0.3833048487788537,0.0878782132349477,451
-1.4922402611477317,1.5740146879225108,0.6695082373080985,1.146353651921893,-0.0963537000547789,413
-0.7150016718769455,-1.5786853546522512,1.547327975192483,0.3833048487788537,-0.2425110179312955,528
1.642159406893683,1.5740146879225108,-0.2640460871086278,-1.5243171590787452,-0.8603020338295125,306
-0.0858085281815471,-1.228385349921722,1.31045598243003,0.7648292503503734,-0.8836380761795446,494
1.3391288854815608,0.8734146784614526,0.7078257655490836,0.3833048487788537,0.1935045101877244,455
-0.3934654697679,0.5231146737309235,0.2480154266572631,-1.1427927575072254,0.0903346387454774,363
1.3969591376594468,-0.1774853357301348,-1.5598752239855764,0.0017804472073339,-1.091206031819303,104
-0.0279782760036612,1.2237146831919816,0.2340817800241776,0.3833048487788537,-0.7743271409609734,356
-0.9116245292817574,-0.1774853357301348,0.7322096471569831,0.7648292503503734,0.2954461688747065,425
-0.7034356214413683,-0.8780853451911931,-1.633026868809275,0.7648292503503734,1.7533347093740776,108
-0.5577033859530959,-1.5786853546522512,1.3034891591134874,-1.5243171590787452,-1.102259946616687,481
-1.540817672977156,-1.5786853546522512,-0.4800176099214526,0.3833048487788537,-1.4473877308461085,207
1.1101210868571327,-0.1774853357301348,-0.8179085407737753,1.146353651921893,1.4929536052579304,249
0.5989016576046217,0.1728146690003943,-0.9363445371550018,1.146353651921893,-0.5200871006211505,194
-0.409657940377708,-0.1774853357301348,0.5615224759016861,-0.3797439543641858,-1.022426117524472,386
0.5595770861236593,1.2237146831919816,-1.650443927100632,-1.5243171590787452,0.7879594837359094,118
1.297491103913483,0.5231146737309235,0.2305983683659062,0.7648292503503734,-0.9978618624191752,365
-1.3280023449625358,-0.8780853451911931,1.5682284451421111,1.146353651921893,-0.4181454419341683,524
-1.5593233536740794,-0.8780853451911931,0.4570201261535451,1.146353651921893,-0.9622436925164948,353
0.5387581953396203,-0.5277853404606639,1.1467356344912758,0.7648292503503734,0.7879594837359094,510
0.4855543633359653,-0.5277853404606639,-0.8179085407737753,-1.5243171590787452,-1.2103426690799934,194
-0.1482652005336638,-1.5786853546522512,-1.6678609853919888,1.5278780534934129,-1.3675539017538936,56
-0.8746131678879105,0.8734146784614526,1.111901517908562,-0.7612683559357056,-1.535819049225177,456
1.2396608517355971,-1.228385349921722,-1.650443927100632,-1.1427927575072254,0.6024993576909178,110
-1.7559462110788913,1.2237146831919816,0.0424941388192524,0.3833048487788537,-0.4242865057104926,312
-0.7103752517027146,-1.5786853546522512,0.446569891178731,-1.5243171590787452,-0.8480199062768641,360
-0.6872431508315603,-0.8780853451911931,0.1365462535925793,-1.1427927575072254,0.0817371494586235,335
-0.6710506802217522,1.2237146831919816,0.1121623719846797,-1.5243171590787452,-0.0128352326967695,342
-1.2909909835686888,-0.8780853451911931,-1.1209653550433842,-0.7612683559357056,1.742280794576694,174
-0.8861792183234877,-1.228385349921722,1.5264275052428549,-1.1427927575072254,0.5717940388092967,538
0.4045920102869251,0.5231146737309235,-0.9189274788636448,-1.1427927575072254,-0.6687008440081967,193
-0.9925868823307976,-1.5786853546522512,-1.4275055809712645,-1.5243171590787452,-1.704084196696461,73
-1.207715420432533,-0.5277853404606639,1.6448635016240811,0.3833048487788537,-0.2351417413997064,542
1.3969591376594468,-1.5786853546522512,-1.601676163884833,-1.5243171590787452,-0.4783278669421458,99
1.3576345661784843,-1.228385349921722,1.2651716308725025,-0.7612683559357056,-0.984351522111262,504
0.478614733074619,1.2237146831919816,-1.309069584590038,0.0017804472073339,-1.0285671813007964,137
0.1709577914882661,1.2237146831919816,-1.1697331182591832,-0.3797439543641858,0.3642260831695378,175
-0.1274463097496249,0.1728146690003943,-1.4484060509208927,1.5278780534934129,1.020091694480965,137
1.2419740618227126,0.1728146690003943,-0.7168896026839056,-0.3797439543641858,-0.3112909322261268,237
-0.7196280920511764,0.8734146784614526,0.3525177764054041,1.146353651921893,0.8174365898622656,388
-0.1482652005336638,1.2237146831919816,1.2094370443401603,-1.1427927575072254,1.0986973108179152,524
-1.191522949822725,0.1728146690003943,1.1153849295668334,1.5278780534934129,0.6160096979988311,484
0.7608263637027021,0.1728146690003943,-0.2048280889180146,-0.7612683559357056,-0.4402532715289355,302
1.6652915077648371,-1.5786853546522512,-0.7795910125327902,-1.5243171590787452,1.5457667537343187,254
0.8741736579713585,0.5231146737309235,0.6486077673584704,-1.1427927575072254,-1.6930302818990774,408
-0.2060954527115497,1.5740146879225108,0.8123281152972246,1.5278780534934129,0.6368893148383334,462
-0.4952467136009791,0.1728146690003943,-0.6820554861011919,1.146353651921893,-0.7448500348346171,213
0.8001509351836645,-1.228385349921722,0.6938921189159981,0.7648292503503734,-1.7802333875228815,402
-1.4922402611477317,0.8734146784614526,1.5055270352932266,0.0017804472073339,-0.230228890378647,526
-1.13831911781907,-0.8780853451911931,-0.5740697246947796,0.0017804472073339,0.4035288913380129,232
-0.2338539737569349,-0.5277853404606639,0.0146268455530815,1.5278780534934129,1.5322564134264054,350
0.7747056242253947,-0.1774853357301348,0.0320439038444383,0.7648292503503734,-1.4707237731961404,318
-0.9278169998915656,1.5740146879225108,-0.009757036054818,0.3833048487788537,-1.4756366242172,300
-1.0619831849442607,1.2237146831919816,-0.0620082109288885,-1.5243171590787452,0.4280931464433098,319
1.0245323136338618,-0.8780853451911931,-0.1978612656014718,-1.1427927575072254,0.9439425036545448,323
0.9042453891038592,-0.1774853357301348,-0.2605626754503565,-0.7612683559357056,-0.6564187164555483,291
0.1154407493974957,0.1728146690003943,-1.6817946320250745,0.3833048487788537,0.2352637438667291,93
-1.2308475213036876,-0.5277853404606639,-0.7377900726335338,-0.3797439543641858,-1.6684660267937803,176
-0.7843979744904085,-1.5786853546522512,-0.5566526664034227,-1.5243171590787452,-0.7841528430030922,216
-0.627099688566559,1.5740146879225108,-1.2010838231836256,-1.1427927575072254,-1.1464756058062215,138
0.5873356071690445,-0.5277853404606639,-1.5494249890107623,-0.3797439543641858,-0.4279711439762871,103
-1.5662629839354256,-0.8780853451911931,-0.4730507866049099,-0.7612683559357056,-1.094890670085098,217
0.7677659939640484,-1.5786853546522512,-1.309069584590038,1.5278780534934129,-0.6404519506371054,131
0.2010295226207668,0.8734146784614526,1.6727307948902523,-0.7612683559357056,-0.7092318649319366,564
-0.462861772381363,1.2237146831919816,-0.0202072710296321,-1.1427927575072254,0.647943229635717,336
1.052290834679247,-1.228385349921722,-1.0478137102196854,0.7648292503503734,0.8972704189544806,199
-0.8098432854486783,-1.5786853546522512,-0.2431456171589996,1.5278780534934129,0.7056692291331648,286
-1.1198134371221466,-0.8780853451911931,0.7252428238404404,0.0017804472073339,-1.2680686685774412,392
0.0876822283521105,1.2237146831919816,-0.5671029013782368,1.146353651921893,-1.6365324951568947,228
-1.7513197909046605,1.2237146831919816,-0.4695673749466385,1.146353651921893,-1.7556691324175846,217
1.244287271909828,1.5740146879225108,0.711309177207355,-1.1427927575072254,0.2106994887614322,458
1.6930500288102224,0.1728146690003943,1.5333943285593976,1.146353651921893,0.8420008449675626,585
1.6190273060225286,-0.8780853451911931,-1.5145908724280486,0.0017804472073339,-0.9253973098585492,112
0.1617049511398044,0.8734146784614526,-0.4486669049970103,-0.7612683559357056,-0.5790413128738631,261
-0.8769263779750259,0.1728146690003943,1.0387498730848634,-0.3797439543641858,0.5288065923750271,475
1.3090571543490603,1.5740146879225108,1.4463090371026135,-1.5243171590787452,-1.1169984996798652,543
0.159391741052689,-0.5277853404606639,1.728465381422594,-0.7612683559357056,0.799013398533293,588
0.982894532065784,0.8734146784614526,0.5650058875599575,-0.7612683559357056,1.361534840444592,449
0.2611729848857681,1.2237146831919816,0.0877784903767802,-1.5243171590787452,-0.6601033547213428,340
-1.2146550506938794,1.2237146831919816,0.34206754143059,0.3833048487788537,0.7855030582253797,381
1.4062119780079083,-0.8780853451911931,0.5197215360024298,-0.3797439543641858,-0.587638802160717,406
1.4108383981821393,1.2237146831919816,0.209697898416278,0.7648292503503734,1.0581662898941753,401
-1.5593233536740794,-0.1774853357301348,-0.9084772438888308,-0.3797439543641858,1.266962458289199,197
1.260479742519636,-1.228385349921722,-1.1314155900181984,0.7648292503503734,0.0596293198638563,176
0.9667020614559758,-0.8780853451911931,0.0842950787185088,0.0017804472073339,0.9144653975281885,363
-1.1984625800840714,1.5740146879225108,1.4010246855450856,1.146353651921893,1.3431116491156194,545
0.4832411532488499,1.2237146831919816,-0.6541881928350209,-0.3797439543641858,-0.4979792710263833,239
0.6682979602180847,1.5740146879225108,1.6100293850413676,0.0017804472073339,0.8137519515964712,590
0.441603371680772,-0.8780853451911931,0.369934834696761,1.146353651921893,1.195726118483838,402
1.5982084152384897,-0.8780853451911931,1.0492001080596776,0.0017804472073339,0.2131559142719619,498
1.7046160792457996,1.5740146879225108,0.1957642517831926,-0.7612683559357056,-1.568980793617328,362
-0.8815527981492568,0.1728146690003943,-0.5775531363530509,0.3833048487788537,1.3910119465709485,258
-1.744380160643314,-1.228385349921722,0.1644135468587503,-0.3797439543641858,-0.2867266771208299,317
-0.6710506802217522,0.1728146690003943,1.4706929187105129,-1.1427927575072254,-1.6991713456754016,504
0.4554826322034647,1.2237146831919816,1.623963031674453,1.146353651921893,1.7238576032477213,602
1.2257815912129046,-0.8780853451911931,-1.3717709944389227,1.146353651921893,-0.9389076501664626,127
-0.4374164614230932,-0.1774853357301348,0.3176836598226905,1.146353651921893,1.7643886241714613,396
1.063856885114824,1.2237146831919816,-0.3755152601733116,1.5278780534934129,1.1613361613364224,314
0.462422262464811,-0.5277853404606639,1.0944844596172054,-0.7612683559357056,-1.7212791752701688,460
0.5017468339457734,1.5740146879225108,-0.3720318485150402,-0.3797439543641858,0.1836788081456056,293
-1.536191252802925,-1.228385349921722,0.5824229458513144,-0.3797439543641858,0.98078888631249,401
0.5919620273432754,0.5231146737309235,-0.4451834933387389,-0.7612683559357056,0.4379188484854285,282
-1.7166216395979288,-1.228385349921722,-1.5320079307194054,-1.1427927575072254,-1.070326414979801,61
0.1339464300944192,-1.5786853546522512,-0.7656573658997047,0.7648292503503734,-0.4513071863263191,204
0.1778974217496124,0.1728146690003943,-0.5810365480113223,1.5278780534934129,1.4131197761657155,271
-0.1713973014048182,-0.8780853451911931,-1.4658231092122496,-1.1427927575072254,-1.744615217620201,82
1.0245323136338618,-0.5277853404606639,1.2825886891638592,-1.1427927575072254,0.2647408499930854,526
0.3652674388059627,0.8734146784614526,0.3664514230384896,-1.1427927575072254,0.1824505953903408,393
-1.7397537404690833,0.1728146690003943,1.669247383231981,1.146353651921893,0.4059853168485426,553
1.4732950705342562,-0.8780853451911931,0.4221860095708314,0.7648292503503734,0.220525190803551,407
0.2334144638403829,0.5231146737309235,-0.967695242079444,-0.3797439543641858,-0.7681860771846492,183
1.200336280254635,-0.1774853357301348,-1.1348990016764695,0.3833048487788537,-0.8676713103611017,166
1.3923327174852158,-1.5786853546522512,0.9168304650453656,-1.5243171590787452,-0.9082023312848416,454
-0.4790542429911711,-1.228385349921722,-1.0478137102196854,1.146353651921893,-0.9696129690480838,149
1.084675775898863,-0.5277853404606639,-0.8144251291155039,0.3833048487788537,0.046118979555943,223
0.5757695567334673,1.5740146879225108,-0.6402545462019356,0.3833048487788537,1.5383974772027298,278
-0.4651749824684785,-0.8780853451911931,-1.3160364079065807,0.7648292503503734,-0.9180280333269604,113
1.22809480130002,-0.1774853357301348,-1.7026951019747023,0.3833048487788537,1.4929536052579304,123
0.8047773553578954,-0.5277853404606639,1.1502190461495472,1.5278780534934129,-0.4795560796974106,493
0.2357276739274983,-0.8780853451911931,-1.657410750417175,1.146353651921893,0.6049557832014475,98
-1.658791387420043,-1.228385349921722,-0.5218185498207091,-0.7612683559357056,1.1699336506232765,244
-0.5044995539494409,-0.5277853404606639,-0.0341409176627176,-0.3797439543641858,-0.4500789735710543,306
-1.286364563394458,1.2237146831919816,0.7426598821317972,-1.5243171590787452,-0.3198884215129807,419
-1.0481039244215682,1.2237146831919816,0.4361196562039169,1.146353651921893,-1.1292806272325135,366
-1.3673269164434982,-0.5277853404606639,0.5893897691678571,-0.3797439543641858,0.0399779157796188,392
-0.5854619069984811,-0.8780853451911931,-1.0478137102196854,-0.3797439543641858,-1.2250812221431715,145
1.4362837091404093,-0.8780853451911931,-1.4205387576547217,1.146353651921893,-0.080386934236336,137
-0.9856472520694514,0.8734146784614526,1.6065459733830962,1.5278780534934129,-1.102259946616687,533
0.4184712708096177,-0.5277853404606639,-0.6158706645940359,0.0017804472073339,-1.081380329777185,224
-0.627099688566559,0.5231146737309235,1.4463090371026135,0.3833048487788537,0.7842748454701148,543
-0.0603632172232773,-1.228385349921722,0.6486077673584704,1.146353651921893,-0.6306262485949865,403
-0.0557367970490464,0.8734146784614526,1.195503397707075,-0.7612683559357056,-0.9155716078164304,489
-1.0434775042473372,0.5231146737309235,-0.511368314845895,0.7648292503503734,-0.3898965485630769,238
-0.2546728645409739,1.2237146831919816,0.2619490732903485,0.0017804472073339,-1.6193375165831867,343
0.1640181612269198,0.1728146690003943,-1.4762733441870637,-0.7612683559357056,0.0154136606743219,119
0.2958711361924996,1.5740146879225108,-0.3546147902236834,1.146353651921893,1.1822157781759246,310
1.1401928179896337,-0.8780853451911931,1.669247383231981,1.5278780534934129,0.1971891484535189,581
-0.1482652005336638,-0.5277853404606639,0.1609301352004789,-0.3797439543641858,-1.5738936446383875,321
0.9019321790167436,1.5740146879225108,-0.95724500710463,-0.7612683559357056,-0.6367673123713108,201
-0.7034356214413683,0.5231146737309235,-0.4660839632883671,0.7648292503503734,-0.7718707154504437,243
-1.4760477905379237,1.5740146879225108,-0.4835010215797239,-1.5243171590787452,0.5226655285987029,257
0.6289733887371223,1.5740146879225108,-1.7026951019747023,0.7648292503503734,-0.7939785450452109,88
-0.0881217382686625,-0.8780853451911931,-0.7517237192666193,-0.7612683559357056,-0.4574482501026434,206
-0.1390123601852021,-0.5277853404606639,0.6381575323836562,0.7648292503503734,-1.2828072216406192,394
-0.4304768311617469,0.8734146784614526,-0.2292119705259142,1.5278780534934129,-0.6122030572660139,285
-0.0603632172232773,0.8734146784614526,0.9621148166028932,0.0017804472073339,1.406978712389391,493
0.7723924141382793,0.8734146784614526,1.5229440935845835,0.7648292503503734,0.4256367209327801,569
-1.4390364291440767,0.5231146737309235,0.6869252955994554,-0.3797439543641858,-0.7202857797293203,399
0.8001509351836645,0.5231146737309235,-1.3822212294137368,-0.7612683559357056,0.9144653975281885,158
0.5086864642071197,1.2237146831919816,-0.7517237192666193,0.7648292503503734,1.5248871368948165,259
-0.1690840913177028,-1.228385349921722,0.3211670714809618,-1.5243171590787452,-1.0666417767140066,347
-0.3125031167188598,-0.1774853357301348,-1.3926714643885507,1.5278780534934129,-0.0312584240257422,123
0.7238150023088552,-0.8780853451911931,-1.36480417112238,1.146353651921893,0.4809062949196981,145
0.4138448506353868,0.1728146690003943,-1.204567234841897,0.7648292503503734,1.679641944058187,189
-0.9231905797173346,-1.228385349921722,-1.5076240491115058,0.3833048487788537,-1.3663256889986286,71
0.9343171202363596,1.2237146831919816,0.4221860095708314,-1.5243171590787452,-0.7927503322899461,394
0.6359130189984686,-1.228385349921722,-1.1906335882088117,1.146353651921893,-0.4156890164236387,152
-0.6109072179567508,0.1728146690003943,1.212920455998432,-0.3797439543641858,-1.498972666567232,471
0.7238150023088552,1.2237146831919816,-0.978145477054258,-1.5243171590787452,0.6528560806567765,214
-1.4853006308863854,0.8734146784614526,1.4463090371026135,0.3833048487788537,-0.5839541638949224,512
-0.3379484276771295,-0.1774853357301348,0.0285604921861669,1.5278780534934129,-0.3248012725340402,322
-1.5061195216704242,-1.5786853546522512,0.2445320149989917,-1.5243171590787452,1.0888716087757964,352
-1.5847686646323491,0.1728146690003943,-1.2672686446907817,0.3833048487788537,1.765616836926726,155
-1.5870818747194646,-1.228385349921722,-1.0478137102196854,-1.1427927575072254,0.2745665520352042,154
-0.8422282266682944,-0.8780853451911931,1.6169962083579104,1.5278780534934129,1.2755599475760528,565
0.0738029678294178,0.8734146784614526,-1.678311220366803,-1.5243171590787452,-0.103722976586368,91
0.3606410186317318,-0.8780853451911931,0.9934655215273356,0.0017804472073339,0.172624893348222,473
0.3351957076734621,1.5740146879225108,0.1539633118839362,-0.7612683559357056,1.0741330557126183,381
-0.2084086627986651,1.5740146879225108,-0.7621739542414334,-0.3797439543641858,1.4511943715789255,249
-0.9162509494559884,0.1728146690003943,-0.7482403076083479,-1.5243171590787452,0.4403752739959582,217
1.6976764489844534,-0.5277853404606639,-1.012979593636972,-1.1427927575072254,-0.642908376147635,191
0.4462297918550029,-0.8780853451911931,0.7322096471569831,-1.5243171590787452,-1.634076069646365,407
-0.0765556878330853,1.2237146831919816,0.3351007181140473,-1.1427927575072254,-0.5532488450133013,373
1.3391288854815608,0.8734146784614526,1.1502190461495472,-1.1427927575072254,-1.427736326761871,492
1.3044307341748294,-0.5277853404606639,-0.8980270089140167,0.0017804472073339,-1.1919194777510207,194
-0.2893710158477054,1.5740146879225108,0.9934655215273356,0.0017804472073339,0.2733383392799393,480
1.1170607171184792,1.5740146879225108,0.6068068274592139,1.5278780534934129,1.2804727985971125,460
-1.191522949822725,-1.228385349921722,-0.7552071309248907,0.3833048487788537,-1.6402171334226892,171
-1.7027423790752363,0.5231146737309235,-0.8945435972557453,-0.7612683559357056,-0.8934637782216633,166
1.318309994697522,0.8734146784614526,0.6381575323836562,1.146353651921893,0.4600266780801958,450
-0.8792395880621414,0.5231146737309235,-1.145349236651284,1.146353651921893,-1.307371476745916,134
-0.2315407636698195,0.5231146737309235,-1.4727899325287923,1.146353651921893,-0.6441365889028998,106
0.9852077421528992,0.5231146737309235,0.8123281152972246,1.146353651921893,-0.2363699541549713,457
-1.207715420432533,-0.8780853451911931,1.0735839896675772,0.0017804472073339,1.2608213945128748,482
-1.7628858413402375,-1.5786853546522512,0.9063802300705516,0.3833048487788537,-0.4599046756131731,419
0.5295053549911586,1.2237146831919816,-0.3232640852992411,0.7648292503503734,-1.7667230472149682,267
1.211902330690212,-0.8780853451911931,-0.8179085407737753,-0.7612683559357056,1.156423310315363,240
-0.5137523942979026,-0.8780853451911931,1.0596503430344917,-1.5243171590787452,-0.1884696566996423,465
-0.4304768311617469,-1.5786853546522512,0.4570201261535451,-1.1427927575072254,-1.4694955604408757,355
-0.1297595198367404,-0.1774853357301348,0.74962670544834,-0.7612683559357056,-1.7323330900675524,405
0.6405394391726995,0.8734146784614526,1.3034891591134874,-1.5243171590787452,1.2239750118549293,548
-0.696495991180022,-1.228385349921722,1.028299638110049,-0.7612683559357056,1.528571775160611,484
-1.4714213703636927,-1.5786853546522512,0.2793661315817054,1.146353651921893,1.1355436934758605,359
-0.28705780576059,-1.228385349921722,-0.9084772438888308,0.7648292503503734,1.7533347093740776,216
-0.6155336381309817,0.8734146784614526,-1.0094961819787005,1.5278780534934129,1.1490540337837738,199
-0.9347566301529118,-0.1774853357301348,-0.6367711345436642,-1.5243171590787452,-1.5333626237146476,198
0.3791466993286553,-0.1774853357301348,-0.978145477054258,0.3833048487788537,0.101388553542861,193
1.4131516082692548,-1.5786853546522512,-0.9224108905219164,0.7648292503503734,0.5791633153408857,215
-1.6449121268973503,0.5231146737309235,0.815811526955496,0.7648292503503734,1.2780163730865826,448
1.702302869158684,-0.5277853404606639,1.679697618206795,0.0017804472073339,-1.7384741538438768,560
-0.5692694363886731,-0.8780853451911931,-0.9049938322305594,-1.5243171590787452,0.2708819137694097,190
0.999087002675592,1.2237146831919816,-0.6089038412774932,-1.5243171590787452,1.2129210970575457,280
-0.8861792183234877,1.5740146879225108,-1.6643775737337174,0.3833048487788537,0.8727061638491838,101
-0.7843979744904085,-0.1774853357301348,1.5299109169011262,-1.5243171590787452,-0.0840715725021305,535
-0.8722999578007951,0.5231146737309235,-1.2185008814749825,-0.3797439543641858,0.4194956571564559,152
-1.5986479251550416,1.2237146831919816,1.6030625617248249,1.5278780534934129,-1.3503589231801858,523
-0.7682055038806005,-1.228385349921722,-0.7377900726335338,-0.3797439543641858,-0.7313396945267039,193
-1.2632324625233036,0.5231146737309235,1.0944844596172054,-1.1427927575072254,0.3679107214353324,477
0.7885848847480873,-0.8780853451911931,-0.9885957120290724,-0.3797439543641858,1.0274609710125542,208
-0.4698014026427093,1.5740146879225108,-1.451889462579164,-1.1427927575072254,1.7005215608976891,150
0.2796786655826916,-1.228385349921722,-0.3685484368567688,-0.3797439543641858,1.701749773652954,299
-1.297930613830035,1.2237146831919816,1.327873040721387,0.0017804472073339,-1.3024586257248567,488
-1.1822701094742634,0.5231146737309235,0.7287262354987117,-0.7612683559357056,-0.9327665863901384,405
-1.6240932361133116,-0.8780853451911931,0.1086789603264084,-1.1427927575072254,-0.1737311036364642,314
-0.5507637556917496,1.2237146831919816,0.5754561225347716,0.0017804472073339,1.1023819490837097,428
1.482547910882718,-1.5786853546522512,0.6486077673584704,0.7648292503503734,0.0584011071085914,433
1.1494456583380952,1.2237146831919816,1.5891289150917394,-0.7612683559357056,-1.6930302818990774,550
-1.4482892694925384,-0.1774853357301348,1.5159772702680407,-0.7612683559357056,-1.5100265813646156,501
0.9320039101492444,-1.228385349921722,0.7391764704735259,0.7648292503503734,0.0608575326191211,440
-0.7774583442290622,1.2237146831919816,0.1609301352004789,1.146353651921893,-0.6736136950292562,337
1.3969591376594468,-0.5277853404606639,-0.6750886627846492,-1.1427927575072254,0.7290052714831968,258
-0.8722999578007951,-0.8780853451911931,0.1574467235422075,1.146353651921893,1.3492527128919436,357
-0.7612658736192541,0.8734146784614526,-0.7482403076083479,0.3833048487788537,-0.3825272720314878,210
1.302117524087714,0.8734146784614526,-0.1212262091195018,0.0017804472073339,0.3175539984694738,338
-0.1829633518403954,0.1728146690003943,-0.5671029013782368,0.7648292503503734,-0.618344121042338,235
-1.4853006308863854,1.2237146831919816,-1.1557994716260978,1.5278780534934129,0.4440599122617528,158
-1.6287196562875423,-0.1774853357301348,0.9760484632359788,1.5278780534934129,-0.8013478215768,433
0.1408860603557655,-0.8780853451911931,1.5612616218255686,1.5278780534934129,1.7594757731504018,578
1.3553213560913688,-0.8780853451911931,0.1504799002256648,-0.3797439543641858,-0.158992550573286,360
1.0407247842436698,-1.5786853546522512,0.7356930588152545,0.3833048487788537,0.4096699551143371,445
1.1101210868571327,0.5231146737309235,-1.479756755845335,1.5278780534934129,-0.9389076501664626,118
-1.4112779080986917,0.1728146690003943,-1.012979593636972,1.146353651921893,-0.0116070199415046,165
0.6983696913505854,0.8734146784614526,1.4741763303687845,0.7648292503503734,-0.7902939067794164,541
1.4663554402729098,-1.228385349921722,0.9342475233367225,1.146353651921893,-1.5886321977015656,449
0.9042453891038592,-0.8780853451911931,-1.1035482967520274,-1.1427927575072254,-0.6281698230844569,166
0.0067198753030702,0.5231146737309235,0.3211670714809618,0.7648292503503734,1.1269462041890066,396
-0.8098432854486783,-0.8780853451911931,1.6901478531816092,-0.3797439543641858,-0.9315383736348736,540
0.0044066652159548,-1.5786853546522512,1.2268541026315174,-0.7612683559357056,0.7855030582253797,508
0.7238150023088552,-1.228385349921722,1.4706929187105129,0.3833048487788537,-0.8455634807663345,528
-0.4327900412488624,-0.1774853357301348,0.1121623719846797,-0.3797439543641858,0.9169218230387182,352
1.1355663978154027,-1.228385349921722,1.0979678712754768,0.0017804472073339,0.7621670158753476,506
0.4045920102869251,1.5740146879225108,-1.4658231092122496,-1.5243171590787452,-1.6500428354648078,105
1.4362837091404093,-0.1774853357301348,1.3905744505702715,0.3833048487788537,-0.8996048419979876,531
1.1471324482509797,1.2237146831919816,-0.0933589158533308,0.7648292503503734,-0.1295154444469298,335
-1.7143084295108135,-0.5277853404606639,-0.7377900726335338,1.5278780534934129,1.750878283863548,226
-1.392772227401768,1.5740146879225108,-1.0373634752448713,0.7648292503503734,0.2979025943852362,175
1.690736818723107,-0.8780853451911931,-0.995562535345615,-0.3797439543641858,1.5813849236369992,228
-1.67035743785562,0.5231146737309235,0.3490343647471328,-1.5243171590787452,0.450200976038077,366
0.9667020614559758,-1.228385349921722,1.1537024578078183,1.5278780534934129,-0.7104600776872014,488
0.9643888513688604,-1.5786853546522512,-1.072197591827585,1.5278780534934129,0.8051544623096172,191
-0.9949000924179132,-0.8780853451911931,0.5928731808261285,0.7648292503503734,0.1677120423271627,398
1.4501629696631018,-0.1774853357301348,-0.4207996117308394,-0.3797439543641858,0.9328885888571612,301
-0.4443560916844395,-0.1774853357301348,-0.5392356081120658,1.5278780534934129,0.7523413138332289,257
0.781645254486741,-1.5786853546522512,1.2373043376063313,0.7648292503503734,0.5803915280961506,516
1.0499776245921315,-1.228385349921722,1.481143153685327,-1.1427927575072254,0.9709631842703712,563
-0.000219754958276,-0.5277853404606639,0.5650058875599575,1.5278780534934129,-0.6146594827765436,397
1.6167140959354132,-0.8780853451911931,0.5023044777110729,1.5278780534934129,-0.8701277358716313,402
1.269732582868098,-0.8780853451911931,-0.9711786537377154,-0.3797439543641858,0.2377201693772588,204
1.346068515742907,-0.1774853357301348,1.1084181062502907,-0.3797439543641858,-0.7030908011556124,492
-0.6641110499604059,0.8734146784614526,-1.298619349615224,0.0017804472073339,1.1220333531679472,156
1.6676047178519526,0.5231146737309235,-1.3926714643885507,-1.5243171590787452,-1.0838367552877144,135
1.1980230701675194,-1.228385349921722,0.7635603520814255,-0.3797439543641858,-0.0202045092283585,446
0.5803959769076982,0.5231146737309235,-1.2846857029821384,-1.1427927575072254,0.9992120776414628,170
1.2951778938263676,1.5740146879225108,0.4152191862542887,0.3833048487788537,-0.8087170981083891,400
1.2049627004288657,-0.5277853404606639,0.7147925888656264,1.146353651921893,-0.2572495709944736,439
0.0876822283521105,-1.5786853546522512,1.56474503348384,1.5278780534934129,-0.7129165031977311,534
1.5635102639317582,-0.1774853357301348,0.7252428238404404,0.0017804472073339,-0.1147768913837516,450
1.2836118433907904,-0.1774853357301348,0.854129055196481,0.0017804472073339,-0.1614489760838157,464
1.3067439442619448,0.8734146784614526,-1.2185008814749825,0.3833048487788537,-0.1098640403626922,173
1.2998043140005986,-1.228385349921722,-0.7761076008745188,0.0017804472073339,-0.9462769266980516,211
-0.8954320586719494,1.2237146831919816,-1.5598752239855764,-0.7612683559357056,-0.436568633263141,92
-0.909311319194642,-0.1774853357301348,1.0596503430344917,0.7648292503503734,0.9955274393756682,484
-1.5061195216704242,-0.5277853404606639,-1.0826478268023991,-1.1427927575072254,1.479443264950017,174
-1.56394977384831,-1.5786853546522512,-0.0933589158533308,0.7648292503503734,-1.1427909675404269,267
0.2565465647115372,-1.5786853546522512,0.986498698210793,-1.5243171590787452,0.4366906357301637,471
-0.1899029821017417,0.5231146737309235,-1.7026951019747023,0.7648292503503734,-0.6171159082870733,74
1.297491103913483,-0.1774853357301348,-0.4068659650977539,-1.5243171590787452,0.6811049740278678,296
-1.0596699748571452,0.1728146690003943,1.1746029277574468,1.146353651921893,-0.2093492735391447,481
-0.0117858053938532,1.5740146879225108,0.2689158966068913,-0.3797439543641858,0.6467150168804522,386
1.068483305289055,0.8734146784614526,-0.5705863130365082,-0.3797439543641858,0.8297187174149141,278
-1.3742665467048445,-0.8780853451911931,-0.1734773839935723,1.146353651921893,-1.4044002844118388,258
-1.7258744799463903,-0.1774853357301348,-1.3160364079065807,1.146353651921893,-0.5839541638949224,107
-0.1713973014048182,0.5231146737309235,-1.3857046410720082,-1.5243171590787452,-1.2950893491932678,108
1.1170607171184792,-1.228385349921722,1.4114749205198998,0.3833048487788537,-0.8541609700531884,524
1.4894875411440642,0.1728146690003943,0.711309177207355,-1.5243171590787452,0.5582836985013834,459
-1.3973986475759987,0.1728146690003943,0.4152191862542887,0.7648292503503734,0.1063014045639204,372
-1.207715420432533,1.5740146879225108,-0.7099227793673628,-0.7612683559357056,1.0557098643836456,237
0.9875209522400148,1.5740146879225108,-0.0202072710296321,-0.7612683559357056,-1.1624423716246644,328
-1.3048702440913815,-1.228385349921722,-1.6156098105179184,0.0017804472073339,0.5423169326829405,81
-0.9902736722436822,1.5740146879225108,0.6729916489663699,0.3833048487788537,0.0522600433322672,422
-1.4691081602765774,1.2237146831919816,0.039010727160981,-1.5243171590787452,-0.0177480837178289,321
1.0407247842436698,0.1728146690003943,1.139768811174733,1.146353651921893,-0.310062719470862,501
-0.6386657390021361,-1.228385349921722,1.6553137365988957,0.0017804472073339,-0.8590738210742477,536
0.6544186996953921,0.1728146690003943,1.327873040721387,1.146353651921893,-1.0519032236508283,511
-1.7166216395979288,-0.1774853357301348,0.8854797601209233,1.5278780534934129,-0.3948093995841363,426
-0.2315407636698195,1.5740146879225108,-1.3404202895144803,0.0017804472073339,-1.3736949655302175,119
1.4316572889661785,-1.228385349921722,-0.1281930324360445,0.7648292503503734,-1.7249638135359635,293
-0.9856472520694514,-1.5786853546522512,-0.3615816135402261,1.5278780534934129,1.5973516894554425,281
-1.7096820093365823,-1.228385349921722,0.2967831898730622,-1.1427927575072254,0.5423169326829405,350
0.4230976909838486,-0.5277853404606639,0.2305983683659062,-0.3797439543641858,0.1591145530403087,366
-1.5940215049808109,0.8734146784614526,0.0564277854523379,0.7648292503503734,-0.0214327219836234,320
-1.3488212357465748,0.8734146784614526,-0.6681218394681064,1.146353651921893,-1.3196536042985645,198
-1.6726706479427356,-0.8780853451911931,-1.2533349980576962,0.0017804472073339,1.4204890526973046,145
-0.1112538391398169,-1.5786853546522512,1.2686550425307737,-0.7612683559357056,1.163792586846952,518
-0.1251330996625095,-0.8780853451911931,0.7217594121821691,1.146353651921893,1.384870882794624,448
-0.2847445956734745,-1.5786853546522512,-1.0687141801693136,1.5278780534934129,-1.43510560329346,139
-1.56394977384831,1.5740146879225108,-1.4623396975539782,0.0017804472073339,-0.103722976586368,105
-0.0881217382686625,-1.5786853546522512,0.0877784903767802,1.146353651921893,-1.4301927522724007,308
1.1401928179896337,-0.1774853357301348,1.0596503430344917,-1.5243171590787452,1.615774880784415,520
-1.4228439585342687,1.2237146831919816,-0.0236906826879035,-0.7612683559357056,1.0336020347888784,330
-1.0134057731148367,-0.5277853404606639,-1.2777188796655956,1.5278780534934129,-0.4120043781578441,122
0.585022397081929,-0.5277853404606639,1.5264275052428549,1.146353651921893,-1.3687821145091583,530
0.9389435404105906,-0.5277853404606639,1.5055270352932266,0.3833048487788537,-1.4007156461460444,531
-1.3858325971404215,0.1728146690003943,-0.3580982018819548,1.146353651921893,0.2463176586641127,264
-1.2215946809552258,-1.228385349921722,1.728465381422594,-1.5243171590787452,-1.1317370527430433,535
0.2958711361924996,0.1728146690003943,0.5475888292686006,1.146353651921893,0.5202091030881731,420
-1.207715420432533,0.1728146690003943,0.380385069671575,1.5278780534934129,-0.6551905037002834,358
-1.4968666813219624,-1.5786853546522512,-1.6295434571510037,0.3833048487788537,-0.8553891828084532,52
-0.3009370662832826,-0.8780853451911931,-1.260301821374239,0.0017804472073339,1.663675178239744,165
0.7793320443996256,0.5231146737309235,-1.3404202895144803,0.0017804472073339,-0.9425922884322572,133
1.1101210868571327,-0.5277853404606639,0.986498698210793,-1.1427927575072254,1.362763053199857,503
-1.408964698011576,-0.1774853357301348,-0.4242830233891107,1.5278780534934129,0.2021019994745783,252
-0.839915016581179,-0.8780853451911931,-0.9607284187629012,0.3833048487788537,-0.1896978694549072,171
0.978268111891553,-1.5786853546522512,-1.1523160599678264,0.7648292503503734,-1.4252799012513413,143
-1.4159043282729222,-1.228385349921722,0.380385069671575,0.7648292503503734,-0.3984940378499308,351
-0.1228198895753941,-1.228385349921722,0.4187025979125601,-1.1427927575072254,0.1419195744666009,382
-0.6386657390021361,-0.5277853404606639,-0.1665105606770295,-1.5243171590787452,-1.6991713456754016,265
0.9736416917173222,0.1728146690003943,-0.4103493767560253,-1.1427927575072254,-0.5606181215448904,273
0.0784293880036487,0.8734146784614526,0.6660248256498271,-0.7612683559357056,1.6894676461003055,457
-0.5253184447334798,1.5740146879225108,-0.4451834933387389,0.7648292503503734,0.5631965495224428,276
-0.1737105114919336,-1.228385349921722,-1.145349236651284,-1.5243171590787452,-0.0852997852573953,153
-1.2933041936558043,0.8734146784614526,0.2340817800241776,-1.5243171590787452,-0.3555065914156612,344
0.1848370520109588,-1.5786853546522512,0.6904087072577267,0.7648292503503734,0.7781337816937907,433
-1.7050555891623518,-1.5786853546522512,-1.3543539361475658,-1.5243171590787452,-1.317197178788035,81
1.105494666682902,1.2237146831919816,-0.1107759741446877,0.0017804472073339,-0.8087170981083891,320
0.7955245150094337,0.1728146690003943,1.56474503348384,-1.5243171590787452,1.1195769276574177,582
0.7284414224830861,0.5231146737309235,0.2236315450493635,-1.5243171590787452,-0.3407680383524831,367
1.0869889859859785,-0.5277853404606639,-1.528524519061134,0.0017804472073339,-1.618109303827922,93
-0.0858085281815471,-0.1774853357301348,1.6831810298650665,1.5278780534934129,1.750878283863548,596
1.0777361456375167,0.8734146784614526,-0.0654916225871599,-0.7612683559357056,1.0065813541730515,354
-0.9763944117209896,-0.5277853404606639,0.1226126069594939,0.3833048487788537,-0.4476225480605246,323
1.350694935917138,0.5231146737309235,1.063133754692763,1.5278780534934129,1.7066626246740135,529
1.1610117087736724,-1.228385349921722,0.8227783502720387,-1.1427927575072254,1.3860990955498889,477
1.1147475070313635,1.5740146879225108,1.3975412738868145,-1.5243171590787452,0.9525399929413988,567
-0.5762090666500194,-0.8780853451911931,-1.3160364079065807,-1.1427927575072254,-0.4513071863263191,119
-1.6680442277685048,0.8734146784614526,-0.0968423275116022,0.0017804472073339,0.7449720373016399,310
0.3490749681961547,-0.5277853404606639,0.303750013189605,0.7648292503503734,0.4477445505275473,381
0.5341317751653895,0.1728146690003943,-0.9607284187629012,1.146353651921893,0.1578863402850439,201
-0.0025329650453914,1.2237146831919816,1.195503397707075,-1.5243171590787452,-1.031023606811326,489
0.5271921449040432,-0.8780853451911931,-0.7273398376587197,1.146353651921893,0.0977039152770665,227
0.7770188343125102,0.5231146737309235,-0.8840933622809312,0.0017804472073339,-1.3540435614459805,192
0.4994336238586579,-0.1774853357301348,0.1992476634414639,-1.5243171590787452,-0.2412828051760306,358
1.0083398430240538,0.1728146690003943,-0.1874110306266578,1.5278780534934129,1.5568206685317023,341
0.5179393045555815,-1.5786853546522512,-0.8039748941406898,-1.1427927575072254,0.3568568066379488,216
0.0229123459128783,1.5740146879225108,1.5229440935845835,-0.3797439543641858,1.2202903735891348,576
1.6120876757611822,0.1728146690003943,-0.2117949122345573,1.146353651921893,-1.307371476745916,299
-0.0279782760036612,-0.1774853357301348,1.3801242155954574,-1.1427927575072254,1.017635268970435,541
1.1887702298190577,1.2237146831919816,-1.545941577352491,-0.3797439543641858,1.1859004164417193,148
0.8996189689296282,-0.5277853404606639,1.481143153685327,1.5278780534934129,1.1932696929733082,569
1.2095891206030964,-1.228385349921722,-0.4068659650977539,0.3833048487788537,1.085186970510002,296
0.6844904308278927,0.5231146737309235,0.9760484632359788,1.5278780534934129,0.2278944673351401,484
-0.3148163268059752,-0.1774853357301348,0.1957642517831926,-1.5243171590787452,1.336970585339295,372
0.9435699605848216,0.8734146784614526,-0.4486669049970103,-0.7612683559357056,0.5705658260540318,290
-1.1984625800840714,-0.5277853404606639,0.5162381243441584,1.146353651921893,1.718944752226662,412
0.941256750497706,-0.5277853404606639,1.2024702210236178,0.7648292503503734,1.3652194787103866,532
-1.503806311583309,-0.8780853451911931,0.4396030678621883,1.5278780534934129,0.6258354000409498,377
-0.0742424777459699,0.5231146737309235,0.8018778803224105,1.146353651921893,-1.4387902415592546,422
-0.4559221421200167,-1.5786853546522512,0.8924465834374661,0.0017804472073339,-1.5714372191278578,416
1.5264989025379112,-0.5277853404606639,-1.5111074607697772,0.3833048487788537,-1.0027747134402345,112
-1.7004291689881208,0.1728146690003943,1.3522569223292864,0.3833048487788537,-0.6650162057424022,490
-0.2384803939311658,1.2237146831919816,-0.4242830233891107,-0.3797439543641858,-1.6598685375069266,244
-0.2361671838440504,0.8734146784614526,1.554294798509026,-1.1427927575072254,-1.0801521170219197,535
1.3090571543490603,0.5231146737309235,-1.2533349980576962,1.5278780534934129,0.2843922540773229,173
-1.466794950189462,0.1728146690003943,-0.8840933622809312,0.0017804472073339,1.107294800104769,201
-0.5253184447334798,1.2237146831919816,-0.8980270089140167,-0.7612683559357056,1.6992933481424244,227
0.212595573056344,-0.8780853451911931,1.5612616218255686,-1.5243171590787452,-1.1759527119325777,530
-1.499179891409078,1.5740146879225108,0.1678969585170216,0.7648292503503734,1.6341980721133875,369
0.7353810527444323,-1.228385349921722,0.5023044777110729,-0.3797439543641858,-1.6819763671016938,375
-0.0117858053938532,-1.228385349921722,-0.995562535345615,0.7648292503503734,0.8272622919043845,192
-1.4228439585342687,-0.5277853404606639,-0.2431456171589996,-1.1427927575072254,0.1517452765087197,274
-0.6456053692634824,-1.228385349921722,-0.8457758340399462,-1.1427927575072254,0.2782511903009987,196
-1.318749504614074,0.5231146737309235,0.5441054176103293,-0.3797439543641858,-1.4645827094198165,368
-1.068922815205607,0.5231146737309235,0.0738448437436947,0.3833048487788537,1.6685880292608033,355
0.6035280777788525,-0.1774853357301348,0.7287262354987117,1.5278780534934129,-0.991720798642851,424
0.4092184304611559,0.8734146784614526,-1.221984293133254,0.0017804472073339,1.1515104592943035,182
0.7492603132671249,-0.5277853404606639,-1.291652526298681,-0.7612683559357056,0.5177526775776435,158
-1.4344100089698455,-0.5277853404606639,1.261688219214231,1.5278780534934129,-0.6957215246240234,477
-1.179956899387148,-0.5277853404606639,0.8227783502720387,0.7648292503503734,0.0387497030243539,429
-0.8376018064940636,0.5231146737309235,1.6483469132823527,1.5278780534934129,-0.0496816153547148,556
-1.2794249331331116,1.5740146879225108,1.1989868093653464,-0.3797439543641858,0.5730222515645615,502
-1.3326287651367668,-1.228385349921722,1.4950768003184125,1.146353651921893,0.7584823776095532,531
-0.28705780576059,0.1728146690003943,1.5926123267500107,-1.1427927575072254,1.3553937766682678,576
-0.1135670492269323,-1.5786853546522512,-1.0373634752448713,1.146353651921893,-0.3026934429392729,164
0.5965884475175063,0.1728146690003943,1.5299109169011262,-0.7612683559357056,0.3212386367352683,561
1.1540720785123262,-1.5786853546522512,-1.7026951019747023,-1.1427927575072254,-0.4623611011237027,82
1.260479742519636,-0.8780853451911931,1.4288919788112566,1.5278780534934129,-0.0361712750468015,544
-1.4182175383600375,-1.228385349921722,1.585645503433468,0.7648292503503734,0.4870473586960224,538
-1.6079007655035034,0.5231146737309235,1.2930389241386733,-0.3797439543641858,-0.6760701205397858,485
0.6474790694340458,-1.228385349921722,-1.6051595755431045,1.5278780534934129,1.4499661588236608,123
1.12168713729271,-1.5786853546522512,-1.451889462579164,-1.1427927575072254,-0.7497628858556765,113
-1.7166216395979288,1.2237146831919816,0.5266883593189725,-0.3797439543641858,-0.952417990474376,373
0.2472937243630755,-1.5786853546522512,-1.1035482967520274,-1.5243171590787452,-0.651505865434489,153
0.8626076075357813,-0.8780853451911931,-0.7134061910256342,1.5278780534934129,-0.8922355654663985,218
1.1355663978154027,-1.5786853546522512,0.1086789603264084,-1.1427927575072254,0.1284092341586876,351
-0.5021863438623254,1.2237146831919816,-1.4100885226799076,-0.7612683559357056,1.7619321986609315,155
-0.2431068141053967,1.5740146879225108,-1.584259105593476,1.5278780534934129,-1.069098202224536,90
-1.4367232190569612,-0.1774853357301348,1.5612616218255686,0.0017804472073339,1.6575341144634197,560
-0.92550378980445,-1.5786853546522512,-0.8492592456982175,-0.3797439543641858,-1.4793212624829943,161
1.1864570197319422,0.8734146784614526,0.1992476634414639,0.7648292503503734,-1.1157702869246002,359
-1.1753304792129171,1.2237146831919816,0.237565191682449,-1.5243171590787452,0.1947327229429892,357
-1.557010143586964,-1.228385349921722,0.0076600222365387,1.5278780534934129,-0.872584161382161,288
-1.4112779080986917,-0.5277853404606639,0.5928731808261285,0.7648292503503734,-1.0199696920139425,375
1.4293440788790628,0.1728146690003943,-1.4762733441870637,1.146353651921893,0.8137519515964712,149
-1.6680442277685048,0.1728146690003943,0.1365462535925793,-0.3797439543641858,0.894813993443951,342
1.269732582868098,-0.5277853404606639,-0.8179085407737753,1.5278780534934129,-0.2449674434418252,221
1.5450045832348347,1.2237146831919816,0.7043423538908122,0.7648292503503734,-0.2498802944628846,452
-0.8005904451002166,-0.8780853451911931,1.697114676498152,0.0017804472073339,0.4784498694091684,564
-1.7189348496850445,1.2237146831919816,1.5020436236349552,-0.3797439543641858,-1.205429818058934,509
-0.2592992847152047,-0.1774853357301348,1.0840342246423913,0.0017804472073339,-0.4660457393894973,472
0.3814599094157707,-1.5786853546522512,1.1014512829337482,-1.5243171590787452,1.408206925144656,505
-1.6402857067231196,-0.1774853357301348,-1.6086429872013757,-1.5243171590787452,0.1370067234455415,77
1.2581665324325206,-0.8780853451911931,-0.1247096207777731,-0.7612683559357056,-0.0091505944309749,321
-0.7959640249259857,-0.1774853357301348,1.3069725707717588,1.146353651921893,-0.2105774862944095,501
1.4385969192275243,-1.228385349921722,-0.9363445371550018,-1.5243171590787452,-0.3223448470235104,200
0.356014598457501,-1.5786853546522512,0.1365462535925793,1.146353651921893,1.0569380771389103,361
-0.2014690325373188,0.5231146737309235,1.6378966783075386,1.5278780534934129,1.4315429674946882,587
-0.7797715543161776,0.8734146784614526,-1.5703254589603906,-1.5243171590787452,1.6870112205897758,125
-1.6402857067231196,-0.1774853357301348,0.4988210660528016,-0.7612683559357056,-1.3110561150117106,356
-0.000219754958276,-0.8780853451911931,-0.4277664350473821,0.7648292503503734,0.4133545933801317,269
1.1309399776411715,0.1728146690003943,-0.2117949122345573,1.5278780534934129,-0.9303101608796088,299
0.8255962461419343,0.1728146690003943,1.223370690973246,-1.5243171590787452,-1.094890670085098,497
0.0437312366969172,1.5740146879225108,-1.4553728742374354,0.7648292503503734,-0.9720693945586134,113
-0.0302914860907766,-0.5277853404606639,-1.3160364079065807,0.7648292503503734,0.711810292909489,148
-1.4020250677502295,1.2237146831919816,-0.7203730143421769,1.5278780534934129,-1.0297953940560611,197
-1.7466933707304295,0.8734146784614526,0.0355273155027097,1.146353651921893,1.0937844597968558,334
-1.1082473866865694,-0.5277853404606639,1.4010246855450856,-0.7612683559357056,1.2485392669602262,532
0.4508562120292338,-0.1774853357301348,0.3943187163046605,0.0017804472073339,0.7953287602674984,402
0.7631395737898176,-1.228385349921722,-0.588003371327865,-1.5243171590787452,-1.136649903764103,228
0.9181246496265516,1.2237146831919816,-1.0791644151441278,1.146353651921893,-0.4402532715289355,185
0.0969350687005722,-0.5277853404606639,1.167636104440904,1.5278780534934129,-0.7743271409609734,482
-1.728187690033506,1.2237146831919816,-1.504140637453235,1.146353651921893,-0.6601033547213428,86
1.5797027345415662,0.5231146737309235,-1.6051595755431045,1.5278780534934129,-0.341996251107748,116
1.3414420955686763,-1.228385349921722,-0.9537615954463584,-0.3797439543641858,-0.2621624220155331,197
-0.4790542429911711,-1.228385349921722,1.5786786801169257,-1.5243171590787452,-1.6832045798569586,514
0.069176547655187,-0.8780853451911931,0.2131813100745494,-1.1427927575072254,-0.0312584240257422,354
1.4547893898373327,0.1728146690003943,-1.2185008814749825,-0.3797439543641858,-0.8357377787242156,159
-1.1452587480804164,-0.5277853404606639,-0.978145477054258,-0.7612683559357056,0.6589971444331006,180
-0.8468546468425253,-1.228385349921722,-1.2672686446907817,-0.3797439543641858,-0.7166011414635257,116
-1.4644817401023464,-1.5786853546522512,1.536877740217669,-1.5243171590787452,1.4511943715789255,544
-1.281738143220227,1.5740146879225108,-0.3859654951481257,1.5278780534934129,0.0829653622138883,267
1.0014002127627073,0.1728146690003943,-0.1978612656014718,0.7648292503503734,0.9599092694729876,330
-0.2361671838440504,-0.1774853357301348,1.4497924487608849,-1.1427927575072254,-1.7716358982360276,503
0.5086864642071197,1.2237146831919816,-1.4658231092122496,1.5278780534934129,1.4610200736210444,155
0.2750522454084607,0.5231146737309235,-0.2117949122345573,1.5278780534934129,-0.8025760343320648,292
0.4763015229875036,-0.5277853404606639,-1.0478137102196854,0.7648292503503734,-1.015056840992883,165
0.1802106318367279,0.1728146690003943,1.387091038912,1.146353651921893,-0.0140634454520343,531
1.4478497595759865,0.8734146784614526,0.4152191862542887,-0.7612683559357056,-1.5874039849463009,385
1.2905514736521368,-0.1774853357301348,1.3243896290631156,1.146353651921893,1.274331734820788,555
0.9389435404105906,0.1728146690003943,-0.4242830233891107,-1.5243171590787452,1.406978712389391,303
-0.2939974360219363,1.2237146831919816,0.0076600222365387,1.5278780534934129,1.017635268970435,349
0.6521054896082766,0.8734146784614526,0.1992476634414639,0.3833048487788537,-0.1958389332312314,367
0.6868036409150082,0.5231146737309235,-1.1070317084102987,0.3833048487788537,-0.0177480837178289,181
1.1309399776411715,0.8734146784614526,0.4918542427362588,1.146353651921893,0.0903346387454774,420
0.8626076075357813,-0.1774853357301348,-1.1801833532339974,0.3833048487788537,-0.903289480263782,154
-1.515372362018886,0.8734146784614526,1.7389156163974082,-1.1427927575072254,1.227659650120724,583
1.2789854232165596,0.8734146784614526,1.2860721008221303,0.3833048487788537,1.6624469654844791,561
0.7376942628315478,-1.228385349921722,0.2410486033407203,-0.7612683559357056,0.6049557832014475,375
-0.6895563609186757,-0.1774853357301348,1.745882439713951,-0.7612683559357056,-1.720050962514904,541
0.8741736579713585,1.5740146879225108,-1.3160364079065807,1.5278780534934129,0.1750813188587517,163
0.2403540941017292,-0.8780853451911931,0.969081639919436,0.0017804472073339,-0.0570508918863039,464
-0.1783369316661645,-1.5786853546522512,0.6660248256498271,-1.5243171590787452,-0.8529327572979235,398
0.0298519761742246,1.2237146831919816,0.1644135468587503,-0.7612683559357056,1.5469949664895837,384
-0.8445414367554098,-0.5277853404606639,1.6169962083579104,0.7648292503503734,0.5582836985013834,556
-1.1892097397356096,0.1728146690003943,-1.660894162075446,1.146353651921893,-1.5984578997436845,50
-0.1228198895753941,1.5740146879225108,-1.6156098105179184,-1.1427927575072254,-0.2290006776233822,100
-0.0071593852196223,1.2237146831919816,-1.4588562858957068,-1.1427927575072254,-0.3542783786603964,120
0.1038746989619185,-0.5277853404606639,0.4430864795204596,0.7648292503503734,0.5902172301382693,400
-1.48298742079927,0.5231146737309235,-1.336936877856209,0.7648292503503734,-0.2572495709944736,116
0.871860447884243,-0.8780853451911931,-1.5947093405682902,-1.5243171590787452,-0.0238891474941531,105
0.6729243803923156,-0.5277853404606639,0.9516645816280792,0.3833048487788537,-1.3700103272644233,448
0.8371622965775115,0.8734146784614526,0.0424941388192524,-1.5243171590787452,-1.2950893491932678,329
-0.8283489661456018,-1.228385349921722,0.9830152865525216,-0.3797439543641858,-0.2265442521128525,448
1.0222191035467465,0.8734146784614526,0.9342475233367225,0.3833048487788537,0.974647822536166,496
1.3414420955686763,-0.8780853451911931,0.446569891178731,0.7648292503503734,-1.2435044134721442,385
0.6474790694340458,0.1728146690003943,0.0459775504775238,-0.7612683559357056,0.5496862092145295,353
-1.4436628493183077,-1.5786853546522512,-1.6399936921258178,1.146353651921893,-1.1698116481562535,46
0.7191885821346243,0.1728146690003943,1.0213328147935066,-1.5243171590787452,1.7668450496819907,513
0.9898341623271302,0.5231146737309235,0.3176836598226905,1.146353651921893,-1.7618101961939088,361
1.3067439442619448,0.8734146784614526,-0.180444207310115,-0.7612683559357056,-1.1120856486588058,306
0.7261282123959706,1.2237146831919816,-0.1525769140439441,-1.1427927575072254,1.2374853521628426,342
-1.6865499084654283,-0.5277853404606639,1.1989868093653464,1.146353651921893,-0.9167998205716954,461
-1.649538547071581,-0.1774853357301348,-0.7621739542414334,-1.1427927575072254,0.3826492744985105,202
1.6814839783746454,0.1728146690003943,1.2930389241386733,1.5278780534934129,-1.7482998558859957,508
1.686110398548876,-0.1774853357301348,-1.2533349980576962,1.5278780534934129,1.6931522843661002,197
-1.1036209665123389,-1.5786853546522512,1.4114749205198998,-0.7612683559357056,0.8849882914018321,522
0.3282560774121157,-0.8780853451911931,0.4988210660528016,0.7648292503503734,1.5310282006711406,424
-0.8746131678879105,1.2237146831919816,-1.5947093405682902,-1.5243171590787452,0.0412061285348836,95
-1.1151870169479157,-1.5786853546522512,-0.6123872529357646,0.7648292503503734,0.9046396954860696,232
0.2750522454084607,0.1728146690003943,-0.0898755041950595,0.7648292503503734,-0.9253973098585492,305
0.90887180927809,-1.5786853546522512,-0.2257285588676428,-0.3797439543641858,1.1994107567496324,318
-1.4714213703636927,-1.5786853546522512,-1.3578373478058372,-1.1427927575072254,1.115892289391623,123
0.0344783963484554,-0.5277853404606639,-0.4800176099214526,-1.5243171590787452,-0.0791587214810711,255
1.195709860080404,0.8734146784614526,-1.4031216993633648,-0.7612683559357056,0.1210399576270985,149
0.1663313713140353,1.2237146831919816,-0.4068659650977539,-1.5243171590787452,-1.4707237731961404,254
0.638226229085584,-0.1774853357301348,1.1188683412251048,-1.1427927575072254,1.1036101618389746,514
-0.1552048307950101,1.2237146831919816,0.7531101171066114,0.0017804472073339,0.3298361260221222,447
0.2958711361924996,0.5231146737309235,-0.1665105606770295,-1.1427927575072254,1.710347262939808,339
0.1709577914882661,0.1728146690003943,-1.5354913423776768,1.5278780534934129,0.6393457403488632,122
-1.5940215049808109,-0.8780853451911931,0.446569891178731,1.5278780534934129,-0.7337961200372335,355
1.1401928179896337,0.5231146737309235,0.3664514230384896,-1.1427927575072254,0.7646234413858773,411
-0.1181934694011632,1.5740146879225108,0.0808116670602374,-0.7612683559357056,-1.2987739874590625,326
1.2674193727809824,0.5231146737309235,0.2445320149989917,0.7648292503503734,1.5310282006711406,408
1.158698498686557,0.8734146784614526,1.6831810298650665,1.146353651921893,-1.0592725001824177,573
0.957449221107514,0.1728146690003943,-0.6716052511263778,-0.7612683559357056,0.6393457403488632,255
1.531125322712142,0.5231146737309235,0.8436788202216668,1.146353651921893,0.6184661235093608,482
0.1431992704428809,0.1728146690003943,-1.072197591827585,-1.1427927575072254,0.2721101265246745,181
-1.5292516225415786,1.5740146879225108,0.4152191862542887,0.7648292503503734,-0.5139460368448263,369
-1.4320967988827304,-0.1774853357301348,-0.6576716044932923,0.0017804472073339,-0.3690169317235746,208
-0.0673028474846236,-0.8780853451911931,-1.479756755845335,-1.5243171590787452,-0.7571321623872656,97
0.4739883129003882,-0.8780853451911931,1.4776597420270556,-0.7612683559357056,-1.086293180798244,523
1.6329065665452211,0.1728146690003943,0.0146268455530815,-1.5243171590787452,0.8186648026175305,365
-0.2199747132342423,0.5231146737309235,-1.3508705244892945,0.0017804472073339,-0.8418788425005399,121
1.5866423648029124,0.1728146690003943,1.327873040721387,-1.5243171590787452,-0.7497628858556765,528
-0.5600165960402114,0.5231146737309235,0.1191291953012225,0.0017804472073339,-0.7448500348346171,329
-1.658791387420043,0.5231146737309235,-1.657410750417175,1.5278780534934129,-0.8111735236189188,59
1.0175926833725155,-1.5786853546522512,1.64138008996581,1.146353651921893,-1.236135136940555,548
-0.4582353522071322,-1.228385349921722,0.6068068274592139,1.5278780534934129,1.0655355664257644,420
0.425410901070964,-0.1774853357301348,1.3069725707717588,-0.7612683559357056,-1.696714920164872,492
-0.6109072179567508,-0.8780853451911931,1.4184417438364425,1.5278780534934129,-0.6122030572660139,509
-1.3973986475759987,0.5231146737309235,-0.7168896026839056,0.7648292503503734,0.5767068898303561,220
-1.004152932766375,1.2237146831919816,-1.5006572257949633,-1.1427927575072254,1.5150614348526976,131
0.4716751028132727,-1.5786853546522512,1.300005747455216,-1.1427927575072254,1.4696175629078985,535
-0.9023716889332956,-0.8780853451911931,-0.0620082109288885,-0.3797439543641858,-1.2987739874590625,281
0.9065585991909744,0.5231146737309235,1.5438445635342115,-0.7612683559357056,-1.0113722027270884,548
-1.0411642941602215,1.2237146831919816,-0.3023636153496129,-0.3797439543641858,0.2008737867193135,281
0.9967737925884764,-1.5786853546522512,1.300005747455216,-0.3797439543641858,0.4244085081775153,525
1.702302869158684,-1.228385349921722,-0.6367711345436642,1.5278780534934129,0.0264675754717055,253
-1.0064661428534902,0.1728146690003943,-1.1627662949426405,1.146353651921893,0.4514291887933419,157
0.4392901615936566,-0.1774853357301348,-0.7552071309248907,1.146353651921893,1.336970585339295,246
1.1864570197319422,1.5740146879225108,-1.1070317084102987,-0.7612683559357056,-0.4021786761157254,187
-0.839915016581179,-0.1774853357301348,1.6065459733830962,-1.5243171590787452,0.9378014398782204,562
1.3252496249588683,-0.1774853357301348,-0.3929323184646684,-0.7612683559357056,1.1122076511258283,306
0.5387581953396203,0.1728146690003943,0.133062841934308,0.3833048487788537,-1.2324504986747606,335
1.4316572889661785,0.5231146737309235,-0.5775531363530509,-1.1427927575072254,-0.7055472266661421,255
-0.4859938732525174,-0.8780853451911931,-0.5566526664034227,-0.3797439543641858,0.9906145883546088,253
0.1293200099201883,-0.5277853404606639,0.7600769404231541,1.146353651921893,1.2067800332812215,456
-0.3772729991580919,-0.1774853357301348,0.5023044777110729,-1.5243171590787452,0.4170392316459262,401
0.2773654554955762,-0.8780853451911931,1.5020436236349552,1.5278780534934129,0.3801928489879809,549
-1.4598553199281157,-0.8780853451911931,-0.2326953821841855,0.7648292503503734,-0.1798721674127884,268
-0.590088327172712,0.1728146690003943,-1.469306520870521,0.0017804472073339,1.5310282006711406,135
-1.4598553199281157,0.5231146737309235,0.5963565924843999,0.0017804472073339,-1.55424224055415,372
-1.552383723412733,-1.5786853546522512,-0.4765341982631813,1.5278780534934129,0.7842748454701148,244
1.163324918860788,-0.1774853357301348,0.9830152865525216,0.0017804472073339,-1.1292806272325135,465
-0.4605485622942476,1.5740146879225108,0.0285604921861669,0.0017804472073339,-0.2081210607838798,332
-0.4512957219457859,0.8734146784614526,0.2932997782147908,0.3833048487788537,-0.3248012725340402,364
1.2211551710386737,-0.8780853451911931,-0.0898755041950595,0.0017804472073339,0.8555111852754759,340
0.8973057588425127,-0.5277853404606639,1.5891289150917394,0.0017804472073339,-1.4805494752382593,541
0.1778974217496124,-0.5277853404606639,-1.3543539361475658,1.146353651921893,-1.508798368609351,109
-0.0811821080073162,0.1728146690003943,1.0213328147935066,-0.3797439543641858,0.3998442530722184,481
-0.6849299407444448,-0.8780853451911931,-0.5845199596695937,1.146353651921893,-0.9180280333269604,216
0.3143768168894231,1.2237146831919816,0.7147925888656264,0.3833048487788537,-0.674841907784521,431
-0.6016543776082891,-1.228385349921722,0.6416409440419276,1.5278780534934129,-1.4093131354328985,383
-1.7189348496850445,1.5740146879225108,0.5928731808261285,0.7648292503503734,-1.094890670085098,382
0.4716751028132727,0.5231146737309235,-0.2779797337417133,1.146353651921893,-1.6782917288358994,270
1.200336280254635,-0.8780853451911931,-0.6716052511263778,0.3833048487788537,-0.4955228455158536,234
0.4069052203740405,-0.5277853404606639,1.139768811174733,0.0017804472073339,-1.091206031819303,476
-0.8445414367554098,1.2237146831919816,-0.8388090107234034,1.5278780534934129,1.274331734820788,225
1.1887702298190577,0.8734146784614526,-0.2779797337417133,-1.5243171590787452,-0.4181454419341683,301
0.3444485480219238,0.8734146784614526,-0.3197806736409697,-1.5243171590787452,1.0151788434599058,308
0.0252255559999937,-1.5786853546522512,-1.2080506465001684,-0.3797439543641858,1.49541003076846,170
-1.0550435546829144,-0.1774853357301348,0.1156457836429511,-0.3797439543641858,0.9549964184519284,345
-0.6178468482180972,-1.228385349921722,0.7008589422325409,0.0017804472073339,1.3160909684997928,435
1.285925053477906,-1.5786853546522512,-1.3543539361475658,-1.5243171590787452,-0.2732163368129167,137
-1.126753067383493,-1.5786853546522512,0.6625414139915557,-0.3797439543641858,1.354165563913003,422
1.0222191035467465,0.1728146690003943,-1.6156098105179184,-0.3797439543641858,0.0313804264927648,111
1.5334385327992577,0.5231146737309235,0.8994134067540088,-0.3797439543641858,1.7177165394713971,508
0.6289733887371223,-1.5786853546522512,-0.9746620653959868,0.0017804472073339,0.3851057000090402,194
0.9713284816302068,0.8734146784614526,0.8436788202216668,0.3833048487788537,1.472073988418428,491
0.6035280777788525,-0.1774853357301348,1.6483469132823527,-0.7612683559357056,-0.0791587214810711,570
0.2357276739274983,-0.1774853357301348,0.2480154266572631,0.0017804472073339,1.5101485838316382,390
-0.2315407636698195,-1.5786853546522512,-0.3058470270078842,1.5278780534934129,1.725085816002986,301
-1.429783588795615,0.8734146784614526,-0.2953967920330702,1.5278780534934129,0.0964757025218016,274
0.9181246496265516,0.8734146784614526,-0.8213919524320467,-0.3797439543641858,-0.5888670149159818,217
-1.5685761940225411,-1.228385349921722,-1.1348990016764695,-1.5243171590787452,-0.0435405515783906,137
-0.1482652005336638,0.8734146784614526,0.6973755305742695,1.146353651921893,0.2008737867193135,435
1.1656381289479032,-0.1774853357301348,-1.6086429872013757,0.3833048487788537,0.5447733581934701,120
0.0946218586134568,-0.1774853357301348,0.0947453136933229,1.5278780534934129,0.1136706810955095,344
0.5086864642071197,-0.8780853451911931,-0.5810365480113223,1.146353651921893,-0.762045013408325,234
-0.2361671838440504,-0.8780853451911931,-0.967695242079444,-0.7612683559357056,-1.135421691008838,162
0.8070905654450108,1.5740146879225108,-1.6190932221761898,-1.5243171590787452,-0.8811816506690149,100
0.0645501274809561,0.8734146784614526,-0.2988802036913415,0.0017804472073339,-0.6613315674766077,280
1.637532986719452,-0.5277853404606639,1.31045598243003,-1.5243171590787452,-1.1403345420298971,515
-1.3071834541784968,-1.228385349921722,-0.4835010215797239,1.146353651921893,0.4219520826669856,242
0.7191885821346243,-1.5786853546522512,1.0213328147935066,-0.7612683559357056,0.0301522137375,475
0.9019321790167436,0.5231146737309235,1.164152692782633,1.5278780534934129,0.5631965495224428,519
1.695363238897338,-0.5277853404606639,-1.2672686446907817,-1.5243171590787452,-1.7323330900675524,137
-0.0071593852196223,-0.8780853451911931,-0.8213919524320467,-0.7612683559357056,-1.4375620288039896,181
-0.5507637556917496,-1.5786853546522512,0.1644135468587503,-0.3797439543641858,-1.0285671813007964,319
1.0661700952019395,-1.5786853546522512,-0.5740697246947796,0.3833048487788537,-0.9180280333269604,236
1.4594158100115635,0.5231146737309235,-0.95724500710463,0.3833048487788537,-0.04845340259945,212
-0.3888390495936691,-0.1774853357301348,0.9516645816280792,-0.7612683559357056,-0.4906099944947942,450
-1.5870818747194646,-1.5786853546522512,-0.3859654951481257,1.146353651921893,-1.2177119456115824,224
-1.7351273202948525,0.8734146784614526,-1.0791644151441278,1.5278780534934129,-1.6856610053674883,129
0.1362596401815346,-0.5277853404606639,1.5124938586097694,1.5278780534934129,-1.15875773335887,525
-0.9440094705013736,0.8734146784614526,1.5020436236349552,-0.3797439543641858,-0.3874401230525472,530
0.8880529184940511,-1.5786853546522512,-1.1732165299174546,1.5278780534934129,0.2082430632509025,166
1.4640422301857945,-0.1774853357301348,-0.0898755041950595,-1.5243171590787452,-0.4291993567315519,326
1.5195592722765647,1.5740146879225108,0.2131813100745494,1.5278780534934129,0.1382349362008064,390
-1.2030890002583023,-0.8780853451911931,-0.1212262091195018,1.146353651921893,-0.071789444949482,289
0.7076225316990471,0.8734146784614526,0.8401954085633956,1.5278780534934129,0.6823331867831327,474
-0.0858085281815471,-0.8780853451911931,-0.1316764440943159,0.7648292503503734,-1.0126004154823534,287
0.8302226663161651,1.2237146831919816,0.4744371844449019,-1.1427927575072254,1.4364558185157474,437
-1.7004291689881208,-0.5277853404606639,0.275882719923434,0.3833048487788537,0.1947327229429892,346
-0.5276316548205953,-0.8780853451911931,0.8088447036389532,-0.3797439543641858,-0.3469091021288074,427
-0.0326046961778921,0.8734146784614526,-1.1592828832843691,-1.5243171590787452,1.1748465016443357,185
-1.4112779080986917,0.5231146737309235,-1.4658231092122496,0.3833048487788537,1.6685880292608033,130
1.5611970538446427,0.1728146690003943,1.4184417438364425,-1.5243171590787452,0.514068039311849,561
-0.8931188485848339,1.2237146831919816,1.5891289150917394,0.7648292503503734,1.0336020347888784,569
-0.6664242600475213,-0.8780853451911931,0.9446977583115366,0.3833048487788537,-0.8001196088215352,437
-1.7096820093365823,-1.5786853546522512,0.4605035378118165,1.5278780534934129,-0.1675900398601399,361
-0.6340393188279052,1.5740146879225108,-1.0512971218779568,-0.7612683559357056,-0.1430257847548431,175
1.445536549488871,-0.8780853451911931,-1.309069584590038,-1.5243171590787452,-0.9634719052717596,138
0.5942752374303908,-0.5277853404606639,-1.6992116903164312,1.146353651921893,0.8456854832333571,103
-0.4281636210746315,0.1728146690003943,0.5301717709772439,0.0017804472073339,-0.8394224169900102,386
-0.4235372009004006,-0.8780853451911931,-1.0512971218779568,0.7648292503503734,-0.9155716078164304,152
-1.7513197909046605,-0.5277853404606639,1.129318576199919,1.5278780534934129,-0.1209179551600758,463
1.1864570197319422,1.5740146879225108,-1.660894162075446,0.7648292503503734,-0.1233743806706055,112
-1.744380160643314,1.5740146879225108,0.1156457836429511,0.7648292503503734,1.504007520055314,356
0.4161580607225023,0.5231146737309235,-0.797008070824147,1.146353651921893,0.1234963831376282,224
0.5433846155138512,-0.8780853451911931,1.007399168160421,1.146353651921893,1.306265266457674,496
0.4855543633359653,0.5231146737309235,0.1226126069594939,-1.5243171590787452,-1.453528794622433,331
0.5179393045555815,0.1728146690003943,0.9516645816280792,-0.7612683559357056,-0.3825272720314878,466
0.7608263637027021,0.1728146690003943,-1.2672686446907817,0.3833048487788537,1.6120902425186203,183
-0.1089406290527014,0.8734146784614526,1.1920199860488037,0.0017804472073339,-1.2398197752063496,483
0.015972715651532,0.8734146784614526,0.4779205961031733,1.5278780534934129,-1.737245941088612,374
0.4577958422905801,0.8734146784614526,0.8262617619303101,1.5278780534934129,-0.1405693592443134,456
-0.6016543776082891,-0.1774853357301348,-0.4207996117308394,-1.1427927575072254,0.6663664209646898,269
0.6544186996953921,-1.5786853546522512,0.6695082373080985,-1.1427927575072254,-0.5188588878658856,415
-0.8491678569296407,-0.1774853357301348,1.212920455998432,1.5278780534934129,0.6614535699436304,501
-1.7397537404690833,-0.5277853404606639,0.6311907090671135,-1.5243171590787452,-0.0988101255653086,391
1.4594158100115635,1.5740146879225108,-0.1490935023856727,0.7648292503503734,0.799013398533293,348
0.478614733074619,1.5740146879225108,1.4358588021277994,0.7648292503503734,1.2202903735891348,569
-0.7288809323996381,0.1728146690003943,-1.054780533536228,0.3833048487788537,-1.381064242061807,146
-0.9925868823307976,0.8734146784614526,-0.8806099506226599,-1.5243171590787452,-0.1454822102653727,191
0.2218484134048057,0.1728146690003943,1.509010446951498,0.7648292503503734,-0.7362525455477632,537
-1.4552288997538847,0.5231146737309235,0.5023044777110729,0.0017804472073339,-0.0079223816757101,384
0.0761161779165333,0.1728146690003943,0.0738448437436947,1.5278780534934129,0.5189808903329084,350
-1.6842366983783128,-0.8780853451911931,1.139768811174733,-1.5243171590787452,0.6233789745304201,475
1.5588838437575272,-0.5277853404606639,0.4221860095708314,1.5278780534934129,-0.3284859107998347,401
1.1170607171184792,0.8734146784614526,-0.2675294987668992,-0.3797439543641858,-1.6672378140385158,282
-0.6779903104830985,-0.1774853357301348,-0.3580982018819548,-0.7612683559357056,0.7965569730227633,280
-1.6079007655035034,0.8734146784614526,1.4463090371026135,-1.5243171590787452,-1.5505576022883554,494
-0.4073447302905926,1.2237146831919816,-0.7761076008745188,1.5278780534934129,-1.3773796037960122,196
-0.5715826464757885,-1.5786853546522512,-0.0724584459037026,0.0017804472073339,-0.0852997852573953,300
-0.8445414367554098,-0.1774853357301348,0.5197215360024298,-1.1427927575072254,1.2411699904286373,411
-0.6710506802217522,-0.5277853404606639,0.8227783502720387,-1.5243171590787452,0.2782511903009987,439
0.8209698259677034,-0.5277853404606639,1.6587971482571668,-0.7612683559357056,-0.4439379097947301,566
-1.2354739414779183,-0.8780853451911931,-1.0826478268023991,1.146353651921893,-0.9892643731323212,136
1.0453512044179007,1.2237146831919816,-0.3580982018819548,-0.3797439543641858,1.1281744169442716,316
0.5433846155138512,-0.8780853451911931,1.2373043376063313,0.0017804472073339,0.1935045101877244,511
-0.2176615031471269,-0.5277853404606639,-1.3822212294137368,1.5278780534934129,-0.0607355301520984,123
0.1362596401815346,1.2237146831919816,1.623963031674453,-0.3797439543641858,1.409435137899921,593
-1.6842366983783128,1.5740146879225108,0.2828495432399768,0.0017804472073339,1.5899824129238531,382
-1.413591118185807,-0.8780853451911931,-0.1769607956518436,1.5278780534934129,-1.1427909675404269,261
-1.302557034004266,1.5740146879225108,0.4814040077614447,1.5278780534934129,0.7449720373016399,402
0.7631395737898176,-1.228385349921722,-0.7621739542414334,-0.3797439543641858,-1.046990372629769,204
0.1339464300944192,-1.228385349921722,-0.5531692547451513,0.7648292503503734,-1.2127990945905232,224
1.0175926833725155,-0.1774853357301348,0.9621148166028932,0.7648292503503734,-0.7411653965688226,467
0.0090330853901857,-1.228385349921722,1.1223517528833762,-1.1427927575072254,-1.365097476243364,460
1.3483817258300226,-1.228385349921722,1.5786786801169257,0.7648292503503734,-0.3223448470235104,560
-1.6772970681169663,-0.8780853451911931,-1.4936904024784206,-1.1427927575072254,-0.0607355301520984,86
-1.0319114538117602,-1.5786853546522512,0.0250770805278956,-0.7612683559357056,-1.2398197752063496,289
0.9019321790167436,0.1728146690003943,-1.0687141801693136,0.0017804472073339,0.8530547597649462,201
-1.24472678182638,1.5740146879225108,0.2271149567076349,0.3833048487788537,0.775677356183261,366
-0.3703333688967456,-0.8780853451911931,1.7214985581060511,1.5278780534934129,0.8739343766044485,580
0.9435699605848216,-0.8780853451911931,-0.1943778539432005,-0.3797439543641858,1.2878420751287014,328
-0.2477332342796276,-1.228385349921722,0.2723993082651627,0.3833048487788537,-1.19683232877208,338
-0.3610805285482839,-1.228385349921722,-1.3021027612734952,-1.1427927575072254,-1.0568160746718878,112
1.577389524454451,-0.8780853451911931,-1.5981927522265615,-1.1427927575072254,-0.4648175266342325,106
0.536444985252505,1.2237146831919816,0.90289681841228,0.3833048487788537,-0.0423123388231258,471
0.6174073383015451,1.2237146831919816,-1.204567234841897,-1.5243171590787452,1.4745304139289577,194
-0.5253184447334798,-1.5786853546522512,-1.2846857029821384,1.5278780534934129,1.163792586846952,147
0.0784293880036487,0.8734146784614526,1.3905744505702715,0.7648292503503734,-0.5176306751106208,525
0.1154407493974957,1.2237146831919816,-0.4312498467056535,0.3833048487788537,0.9869299500888142,291
0.1478256906171118,0.1728146690003943,0.8367119969051242,-0.7612683559357056,-1.5665243681067984,425
-1.0249718235504135,-0.5277853404606639,0.303750013189605,-0.7612683559357056,1.2620496072681395,376
-1.4714213703636927,0.5231146737309235,-0.6611550161515637,0.3833048487788537,-0.0435405515783906,216
1.57276310428022,0.1728146690003943,1.5020436236349552,1.146353651921893,-0.397265825094666,559
-1.4968666813219624,0.8734146784614526,-0.5984536063026791,-0.7612683559357056,-1.410541348188163,205
1.5866423648029124,-1.5786853546522512,-1.5772922822769333,-1.5243171590787452,1.4929536052579304,137
-0.8514810670167562,-0.8780853451911931,-1.4170553459964503,1.5278780534934129,0.2585997862167612,113
-0.9000584788461803,0.8734146784614526,-1.4623396975539782,-1.5243171590787452,-1.6844327926122236,84
-1.6564781773329276,-0.1774853357301348,1.3418066873544725,-1.5243171590787452,0.6737356974962788,509
0.8255962461419343,0.8734146784614526,1.7249819697643227,0.3833048487788537,1.2006389695048971,611
-0.7982772350131011,0.8734146784614526,-0.978145477054258,1.5278780534934129,0.2942179561194417,188
-0.6456053692634824,0.8734146784614526,-0.2222451472093714,-1.5243171590787452,0.0117290224085273,293
0.0830558081778796,-0.1774853357301348,-1.3264866428813948,1.5278780534934129,0.3777364234774512,144
0.5225657247298123,-1.5786853546522512,-1.4484060509208927,1.5278780534934129,0.236491956621994,122
1.1540720785123262,-1.228385349921722,-0.8597094806730317,-1.1427927575072254,0.925519312325572,227
-0.0117858053938532,0.5231146737309235,-0.6472213695184782,-1.5243171590787452,1.6194595190502097,264
-1.5546969334998484,0.8734146784614526,-1.5598752239855764,1.146353651921893,-1.236135136940555,69
0.0136595055644165,0.1728146690003943,1.2860721008221303,0.3833048487788537,1.3910119465709485,537
0.8788000781455894,0.1728146690003943,-1.5424581656942196,0.0017804472073339,1.5777002853712048,145
0.3976523800255788,0.1728146690003943,-1.6190932221761898,-0.7612683559357056,0.1271810214034228,104
-1.5338780427158094,1.2237146831919816,1.7249819697643227,0.0017804472073339,0.085421787724418,564
1.3368156753944456,-0.8780853451911931,-0.0585247992706172,1.5278780534934129,1.7766707517241096,361
-0.4790542429911711,-0.8780853451911931,-0.0829086808785167,1.146353651921893,-0.381299059276223,299
0.5919620273432754,0.1728146690003943,1.300005747455216,-1.1427927575072254,0.2033302122298431,526
-0.3356352175900141,-0.1774853357301348,-0.7865578358493329,0.7648292503503734,0.2057866377403728,213
0.7145621619603935,-0.1774853357301348,-0.2222451472093714,-0.3797439543641858,1.7091190501845432,332
-1.16376442877734,-0.8780853451911931,-0.009757036054818,0.3833048487788537,1.029917396523084,323
1.302117524087714,-1.5786853546522512,0.9237972883619084,-1.1427927575072254,-1.3343921573617428,447
0.8302226663161651,0.8734146784614526,1.5299109169011262,-1.5243171590787452,-1.767951259970233,534
-1.5593233536740794,0.8734146784614526,-0.2013446772597432,1.146353651921893,-0.7645014389188547,272
-0.3333220075028987,1.2237146831919816,-1.0756810034858564,0.0017804472073339,0.4723088056328442,184
-0.0117858053938532,1.2237146831919816,-0.075941857561974,-0.3797439543641858,-1.3884335185933958,301
-1.728187690033506,0.8734146784614526,-0.8806099506226599,1.146353651921893,-1.1280524144772488,166
0.2611729848857681,1.5740146879225108,-0.7238564260004483,-1.1427927575072254,-1.2729815195985004,216
-1.0110925630277212,0.5231146737309235,1.481143153685327,1.5278780534934129,1.4106633506551858,554
-1.3256891348754205,0.1728146690003943,0.4256694212291028,-0.7612683559357056,-1.0568160746718878,356
-0.0071593852196223,-0.8780853451911931,0.9342475233367225,1.5278780534934129,0.6012711449356529,467
0.4439165817678875,0.8734146784614526,-0.284946557058256,0.7648292503503734,0.6319764638172741,308
-1.5061195216704242,-0.5277853404606639,0.0424941388192524,-0.3797439543641858,-1.59231683596736,286
-0.0372311163521229,0.1728146690003943,0.1957642517831926,-0.3797439543641858,0.2622844244825557,361
-1.142945537993301,-0.5277853404606639,-1.584259105593476,-0.7612683559357056,1.7054344119187486,110
-0.3980918899421308,0.5231146737309235,0.5057878893693443,1.146353651921893,0.791644122001704,412
-0.2569860746280893,0.5231146737309235,1.2477545725811454,0.7648292503503734,1.269418883799729,528
-0.2731785452378973,0.5231146737309235,-1.4344724042878072,-0.3797439543641858,1.076589481223148,139
0.712248951873278,-0.5277853404606639,0.0041766105782674,-0.3797439543641858,-0.0042377434099156,335
-0.0996877887042397,-0.5277853404606639,0.6416409440419276,-0.3797439543641858,1.3087216919682036,437
-1.658791387420043,1.2237146831919816,1.7110483231312372,1.5278780534934129,0.418267444401191,566
0.6127809181273143,-1.5786853546522512,-0.8457758340399462,1.146353651921893,-0.7055472266661421,194
-1.67035743785562,1.2237146831919816,-0.037624329320989,1.146353651921893,-0.8050324598425945,295
0.085369018264995,0.8734146784614526,1.4079915088616284,0.0017804472073339,1.2620496072681395,557
1.494113961318295,0.8734146784614526,-0.6019370179609504,0.7648292503503734,0.8088391005754118,279
0.5665167163850056,0.5231146737309235,-0.7343066609752624,1.146353651921893,0.4133545933801317,240
1.551944213496181,0.8734146784614526,0.948181169969808,-0.7612683559357056,0.3728235724563918,495
-0.7404469828352153,-0.1774853357301348,-0.8840933622809312,-1.5243171590787452,1.3860990955498889,213
1.0731097254632858,-0.8780853451911931,0.4256694212291028,-0.7612683559357056,0.3593132321484785,404
0.9273774899750136,-0.8780853451911931,1.1502190461495472,-0.3797439543641858,-0.4844689307184699,492
-0.9301302099786808,1.5740146879225108,-0.8945435972557453,-0.3797439543641858,1.6329698593581228,223
-0.3240691671544369,-0.8780853451911931,-0.1560603257022154,-1.5243171590787452,-1.0998035211061574,278
0.7955245150094337,0.1728146690003943,-0.9467947721298158,-0.3797439543641858,-0.2867266771208299,199
0.0830558081778796,1.5740146879225108,1.6762142065485237,0.3833048487788537,0.9820170990677548,595
0.6868036409150082,-1.228385349921722,0.8088447036389532,-1.1427927575072254,0.6307482510620093,456
0.5665167163850056,-0.1774853357301348,-0.2222451472093714,0.3833048487788537,0.5251219541092326,311
0.5780827668205828,1.2237146831919816,-0.4939512565545381,0.3833048487788537,-0.5016639092921779,264
-1.633346076461773,0.8734146784614526,-1.650443927100632,-1.1427927575072254,-1.3454460721591264,53
-1.16376442877734,0.8734146784614526,1.0317830497683207,1.146353651921893,0.8616522490518,480
0.5572638760365438,0.8734146784614526,-0.1456100907274014,0.0017804472073339,1.3787298190183,342
-1.621780026026196,-0.1774853357301348,0.6764750606246412,0.0017804472073339,1.567874583329086,429
1.089302196073094,1.5740146879225108,0.0041766105782674,0.3833048487788537,0.14928885099819,354
1.0731097254632858,-0.5277853404606639,-0.0898755041950595,1.146353651921893,0.9562246312071933,342
0.0298519761742246,-0.5277853404606639,-0.7621739542414334,0.3833048487788537,-0.2412828051760306,212
-0.8908056384977185,-0.1774853357301348,-0.5044014915293522,-1.5243171590787452,-1.0654135639587416,225
-0.0742424777459699,1.2237146831919816,0.1156457836429511,0.0017804472073339,0.514068039311849,359
0.4346637414194257,-1.228385349921722,1.5926123267500107,0.7648292503503734,-0.1725028908811993,553
0.1200671695717266,0.1728146690003943,-0.7552071309248907,-1.1427927575072254,0.0964757025218016,224
0.3999655901126942,0.1728146690003943,0.8785129368043806,-0.3797439543641858,0.0755960856822993,462
1.6005216253256052,-0.1774853357301348,0.303750013189605,-1.1427927575072254,0.9721913970256362,407
1.67917076828753,-0.5277853404606639,-0.2257285588676428,0.0017804472073339,0.6540842934120413,325
-0.1806501417532799,-1.228385349921722,0.8680627018295665,-1.5243171590787452,-1.436333816048725,420
0.5549506659494284,0.5231146737309235,-1.2881691146404095,0.7648292503503734,0.5349476561513513,162
0.462422262464811,-1.228385349921722,0.8192949386137673,-1.5243171590787452,0.2794794030562635,449
0.6914300610892391,0.8734146784614526,-0.4904678448962667,1.5278780534934129,0.2021019994745783,275
0.978268111891553,0.5231146737309235,0.1678969585170216,-0.7612683559357056,-0.2437392306865604,364
-0.4004051000292463,-0.8780853451911931,-1.2359179397663391,1.146353651921893,1.6587623272186844,168
-0.8514810670167562,-1.228385349921722,-0.9433113604715444,0.0017804472073339,0.6061839959567124,185
-0.71268846178983,-1.228385349921722,0.4500533028370024,-1.5243171590787452,-0.1000383383205735,374
1.4547893898373327,0.8734146784614526,1.366190568962372,0.7648292503503734,-1.6623249630174564,521
-0.8537942771038716,-1.5786853546522512,0.0459775504775238,1.5278780534934129,0.2536869351957018,319
0.4115316405482714,-0.5277853404606639,-1.3613207594641086,-1.1427927575072254,0.307728296427355,140
-1.323375924788305,-0.1774853357301348,0.3176836598226905,-1.1427927575072254,0.6663664209646898,366
0.1316332200073037,-1.228385349921722,0.6555745906750131,-0.3797439543641858,-0.4500789735710543,409
-1.5847686646323491,0.8734146784614526,-1.4205387576547217,-0.3797439543641858,0.0719114474165047,110
0.2195352033176903,0.1728146690003943,1.7214985581060511,1.5278780534934129,-0.254793145483944,575
0.388399539677117,-0.8780853451911931,0.9377309349949938,1.5278780534934129,1.1883568419522488,482
0.2704258252342298,-0.1774853357301348,1.7249819697643227,-0.7612683559357056,0.8505983342544164,592
0.7723924141382793,-1.5786853546522512,-1.281202291323867,-1.5243171590787452,-0.4476225480605246,138
-0.0927481584428934,1.2237146831919816,-1.528524519061134,-1.5243171590787452,-0.0214327219836234,114
-1.6425989168102348,0.1728146690003943,-1.166249706600912,0.0017804472073339,0.2696537010141448,145
0.4577958422905801,0.8734146784614526,-0.9816288887125296,1.5278780534934129,1.5273435624053462,223
0.3467617581090392,0.1728146690003943,1.2512379842394168,-1.1427927575072254,0.2328073183561994,517
-1.1892097397356096,0.1728146690003943,-0.3824820834898543,0.0017804472073339,-0.5286845899080044,250
0.2773654554955762,0.8734146784614526,0.0146268455530815,0.0017804472073339,0.1750813188587517,342
1.65372545732926,-0.8780853451911931,1.4358588021277994,0.0017804472073339,1.3320577343182358,572
1.084675775898863,0.5231146737309235,0.787944233689325,1.146353651921893,-0.2756727623234463,454
1.5334385327992577,1.2237146831919816,1.7354322047391368,1.5278780534934129,-0.9229408843480196,589
-0.0765556878330853,0.1728146690003943,-0.9711786537377154,0.7648292503503734,1.780355389989904,218
-0.4050315202034771,-1.5786853546522512,0.6277072974088421,-1.5243171590787452,-0.3039216556945378,399
0.8672340277100121,0.5231146737309235,-0.4626005516300958,1.146353651921893,-1.6070553890305384,250
-0.839915016581179,1.2237146831919816,-0.3998991417812111,1.146353651921893,-0.769414289939914,255
-0.941696260414258,0.1728146690003943,-0.8318421874068607,-1.1427927575072254,-0.7669578644293843,185
-1.1614512186902244,-0.5277853404606639,0.2410486033407203,0.0017804472073339,-0.1675900398601399,342
-0.0418575365263538,0.1728146690003943,0.6033234158009425,-1.1427927575072254,-1.7654948344597032,386
1.318309994697522,0.1728146690003943,0.0703614320854233,0.3833048487788537,-1.371238540019688,334
-1.3280023449625358,-0.5277853404606639,-1.3508705244892945,0.7648292503503734,-1.5603833043304742,89
0.6937432711763545,1.2237146831919816,-0.7447568959500765,0.0017804472073339,0.4649395291012552,245
-0.000219754958276,0.1728146690003943,0.8297451735885815,1.146353651921893,0.6319764638172741,459
-1.7605726312531222,1.2237146831919816,-0.4591171399718244,0.3833048487788537,-1.221396583877377,227
-0.4489825118586704,-1.228385349921722,-0.4103493767560253,-1.5243171590787452,0.5238937413539677,264
1.494113961318295,-1.5786853546522512,1.2651716308725025,0.7648292503503734,-0.5851823766501872,511
1.100868246508671,0.8734146784614526,-1.1697331182591832,0.3833048487788537,0.8874447169123618,194
1.126313557466941,0.1728146690003943,1.3592237456458292,1.5278780534934129,-1.7458434303754655,511
0.8302226663161651,-0.1774853357301348,1.5403611518759404,0.7648292503503734,-1.0506750108955636,542
-0.5808354868242502,0.5231146737309235,-0.4591171399718244,-0.3797439543641858,-1.7016277711859311,230
-1.1753304792129171,0.5231146737309235,1.272138454189045,0.3833048487788537,1.1908132674627785,518
-0.000219754958276,-0.8780853451911931,1.481143153685327,-1.5243171590787452,-1.5603833043304742,510
-0.7820847644032931,-0.8780853451911931,-1.424022169312993,-1.1427927575072254,-0.4586764628579082,101
-0.5044995539494409,-1.5786853546522512,0.0215936688696242,-1.5243171590787452,0.6909306760699866,326
-1.272485302871765,1.2237146831919816,1.5299109169011262,-1.1427927575072254,-1.5751218573936523,512
1.568136684105989,-0.8780853451911931,1.2164038676567033,0.7648292503503734,1.6034927532317664,544
1.588955574890028,-0.5277853404606639,-0.5984536063026791,-0.3797439543641858,0.6110968469777718,270
0.9898341623271302,-0.5277853404606639,-1.3230032312231237,1.146353651921893,-0.6625597802318726,138
-0.303250276370398,1.5740146879225108,0.066878020427152,0.3833048487788537,-0.8443352680110696,329
0.5665167163850056,-1.5786853546522512,-1.5703254589603906,1.5278780534934129,-0.9462769266980516,86
-1.05735676477003,0.1728146690003943,-1.413571934338179,1.146353651921893,-1.136649903764103,94
-1.7027423790752363,0.1728146690003943,-0.284946557058256,1.5278780534934129,0.0817371494586235,268
-1.2192814708681103,-1.228385349921722,0.1191291953012225,0.0017804472073339,-0.9659283307822892,307
-1.4413496392311922,0.8734146784614526,0.5475888292686006,1.5278780534934129,-1.7618101961939088,365
-1.3973986475759987,-1.228385349921722,1.2094370443401603,0.0017804472073339,-0.2867266771208299,472
1.211902330690212,0.8734146784614526,-1.145349236651284,1.5278780534934129,-1.1673552226457238,166
0.4439165817678875,-1.228385349921722,-1.0652307685110425,0.7648292503503734,-0.3125191449813917,169
0.2935579261053842,1.5740146879225108,0.7217594121821691,-0.3797439543641858,1.0004402903967275,461
0.478614733074619,1.2237146831919816,-0.7203730143421769,-0.7612683559357056,1.6845547950792463,265
0.2311012537532674,0.8734146784614526,-0.758690542583162,1.5278780534934129,0.094019277011272,229
0.568829926472121,-0.5277853404606639,-1.660894162075446,-0.3797439543641858,0.1873634464114002,97
-1.094368126163877,-0.8780853451911931,1.2164038676567033,0.3833048487788537,-1.340533221138067,462
1.3321892552202146,-1.228385349921722,0.7461432937900686,-0.7612683559357056,0.3998442530722184,452
-1.004152932766375,-1.5786853546522512,-0.8179085407737753,1.5278780534934129,-0.0619637429073633,188
-0.4142843605519389,-0.5277853404606639,0.881996348462652,-0.7612683559357056,1.203095395015427,466
0.1339464300944192,1.5740146879225108,-0.6855388977594633,-0.3797439543641858,-0.6809829715608452,229
1.0453512044179007,0.1728146690003943,1.3696739806206433,-1.1427927575072254,-1.2164837328563176,519
-0.1528916207078947,0.5231146737309235,-0.4835010215797239,1.5278780534934129,0.941486078144015,275
1.5426913731477192,1.2237146831919816,-0.797008070824147,0.7648292503503734,1.3210038195208522,262
1.5288121126250265,0.5231146737309235,0.3351007181140473,0.3833048487788537,-0.4377968460184059,392
0.7076225316990471,0.8734146784614526,-0.5287853731372517,-0.3797439543641858,1.6722726675265978,293
-1.5338780427158094,0.5231146737309235,-0.0202072710296321,0.3833048487788537,-1.728648451801758,280
0.568829926472121,0.8734146784614526,1.623963031674453,0.7648292503503734,-0.1110922531179571,572
-0.250046444366743,0.1728146690003943,-0.3615816135402261,-0.3797439543641858,-1.4559852201329624,250
0.3860863295900016,0.1728146690003943,-1.5981927522265615,0.7648292503503734,-0.0054659561651804,105
-1.744380160643314,-0.1774853357301348,0.4152191862542887,-1.5243171590787452,-0.6085184190002193,354
1.1864570197319422,-1.228385349921722,1.317422805746573,-1.1427927575072254,-1.7212791752701688,497
-0.3888390495936691,-1.228385349921722,0.0808116670602374,0.3833048487788537,-0.3800708465209582,322
0.5665167163850056,1.2237146831919816,0.209697898416278,0.7648292503503734,0.8223494408833251,386
1.5079932218409875,0.1728146690003943,-1.444922639262621,1.5278780534934129,-0.3039216556945378,137
0.5965884475175063,0.1728146690003943,-0.2222451472093714,-0.7612683559357056,1.1281744169442716,323
1.5033668016667567,0.1728146690003943,1.028299638110049,1.146353651921893,-0.6171159082870733,486
1.6814839783746454,-0.5277853404606639,-0.9851123003708008,0.3833048487788537,-1.5407319002462367,180
-1.3950854374888837,-1.5786853546522512,-1.3055861729317666,0.7648292503503734,-1.1882348394852262,94
0.8788000781455894,0.8734146784614526,0.1121623719846797,0.3833048487788537,1.5175178603632271,385
0.1177539594846111,-1.228385349921722,-1.6992116903164312,-0.3797439543641858,0.2426330203983182,83
-0.8468546468425253,0.5231146737309235,-0.0271740943461748,0.3833048487788537,-1.3601846252223044,294
0.2149087831434594,1.5740146879225108,0.2619490732903485,1.5278780534934129,-1.2398197752063496,358
-0.8653603275394488,0.5231146737309235,-1.4309889926295358,1.146353651921893,-0.3825272720314878,109
-0.3749597890709765,-0.1774853357301348,0.0250770805278956,1.146353651921893,1.4315429674946882,349
0.9736416917173222,-1.5786853546522512,0.3281338947975045,-0.7612683559357056,0.5816197408514154,388
-1.658791387420043,0.8734146784614526,1.035266461426592,0.3833048487788537,0.8641086745623298,474
-1.3835193870533062,0.8734146784614526,1.4079915088616284,1.146353651921893,-0.0595073173968336,517
-0.5715826464757885,0.5231146737309235,0.3142002481644191,-0.3797439543641858,0.0424343412901485,369
0.5410714054267358,0.1728146690003943,-1.4588562858957068,-1.5243171590787452,0.7142667184200187,138
0.1339464300944192,-0.1774853357301348,-0.9084772438888308,0.0017804472073339,1.623144157316004,225
-1.5107459418446552,-1.5786853546522512,-0.1072925624864163,1.146353651921893,-0.4992074837816481,276
1.4640422301857945,0.8734146784614526,-0.9224108905219164,-1.1427927575072254,-0.507804973068502,211
-0.0071593852196223,0.8734146784614526,-1.657410750417175,1.5278780534934129,1.5789284981264695,121
-1.547757303238502,1.2237146831919816,-0.6890223094177347,-1.1427927575072254,-1.1870066267299613,196
-0.3842126294194382,0.1728146690003943,0.2340817800241776,1.5278780534934129,-1.1980605415273449,339
1.3530081460042536,-0.8780853451911931,-0.8004914824824184,-1.1427927575072254,1.7435090073319588,254
-0.2176615031471269,-0.5277853404606639,0.6486077673584704,0.0017804472073339,0.0203265116953812,416
1.420091238530601,-0.8780853451911931,1.6831810298650665,0.3833048487788537,-1.0494467981402986,566
0.9065585991909744,0.1728146690003943,0.2967831898730622,0.0017804472073339,-1.426508114006606,360
-0.6247864784794435,0.5231146737309235,1.3801242155954574,-0.7612683559357056,-1.3687821145091583,499
1.4732950705342562,1.2237146831919816,-1.242884763082882,1.5278780534934129,1.669816242016068,203
-0.6687374701346368,0.8734146784614526,0.1400296652508507,1.5278780534934129,1.6268287955817986,371
0.4346637414194257,0.8734146784614526,0.1400296652508507,1.146353651921893,1.3590784149340622,381
1.6190273060225286,0.1728146690003943,-0.037624329320989,-0.7612683559357056,-0.6343108868607811,334
-0.6340393188279052,-0.8780853451911931,-0.8248753640903179,-1.1427927575072254,-1.2164837328563176,176
-0.6340393188279052,1.2237146831919816,0.8645792901712951,1.5278780534934129,-1.7053124094517258,424
1.445536549488871,0.1728146690003943,-0.351131378565412,1.146353651921893,-0.9622436925164948,282
0.2796786655826916,1.2237146831919816,0.5684892992182289,0.0017804472073339,-1.3589564124670397,398
-1.462168530015231,0.5231146737309235,-1.3891880527302791,0.0017804472073339,-1.5444165385120312,88
1.0546040447663625,0.1728146690003943,1.4950768003184125,-1.5243171590787452,-1.2864918599064137,536
-0.0788688979202008,-0.8780853451911931,0.0111434338948101,-1.5243171590787452,0.7535695265884937,336
-0.7913376047517549,1.2237146831919816,1.0108825798186925,1.5278780534934129,0.4133545933801317,477
-1.297930613830035,-1.5786853546522512,0.5441054176103293,1.146353651921893,1.028689183767819,397
-0.6872431508315603,0.5231146737309235,0.3455509530888614,1.146353651921893,-0.7485346731004117,360
-1.5176855721060014,1.5740146879225108,-1.1139985317268415,0.7648292503503734,1.5015510945447843,182
0.6775508005665465,1.5740146879225108,0.3908353046463891,0.3833048487788537,0.8370879939465032,416
-0.3495144781127067,0.1728146690003943,-0.5427190197703372,-0.7612683559357056,0.4305495719538395,253
-0.95094910076272,1.5740146879225108,-1.5668420473021192,0.3833048487788537,-0.548335993992242,91
-1.732814110207737,0.5231146737309235,0.0320439038444383,-0.3797439543641858,1.6219159445607392,340
1.1702645491221342,0.5231146737309235,0.1469964885673934,0.3833048487788537,0.0068161713874679,368
0.0067198753030702,-1.228385349921722,0.0912619020350515,0.3833048487788537,-0.2584777837497385,330
-1.6726706479427356,0.1728146690003943,0.5441054176103293,0.7648292503503734,-1.426508114006606,362
-0.2685521250636665,-0.8780853451911931,-0.9851123003708008,-0.7612683559357056,0.7621670158753476,190
-1.3997118576631142,-0.1774853357301348,-1.4832401675036064,1.5278780534934129,-1.229994073164231,76
1.4756082806213715,-0.5277853404606639,1.0840342246423913,-0.3797439543641858,-0.6797547588055803,489
-1.142945537993301,1.2237146831919816,0.1644135468587503,-1.5243171590787452,-1.1280524144772488,325
-0.6918695710057912,1.2237146831919816,0.3142002481644191,0.3833048487788537,1.402065861368332,394
-0.2986238561961671,1.5740146879225108,0.7670437637396968,-1.1427927575072254,-0.3088345067155971,438
-0.8607339073652179,-1.5786853546522512,-0.1769607956518436,-0.7612683559357056,0.6270636127962147,293
0.9551360110203988,1.2237146831919816,0.1922808401249212,1.5278780534934129,0.7953287602674984,388
-0.8630471174523333,0.1728146690003943,-0.0550413876123458,-0.7612683559357056,-0.2032082097628205,306
0.0668633375680715,-1.5786853546522512,-0.9711786537377154,1.5278780534934129,-1.1673552226457238,162
0.8417887167517424,-0.5277853404606639,-1.4309889926295358,0.3833048487788537,-1.737245941088612,102
0.5109996742942351,1.5740146879225108,-1.3543539361475658,-0.7612683559357056,-0.6355390996160459,139
-0.1366991500980867,1.2237146831919816,0.3978021279629319,-1.5243171590787452,1.0336020347888784,407
0.9389435404105906,-0.1774853357301348,-0.3371977319323265,0.7648292503503734,0.410898167869602,298
-0.6664242600475213,0.5231146737309235,0.3351007181140473,0.3833048487788537,1.1650207996022168,390
1.276672213129444,0.1728146690003943,-0.7273398376587197,-0.3797439543641858,1.0471123750967917,258
-0.4142843605519389,-0.8780853451911931,-0.9049938322305594,0.7648292503503734,1.5334846261816704,213
1.1401928179896337,-1.5786853546522512,0.1469964885673934,-1.5243171590787452,-0.6772983332950506,344
0.3930259598513479,-0.8780853451911931,-0.2361787938424569,0.0017804472073339,-0.8615302465847774,280
-0.3009370662832826,-1.228385349921722,-1.166249706600912,-0.7612683559357056,1.2767881603313178,170
0.5318185650782741,-0.1774853357301348,-0.978145477054258,1.146353651921893,-1.7089970477175205,166
1.4432233394017555,-1.5786853546522512,-1.469306520870521,-1.5243171590787452,1.5826131363922642,152
-0.3472012680255913,-0.5277853404606639,-0.8039748941406898,-1.1427927575072254,-0.2437392306865604,201
-1.7628858413402375,-1.5786853546522512,-1.0199464169535146,1.146353651921893,-0.5643027598106849,141
-0.4304768311617469,-1.5786853546522512,0.3385841297723186,-1.1427927575072254,-0.3763862082551636,356
-1.503806311583309,0.1728146690003943,-0.692505721076006,1.5278780534934129,1.0593945026494402,228
-0.1829633518403954,-0.1774853357301348,0.8053612919806818,0.3833048487788537,-1.164898797135194,421
0.6174073383015451,-0.8780853451911931,-1.5006572257949633,-0.7612683559357056,0.3150975729589441,121
0.5757695567334673,-0.5277853404606639,-0.4626005516300958,0.7648292503503734,0.0829653622138883,268
-0.7381337727480999,-0.5277853404606639,0.3908353046463891,1.5278780534934129,1.4659329246421038,396
1.6074612555869514,0.1728146690003943,0.3734182463550323,1.146353651921893,-0.6232569720633975,394
0.0391048165226863,1.2237146831919816,1.7040814998146945,0.3833048487788537,1.005353141417787,597
-1.179956899387148,-0.8780853451911931,0.7008589422325409,1.5278780534934129,1.6919240716108352,436
0.7885848847480873,0.1728146690003943,0.9795318748942502,-1.5243171590787452,-0.7276550562609093,468
-0.7034356214413683,-1.5786853546522512,-1.612126398859647,1.146353651921893,1.6980651353871596,107
-1.462168530015231,0.5231146737309235,0.1121623719846797,-0.7612683559357056,-0.5299128026632692,319
-0.823722545971371,-1.228385349921722,0.7949110570058677,0.0017804472073339,0.1750813188587517,427
-0.0811821080073162,-1.228385349921722,-0.2048280889180146,-0.3797439543641858,-0.0816151469916008,289
-1.3858325971404215,1.5740146879225108,1.1746029277574468,-0.7612683559357056,0.0915628515007423,489
-0.0210386457423149,-0.5277853404606639,0.1226126069594939,-0.3797439543641858,-0.2977805919182135,337
-0.4929335035138637,-1.5786853546522512,-0.1769607956518436,0.3833048487788537,1.480671477705282,312
-1.3372551853109975,-0.1774853357301348,-0.2570792637920851,0.7648292503503734,-0.7915221195346812,260
-1.7397537404690833,-0.8780853451911931,-1.100064885093756,-0.7612683559357056,0.2303508928456697,146
-0.213035082972896,-1.228385349921722,-0.4138327884142966,-1.1427927575072254,1.2227467990996643,279
-0.6178468482180972,0.1728146690003943,-1.298619349615224,1.146353651921893,0.7547977393437586,147
0.9875209522400148,-1.228385349921722,-0.6123872529357646,-1.5243171590787452,-1.1820937757089018,226
-0.4698014026427093,0.5231146737309235,-1.5598752239855764,-0.3797439543641858,-0.8087170981083891,88
-0.7311941424867535,-0.5277853404606639,-1.1976004115253542,-1.5243171590787452,-0.1454822102653727,141
1.2211551710386737,0.8734146784614526,1.1920199860488037,0.7648292503503734,-0.0459969770889203,519
-0.5183788144721335,-0.5277853404606639,-1.0617473568527709,0.0017804472073339,0.7498848883226992,178
-1.2169682607809948,-0.1774853357301348,0.9377309349949938,-0.3797439543641858,-1.2336787114300254,426
-0.8884924284106032,0.8734146784614526,-0.9119606555471022,0.7648292503503734,-0.3248012725340402,186
-0.0996877887042397,-0.1774853357301348,0.3908353046463891,0.3833048487788537,-0.4599046756131731,374
-0.2754917553250128,1.5740146879225108,-1.1697331182591832,1.5278780534934129,-1.7507562813965252,137
-0.3194427469802061,-0.5277853404606639,0.4221860095708314,0.7648292503503734,-1.2938611364380028,361
-0.9278169998915656,-0.8780853451911931,-0.2292119705259142,-0.3797439543641858,0.4809062949196981,286
1.4154648183563705,1.5740146879225108,-0.5601360780616941,0.0017804472073339,0.0559446815980618,276
0.3976523800255788,1.2237146831919816,-1.336936877856209,1.5278780534934129,-0.5299128026632692,140
1.510306431928103,-1.5786853546522512,1.028299638110049,1.5278780534934129,-1.110857435903541,469
-0.2315407636698195,-0.8780853451911931,-1.2533349980576962,0.3833048487788537,-0.055822679131039,139
-1.3696401265306135,-0.8780853451911931,-1.0373634752448713,0.7648292503503734,-1.1563013078483402,138
-0.7381337727480999,-0.5277853404606639,-1.260301821374239,1.5278780534934129,-0.3984940378499308,129
-1.170704059038686,-1.5786853546522512,-1.5006572257949633,1.146353651921893,0.6860178250489273,100
-0.090434948355778,-1.228385349921722,-1.504140637453235,0.3833048487788537,-1.0347082450771206,87
-1.1568247985159936,-0.5277853404606639,-0.4904678448962667,1.146353651921893,1.653849476197625,267
1.477921490708487,-0.8780853451911931,-1.291652526298681,-0.3797439543641858,-0.230228890378647,153
1.4964271714054105,-0.5277853404606639,1.2651716308725025,-1.1427927575072254,-1.0801521170219197,508
0.4485430019421184,-0.1774853357301348,1.1989868093653464,-1.1427927575072254,1.090099821531061,522
0.0992482787876876,-0.8780853451911931,0.2932997782147908,1.5278780534934129,0.489503784206552,375
0.1686445814011507,-1.228385349921722,-0.901510420572288,-1.1427927575072254,0.3187822112247386,199
1.6606650875906064,1.2237146831919816,-1.5111074607697772,-0.7612683559357056,-1.641445346177954,113
-0.5415109153432879,-0.5277853404606639,-0.0898755041950595,1.5278780534934129,-1.7470716431307307,277
0.8464151369259733,-1.228385349921722,-0.3755152601733116,0.3833048487788537,-0.0865279980126602,277
-1.4737345804508082,-0.5277853404606639,-1.5076240491115058,1.146353651921893,0.0584011071085914,91
-1.7235612698592753,-0.1774853357301348,-1.5354913423776768,1.5278780534934129,0.688474250559457,96
0.797837725096549,0.5231146737309235,0.8715461134878378,1.146353651921893,-0.436568633263141,460
-0.9740812016338742,0.1728146690003943,-0.0132404477130894,-0.7612683559357056,-1.3921181568591905,292
-1.3002438239171503,0.8734146784614526,-0.5078849031876236,0.0017804472073339,-0.7804682047372976,231
-0.95094910076272,1.2237146831919816,-0.8597094806730317,1.146353651921893,-0.746078247589882,188
1.2789854232165596,-1.5786853546522512,-0.1177427974612304,1.146353651921893,0.3801928489879809,325
1.5588838437575272,-1.5786853546522512,1.5682284451421111,1.146353651921893,-1.134193478253573,546
-0.5507637556917496,-1.5786853546522512,-0.4765341982631813,0.0017804472073339,-1.7249638135359635,215
-1.0481039244215682,-1.5786853546522512,-1.5494249890107623,-0.7612683559357056,-0.1933825077207017,80
-1.1868965296484943,1.5740146879225108,-0.1003257391698736,-1.5243171590787452,0.8763908021149782,321
-1.2424135717392646,-1.228385349921722,-0.5462024314286086,-0.7612683559357056,0.4723088056328442,234
-1.5107459418446552,1.2237146831919816,-0.6750886627846492,0.3833048487788537,-0.8946919909769282,204
1.6884236086359916,-0.5277853404606639,0.4535367144952738,-1.5243171590787452,0.1640274040613681,414
0.8579811873615504,-1.5786853546522512,0.5684892992182289,-0.3797439543641858,-0.769414289939914,399
1.052290834679247,1.2237146831919816,-1.3334534661979376,-1.5243171590787452,0.0399779157796188,158
-0.4374164614230932,0.1728146690003943,0.0912619020350515,-0.7612683559357056,1.4290865419841583,360
-1.5454440931513866,-0.5277853404606639,-1.4658231092122496,-0.3797439543641858,0.4796780821644333,102
0.8510415571002041,-0.8780853451911931,0.0529443737940665,0.7648292503503734,-0.7362525455477632,330
-0.213035082972896,0.8734146784614526,-0.9920791236873436,-1.5243171590787452,0.530034805130292,196
0.2056559427949977,0.1728146690003943,0.9342475233367225,1.146353651921893,1.6599905399739494,493
-0.8977452687590648,-0.8780853451911931,-1.260301821374239,0.3833048487788537,0.7007563781121054,142
-1.4575421098410002,1.2237146831919816,-0.8771265389643885,0.0017804472073339,0.1136706810955095,192
1.1240003473798257,-0.5277853404606639,0.1678969585170216,0.3833048487788537,-0.8111735236189188,351
0.5711431365592364,0.1728146690003943,-0.5392356081120658,0.7648292503503734,0.2696537010141448,264
1.1170607171184792,1.5740146879225108,-1.072197591827585,0.7648292503503734,-1.6512710482200728,171
-1.7096820093365823,-0.5277853404606639,1.2860721008221303,-0.3797439543641858,-0.6330826741055162,477
1.0014002127627073,-1.5786853546522512,-1.0164630052952432,-0.3797439543641858,-1.1698116481562535,167
0.8949925487553974,-0.5277853404606639,-0.0167238593713607,1.5278780534934129,-1.214027307345788,315
0.159391741052689,-1.228385349921722,-1.2185008814749825,-0.3797439543641858,1.0483405878520566,165
1.7046160792457996,-0.1774853357301348,-1.1976004115253542,1.146353651921893,-1.7175945370043744,150
-1.4482892694925384,-1.5786853546522512,1.6448635016240811,1.5278780534934129,-1.6782917288358994,509
-1.0064661428534902,-0.1774853357301348,-0.6855388977594633,1.5278780534934129,0.4784498694091684,224
0.069176547655187,-0.5277853404606639,-0.1386432674108586,-0.7612683559357056,1.4278583292288936,329
-1.1868965296484943,-1.5786853546522512,1.317422805746573,-1.5243171590787452,0.8395444194570328,506
0.8417887167517424,-0.1774853357301348,0.8332285852468528,1.146353651921893,0.5349476561513513,467
0.4207844808967331,-0.5277853404606639,0.2166647217328208,1.146353651921893,1.2632778200234045,383
0.4577958422905801,-1.228385349921722,-0.1490935023856727,1.5278780534934129,0.7167231439305484,318
0.0969350687005722,-0.1774853357301348,-1.2394013514246107,1.146353651921893,-0.6146594827765436,141
-0.9440094705013736,-1.5786853546522512,0.2932997782147908,1.146353651921893,-1.0973470955956277,331
-0.3842126294194382,1.5740146879225108,-1.5320079307194054,0.0017804472073339,0.7670798668964071,125
0.6289733887371223,-1.228385349921722,-1.5494249890107623,-1.1427927575072254,-0.8836380761795446,92
0.2472937243630755,-1.5786853546522512,-0.5740697246947796,1.5278780534934129,1.236257139407578,260
0.3814599094157707,0.5231146737309235,1.129318576199919,-0.7612683559357056,-1.1403345420298971,479
1.1286267675540562,1.5740146879225108,0.7287262354987117,-0.7612683559357056,-1.55424224055415,431
0.372207069067309,-1.228385349921722,0.34206754143059,1.5278780534934129,-0.5028921220474427,367
0.4462297918550029,1.2237146831919816,-0.3720318485150402,-1.1427927575072254,0.489503784206552,295
0.4346637414194257,0.8734146784614526,0.6242238857505708,-0.7612683559357056,-0.1368847209785188,426
-1.0851152858154152,1.2237146831919816,-1.4623396975539782,-1.5243171590787452,1.0962408853073855,129
0.957449221107514,0.1728146690003943,1.185053162732261,-1.5243171590787452,-1.5112547941198804,487
-0.1713973014048182,-1.5786853546522512,1.4567592720774276,0.3833048487788537,1.7226293904924563,554
0.0946218586134568,1.5740146879225108,0.7600769404231541,-1.1427927575072254,-1.6709224523043102,420
-1.552383723412733,-0.1774853357301348,-0.7830744241910615,-1.5243171590787452,-1.0248825430350017,177
1.232721221474251,-0.1774853357301348,0.3351007181140473,-0.7612683559357056,0.8665651000728595,405
-0.9879604621565669,-0.5277853404606639,-1.5354913423776768,0.0017804472073339,1.0802741194889425,109
1.584329154715797,-0.1774853357301348,0.6973755305742695,-0.3797439543641858,-1.5566986660646798,422
0.3629542287188473,-1.228385349921722,-1.6399936921258178,1.5278780534934129,1.034830247544143,108
1.6560386674163754,-0.1774853357301348,-0.7726241892162474,0.0017804472073339,-1.0961188828403627,220
1.3553213560913688,-0.5277853404606639,-0.9746620653959868,0.0017804472073339,-0.8087170981083891,190
-0.9000584788461803,-1.228385349921722,-0.9990459470038864,0.0017804472073339,0.948855354675604,181
0.4346637414194257,-0.5277853404606639,1.6169962083579104,-1.1427927575072254,0.3212386367352683,568
0.8001509351836645,1.5740146879225108,1.1467356344912758,0.7648292503503734,1.090099821531061,530
0.1547653208784581,-1.228385349921722,0.5336551826355153,-1.1427927575072254,1.3725887552419755,422
-1.388145807227537,-1.5786853546522512,-0.2083115005762859,-0.3797439543641858,0.4391470612406934,278
0.5803959769076982,-1.5786853546522512,0.3560011880636755,0.3833048487788537,0.8505983342544164,392
1.269732582868098,-1.228385349921722,1.5124938586097694,0.3833048487788537,0.6811049740278678,566
1.3692006166140616,-1.228385349921722,-0.5357521964537945,0.7648292503503734,1.2755599475760528,283
0.7076225316990471,-1.5786853546522512,0.2549822499738058,0.3833048487788537,-0.4992074837816481,357
1.3969591376594468,1.5740146879225108,-0.037624329320989,-0.3797439543641858,-0.4758714414316161,342
-1.5454440931513866,1.5740146879225108,-1.469306520870521,-1.1427927575072254,1.1122076511258283,124
-0.573895856562904,1.2237146831919816,-0.114259385802959,1.146353651921893,-0.1847850184338478,309
-0.5762090666500194,0.1728146690003943,-0.8318421874068607,-0.3797439543641858,-1.1477038185614865,183
1.4432233394017555,-1.228385349921722,-1.6992116903164312,0.3833048487788537,1.5629617323080265,121
-0.8491678569296407,-0.5277853404606639,-0.6681218394681064,-1.5243171590787452,1.669816242016068,245
-0.6502317894377133,1.5740146879225108,0.5998400041426712,0.0017804472073339,-0.9450487139427868,399
0.7908980948352028,0.8734146784614526,-0.075941857561974,-1.5243171590787452,0.9967556521309332,348
-0.1274463097496249,1.5740146879225108,-0.2396622055007282,1.5278780534934129,-0.6858958225819046,290
-0.839915016581179,-1.228385349921722,0.2305983683659062,0.0017804472073339,0.1296374469139525,345
0.1501389007042272,-1.5786853546522512,-1.11051512006857,0.3833048487788537,-0.5937798659370412,152
-1.617153605851965,-0.5277853404606639,-0.0550413876123458,0.3833048487788537,-0.0926690617889844,295
-1.580142244458118,1.5740146879225108,-0.5183351381624377,-0.3797439543641858,0.5312630178855569,251
-0.2963106461090517,0.8734146784614526,1.6866644415233378,0.3833048487788537,0.0522600433322672,572
0.3282560774121157,0.1728146690003943,0.986498698210793,-1.5243171590787452,-0.4316557822420817,468
0.0437312366969172,-1.5786853546522512,0.4848874194197161,0.3833048487788537,-0.5986927169581006,380
-1.24472678182638,-1.228385349921722,0.2967831898730622,0.7648292503503734,-0.1786439546575235,345
-0.9046848990204112,1.2237146831919816,-0.4347332583639248,0.0017804472073339,1.4585636481105149,285
1.568136684105989,0.1728146690003943,-0.4103493767560253,0.0017804472073339,-1.680748154346429,263
-1.2215946809552258,-1.228385349921722,-0.4207996117308394,0.3833048487788537,0.6639099954541601,256
-1.7513197909046605,1.5740146879225108,1.2094370443401603,-1.5243171590787452,0.6454868041251873,498
-0.7589526635321387,1.5740146879225108,1.7423990280556796,0.0017804472073339,-0.8873227144453392,563
1.686110398548876,-1.5786853546522512,-1.089614650118942,1.146353651921893,1.156423310315363,204
1.126313557466941,-0.5277853404606639,-0.95724500710463,-1.5243171590787452,-0.1479386357759024,199
-1.3580740760950365,1.2237146831919816,0.7008589422325409,0.7648292503503734,-1.1268242017219838,400
1.4594158100115635,-1.228385349921722,-0.2640460871086278,-1.5243171590787452,0.2119277015166971,305
0.5017468339457734,-0.5277853404606639,-1.072197591827585,-0.7612683559357056,-0.8627584593400422,163
0.0136595055644165,-1.5786853546522512,-0.5531692547451513,1.5278780534934129,1.781583602745169,269
-1.466794950189462,-1.228385349921722,-1.6922448669998884,-1.5243171590787452,0.1271810214034228,61
-1.4413496392311922,0.1728146690003943,-0.3337143202740552,0.7648292503503734,0.7744491434279961,275
0.5526374558623129,0.1728146690003943,-1.4309889926295358,-0.3797439543641858,-0.8504763317873938,117
-1.1082473866865694,0.8734146784614526,1.3383232756962011,0.7648292503503734,1.3652194787103866,533
-1.0249718235504135,1.5740146879225108,0.1574467235422075,1.5278780534934129,-0.5569334832790959,338
-0.0881217382686625,0.8734146784614526,-1.6469605154423606,1.146353651921893,0.5361758689066162,105
1.609774465674067,0.5231146737309235,1.3139393940883015,0.7648292503503734,-0.7546757368767358,528
-0.3009370662832826,-1.228385349921722,-0.3267474969575125,-0.3797439543641858,1.0716766302020886,288
-1.5385044628900404,1.5740146879225108,0.1818306051501071,0.3833048487788537,0.5570554857461185,352
-0.6294128986536743,-0.5277853404606639,0.6555745906750131,1.5278780534934129,0.2119277015166971,415
-1.573202614196772,0.8734146784614526,-0.2814631453999847,1.146353651921893,-1.2975457747037973,251
-1.0619831849442607,1.2237146831919816,1.0143659914769638,1.146353651921893,-0.3051498684498026,462
1.063856885114824,0.1728146690003943,1.327873040721387,-0.7612683559357056,0.4858191459407575,541
0.4069052203740405,1.2237146831919816,1.404508097203357,-1.5243171590787452,-1.093662457329833,524
1.3252496249588683,0.5231146737309235,1.6030625617248249,-1.5243171590787452,1.512605009342168,603
-0.3957786798550154,1.2237146831919816,-0.5357521964537945,1.146353651921893,-0.8639866720953071,239
1.4709818604471407,0.5231146737309235,0.948181169969808,0.7648292503503734,1.3210038195208522,508
-1.466794950189462,0.8734146784614526,0.6520911790167417,1.5278780534934129,0.3593132321484785,414
0.6405394391726995,0.1728146690003943,-0.1978612656014718,1.5278780534934129,-0.397265825094666,303
1.2049627004288657,0.5231146737309235,0.4187025979125601,-0.7612683559357056,0.8297187174149141,420
0.5665167163850056,0.5231146737309235,-1.0338800635866,0.0017804472073339,-1.2533301155142629,170
-1.5385044628900404,0.5231146737309235,1.6622805599154382,1.5278780534934129,-0.0423123388231258,549
0.585022397081929,0.8734146784614526,0.0633946087688806,-1.5243171590787452,-1.553014027798885,324
1.4802347007956025,-0.1774853357301348,-0.1003257391698736,0.0017804472073339,1.6096338170080906,358
-1.1036209665123389,-0.1774853357301348,-1.1592828832843691,1.5278780534934129,0.5951300811593287,156
-1.2632324625233036,1.2237146831919816,-0.3894489068063971,1.146353651921893,1.25713675624708,284
-0.1135670492269323,1.5740146879225108,1.0004323448438783,-0.7612683559357056,1.7066626246740135,507
-0.60628079778252,-1.5786853546522512,1.0701005780093058,-0.7612683559357056,0.6233789745304201,475
0.9898341623271302,1.2237146831919816,0.2236315450493635,-1.1427927575072254,-0.3383116128419534,374
1.1031814565957865,1.2237146831919816,0.8367119969051242,-0.7612683559357056,1.14045654449692,488
-0.4050315202034771,-0.8780853451911931,-0.901510420572288,0.7648292503503734,-0.872584161382161,174
-1.3696401265306135,0.5231146737309235,0.9342475233367225,1.146353651921893,1.090099821531061,465
0.281991875669807,-0.1774853357301348,-1.2707520563490529,1.5278780534934129,1.779127177234639,178
-0.6502317894377133,1.5740146879225108,-0.5322687847955231,-0.3797439543641858,0.4858191459407575,260
-0.6641110499604059,-1.5786853546522512,-1.7026951019747023,-0.7612683559357056,1.0434277368309972,83
-1.2678588826975346,-0.5277853404606639,-0.8771265389643885,-1.1427927575072254,1.0827305449994722,200
-0.7473866130965615,-0.8780853451911931,0.9795318748942502,1.5278780534934129,-1.7630384089491735,426
-1.105934176599454,1.2237146831919816,-0.5740697246947796,-1.5243171590787452,1.393468372081478,261
0.9736416917173222,-0.8780853451911931,1.0004323448438783,-0.3797439543641858,-1.7618101961939088,451
0.9690152715430912,-1.228385349921722,1.0944844596172054,1.5278780534934129,-0.452535399081584,484
-0.7057488315284838,-0.5277853404606639,0.3281338947975045,1.146353651921893,-0.7104600776872014,352
-1.6772970681169663,-1.228385349921722,1.5995791500665535,0.0017804472073339,-1.4473877308461085,505
0.5780827668205828,0.5231146737309235,0.1191291953012225,-1.1427927575072254,-0.0238891474941531,355
0.6335998089113531,-0.1774853357301348,-0.5601360780616941,0.0017804472073339,-0.5839541638949224,245
-1.4182175383600375,-0.5277853404606639,0.9133470533870942,-1.5243171590787452,1.242398203183902,458
1.0777361456375167,-0.1774853357301348,0.9237972883619084,1.146353651921893,-0.1872414439443775,471
1.4015855578336776,-0.5277853404606639,0.3734182463550323,1.146353651921893,1.0581662898941753,414
-0.957888731024066,1.5740146879225108,0.7182760005238977,-1.1427927575072254,0.8616522490518,441
1.5380649529734882,0.1728146690003943,-0.6681218394681064,0.0017804472073339,-0.1725028908811993,250
-1.105934176599454,-1.5786853546522512,1.1537024578078183,-0.7612683559357056,-0.5532488450133013,461
-0.6085940078696355,0.8734146784614526,-0.5671029013782368,1.5278780534934129,-1.0998035211061574,226
-0.1482652005336638,0.1728146690003943,-1.3264866428813948,0.7648292503503734,-1.1980605415273449,117
-1.6888631185525436,0.8734146784614526,-0.7099227793673628,1.5278780534934129,0.062085745374386,211
1.5426913731477192,0.1728146690003943,-1.0582639451944995,0.7648292503503734,-0.4513071863263191,190
1.3414420955686763,1.5740146879225108,1.4079915088616284,-0.7612683559357056,-0.68221118431611,545
-1.6772970681169663,0.1728146690003943,0.0633946087688806,0.7648292503503734,0.0829653622138883,318
1.297491103913483,-0.8780853451911931,-0.4277664350473821,0.7648292503503734,-0.0030095306546507,279
-0.7150016718769455,1.5740146879225108,-0.3162972619826983,-1.5243171590787452,0.434234210219634,289
-1.318749504614074,1.2237146831919816,-0.5253019614789805,1.5278780534934129,1.290298500639231,264
-1.3280023449625358,0.8734146784614526,1.0770674013258486,-1.5243171590787452,0.0387497030243539,471
-0.1713973014048182,-1.228385349921722,1.585645503433468,0.3833048487788537,1.306265266457674,568
-0.1899029821017417,-0.5277853404606639,-0.5566526664034227,-1.5243171590787452,0.8825318658913025,257
0.8764868680584739,0.1728146690003943,-0.8806099506226599,1.146353651921893,0.2156123397824916,218
-0.0557367970490464,-1.5786853546522512,0.2689158966068913,1.146353651921893,-0.2609342092602682,353
0.9296907000621288,-1.228385349921722,-0.1595437373604868,-1.5243171590787452,-0.5950080786923061,300
0.1663313713140353,0.5231146737309235,0.7391764704735259,1.146353651921893,-1.657412111996397,413
1.318309994697522,1.2237146831919816,-0.54968584308688,-1.1427927575072254,0.094019277011272,275
1.1332531877282872,1.2237146831919816,1.7249819697643227,1.146353651921893,-1.7777769620123518,569
0.212595573056344,-0.8780853451911931,0.2619490732903485,0.7648292503503734,0.078052511192829,365
-1.5223119922802324,-0.1774853357301348,0.8123281152972246,-0.7612683559357056,-0.4070915271367847,417
0.4230976909838486,-1.228385349921722,0.7252428238404404,0.3833048487788537,0.6196943362646257,441
-0.4906202934267483,-0.1774853357301348,0.1086789603264084,-0.3797439543641858,0.7462002500569047,348
0.2519201445373064,-1.228385349921722,-0.0550413876123458,0.3833048487788537,-0.2265442521128525,313
-0.7543262433579079,-1.5786853546522512,0.8576124668547523,-1.5243171590787452,1.3504809256472083,454
-1.6240932361133116,-0.1774853357301348,-1.4275055809712645,0.0017804472073339,1.6992933481424244,129
1.67917076828753,1.5740146879225108,0.1435130769091221,0.0017804472073339,0.2893051050983823,384
0.4531694221163492,-1.228385349921722,-1.242884763082882,0.0017804472073339,-0.2535649327286791,144
-0.8769263779750259,-0.5277853404606639,1.4881099770018698,0.0017804472073339,0.2414048076430534,531
-1.2331607313908028,-0.8780853451911931,1.0387498730848634,0.0017804472073339,-1.6279350058700406,430
-0.6178468482180972,-1.5786853546522512,-1.413571934338179,-0.3797439543641858,0.7130385056647539,120
1.211902330690212,-1.5786853546522512,-0.037624329320989,1.5278780534934129,1.6980651353871596,357
1.5241856924507955,-0.8780853451911931,1.167636104440904,-1.1427927575072254,-1.1329652654983082,492
1.387706297310985,-1.5786853546522512,-1.2394013514246107,-0.3797439543641858,-1.0580442874271525,142
0.5086864642071197,0.1728146690003943,1.1432522228330044,-1.1427927575072254,0.2794794030562635,504
-0.0418575365263538,-1.228385349921722,1.3243896290631156,-1.5243171590787452,-1.064185351203477,493
-0.0025329650453914,0.5231146737309235,-1.18715017655054,0.3833048487788537,-0.7927503322899461,148
-1.445976059405423,-0.1774853357301348,-0.4626005516300958,-1.5243171590787452,-0.7276550562609093,230
-1.388145807227537,0.5231146737309235,0.578939534193043,-0.7612683559357056,1.77421432621358,425
-0.0302914860907766,0.5231146737309235,0.2062144867580067,-1.5243171590787452,-0.0840715725021305,359
1.0129662631982843,-0.1774853357301348,0.9830152865525216,0.7648292503503734,0.5631965495224428,491
1.285925053477906,1.5740146879225108,1.2198872793149746,1.5278780534934129,-0.3235730597787753,524
-0.3772729991580919,0.8734146784614526,-0.3093304386661556,0.3833048487788537,-0.3284859107998347,279
0.2496069344501909,0.5231146737309235,0.1992476634414639,-0.3797439543641858,-0.555705270523831,354
-0.5600165960402114,-0.1774853357301348,0.4152191862542887,0.0017804472073339,-1.3184253915432995,358
-0.1274463097496249,-0.1774853357301348,-0.2675294987668992,-1.1427927575072254,-0.2597059965050033,282
0.7376942628315478,-1.5786853546522512,0.0111434338948101,-0.7612683559357056,-0.8946919909769282,315
-1.3326287651367668,-1.228385349921722,1.327873040721387,-1.1427927575072254,0.4465163377722825,501
-1.286364563394458,0.8734146784614526,-0.7447568959500765,0.7648292503503734,-0.824683863926832,196
0.1455124805299963,1.5740146879225108,0.171380370175293,-1.5243171590787452,-0.9904925858875862,347
-0.909311319194642,-1.5786853546522512,-1.3439037011727517,-0.3797439543641858,0.8997268444650103,129
1.662978297677722,0.5231146737309235,-1.657410750417175,1.5278780534934129,1.235028926652313,135
-0.2269143434955886,1.5740146879225108,-1.0199464169535146,-1.5243171590787452,1.4904971797474007,212
-0.0950613685300088,0.8734146784614526,-0.7343066609752624,0.7648292503503734,-1.136649903764103,208
-1.2030890002583023,0.1728146690003943,-0.5357521964537945,-1.1427927575072254,1.7398243690661643,265
0.994460582501361,0.8734146784614526,0.2967831898730622,0.3833048487788537,-1.4866905390145837,364
-1.621780026026196,1.2237146831919816,0.8576124668547523,0.7648292503503734,-1.301230412969592,416
1.5380649529734882,-1.5786853546522512,-0.9189274788636448,0.3833048487788537,-0.4390250587736707,200
0.2843050857569225,-0.5277853404606639,1.6204796200161815,1.5278780534934129,-1.0273389685455314,545
-1.4482892694925384,-1.228385349921722,-0.0062736243965466,-1.5243171590787452,-0.2007517842522908,298
1.5496310034090657,1.2237146831919816,0.1957642517831926,1.5278780534934129,-0.1540796995522267,381
0.5642035062978902,-1.5786853546522512,-1.413571934338179,-1.5243171590787452,-1.214027307345788,103
0.5341317751653895,-1.5786853546522512,1.139768811174733,-1.5243171590787452,-0.9954054369086456,473
0.8788000781455894,1.5740146879225108,0.7078257655490836,0.3833048487788537,-1.1710398609115182,431
-0.6224732683923281,-0.8780853451911931,-1.0826478268023991,0.3833048487788537,0.3175539984694738,165
0.9019321790167436,0.1728146690003943,-1.0094961819787005,0.3833048487788537,-0.3616476551919855,190
-0.7913376047517549,0.1728146690003943,-1.6399936921258178,0.0017804472073339,-0.1098640403626922,82
0.1686445814011507,-0.8780853451911931,0.5301717709772439,-0.7612683559357056,-0.7571321623872656,389
1.2466004819969434,-0.5277853404606639,-0.6263208995688501,-1.1427927575072254,-0.2019799970075556,248
-0.8283489661456018,-1.228385349921722,0.1539633118839362,0.0017804472073339,0.8407726322122977,346
1.3321892552202146,-0.5277853404606639,1.7110483231312372,0.7648292503503734,1.3897837338156835,611
0.4878675734230808,0.1728146690003943,0.9969489331856072,-1.1427927575072254,0.275794764790469,483
-0.1205066794882786,0.5231146737309235,0.7356930588152545,-0.7612683559357056,-0.4660457393894973,427
1.0916154061602092,-1.228385349921722,0.815811526955496,0.3833048487788537,0.6024993576909178,462
1.2026494903417502,0.1728146690003943,0.1748637818335644,1.5278780534934129,0.7904159092464391,383
1.3692006166140616,-0.8780853451911931,1.3069725707717588,-0.7612683559357056,-1.55424224055415,503
-1.6842366983783128,-0.8780853451911931,0.3211670714809618,1.5278780534934129,0.0338368520032945,348
1.3923327174852158,-0.8780853451911931,1.23382092594806,0.3833048487788537,0.9820170990677548,534
-0.0580500071361619,1.2237146831919816,1.4706929187105129,0.7648292503503734,0.5582836985013834,555
1.531125322712142,0.5231146737309235,1.3348398640379298,0.3833048487788537,1.3357423725840305,564
0.5549506659494284,0.5231146737309235,-1.4205387576547217,0.3833048487788537,1.036058460299408,151
-1.5269384124544632,1.2237146831919816,1.498560211976684,-1.5243171590787452,-1.0752392660008605,512
0.0714897577423024,0.8734146784614526,0.1086789603264084,-0.7612683559357056,1.1416847572521849,368
-0.0326046961778921,-0.8780853451911931,1.1746029277574468,0.3833048487788537,-0.3149755704919214,486
-0.1644576711434719,-0.8780853451911931,1.4672095070522415,0.7648292503503734,-0.3309423363103643,526
0.1177539594846111,0.5231146737309235,-1.4066051110216362,-1.1427927575072254,1.3173191812550575,152
1.3229364148717528,-0.8780853451911931,-0.2257285588676428,0.7648292503503734,-0.992949011398116,292
0.2241616234919211,-1.5786853546522512,-0.511368314845895,-1.1427927575072254,-1.0408493088534447,231
-1.122126647209262,0.5231146737309235,-0.4417000816804676,1.5278780534934129,0.3150975729589441,259
0.1871502620980742,-0.8780853451911931,0.1156457836429511,-0.3797439543641858,-0.0926690617889844,340
0.1200671695717266,-1.5786853546522512,0.7600769404231541,-0.7612683559357056,1.155195097560098,448
-0.8838660082363723,1.2237146831919816,-0.1699939723353009,0.3833048487788537,0.498101273493406,307
-0.0487971667877001,-0.8780853451911931,-1.3055861729317666,-1.1427927575072254,0.1198117448718337,137
-1.0666096051184917,-1.228385349921722,0.4883708310779874,0.3833048487788537,-0.333398761820894,372
-1.4344100089698455,-0.5277853404606639,0.1017121370098656,-0.7612683559357056,-0.3591912296814558,315
-0.1806501417532799,-1.228385349921722,-0.1525769140439441,0.7648292503503734,-0.817314587395243,284
0.2380408840146138,-1.5786853546522512,0.7705271753979682,-0.3797439543641858,1.4057504996341263,456
1.642159406893683,1.2237146831919816,1.31045598243003,0.3833048487788537,-0.2769009750787112,540
0.3074371866280768,1.2237146831919816,-1.319519819564852,-0.7612683559357056,0.1799941698798111,152
-1.5824554545452336,-0.5277853404606639,-0.1943778539432005,-1.1427927575072254,-0.1663618271048751,274
1.621340516109644,-0.8780853451911931,-1.660894162075446,0.3833048487788537,-1.291404710927473,85
-0.6941827810929065,-0.5277853404606639,1.623963031674453,-0.7612683559357056,0.2119277015166971,552
-0.3842126294194382,-0.1774853357301348,-0.2013446772597432,0.0017804472073339,-1.562839729841004,268
0.0599237073067252,-0.1774853357301348,0.3594845997219468,-1.5243171590787452,-1.1833219884641668,360
1.4501629696631018,-1.228385349921722,-0.1212262091195018,-1.5243171590787452,-0.1503950612864321,320
-1.3002438239171503,-0.5277853404606639,1.5821620917751968,0.7648292503503734,0.7179513566858132,547
1.2419740618227126,1.5740146879225108,1.3348398640379298,1.5278780534934129,-1.4498441563566382,522
-0.9787076218081052,-0.5277853404606639,-0.1943778539432005,0.3833048487788537,0.5435451454382052,293
0.6706111703052001,-0.5277853404606639,0.6033234158009425,0.0017804472073339,0.5496862092145295,429
0.2588597747986527,0.5231146737309235,1.5717118568003827,0.0017804472073339,0.3961596148064238,566
1.6930500288102224,0.1728146690003943,0.4047689512794746,-0.7612683559357056,0.2696537010141448,413
1.2651061626938669,1.2237146831919816,-1.528524519061134,1.146353651921893,1.6661316037502736,160
1.4015855578336776,-0.5277853404606639,-0.3685484368567688,0.7648292503503734,1.1895850547075135,310
-1.649538547071581,1.2237146831919816,-0.0062736243965466,0.7648292503503734,1.640339135889712,340
0.0275387660871091,-1.5786853546522512,-1.11051512006857,-0.3797439543641858,-0.4095479526473145,153
1.669917927939068,-1.5786853546522512,0.8436788202216668,-1.1427927575072254,-0.9413640756769924,446
-0.60628079778252,0.1728146690003943,1.3940578622285429,-0.3797439543641858,1.2313442883865184,541
0.1200671695717266,0.1728146690003943,1.4254085671529853,-1.1427927575072254,0.0154136606743219,535
0.3698938589801936,0.1728146690003943,-0.7726241892162474,-1.5243171590787452,0.6553125061673062,233
-0.3703333688967456,0.5231146737309235,1.2825886891638592,-1.1427927575072254,1.6870112205897758,538
-1.3141230844398433,-0.1774853357301348,0.8715461134878378,1.5278780534934129,-1.5898604104568306,410
-0.0140990154809686,-0.1774853357301348,1.6866644415233378,0.7648292503503734,-0.3211166342682456,564
-1.4806742107121544,1.5740146879225108,0.6625414139915557,0.0017804472073339,0.3544003811274191,419
0.2496069344501909,1.5740146879225108,-0.6158706645940359,-0.3797439543641858,1.4990946690342546,276
-0.5762090666500194,0.1728146690003943,1.2512379842394168,-1.1427927575072254,0.204558424985108,504
0.4809279431617345,-1.228385349921722,-0.3441645552488693,1.146353651921893,-0.9131151823059008,263
1.5288121126250265,1.5740146879225108,-0.9363445371550018,-0.3797439543641858,0.7376027607700507,234
0.6243469685628914,0.1728146690003943,-1.1418658249930125,1.146353651921893,0.3887903382748348,180
-0.1667708812305873,-0.5277853404606639,0.3490343647471328,-1.1427927575072254,0.6639099954541601,384
-1.600961135242157,-0.1774853357301348,0.7670437637396968,-1.5243171590787452,0.9537682056966634,432
0.3976523800255788,-1.228385349921722,-1.5529084006690337,-0.7612683559357056,-0.2437392306865604,99
0.7400074729186632,1.2237146831919816,-0.3476479669071406,0.3833048487788537,1.575243859860675,321
-0.0973745786171243,-1.5786853546522512,-1.1314155900181984,-0.7612683559357056,0.2021019994745783,159
-1.2192814708681103,-0.5277853404606639,1.0735839896675772,0.0017804472073339,0.8518265470096813,477
0.8695472377971276,-1.5786853546522512,-0.0202072710296321,-0.3797439543641858,-0.7767835664715032,315
-1.1128738068608004,-1.5786853546522512,-0.1525769140439441,0.0017804472073339,-0.1786439546575235,280
1.4918007512311795,0.5231146737309235,-0.7761076008745188,-1.5243171590787452,-0.8664430976058368,225
-1.0388510840731064,0.8734146784614526,0.8994134067540088,-0.3797439543641858,1.0643073536704994,466
0.4462297918550029,0.8734146784614526,0.1992476634414639,-1.5243171590787452,-1.6782917288358994,340
1.285925053477906,-1.228385349921722,1.167636104440904,0.3833048487788537,-0.1896978694549072,502
0.6405394391726995,0.8734146784614526,-1.44143922760435,1.5278780534934129,-1.3540435614459805,113
-1.0087793529406055,-0.5277853404606639,-1.5145908724280486,0.0017804472073339,1.3038088409471442,116
-1.4043382778373452,1.2237146831919816,-0.1699939723353009,1.146353651921893,0.078052511192829,294
0.4832411532488499,0.1728146690003943,1.460242683735699,1.146353651921893,-0.8062606725978594,532
-0.3009370662832826,1.5740146879225108,0.0320439038444383,0.3833048487788537,-0.4721868031658215,330
1.2998043140005986,0.5231146737309235,-0.1560603257022154,-0.3797439543641858,-0.9143433950611656,311
0.5295053549911586,-0.1774853357301348,-0.6820554861011919,-0.3797439543641858,-1.055587861916623,219
1.350694935917138,-0.8780853451911931,-0.8422924223816748,-1.1427927575072254,0.0584011071085914,220
0.0275387660871091,1.5740146879225108,-0.3232640852992411,-1.1427927575072254,-0.7546757368767358,278
1.2674193727809824,-0.5277853404606639,1.0492001080596776,-0.3797439543641858,0.5251219541092326,501
0.6983696913505854,1.2237146831919816,0.1539633118839362,0.7648292503503734,-1.4437030925803138,343
-0.3125031167188598,-1.5786853546522512,0.7217594121821691,0.3833048487788537,1.3271448832971764,440
-1.0828020757282997,-0.5277853404606639,-1.1244487667016556,0.0017804472073339,0.2770229775457339,154
-1.0249718235504135,1.2237146831919816,0.2514988383155345,0.0017804472073339,-0.7190575669740554,346
1.4108383981821393,-0.8780853451911931,-1.4031216993633648,1.146353651921893,0.6184661235093608,150
1.494113961318295,-0.8780853451911931,1.185053162732261,1.5278780534934129,-0.5937798659370412,503
-1.4714213703636927,0.5231146737309235,0.2445320149989917,0.7648292503503734,1.1257179914337418,366
-1.0342246638988757,-0.8780853451911931,0.0912619020350515,1.146353651921893,1.072904842957353,341
-0.1899029821017417,-0.1774853357301348,1.509010446951498,-0.7612683559357056,-1.1575295206036051,522
-1.154511588428878,-1.5786853546522512,-0.2744963220834419,-0.7612683559357056,0.0240111499611758,265
0.8394755066646269,1.5740146879225108,-1.5250411074028627,0.3833048487788537,1.5236589241395515,154
0.8834264983198202,1.2237146831919816,-1.368287582780651,0.0017804472073339,-1.616881091072657,124
1.302117524087714,-0.8780853451911931,-1.298619349615224,0.0017804472073339,1.21906216083387,173
-1.6796102782040818,1.5740146879225108,-0.8806099506226599,0.7648292503503734,-0.809945310863654,176
0.3930259598513479,1.5740146879225108,-0.1316764440943159,-1.5243171590787452,1.334514159828765,345
-1.0087793529406055,1.2237146831919816,1.1989868093653464,-0.3797439543641858,1.2866138623734364,515
-0.3495144781127067,-0.5277853404606639,0.3838684813298464,-1.1427927575072254,1.1392283317416552,394
-0.516065604385018,-1.5786853546522512,1.7354322047391368,0.0017804472073339,-1.4129977736986927,538
0.622033758475776,-0.1774853357301348,0.9377309349949938,-0.3797439543641858,1.3971530103472725,492
-1.110560596773685,-1.5786853546522512,1.4184417438364425,0.0017804472073339,0.8874447169123618,523
1.7046160792457996,0.5231146737309235,0.6033234158009425,-1.1427927575072254,-0.4390250587736707,432
-0.1020009987913551,0.5231146737309235,1.2268541026315174,0.3833048487788537,-0.6932650991134937,495
-1.3094966642656125,-0.8780853451911931,-1.6399936921258178,0.7648292503503734,0.4575702525696661,78
-1.728187690033506,-0.1774853357301348,-1.023429828611786,1.5278780534934129,0.569337613298767,167
1.4848611209698332,0.8734146784614526,-1.612126398859647,-0.7612683559357056,1.3025806281918797,142
1.4640422301857945,-1.5786853546522512,-1.504140637453235,0.3833048487788537,-0.5495642067475068,113
-1.765199051427353,-1.228385349921722,-1.413571934338179,-0.7612683559357056,-1.1084010103930113,77
1.2674193727809824,1.2237146831919816,0.133062841934308,-1.1427927575072254,-0.6883522480924342,359
-0.1644576711434719,-0.5277853404606639,0.4535367144952738,-1.5243171590787452,-1.0506750108955636,371
1.0939286162473247,0.1728146690003943,1.5055270352932266,1.5278780534934129,-0.5385102919501231,551
-0.5044995539494409,-1.5786853546522512,-1.4902069908201492,-0.7612683559357056,0.094019277011272,100
-0.2361671838440504,1.5740146879225108,0.6555745906750131,-0.7612683559357056,-0.4242865057104926,421
-1.089741705989646,0.1728146690003943,-0.3406811435905979,-1.5243171590787452,-0.5520206322580364,257
-1.2169682607809948,0.5231146737309235,0.9168304650453656,0.3833048487788537,-1.7704076854807629,418
1.0152794732854,0.1728146690003943,-1.424022169312993,-0.7612683559357056,0.3617696576590082,144
0.8232830360548189,0.1728146690003943,-0.7552071309248907,0.3833048487788537,-0.0238891474941531,231
0.994460582501361,-0.1774853357301348,-0.9885957120290724,0.0017804472073339,-1.2901764981722084,177
-0.8746131678879105,0.8734146784614526,-0.9642118304211726,0.3833048487788537,-0.7129165031977311,172
0.2542333546244218,0.1728146690003943,0.3455509530888614,-0.7612683559357056,0.2536869351957018,386
-1.2933041936558043,0.5231146737309235,-0.1247096207777731,-0.7612683559357056,-1.7089970477175205,268
0.3629542287188473,0.5231146737309235,1.1606692811243613,1.5278780534934129,1.5175178603632271,528
0.5017468339457734,0.1728146690003943,0.8297451735885815,-1.5243171590787452,1.1220333531679472,473
0.5618902962107747,0.5231146737309235,-0.9607284187629012,1.5278780534934129,0.8297187174149141,214
0.2264748335790366,0.5231146737309235,0.5232049476607011,1.5278780534934129,-0.6441365889028998,399
0.5919620273432754,-0.1774853357301348,-0.6193540762523073,1.146353651921893,0.918150035793983,261
-1.2586060423490728,0.8734146784614526,-1.396154876046822,0.3833048487788537,0.8727061638491838,131
0.7446338930928941,1.5740146879225108,-1.11051512006857,-0.7612683559357056,-1.5173958578962046,162
-1.4367232190569612,-0.5277853404606639,0.8401954085633956,0.0017804472073339,-0.4942946327605887,419
0.462422262464811,-0.8780853451911931,1.1258351645416476,1.5278780534934129,0.172624893348222,494
-1.2331607313908028,1.5740146879225108,-1.0582639451944995,0.7648292503503734,-0.3248012725340402,164
-1.0180321932890677,-1.228385349921722,0.7008589422325409,-1.5243171590787452,-0.714144715952996,396
-0.8260357560584863,0.1728146690003943,1.0387498730848634,1.146353651921893,0.5914454428935342,477
0.4832411532488499,0.1728146690003943,-0.4242830233891107,0.0017804472073339,1.6722726675265978,302
0.1894634721851896,-0.5277853404606639,0.2932997782147908,-0.3797439543641858,-0.7411653965688226,357
1.3090571543490603,-0.1774853357301348,1.0457166964014062,-1.1427927575072254,-1.663553175772721,467
0.9181246496265516,0.5231146737309235,1.3905744505702715,1.5278780534934129,-0.1970671459864962,540
-0.7959640249259857,-1.228385349921722,-1.1418658249930125,-1.5243171590787452,0.6160096979988311,156
-0.7196280920511764,-1.5786853546522512,0.3281338947975045,-1.1427927575072254,0.7498848883226992,369
0.871860447884243,-1.5786853546522512,-1.5981927522265615,-0.7612683559357056,0.1640274040613681,103
-1.6079007655035034,0.8734146784614526,0.2236315450493635,-1.1427927575072254,1.4315429674946882,367
-0.8884924284106032,0.8734146784614526,0.8123281152972246,-0.3797439543641858,0.2426330203983182,442
-0.6363525289150207,0.5231146737309235,-0.4277664350473821,0.3833048487788537,-0.7988913960662704,249
0.9366303303234752,-0.1774853357301348,0.6311907090671135,-1.5243171590787452,-0.2756727623234463,425
0.5757695567334673,-1.228385349921722,-1.375254406097194,-0.7612683559357056,0.4317777847091044,138
-0.5623298061273267,-0.1774853357301348,0.5266883593189725,-1.1427927575072254,-1.026110755790267,378
0.585022397081929,0.8734146784614526,-1.3299700545396662,-1.5243171590787452,1.5764720726159398,175
1.1170607171184792,1.2237146831919816,-0.0411077409792603,0.0017804472073339,-0.5348256536843287,335
0.3051239765409614,0.8734146784614526,0.7217594121821691,1.5278780534934129,-0.36533229345778,435
-1.0619831849442607,-0.1774853357301348,-0.8109417174572325,-0.3797439543641858,-0.1209179551600758,195
-0.7034356214413683,-0.8780853451911931,-0.4068659650977539,1.146353651921893,-1.0113722027270884,239
-0.6479185793505978,1.2237146831919816,-0.246629028817271,-1.5243171590787452,-1.2029733925484043,271
-1.089741705989646,1.5740146879225108,-1.127932178359927,1.5278780534934129,-0.0509098281099797,161
1.163324918860788,-1.5786853546522512,-1.3334534661979376,-0.7612683559357056,0.0608575326191211,144
-1.0180321932890677,1.5740146879225108,0.4047689512794746,1.146353651921893,0.6651382082094249,393
0.9713284816302068,0.1728146690003943,-1.298619349615224,1.5278780534934129,-0.8357377787242156,142
-1.5546969334998484,0.1728146690003943,-0.4033825534394825,-1.5243171590787452,-0.0668765939284227,250
-1.7466933707304295,1.2237146831919816,1.6204796200161815,-0.7612683559357056,-0.2683034857918572,540
0.8602943974486659,0.5231146737309235,-1.2394013514246107,1.146353651921893,-0.2118056990496744,161
-0.250046444366743,-1.5786853546522512,-0.9711786537377154,-1.1427927575072254,1.6919240716108352,204
1.498740381492526,0.5231146737309235,0.0459775504775238,0.0017804472073339,-0.2032082097628205,354
0.1038746989619185,0.1728146690003943,0.9446977583115366,0.7648292503503734,-0.2511085072181494,462
-0.2778049654121282,1.5740146879225108,-0.2710129104251706,0.3833048487788537,1.3210038195208522,316
1.4316572889661785,-1.228385349921722,-0.6158706645940359,-0.7612683559357056,1.3087216919682036,272
-1.3441948155723438,1.5740146879225108,-0.5810365480113223,-1.1427927575072254,0.5054705500249951,244
1.6074612555869514,1.5740146879225108,-0.1456100907274014,-1.5243171590787452,-0.8271402894373617,323
-0.7173148819640609,1.5740146879225108,0.6555745906750131,-1.1427927575072254,-0.4795560796974106,414
0.9690152715430912,1.2237146831919816,0.0459775504775238,-0.3797439543641858,0.3801928489879809,360
1.0291587338080923,-0.5277853404606639,0.3002666015313336,-1.5243171590787452,-1.0126004154823534,365
-1.450602479579654,1.5740146879225108,-0.4277664350473821,-1.5243171590787452,0.5152962520671138,265
1.1101210868571327,0.8734146784614526,0.5928731808261285,0.3833048487788537,-1.4044002844118388,410
-1.2678588826975346,1.5740146879225108,-1.012979593636972,-1.5243171590787452,0.5705658260540318,184
-1.4413496392311922,0.1728146690003943,-0.3476479669071406,0.7648292503503734,0.0510318305770024,262
-0.7288809323996381,-0.8780853451911931,0.1539633118839362,-1.5243171590787452,-0.2056646352733502,332
-0.92550378980445,-0.5277853404606639,0.3664514230384896,0.3833048487788537,1.3148627557445278,387
-0.4351032513359778,-0.8780853451911931,0.4187025979125601,-0.3797439543641858,0.1148988938507743,379
0.1200671695717266,1.5740146879225108,-0.180444207310115,-1.1427927575072254,-1.0875213935535089,295
1.3992723477465625,0.8734146784614526,0.6555745906750131,-0.3797439543641858,-0.6883522480924342,434
0.4809279431617345,0.1728146690003943,0.3525177764054041,-0.7612683559357056,-0.983123309355997,370
1.1610117087736724,-1.5786853546522512,0.6033234158009425,-0.7612683559357056,0.8813036531360376,435
0.4948072036844271,0.8734146784614526,1.1502190461495472,0.3833048487788537,-0.7902939067794164,492
0.5480110356880821,0.5231146737309235,0.6938921189159981,0.3833048487788537,-1.2385915624510848,418
0.8949925487553974,-1.228385349921722,0.9760484632359788,0.3833048487788537,-0.6257133975739272,463
0.0645501274809561,0.5231146737309235,0.8645792901712951,0.7648292503503734,-1.506341943098821,432
-0.0673028474846236,0.1728146690003943,-1.5668420473021192,0.7648292503503734,-0.1147768913837516,102
-1.633346076461773,-1.228385349921722,-1.347387112831023,0.7648292503503734,0.1394631489560712,109
-0.7011224113542529,1.5740146879225108,0.4918542427362588,-1.5243171590787452,0.4931884224723466,406
-1.6888631185525436,-0.1774853357301348,-1.2533349980576962,-1.1427927575072254,-1.4080849226776335,102
1.6722311380261836,-0.5277853404606639,1.5159772702680407,-0.7612683559357056,-0.5520206322580364,555
-0.3980918899421308,1.5740146879225108,0.066878020427152,-0.7612683559357056,-0.7804682047372976,329
0.855667977274435,-1.5786853546522512,0.1783471934918357,0.0017804472073339,0.0755960856822993,357
0.8279094562290498,1.5740146879225108,-0.0724584459037026,0.0017804472073339,-1.5173958578962046,313
1.1309399776411715,0.1728146690003943,-1.242884763082882,0.7648292503503734,-1.0605007129376822,148
0.388399539677117,-0.5277853404606639,-1.4762733441870637,-1.1427927575072254,0.1271810214034228,120
0.6359130189984686,-0.8780853451911931,-1.1697331182591832,0.7648292503503734,1.1244897786784769,182
0.7862716746609719,-1.5786853546522512,0.8088447036389532,0.7648292503503734,0.7056692291331648,457
1.5820159446286817,-1.5786853546522512,-0.4033825534394825,0.7648292503503734,0.6577689316778358,293
0.3976523800255788,-1.228385349921722,-0.769140777557976,-1.1427927575072254,-1.6193375165831867,189
1.1309399776411715,1.5740146879225108,-0.5601360780616941,0.7648292503503734,1.6722726675265978,299
-0.213035082972896,-0.5277853404606639,0.4117357745960173,0.7648292503503734,1.0876433960205316,399
0.7261282123959706,0.8734146784614526,-0.1490935023856727,-1.1427927575072254,1.1294026296995363,339
-1.5778290343710029,0.1728146690003943,-0.3546147902236834,-1.5243171590787452,-1.4756366242172,233
1.1448192381638644,-1.5786853546522512,-0.7168896026839056,-1.5243171590787452,1.5310282006711406,256
-1.0457907143344527,-0.5277853404606639,-0.9537615954463584,0.0017804472073339,-0.3591912296814558,169
1.6074612555869514,-0.8780853451911931,0.6381575323836562,-1.5243171590787452,-1.4940598155461726,411
-0.8445414367554098,-0.5277853404606639,-1.4344724042878072,0.3833048487788537,-0.397265825094666,102
-0.5044995539494409,-1.5786853546522512,0.5301717709772439,-0.7612683559357056,1.73368330528984,417
1.67917076828753,-0.5277853404606639,1.1223517528833762,-0.3797439543641858,1.7643886241714613,537
1.1309399776411715,0.5231146737309235,1.212920455998432,0.7648292503503734,-1.0187414792586775,503
1.4478497595759865,-1.228385349921722,-0.6123872529357646,0.0017804472073339,-1.442474879825049,228
0.6197205483886605,-0.5277853404606639,-0.1386432674108586,-1.5243171590787452,0.5730222515645615,322
-1.749006580817545,0.1728146690003943,0.7740105870562396,1.146353651921893,0.5423169326829405,427
-0.143638780359433,-0.1774853357301348,0.1121623719846797,-1.1427927575072254,0.3863339127643051,347
-0.9278169998915656,0.1728146690003943,-0.7203730143421769,1.5278780534934129,1.418032627186775,237
0.7700792040511638,-1.5786853546522512,-1.2498515863994248,1.5278780534934129,-0.4427096970394653,143
-0.053423586961931,-0.1774853357301348,-0.1560603257022154,1.5278780534934129,-0.3542783786603964,299
1.2466004819969434,-0.1774853357301348,-0.3580982018819548,0.0017804472073339,0.2684254882588799,296
0.5086864642071197,-1.228385349921722,-1.451889462579164,1.5278780534934129,-0.0582791046415687,119
0.356014598457501,-0.1774853357301348,-0.588003371327865,0.0017804472073339,-0.6330826741055162,237
0.8001509351836645,-0.8780853451911931,1.5612616218255686,0.0017804472073339,1.6992933481424244,585
-0.1528916207078947,1.2237146831919816,0.2689158966068913,-1.5243171590787452,-1.4412466670697843,348
1.366887406526946,-0.1774853357301348,-0.9467947721298158,-0.3797439543641858,-0.4893817817395294,201
-0.7427601929223306,-0.1774853357301348,-1.650443927100632,0.3833048487788537,-1.174724499177313,62
0.9736416917173222,1.5740146879225108,-0.1908944422849291,0.0017804472073339,-0.6367673123713108,312
1.514932852102334,-0.8780853451911931,1.1920199860488037,-0.3797439543641858,-1.3221100298090942,492
-0.4258504109875161,0.8734146784614526,0.0947453136933229,-0.3797439543641858,0.1394631489560712,343
1.163324918860788,-0.5277853404606639,1.240787749264603,1.146353651921893,-1.5431883257567665,493
0.6451658593469304,-0.8780853451911931,0.7182760005238977,0.0017804472073339,1.1883568419522488,454
-0.2939974360219363,-0.5277853404606639,-0.1699939723353009,0.0017804472073339,-1.7175945370043744,269
-0.957888731024066,1.2237146831919816,1.0492001080596776,0.3833048487788537,-1.236135136940555,453
0.1478256906171118,-0.8780853451911931,1.498560211976684,-1.5243171590787452,0.1148988938507743,542
0.941256750497706,-1.228385349921722,-1.2951359379569525,0.7648292503503734,-0.7116882904424663,136
-1.5593233536740794,0.8734146784614526,-1.166249706600912,-0.3797439543641858,-0.6011491424686303,136
-0.6687374701346368,1.5740146879225108,0.5441054176103293,-1.5243171590787452,1.3504809256472083,428
-1.4043382778373452,1.5740146879225108,-0.3371977319323265,-1.1427927575072254,0.188591659166665,273
-0.8584206972781024,0.5231146737309235,1.1223517528833762,0.7648292503503734,1.0937844597968558,499
-0.5623298061273267,1.2237146831919816,0.8436788202216668,-1.1427927575072254,1.7705296879477854,477
-0.1783369316661645,1.5740146879225108,-1.3926714643885507,-0.7612683559357056,-0.0079223816757101,135
-1.7004291689881208,-0.5277853404606639,0.1400296652508507,1.5278780534934129,0.751113101077964,336
1.3969591376594468,1.2237146831919816,0.7356930588152545,-0.7612683559357056,1.7091190501845432,486
-1.0550435546829144,0.8734146784614526,0.645124355700199,1.5278780534934129,0.9009550572202752,427
0.3467617581090392,-0.5277853404606639,0.4361196562039169,0.7648292503503734,-0.2854984643655651,388
1.4918007512311795,0.8734146784614526,-0.9398279488132733,0.7648292503503734,-1.4166824119644874,195
0.0229123459128783,-0.8780853451911931,-0.0236906826879035,-1.1427927575072254,-0.1602207633285509,317
0.9505095908461678,-1.228385349921722,1.1780863394157182,0.0017804472073339,-0.3714733572341042,496
-0.3842126294194382,0.8734146784614526,0.1121623719846797,-1.1427927575072254,0.736374548014786,356
1.3275628350459838,-0.1774853357301348,-1.2359179397663391,-0.7612683559357056,-1.3822924548170716,144
0.2380408840146138,0.8734146784614526,-0.3406811435905979,0.7648292503503734,-0.1872414439443775,284
-0.7057488315284838,1.5740146879225108,1.5055270352932266,0.3833048487788537,-0.0300302112704773,544
1.1193739272055945,-1.228385349921722,-1.5250411074028627,1.146353651921893,-0.04845340259945,116
-0.7196280920511764,-0.1774853357301348,1.3418066873544725,-1.5243171590787452,0.9193782485492478,525
1.4339704990532938,0.1728146690003943,1.2059536326818892,0.3833048487788537,-1.0040029261954997,505
-1.6402857067231196,0.1728146690003943,1.7145317347895086,1.5278780534934129,0.5668811877882373,564
-0.3310087974157832,1.5740146879225108,1.6936312648398806,0.3833048487788537,0.1517452765087197,578
1.2512269021711744,0.8734146784614526,1.2094370443401603,-0.3797439543641858,-1.0776956915113902,505
1.5056800117538722,0.1728146690003943,0.5197215360024298,1.146353651921893,0.7695362924069368,436
0.5040600440328888,0.1728146690003943,0.3385841297723186,-0.3797439543641858,-1.1133138614140703,366
-0.340261637764245,-1.228385349921722,0.5859063575095858,1.146353651921893,-1.4129977736986927,378
-0.6178468482180972,-0.1774853357301348,0.1887974284666498,-1.1427927575072254,0.2475458714193776,350
-0.0349179062650075,-0.5277853404606639,-1.0756810034858564,-0.7612683559357056,-0.6355390996160459,160
-0.0025329650453914,-1.228385349921722,-0.1908944422849291,0.7648292503503734,1.5359410516922,319
0.1177539594846111,1.2237146831919816,-0.0445911526375317,1.5278780534934129,-0.3026934429392729,326
-0.9393830503271426,0.8734146784614526,-0.1003257391698736,-1.1427927575072254,0.925519312325572,321
0.2426673041888446,-0.8780853451911931,1.1815697510739895,0.7648292503503734,0.7769055689385258,509
-0.7288809323996381,-0.5277853404606639,1.1153849295668334,-1.1427927575072254,0.6737356974962788,486
1.65372545732926,0.8734146784614526,-0.5078849031876236,-1.1427927575072254,1.123261565923212,300
1.4015855578336776,0.8734146784614526,-1.504140637453235,1.146353651921893,-1.284035434395884,115
-0.6294128986536743,0.8734146784614526,-0.6820554861011919,-0.3797439543641858,-0.1884696566996423,224
0.5642035062978902,-1.5786853546522512,1.4881099770018698,-0.3797439543641858,-0.8627584593400422,526
-0.0649896373975082,0.8734146784614526,0.578939534193043,0.7648292503503734,1.7619321986609315,444
-1.5917082948936954,-1.5786853546522512,1.7214985581060511,-1.5243171590787452,1.479443264950017,569
1.0129662631982843,1.2237146831919816,-0.8074583057989612,-0.7612683559357056,-0.0705612321942172,231
-0.6247864784794435,-1.228385349921722,-0.6193540762523073,0.0017804472073339,-0.6601033547213428,213
1.609774465674067,-0.5277853404606639,0.3002666015313336,-0.7612683559357056,-0.2339135286444416,385
-0.4443560916844395,0.5231146737309235,0.6729916489663699,-0.7612683559357056,0.1517452765087197,424
0.6636715400438539,-1.228385349921722,0.7217594121821691,-1.1427927575072254,-0.7595885878977953,421
1.3229364148717528,-1.228385349921722,-1.2951359379569525,-0.3797439543641858,0.2119277015166971,156
1.1309399776411715,-0.1774853357301348,0.3873518929881178,1.5278780534934129,-0.8517045445426586,384
0.4693618927261573,1.2237146831919816,-1.0303966519283287,0.0017804472073339,1.7115754756950727,221
0.781645254486741,-1.5786853546522512,0.7078257655490836,0.3833048487788537,-1.2484172644932037,411
1.6722311380261836,-1.228385349921722,0.8018778803224105,-0.7612683559357056,-1.7667230472149682,429
0.0113462954773011,1.2237146831919816,-1.688761455341617,-1.1427927575072254,-1.7003995584306666,65
-0.2361671838440504,0.5231146737309235,1.3209062174048445,0.3833048487788537,0.3347489770431816,523
-1.3904590173146525,0.1728146690003943,-1.573808870618662,-1.1427927575072254,1.3676759042209163,107
-0.8792395880621414,1.2237146831919816,-0.4103493767560253,-1.5243171590787452,-0.6195723337976029,254
0.5780827668205828,-1.5786853546522512,1.700598088156423,1.5278780534934129,1.418032627186775,594
0.7955245150094337,0.5231146737309235,0.3281338947975045,-0.3797439543641858,0.9771042480466956,404
-1.732814110207737,1.2237146831919816,0.1260960186177652,-0.3797439543641858,-1.3257946680748889,309
-0.7774583442290622,-1.5786853546522512,-0.6646384278098351,0.3833048487788537,1.4966382435237249,238
1.1401928179896337,-1.228385349921722,-1.2568184097159676,0.3833048487788537,0.974647822536166,171
0.0275387660871091,-1.5786853546522512,-0.3232640852992411,1.146353651921893,-0.8897791399558689,259
0.191776682272305,-0.5277853404606639,1.6831810298650665,-0.7612683559357056,0.9562246312071933,585
-0.0279782760036612,1.5740146879225108,-0.5427190197703372,-0.3797439543641858,1.322232032276117,280
1.408525188095024,-0.1774853357301348,-0.9851123003708008,-0.7612683559357056,-1.2864918599064137,183
1.248913692084059,-0.1774853357301348,-0.14212667906913,0.0017804472073339,1.4536507970894554,347
0.2935579261053842,-1.228385349921722,-0.6994725443925488,1.146353651921893,0.1234963831376282,227
0.5827091869948137,-0.8780853451911931,-1.2463681747411537,-0.7612683559357056,-0.1835568056785829,149
-0.0788688979202008,1.5740146879225108,1.3731573922789146,-1.1427927575072254,-1.1169984996798652,515
1.4918007512311795,1.2237146831919816,0.5859063575095858,-0.3797439543641858,-0.016519870962564,438
-1.0434775042473372,-0.8780853451911931,-1.3996382877050937,1.146353651921893,1.7054344119187486,137
1.269732582868098,-0.5277853404606639,0.3629680113802182,1.146353651921893,1.172390076133806,413
-1.519998782193117,-1.5786853546522512,1.1885365743905325,-1.1427927575072254,0.514068039311849,478
0.6405394391726995,-1.5786853546522512,-1.0756810034858564,0.3833048487788537,-1.3761513910407477,151
0.0391048165226863,-0.1774853357301348,1.4846265653435984,0.7648292503503734,1.696836922631895,569
-0.5322580749948261,-1.228385349921722,0.5859063575095858,0.7648292503503734,-1.6684660267937803,371
0.6914300610892391,-0.8780853451911931,-1.0199464169535146,0.7648292503503734,-0.7841528430030922,173
1.6676047178519526,-0.1774853357301348,-0.978145477054258,0.7648292503503734,-0.6023773552238951,199
0.1894634721851896,1.2237146831919816,0.6938921189159981,0.7648292503503734,1.0397430985652023,454
0.0714897577423024,-0.8780853451911931,-1.6713443970502602,0.3833048487788537,-0.7423936093240875,72
1.2558533223454051,0.1728146690003943,0.8227783502720387,-0.3797439543641858,-0.8431070552558048,450
0.6497922795211613,1.5740146879225108,-0.4800176099214526,0.7648292503503734,-1.2312222859194957,257
0.3583278085446164,-0.8780853451911931,-1.0094961819787005,-0.7612683559357056,-0.2609342092602682,178
-0.0025329650453914,-0.5277853404606639,0.1644135468587503,-0.7612683559357056,-1.069098202224536,331
-0.0742424777459699,-1.228385349921722,-1.4658231092122496,-0.3797439543641858,1.1539668848048332,128
0.8811132882327047,0.1728146690003943,-0.7552071309248907,0.7648292503503734,-1.663553175772721,205
-0.6386657390021361,-1.228385349921722,0.0459775504775238,-0.3797439543641858,0.2266662545798752,323
1.12168713729271,0.5231146737309235,-1.298619349615224,0.7648292503503734,0.633204676572539,170
-0.553076965778865,0.1728146690003943,0.4012855396212033,-0.7612683559357056,-0.0300302112704773,379
-0.9069981091075264,0.5231146737309235,-0.2431456171589996,-0.3797439543641858,1.6034927532317664,310
0.1547653208784581,-0.1774853357301348,-1.3822212294137368,0.0017804472073339,-0.491838207250059,123
-1.5500705133256176,1.5740146879225108,0.7217594121821691,-0.3797439543641858,1.5494513920001134,446
1.179517389470596,-0.1774853357301348,0.3107168365061477,1.5278780534934129,-0.6072902062449544,377
0.9643888513688604,-1.5786853546522512,0.9133470533870942,-1.5243171590787452,-1.0605007129376822,445
-1.0087793529406055,-1.228385349921722,-1.1801833532339974,-1.5243171590787452,0.3212386367352683,143
0.5803959769076982,0.1728146690003943,-1.504140637453235,0.3833048487788537,0.7449720373016399,133
-0.8630471174523333,-0.5277853404606639,-1.6643775737337174,1.5278780534934129,-1.680748154346429,48
1.1124342969442482,0.5231146737309235,0.0215936688696242,1.146353651921893,-1.365097476243364,327
0.2519201445373064,-0.5277853404606639,0.7078257655490836,-1.5243171590787452,0.498101273493406,438
0.0992482787876876,1.2237146831919816,0.5859063575095858,-1.5243171590787452,-0.1577643378180212,418
-1.272485302871765,0.8734146784614526,1.6483469132823527,0.0017804472073339,1.6170030935396795,580
-0.49987313377521,-1.5786853546522512,0.237565191682449,-0.7612683559357056,-0.8431070552558048,333
0.1408860603557655,-0.1774853357301348,1.585645503433468,0.7648292503503734,1.518746073118492,581
-1.1683908489515709,-0.8780853451911931,-1.375254406097194,-1.5243171590787452,0.9070961209965994,125
0.2519201445373064,-0.8780853451911931,0.1992476634414639,1.5278780534934129,-0.2793574005892409,351
0.2380408840146138,-0.8780853451911931,1.4881099770018698,-0.7612683559357056,0.3298361260221222,545
-1.4806742107121544,1.5740146879225108,-0.7238564260004483,1.146353651921893,-0.8295967149478914,201
-0.590088327172712,1.5740146879225108,0.0181102572113528,0.7648292503503734,0.1308656596692173,334
0.9343171202363596,-1.5786853546522512,-0.2884299687165274,1.5278780534934129,1.1588797358258929,309
-0.5623298061273267,0.1728146690003943,1.1989868093653464,-1.1427927575072254,-1.6979431329201369,466
-0.4651749824684785,0.8734146784614526,-1.3160364079065807,-1.5243171590787452,1.5813849236369992,164
0.6174073383015451,-1.228385349921722,0.8436788202216668,1.5278780534934129,0.6761921230068085,462
0.1362596401815346,1.5740146879225108,-0.4974346682128094,-1.1427927575072254,0.3433464663300355,273
-0.7150016718769455,-0.8780853451911931,-0.1386432674108586,1.146353651921893,-1.6819763671016938,267
-0.1760237215790491,0.8734146784614526,1.5333943285593976,-0.3797439543641858,-0.468502164900027,543
1.482547910882718,-0.1774853357301348,0.3978021279629319,-1.1427927575072254,0.2610562117272909,407
-1.5940215049808109,1.2237146831919816,-0.4312498467056535,0.3833048487788537,0.4968730607381411,261
-0.7843979744904085,1.5740146879225108,0.9446977583115366,1.146353651921893,-0.4709585904105567,455
-0.1690840913177028,0.8734146784614526,-0.1281930324360445,-1.5243171590787452,0.5005576990039357,320
-1.3788929668790753,-1.228385349921722,0.6729916489663699,1.5278780534934129,0.489503784206552,408
-0.7959640249259857,-1.5786853546522512,0.3351007181140473,0.3833048487788537,1.6415673486449769,384
-1.6518517571586966,-0.5277853404606639,-1.2707520563490529,0.3833048487788537,1.3210038195208522,143
0.8070905654450108,0.5231146737309235,-0.8736431273061172,0.3833048487788537,-0.0656483811731578,215
0.5410714054267358,-0.8780853451911931,-1.0269132402700574,-0.7612683559357056,-0.6158876955318084,172
0.1200671695717266,-0.1774853357301348,0.7391764704735259,-0.3797439543641858,0.2487740841746424,439
-1.6888631185525436,1.5740146879225108,1.2059536326818892,1.146353651921893,1.083958757754737,506
1.408525188095024,-0.8780853451911931,-0.4974346682128094,1.146353651921893,-1.3908899441039255,248
-0.5553901758659805,1.2237146831919816,-0.1525769140439441,-1.1427927575072254,-0.3432244638630128,300
-1.5246252023673477,1.2237146831919816,-0.9189274788636448,-1.5243171590787452,0.8960422061992157,198
-1.649538547071581,0.1728146690003943,-0.7168896026839056,-0.7612683559357056,-0.7411653965688226,193
-1.674983858029851,-1.5786853546522512,-0.2222451472093714,-1.1427927575072254,1.669816242016068,292
-1.036537873985991,-0.1774853357301348,-1.6086429872013757,-1.5243171590787452,-0.6895804608476991,71
-0.4859938732525174,0.8734146784614526,0.1609301352004789,1.5278780534934129,-1.5947732614778898,324
0.8626076075357813,0.5231146737309235,-1.3926714643885507,1.5278780534934129,-0.000553105144121,143
1.2049627004288657,0.1728146690003943,-0.7412734842918052,-0.7612683559357056,-1.0826085425324494,220
-0.2639257048894356,0.1728146690003943,-1.309069584590038,0.0017804472073339,-0.7202857797293203,126
-0.9694547814596434,1.5740146879225108,-1.556391812327305,-0.7612683559357056,-0.5618463343001552,92
-0.9902736722436822,0.1728146690003943,0.7426598821317972,-0.7612683559357056,0.362997870414273,429
-0.2269143434955886,0.1728146690003943,-0.511368314845895,1.5278780534934129,-0.0705612321942172,252
0.9227510698007826,1.2237146831919816,0.8994134067540088,0.3833048487788537,0.751113101077964,488
0.7538867334413558,1.5740146879225108,1.091001047958934,0.0017804472073339,-0.6208005465528678,493
1.4732950705342562,0.8734146784614526,0.5963565924843999,-1.5243171590787452,-1.7507562813965252,409
1.269732582868098,-0.5277853404606639,-1.1592828832843691,0.3833048487788537,1.1883568419522488,195
0.8626076075357813,0.8734146784614526,0.380385069671575,-0.7612683559357056,1.1932696929733082,418
-1.7536330009917758,-0.5277853404606639,-0.7726241892162474,1.146353651921893,0.8714779510939189,206
0.1154407493974957,-0.8780853451911931,1.1362853995164617,1.146353651921893,-0.6232569720633975,478
0.0946218586134568,0.8734146784614526,0.4361196562039169,0.0017804472073339,-0.5164024623553559,388
-0.8514810670167562,0.8734146784614526,-1.0164630052952432,1.5278780534934129,-0.3370834000866886,171
-1.3580740760950365,-0.1774853357301348,0.2898163665565195,-1.5243171590787452,0.6086404214672421,361
1.3159967846104066,0.5231146737309235,1.4950768003184125,0.0017804472073339,-0.7952067578004758,550
-1.0272850336375292,-0.5277853404606639,0.4500533028370024,-1.5243171590787452,-0.1258308061811352,374
-0.3263823772415524,-1.5786853546522512,-0.9189274788636448,0.0017804472073339,0.5484579964592646,192
-0.9763944117209896,-0.5277853404606639,0.3908353046463891,0.0017804472073339,-1.410541348188163,346
-1.4159043282729222,-0.5277853404606639,-1.6817946320250745,1.146353651921893,-0.9782104583349376,50
-0.1135670492269323,-1.5786853546522512,1.3801242155954574,1.5278780534934129,-0.9241690971032844,501
0.5295053549911586,-1.228385349921722,1.3905744505702715,1.146353651921893,0.1296374469139525,530
-0.7219413021382918,-0.1774853357301348,0.5754561225347716,-0.3797439543641858,-1.7274202390464932,372
-0.8190961257971401,-0.8780853451911931,-0.8666763039895744,0.7648292503503734,0.3052718709168253,193
-0.0233518558294303,0.1728146690003943,1.7354322047391368,0.7648292503503734,0.5017859117592005,586
-0.0372311163521229,1.2237146831919816,-0.5218185498207091,0.0017804472073339,1.779127177234639,289
-1.4274703787084997,-1.5786853546522512,1.2651716308725025,-1.1427927575072254,-0.0275737857599476,481
1.5450045832348347,0.8734146784614526,1.244271160922874,-0.3797439543641858,0.6282918255514796,542
-0.6456053692634824,0.5231146737309235,-1.4588562858957068,1.5278780534934129,-1.5652961553515337,88
-1.5593233536740794,1.2237146831919816,1.6727307948902523,-1.1427927575072254,0.4931884224723466,563
-0.4744278228169402,0.8734146784614526,-0.351131378565412,-1.1427927575072254,-0.7595885878977953,264
-0.2824313855863591,1.2237146831919816,0.854129055196481,1.146353651921893,-1.371238540019688,432
1.6120876757611822,0.5231146737309235,1.1362853995164617,1.146353651921893,-1.3933463696144552,493
-1.7143084295108135,1.5740146879225108,0.2305983683659062,1.146353651921893,-0.5986927169581006,338
1.031471943895208,0.5231146737309235,-0.3337143202740552,-1.1427927575072254,0.4870473586960224,304
0.871860447884243,-0.1774853357301348,0.7740105870562396,1.146353651921893,1.5813849236369992,476
1.445536549488871,-0.5277853404606639,1.0387498730848634,-1.1427927575072254,-1.2312222859194957,473
0.5942752374303908,-0.5277853404606639,1.2024702210236178,-0.3797439543641858,-1.5296779854488531,480
1.4316572889661785,-1.228385349921722,1.6030625617248249,-1.1427927575072254,0.711810292909489,581
1.5126196420152185,0.1728146690003943,0.2131813100745494,-0.7612683559357056,1.5862977746580589,405
-0.4397296715102087,-1.5786853546522512,-1.1174819433851129,-1.1427927575072254,0.7412873990358453,165
-0.5646430162144422,1.5740146879225108,-1.3055861729317666,1.5278780534934129,-0.2683034857918572,138
-0.5021863438623254,0.1728146690003943,-0.3859654951481257,-1.5243171590787452,-0.8197710129057727,253
1.4270308687919475,0.8734146784614526,0.4953376543945302,0.0017804472073339,-0.080386934236336,421
-1.2886777734815733,0.1728146690003943,-1.2289511164497966,0.0017804472073339,-1.7482998558859957,108
1.65372545732926,-0.8780853451911931,1.4184417438364425,0.3833048487788537,-1.2950893491932678,527
-0.7358205626609844,1.5740146879225108,0.4848874194197161,-0.7612683559357056,0.5939018684040639,407
-1.5269384124544632,-0.5277853404606639,1.2547213958976882,-1.1427927575072254,-0.714144715952996,473
-1.3835193870533062,-0.1774853357301348,-1.298619349615224,0.0017804472073339,1.0569380771389103,140
-1.6125271856777343,0.8734146784614526,-0.1874110306266578,1.5278780534934129,-0.2412828051760306,282
0.356014598457501,-0.1774853357301348,-0.0620082109288885,0.0017804472073339,-0.0730176577047469,322
1.3321892552202146,0.5231146737309235,0.3734182463550323,-0.3797439543641858,-1.55424224055415,377
-1.2470399919134956,1.2237146831919816,-1.6922448669998884,0.7648292503503734,1.2731035220655231,97
0.5942752374303908,-0.8780853451911931,1.1502190461495472,0.0017804472073339,-1.4805494752382593,472
0.892679338668282,0.8734146784614526,-1.51807428408632,0.3833048487788537,0.8984986317097454,141
-1.3812061769661907,0.8734146784614526,0.133062841934308,-0.3797439543641858,-0.833281353213686,321
-1.2054022103454176,-0.8780853451911931,-1.2533349980576962,1.5278780534934129,0.6319764638172741,138
-0.2639257048894356,-1.5786853546522512,0.4814040077614447,-1.1427927575072254,0.4624831035907255,392
0.7839584645738564,-1.5786853546522512,0.5545556525851434,-0.7612683559357056,1.6182313062949447,435
1.366887406526946,0.1728146690003943,-1.0408468869031426,0.3833048487788537,0.8420008449675626,211
-1.5662629839354256,1.2237146831919816,0.787944233689325,0.7648292503503734,-1.7421587921096713,400
-0.3633937386353993,0.1728146690003943,-1.0826478268023991,0.7648292503503734,-0.3370834000866886,164
0.3953391699384633,0.5231146737309235,0.7565935287648827,-0.7612683559357056,0.0878782132349477,446
-0.4582353522071322,1.5740146879225108,-0.5810365480113223,0.7648292503503734,1.7078908374292785,276
0.5063732541200042,0.8734146784614526,-1.0791644151441278,0.7648292503503734,0.2094712760061674,188
0.4439165817678875,-1.228385349921722,-0.6507047811767496,0.7648292503503734,1.7557911348846071,262
1.510306431928103,0.8734146784614526,-0.1630271490187582,0.0017804472073339,-0.7264268435056445,317
0.6312865988242378,0.8734146784614526,0.4953376543945302,1.5278780534934129,0.703212803622635,424
0.8487283470130886,1.5740146879225108,1.460242683735699,0.3833048487788537,0.1578863402850439,560
-0.0881217382686625,1.2237146831919816,-0.7203730143421769,0.7648292503503734,-1.4289645395171358,207
0.1940898923594205,1.2237146831919816,-1.1592828832843691,-1.5243171590787452,0.0596293198638563,172
-1.3950854374888837,0.1728146690003943,-1.0164630052952432,1.146353651921893,-1.4473877308461085,142
-0.1505784106207793,-1.5786853546522512,-0.7795910125327902,0.3833048487788537,0.5361758689066162,214
0.4601090523776955,0.1728146690003943,-1.6156098105179184,1.5278780534934129,-0.8381942042347453,90
-1.7305009001206215,-0.1774853357301348,1.6901478531816092,0.7648292503503734,-1.4326491777829302,524
1.1101210868571327,-1.5786853546522512,0.1017121370098656,-1.5243171590787452,1.33819879809456,369
0.319003237063654,0.8734146784614526,0.0564277854523379,-0.7612683559357056,0.1750813188587517,348
-1.1892097397356096,0.5231146737309235,1.1467356344912758,1.5278780534934129,0.442831699506488,488
-1.0319114538117602,-1.5786853546522512,0.3873518929881178,1.146353651921893,-1.228765860408966,342
0.7700792040511638,-1.228385349921722,-0.8039748941406898,1.5278780534934129,-1.427736326761871,193
0.8417887167517424,-1.5786853546522512,-1.375254406097194,-0.3797439543641858,1.6170030935396795,159
-0.4489825118586704,-0.5277853404606639,-0.8875767739392025,0.0017804472073339,0.743743824546375,204
1.3044307341748294,-0.1774853357301348,-0.9746620653959868,-0.7612683559357056,-0.1823285929233181,201
0.659045119869623,-0.5277853404606639,-1.336936877856209,1.146353651921893,0.0768242984375641,143
-1.4367232190569612,0.8734146784614526,0.3281338947975045,-1.1427927575072254,-0.5311410154185341,353
1.3553213560913688,0.8734146784614526,1.1746029277574468,-0.3797439543641858,1.560505306797497,545
0.4462297918550029,0.5231146737309235,-0.6576716044932923,1.5278780534934129,-0.0668765939284227,242
1.6490990371550291,1.2237146831919816,-0.2710129104251706,-1.5243171590787452,-0.0202045092283585,317
-0.2269143434955886,0.8734146784614526,0.2480154266572631,0.7648292503503734,0.4170392316459262,373
-1.249353202000611,-0.5277853404606639,1.6831810298650665,-1.1427927575072254,0.3114129346931495,555
1.0245323136338618,0.8734146784614526,-0.8910601855974739,0.0017804472073339,-0.0865279980126602,217
0.9134982294523208,1.2237146831919816,-1.127932178359927,-0.7612683559357056,0.2106994887614322,188
-0.9231905797173346,-0.5277853404606639,-0.5357521964537945,-1.5243171590787452,-0.762045013408325,223
-0.4235372009004006,1.2237146831919816,0.4221860095708314,-0.7612683559357056,-0.3935811868288714,384
-1.1290662774706084,-1.228385349921722,0.2619490732903485,0.7648292503503734,0.0547164688427969,345
0.3375089177605775,0.8734146784614526,0.9934655215273356,-0.3797439543641858,-1.0506750108955636,463
-1.515372362018886,0.8734146784614526,0.958631404944622,0.3833048487788537,-0.1000383383205735,450
-0.0302914860907766,-0.8780853451911931,-0.2117949122345573,-0.3797439543641858,-1.0027747134402345,276
1.0222191035467465,1.5740146879225108,1.5995791500665535,0.7648292503503734,0.791644122001704,593
1.3368156753944456,-0.1774853357301348,-1.5111074607697772,1.5278780534934129,1.4229454782078343,151
-0.9231905797173346,0.1728146690003943,-1.2568184097159676,-0.7612683559357056,0.9562246312071933,152
1.3483817258300226,0.5231146737309235,-0.351131378565412,-0.3797439543641858,-0.8185428001505078,285
-1.323375924788305,-0.8780853451911931,-0.6750886627846492,-0.7612683559357056,1.6194595190502097,235
-0.2361671838440504,1.5740146879225108,0.2131813100745494,0.7648292503503734,0.0436625540454133,366
-0.5484505456046341,1.5740146879225108,-0.3824820834898543,-0.7612683559357056,0.3654542959248027,281
1.5079932218409875,-1.228385349921722,-0.4660839632883671,-0.7612683559357056,1.1969543312391029,293
-0.3240691671544369,-0.8780853451911931,-1.0930980617772132,0.7648292503503734,1.0950126725521203,180
1.25354011225829,-0.1774853357301348,0.8297451735885815,1.5278780534934129,1.3259166705419114,484
-0.8445414367554098,-0.8780853451911931,0.4744371844449019,-1.5243171590787452,-0.4893817817395294,372
1.3923327174852158,0.5231146737309235,-1.6365102804675464,-1.5243171590787452,1.701749773652954,142
-1.7605726312531222,1.5740146879225108,1.71801514644778,-1.5243171590787452,-1.2091144563247285,541
-0.8306621762327172,-1.5786853546522512,-0.6994725443925488,0.3833048487788537,0.7670798668964071,220
0.8880529184940511,0.5231146737309235,0.0285604921861669,1.5278780534934129,1.4229454782078343,370
1.0268455237209773,-0.8780853451911931,0.512754712685887,-0.3797439543641858,-0.3628758679472503,404
-0.7543262433579079,-0.1774853357301348,0.3873518929881178,0.0017804472073339,1.0385148858099378,390
0.3305692874992312,-1.228385349921722,0.6590580023332845,-1.1427927575072254,-0.651505865434489,409
-0.1644576711434719,-0.5277853404606639,1.0944844596172054,0.7648292503503734,-1.3773796037960122,458
0.8302226663161651,-1.228385349921722,0.6277072974088421,1.5278780534934129,0.6995281653568406,434
-0.8098432854486783,0.5231146737309235,1.0735839896675772,-1.5243171590787452,0.703212803622635,486
1.568136684105989,-0.5277853404606639,-0.1072925624864163,1.146353651921893,-0.4341122077526113,323
1.690736818723107,-1.228385349921722,-1.5354913423776768,0.7648292503503734,-0.4770996541868809,115
-0.8283489661456018,0.5231146737309235,-1.127932178359927,1.5278780534934129,0.3973878275616887,165
-1.7374405303819678,0.5231146737309235,-0.3894489068063971,0.3833048487788537,0.133322085179747,255
-1.429783588795615,1.2237146831919816,0.3072334248478763,1.146353651921893,-1.214027307345788,341
-1.7582594211660068,-1.5786853546522512,0.4256694212291028,0.0017804472073339,-0.6220287593081326,347
-1.2516664120877263,0.5231146737309235,1.3209062174048445,1.5278780534934129,0.6663664209646898,516
-1.6726706479427356,0.8734146784614526,-1.5598752239855764,-1.5243171590787452,1.1023819490837097,105
-1.7189348496850445,0.8734146784614526,-1.1244487667016556,-1.1427927575072254,-1.7556691324175846,120
0.0668633375680715,-1.228385349921722,0.4012855396212033,0.0017804472073339,0.1542017020192494,382
-1.1822701094742634,0.5231146737309235,-1.2777188796655956,1.146353651921893,1.187128629196984,152
0.6312865988242378,-0.1774853357301348,0.7217594121821691,-0.7612683559357056,1.2436264159391668,459
0.3837731195028862,-0.8780853451911931,1.3348398640379298,-1.1427927575072254,-1.4866905390145837,495
0.6474790694340458,0.8734146784614526,1.2965223357969446,-0.7612683559357056,1.4511943715789255,551
-1.4691081602765774,-0.5277853404606639,0.2131813100745494,-0.3797439543641858,1.2792445858418473,357
-1.6264064462004268,-0.5277853404606639,-1.4309889926295358,-1.1427927575072254,0.1701684678376923,101
1.0546040447663625,1.2237146831919816,-0.3685484368567688,0.3833048487788537,-0.9548744159849056,280
-0.5785222767371349,-0.5277853404606639,-1.6156098105179184,0.3833048487788537,-0.6637879929871373,75
0.3606410186317318,-0.8780853451911931,1.4254085671529853,0.0017804472073339,0.6430303786146577,543
1.408525188095024,0.5231146737309235,0.2201481333910921,0.7648292503503734,-0.706775439421407,370
-0.5114391842107872,-1.5786853546522512,0.369934834696761,0.0017804472073339,1.1539668848048332,384
0.7029961115248162,-0.8780853451911931,1.4950768003184125,1.146353651921893,-0.0140634454520343,547
1.0430379943307853,1.2237146831919816,-0.5671029013782368,1.146353651921893,1.6415673486449769,294
0.3583278085446164,0.1728146690003943,-1.127932178359927,1.5278780534934129,1.3639912659551217,194
-1.1360059077319546,-1.228385349921722,1.1711195160991754,-0.7612683559357056,0.4293213591985746,481
-1.094368126163877,-1.228385349921722,-0.2396622055007282,1.5278780534934129,1.6845547950792463,300
-0.9347566301529118,1.5740146879225108,1.4149583321781711,-1.5243171590787452,0.5644247622777077,537
1.625966936283875,-0.1774853357301348,0.4187025979125601,-1.1427927575072254,0.1443759999771306,410
1.0152794732854,-0.5277853404606639,1.366190568962372,0.7648292503503734,-0.5127178240895615,526
-1.1591380086031091,-1.228385349921722,1.3383232756962011,-0.3797439543641858,0.0215547244506461,498
-0.7982772350131011,-1.5786853546522512,0.1504799002256648,0.0017804472073339,-0.4488507608157895,323
1.105494666682902,-0.8780853451911931,-0.037624329320989,0.7648292503503734,1.752106496618813,361
1.12168713729271,1.5740146879225108,-0.1943778539432005,1.146353651921893,-1.3368485828722725,302
0.834849086490396,-0.1774853357301348,1.028299638110049,0.3833048487788537,-1.1550730950930754,467
0.5295053549911586,-0.1774853357301348,0.2967831898730622,0.3833048487788537,1.2681906710444637,397
-0.2315407636698195,-0.1774853357301348,0.4396030678621883,-0.7612683559357056,-0.0975819128100438,385
0.999087002675592,-0.1774853357301348,0.4396030678621883,1.5278780534934129,0.0768242984375641,405
-1.1036209665123389,-0.1774853357301348,-0.037624329320989,-1.1427927575072254,0.8997268444650103,322
-0.8746131678879105,0.1728146690003943,-1.3996382877050937,-1.5243171590787452,-0.3825272720314878,110
1.200336280254635,1.2237146831919816,-1.0164630052952432,1.5278780534934129,-0.9720693945586134,189
-0.49987313377521,0.5231146737309235,0.1504799002256648,-0.3797439543641858,1.6120902425186203,372
-1.0018397226792597,0.5231146737309235,0.5859063575095858,1.146353651921893,-0.3641040807025152,397
0.3421353379348084,0.5231146737309235,-0.5462024314286086,1.146353651921893,-0.6281698230844569,247
0.0668633375680715,1.2237146831919816,1.1362853995164617,0.0017804472073339,1.361534840444592,521
-1.5755158242838874,0.8734146784614526,0.8018778803224105,0.7648292503503734,0.3961596148064238,434
-1.2747985129588808,-0.1774853357301348,1.2268541026315174,-1.1427927575072254,1.0974690980626505,504
-0.9856472520694514,-0.5277853404606639,-0.0271740943461748,-1.1427927575072254,-0.1884696566996423,305
-0.6039675876954046,1.2237146831919816,0.2131813100745494,-0.3797439543641858,1.392240159326213,380
-0.2107218728857806,-0.1774853357301348,0.5824229458513144,1.146353651921893,1.3701323297314458,431
-1.0481039244215682,-0.1774853357301348,0.5371385942937866,1.5278780534934129,-0.3358551873314238,386
-0.1112538391398169,-1.5786853546522512,1.091001047958934,-0.3797439543641858,-1.2324504986747606,454
-0.9208773696302192,0.8734146784614526,0.7078257655490836,1.146353651921893,0.4833627204302278,431
0.5780827668205828,0.5231146737309235,-1.023429828611786,-1.5243171590787452,1.1367719062311257,210
0.5179393045555815,-1.5786853546522512,-1.5076240491115058,-0.3797439543641858,1.3013524154366145,130
0.638226229085584,-1.228385349921722,-1.4205387576547217,-0.7612683559357056,1.1760747143996004,144
-1.2909909835686888,-0.5277853404606639,0.5859063575095858,-0.7612683559357056,0.966050333249312,408
0.6451658593469304,1.5740146879225108,-1.5076240491115058,1.146353651921893,-0.1282872316916649,127
1.0453512044179007,-0.8780853451911931,-0.5357521964537945,0.3833048487788537,1.5482231792448484,285
-0.7959640249259857,-0.1774853357301348,-0.1490935023856727,1.5278780534934129,1.5052357328105788,320
-0.4489825118586704,-0.1774853357301348,1.3731573922789146,-1.5243171590787452,1.6735008802818627,545
-0.3217559570673215,-1.5786853546522512,-0.6332877228853928,0.0017804472073339,-0.7608168006530601,212
0.5109996742942351,1.2237146831919816,-1.242884763082882,0.0017804472073339,1.6722726675265978,191
0.2241616234919211,0.8734146784614526,1.7249819697643227,0.3833048487788537,-0.9143433950611656,569
0.5572638760365438,0.5231146737309235,-0.9607284187629012,-0.7612683559357056,-0.5139460368448263,192
1.350694935917138,-0.5277853404606639,-1.44143922760435,-0.7612683559357056,-1.6524992609753375,109
-1.5014931014961934,-1.5786853546522512,-1.0060127703204291,1.5278780534934129,1.3824144572840944,178
0.4115316405482714,-0.1774853357301348,-0.6228374879105787,0.7648292503503734,-0.1147768913837516,241
-1.67035743785562,-0.1774853357301348,-0.8318421874068607,1.5278780534934129,-0.6564187164555483,176
1.0222191035467465,-1.5786853546522512,-1.3230032312231237,-0.3797439543641858,0.9623656949835174,158
0.441603371680772,-0.8780853451911931,0.8889631717791947,-1.5243171590787452,-0.0668765939284227,455
-1.1244398572963774,0.5231146737309235,-0.8492592456982175,0.7648292503503734,0.8100673133306766,208
-1.1013077564252232,0.5231146737309235,0.3176836598226905,1.5278780534934129,1.6563059017081547,390
-0.8676735376265642,0.1728146690003943,0.7844608220310536,-0.7612683559357056,1.0569380771389103,447
1.4848611209698332,-1.228385349921722,1.2164038676567033,-0.7612683559357056,-0.2990088046734784,510
0.3490749681961547,1.5740146879225108,0.6068068274592139,1.146353651921893,-0.8062606725978594,416
0.7145621619603935,-1.228385349921722,-1.221984293133254,0.3833048487788537,0.4059853168485426,162
-0.2315407636698195,1.5740146879225108,0.1853140168083785,0.7648292503503734,-1.1292806272325135,342
-0.6872431508315603,-0.8780853451911931,1.1188683412251048,0.3833048487788537,0.5742504643198264,484
0.319003237063654,-0.1774853357301348,-0.1630271490187582,-1.5243171590787452,-1.141562754785162,289
0.0344783963484554,1.5740146879225108,-0.2570792637920851,1.5278780534934129,-1.6930302818990774,273
1.031471943895208,-0.8780853451911931,-0.1072925624864163,0.3833048487788537,-1.5284497726935882,296
0.5618902962107747,0.1728146690003943,-0.3232640852992411,-0.3797439543641858,0.5005576990039357,298
1.4108383981821393,0.5231146737309235,-0.1839276189683864,-0.7612683559357056,-1.1071727976377463,305
1.5704498941931044,-1.228385349921722,-1.5703254589603906,0.7648292503503734,-1.091206031819303,98
-0.839915016581179,-0.1774853357301348,0.8192949386137673,1.5278780534934129,-0.6601033547213428,423
0.3745202791544245,-1.228385349921722,-0.351131378565412,0.3833048487788537,-1.1882348394852262,256
0.0946218586134568,-1.228385349921722,-1.6713443970502602,-1.1427927575072254,0.8198930153727954,95
0.8464151369259733,-0.8780853451911931,0.1435130769091221,0.3833048487788537,-0.2511085072181494,351
1.6398461968065674,1.2237146831919816,-1.127932178359927,1.5278780534934129,0.46616774185652,202
-0.9046848990204112,0.1728146690003943,-1.612126398859647,0.7648292503503734,1.4941818180131952,110
1.1540720785123262,0.1728146690003943,-1.0512971218779568,0.0017804472073339,-0.865214884850572,179
-0.8931188485848339,-1.228385349921722,-1.0861312384606705,0.7648292503503734,0.8653368873175946,168
0.2843050857569225,-0.8780853451911931,-1.5598752239855764,0.3833048487788537,-0.0988101255653086,101
0.2195352033176903,-1.228385349921722,0.0181102572113528,-0.3797439543641858,0.9844735245782846,342
-1.6310328663746578,0.8734146784614526,-0.2814631453999847,-1.5243171590787452,1.2460828414496965,291
0.9551360110203988,-0.5277853404606639,1.4567592720774276,0.7648292503503734,0.743743824546375,559
1.211902330690212,1.2237146831919816,0.0947453136933229,0.7648292503503734,0.1124424683402446,366
0.7770188343125102,-0.8780853451911931,-0.8980270089140167,0.0017804472073339,0.2094712760061674,208
0.0391048165226863,0.5231146737309235,-1.0512971218779568,0.0017804472073339,-0.1295154444469298,179
1.3483817258300226,-1.228385349921722,0.6869252955994554,0.7648292503503734,1.4966382435237249,462
-1.499179891409078,0.8734146784614526,0.3838684813298464,-0.7612683559357056,-0.8050324598425945,355
0.0784293880036487,-0.5277853404606639,0.4570201261535451,-1.5243171590787452,-1.0433057343639744,374
0.0576104972196098,-0.5277853404606639,0.6137736507757566,0.3833048487788537,-0.222859613847058,410
0.2866182958440379,-0.5277853404606639,1.3069725707717588,-1.5243171590787452,-0.5458795684817123,507
-1.334941975223882,0.1728146690003943,1.0004323448438783,0.3833048487788537,-1.2938611364380028,434
1.1355663978154027,1.5740146879225108,-0.6367711345436642,-1.1427927575072254,0.0927910642560071,262
1.089302196073094,-0.1774853357301348,-0.1316764440943159,-1.1427927575072254,-1.2349069241852904,302
-1.286364563394458,1.2237146831919816,0.617257062434028,-1.1427927575072254,-0.929081948124344,392
0.9620756412817448,-0.8780853451911931,-0.5148517265041663,1.146353651921893,-0.3739297827446339,256
1.3622609863527153,1.2237146831919816,1.3383232756962011,0.7648292503503734,-0.0816151469916008,544
1.482547910882718,1.2237146831919816,0.7670437637396968,-1.5243171590787452,0.1664838295718978,467
-0.6803035205702139,-1.5786853546522512,-1.0652307685110425,-1.5243171590787452,-0.3198884215129807,152
0.0182859257386474,-1.228385349921722,-0.6402545462019356,-1.5243171590787452,0.0399779157796188,230
-0.9324434200657964,-0.5277853404606639,-0.0829086808785167,0.0017804472073339,-1.6070553890305384,275
0.6243469685628914,-1.228385349921722,0.5580390642434148,1.5278780534934129,0.7818184199595852,422
0.4878675734230808,-0.1774853357301348,0.5197215360024298,-1.1427927575072254,-0.4549918245921137,400
0.7955245150094337,0.8734146784614526,-1.215017469816711,0.3833048487788537,0.3384336153089761,175
-0.6733638903088677,-0.8780853451911931,-0.7656573658997047,-0.7612683559357056,-0.206892848028615,201
0.9875209522400148,0.5231146737309235,1.1258351645416476,-1.1427927575072254,0.5631965495224428,514
-1.7351273202948525,-0.1774853357301348,0.9551479932863508,0.3833048487788537,1.6612187527292142,469
-1.4575421098410002,-0.5277853404606639,0.3490343647471328,0.3833048487788537,1.2215185863443996,376
-0.967141571372528,0.8734146784614526,-0.1978612656014718,-1.5243171590787452,0.1345502979350119,294
-0.6617978398732904,-1.5786853546522512,-0.3302309086157838,0.3833048487788537,0.0485754050664727,264
-0.2801181754992436,-1.228385349921722,-0.378998671831583,0.0017804472073339,-0.1700464653706696,260
0.5318185650782741,1.5740146879225108,0.7914276453475964,0.0017804472073339,-1.4486159436013732,434
1.195709860080404,-0.8780853451911931,-1.0303966519283287,-0.3797439543641858,0.2721101265246745,195
-1.0319114538117602,-1.5786853546522512,0.3142002481644191,1.5278780534934129,0.4993294862486708,359
0.441603371680772,1.5740146879225108,0.2654324849486199,-0.7612683559357056,1.155195097560098,400
1.297491103913483,-1.5786853546522512,0.7670437637396968,-1.5243171590787452,0.8813036531360376,460
1.4154648183563705,-1.5786853546522512,-1.545941577352491,0.7648292503503734,1.5101485838316382,140
0.3490749681961547,-0.1774853357301348,1.1711195160991754,-0.3797439543641858,-1.0297953940560611,483
-0.0811821080073162,-1.5786853546522512,1.1711195160991754,-1.1427927575072254,0.6319764638172741,496
0.7469471031800096,-0.8780853451911931,1.2477545725811454,-0.3797439543641858,-0.5360538664395935,503
1.5658234740188737,-1.5786853546522512,1.087517636300663,0.0017804472073339,-0.3186602087577159,490
-1.196149369996956,-0.8780853451911931,0.6102902391174853,1.146353651921893,0.647943229635717,406
-0.2222879233213578,1.2237146831919816,-1.5529084006690337,-1.1427927575072254,1.313634542989263,130
1.174890969296365,0.5231146737309235,1.1711195160991754,1.146353651921893,-0.5937798659370412,505
0.7469471031800096,0.8734146784614526,0.105195548668137,0.0017804472073339,0.4072135296038074,364
0.069176547655187,0.1728146690003943,1.679697618206795,1.146353651921893,-1.6267067931147758,545
0.8510415571002041,-1.5786853546522512,1.0979678712754768,-1.1427927575072254,1.0667637791810292,505
0.4485430019421184,-1.5786853546522512,0.6695082373080985,0.7648292503503734,-1.218940158366847,401
-1.265545672610419,-0.5277853404606639,1.4149583321781711,1.146353651921893,0.5767068898303561,521
1.313683574523291,1.2237146831919816,-0.5322687847955231,-0.7612683559357056,0.1910480846771947,279
-0.266238914976551,-0.5277853404606639,-1.4484060509208927,1.146353651921893,-1.135421691008838,96
-1.5986479251550416,-0.1774853357301348,0.8924465834374661,0.0017804472073339,-0.6920368863582288,423
1.2350344315613664,1.2237146831919816,1.289555512480402,1.5278780534934129,-0.9978618624191752,520
0.3398221278476929,0.1728146690003943,-0.3267474969575125,1.5278780534934129,-0.8431070552558048,273
0.3999655901126942,1.5740146879225108,-0.3894489068063971,1.146353651921893,1.1330872679653308,305
-1.0989945463381077,-0.1774853357301348,0.1957642517831926,-0.7612683559357056,-1.054359649161358,324
1.577389524454451,-0.8780853451911931,-0.0271740943461748,0.3833048487788537,-0.7092318649319366,328
-0.4165975706390543,0.5231146737309235,-0.8283587757485893,-1.5243171590787452,-1.4044002844118388,184
1.22809480130002,-1.228385349921722,1.56474503348384,-0.3797439543641858,-1.535819049225177,537
0.5965884475175063,0.5231146737309235,-0.4695673749466385,-0.3797439543641858,1.5764720726159398,297
1.5542574235832964,-0.8780853451911931,0.5266883593189725,-0.7612683559357056,1.2080082460364865,438
-0.4721146127298248,0.8734146784614526,-0.1665105606770295,1.146353651921893,-1.0457621598745042,286
0.7677659939640484,-0.5277853404606639,1.4950768003184125,-0.3797439543641858,0.4194956571564559,556
-1.4066514879244605,0.8734146784614526,-0.1874110306266578,-0.7612683559357056,-0.468502164900027,280
0.0923086485263413,1.2237146831919816,0.6137736507757566,-1.1427927575072254,0.688474250559457,435
1.0268455237209773,-0.5277853404606639,0.8436788202216668,-1.1427927575072254,1.49541003076846,484
-1.2215946809552258,-0.5277853404606639,-1.1697331182591832,0.3833048487788537,-0.1086358276074274,140
-1.334941975223882,-1.5786853546522512,0.8227783502720387,-0.7612683559357056,1.7729861134583151,449
-1.3997118576631142,1.5740146879225108,0.0738448437436947,-0.3797439543641858,-0.8074888853531242,316
0.2496069344501909,0.5231146737309235,-0.2361787938424569,1.5278780534934129,1.3160909684997928,322
0.5318185650782741,-0.8780853451911931,-1.4658231092122496,1.146353651921893,1.6280570083370631,146
-0.8376018064940636,-0.8780853451911931,-0.4207996117308394,0.7648292503503734,-0.4537636118368489,245
-1.6264064462004268,-0.5277853404606639,-1.2010838231836256,1.5278780534934129,1.0974690980626505,150
-1.5176855721060014,1.2237146831919816,1.5821620917751968,-0.7612683559357056,0.3433464663300355,548
-1.425157168621384,-0.8780853451911931,0.237565191682449,-0.3797439543641858,0.2291226800904049,342
0.6405394391726995,0.1728146690003943,1.596095738408282,0.0017804472073339,0.5877608046277397,576
-1.3997118576631142,0.8734146784614526,-1.1035482967520274,0.7648292503503734,-0.730111481771439,145
-0.5877751170855966,-0.8780853451911931,-0.3371977319323265,0.3833048487788537,-0.1405693592443134,265
1.4154648183563705,-1.5786853546522512,1.111901517908562,0.3833048487788537,-0.2412828051760306,493
-1.1244398572963774,1.5740146879225108,1.5124938586097694,-1.1427927575072254,-1.5824911339252414,514
1.408525188095024,-0.5277853404606639,1.4393422137860707,0.3833048487788537,-0.8295967149478914,537
-1.3441948155723438,-0.8780853451911931,0.7252428238404404,1.146353651921893,-1.0347082450771206,393
1.0985550364215555,0.5231146737309235,0.4187025979125601,0.3833048487788537,0.8137519515964712,419
1.2789854232165596,1.5740146879225108,0.711309177207355,-0.3797439543641858,-0.8295967149478914,442
0.7885848847480873,0.5231146737309235,0.2480154266572631,-0.7612683559357056,1.2595931817576098,397
-0.2685521250636665,0.1728146690003943,-0.0306575060044462,-0.7612683559357056,-1.0175132665034128,304
-1.466794950189462,0.8734146784614526,1.5926123267500107,-1.5243171590787452,-1.1010317338614222,524
-0.8514810670167562,1.2237146831919816,-0.1525769140439441,-1.5243171590787452,0.5386322944171459,311
-0.8283489661456018,-1.228385349921722,-0.7134061910256342,1.5278780534934129,0.1026167662981259,210
-1.0874284959025304,1.2237146831919816,0.7565935287648827,0.7648292503503734,0.974647822536166,446
1.5912687849771434,0.8734146784614526,1.5717118568003827,-1.5243171590787452,0.1775377443692814,582
-1.4228439585342687,-0.1774853357301348,-1.1174819433851129,0.0017804472073339,-0.1712746781259345,145
-1.0434775042473372,-0.1774853357301348,-1.138382413334741,0.3833048487788537,-0.8553891828084532,136
-0.090434948355778,0.8734146784614526,-0.9049938322305594,1.5278780534934129,-0.0263455730046828,202
-1.7397537404690833,1.2237146831919816,-1.5111074607697772,0.7648292503503734,-1.2889482854169434,75
0.0367916064355709,1.2237146831919816,1.3034891591134874,-1.1427927575072254,-0.3272576980445698,517
1.3900195073981003,0.5231146737309235,-1.633026868809275,-1.5243171590787452,1.012722417949376,131
-1.425157168621384,0.5231146737309235,1.5786786801169257,0.0017804472073339,-1.7053124094517258,511
1.5380649529734882,1.5740146879225108,1.327873040721387,-1.1427927575072254,0.9623656949835174,563
-1.0457907143344527,-0.5277853404606639,1.167636104440904,0.0017804472073339,1.334514159828765,501
-1.4367232190569612,-0.1774853357301348,1.15718586946609,0.0017804472073339,0.948855354675604,490
0.3860863295900016,-1.5786853546522512,1.707564911472966,1.146353651921893,0.7498848883226992,582
1.2581665324325206,-0.5277853404606639,0.0842950787185088,-0.3797439543641858,1.7361397308003697,382
-0.1552048307950101,-0.8780853451911931,0.4430864795204596,1.146353651921893,-1.5247651344277935,360
1.2188419609515582,1.2237146831919816,1.0422332847431348,0.7648292503503734,0.8284905046596492,514
-0.5183788144721335,-0.5277853404606639,1.4010246855450856,1.5278780534934129,-1.3577281997117747,498
0.9620756412817448,-1.228385349921722,-0.5914867829861363,-0.7612683559357056,0.2807076158115284,253
1.7046160792457996,-1.5786853546522512,-1.6992116903164312,-1.5243171590787452,0.3851057000090402,103
-0.1366991500980867,1.2237146831919816,-1.3264866428813948,0.3833048487788537,0.3212386367352683,148
0.6613583299567384,-0.5277853404606639,0.2689158966068913,1.146353651921893,-0.388668335807812,366
-1.3973986475759987,-0.1774853357301348,-0.4103493767560253,-0.3797439543641858,-1.6832045798569586,223
1.6074612555869514,1.5740146879225108,-1.6434771037840892,0.0017804472073339,-0.3174319960024511,117
1.5496310034090657,0.5231146737309235,-0.8492592456982175,-1.5243171590787452,-0.3763862082551636,223
1.052290834679247,0.8734146784614526,0.2410486033407203,0.0017804472073339,-1.3294793063406831,360
0.4161580607225023,-1.228385349921722,-0.2570792637920851,0.3833048487788537,-0.8062606725978594,277
-0.2292275535827041,0.1728146690003943,-0.4591171399718244,-0.3797439543641858,-1.2828072216406192,239
-1.3256891348754205,1.5740146879225108,-1.1314155900181984,1.146353651921893,-0.1884696566996423,155
-1.4182175383600375,-0.8780853451911931,-1.6051595755431045,-0.7612683559357056,-0.2154903373154689,71
-0.7034356214413683,-0.1774853357301348,0.6695082373080985,0.7648292503503734,0.6589971444331006,425
-0.1390123601852021,-0.5277853404606639,-0.0271740943461748,-1.1427927575072254,1.3185473940103225,341
-0.1713973014048182,-1.5786853546522512,-0.1769607956518436,0.7648292503503734,1.2890702878839662,313
0.6197205483886605,-0.1774853357301348,1.0596503430344917,0.3833048487788537,-0.0030095306546507,487
-1.7351273202948525,0.1728146690003943,1.5577782101672972,-0.7612683559357056,-0.6490494399239592,519
1.510306431928103,-1.228385349921722,-0.7377900726335338,-0.7612683559357056,1.2645060327786692,255
-0.9856472520694514,0.8734146784614526,-1.176699941575726,1.146353651921893,1.0237763327467595,168
-0.3125031167188598,-0.1774853357301348,-0.0654916225871599,0.7648292503503734,0.4452881250170176,321
1.5820159446286817,0.1728146690003943,0.1400296652508507,-0.7612683559357056,-1.7028559839411963,342
-1.2308475213036876,-0.8780853451911931,-1.4588562858957068,-0.7612683559357056,-1.069098202224536,80
-1.223907891042341,-0.8780853451911931,0.1853140168083785,0.7648292503503734,-0.7730989282057086,321
-1.0712360252927224,-0.8780853451911931,1.0979678712754768,1.5278780534934129,0.7142667184200187,479
-0.4027183101163617,-0.1774853357301348,-0.2779797337417133,-0.3797439543641858,0.5116116138013193,290
-1.16376442877734,-0.8780853451911931,-1.2080506465001684,-1.5243171590787452,0.7388309735253156,146
0.4531694221163492,0.5231146737309235,-1.0408468869031426,0.0017804472073339,-0.5765848873633334,178
-0.2708653351507819,-0.5277853404606639,-0.511368314845895,-1.5243171590787452,0.624607187285685,258
-1.617153605851965,0.8734146784614526,1.223370690973246,-1.1427927575072254,0.6307482510620093,498
-0.090434948355778,0.8734146784614526,1.0039157565021497,0.3833048487788537,-0.7153729287082609,464
1.2049627004288657,-0.5277853404606639,-0.180444207310115,-1.5243171590787452,-1.3773796037960122,292
0.0460444467840326,-0.8780853451911931,-1.0756810034858564,-0.3797439543641858,-0.1147768913837516,167
1.22809480130002,-0.1774853357301348,1.404508097203357,-1.5243171590787452,-1.3380767956275372,522
1.1193739272055945,-0.1774853357301348,-0.7343066609752624,0.3833048487788537,0.8260340791491196,250
-0.2292275535827041,1.5740146879225108,1.31045598243003,-0.3797439543641858,0.9365732271229557,537
-1.052730344595799,1.5740146879225108,-0.3267474969575125,1.146353651921893,1.7459654328424885,305
1.6999896590715688,-0.5277853404606639,-1.336936877856209,-1.5243171590787452,-0.6527340781897537,144
1.44091012931464,1.5740146879225108,1.4776597420270556,0.0017804472073339,0.997983864886198,584
-1.3441948155723438,-1.5786853546522512,-0.6228374879105787,-1.5243171590787452,1.3283730960524411,233
0.8302226663161651,0.1728146690003943,1.6622805599154382,-1.1427927575072254,-0.3112909322261268,573
1.3368156753944456,-0.1774853357301348,1.2059536326818892,1.5278780534934129,0.1001603407875962,520
-1.1591380086031091,-1.5786853546522512,1.7145317347895086,-0.7612683559357056,1.5936670511896478,576
0.3097503967151923,1.5740146879225108,-0.6716052511263778,-1.1427927575072254,-0.9499615649638462,229
1.4339704990532938,1.5740146879225108,1.64138008996581,0.3833048487788537,0.8788472276255079,606
0.7353810527444323,-0.1774853357301348,0.4256694212291028,0.0017804472073339,-1.0617289256929472,380
-1.0828020757282997,-1.228385349921722,-1.2672686446907817,0.0017804472073339,-1.4608980711540218,101
1.6444726169807984,0.5231146737309235,0.6625414139915557,-0.3797439543641858,-1.4768648369724648,423
1.5079932218409875,0.1728146690003943,-0.4626005516300958,-0.7612683559357056,0.4845909331854927,290
0.8302226663161651,0.8734146784614526,0.2236315450493635,1.5278780534934129,-0.1896978694549072,373
0.1431992704428809,-1.5786853546522512,-0.4068659650977539,1.146353651921893,1.0643073536704994,280
-0.3633937386353993,-0.8780853451911931,1.376640803937186,1.146353651921893,0.1959609356982541,519
-1.228534311216572,-0.8780853451911931,0.683441883941184,-1.1427927575072254,1.7238576032477213,433
0.7955245150094337,0.1728146690003943,0.4535367144952738,-0.3797439543641858,1.3283730960524411,426
-0.573895856562904,-1.5786853546522512,0.8367119969051242,0.0017804472073339,-0.5704438235870092,422
0.2195352033176903,0.8734146784614526,0.6102902391174853,0.3833048487788537,0.6602253571883655,434
0.6127809181273143,1.2237146831919816,-0.6123872529357646,0.3833048487788537,-0.3665605062130448,249
0.941256750497706,0.8734146784614526,0.7426598821317972,0.7648292503503734,1.2080082460364865,472
-1.5246252023673477,-1.228385349921722,0.4605035378118165,-0.7612683559357056,1.3725887552419755,390
0.4485430019421184,-0.8780853451911931,-0.6750886627846492,0.0017804472073339,-1.0052311389507642,216
-0.4050315202034771,0.8734146784614526,-1.0478137102196854,-0.7612683559357056,0.9156936102834532,192
-0.462861772381363,-1.228385349921722,1.1084181062502907,0.7648292503503734,-0.3837554847867527,468
0.6914300610892391,1.5740146879225108,1.2756218658473164,-0.7612683559357056,-1.3454460721591264,507
0.1686445814011507,-0.5277853404606639,0.2619490732903485,-0.7612683559357056,1.4229454782078343,388
0.0275387660871091,1.5740146879225108,0.5719727108765003,-0.7612683559357056,1.377501606263035,442
-1.1336926976448392,1.5740146879225108,0.0285604921861669,-0.3797439543641858,1.5261153496500812,351
0.4439165817678875,0.5231146737309235,-1.3055861729317666,-1.1427927575072254,-0.5544770577685662,140
0.4161580607225023,-1.5786853546522512,1.1920199860488037,0.7648292503503734,-0.7571321623872656,483
1.669917927939068,0.1728146690003943,0.9272807000201796,1.146353651921893,-0.7399371838135578,472
0.781645254486741,-0.5277853404606639,0.1295794302760366,-0.7612683559357056,-0.2105774862944095,350
-0.6247864784794435,0.5231146737309235,-1.4100885226799076,1.5278780534934129,1.4782150521947524,145
1.3784534569625233,1.5740146879225108,-1.368287582780651,-0.7612683559357056,-1.4215952629855466,135
1.1818305995577114,-0.5277853404606639,0.3246504831392331,0.0017804472073339,-0.5827259511396576,378
-1.6865499084654283,0.5231146737309235,0.711309177207355,1.146353651921893,-1.0187414792586775,395
-0.4397296715102087,-0.5277853404606639,0.066878020427152,1.5278780534934129,-1.5849475594357711,304
1.6467858270679137,0.8734146784614526,1.7354322047391368,-0.3797439543641858,1.4782150521947524,628
0.9713284816302068,-1.5786853546522512,0.1226126069594939,-0.7612683559357056,0.1112142555849798,351
0.441603371680772,1.2237146831919816,-0.5984536063026791,0.7648292503503734,0.2082430632509025,258
-0.6826167306573294,-0.1774853357301348,0.5197215360024298,-1.5243171590787452,-1.2238530093879068,372
1.2211551710386737,-1.5786853546522512,0.8645792901712951,-0.7612683559357056,1.6280570083370631,485
-0.9116245292817574,-1.5786853546522512,-0.4626005516300958,-1.1427927575072254,-0.491838207250059,233
0.0946218586134568,-0.5277853404606639,1.554294798509026,0.7648292503503734,-1.109629223148276,532
1.105494666682902,-0.5277853404606639,0.74962670544834,0.7648292503503734,-1.6500428354648078,420
-1.3858325971404215,0.1728146690003943,-0.4451834933387389,0.0017804472073339,0.4931884224723466,255
-0.3749597890709765,-1.5786853546522512,1.4254085671529853,0.0017804472073339,1.7287704542687807,547
-1.0666096051184917,-1.5786853546522512,-0.2710129104251706,-1.5243171590787452,-1.591088623212095,240
1.0546040447663625,0.1728146690003943,-0.0445911526375317,1.5278780534934129,-0.6650162057424022,326
0.3583278085446164,-0.8780853451911931,1.4079915088616284,0.3833048487788537,0.736374548014786,542
-1.265545672610419,1.2237146831919816,1.0701005780093058,0.7648292503503734,-0.3346269745761589,467
-1.3071834541784968,0.1728146690003943,1.0457166964014062,0.7648292503503734,-1.245960838982674,442
0.0367916064355709,1.5740146879225108,1.0735839896675772,0.0017804472073339,1.034830247544143,509
-0.9602019411111816,1.5740146879225108,0.446569891178731,-1.5243171590787452,1.7091190501845432,416
0.5827091869948137,-0.5277853404606639,-0.7064393677090914,-0.7612683559357056,1.3762733935077702,253
1.0083398430240538,-0.8780853451911931,-1.6225766338344612,-1.5243171590787452,-1.1710398609115182,84
-1.3094966642656125,0.8734146784614526,0.3629680113802182,0.3833048487788537,-1.0838367552877144,351
-0.1413255702723175,0.5231146737309235,-0.6611550161515637,0.3833048487788537,-1.0322518195665908,218
1.0800493557246322,0.8734146784614526,-1.5076240491115058,-0.7612683559357056,0.0706832346612399,132
-0.3240691671544369,-0.8780853451911931,-0.0794252692202454,0.0017804472073339,-1.6537274737306025,281
1.25354011225829,0.5231146737309235,-1.0791644151441278,0.7648292503503734,0.8186648026175305,206
0.568829926472121,-0.5277853404606639,1.6378966783075386,0.7648292503503734,-1.0531314364060933,551
0.5271921449040432,-0.8780853451911931,0.958631404944622,-1.5243171590787452,0.4993294862486708,475
-0.71268846178983,-1.5786853546522512,0.7461432937900686,-1.5243171590787452,-1.6058271762752734,390
-0.8352885964069481,1.2237146831919816,-1.204567234841897,0.7648292503503734,0.0092725968979976,152
1.5658234740188737,1.5740146879225108,0.578939534193043,-0.7612683559357056,1.0004402903967275,457
-1.2007757901711869,1.2237146831919816,0.0599111971106092,0.7648292503503734,0.5484579964592646,337
1.047664414505016,1.5740146879225108,-1.319519819564852,-0.7612683559357056,1.4929536052579304,185
-1.0619831849442607,-0.5277853404606639,1.2094370443401603,0.3833048487788537,-1.048218585385034,468
-0.4859938732525174,-0.1774853357301348,-1.5424581656942196,-1.1427927575072254,0.9771042480466956,115
-0.2407936040182813,0.8734146784614526,-0.2117949122345573,1.5278780534934129,0.8505983342544164,314
-1.6772970681169663,-0.8780853451911931,0.920313876703637,-0.3797439543641858,1.3750451807525053,456
0.8464151369259733,0.5231146737309235,0.3873518929881178,1.146353651921893,0.5349476561513513,407
-1.6264064462004268,0.5231146737309235,1.028299638110049,-0.3797439543641858,1.3234602450313817,479
1.3645741964398306,0.1728146690003943,-1.368287582780651,-1.1427927575072254,0.4698523801223145,158
-0.9486358906756044,0.1728146690003943,-1.6817946320250745,-0.7612683559357056,-0.0938972745442492,74
1.126313557466941,0.8734146784614526,-1.1070317084102987,-1.1427927575072254,-1.7249638135359635,160
-1.6148403957648498,-0.1774853357301348,0.4744371844449019,0.0017804472073339,0.6639099954541601,385
-0.1158802593140477,0.8734146784614526,0.1017121370098656,0.3833048487788537,0.751113101077964,359
-0.9278169998915656,-1.228385349921722,-0.3998991417812111,0.7648292503503734,-1.1464756058062215,233
-1.392772227401768,0.8734146784614526,1.404508097203357,1.5278780534934129,-0.500435696536913,509
-0.962515151198297,-0.8780853451911931,-1.580775693935205,-1.5243171590787452,-1.3466742849143911,61
-0.6525449995248287,0.8734146784614526,0.34206754143059,-0.7612683559357056,1.0495688006073214,391
0.2889315059311533,-1.5786853546522512,-1.4484060509208927,0.7648292503503734,1.0643073536704994,132
1.514932852102334,1.2237146831919816,-0.9154440672053736,-1.1427927575072254,1.1146640766363582,241
-1.4159043282729222,-1.5786853546522512,1.4497924487608849,-1.5243171590787452,-0.6650162057424022,498
-0.4235372009004006,-1.228385349921722,-0.3476479669071406,1.146353651921893,0.7535695265884937,278
0.0645501274809561,-0.8780853451911931,-0.7203730143421769,-0.7612683559357056,-1.0162850537481478,204
-0.2546728645409739,-0.5277853404606639,0.9969489331856072,1.5278780534934129,1.2338007138970482,485
0.0483576568711481,-0.5277853404606639,-0.2605626754503565,0.7648292503503734,1.187128629196984,308
0.9435699605848216,0.8734146784614526,-0.54968584308688,-0.7612683559357056,-0.0349430622915367,266
-0.4073447302905926,0.1728146690003943,1.4184417438364425,1.146353651921893,0.0878782132349477,529
-1.6425989168102348,-0.1774853357301348,-0.7935246591658757,0.0017804472073339,1.3160909684997928,213
-0.6109072179567508,-0.8780853451911931,-0.6646384278098351,0.3833048487788537,1.6685880292608033,247
0.871860447884243,1.5740146879225108,-0.9885957120290724,-0.3797439543641858,0.617237910754096,216
-1.3580740760950365,0.1728146690003943,1.404508097203357,-0.7612683559357056,1.4266301164736288,536
-1.5546969334998484,-1.228385349921722,-0.5531692547451513,1.5278780534934129,0.2094712760061674,225
-0.5137523942979026,1.2237146831919816,-1.1209653550433842,-0.3797439543641858,1.1060665873495044,185
-0.2708653351507819,0.1728146690003943,-0.2361787938424569,-1.5243171590787452,-1.046990372629769,274
1.100868246508671,1.5740146879225108,0.9272807000201796,-0.7612683559357056,1.324688457786647,506
0.5225657247298123,-0.8780853451911931,0.8750295251461092,-0.3797439543641858,1.4782150521947524,479
1.5635102639317582,-0.8780853451911931,-1.2533349980576962,-1.1427927575072254,1.41680441443151,186
0.7515735233542403,-0.8780853451911931,-0.8179085407737753,0.3833048487788537,1.3504809256472083,238
-0.4582353522071322,-0.5277853404606639,-1.6957282786581598,1.146353651921893,0.6418021658593929,86
0.2426673041888446,0.5231146737309235,1.6378966783075386,0.3833048487788537,0.220525190803551,573
0.03216518626134,1.2237146831919816,-0.8004914824824184,0.3833048487788537,1.409435137899921,244
1.3391288854815608,-0.1774853357301348,-0.95724500710463,1.5278780534934129,-1.244732626227409,187
-1.3673269164434982,0.5231146737309235,-1.4902069908201492,1.146353651921893,0.830946930170179,113
1.3414420955686763,0.1728146690003943,-0.7447568959500765,1.5278780534934129,1.623144157316004,266
1.0985550364215555,0.1728146690003943,0.0041766105782674,1.5278780534934129,-1.0568160746718878,327
0.3143768168894231,0.1728146690003943,-0.7935246591658757,-0.3797439543641858,-1.173496286422048,200
-1.286364563394458,0.5231146737309235,-0.6228374879105787,0.3833048487788537,1.6133184552738853,251
0.9320039101492444,-1.228385349921722,0.9098636417288228,1.146353651921893,1.61454666802915,490
0.3814599094157707,0.1728146690003943,-0.9502781837880871,-1.1427927575072254,-0.9855797348665268,181
0.9551360110203988,-1.5786853546522512,-1.1941169998670829,-1.5243171590787452,1.6329698593581228,186
0.6914300610892391,1.2237146831919816,0.4814040077614447,-1.1427927575072254,-1.1612141588693996,394
-1.1521983783417626,0.5231146737309235,-0.6716052511263778,0.3833048487788537,1.5519078175106429,245
-0.1043142088784706,0.1728146690003943,1.376640803937186,-0.7612683559357056,-1.6402171334226892,498
-0.4883070833396328,-1.5786853546522512,1.261688219214231,-1.1427927575072254,0.7646234413858773,506
1.6236537261967594,0.5231146737309235,-1.0930980617772132,-1.5243171590787452,1.368904116976181,217
1.0869889859859785,0.5231146737309235,-0.8074583057989612,-1.5243171590787452,-1.490375177280378,205
1.3275628350459838,0.8734146784614526,-0.2431456171589996,0.7648292503503734,-1.7532127069070549,287
0.4508562120292338,0.8734146784614526,0.4152191862542887,0.3833048487788537,1.5420821154685245,424
0.4485430019421184,0.1728146690003943,0.1504799002256648,-0.3797439543641858,0.1873634464114002,359
1.642159406893683,1.2237146831919816,-1.3543539361475658,0.0017804472073339,-1.0433057343639744,145
-0.6132204280438663,-0.8780853451911931,-0.1734773839935723,-1.5243171590787452,1.4475097333131313,313
-0.6525449995248287,1.5740146879225108,-1.4484060509208927,1.5278780534934129,1.1846722036864543,140
-0.3055634864575134,-0.5277853404606639,1.3383232756962011,0.3833048487788537,-1.173496286422048,494
0.9643888513688604,-0.5277853404606639,0.920313876703637,-1.5243171590787452,-1.0568160746718878,452
0.8741736579713585,1.5740146879225108,0.8506456435382096,-0.3797439543641858,0.6503996551462468,481
-1.7258744799463903,-1.5786853546522512,-0.9258943021801876,0.3833048487788537,1.7705296879477854,193
-1.3673269164434982,0.8734146784614526,0.1678969585170216,1.146353651921893,-0.1332000827127243,338
-1.068922815205607,-1.5786853546522512,1.2303375142897883,0.7648292503503734,-1.5149394323856749,457
-1.228534311216572,1.5740146879225108,-1.469306520870521,-1.1427927575072254,0.0412061285348836,111
-0.1320727299238558,1.5740146879225108,0.0215936688696242,-0.3797439543641858,-1.5665243681067984,313
-0.536884495169057,1.5740146879225108,-0.0341409176627176,-1.1427927575072254,-0.8836380761795446,311
0.3074371866280768,0.8734146784614526,-1.2463681747411537,0.7648292503503734,0.5951300811593287,168
0.1709577914882661,1.5740146879225108,-0.4347332583639248,1.5278780534934129,-1.4044002844118388,254
-0.8491678569296407,1.2237146831919816,1.700598088156423,0.7648292503503734,0.0019033203664086,568
1.5195592722765647,1.5740146879225108,0.133062841934308,-1.5243171590787452,-0.4549918245921137,368
-0.6664242600475213,-1.5786853546522512,1.1084181062502907,-1.1427927575072254,1.252223905226021,490
0.6035280777788525,-1.228385349921722,1.509010446951498,1.5278780534934129,1.017635268970435,562
0.8510415571002041,-0.8780853451911931,-0.5462024314286086,-0.7612683559357056,-0.1823285929233181,253
0.3166900269765386,-0.1774853357301348,0.5336551826355153,-1.5243171590787452,-0.8738123741374259,393
0.1964031024465359,-0.8780853451911931,-1.0582639451944995,-1.5243171590787452,0.236491956621994,177
-1.2678588826975346,0.8734146784614526,1.4393422137860707,-0.7612683559357056,-1.5837193466805062,497
1.4362837091404093,-0.1774853357301348,-1.1348990016764695,-0.7612683559357056,-0.7387089710582929,171
-1.7235612698592753,-0.8780853451911931,1.4637260953939704,1.146353651921893,1.0483405878520566,528
-0.1413255702723175,-0.8780853451911931,1.6378966783075386,-0.3797439543641858,0.8763908021149782,571
0.4485430019421184,0.1728146690003943,0.5824229458513144,-0.3797439543641858,-0.4083197398920496,412
-1.4945534712348472,-0.1774853357301348,-0.95724500710463,-0.3797439543641858,-0.3997222506051957,164
0.3120636068023077,0.1728146690003943,1.1153849295668334,1.146353651921893,-1.0678699894692714,476
1.1124342969442482,-1.5786853546522512,0.7252428238404404,-0.3797439543641858,-1.7470716431307307,409
-1.4691081602765774,-0.5277853404606639,0.969081639919436,0.3833048487788537,0.0473471923112078,446
0.6289733887371223,0.5231146737309235,1.7354322047391368,1.146353651921893,-0.4291993567315519,582
