Area,Room,Parking,Warehouse,Elevator,Address,Price,Price(USD)
63,1,True,True,True,Shahran,1850000000.0,61666.61467691889
60,1,True,True,True,Shahran,1850000000.0,61666.522765010035
79,2,True,True,True,Pardis,550000000.0,18333.52863034861
95,2,True,True,True,Shahrake Qods,902500000.0,30083.3401618975
123,2,True,True,True,Shahrake Gharb,7000000000.0,233333.39602536682
70,2,True,True,False,North Program Organization,2050000000.0,68333.34044781403
87,2,True,True,True,Pardis,600000000.0,19999.969288391145
59,1,True,True,True,Shahran,2150000000.0,71666.69232771259
54,2,True,True,False,Andisheh,493000000.0,16433.27749864093
71,1,True,True,True,West Ferdows Boulevard,2370000000.0,78999.92278348944
68,2,True,True,True,West Ferdows Boulevard,2450000000.0,81666.74832486233
64,1,True,True,True,Narmak,2100000000.0,69999.84915098053
54,1,False,True,True,Narmak,1690000000.0,56333.623893832315
136,3,True,True,True,Saadat Abad,11000000000.0,366666.7171968426
95,2,True,True,True,Zafar,5000000000.0,166666.60022067002
63,1,False,True,False,Islamshahr,570000000.0,19000.1344548829
155,3,True,True,True,Narmak,6700000000.0,223333.25643867932
64,2,False,True,False,Pirouzi,1450000000.0,48333.29852268778
140,3,True,True,True,West Ferdows Boulevard,6400000000.0,213333.35326519667
42,1,False,True,False,Pirouzi,1390000000.0,46333.11840444197
93,2,True,True,True,Shahrake Gharb,7000000000.0,233333.5153850082
87,2,True,True,True,Shahrake Shahid Bagheri,2500000000.0,83333.34633020041
65,1,True,True,True,Shahran,1880000000.0,62666.570390194574
99,2,True,True,True,Moniriyeh,2277000000.0,75899.88124447662
105,2,True,True,True,Saadat Abad,7150000000.0,238333.55337012303
160,3,True,True,True,Velenjak,14945000000.0,498166.6073502031
77,2,True,True,True,Amirieh,1771000000.0,59033.4241679377
123,2,True,True,True,Pirouzi,4059000000.0,135300.0641769133
110,2,True,True,True,Southern Janatabad,630000000.0,21000.01191237695
100,2,True,True,True,West Ferdows Boulevard,3200000000.0,106666.70787941666
90,2,False,True,False,Salsabil,1500000000.0,49999.8675971031
49,1,True,True,True,West Ferdows Boulevard,2200000000.0,73333.23028267652
96,2,True,True,True,Zargandeh,7872000000.0,262399.9917831629
67,2,True,True,False,Feiz Garden,2350000000.0,78333.3898796179
68,2,True,True,True,West Ferdows Boulevard,2500000000.0,83333.37487800325
62,1,True,False,True,Water Organization,2150000000.0,71666.81711231986
55,1,True,True,True,West Ferdows Boulevard,2150000000.0,71666.76409301689
110,2,True,True,True,West Ferdows Boulevard,3750000000.0,125000.0544101691
129,2,True,True,True,West Ferdows Boulevard,5250000000.0,174999.9450815974
109,2,True,True,True,West Ferdows Boulevard,4830000000.0,160999.9468590221
58,1,True,True,True,Saadat Abad,3400000000.0,113333.26570769373
55,1,True,True,True,Saadat Abad,3850000000.0,128333.58449746305
150,2,False,True,True,Shahrake Qods,1200000000.0,40000.02144266223
60,2,True,True,True,,2650000000.0,88333.38236258399
130,3,True,True,False,ShahrAra,5000000000.0,166666.7442388781
88,2,True,True,True,Gisha,4750000000.0,158333.29646949912
51,1,True,True,True,Gisha,2980000000.0,99333.38758514423
113,3,True,True,False,Shahrake Gharb,7000000000.0,233333.24974238782
110,2,True,True,True,Ray,2035000000.0,67833.33121174441
60,1,True,True,True,Abbasabad,2460000000.0,81999.96460399845
98,2,True,True,True,Pardis,540000000.0,18000.03594370404
62,2,False,False,True,Ostad Moein,1450000000.0,48333.349457582786
150,3,True,True,True,Farmanieh,10000000000.0,333333.1490016313
75,2,False,False,False,Parand,635000000.0,21166.575490826104
61,1,True,True,False,Punak,2030000000.0,67666.58100899111
61,1,True,True,False,Punak,2030000000.0,67666.68791223265
72,2,True,True,True,Shahran,2350000000.0,78333.2249391442
100,2,True,True,True,Qasr-od-Dasht,3000000000.0,99999.8663404732
122,3,True,True,True,Aqdasieh,7200000000.0,239999.95591505765
215,3,True,True,True,Pakdasht,1750000000.0,58333.27943989051
101,2,True,True,True,Railway,3300000000.0,109999.79176209976
67,2,True,True,True,Punak,2800000000.0,93333.26175722621
72,2,True,True,False,Punak,2200000000.0,73333.23602095318
63,1,True,True,False,Punak,2200000000.0,73333.45299522542
75,2,True,True,False,Punak,2200000000.0,73333.32679656862
109,2,True,True,True,Shahran,3500000000.0,116666.86763883624
122,2,True,True,True,Aqdasieh,7000000000.0,233333.42902742003
70,1,True,True,True,Central Janatabad,3100000000.0,103333.23728320574
60,1,True,True,True,West Ferdows Boulevard,2450000000.0,81666.66382519406
53,1,True,True,False,East Ferdows Boulevard,1920000000.0,63999.92305789209
90,1,False,True,False,Pakdasht KhatunAbad,850000000.0,28333.403651129494
72,2,True,True,True,Amirieh,1650000000.0,54999.97943375701
74,2,True,True,True,Amirieh,1700000000.0,56666.63041641373
88,3,False,False,True,Parand,560000000.0,18666.695504170657
63,1,True,True,True,Punak,2150000000.0,71666.59836319476
114,3,True,True,True,Sattarkhan,5500000000.0,183333.29516346403
151,3,True,True,True,Saadat Abad,10200000000.0,340000.0148415864
42,1,True,False,True,Shahran,1760000000.0,58666.853686986695
74,2,True,True,True,Amirieh,1700000000.0,56666.79231146591
88,3,False,False,True,Parand,560000000.0,18666.76499003076
63,1,True,True,True,Punak,2150000000.0,71666.28770429852
114,3,True,True,True,Sattarkhan,5500000000.0,183333.37262043587
151,3,True,True,True,Saadat Abad,10200000000.0,340000.1544925966
42,1,True,False,True,Shahran,1760000000.0,58666.783408291
300,3,True,True,False,Baghestan,1500000000.0,49999.953866932185
110,2,True,True,True,West Ferdows Boulevard,3730000000.0,124333.34869160457
100,2,False,False,False,Shahrake Qods,620000000.0,20666.628872090747
140,1,False,False,False,Shahryar,580000000.0,19333.276502943387
70,2,True,True,True,Northern Janatabad,3050000000.0,101666.69844648971
60,2,True,True,False,West Ferdows Boulevard,2000000000.0,66666.54974060865
76,2,True,True,True,North Program Organization,2600000000.0,86666.65541131822
148,3,True,True,True,Daryan No,5990000000.0,199666.63973786074
75,2,True,True,True,North Program Organization,2300000000.0,76666.6393875119
40,1,True,True,False,Pirouzi,1300000000.0,43333.320398057745
65,2,True,True,True,Southern Program Organization,2270000000.0,75666.7674543142
140,3,True,True,True,Rudhen,4000000000.0,133333.13789509304
110,2,True,True,True,West Pars,4000000000.0,133333.30985949613
70,2,True,False,True,Afsarieh,1650000000.0,55000.115370253036
128,3,True,True,True,Marzdaran,6700000000.0,223333.30843157475
94,2,True,True,True,Parand,580000000.0,19333.35681841729
67,1,True,True,True,Punak,2300000000.0,76666.6875239196
75,1,True,True,True,Shahrake Qods,650000000.0,21666.585816835508
130,2,True,True,True,Dorous,16900000000.0,563333.3872881093
40,0,False,False,False,Shahrake Qods,248000000.0,8266.695611317504
97,2,True,True,True,Pardis,510000000.0,16999.938205220475
110,2,True,True,True,Shahran,3850000000.0,128333.47732003304
150,3,True,True,True,Sadeghieh,6000000000.0,200000.12889120716
75,2,False,False,False,Chahardangeh,780000000.0,25999.907866049474
137,3,True,True,True,ShahrAra,7200000000.0,240000.05983244002
85,2,True,True,True,Parand,410000000.0,13666.643085281736
68,2,False,True,False,Pakdasht,430000000.0,14333.335306584344
78,2,False,True,False,Baqershahr,800000000.0,26666.65954792451
85,2,True,True,True,Parand,545000000.0,18166.625510219852
100,2,True,True,False,Parand,1280000000.0,42666.72758211251
71,2,True,True,True,Punak,2800000000.0,93333.29150995304
140,3,True,True,True,Gisha,11200000000.0,373333.25766113284
136,3,True,True,False,Parand,750000000.0,25000.005773388362
48,1,False,False,False,Jeyhoon,850000000.0,28333.27978652855
100,2,True,True,True,Lavizan,3300000000.0,109999.95251708705
82,2,True,False,True,Shams Abad,3280000000.0,109333.30352904323
120,3,True,True,True,Fatemi,4800000000.0,159999.97235445122
139,3,True,True,True,Gisha,7300000000.0,243333.35481506333
110,3,True,True,True,Keshavarz Boulevard,3950000000.0,131666.79138025423
78,2,False,False,True,Parand,370000000.0,12333.519545298544
79,2,False,False,False,Baghestan,750000000.0,24999.87079591832
66,2,True,True,True,Salsabil,1725000000.0,57499.998543661546
78,2,True,True,True,Kahrizak,780000000.0,26000.16811437558
85,2,True,True,True,Shahryar,1419000000.0,47300.04956072197
100,2,True,True,False,Qarchak,1200000000.0,40000.01931166518
80,2,True,True,True,Northren Jamalzadeh,3600000000.0,120000.15193453054
44,1,True,True,False,Salsabil,1050000000.0,34999.86180768873
120,2,True,True,False,Shahryar,1200000000.0,40000.00328963316
50,1,False,True,False,Shahrake Qods,340000000.0,11333.407798205331
121,3,True,True,False,Ostad Moein,3300000000.0,110000.04358285725
80,2,True,True,True,Azarbaijan,2800000000.0,93333.47297622813
70,2,False,True,True,Bahar,1200000000.0,39999.883544548975
160,1,False,False,False,Qarchak,3600000.0,119.98324919030001
40,0,False,False,False,Pakdasht,165000000.0,5499.974726475073
88,2,True,True,True,Railway,2860000000.0,95333.47281701364
141,3,True,True,True,Persian Gulf Martyrs Lake,3810000000.0,126999.87005415595
140,3,True,True,True,Persian Gulf Martyrs Lake,1790000000.0,59666.641220525526
120,2,True,True,True,Persian Gulf Martyrs Lake,1530000000.0,51000.05824280008
66,2,False,True,False,Beryanak,1000000000.0,33333.46144623844
70,2,True,True,True,Punak,3500000000.0,116666.61860759219
75,2,True,False,True,Heshmatieh,3000000000.0,99999.87168857644
70,2,False,True,True,Elm-o-Sanat,1800000000.0,60000.020633630214
150,3,True,True,True,Saadat Abad,20000000000.0,666666.5704375347
95,2,True,True,True,Golestan,950000000.0,31666.725629407327
127,2,True,True,True,Southern Janatabad,6000000000.0,199999.94239226464
123,3,True,True,True,Shahr-e-Ziba,3700000000.0,123333.40987757868
63,2,True,True,True,Southern Janatabad,2000000000.0,66666.47962092177
90,2,True,True,True,Punak,3050000000.0,101666.74018853594
105,2,True,True,True,Pardis,605000000.0,20166.63505908947
180,3,True,True,True,Pasdaran,9900000000.0,329999.97578377207
120,3,True,False,True,Pirouzi,3700000000.0,123333.3819085169
65,2,True,True,True,Feiz Garden,2500000000.0,83333.41289413831
158,3,True,True,True,Farmanieh,10480000000.0,349333.39727811934
144,3,True,True,True,Chardivari,7632000000.0,254399.95546798187
144,3,True,True,True,Punak,7632000000.0,254400.04633081445
130,3,True,True,True,Gheitarieh,12300000000.0,409999.9084494098
245,3,True,True,True,Farmanieh,26950000000.0,898333.3986622529
190,3,True,True,True,Kamranieh,24300000000.0,810000.0264810142
63,2,True,True,True,Central Janatabad,3000000000.0,99999.97525125588
75,2,True,True,True,East Ferdows Boulevard,2100000000.0,69999.99217128735
88,2,True,False,True,Gholhak,4700000000.0,156666.71830036296
108,2,True,True,True,Pasdaran,9180000000.0,306000.08685425244
117,2,True,True,True,Islamshahr,1579500000.0,52649.86959662795
200,3,True,True,True,Pasdaran,12000000000.0,400000.20678022096
65,1,True,True,False,Pirouzi,1750000000.0,58333.34246251316
90,2,True,True,True,Central Janatabad,3780000000.0,125999.95080526982
125,2,True,True,True,Heravi,8100000000.0,269999.87456864095
140,3,True,True,True,Heravi,9100000000.0,303333.3156163725
71,2,False,True,True,Hashemi,1550000000.0,51666.648641612686
71,2,False,True,True,Jeyhoon,1640000000.0,54666.83996655751
236,4,True,True,True,Gheitarieh,20000000000.0,666666.7127869305
67,2,True,True,True,Central Janatabad,2750000000.0,91666.73719732068
60,1,True,True,True,Punak,1750000000.0,58333.53864986882
220,3,True,True,True,Heravi,15400000000.0,513333.43217374
44,1,True,True,False,Andisheh,350000000.0,11666.887276092573
68,1,True,True,True,Heravi,4115000000.0,137166.57961059603
100,2,True,True,True,Pasdaran,8000000000.0,266666.7767788705
86,2,True,True,True,Pardis,580000000.0,19333.2445147593
84,2,True,True,True,Pardis,560000000.0,18666.553200576298
94,2,True,True,True,Heravi,4800000000.0,159999.92951144231
55,1,False,True,False,West Ferdows Boulevard,1550000000.0,51666.71573823616
113,2,True,True,True,Saadat Abad,7500000000.0,250000.12594957303
71,2,True,True,True,Islamshahr,630000000.0,21000.013957815067
70,2,True,True,False,Dehkade Olampic,2000000000.0,66666.69012798522
200,3,True,True,True,Golestan,2400000000.0,80000.16954781275
106,2,True,True,True,Golestan,1100000000.0,36666.62195072189
320,4,True,True,True,Saadat Abad,24000000000.0,800000.1869169108
114,2,True,True,True,West Pars,3820000000.0,127333.1950388306
100,2,True,True,True,Punak,6000000000.0,200000.03061456588
122,2,True,True,True,Saadat Abad,5800000000.0,193333.14152048976
200,2,True,True,False,Damavand,3500000000.0,116666.82690157056
154,3,True,True,True,Saadat Abad,12300000000.0,410000.12855449616
210,3,True,True,True,Pasdaran,15750000000.0,525000.0515328865
200,3,True,True,True,East Ferdows Boulevard,11000000000.0,366666.7164969995
65,1,True,True,True,Southern Janatabad,3000000000.0,99999.95983961399
124,3,True,True,True,Pirouzi,3968000000.0,132266.6169637827
83,2,True,True,True,Republic,1909000000.0,63633.308586670595
270,4,True,True,True,Farmanieh,37800000000.0,1259999.8288304326
104,2,True,True,True,East Ferdows Boulevard,5700000000.0,189999.88947108237
150,3,True,True,True,Zaferanieh,10490000000.0,349666.7356359585
103,3,True,True,True,West Ferdows Boulevard,3200000000.0,106666.72211119793
48,1,True,True,True,West Ferdows Boulevard,1920000000.0,64000.08513810359
165,3,True,True,True,Gheitarieh,12300000000.0,410000.007375968
135,2,True,True,False,Gheitarieh,7400000000.0,246666.816552255
86,2,True,True,True,Saadat Abad,6200000000.0,206666.6598240269
75,2,True,True,True,East Ferdows Boulevard,2350000000.0,78333.36657118348
58,1,True,True,True,East Ferdows Boulevard,1850000000.0,61666.717222864
125,2,True,True,True,Shahrake Gharb,21500000000.0,716666.7193276704
82,2,True,True,True,Qazvin Imamzadeh Hassan,1886000000.0,62866.746032919364
58,2,True,True,True,Shahran,2200000000.0,73333.24814223628
101,2,True,True,True,Beryanak,2323000000.0,77433.32486538116
90,2,True,True,True,Niavaran,6800000000.0,226666.67407858593
180,3,True,True,True,Farmanieh,20700000000.0,689999.9498458315
132,3,True,True,True,Gheitarieh,6250000000.0,208333.32319293608
81,2,True,True,True,Valiasr,1863000000.0,62099.941042396764
153,3,True,True,True,Pasdaran,13000000000.0,433333.50056773063
166,3,True,True,True,Qalandari,12500000000.0,416666.62259105797
200,3,True,True,True,Pasdaran,17000000000.0,566666.6892686619
113,2,True,True,True,Pasdaran,8500000000.0,283333.1329372608
100,2,True,True,True,Valiasr,2300000000.0,76666.73152554614
80,2,True,True,True,Central Janatabad,3350000000.0,111666.52230747612
76,2,True,True,True,Jeyhoon,2000000000.0,66666.55928405753
128,3,True,True,True,Punak,5700000000.0,189999.89756232448
210,3,True,True,True,Shahrake Gharb,27000000000.0,900000.0188569161
140,2,True,True,True,Shahrake Gharb,12600000000.0,419999.8397928367
74,2,True,True,True,Amir Bahador,1702000000.0,56733.2077020342
75,1,True,True,True,Central Janatabad,3000000000.0,99999.89631002981
120,2,True,True,True,Pasdaran,7500000000.0,250000.07329256958
120,2,True,True,True,Pasdaran,7500000000.0,250000.04239308627
85,2,True,True,True,Ekhtiarieh,5000000000.0,166666.67455114768
105,2,True,True,True,Pardis,700000000.0,23333.474755321826
175,3,True,True,True,Farmanieh,15600000000.0,520000.0600742031
170,3,True,True,True,Farmanieh,15350000000.0,511666.6996666728
58,1,True,True,True,Ekbatan,2810000000.0,93666.65273632685
75,2,True,True,True,Parand,395000000.0,13166.711754491007
160,3,True,True,True,Gheitarieh,15100000000.0,503333.2467299385
62,1,True,True,True,Shahran,1850000000.0,61666.645647410995
93,2,True,True,True,Rudhen,1450000000.0,48333.3796979728
75,2,True,True,True,Islamshahr,715000000.0,23833.378249408284
86,2,True,True,False,Islamshahr,1200000000.0,39999.927667744916
120,2,True,True,True,Southern Program Organization,4260000000.0,142000.05068935847
95,2,True,True,True,Andisheh,1500000000.0,50000.13432734638
70,2,True,True,False,West Ferdows Boulevard,2120000000.0,70666.68558065916
75,2,True,True,False,East Ferdows Boulevard,2000000000.0,66666.71269586695
81,2,True,False,True,Pardis,590000000.0,19666.589723569898
65,1,True,True,False,West Ferdows Boulevard,1930000000.0,64333.48074113579
75,2,True,True,True,East Ferdows Boulevard,2730000000.0,91000.1358955635
106,2,True,True,False,East Ferdows Boulevard,3150000000.0,105000.0329951911
115,2,True,True,True,East Ferdows Boulevard,4600000000.0,153333.2729875054
100,2,True,True,True,Shahr-e-Ziba,3000000000.0,99999.9792830716
118,2,True,True,True,East Ferdows Boulevard,4500000000.0,149999.99644775383
116,2,True,True,True,East Ferdows Boulevard,5100000000.0,169999.93229655275
76,2,True,True,True,Shahr-e-Ziba,2200000000.0,73333.36118292663
74,2,True,True,False,East Ferdows Boulevard,2300000000.0,76666.83788246945
96,2,True,True,True,Saadat Abad,4500000000.0,149999.95411631884
87,2,True,True,True,Pardis,625000000.0,20833.28404581906
43,1,True,True,False,Northern Janatabad,1620000000.0,53999.93367630288
155,3,True,True,True,Niavaran,17050000000.0,568333.3730700226
53,1,True,True,True,East Ferdows Boulevard,1920000000.0,63999.993643726884
160,3,True,True,True,Farmanieh,17600000000.0,586666.6829755876
78,2,True,True,True,Shahr-e-Ziba,2250000000.0,74999.89140808777
230,3,True,True,True,Niavaran,25300000000.0,843333.254659761
55,1,True,True,True,West Ferdows Boulevard,1850000000.0,61666.63139139175
120,2,True,True,False,Saadat Abad,11700000000.0,389999.8137239115
78,2,True,True,True,Southern Janatabad,3600000000.0,119999.90993321259
95,2,True,True,True,Southern Janatabad,4400000000.0,146666.73511425123
170,3,True,True,True,Gheitarieh,15400000000.0,513333.3870143573
175,3,True,True,True,Shahrake Gharb,22750000000.0,758333.2134094932
115,3,True,True,True,Punak,4500000000.0,150000.11971249038
113,2,True,True,True,Punak,4300000000.0,143333.31179154367
85,2,True,True,True,Punak,3380000000.0,112666.61571683481
140,3,True,True,True,Saadat Abad,10000000000.0,333333.332458064
90,2,True,True,True,Saadat Abad,6500000000.0,216666.6150682469
63,1,True,False,False,Punak,2200000000.0,73333.23113071357
75,2,True,True,True,Central Janatabad,3220000000.0,107333.28680668518
130,3,True,True,True,Punak,6240000000.0,207999.80991023997
91,2,True,True,True,Punak,3350000000.0,111666.59685245116
121,3,True,True,True,Persian Gulf Martyrs Lake,3650000000.0,121666.4994690496
140,3,True,True,True,Saadat Abad,15500000000.0,516666.56246321305
126,2,True,True,True,East Ferdows Boulevard,5500000000.0,183333.36226645057
450,2,True,True,False,Absard,4200000000.0,139999.8349202593
500,2,True,True,False,Absard,3900000000.0,130000.1065891336
110,1,True,True,True,Pasdaran,6600000000.0,220000.0579196826
145,3,True,True,True,Haft Tir,4700000000.0,156666.7478583392
81,2,True,True,True,Shahrake Qods,810000000.0,26999.88582248411
64,2,True,True,True,Shahr-e-Ziba,2200000000.0,73333.30078434295
112,2,True,True,True,Shahr-e-Ziba,3680000000.0,122666.61804107955
192,3,True,True,True,Marzdaran,12670000000.0,422333.1949843206
164,3,True,True,True,Marzdaran,10000000000.0,333333.540699736
135,3,True,True,True,Pasdaran,8100000000.0,270000.0274844318
170,3,True,True,True,Mahallati,9200000000.0,306666.6858275352
130,3,True,True,True,Mahallati,5200000000.0,173333.3380209234
84,2,True,True,True,Shahran,3400000000.0,113333.15160524295
82,2,True,True,True,Shahran,3550000000.0,118333.20156110979
265,3,True,True,True,Farmanieh,20000000000.0,666666.6245244606
60,1,True,True,True,Southern Janatabad,1950000000.0,65000.11372985738
145,3,True,True,True,Pasdaran,15500000000.0,516666.63692016114
65,1,False,True,True,Southern Janatabad,2000000000.0,66666.56806040165
60,1,True,True,False,Southern Janatabad,2280000000.0,75999.97430250747
63,2,True,True,True,Southern Janatabad,2000000000.0,66666.6019859138
70,2,True,True,True,Southern Janatabad,1950000000.0,65000.04386358708
92,2,True,True,True,Feiz Garden,3900000000.0,130000.04780738012
98,2,True,True,True,Pasdaran,7800000000.0,259999.8968178839
62,1,True,True,True,Southern Janatabad,2280000000.0,75999.98853189292
65,1,True,True,True,Punak,2900000000.0,96666.70296502761
90,2,True,True,True,Ozgol,5000000000.0,166666.6153153554
59,2,True,True,True,Southern Janatabad,1900000000.0,63333.214017018785
63,2,True,True,True,Southern Janatabad,2000000000.0,66666.58837580717
60,2,True,True,True,Southern Janatabad,2200000000.0,73333.45129810896
70,2,True,True,True,Southern Janatabad,2500000000.0,83333.31907073497
60,1,True,True,True,Southern Janatabad,2200000000.0,73333.2631239531
165,3,True,True,True,Pasdaran,10500000000.0,350000.09697098134
135,2,True,True,True,Zaferanieh,17500000000.0,583333.3319780692
65,1,True,True,True,Southern Janatabad,2000000000.0,66666.72348651417
60,1,True,True,True,Southern Janatabad,2250000000.0,74999.92412059016
60,1,True,True,True,Southern Janatabad,2250000000.0,74999.87508707393
86,2,True,True,True,Southern Janatabad,3600000000.0,119999.97665758552
109,2,True,True,True,Heravi,6000000000.0,199999.99910409487
98,2,True,True,False,Narmak,2842000000.0,94733.32899777564
80,2,True,True,True,Central Janatabad,3120000000.0,103999.97914546181
143,3,True,True,True,Gheitarieh,8860000000.0,295333.4001436327
95,2,True,True,True,Saadat Abad,4550000000.0,151666.6357431947
86,2,True,True,True,Punak,3700000000.0,123333.3306116156
160,3,True,True,True,Gheitarieh,10000000000.0,333333.4284814461
200,3,True,True,True,Pasdaran,16580000000.0,552666.769811667
74,1,True,True,True,Punak,3250000000.0,108333.43373013608
350,3,True,True,True,Zaferanieh,52500000000.0,1749999.990867839
87,2,True,True,True,Northern Janatabad,3550000000.0,118333.46577593804
82,2,True,True,True,West Ferdows Boulevard,3450000000.0,114999.9355474121
55,1,True,True,True,Shahr-e-Ziba,2490000000.0,83000.0427402255
148,3,True,True,True,Ekhtiarieh,8400000000.0,280000.06620518863
55,1,True,False,True,Shahr-e-Ziba,2020000000.0,67333.37257583666
100,2,True,True,False,Southern Janatabad,3800000000.0,126666.79361514174
55,1,False,True,False,West Ferdows Boulevard,1550000000.0,51666.75537101008
130,3,True,True,True,Central Janatabad,5300000000.0,176666.6056004037
335,4,True,True,True,Saadat Abad,33500000000.0,1116666.6309459475
320,4,True,True,True,Saadat Abad,40000000000.0,1333333.4495112007
192,3,True,True,True,Saadat Abad,19500000000.0,649999.9744660174
100,2,True,True,True,Gheitarieh,8000000000.0,266666.6845355681
148,3,True,True,True,Saadat Abad,14800000000.0,493333.2559047978
145,2,True,True,True,Shahrake Gharb,14700000000.0,489999.8507214016
192,4,True,True,True,Saadat Abad,22000000000.0,733333.3124237338
235,3,True,True,True,North Program Organization,16450000000.0,548333.2496561337
225,3,True,True,True,Heravi,15750000000.0,525000.0184261721
221,4,True,True,True,Saadat Abad,25000000000.0,833333.5111827105
312,4,True,True,True,Farmanieh,45000000000.0,1500000.1117024214
188,3,True,True,True,Ozgol,17672000000.0,589066.8633550672
170,2,True,True,True,Farmanieh,12400000000.0,413333.53868462605
198,3,True,True,True,Farmanieh,27720000000.0,923999.9749785361
80,2,True,True,True,North Program Organization,3100000000.0,103333.25055865411
170,3,True,True,True,Niavaran,18700000000.0,623333.2639426271
110,2,True,True,True,Tajrish,6600000000.0,219999.95683381244
650,2,True,True,False,Absard,5200000000.0,173333.34364731578
200,3,True,True,True,Saadat Abad,12000000000.0,399999.8744651828
101,3,True,True,True,Ekhtiarieh,6500000000.0,216666.6176859776
104,2,True,True,True,Feiz Garden,3850000000.0,128333.31208904459
70,2,True,True,True,Northern Janatabad,3200000000.0,106666.72692921587
76,2,True,True,False,Shahr-e-Ziba,2570000000.0,85666.93117779723
110,2,True,True,True,Feiz Garden,4300000000.0,143333.24960141312
160,2,True,True,True,Pasdaran,16200000000.0,540000.0499393394
179,3,True,True,True,Dorous,13800000000.0,460000.0063108299
256,3,True,True,True,Dorous,18500000000.0,616666.7733340845
90,2,True,True,True,Feiz Garden,3850000000.0,128333.5549282221
77,2,True,True,True,Shahr-e-Ziba,2570000000.0,85666.80759076856
96,2,True,True,True,Pasdaran,5600000000.0,186666.8316900303
75,1,True,True,True,Central Janatabad,3250000000.0,108333.24625329561
79,2,True,True,True,Abazar,3000000000.0,99999.94384345926
67,1,True,True,True,Saadat Abad,3400000000.0,113333.4282720497
125,2,True,True,True,Shahr-e-Ziba,6400000000.0,213333.48843864628
75,2,True,True,False,Shahr-e-Ziba,1890000000.0,63000.08035678224
75,2,True,True,False,Shahr-e-Ziba,1890000000.0,63000.00967261742
91,2,True,True,True,Saadat Abad,5400000000.0,180000.07972517022
105,2,True,True,True,Parand,1417500000.0,47249.84630608006
66,2,True,True,True,Ostad Moein,1585000000.0,52833.383504039935
86,2,True,True,True,Southern Janatabad,3270000000.0,108999.98830868813
72,2,True,True,False,Northern Janatabad,2380000000.0,79333.34397741925
148,2,True,False,True,Koohsar,4500000000.0,149999.94660216497
84,2,True,True,True,Saadat Abad,4600000000.0,153333.22500665442
128,2,True,True,True,Niavaran,12800000000.0,426666.6328705198
65,1,True,True,True,West Ferdows Boulevard,3900000000.0,130000.00951579974
140,3,True,True,True,Pasdaran,11800000000.0,393333.3255157882
115,2,True,True,True,Ekhtiarieh,7400000000.0,246666.555947568
105,2,True,True,True,Saadat Abad,5700000000.0,190000.21588586242
87,2,True,True,True,Pardis,650000000.0,21666.767533422295
75,2,True,True,False,Shahr-e-Ziba,1890000000.0,63000.02799097924
60,1,True,True,True,Persian Gulf Martyrs Lake,875000000.0,29166.756526434176
68,1,True,True,True,Southern Program Organization,2630000000.0,87666.76124934359
49,1,True,True,True,West Ferdows Boulevard,2200000000.0,73333.29189281604
103,2,True,True,True,Hekmat,9270000000.0,309000.04175669036
55,1,True,True,True,West Ferdows Boulevard,2200000000.0,73333.52610019686
140,3,True,True,True,Punak,7700000000.0,256666.59687673274
257,4,True,True,True,Persian Gulf Martyrs Lake,12850000000.0,428333.2205350739
82,2,True,True,True,Punak,4018000000.0,133933.3808283852
167,3,True,True,True,Punak,10688000000.0,356266.7769219459
53,1,False,True,False,West Ferdows Boulevard,1640000000.0,54666.68302725821
51,1,False,True,False,West Ferdows Boulevard,1550000000.0,51666.60746647628
54,1,True,True,False,West Ferdows Boulevard,2130000000.0,71000.03386729611
82,2,True,True,True,Sattarkhan,4100000000.0,136666.60905090126
75,2,True,True,True,West Ferdows Boulevard,2800000000.0,93333.54161360578
98,2,True,True,True,West Ferdows Boulevard,4520000000.0,150666.85338590137
75,2,True,True,False,Shahr-e-Ziba,1890000000.0,62999.769204647804
70,1,True,True,True,Niavaran,5600000000.0,186666.72263828537
75,2,True,True,False,Shahr-e-Ziba,1890000000.0,63000.13467893808
64,1,True,True,True,Ekbatan,3700000000.0,123333.31015581501
85,2,True,True,True,Jeyhoon,2100000000.0,70000.1377492323
48,1,False,True,False,Parastar,980000000.0,32666.558076348756
75,2,True,True,False,Shahr-e-Ziba,1890000000.0,62999.87175734273
246,3,True,True,True,Ekhtiarieh,22500000000.0,749999.8872986285
168,3,True,True,True,Gheitarieh,14000000000.0,466666.66938404785
280,4,True,True,True,Saadat Abad,38500000000.0,1283333.432713251
75,2,True,True,False,Shahr-e-Ziba,1890000000.0,62999.90372690902
84,2,True,True,True,Pardis,680000000.0,22666.63818927524
75,2,True,True,False,Shahr-e-Ziba,1890000000.0,63000.208586396555
108,2,True,True,True,Gisha,5180000000.0,172666.6991729286
62,1,True,True,True,Shahr-e-Ziba,2580000000.0,86000.20159055559
70,2,True,True,True,Southern Janatabad,3370000000.0,112333.38892855149
180,3,True,True,True,Pasdaran,9900000000.0,329999.9855190359
135,3,True,True,True,Abazar,6480000000.0,215999.94989208813
75,2,True,True,False,Shahr-e-Ziba,1890000000.0,62999.89574662624
108,2,True,True,True,Farmanieh,6200000000.0,206666.8345620901
91,2,True,True,True,Ekhtiarieh,5180000000.0,172666.6912570727
120,2,True,True,True,Gheitarieh,8900000000.0,296666.717981821
112,2,True,True,False,Gheitarieh,7500000000.0,250000.03069280906
75,2,True,True,False,Shahr-e-Ziba,1890000000.0,62999.94189984688
123,2,True,True,True,Pirouzi,4059000000.0,135300.04747114528
69,2,True,True,True,Pirouzi,1800000000.0,60000.1119582652
400,5,True,True,False,Lavasan,85000000000.0,2833333.230986466
660,5,True,True,False,Lavasan,55000000000.0,1833333.3911792338
66,1,True,False,True,Pirouzi,1850000000.0,61666.585686542625
80,2,True,True,True,Ostad Moein,2150000000.0,71666.48741388472
44,1,True,True,False,Pirouzi,880000000.0,29333.23406113465
180,3,True,True,True,East Ferdows Boulevard,9360000000.0,311999.7831064491
164,3,True,True,True,East Ferdows Boulevard,9840000000.0,328000.011794953
213,3,True,True,True,East Ferdows Boulevard,14484000000.0,482799.97718139493
100,2,True,True,True,Shahr-e-Ziba,3400000000.0,113333.40878191256
75,2,True,True,False,Shahr-e-Ziba,1890000000.0,62999.90413648849
300,3,True,True,True,Niavaran,55500000000.0,1849999.9822742976
126,3,True,True,True,Ostad Moein,3000000000.0,100000.0265530852
85,2,True,True,True,Majidieh,2500000000.0,83333.25316632928
75,2,True,True,False,Shahr-e-Ziba,1890000000.0,62999.90080898458
57,1,False,True,True,Parastar,1270000000.0,42333.335131437045
61,1,False,True,False,Shahr-e-Ziba,1990000000.0,66333.31650816833
79,2,True,True,True,Jeyhoon,1817000000.0,60566.70392696743
68,1,True,True,True,Pirouzi,2450000000.0,81666.46455033211
105,2,True,True,True,Pardis,1000000000.0,33333.30204980267
105,2,True,True,True,Saadat Abad,7700000000.0,256666.7516067323
160,2,True,True,True,Pardis,1930000000.0,64333.399238541635
100,2,True,True,True,Pardis,585000000.0,19499.935859725207
125,3,True,True,True,Saadat Abad,12500000000.0,416666.6776637781
94,2,True,False,True,Pardis,990000000.0,33000.221549787246
80,2,False,True,False,Northern Janatabad,2200000000.0,73333.4177962851
75,2,True,False,True,Parastar,2300000000.0,76666.47572059448
99,3,True,True,True,North Program Organization,4190000000.0,139666.5996682827
90,2,True,True,True,Shahr-e-Ziba,4099000000.0,136633.41497435208
129,3,True,True,True,Shahr-e-Ziba,4500000000.0,150000.00712674952
245,3,True,True,True,Aqdasieh,36500000000.0,1216666.5846512727
102,2,True,True,False,Parastar,2030000000.0,67666.63670025779
141,3,True,True,True,Pakdasht,1225000000.0,40833.27040361569
96,2,True,True,True,Shahr-e-Ziba,3840000000.0,127999.93882410985
155,3,True,True,True,Heravi,8600000000.0,286666.63933383086
300,3,True,True,True,Farmanieh,55500000000.0,1849999.94618683
87,2,True,True,True,Gheitarieh,6264000000.0,208799.85443308417
87,2,True,True,True,Gheitarieh,6264000000.0,208800.0458880044
105,2,True,True,True,Gheitarieh,6200000000.0,206666.56075221038
61,1,True,True,True,Shahran,1850000000.0,61666.61036649063
88,2,True,True,True,East Ferdows Boulevard,3700000000.0,123333.37261466064
101,2,True,True,True,West Ferdows Boulevard,3700000000.0,123333.31681602137
160,2,True,True,True,Pardis,1930000000.0,64333.35368563373
130,2,True,True,True,Southern Chitgar,3250000000.0,108333.39466642578
150,3,True,True,True,Karimkhan,7800000000.0,260000.21826450605
144,2,True,True,True,Railway,6600000000.0,220000.04974305767
91,2,True,True,True,Southern Janatabad,4500000000.0,149999.90771020824
68,2,True,True,True,West Ferdows Boulevard,2200000000.0,73333.46695915208
133,3,True,True,True,Rudhen,2260000000.0,75333.32250480028
71,2,True,True,True,Si Metri Ji,1633000000.0,54433.22082340961
64,1,True,True,True,Pardis,680000000.0,22666.636705782916
132,2,True,True,True,Rudhen,2244000000.0,74800.01982333466
95,2,True,True,True,Abazar,5600000000.0,186666.50549840846
95,2,True,True,True,Abazar,4500000000.0,149999.8511617051
102,2,True,True,True,Abazar,5200000000.0,173333.3834691133
120,2,True,True,True,Abazar,6250000000.0,208333.27751893317
117,3,True,True,True,East Ferdows Boulevard,4600000000.0,153333.19925368344
55,1,True,True,True,Karoon,1570000000.0,52333.381910471486
60,1,True,True,True,Northern Chitgar,295000000.0,9833.338248864364
85,2,True,True,True,Jeyhoon,1900000000.0,63333.37651498912
80,2,False,True,True,Jeyhoon,1750000000.0,58333.34800859249
54,1,True,True,True,Jeyhoon,1500000000.0,50000.11915312737
57,1,True,True,True,Feiz Garden,1880000000.0,62666.660340526185
101,2,True,False,True,Pirouzi,3130000000.0,104333.28659788352
65,2,True,True,False,Feiz Garden,1960000000.0,65333.22281015448
91,2,True,True,True,Punak,3230000000.0,107666.67118155981
105,2,True,True,True,Pardis,690000000.0,22999.97020501326
86,2,True,True,True,Central Janatabad,3480000000.0,115999.98816398361
200,3,True,True,True,Farmanieh,35000000000.0,1166666.6787485029
87,2,True,True,True,Pardis,760000000.0,25333.210930486937
103,2,True,True,True,Shahran,3550000000.0,118333.17892519066
81,2,True,True,True,East Pars,2891700000.0,96389.98990016777
73,2,True,True,True,Feiz Garden,2600000000.0,86666.77433482016
90,2,True,True,True,Northern Chitgar,455000000.0,15166.77166294381
134,3,True,True,True,Andisheh,1600000000.0,53333.38259207582
60,1,True,True,True,Shahran,1850000000.0,61666.51756395718
51,1,True,True,False,Shahran,2020000000.0,67333.20375206645
108,2,True,True,False,Pardis,1300000000.0,43333.283615073204
86,2,True,True,True,Pardis,610000000.0,20333.348900758152
110,2,True,True,False,Pardis,1870000000.0,62333.25308414542
88,2,True,True,True,Pardis,740000000.0,24666.754782833257
85,2,True,True,True,Pardis,780000000.0,25999.993439643837
100,2,True,True,True,Pirouzi,3000000000.0,100000.08881357191
87,2,True,True,True,Pardis,715000000.0,23833.24140496282
191,3,True,True,True,Farmanieh,18145000000.0,604833.2863559234
91,2,True,True,True,Salsabil,2093000000.0,69766.72838177781
282,3,True,True,True,Farmanieh,36660000000.0,1221999.88336359
282,2,True,True,True,Niavaran,30000000000.0,1000000.0370982828
210,3,True,True,True,Farmanieh,23100000000.0,770000.029869609
87,2,True,True,True,Pardis,650000000.0,21666.8025367691
170,2,True,True,True,Kook,7140000000.0,238000.0649881371
89,2,True,True,True,Moniriyeh,2047000000.0,68233.15184070276
64,2,True,True,True,Saadat Abad,3200000000.0,106666.60252081743
89,2,True,True,True,Northern Janatabad,3100000000.0,103333.26877050946
135,3,True,True,True,Zaferanieh,11800000000.0,393333.27238639
75,2,False,False,False,Air force,1650000000.0,54999.986686446005
105,2,True,True,True,Air force,3990000000.0,133000.0386614928
320,4,True,True,True,Saadat Abad,40000000000.0,1333333.366548877
111,2,True,True,True,Saadat Abad,6800000000.0,226666.71938852058
133,3,True,True,True,Sohanak,7448000000.0,248266.79596152742
65,1,True,True,False,Saadat Abad,3250000000.0,108333.32915869525
65,1,False,True,True,Lavizan,2650000000.0,88333.38148667973
112,2,True,True,True,Gheitarieh,8200000000.0,273333.3707338852
147,3,True,True,True,Ekhtiarieh,8400000000.0,279999.95164390124
150,3,True,True,True,Saadat Abad,12000000000.0,399999.8628324582
67,1,True,True,True,Southern Janatabad,3450000000.0,114999.84450483657
220,3,True,True,True,Ekhtiarieh,15000000000.0,499999.9589883885
66,2,True,True,True,Narmak,2510000000.0,83666.73339808696
75,2,True,True,False,Shahr-e-Ziba,1880000000.0,62666.62898355131
180,3,True,True,True,Aqdasieh,12600000000.0,419999.9751541618
103,2,True,True,True,Saadat Abad,5200000000.0,173333.3119591205
68,1,True,True,True,West Ferdows Boulevard,3570000000.0,118999.9865831697
115,2,True,True,True,Pasdaran,11000000000.0,366666.6735036166
115,2,True,True,True,Andisheh,1900000000.0,63333.39611367669
150,3,True,True,True,Narmak,8400000000.0,279999.868102038
78,2,True,True,True,Qasr-od-Dasht,2000000000.0,66666.68338025636
100,2,True,True,True,Persian Gulf Martyrs Lake,1000000000.0,33333.47799388078
58,1,True,True,True,Punak,2650000000.0,88333.30648564232
90,2,True,True,True,Punak,4200000000.0,139999.94108049935
235,3,True,True,True,Gheitarieh,24000000000.0,799999.8757276626
48,1,True,True,True,Punak,2250000000.0,74999.75091879367
70,2,True,True,True,Punak,2800000000.0,93333.3549850335
86,2,True,True,True,Punak,4200000000.0,139999.92035937437
79,2,True,True,True,Pardis,550000000.0,18333.32871287415
88,2,True,True,True,Central Janatabad,3600000000.0,120000.13577373174
145,3,True,True,True,Qalandari,13000000000.0,433333.2702227639
64,2,True,True,False,Jeyhoon,1500000000.0,49999.907555844584
135,3,True,True,True,Saadat Abad,11475000000.0,382499.85495802
50,1,False,True,False,Pirouzi,1260000000.0,42000.00660305736
87,2,True,True,True,Pardis,540000000.0,17999.979794415776
84,2,True,True,True,Pardis,550000000.0,18333.236717013715
300,4,True,True,True,Zaferanieh,42000000000.0,1400000.1293883303
137,3,True,True,True,Zaferanieh,10000000000.0,333333.4077286778
105,2,True,True,True,Velenjak,9500000000.0,316666.5196741317
145,2,True,True,True,Zaferanieh,11000000000.0,366666.7798113183
84,2,True,True,True,Pardis,560000000.0,18666.686306945652
170,2,True,True,True,Zaferanieh,32000000000.0,1066666.5434450116
157,3,True,True,True,Zaferanieh,14800000000.0,493333.24669764563
170,3,True,True,True,Zaferanieh,19000000000.0,633333.2901921521
283,3,True,True,True,Zaferanieh,29700000000.0,990000.0002243341
84,2,True,True,True,Pardis,540000000.0,17999.980914012012
" 3,310,000,000 ",2,True,True,True,Ostad Moein,3310000000.0,110333.27062759454
84,2,True,True,True,Pardis,550000000.0,18333.25093921933
80,2,True,True,False,Northern Janatabad,3250000000.0,108333.5013291407
863,2,True,True,True,Gheitarieh,7830000000.0,261000.0403838678
125,2,True,True,True,Kamranieh,8700000000.0,289999.91118496115
65,2,True,True,True,Punak,2350000000.0,78333.0800915468
105,2,True,True,True,Southern Janatabad,5300000000.0,176666.87759288648
170,3,True,True,True,Farmanieh,18700000000.0,623333.37967729
230,3,True,True,True,Ekhtiarieh,19300000000.0,643333.3152015782
200,3,True,True,True,Pasdaran,22000000000.0,733333.3575485417
150,3,True,True,True,Pasdaran,13000000000.0,433333.433689264
93,2,True,True,True,Central Janatabad,4650000000.0,155000.00580960495
110,2,True,True,True,Central Janatabad,4500000000.0,150000.11481724388
415,5,True,True,True,Niavaran,53950000000.0,1798333.3654924938
95,2,True,True,True,Saadat Abad,5700000000.0,190000.14272680107
128,3,True,True,True,Ekhtiarieh,8960000000.0,298666.8328037665
140,2,True,True,True,Saadat Abad,8400000000.0,280000.0654692415
86,2,True,True,True,Southern Janatabad,3200000000.0,106666.6691324807
70,2,True,True,True,Saadat Abad,3900000000.0,129999.98106963193
173,3,True,True,True,East Ferdows Boulevard,9515000000.0,317166.6551789185
72,2,True,True,True,Southern Janatabad,3150000000.0,104999.77184874652
73,2,True,True,True,Saadat Abad,3900000000.0,130000.00078183693
75,1,True,True,True,Central Janatabad,3200000000.0,106666.60446896948
67,2,True,True,True,West Ferdows Boulevard,2200000000.0,73333.3209241629
68,2,True,True,True,East Ferdows Boulevard,2700000000.0,90000.04873978562
88,2,True,True,True,Pardis,1900000000.0,63333.36091883606
111,2,True,True,True,Saadat Abad,5661000000.0,188700.04498040146
98,2,True,True,False,West Ferdows Boulevard,3750000000.0,125000.1035959
62,2,True,True,True,West Ferdows Boulevard,2750000000.0,91666.61548326127
80,2,True,True,True,Central Janatabad,4240000000.0,141333.33725097423
200,4,True,True,True,Saadat Abad,15000000000.0,499999.9622760834
210,4,True,True,True,Saadat Abad,15500000000.0,516666.54327231296
162,3,True,True,True,Shahrake Gharb,12150000000.0,405000.06413528573
150,3,True,True,True,Ekhtiarieh,12000000000.0,400000.0346761265
82,2,True,True,True,Pardis,1100000000.0,36666.58296809949
130,3,True,True,True,Pasdaran,11100000000.0,370000.12147926807
76,2,True,True,True,Saadat Abad,4000000000.0,133333.348272145
96,2,True,True,True,Shahrake Gharb,4800000000.0,159999.7780945252
103,2,True,True,True,Saadat Abad,5200000000.0,173333.2421320175
135,3,True,False,True,Saadat Abad,8700000000.0,289999.9873303203
140,2,True,True,True,Shahrake Gharb,12600000000.0,419999.92163488874
165,3,True,True,True,Shahrake Gharb,14800000000.0,493333.4302345748
120,2,True,True,True,Shahrake Qods,1050000000.0,35000.01168448586
160,2,True,True,True,Pardis,2000000000.0,66666.61557973285
150,3,True,True,True,Gheitarieh,9000000000.0,300000.06322618964
51,1,False,True,True,Pirouzi,1300000000.0,43333.293556602475
75,1,True,True,True,Ekhtiarieh,3900000000.0,129999.96117748274
180,3,True,True,True,East Ferdows Boulevard,9900000000.0,329999.9523141359
93,2,True,True,True,Shahrake Qods,1181100000.0,39369.978307580226
84,2,True,True,True,Shahrake Qods,1150800000.0,38360.066247480725
92,2,False,True,True,Shahrake Qods,1012000000.0,33733.266260089
105,2,True,True,True,Shahrake Qods,1365000000.0,45500.05993574751
67,2,True,True,False,Central Janatabad,2400000000.0,79999.8959515281
100,2,True,True,True,Ekhtiarieh,5500000000.0,183333.37844935828
170,3,True,True,True,Pasdaran,10800000000.0,360000.001198339
162,3,True,True,True,Pasdaran,7600000000.0,253333.25544422568
43,1,True,True,True,Shahran,2080000000.0,69333.31083531032
150,3,True,True,True,Gheitarieh,12500000000.0,416666.6738659561
245,3,True,True,True,Farmanieh,22050000000.0,734999.9194747574
93,2,True,True,True,Northern Janatabad,4140000000.0,137999.89173057236
60,1,True,True,True,Persian Gulf Martyrs Lake,295000000.0,9833.180257291746
128,3,True,True,True,Gheitarieh,9300000000.0,309999.9800337645
87,2,True,True,True,Pardis,795000000.0,26500.057547685792
100,2,True,True,True,Heravi,5500000000.0,183333.35196074602
124,2,True,True,True,Heravi,7040000000.0,234666.66175413676
156,3,True,True,True,Abazar,9400000000.0,313333.2466593587
171,3,True,True,True,Gheitarieh,14000000000.0,466666.74121302774
58,2,True,True,False,Central Janatabad,2080000000.0,69333.44215317658
88,2,True,True,True,Amirieh,2024000000.0,67466.794110466
190,3,True,True,True,Niavaran,24700000000.0,823333.4397791523
61,1,True,True,False,Central Janatabad,2180000000.0,72666.76637026992
165,3,True,True,True,Niavaran,17200000000.0,573333.281368712
235,3,True,True,True,Gheitarieh,26500000000.0,883333.374324321
87,2,True,True,True,Pardis,670000000.0,22333.350781055575
121,3,True,True,True,Pardis,630000000.0,21000.07868845726
105,2,True,True,True,Pardis,955000000.0,31833.24312513959
100,3,True,True,True,Pardis,500000000.0,16666.56231130916
105,2,True,True,True,Pardis,980000000.0,32666.630865377952
69,2,True,True,True,Shahr-e-Ziba,2050000000.0,68333.29031676514
115,2,True,True,True,Shahrake Gharb,13000000000.0,433333.5121472986
157,3,True,True,True,Shahrake Gharb,18500000000.0,616666.4812093787
145,3,True,True,True,Heravi,7541000000.0,251366.6422306585
160,3,True,True,True,Velenjak,10700000000.0,356666.6924066193
261,4,True,True,True,Zaferanieh,26000000000.0,866666.7236225929
145,3,True,True,True,Zaferanieh,11000000000.0,366666.7454157745
51,1,False,True,True,Pirouzi,1275000000.0,42499.95443444927
87,2,True,True,True,Pardis,490000000.0,16333.209678594229
116,2,True,True,True,Dehkade Olampic,4350000000.0,144999.99454961953
95,2,True,True,True,Jeyhoon,2280000000.0,75999.92733751994
75,2,True,True,True,Jeyhoon,2250000000.0,75000.06135364993
86,2,True,True,True,Komeil,1978000000.0,65933.43905448262
95,2,True,True,True,Punak,4200000000.0,140000.0706576016
85,2,True,True,True,,1955000000.0,65166.76931996085
88,2,True,True,True,Valiasr,2024000000.0,67466.67188508557
93,2,True,True,True,Amir Bahador,2139000000.0,71299.88762290342
70,2,True,True,True,Amirieh,1630000000.0,54333.51940661186
140,3,True,True,True,Saadat Abad,9800000000.0,326666.3912174725
81,2,True,True,True,Central Janatabad,4000000000.0,133333.35009475137
109,2,True,True,True,Shahran,3500000000.0,116666.72913920187
122,2,True,True,True,Aqdasieh,7000000000.0,233333.23450515256
70,1,True,True,True,Central Janatabad,3100000000.0,103333.38563020145
60,1,True,True,True,West Ferdows Boulevard,2450000000.0,81666.58271534914
53,1,True,True,False,East Ferdows Boulevard,1920000000.0,63999.92243444349
45,1,False,False,False,Ostad Moein,1200000000.0,39999.96865923543
58,1,True,True,False,Punak,1900000000.0,63333.29118923872
140,3,True,True,True,Dehkade Olampic,4400000000.0,146666.52149656767
100,2,True,True,True,Kook,3580000000.0,119333.23560352671
96,2,True,True,True,Azadshahr,3750000000.0,125000.05028559195
79,2,True,True,True,East Ferdows Boulevard,2850000000.0,95000.01011291941
125,3,True,True,True,Persian Gulf Martyrs Lake,3750000000.0,125000.1545932842
75,2,True,True,True,Northern Janatabad,3050000000.0,101666.71580513135
145,2,True,True,True,Azadshahr,4500000000.0,149999.91254646747
102,2,True,True,False,Railway,4520000000.0,150666.7523557124
115,2,True,True,True,Zibadasht,4350000000.0,144999.77451264867
140,3,True,True,True,Persian Gulf Martyrs Lake,8500000000.0,283333.2569002135
66,1,True,True,True,Punak,3300000000.0,109999.96986601244
161,3,True,True,True,Persian Gulf Martyrs Lake,8350000000.0,278333.2064620982
102,2,True,True,True,Persian Gulf Martyrs Lake,4500000000.0,149999.86576001518
145,4,True,True,True,Persian Gulf Martyrs Lake,5100000000.0,170000.17567845475
95,2,True,True,True,Shahr-e-Ziba,2970000000.0,98999.87528506044
78,2,True,True,True,Parand,460000000.0,15333.271022924924
90,2,True,True,True,East Ferdows Boulevard,3150000000.0,105000.00217573797
66,1,True,True,False,Ostad Moein,1090000000.0,36333.35925389505
48,1,True,True,True,Jeyhoon,810000000.0,27000.21322475953
85,2,True,True,True,Shahran,3200000000.0,106666.63097080796
63,1,True,True,True,Salsabil,2000000000.0,66666.61635952306
105,2,True,True,True,Dehkade Olampic,1035000000.0,34500.0456563118
55,1,True,True,False,Komeil,1090000000.0,36333.408829238084
103,2,True,True,True,Northern Chitgar,1035000000.0,34499.955726978274
155,3,True,True,True,Shahrake Gharb,10000000000.0,333333.3924552884
101,2,True,True,True,Southern Chitgar,1035000000.0,34499.973218313695
106,2,True,True,False,Islamshahr,1245000000.0,41499.813514373476
100,2,True,True,True,Persian Gulf Martyrs Lake,1035000000.0,34500.10297687866
77,2,True,True,True,Shahran,2650000000.0,88333.36933527817
66,2,True,True,True,Central Janatabad,2700000000.0,89999.98369500469
105,3,True,True,True,Shahr-e-Ziba,3600000000.0,120000.09278495064
117,2,True,True,True,,6500000000.0,216666.8224258848
118,2,True,True,True,Shahran,3900000000.0,130000.0488044287
151,3,True,True,True,Shahrake Qods,1510000000.0,50333.181212277355
" 16,160,000,000 ",3,True,True,True,Pasdaran,16160000000.0,538666.6882136036
86,2,True,True,True,Pardis,500000000.0,16666.597911026405
85,2,True,True,True,Pardis,600000000.0,20000.007638738447
86,2,True,True,True,Pardis,750000000.0,25000.075869331005
86,2,True,True,True,Pardis,600000000.0,20000.05624198884
75,2,True,True,True,Central Janatabad,3300000000.0,109999.82062842669
200,3,True,True,True,Farmanieh,20000000000.0,666666.6322432978
46,1,True,True,False,Andisheh,450000000.0,14999.904297071582
98,2,True,True,True,Pardis,570000000.0,18999.92624777204
90,2,True,True,True,Zaferanieh,6700000000.0,223333.24073601482
70,2,True,True,True,Southern Janatabad,2950000000.0,98333.36443625845
40,1,True,True,True,Andisheh,350000000.0,11666.690731670402
58,1,True,True,True,North Program Organization,2750000000.0,91666.7883255572
90,2,True,True,True,Amirabad,4590000000.0,152999.92917451495
78,2,True,True,True,East Ferdows Boulevard,3300000000.0,110000.02064727663
200,3,True,True,True,Niavaran,20000000000.0,666666.5232801283
82,2,True,True,True,Dorous,4200000000.0,139999.95038488178
115,3,True,True,True,Gheitarieh,7485000000.0,249499.98081002344
125,2,True,True,True,Dezashib,11250000000.0,374999.9832032516
107,2,True,True,True,Pasdaran,9200000000.0,306666.7126470838
55,1,False,True,False,Karoon,850000000.0,28333.340645842956
50,1,True,True,True,Salsabil,1500000000.0,49999.925478525896
75,2,True,True,True,Pardis,60000000.0,1999.9704449483763
420,5,True,True,False,Andisheh,11000000000.0,366666.5470782494
225,4,True,True,False,Andisheh,5500000000.0,183333.4460938643
230,3,True,True,True,Heravi,13800000000.0,460000.1509029571
147,3,True,True,True,Elahieh,11500000000.0,383333.2169203945
97,2,True,True,True,Pardis,900000000.0,30000.148281207643
145,3,True,True,True,Dezashib,12300000000.0,409999.9491316965
50,1,True,True,False,Narmak,1750000000.0,58333.300159188846
117,2,True,True,True,Heravi,6100000000.0,203333.48896677326
72,1,True,True,False,Andisheh,730000000.0,24333.41989225464
161,3,True,True,True,Dorous,13000000000.0,433333.3825896484
400,5,True,True,True,Ekhtiarieh,18500000000.0,616666.756749243
230,3,True,True,True,Farmanieh,23000000000.0,766666.6998559482
170,3,True,True,True,Heravi,7950000000.0,264999.94182248623
58,1,True,True,True,West Ferdows Boulevard,2050000000.0,68333.46043574243
57,1,True,True,True,Shahran,1950000000.0,65000.055447637606
115,3,True,True,True,Farmanieh,8100000000.0,269999.9773011395
50,1,True,True,True,Pirouzi,1200000000.0,40000.00781265099
84,2,True,True,False,Parand,850000000.0,28333.29258918626
78,2,False,True,False,Shahrake Qods,580000000.0,19333.578112155472
64,2,True,True,False,Andisheh,960000000.0,32000.162333078617
113,2,True,True,True,Punak,6500000000.0,216666.76109646066
175,3,True,True,True,Heravi,9450000000.0,314999.90027621994
111,2,True,True,True,Heravi,6050000000.0,201666.77565735515
128,3,True,True,True,Heravi,6500000000.0,216666.63059528795
200,4,True,True,True,Gheitarieh,14000000000.0,466666.7661672545
131,2,True,True,True,Saadat Abad,7980000000.0,265999.9281798357
105,3,True,True,True,Heravi,6000000000.0,200000.04194318515
87,2,True,True,True,Pardis,650000000.0,21666.504159518037
61,2,True,True,False,Salsabil,1100000000.0,36666.70967213456
140,3,True,True,True,Ozgol,6300000000.0,210000.06074131883
185,3,True,True,True,Zargandeh,9000000000.0,300000.0385003697
122,2,True,True,True,Saadat Abad,7900000000.0,263333.0875342317
69,2,True,True,True,Mirdamad,3795000000.0,126499.97371327056
95,2,True,True,True,Punak,6700000000.0,223333.32655862242
90,2,True,True,True,Abbasabad,4000000000.0,133333.47740932961
57,1,True,True,True,Ostad Moein,1600000000.0,53333.4120993328
400,3,True,True,False,Amirabad,2000000000.0,66666.74345077226
81,2,True,True,False,Andisheh,1109700000.0,36989.960377594376
94,2,True,True,True,Andisheh,1250000000.0,41666.69525952616
134,2,True,True,True,Kahrizak,1608000000.0,53599.911532479855
74,2,False,False,True,Parand,315000000.0,10499.995330081623
44,1,True,True,False,Andisheh,585000000.0,19499.947348694346
100,2,True,True,True,Qasr-od-Dasht,3250000000.0,108333.28843244837
175,3,True,True,True,Shahrake Gharb,9300000000.0,309999.94971186057
54,2,True,True,False,Shahran,1850000000.0,61666.721694579865
96,2,True,True,True,Amirieh,2210000000.0,73666.85519900727
90,2,True,True,True,Karoon,2400000000.0,79999.80843315808
90,2,True,True,True,Shahran,3170000000.0,105666.66077607291
68,2,False,False,False,Karoon,1100000000.0,36666.544765167586
68,2,False,False,False,Karoon,1100000000.0,36666.869836469254
90,2,True,True,True,Shahran,3200000000.0,106666.85242974825
97,2,True,True,True,Punak,4700000000.0,156666.786832645
78,2,True,True,False,Punak,2730000000.0,91000.21357953647
125,3,True,True,True,Shahran,5550000000.0,184999.99981686406
97,2,True,True,True,Farmanieh,5950000000.0,198333.41043019394
100,2,True,True,True,Farmanieh,6200000000.0,206666.6781539831
63,2,True,True,True,Feiz Garden,2100000000.0,70000.03913058476
57,1,True,True,True,Punak,2000000000.0,66666.71614724347
80,2,True,True,True,Razi,1390000000.0,46333.23007118158
88,2,True,True,True,Razi,1574000000.0,52466.84223237514
94,2,True,True,True,Razi,1712000000.0,57066.5187603049
109,3,True,True,True,Feiz Garden,4230000000.0,141000.0372061415
78,2,True,True,True,Heravi,3300000000.0,109999.89806961917
250,3,True,True,True,Niavaran,32500000000.0,1083333.3209040414
140,3,True,True,True,Heravi,6800000000.0,226666.52648756196
100,2,True,True,True,Pardis,500000000.0,16666.647556028387
95,2,True,True,True,Shahr-e-Ziba,3150000000.0,104999.99558429333
85,2,True,True,True,Parand,1150000000.0,38333.32773196179
83,2,True,True,True,East Pars,2575000000.0,85833.29398531141
100,2,True,True,True,Pasdaran,5500000000.0,183333.34337678787
60,2,True,True,True,Pasdaran,3450000000.0,115000.10376405463
82,2,True,True,True,Narmak,3050000000.0,101666.68477599915
150,3,True,True,True,Beryanak,2800000000.0,93333.31218286764
49,1,True,True,False,Islamshahr,460000000.0,15333.276147897446
216,4,True,True,False,Andisheh,5700000000.0,190000.0746925936
" 1,000 ",2,True,True,False,Damavand,7000000000.0,233333.30407812423
77,2,False,False,False,Parand,440000000.0,14666.66248972947
63,1,True,True,True,Shahr-e-Ziba,2080000000.0,69333.2213085046
125,3,True,True,False,Parand,1300000000.0,43333.378144048904
45,1,True,True,True,East Ferdows Boulevard,1900000000.0,63333.24256708355
135,3,True,True,True,Qalandari,7500000000.0,250000.13216147502
80,2,True,False,True,Qalandari,4700000000.0,156666.75691936782
155,3,True,True,True,Gheitarieh,9800000000.0,326666.4902279768
125,3,True,True,True,Punak,6300000000.0,210000.0929066353
95,2,True,True,True,Qalandari,6250000000.0,208333.35922976676
85,2,True,True,True,Qalandari,4500000000.0,149999.98095024494
110,2,True,True,True,Qalandari,8100000000.0,270000.05842968053
680,5,True,True,False,Ekhtiarieh,81600000000.0,2719999.9787323913
63,1,True,True,True,Shahr-e-Ziba,2350000000.0,78333.44018060956
60,1,True,True,True,Saadat Abad,3600000000.0,119999.80860496183
210,3,True,True,True,Gheitarieh,14000000000.0,466666.77690108056
145,3,True,True,True,Gheitarieh,11600000000.0,386666.7100473695
171,3,True,True,True,Jordan,8900000000.0,296666.498002991
55,1,True,True,True,East Ferdows Boulevard,1830000000.0,61000.03116385226
140,3,True,True,True,Jordan,7700000000.0,256666.60040987073
147,3,True,True,True,Jordan,8700000000.0,289999.9005496612
83,2,True,True,True,Shahr-e-Ziba,2400000000.0,79999.87639592474
105,2,True,True,True,Pardis,514000000.0,17133.324525554508
55,1,True,True,True,East Ferdows Boulevard,2000000000.0,66666.48381193154
750,5,True,True,True,Mahmoudieh,75000000000.0,2499999.992469289
62,2,True,True,True,Punak,2100000000.0,69999.94988015702
55,1,True,True,True,Persian Gulf Martyrs Lake,1900000000.0,63333.36800891228
75,2,True,True,False,West Ferdows Boulevard,1950000000.0,64999.97690245973
95,2,True,True,True,West Ferdows Boulevard,4200000000.0,140000.0374997491
89,2,True,True,True,Central Janatabad,3620000000.0,120666.59193860092
202,3,True,True,True,Air force,7474000000.0,249133.24546106692
51,1,True,True,False,Southern Janatabad,1720000000.0,57333.21249615751
400,1,True,False,False,Shahedshahr,3000000000.0,99999.8612510416
145,3,True,True,True,Punak,7600000000.0,253333.6506034184
115,3,True,True,True,Punak,5000000000.0,166666.73721892046
130,3,True,True,True,Shahrake Gharb,8450000000.0,281666.5227630193
62,1,False,True,False,Qasr-od-Dasht,950000000.0,31666.76436831214
94,2,True,True,True,Shahr-e-Ziba,3160000000.0,105333.37761160496
87,2,True,True,True,Pardis,726000000.0,24199.861316375296
51,2,False,True,True,Komeil,1050000000.0,35000.15694688151
95,2,True,True,True,Shahr-e-Ziba,2870000000.0,95666.76714094261
80,2,True,True,True,Jeyhoon,2150000000.0,71666.79977770065
145,3,True,True,True,Punak,4300000000.0,143333.18697469647
155,3,True,True,True,Shahrake Gharb,9300000000.0,310000.01750817016
88,2,True,True,True,Ekbatan,3940000000.0,131333.33097043764
175,3,True,True,True,Gheitarieh,15225000000.0,507500.0368411226
94,2,True,True,True,Shahran,4700000000.0,156666.67477732385
89,2,True,True,True,Ekhtiarieh,3300000000.0,109999.92450024522
62,2,True,True,False,Pasdaran,3400000000.0,113333.4188907188
136,3,True,True,True,Punak,7550000000.0,251666.63922036975
60,1,True,True,True,Feiz Garden,2450000000.0,81666.73249763233
120,3,True,True,True,Southern Janatabad,5000000000.0,166666.69032780064
137,3,True,True,True,Pakdasht,1750000000.0,58333.18063578224
160,3,True,True,True,Shahrake Gharb,12500000000.0,416666.7771491115
110,2,True,True,True,Saadat Abad,8800000000.0,293333.28115416993
71,2,True,True,False,Andisheh,940000000.0,31333.3118875625
155,3,True,True,True,Shahrake Gharb,10000000000.0,333333.39949688816
80,2,True,True,False,Andisheh,1110000000.0,37000.03089921082
84,3,True,True,True,Andisheh,1590000000.0,52999.96657377578
77,2,True,True,True,Gheitarieh,5544000000.0,184800.08529924424
74,2,True,True,True,Shahran,4100000000.0,136666.75133881543
130,3,True,True,True,Shahr-e-Ziba,5400000000.0,179999.94224603084
70,2,True,True,True,Southern Janatabad,2400000000.0,79999.97974358482
75,2,False,True,True,Parand,389000000.0,12966.689971992126
83,2,True,False,True,Pasdaran,5000000000.0,166666.7366687052
65,1,True,True,True,Central Janatabad,3500000000.0,116666.77640532119
62,1,False,True,False,Qasr-od-Dasht,1100000000.0,36666.71656895131
140,3,True,True,True,Southern Chitgar,1484000000.0,49466.57475109715
235,3,True,True,True,Gheitarieh,25900000000.0,863333.3607174084
102,2,True,True,True,Gheitarieh,8100000000.0,269999.82409251656
138,3,True,True,True,Kahrizak,1242000000.0,41400.18065463013
49,1,True,True,False,Andisheh,380000000.0,12666.59082748574
250,3,True,True,False,Niavaran,45000000000.0,1499999.9087020296
48,1,True,True,False,Salsabil,995000000.0,33166.61907982414
68,2,True,True,False,Pirouzi,1550000000.0,51666.736128027376
128,3,True,True,True,Marzdaran,5200000000.0,173333.4331429048
60,1,True,True,True,Pirouzi,1380000000.0,45999.864725917396
85,2,True,True,True,Northern Janatabad,3200000000.0,106666.79878576442
85,2,True,True,True,Islamshahr,565000000.0,18833.46334469794
78,2,True,False,False,Islamshahr,550000000.0,18333.46879904059
38,1,True,True,False,Pirouzi,850000000.0,28333.433206610778
92,2,True,False,True,Pirouzi,2760000000.0,91999.97253014422
95,2,True,True,True,Shahran,4650000000.0,154999.86620583685
105,3,True,True,True,East Ferdows Boulevard,3900000000.0,129999.97842561554
92,2,False,False,True,Pardis,550000000.0,18333.216964104562
76,2,True,True,False,West Ferdows Boulevard,2400000000.0,79999.99962435808
85,2,True,True,True,Yaftabad,1250000000.0,41666.78484635546
161,3,True,True,True,Gheitarieh,15350000000.0,511666.65443808155
85,2,True,True,True,Yaftabad,1250000000.0,41666.62481194477
50,1,True,False,True,Ray,750000000.0,24999.860228387857
78,2,True,True,True,West Ferdows Boulevard,2650000000.0,88333.456917343
54,1,True,True,True,East Ferdows Boulevard,2150000000.0,71667.01189876445
100,2,True,True,True,Shahr-e-Ziba,3800000000.0,126666.62750408515
100,2,True,True,True,East Ferdows Boulevard,3500000000.0,116666.66831734656
110,3,True,True,True,Jeyhoon,2330000000.0,77666.62052648248
57,1,True,True,True,East Ferdows Boulevard,2050000000.0,68333.38877964967
63,2,True,True,False,Andisheh,870000000.0,29000.05158048334
100,2,True,True,True,Ostad Moein,3600000000.0,120000.07130925868
80,1,False,True,False,Shahrake Qods,560000000.0,18666.790110520073
115,2,True,True,True,East Ferdows Boulevard,4200000000.0,140000.07309316777
68,1,True,True,False,West Ferdows Boulevard,1950000000.0,65000.061097339196
75,2,True,True,True,East Ferdows Boulevard,2350000000.0,78333.37635529418
48,1,True,True,False,West Ferdows Boulevard,1900000000.0,63333.41609502868
75,2,True,True,False,West Ferdows Boulevard,2450000000.0,81666.64606405408
115,2,True,True,True,Shahran,5000000000.0,166666.52625006772
106,2,True,True,True,East Ferdows Boulevard,3500000000.0,116666.53999366138
56,1,True,True,True,East Ferdows Boulevard,1980000000.0,66000.04009852845
58,1,True,True,True,East Ferdows Boulevard,2080000000.0,69333.38606318152
95,2,True,True,True,Central Janatabad,3700000000.0,123333.39601847061
50,1,True,True,True,West Ferdows Boulevard,1900000000.0,63333.167366369256
60,2,True,True,False,Central Janatabad,2100000000.0,69999.98211544196
60,1,True,True,True,East Ferdows Boulevard,1920000000.0,64000.04955141974
92,2,True,True,False,Mehran,2500000000.0,83333.53639242593
57,1,True,True,True,West Ferdows Boulevard,2300000000.0,76666.8246362764
72,2,True,True,False,West Ferdows Boulevard,2300000000.0,76666.61527318256
71,2,True,True,False,East Ferdows Boulevard,2280000000.0,75999.9841157719
123,2,True,True,True,Northren Jamalzadeh,3600000000.0,120000.02929036035
50,1,True,True,True,West Ferdows Boulevard,1950000000.0,64999.948476508005
58,1,True,True,True,Shahr-e-Ziba,1850000000.0,61666.48426716011
54,1,True,True,True,East Ferdows Boulevard,2050000000.0,68333.28201062251
85,2,True,True,True,Shahr-e-Ziba,2350000000.0,78333.2834086341
85,2,True,True,True,West Ferdows Boulevard,3450000000.0,115000.0691734541
125,3,False,True,True,Nasim Shahr,1300000000.0,43333.36371286059
55,1,True,True,True,East Ferdows Boulevard,1920000000.0,64000.1083666008
72,2,True,True,True,West Ferdows Boulevard,2500000000.0,83333.2116628607
58,1,True,True,True,Shahr-e-Ziba,1850000000.0,61666.5216949432
115,2,True,True,True,East Ferdows Boulevard,5200000000.0,173333.33076206088
100,2,True,True,True,West Ferdows Boulevard,3450000000.0,115000.00568854125
116,2,True,True,True,Persian Gulf Martyrs Lake,4170000000.0,138999.96207778156
105,2,True,True,True,Persian Gulf Martyrs Lake,3250000000.0,108333.29622639566
60,1,True,True,False,East Ferdows Boulevard,1800000000.0,60000.14314793368
53,1,True,True,True,Feiz Garden,2120000000.0,70666.69344728295
55,1,True,True,True,East Ferdows Boulevard,1780000000.0,59333.24691311227
76,2,True,True,True,East Ferdows Boulevard,2250000000.0,75000.01240193653
111,3,True,True,True,Persian Gulf Martyrs Lake,3500000000.0,116666.66542326935
77,2,True,True,True,Golestan,2150000000.0,71666.68958168195
58,1,True,True,True,East Ferdows Boulevard,1860000000.0,61999.87696499017
94,2,True,True,False,Southern Program Organization,3200000000.0,106666.43991261737
58,1,True,True,True,Shahr-e-Ziba,1880000000.0,62666.4701781289
108,2,True,True,True,Golestan,3300000000.0,110000.0204818431
56,1,True,True,True,Feiz Garden,2000000000.0,66666.84885191434
84,2,True,True,True,North Program Organization,3250000000.0,108333.23021190139
60,2,True,True,True,Azarbaijan,1950000000.0,64999.941403473225
53,1,False,True,True,Pardis,470000000.0,15666.548572336655
73,2,True,True,True,Pirouzi,2555000000.0,85166.752915901
73,2,False,False,True,Pirouzi,1970000000.0,65666.49226967707
150,3,True,True,True,Pirouzi,5100000000.0,170000.06749425206
114,2,True,True,True,Pirouzi,3762000000.0,125400.02864399209
66,2,True,True,True,Ostad Moein,1585000000.0,52833.35700936401
53,1,False,True,True,Pardis,540000000.0,17999.841996263676
125,3,True,True,True,Pirouzi,4000000000.0,133333.36759433284
145,3,True,True,True,Gheitarieh,13625000000.0,454166.6629509115
197,3,True,True,True,Dezashib,18715000000.0,623833.2600228912
105,2,True,True,True,Koohsar,4000000000.0,133333.33739732538
135,3,True,True,True,Tenant,4050000000.0,135000.06122942714
137,3,True,True,True,Shams Abad,4660000000.0,155333.29024161116
90,2,True,True,False,Central Janatabad,3200000000.0,106666.71727099518
125,2,True,True,True,Southern Janatabad,6625000000.0,220833.34002490476
175,3,True,True,True,Gheitarieh,15500000000.0,516666.7105599805
52,1,True,True,True,East Ferdows Boulevard,2300000000.0,76666.69556476056
110,3,True,True,True,Persian Gulf Martyrs Lake,3100000000.0,103333.27382364085
110,3,True,True,True,Persian Gulf Martyrs Lake,3100000000.0,103333.29863040076
112,2,True,False,True,Persian Gulf Martyrs Lake,3300000000.0,110000.01202692644
65,2,True,True,True,Shahran,2150000000.0,71666.83628028727
48,1,True,True,True,Andisheh,400000000.0,13333.43722303828
105,2,True,True,True,Persian Gulf Martyrs Lake,2800000000.0,93333.27245648122
56,1,True,True,True,Shahr-e-Ziba,2240000000.0,74666.53296988859
108,2,True,True,True,Golestan,1900000000.0,63333.236864240505
78,2,True,True,True,Southern Janatabad,2920000000.0,97333.3195872138
85,2,True,True,True,Parand,520000000.0,17333.32279403492
105,2,True,True,True,Pardis,535000000.0,17833.444588465518
145,3,True,True,True,Saadat Abad,11000000000.0,366666.63025209616
145,3,True,True,True,Punak,8990000000.0,299666.6475390597
140,3,True,True,True,Punak,6200000000.0,206666.6829623
66,2,True,True,True,Ostad Moein,1580000000.0,52666.64414576469
121,3,True,True,True,Persian Gulf Martyrs Lake,3650000000.0,121666.49431200215
105,2,True,True,True,Persian Gulf Martyrs Lake,3250000000.0,108333.40652332944
150,2,False,True,True,Chardangeh,1200000000.0,39999.93788968742
98,2,True,True,True,Central Janatabad,4480000000.0,149333.34668887864
108,2,True,True,True,Persian Gulf Martyrs Lake,3350000000.0,111666.64215258643
95,2,True,True,True,Ostad Moein,2600000000.0,86666.82059598915
64,1,False,False,True,Fallah,900000000.0,29999.931075389795
75,1,True,False,True,Fallah,1875000000.0,62500.05581268329
50,1,True,True,True,West Ferdows Boulevard,1950000000.0,65000.08245507747
90,2,True,True,True,Persian Gulf Martyrs Lake,2500000000.0,83333.38322940211
93,2,True,True,True,Fallah,1510000000.0,50333.23104791931
148,3,True,True,True,Persian Gulf Martyrs Lake,5750000000.0,191666.62776970933
64,1,False,True,False,Eskandari,1050000000.0,35000.10275795684
114,2,True,True,True,Persian Gulf Martyrs Lake,3600000000.0,120000.02652812732
107,2,True,True,True,Persian Gulf Martyrs Lake,3500000000.0,116666.56005638478
113,2,True,True,True,Persian Gulf Martyrs Lake,3270000000.0,108999.8928335381
115,2,True,True,True,Gheitarieh,7400000000.0,246666.91101825566
115,2,True,True,True,Persian Gulf Martyrs Lake,3600000000.0,119999.91701744623
120,2,True,True,True,Gholhak,8400000000.0,280000.1513192513
76,2,True,True,True,Central Janatabad,2700000000.0,89999.941803182
106,2,True,True,True,North Program Organization,4520000000.0,150666.72070779427
105,2,True,True,True,Gheitarieh,6900000000.0,230000.0531149966
87,2,False,False,True,Ray,1570000000.0,52333.281331795195
68,2,True,True,True,Ostad Moein,1970000000.0,65666.56320694547
70,2,True,True,True,Punak,2580000000.0,85999.89413221033
165,3,True,True,True,Ostad Moein,5250000000.0,175000.21543497668
365,4,True,True,True,Dorous,47450000000.0,1581666.4023062713
175,3,True,True,True,Pasdaran,15500000000.0,516666.4046478318
50,1,True,True,True,West Ferdows Boulevard,1950000000.0,64999.981816153995
70,2,True,True,True,Saadat Abad,4800000000.0,160000.09264633417
165,3,True,True,True,Marzdaran,10230000000.0,341000.21915452287
115,2,True,True,True,Central Janatabad,5080000000.0,169333.2165139774
93,2,True,False,True,Shahr-e-Ziba,2900000000.0,96666.46766616967
181,3,True,True,True,Marzdaran,13000000000.0,433333.3029157781
57,1,True,True,True,Ostad Moein,1600000000.0,53333.243001185314
175,3,True,True,True,Marzdaran,11375000000.0,379166.659857375
146,3,True,True,True,Marzdaran,8500000000.0,283333.41288105544
135,3,True,True,True,Marzdaran,6200000000.0,206666.73446334308
50,1,True,True,True,Southern Program Organization,1980000000.0,66000.11246412192
110,2,True,True,True,Pardis,535000000.0,17833.373472239164
108,2,True,True,True,Mahallati,7000000000.0,233333.20891869467
121,3,True,True,True,Pardis,610000000.0,20333.379301929748
220,3,True,True,True,Elahieh,35200000000.0,1173333.372418063
240,4,True,True,True,Elahieh,38500000000.0,1283333.2739087522
90,2,True,True,True,Shahrakeh Naft,5500000000.0,183333.17374912233
117,2,True,True,True,Niavaran,12500000000.0,416666.5700108628
142,3,True,True,True,Punak,7550000000.0,251666.72615286248
55,1,True,True,False,West Ferdows Boulevard,1950000000.0,64999.91586084673
85,2,True,True,True,Shahran,3300000000.0,109999.98203299918
162,3,True,True,True,Niavaran,16300000000.0,543333.388897436
100,2,True,True,True,Ajudaniye,6500000000.0,216666.79459730902
165,3,True,True,True,Shahrake Gharb,12400000000.0,413333.5742384183
150,3,True,True,True,Niavaran,15000000000.0,499999.9389676569
83,2,True,True,True,Qazvin Imamzadeh Hassan,1450000000.0,48333.42542826144
200,3,True,False,True,West Pars,10000000000.0,333333.1935316064
95,2,True,True,True,Abazar,6700000000.0,223333.48839485666
82,2,True,True,True,Persian Gulf Martyrs Lake,2350000000.0,78333.3959964716
112,3,True,True,True,Shahran,5600000000.0,186666.61969219937
96,2,True,True,True,Northern Janatabad,3900000000.0,130000.07157350288
86,3,True,True,True,Parand,425000000.0,14166.59900805893
105,2,True,True,True,Pardis,940000000.0,31333.50496816803
115,2,True,True,True,Ostad Moein,3280000000.0,109333.58161557656
87,2,True,True,True,Shahr-e-Ziba,3000000000.0,100000.06698526285
165,3,True,True,True,Farmanieh,11500000000.0,383333.1899363919
135,3,True,True,True,Marzdaran,7425000000.0,247499.94743832716
110,2,True,True,True,Feiz Garden,3670000000.0,122333.08155053371
80,2,True,True,True,Southern Janatabad,3500000000.0,116666.83519163444
66,2,True,True,True,Southern Janatabad,1800000000.0,59999.95208226067
88,2,True,True,True,Qazvin Imamzadeh Hassan,1550000000.0,51666.660129691634
70,1,True,True,False,Shahrake Qods,870000000.0,29000.003290602443
130,3,True,True,True,Feiz Garden,5600000000.0,186666.65894163086
87,2,True,True,True,North Program Organization,3000000000.0,99999.91809599253
86,2,True,True,True,Southern Janatabad,4500000000.0,150000.03825841084
62,1,True,True,True,Southern Program Organization,2400000000.0,80000.0769066232
125,3,True,True,True,Punak,6300000000.0,209999.97306408882
87,2,True,True,True,Pardis,725000000.0,24166.72475030196
70,2,True,True,True,Southern Janatabad,2000000000.0,66666.6802172066
65,2,True,True,True,Southern Janatabad,2700000000.0,90000.08539149007
64,2,True,True,True,Southern Janatabad,2100000000.0,69999.92328836118
62,2,True,True,True,Southern Janatabad,2200000000.0,73333.45191029705
70,2,True,True,True,Southern Janatabad,2500000000.0,83333.36965870307
140,3,True,True,True,Gheitarieh,8000000000.0,266666.8718222674
125,3,True,True,True,Gheitarieh,7100000000.0,236666.51103054342
68,2,True,True,True,Southern Janatabad,2100000000.0,69999.85756199274
67,2,True,False,False,West Ferdows Boulevard,2200000000.0,73333.36333450447
64,2,True,True,True,Southern Janatabad,2050000000.0,68333.35407872053
64,2,True,True,False,Jeyhoon,1500000000.0,50000.0885433737
95,2,True,True,False,Northern Janatabad,3900000000.0,129999.9464055906
97,2,True,True,True,Pardis,770000000.0,25666.604742408545
136,3,True,True,True,Persian Gulf Martyrs Lake,4300000000.0,143333.3884807299
70,1,True,True,True,West Ferdows Boulevard,2400000000.0,79999.86033540474
85,2,True,True,True,Qazvin Imamzadeh Hassan,1507000000.0,50233.307135775874
105,2,True,True,True,Pardis,950000000.0,31666.845427828805
50,1,True,False,True,North Program Organization,1900000000.0,63333.43902375798
57,1,True,True,True,Southern Program Organization,2750000000.0,91666.62419901666
121,3,True,True,True,Pardis,610000000.0,20333.25999428274
95,2,True,True,True,West Ferdows Boulevard,3300000000.0,110000.15556826124
65,2,True,True,True,West Ferdows Boulevard,2380000000.0,79333.16524994941
100,2,False,True,False,Tehransar,2000000000.0,66666.6798735403
128,3,True,True,True,Kook,3950000000.0,131666.7335693075
93,2,True,True,True,Gheitarieh,6000000000.0,200000.01682059374
75,2,True,True,True,Qazvin Imamzadeh Hassan,1275000000.0,42500.06213072717
133,4,True,True,False,Jeyhoon,4700000000.0,156666.5764261856
100,2,True,True,True,Northern Janatabad,4450000000.0,148333.23775443717
140,3,True,True,True,Persian Gulf Martyrs Lake,4800000000.0,159999.75047678995
92,2,True,True,True,Central Janatabad,3570000000.0,118999.99411696619
120,2,True,True,False,Amirabad,4500000000.0,150000.0479966744
45,1,True,True,False,Jeyhoon,1030000000.0,34333.1809180892
130,2,True,True,False,Gheitarieh,6890000000.0,229666.59044174314
95,2,False,True,True,Nawab,2185000000.0,72833.22454821323
150,3,False,False,False,Gheitarieh,10500000000.0,350000.0666495007
72,2,True,True,True,Qazvin Imamzadeh Hassan,1206000000.0,40199.95620836433
60,1,True,True,True,Central Janatabad,3350000000.0,111666.50209438537
190,3,True,True,True,Dorous,12000000000.0,400000.0875550954
125,2,True,True,True,Shahrake Gharb,9750000000.0,324999.91197016
90,2,True,True,True,North Program Organization,3420000000.0,114000.14384160531
105,2,True,True,True,Shahr-e-Ziba,4100000000.0,136666.78100883265
90,2,True,True,True,Shahran,2850000000.0,95000.03454709573
102,2,True,True,True,Southern Janatabad,5600000000.0,186666.62289290703
50,1,True,True,True,Ostad Moein,1500000000.0,49999.857626143756
66,2,True,True,False,Punak,2250000000.0,75000.13747080465
125,3,True,True,True,Yousef Abad,8750000000.0,291666.7223389443
132,3,True,True,True,Parand,2050000000.0,68333.30947150908
103,2,True,True,True,Central Janatabad,4300000000.0,143333.37487469846
270,5,True,True,False,Yousef Abad,13500000000.0,449999.96556819876
130,2,True,True,True,Shahran,4180000000.0,139333.17435460366
77,2,True,True,False,,2020000000.0,67333.19069038772
71,1,True,True,True,,2300000000.0,76666.83785130233
160,3,True,True,True,Amirabad,8320000000.0,277333.4323550128
110,2,True,True,True,Shahran,3410000000.0,113666.57118533223
75,2,True,True,True,Shahran,1980000000.0,65999.88922043431
75,2,True,True,True,Shahran,2400000000.0,80000.04116464873
85,2,True,True,True,Northern Suhrawardi,4500000000.0,149999.79491184844
225,3,True,True,True,Heravi,15750000000.0,524999.9777069407
130,3,True,True,True,Saadat Abad,8500000000.0,283333.2700493081
73,2,True,True,True,Qazvin Imamzadeh Hassan,1679000000.0,55966.61735424566
95,2,True,True,True,Saadat Abad,5500000000.0,183333.30894925474
250,4,True,True,False,Shahrake Gharb,35000000000.0,1166666.6870596937
65,2,True,True,True,Salsabil,1750000000.0,58333.273157466865
64,2,True,True,True,Azarbaijan,2090000000.0,69666.5362346702
94,2,True,True,True,Villa,4130000000.0,137666.48331112525
110,2,True,True,True,Pardis,375000000.0,12499.902382535502
105,2,True,True,True,Pardis,550000000.0,18333.33702964954
145,3,True,True,True,Heravi,9000000000.0,299999.96907468303
105,2,True,True,True,Pardis,875000000.0,29166.677196982284
120,2,True,True,True,Farmanieh,12000000000.0,400000.08762985986
100,2,True,True,True,Hakimiyeh,3100000000.0,103333.3815589818
115,2,True,True,True,Water Organization,3800000000.0,126666.58166555862
100,2,False,True,True,Shahr-e-Ziba,3300000000.0,110000.07055812002
63,1,True,True,True,Ostad Moein,1280000000.0,42666.90181525354
55,1,False,False,False,West Ferdows Boulevard,1900000000.0,63333.37822214961
220,3,True,True,True,Heravi,15400000000.0,513333.3519611332
123,3,True,True,True,Nezamabad,3300000000.0,109999.93479907743
81,2,True,True,True,Qazvin Imamzadeh Hassan,1420000000.0,47333.194982127294
130,3,True,True,True,Jeyhoon,2800000000.0,93333.22364796336
108,2,True,True,True,Pasdaran,7700000000.0,256666.8193546594
135,3,True,True,True,Qasr-od-Dasht,2950000000.0,98333.16910051557
82,2,True,True,True,West Ferdows Boulevard,3500000000.0,116666.7432453534
120,2,True,True,True,Southern Program Organization,4250000000.0,141666.68704001233
303,3,True,True,True,Ajudaniye,30000000000.0,999999.9794469741
200,3,True,True,True,Ozgol,18000000000.0,600000.1492457379
50,1,True,True,True,Shahran,1850000000.0,61666.44291253505
80,2,True,True,True,Shahran,3550000000.0,118333.25172591308
100,2,True,True,True,Pardis,1100000000.0,36666.622968101015
85,2,True,True,True,Shahran,2380000000.0,79333.22113222952
44,1,True,True,False,Shahran,1390000000.0,46333.34724826501
115,2,True,True,True,Tajrish,8200000000.0,273333.43433533265
75,2,True,True,True,North Program Organization,2930000000.0,97666.76262937002
65,1,True,True,True,Shahran,2220000000.0,74000.05109709034
86,2,True,True,True,Central Janatabad,3480000000.0,116000.01227959545
106,2,True,True,True,Yousef Abad,5700000000.0,189999.76920978157
203,3,True,True,True,Zaferanieh,36000000000.0,1199999.737860347
92,2,True,True,True,Shahr-e-Ziba,2700000000.0,90000.09179549066
62,1,True,True,True,Southern Program Organization,2170000000.0,72333.37749394146
92,2,True,True,True,Pasdaran,6700000000.0,223333.36979841455
180,3,True,True,True,Pasdaran,9900000000.0,329999.84462246735
85,2,True,True,True,Central Janatabad,3150000000.0,105000.0105926898
60,1,True,True,True,Saadat Abad,3300000000.0,110000.1131384399
100,2,True,True,True,East Ferdows Boulevard,3400000000.0,113333.33733526341
100,2,True,True,True,Northern Janatabad,5100000000.0,169999.908530152
121,2,True,True,True,Garden of Saba,7500000000.0,250000.12323606276
63,1,True,True,True,Farmanieh,5600000000.0,186666.56666362652
98,2,True,True,True,West Ferdows Boulevard,4400000000.0,146666.71428795272
67,2,True,True,True,Pasdaran,3500000000.0,116666.46688812859
87,2,True,True,True,West Ferdows Boulevard,2830000000.0,94333.30454428075
115,3,True,True,True,Pasdaran,5300000000.0,176666.53311542186
49,1,False,False,True,Punak,2300000000.0,76666.51274067021
40,0,False,True,False,Ostad Moein,650000000.0,21666.57812479279
130,3,True,True,True,Yousef Abad,8000000000.0,266666.6665472532
144,3,True,True,False,Pasdaran,8000000000.0,266666.8307600408
66,2,True,True,True,Ostad Moein,1585000000.0,52833.223592039394
53,1,True,True,True,Southern Janatabad,2430000000.0,81000.22803717015
88,2,True,True,True,Central Janatabad,3400000000.0,113333.14441910885
105,2,True,True,True,Southern Janatabad,3900000000.0,129999.93072758618
90,2,True,True,True,Qalandari,6560000000.0,218666.7343477191
125,2,True,True,True,Dezashib,11250000000.0,374999.8784487004
75,2,True,True,True,Tarasht,2150000000.0,71666.61957213026
170,3,True,True,True,Niavaran,17000000000.0,566666.8510686614
204,3,True,True,True,Elahieh,32640000000.0,1088000.1076462555
95,2,True,True,True,Feiz Garden,3600000000.0,119999.95708028576
54,1,True,True,False,Andisheh,500000000.0,16666.738210998188
98,2,True,True,True,Shahr-e-Ziba,3220000000.0,107333.39845568853
90,2,True,True,True,Feiz Garden,3600000000.0,120000.02506549068
97,2,True,True,True,Feiz Garden,3800000000.0,126666.70191348939
71,2,True,True,True,East Ferdows Boulevard,2530000000.0,84333.31383661595
150,3,True,True,True,Shahrake Gharb,12000000000.0,400000.1379215983
116,3,True,True,True,Pasdaran,8100000000.0,269999.72186944366
120,2,True,True,True,Saadat Abad,8600000000.0,286666.8307790121
79,2,True,True,True,West Ferdows Boulevard,2400000000.0,80000.07758808897
79,2,True,True,True,West Ferdows Boulevard,3100000000.0,103333.28900639665
135,2,True,True,True,Dorous,10000000000.0,333333.36096900294
110,2,True,True,True,West Ferdows Boulevard,3950000000.0,131666.7590253687
75,2,True,True,False,Shahr-e-Ziba,1890000000.0,62999.87600010584
110,3,True,True,True,Shahr-e-Ziba,4700000000.0,156666.6185803811
87,2,True,True,True,West Ferdows Boulevard,3800000000.0,126666.92547267654
75,2,True,True,True,Punak,3750000000.0,124999.98171625957
108,2,True,True,True,West Ferdows Boulevard,3950000000.0,131666.37470346797
110,2,True,True,True,Central Janatabad,5700000000.0,189999.93367011394
100,2,True,True,True,Shahr-e-Ziba,5100000000.0,170000.06101493182
63,1,True,True,True,Ostad Moein,1280000000.0,42666.52312409792
140,3,True,True,True,Shahrake Gharb,9200000000.0,306666.5190623228
72,2,True,True,False,Southern Janatabad,2113000000.0,70433.18421827488
73,2,True,True,False,Southern Janatabad,2108000000.0,70266.80442931606
145,3,True,True,True,Dezashib,12325000000.0,410833.261989592
75,2,True,True,False,Northern Janatabad,2385000000.0,79499.97774661926
92,2,True,True,True,Yousef Abad,6300000000.0,209999.85297001785
80,2,True,True,True,Si Metri Ji,2220000000.0,73999.98541730887
127,2,True,True,True,Ekhtiarieh,8890000000.0,296333.30382922053
66,2,True,True,True,Ostad Moein,1585000000.0,52833.26979816099
74,2,True,True,True,Yousef Abad,3920000000.0,130666.65119203796
105,3,True,True,True,Parand,1260000000.0,41999.890159868526
112,3,True,True,False,Parand,1400000000.0,46666.64594355189
120,2,True,True,True,Shahrake Gharb,7500000000.0,249999.89138133073
123,3,True,True,True,Pardis,500000000.0,16666.69900994008
140,3,True,True,True,Shahrake Gharb,10000000000.0,333333.383219039
63,1,True,True,True,Punak,3500000000.0,116666.71172437578
56,1,True,True,True,Punak,1950000000.0,64999.85100848569
105,2,True,True,True,Feiz Garden,4350000000.0,144999.85244465343
97,2,True,True,True,Yousef Abad,5000000000.0,166666.67720162144
140,3,True,True,True,Jordan,9200000000.0,306666.82342063583
60,2,True,True,False,Central Janatabad,1650000000.0,55000.07509939648
100,2,True,True,True,Pardis,500000000.0,16666.6571990004
54,1,False,True,True,Punak,2000000000.0,66666.63135868653
90,2,True,True,True,Ekhtiarieh,6000000000.0,200000.02543945544
92,2,True,True,True,Feiz Garden,3950000000.0,131666.5936668633
65,2,False,True,False,Feiz Garden,1900000000.0,63333.25629082133
76,2,True,True,True,Andisheh,896000000.0,29866.767640625232
72,2,True,True,True,Southern Janatabad,2600000000.0,86666.61498697425
135,3,True,True,True,Farmanieh,11500000000.0,383333.42512222636
54,1,False,True,True,Punak,2000000000.0,66666.58463869298
87,2,True,True,True,Pardis,500000000.0,16666.658383290596
255,3,True,True,True,Farmanieh,26000000000.0,866666.6606140035
100,2,True,True,False,Yousef Abad,4300000000.0,143333.32794787074
194,2,True,True,True,Niavaran,19845000000.0,661499.9676894827
600,2,True,True,True,Qalandari,9150000000.0,305000.02683805604
160,3,True,True,True,Saadat Abad,13500000000.0,450000.10518752394
98,2,True,True,True,Gheitarieh,6958000000.0,231933.31279889974
133,3,False,False,False,Andisheh,1600000000.0,53333.26490900313
108,2,True,True,True,West Ferdows Boulevard,5616000000.0,187200.01210300534
76,2,True,True,True,Shahr-e-Ziba,2800000000.0,93333.31188219781
73,2,True,True,True,Razi,1230000000.0,41000.03453585174
76,2,True,True,True,Southern Program Organization,3150000000.0,104999.97224923928
80,2,True,True,True,Southern Program Organization,3680000000.0,122666.6907925312
92,2,True,True,True,Gheitarieh,6600000000.0,219999.83704885835
130,2,True,True,True,Qalandari,8500000000.0,283333.30394352385
71,2,True,True,True,Azari,1640000000.0,54666.572253308615
56,1,True,True,True,Shahran,1900000000.0,63333.393789858994
105,2,True,True,True,Pardis,890000000.0,29666.674574408047
110,2,True,True,True,West Ferdows Boulevard,3750000000.0,124999.89544272736
93,2,True,True,True,Central Janatabad,4370000000.0,145666.7167318905
179,3,True,True,True,Pasdaran,9645000000.0,321500.1445544801
100,2,True,True,True,Gholhak,6200000000.0,206666.7247693747
110,3,True,True,True,Saadat Abad,5200000000.0,173333.2497787823
98,2,True,True,True,Northern Janatabad,4850000000.0,161666.7420924757
101,2,True,True,True,Saadat Abad,5550000000.0,184999.9605131266
105,2,True,True,True,Pardis,800000000.0,26666.815717984085
157,3,True,True,True,Heravi,9850000000.0,328333.3052141206
180,3,True,True,True,Pasdaran,9900000000.0,330000.052401694
90,2,True,True,True,Qazvin Imamzadeh Hassan,1620000000.0,53999.9755923944
97,2,True,True,True,Pardis,760000000.0,25333.143451164015
120,3,True,True,True,Persian Gulf Martyrs Lake,1272000000.0,42400.03862186093
303,4,True,True,True,Velenjak,48000000000.0,1599999.8567443537
60,1,True,True,True,Yousef Abad,3250000000.0,108333.3345619302
245,5,True,True,True,Dezashib,14500000000.0,483333.09931749984
100,2,True,True,True,Pardis,790000000.0,26333.48903386415
185,3,True,True,True,Pasdaran,10750000000.0,358333.28530282446
62,2,True,True,True,Central Janatabad,3500000000.0,116666.59490315447
79,2,True,True,True,Central Janatabad,2999000000.0,99966.75097210071
400,5,True,True,False,Mirdamad,56000000000.0,1866666.6987839348
200,3,True,True,True,Southern Chitgar,5000000000.0,166666.62073545286
105,2,True,True,True,Pardis,860000000.0,28666.78684228907
128,3,True,True,True,Shahrake Apadana,5700000000.0,189999.8739688334
115,3,True,True,True,Punak,6670000000.0,222333.43900480424
377,4,True,True,True,Elahieh,31668000000.0,1055599.9186822267
77,2,True,True,False,Central Janatabad,2400000000.0,80000.01317451503
190,3,True,True,True,Punak,11400000000.0,379999.9921732196
65,1,True,True,True,Shahran,1880000000.0,62666.71434225761
97,2,True,True,True,Punak,4700000000.0,156666.76401989348
130,3,True,True,True,Yousef Abad,7800000000.0,259999.96757511675
133,3,True,True,True,Dorous,8600000000.0,286666.69751235325
143,3,True,True,True,Northern Janatabad,4400000000.0,146666.58810225272
76,2,True,True,True,Central Janatabad,4150000000.0,138333.25992793572
155,3,True,True,True,West Ferdows Boulevard,5000000000.0,166666.49179970333
97,2,True,True,True,Pardis,760000000.0,25333.256300295176
96,2,True,True,True,Ekbatan,4200000000.0,139999.9666606338
190,3,True,True,True,Gheitarieh,14000000000.0,466666.54640905635
147,3,True,True,True,Heravi,9100000000.0,303333.3242641812
85,2,True,True,True,East Ferdows Boulevard,2800000000.0,93333.11000511357
76,2,True,True,True,Ekbatan,3600000000.0,120000.03759051362
103,2,True,True,True,Niavaran,7000000000.0,233333.30613011745
194,3,True,True,True,Niavaran,19858000000.0,661933.4459584254
95,2,True,True,True,Saadat Abad,6200000000.0,206666.6154479487
79,2,False,True,False,Northern Janatabad,3200000000.0,106666.65259286737
83,2,True,True,True,Parand,705500000.0,23516.729659669207
70,2,True,True,True,Southern Program Organization,2500000000.0,83333.36337315213
87,2,True,True,True,Niavaran,4600000000.0,153333.24477361504
87,2,False,True,True,Pardis,500000000.0,16666.69556866302
84,3,True,True,True,Andisheh,1554000000.0,51800.064037930926
91,2,True,True,True,Tarasht,3100000000.0,103333.2832510039
145,2,True,True,True,Gheitarieh,12000000000.0,399999.92481109465
68,2,True,True,True,North Program Organization,2450000000.0,81666.70655434339
127,3,True,True,True,Garden of Saba,5588000000.0,186266.6650871966
68,1,True,True,True,Ekbatan,3100000000.0,103333.45078997643
105,2,True,True,True,Pardis,539000000.0,17966.62784065153
89,2,True,True,True,Shahran,3190000000.0,106333.40594518623
82,2,True,True,True,Ostad Moein,2600000000.0,86666.63601123258
65,1,True,True,False,Punak,2250000000.0,75000.01865375575
80,2,True,True,True,Gholhak,4900000000.0,163333.43117278273
145,3,True,True,True,Niavaran,14500000000.0,483333.395132557
235,3,True,True,True,Niavaran,20000000000.0,666666.7574812724
192,3,True,True,True,Kamranieh,33490000000.0,1116333.5998421516
160,3,True,True,True,Kamranieh,13120000000.0,437333.20542321797
160,3,True,True,True,Niavaran,18400000000.0,613333.292313931
106,2,True,True,True,Pardis,800000000.0,26666.75517532298
75,2,False,True,True,Shahrake Qods,620000000.0,20666.794017227927
100,2,True,True,True,Shahrake Qods,800000000.0,26666.63254649187
58,1,True,True,True,Ekbatan,2850000000.0,94999.85805435963
97,2,True,True,True,Pardis,770000000.0,25666.761020651247
44,1,False,True,False,Pirouzi,790000000.0,26333.19527849384
108,2,True,True,True,Gheitarieh,9000000000.0,299999.9074537717
87,2,True,True,True,Amirabad,550000000.0,18333.0603882301
231,3,True,True,True,Zaferanieh,43197000000.0,1439899.9819112907
120,3,True,True,True,Persian Gulf Martyrs Lake,1750000000.0,58333.45742430809
103,2,True,True,True,Saadat Abad,5700000000.0,189999.87355844167
78,2,False,False,False,Parand,455000000.0,15166.651731644211
85,2,True,True,True,Gheitarieh,7200000000.0,239999.95846117416
195,3,True,True,True,Velenjak,19500000000.0,649999.9322972014
142,3,True,True,True,Amirabad,5500000000.0,183333.25102161596
90,2,True,True,True,Persian Gulf Martyrs Lake,1315000000.0,43833.19197395603
85,2,True,True,True,Gheitarieh,7300000000.0,243333.23471332103
350,4,True,True,True,Niavaran,80500000000.0,2683333.345532897
210,4,True,True,True,Niavaran,21000000000.0,700000.0892361382
87,2,True,True,True,Pardis,890000000.0,29666.88848868787
85,2,True,True,True,Southern Janatabad,4400000000.0,146666.5469816463
92,2,True,True,True,Southern Janatabad,3990000000.0,133000.04524713982
90,2,True,True,True,Shahr-e-Ziba,4150000000.0,138333.2899837831
87,2,True,True,True,Shahr-e-Ziba,3050000000.0,101666.57655988971
108,2,True,True,True,West Ferdows Boulevard,3450000000.0,114999.86457469856
85,2,True,True,False,Southern Janatabad,3400000000.0,113333.0712360439
68,2,True,True,True,Southern Janatabad,2200000000.0,73333.29011241805
138,2,True,True,True,Zaferanieh,17250000000.0,575000.1983888616
78,2,True,True,True,Parand,210000000.0,7000.019531939843
94,2,True,True,True,Qazvin Imamzadeh Hassan,1712000000.0,57066.515125008955
168,3,True,True,True,Aqdasieh,16000000000.0,533333.4018830325
100,2,True,True,True,Niavaran,6200000000.0,206666.70258099865
100,2,True,True,True,Ajudaniye,6300000000.0,210000.0476166916
44,1,False,True,False,Parastar,1030000000.0,34333.27534693661
300,3,False,False,False,Lavasan,27000000000.0,900000.0076323701
280,4,True,True,True,Velenjak,30800000000.0,1026666.6822065061
65,2,True,True,True,West Ferdows Boulevard,2760000000.0,92000.07016033526
180,3,True,True,True,Ajudaniye,13500000000.0,450000.0514077797
176,2,True,True,False,Islamshahr,2800000000.0,93333.32047439145
83,2,True,True,True,Central Janatabad,3859000000.0,128633.49535023981
300,4,True,True,True,Farmanieh,37000000000.0,1233333.23840115
68,2,False,True,False,Pirouzi,1380000000.0,46000.13381995883
220,3,True,True,True,Aqdasieh,35000000000.0,1166666.6686994035
140,3,True,True,True,Andisheh,1484000000.0,49466.79833355647
290,4,True,True,True,Farmanieh,36000000000.0,1199999.9637810986
75,2,False,True,True,Kahrizak,862500000.0,28750.01201124952
133,3,True,True,True,East Ferdows Boulevard,8000000000.0,266666.80524616333
87,2,True,True,True,Abazar,5655000000.0,188500.1301707621
60,2,False,True,True,Pirouzi,1500000000.0,49999.89028922863
110,2,True,True,True,Pardis,535000000.0,17833.235714280803
149,3,True,True,True,West Ferdows Boulevard,8642000000.0,288066.8177005173
238,3,True,True,True,Velenjak,42840000000.0,1427999.842295295
90,2,True,True,True,Punak,3500000000.0,116666.65914983496
100,2,True,True,True,Qazvin Imamzadeh Hassan,1850000000.0,61666.60942501309
94,2,True,True,True,Central Janatabad,4512000000.0,150399.968804222
80,2,True,True,True,Parastar,3360000000.0,112000.03551223151
55,2,False,False,False,Parastar,1280000000.0,42666.71302582151
114,3,True,True,True,Saadat Abad,6800000000.0,226666.48176825885
75,2,True,True,False,Shahr-e-Ziba,1890000000.0,63000.18101611796
146,3,True,True,True,Heravi,7600000000.0,253333.25247892557
70,2,True,True,False,Punak,2280000000.0,76000.06532893535
86,2,True,True,True,Amirabad,4730000000.0,157666.72339037465
69,1,False,True,True,Persian Gulf Martyrs Lake,2100000000.0,69999.98152389712
60,1,True,True,True,West Ferdows Boulevard,3300000000.0,110000.07250330118
101,2,True,True,True,Persian Gulf Martyrs Lake,3500000000.0,116666.66091809717
97,2,True,True,True,Hashemi,2300000000.0,76666.56796082029
105,2,True,True,True,Hakimiyeh,3570000000.0,118999.80199512574
110,2,True,True,False,Saadat Abad,12500000000.0,416666.70772321307
75,2,True,True,True,Punak,2700000000.0,89999.97542174831
110,2,True,True,True,Punak,6490000000.0,216333.37045644838
149,3,True,True,False,Mirdamad,9238000000.0,307933.4367128782
105,2,True,True,True,Railway,5000000000.0,166666.52484461654
110,2,True,True,True,Persian Gulf Martyrs Lake,3500000000.0,116666.72514355053
69,2,True,True,True,Pirouzi,1800000000.0,60000.06117392741
190,3,True,True,True,Kook,13000000000.0,433333.3037915631
160,2,True,True,True,Yousef Abad,8600000000.0,286666.573770076
67,2,False,True,True,Pirouzi,2000000000.0,66666.64350864923
121,2,True,True,True,Narmak,5500000000.0,183333.34979534984
105,2,True,True,True,Gisha,7350000000.0,245000.08216153202
83,2,True,True,False,West Ferdows Boulevard,2400000000.0,80000.08059982314
62,1,False,True,True,Pirouzi,1380000000.0,46000.10216122818
55,1,True,True,True,Pirouzi,1750000000.0,58333.40722031014
88,2,True,True,True,Pirouzi,2450000000.0,81666.71239421242
86,2,True,False,True,Air force,3000000000.0,99999.96544858145
62,1,True,True,True,Narmak,2250000000.0,75000.08750618323
65,1,True,True,False,Araj,3100000000.0,103333.42646919511
135,2,True,True,True,Niavaran,14850000000.0,494999.91361145786
226,4,True,True,True,Mahmoudieh,17000000000.0,566666.7804297843
70,2,True,True,True,Tenant,2030000000.0,67666.69347237119
85,1,True,True,True,Kamranieh,7100000000.0,236666.68416100816
170,3,True,True,True,Punak,9350000000.0,311666.804823307
170,3,True,True,True,Niavaran,14000000000.0,466666.79819728684
574,5,True,True,False,North Program Organization,60000000000.0,2000000.1738711419
360,4,True,True,True,Niavaran,38000000000.0,1266666.7043426302
120,2,True,True,True,Saadat Abad,7300000000.0,243333.30976957976
120,3,True,True,True,Punak,6660000000.0,221999.95827896488
97,2,True,False,True,Tenant,2330000000.0,77666.78827028158
150,3,True,True,True,Pasdaran,11456000000.0,381866.5586507081
140,2,True,True,True,Pasdaran,10500000000.0,350000.1047296748
85,2,True,True,True,Punak,3300000000.0,109999.96445798482
240,3,True,True,True,Velenjak,46000000000.0,1533333.326797273
120,3,True,True,True,Pardis,670000000.0,22333.63615639267
100,2,True,True,True,Shahr-e-Ziba,4700000000.0,156666.6700852512
105,3,True,True,False,Andisheh,3400000000.0,113333.25731231285
75,2,True,True,True,Punak,2980000000.0,99333.32053635824
51,1,True,True,True,Tenant,1380000000.0,45999.89687724662
89,2,True,True,True,Shahr-e-Ziba,4100000000.0,136666.79476049807
130,3,True,True,True,Saadat Abad,10500000000.0,349999.78275883436
140,2,True,True,True,Pasdaran,10000000000.0,333333.2341526861
100,2,True,True,True,Punak,5650000000.0,188333.3702456265
290,3,True,True,True,Farmanieh,37000000000.0,1233333.2606599056
290,4,True,True,True,Farmanieh,34000000000.0,1133333.215240999
200,3,True,True,True,Farmanieh,35000000000.0,1166666.7507543336
200,3,True,True,True,Aqdasieh,34800000000.0,1160000.0124925566
450,3,True,False,False,Damavand,3850000000.0,128333.46240310173
37,1,False,True,False,Andisheh,355000000.0,11833.23177463126
140,3,True,True,True,Gheitarieh,8900000000.0,296666.72096388985
150,3,True,True,True,Sadeghieh,5400000000.0,179999.88211228963
465,2,True,False,False,Damavand,3300000000.0,109999.99099404553
160,3,True,True,True,Gheitarieh,9800000000.0,326666.6868700916
403,5,True,False,False,Andisheh,13000000000.0,433333.256822181
165,2,True,True,True,Pakdasht,1200000000.0,40000.150202607496
405,5,True,True,False,Andisheh,11000000000.0,366666.69013336115
400,5,True,True,False,Andisheh,11000000000.0,366666.73091988894
87,2,True,True,True,Pardis,550000000.0,18333.321403122005
88,2,True,True,True,West Ferdows Boulevard,3100000000.0,103333.23448648247
145,3,True,True,True,Heravi,9000000000.0,299999.92759785906
86,2,True,True,True,Air force,2924000000.0,97466.66222611902
350,3,True,True,False,Pasdaran,1000000000.0,33333.18675955394
200,3,True,True,True,Kook,12000000000.0,399999.8537230356
115,3,True,True,True,Velenjak,12650000000.0,421666.56869266793
90,2,True,True,True,Gheitarieh,7000000000.0,233332.9564748003
107,3,True,True,True,Gheitarieh,6420000000.0,213999.92851144623
84,2,True,True,True,Pirouzi,2688000000.0,89599.94362216153
112,2,True,True,True,Pardis,480000000.0,16000.114656981275
114,2,True,True,True,Persian Gulf Martyrs Lake,3690000000.0,123000.0318524097
120,3,True,True,True,Pardis,650000000.0,21666.67086800661
113,2,True,True,True,Persian Gulf Martyrs Lake,3800000000.0,126666.51854043717
84,2,True,True,True,West Pars,3100000000.0,103333.57339207936
45,1,False,True,False,Shahran,1580000000.0,52666.65707436856
53,1,True,True,False,East Ferdows Boulevard,1920000000.0,64000.22150708689
155,2,True,True,True,Pardis,1900000000.0,63333.347436633805
56,1,True,True,True,Shahran,2450000000.0,81666.48807727623
67,2,True,True,True,East Ferdows Boulevard,2380000000.0,79333.21996763232
79,2,True,True,True,East Ferdows Boulevard,2600000000.0,86666.59057433957
65,1,True,True,True,Gheitarieh,4225000000.0,140833.3994687401
113,2,True,True,True,Rudhen,1550000000.0,51666.73328595354
54,1,True,True,False,Aqdasieh,3500000000.0,116666.61398992717
170,3,False,False,False,Velenjak,15700000000.0,523333.16766082786
42,1,False,True,True,Jeyhoon,1050000000.0,35000.002373290146
160,3,False,True,False,Pakdasht,910000000.0,30333.128349909464
56,1,True,True,True,Punak,2850000000.0,94999.8152111978
75,2,True,True,True,Rudhen,1000000000.0,33333.371955055045
80,2,True,True,False,Rudhen,750000000.0,25000.181314298352
41,1,False,True,True,Farmanieh,2530000000.0,84333.30054695487
117,2,False,True,True,Rudhen,1580000000.0,52666.77545599006
88,2,True,True,True,Abazar,5600000000.0,186666.6852072434
114,2,True,True,True,Abazar,6700000000.0,223333.4604003892
75,2,True,True,True,Shahrake Qods,735000000.0,24499.99376738354
160,3,True,True,True,Andisheh,3000000000.0,100000.01305950635
87,2,True,True,True,Abazar,5600000000.0,186666.63160349734
104,2,True,True,True,Abazar,3400000000.0,113333.4721604946
90,2,False,True,False,Shahrake Qods,665000000.0,22166.66171429677
120,2,True,True,False,Andisheh,1800000000.0,59999.71500998826
88,2,False,True,True,Shahrake Qods,760000000.0,25333.333290122257
76,2,True,True,True,Abazar,3000000000.0,100000.09708230711
85,2,True,True,True,Southern Janatabad,3600000000.0,120000.04380480883
71,2,False,True,False,Northern Janatabad,2600000000.0,86666.71834593559
200,3,True,True,True,Heravi,14950000000.0,498333.45061025163
104,2,True,False,True,Air force,4200000000.0,139999.8297807453
165,3,True,True,True,Aqdasieh,20000000000.0,666666.7126200207
82,2,True,True,True,Abazar,3800000000.0,126666.50929003087
115,2,True,True,True,Gheitarieh,8300000000.0,276666.6124394519
350,5,True,True,True,Gheitarieh,35000000000.0,1166666.6475007243
106,2,True,True,True,Abazar,4500000000.0,150000.17534741142
40,1,False,True,True,Karoon,880000000.0,29333.399472820875
130,2,True,True,True,Gheitarieh,12000000000.0,400000.0006392418
46,1,True,True,False,Jeyhoon,750000000.0,24999.84176531376
121,2,True,True,True,Dehkade Olampic,4840000000.0,161333.39910492135
80,2,True,True,True,Jeyhoon,1500000000.0,50000.05162801267
154,3,True,True,True,Ostad Moein,4000000000.0,133333.6186360074
60,1,False,True,False,Jeyhoon,1020000000.0,34000.18454705872
68,2,True,True,True,West Ferdows Boulevard,2300000000.0,76666.87552036533
89,2,True,False,True,Andisheh,1100000000.0,36666.683074358
70,2,True,True,True,Jeyhoon,1600000000.0,53333.551960662204
45,1,True,True,True,Qasr-od-Dasht,1300000000.0,43333.41214969762
113,2,True,True,True,Amirabad,5080000000.0,169333.27844362802
85,2,True,True,True,Dorous,4200000000.0,139999.93365960728
42,1,True,False,True,Vahidieh,975000000.0,32500.016020373627
108,2,True,True,True,Shahran,4300000000.0,143333.31747152272
82,2,True,True,True,Punak,2900000000.0,96666.71456122817
76,2,True,False,True,Punak,4250000000.0,141666.6095268844
68,2,True,True,True,West Ferdows Boulevard,2200000000.0,73333.2799344221
79,2,True,True,True,Punak,3250000000.0,108333.42588784627
71,2,True,True,True,Punak,2700000000.0,89999.9910816464
73,2,True,True,True,Punak,3550000000.0,118333.47621111787
89,2,True,True,True,Shahrake Qods,1610000000.0,53666.765360388796
85,2,True,True,True,Shahr-e-Ziba,2750000000.0,91666.61386436247
96,2,True,True,True,East Ferdows Boulevard,3950000000.0,131666.73517128077
95,2,True,True,True,Andisheh,1200000000.0,40000.01372952623
60,2,True,True,True,Punak,2050000000.0,68333.24414823786
88,2,False,False,True,Parand,485000000.0,16166.70559751488
145,3,True,True,True,Pasdaran,1450000000.0,48333.532067506436
75,2,False,True,False,Malard,250000000.0,8333.253588434478
145,3,True,True,True,Gholhak,7850000000.0,261666.5228436245
105,3,True,True,True,Ostad Moein,2910000000.0,97000.00482573237
100,2,False,True,False,Tehransar,2000000000.0,66666.73792095287
67,2,True,True,True,Feiz Garden,2120000000.0,70666.66191597331
78,2,True,False,True,Jeyhoon,2250000000.0,75000.03221983441
125,2,True,True,True,Gheitarieh,12500000000.0,416666.65446242143
91,2,True,True,True,Shahran,3350000000.0,111666.60794351426
195,3,True,True,True,Gheitarieh,19000000000.0,633333.2729907325
87,2,False,False,True,Pardis,585000000.0,19499.938612886104
99,2,True,True,True,Punak,4200000000.0,139999.9921326153
113,2,True,True,True,Punak,5100000000.0,170000.00990360713
100,2,True,True,True,Punak,4300000000.0,143333.336412621
200,3,True,True,True,Zaferanieh,24000000000.0,799999.9247482214
106,2,True,True,True,Pardis,560000000.0,18666.729658989898
105,2,True,True,True,Shahran,3750000000.0,124999.8891449766
228,3,True,True,True,Zaferanieh,20292000000.0,676400.0043642316
75,2,True,True,True,Shahran,3650000000.0,121666.52292498457
84,3,True,True,True,Shahran,3050000000.0,101666.6998544819
90,2,True,True,True,Shahr-e-Ziba,3150000000.0,104999.98041776675
66,2,True,False,True,Ostad Moein,1580000000.0,52666.604825660055
130,3,True,True,True,Northern Suhrawardi,7800000000.0,259999.9706920259
101,2,True,True,True,Central Janatabad,4700000000.0,156666.54995007563
103,2,False,True,False,Shahran,3220000000.0,107333.52654032141
60,2,True,True,False,Pirouzi,1450000000.0,48333.31247743509
123,2,True,True,True,Persian Gulf Martyrs Lake,360000000.0,11999.855774067866
70,2,True,True,True,Punak,2700000000.0,89999.90977760988
177,3,True,True,True,Velenjak,21700000000.0,723333.2463308953
230,3,True,True,True,Farmanieh,22000000000.0,733333.4222192889
105,2,True,True,True,Pardis,540000000.0,18000.068856285114
87,2,False,False,True,Pardis,810000000.0,27000.07793864772
104,2,True,True,True,Pardis,590000000.0,19666.701794701938
105,2,True,True,True,Pardis,555000000.0,18500.087789252688
310,3,True,True,True,Elahieh,45500000000.0,1516666.6134939622
108,2,True,True,True,Shams Abad,4550000000.0,151666.58731531075
105,2,True,True,True,Pardis,540000000.0,17999.995220332014
75,2,True,True,False,Central Janatabad,2750000000.0,91666.79122874887
108,2,True,True,True,Shams Abad,4130000000.0,137666.7847362566
105,2,True,True,True,Pardis,550000000.0,18333.424310008562
116,2,True,True,True,West Ferdows Boulevard,5050000000.0,168333.60585770875
43,1,True,True,True,Shams Abad,1800000000.0,60000.02870956095
64,2,False,True,False,Jeyhoon,920000000.0,30666.67439621845
48,1,True,True,False,Salsabil,1048000000.0,34933.28947293153
134,3,True,True,True,Andisheh,1100000000.0,36666.67189838749
134,3,True,True,True,Andisheh,1100000000.0,36666.54496118583
100,2,False,False,False,Pardis,650000000.0,21666.67051889603
230,3,True,True,True,Farmanieh,20700000000.0,689999.9305992245
238,3,True,True,True,Velenjak,46900000000.0,1563333.3436210507
48,1,True,True,False,Salsabil,995000000.0,33166.858969493805
270,5,True,True,False,Aqdasieh,14500000000.0,483333.2365578254
105,2,False,True,False,Andisheh,1100000000.0,36666.763246752445
105,2,True,True,True,Pardis,550000000.0,18333.31851017731
86,2,True,True,True,Pardis,780000000.0,26000.132907442938
130,3,True,True,True,West Pars,6760000000.0,225333.32320144124
87,2,True,True,True,Pardis,960000000.0,32000.04265858844
80,2,False,True,False,Shahrake Qods,1200000000.0,40000.026949898056
112,2,True,True,True,Yousef Abad,5600000000.0,186666.72600649603
120,2,True,True,False,Pardis,1800000000.0,60000.078519520604
125,2,True,True,True,Pardis,2100000000.0,69999.96421221424
100,2,True,True,True,,3100000000.0,103333.22918673648
100,2,True,True,True,Pirouzi,2600000000.0,86666.52334287351
123,3,True,True,True,East Ferdows Boulevard,5600000000.0,186666.72484677093
100,2,True,True,True,Pirouzi,4000000000.0,133333.21998947402
88,2,True,True,True,Northern Janatabad,2980000000.0,99333.27263195821
87,2,True,True,True,Pardis,720000000.0,23999.85452750171
66,2,True,False,True,Ostad Moein,1580000000.0,52666.49762782663
85,2,True,True,True,Pardis,730000000.0,24333.2042154429
84,2,False,True,False,Sattarkhan,2600000000.0,86666.63339926008
110,2,True,True,True,Yousef Abad,5700000000.0,189999.9506818221
170,3,True,True,True,Niavaran,22100000000.0,736666.6398408873
220,3,True,True,True,Niavaran,19800000000.0,659999.7239320546
101,2,True,True,True,Yousef Abad,5500000000.0,183333.4096207156
100,2,True,True,True,Gheitarieh,6800000000.0,226666.5996683674
193,3,True,True,True,Kook,13000000000.0,433333.3836509236
45,1,False,True,False,Andisheh,395000000.0,13166.68682145073
86,2,True,False,True,Pirouzi,2050000000.0,68333.45241240793
138,3,True,True,True,Islamshahr,1690000000.0,56333.22387843726
100,2,False,True,False,Tehransar,2000000000.0,66666.70043710942
55,1,True,True,True,Saadat Abad,4000000000.0,133333.23860038156
100,2,True,True,True,Gheitarieh,8200000000.0,273333.24842675135
108,2,True,True,True,Persian Gulf Martyrs Lake,3024000000.0,100800.11128677883
94,2,True,True,True,Gheitarieh,8350000000.0,278333.4214331109
101,2,True,True,True,Gheitarieh,8800000000.0,293333.55910910864
101,2,True,True,True,Gheitarieh,8500000000.0,283333.4582608501
99,1,True,True,True,Gheitarieh,8400000000.0,279999.87003965146
97,2,True,True,True,Shahrake Gharb,7500000000.0,250000.0558749263
" 8,400,000,000 ",2,True,True,True,Gheitarieh,8700000000.0,290000.1072679827
126,2,True,True,True,Gheitarieh,11500000000.0,383333.34997255774
105,2,True,True,True,Pardis,525000000.0,17500.13119669313
101,2,True,True,True,Tarasht,3345000000.0,111499.88799773062
100,2,True,True,True,Gheitarieh,8300000000.0,276666.64003790205
90,2,True,True,True,Shahrake Qods,990000000.0,32999.943191767314
146,3,True,True,True,Saadat Abad,10800000000.0,359999.91867038066
90,3,True,True,False,Salsabil,2550000000.0,84999.88861668226
60,2,False,True,False,Shahrake Azadi,1680000000.0,55999.991121988074
130,3,True,True,True,Shahrake Gharb,14300000000.0,476666.5616280083
85,2,True,True,False,Air force,2700000000.0,90000.09432328813
80,1,False,True,False,Shahrake Qods,560000000.0,18666.665723981838
132,3,True,True,True,Pasdaran,9900000000.0,330000.0878521746
115,2,True,True,True,Tarasht,4600000000.0,153333.31975141814
70,2,False,True,False,Pirouzi,1550000000.0,51666.70621409308
145,3,True,True,True,Pirouzi,3900000000.0,130000.1141197064
88,2,True,True,True,Punak,2980000000.0,99333.38825591898
54,1,False,True,False,Beryanak,830000000.0,27666.76891313546
65,2,True,True,False,Pirouzi,1650000000.0,54999.939995798224
70,1,True,True,False,Dehkade Olampic,2000000000.0,66666.75374543098
63,1,True,True,True,Ostad Moein,1380000000.0,45999.95468112569
190,3,True,True,True,Zaferanieh,13000000000.0,433333.2970852924
57,1,True,True,True,Qasr-od-Dasht,1200000000.0,40000.00923026417
144,3,True,True,True,Velenjak,12000000000.0,400000.01357629173
85,2,True,True,True,Shahr-e-Ziba,3450000000.0,114999.97620718974
65,2,False,True,True,West Pars,2000000000.0,66666.4922091221
88,3,False,False,True,Parand,520000000.0,17333.42606227765
74,2,True,True,True,Darband,4100000000.0,136666.7779750989
76,2,False,False,False,Parand,365000000.0,12166.606617026999
88,2,False,False,True,Parand,580000000.0,19333.307156834016
49,1,True,True,True,Punak,2694000000.0,89799.85464095236
287,5,True,True,False,Vanak,57500000000.0,1916666.648940125
95,2,True,True,False,Punak,3900000000.0,130000.0445722195
65,1,True,True,True,Air force,1690000000.0,56333.4484566881
86,2,True,True,True,Niavaran,5580000000.0,185999.92491325157
86,2,True,True,True,Kamranieh,5500000000.0,183333.33422254972
90,2,True,True,True,Golestan,690000000.0,23000.125899662915
62,2,True,True,False,Ekhtiarieh,3300000000.0,110000.10620597794
157,3,True,True,True,Gheitarieh,13600000000.0,453333.3448594503
90,2,True,True,True,Southern Chitgar,690000000.0,23000.062852714622
190,3,True,True,True,Gheitarieh,15500000000.0,516666.9180039707
90,2,True,True,True,Railway,1315000000.0,43833.424330633796
150,3,True,True,True,Gheitarieh,11000000000.0,366666.84223495354
70,2,True,True,True,Shahrake Qods,735000000.0,24500.05695960315
91,2,True,True,True,Tehran Now,3000000000.0,99999.87672759131
155,3,True,True,True,Gheitarieh,14700000000.0,490000.01969888195
245,3,True,True,True,Niavaran,21560000000.0,718666.583128936
120,2,True,True,True,West Ferdows Boulevard,5000000000.0,166666.6608212358
150,2,True,True,True,Gheitarieh,13000000000.0,433333.40390462574
65,2,True,True,False,West Ferdows Boulevard,2250000000.0,75000.09644840907
106,2,True,True,True,West Ferdows Boulevard,3900000000.0,130000.06700017217
100,2,True,True,True,Gheitarieh,8400000000.0,279999.92246122897
125,2,True,True,True,Gheitarieh,11000000000.0,366666.479386725
57,1,True,True,True,Feiz Garden,1890000000.0,63000.07810048707
160,3,True,True,True,Niavaran,16800000000.0,560000.0378095404
43,1,False,True,True,Beryanak,1200000000.0,40000.00683852286
115,3,True,True,True,Feiz Garden,3500000000.0,116666.6278821805
80,2,True,True,True,Feiz Garden,2900000000.0,96666.74999511449
93,2,True,True,True,Southern Janatabad,4600000000.0,153333.27872869244
65,2,True,False,True,Qasr-od-Dasht,2050000000.0,68333.25829926577
90,2,True,True,True,Southern Janatabad,3000000000.0,99999.87868597133
200,2,True,True,False,Andisheh,2000000000.0,66666.9577037655
135,3,True,True,True,Shahrake Gharb,9000000000.0,300000.0508892708
63,2,False,True,False,Azarbaijan,1340000000.0,44666.542046677336
53,1,True,True,True,Azarbaijan,1500000000.0,50000.05954911587
50,1,False,True,False,Qasr-od-Dasht,810000000.0,27000.056094583815
72,2,True,True,False,Qasr-od-Dasht,1615000000.0,53833.294890234116
148,3,True,True,True,Saadat Abad,12500000000.0,416666.6248224308
80,2,True,True,True,Azarbaijan,2480000000.0,82666.80506832997
60,2,True,True,True,Andisheh,950000000.0,31666.727826459603
102,2,True,True,True,Shahrake Gharb,9898000000.0,329933.4672125532
95,2,True,True,True,Mirdamad,5500000000.0,183333.4039755867
83,2,True,True,True,Ray,1700000000.0,56666.627758840696
95,2,True,True,True,Gheitarieh,8300000000.0,276666.63620290364
83,2,True,True,True,Salsabil,2300000000.0,76666.43358465606
60,1,True,True,True,Northern Chitgar,875000000.0,29166.49669614454
65,2,True,True,True,Jeyhoon,1400000000.0,46666.75438615304
90,2,True,True,True,Gheitarieh,8200000000.0,273333.21087030653
200,3,True,True,True,Heravi,14000000000.0,466666.74304850836
53,1,True,True,True,Jeyhoon,1420000000.0,47333.40599155425
43,1,True,True,True,Beryanak,1250000000.0,41666.82415634486
97,2,True,True,True,Southern Janatabad,3880000000.0,129333.40090970421
42,1,True,False,True,Jeyhoon,960000000.0,32000.026639995453
120,2,True,True,True,Abazar,3880000000.0,129333.47248947421
97,2,True,True,True,Sattarkhan,3580000000.0,119333.17851770423
97,2,True,True,True,Southern Janatabad,3500000000.0,116666.89432898142
90,2,True,True,True,Southern Janatabad,3280000000.0,109333.41642747013
97,2,True,True,True,Central Janatabad,3600000000.0,120000.04362526155
90,2,True,True,True,Southern Janatabad,3680000000.0,122666.6296175825
198,3,True,True,True,Gheitarieh,13500000000.0,449999.9689787714
929,5,True,True,False,Zafar,80000000000.0,2666666.52951648
90,2,True,True,True,Punak,4680000000.0,156000.11021299363
150,3,True,True,True,Punak,9400000000.0,313333.6502440774
136,3,True,True,True,Southern Janatabad,6200000000.0,206666.7490330229
120,2,True,True,True,Southern Janatabad,4100000000.0,136666.7549563544
90,2,True,True,True,Punak,3520000000.0,117333.16551737791
550,3,True,True,False,Absard,4500000000.0,150000.07577407817
50,1,True,True,True,Punak,2500000000.0,83333.292365561
90,2,True,True,True,Mirdamad,6000000000.0,200000.10165954303
55,1,True,True,True,Punak,2300000000.0,76666.41409040095
75,2,True,True,True,Jeyhoon,2350000000.0,78333.31481579719
47,1,True,True,True,Punak,2100000000.0,70000.06540089948
65,2,True,True,False,Punak,2250000000.0,75000.11193026842
420,4,True,True,True,Zaferanieh,92400000000.0,3079999.9711559806
124,3,True,True,True,Southern Janatabad,5950000000.0,198333.35833104284
86,2,True,True,True,Punak,4250000000.0,141666.65658434862
70,1,True,True,True,Punak,3100000000.0,103333.22165904292
181,3,True,True,True,Velenjak,13600000000.0,453333.1264510397
68,2,True,True,False,Punak,2230000000.0,74333.40084770488
85,2,True,True,True,Yaftabad,1250000000.0,41666.75699637051
67,2,True,True,True,Punak,2600000000.0,86666.78277877395
72,1,True,True,True,Ozgol,4500000000.0,150000.1019011078
145,3,True,True,True,Central Janatabad,6150000000.0,205000.05370791108
116,2,True,True,True,Shahrake Gharb,9860000000.0,328666.5576810912
65,1,True,True,True,Northern Janatabad,2700000000.0,89999.93517879154
125,2,True,True,True,Ozgol,9300000000.0,310000.14254868234
143,3,True,True,True,Saadat Abad,11200000000.0,373333.2723977849
150,3,True,True,True,Saadat Abad,14800000000.0,493333.4130384914
88,2,True,True,True,Southern Janatabad,2560000000.0,85333.12901444903
380,4,True,True,True,Elahieh,50000000000.0,1666666.5752037398
95,2,True,True,True,Ostad Moein,2990000000.0,99666.75489538435
58,1,True,True,True,Shahran,2850000000.0,95000.02896926203
190,3,True,True,True,Farmanieh,25000000000.0,833333.3908840637
120,2,True,True,True,Ekhtiarieh,7700000000.0,256666.74433871688
130,3,True,True,True,Shahrakeh Naft,7500000000.0,249999.83327884006
85,2,True,True,False,Punak,2800000000.0,93333.22333041501
100,2,True,True,False,Islamshahr,1100000000.0,36666.50311350613
115,2,True,True,True,Gheitarieh,9500000000.0,316666.6638529705
76,2,True,True,True,Shahr-e-Ziba,2480000000.0,82666.54829732991
125,2,True,True,True,Punak,6000000000.0,200000.01012513446
110,2,True,True,True,Punak,3900000000.0,130000.07156720968
96,2,True,True,True,Punak,4150000000.0,138333.32337148217
75,2,True,True,False,Islamshahr,1250000000.0,41666.764120899235
105,2,True,True,True,Central Janatabad,4300000000.0,143333.2767350789
160,3,True,True,True,Heravi,7000000000.0,233333.33409381195
76,2,True,True,True,Jeyhoon,1800000000.0,59999.94067160623
290,4,True,True,True,Zaferanieh,15950000000.0,531666.8103270406
110,2,False,True,True,Zafar,5550000000.0,185000.01413256963
198,4,True,True,False,Andisheh,5200000000.0,173333.33853895625
105,2,True,True,True,Andisheh,1930000000.0,64333.23587063713
90,2,True,True,True,Islamshahr,1098000000.0,36600.14165158124
63,1,True,True,True,Islamshahr,882000000.0,29399.809244756554
100,2,True,True,True,Central Janatabad,3600000000.0,119999.98725881842
117,3,True,True,True,Islamshahr,1990000000.0,66333.45342320611
91,2,True,True,False,Islamshahr,1640000000.0,54666.78597528968
60,1,True,True,False,Islamshahr,780000000.0,26000.149830516784
110,2,True,True,True,Islamshahr,2530000000.0,84333.15486723873
96,2,True,True,True,Ostad Moein,2990000000.0,99666.72611926778
113,2,True,True,True,Ekhtiarieh,4300000000.0,143333.3947414819
60,1,True,True,True,Persian Gulf Martyrs Lake,295000000.0,9833.297432709915
74,2,True,True,True,Southern Janatabad,2800000000.0,93333.3036423555
155,3,True,True,True,Dorous,9800000000.0,326666.65126591845
125,2,True,True,True,Ostad Moein,3900000000.0,130000.07257384788
49,1,True,False,True,Dezashib,3150000000.0,105000.02582448717
148,3,True,True,True,Saadat Abad,12580000000.0,419333.48860738595
134,3,True,True,True,Qasr-od-Dasht,2950000000.0,98333.43760638076
90,2,True,True,True,Central Janatabad,3600000000.0,119999.83656587635
110,1,True,True,True,Central Janatabad,4450000000.0,148333.24184475007
115,2,True,True,True,Punak,5405000000.0,180166.8711838114
90,2,True,True,True,Darabad,5300000000.0,176666.7749957173
95,2,True,True,True,North Program Organization,4300000000.0,143333.37547864305
105,2,True,True,True,Pardis,750000000.0,24999.944736105717
63,2,True,True,True,Amir Bahador,1638000000.0,54599.93122315141
185,3,True,True,True,Pasdaran,13000000000.0,433333.2187358591
250,3,True,True,True,Elahieh,40000000000.0,1333333.2263618093
88,2,True,True,False,Northern Janatabad,3850000000.0,128333.14625834637
95,2,True,True,True,Southern Program Organization,4300000000.0,143333.26952342043
108,2,True,True,True,Heravi,6400000000.0,213333.27553999043
90,2,True,True,True,Southern Janatabad,3780000000.0,126000.03758469645
160,3,True,True,True,Velenjak,9600000000.0,319999.97499495436
78,2,False,True,True,Parand,425000000.0,14166.557442792335
120,3,True,True,True,Persian Gulf Martyrs Lake,590000000.0,19666.74926449093
158,3,True,True,True,Pasdaran,11060000000.0,368666.69982234004
56,1,True,True,True,West Ferdows Boulevard,2250000000.0,75000.0004526112
155,3,True,True,True,Pasdaran,13175000000.0,439166.77124460385
100,2,True,True,True,Southern Janatabad,5700000000.0,189999.9761914541
182,3,True,True,True,Saadat Abad,11500000000.0,383333.4643827677
63,2,True,True,True,Shahr-e-Ziba,2250000000.0,74999.93026142876
60,1,True,True,True,Northern Chitgar,875000000.0,29166.698852924394
125,2,True,True,True,Shahrake Qods,1030000000.0,34333.44323080419
53,1,False,False,False,Shahrake Qods,395000000.0,13166.603777886146
150,3,True,True,True,Ekhtiarieh,9500000000.0,316666.64888110827
62,2,True,True,False,Punak,2200000000.0,73333.26501796534
113,2,True,True,True,Ekhtiarieh,6000000000.0,199999.83820233462
93,2,True,True,False,Parand,650000000.0,21666.767029279843
84,2,True,True,True,Damavand,2150000000.0,71666.84720189955
83,2,True,True,True,Jeyhoon,2200000000.0,73333.40723329209
150,3,True,True,True,Gheitarieh,13000000000.0,433333.41726047866
147,3,True,True,True,Ekhtiarieh,9600000000.0,319999.9410392107
75,2,True,True,True,Saadat Abad,5500000000.0,183333.42355535302
119,2,True,True,True,Shahran,4700000000.0,156666.77676785504
105,2,True,True,True,Saadat Abad,4800000000.0,160000.03923980662
70,2,True,True,True,,4830000000.0,160999.9990528121
115,2,True,True,True,Ekhtiarieh,6300000000.0,209999.87663052065
179,3,True,True,True,Velenjak,8055000000.0,268500.07219846186
86,2,True,True,True,Central Janatabad,3600000000.0,120000.08369736614
70,1,True,True,True,West Ferdows Boulevard,3650000000.0,121666.6920873609
48,1,True,True,True,Shahr-e-Ziba,1750000000.0,58333.30665749953
70,2,False,True,True,Komeil,1250000000.0,41666.70615067746
102,2,True,True,True,Saadat Abad,6120000000.0,203999.99523759115
85,2,True,False,True,Pardis,470000000.0,15666.628579257576
72,2,True,True,False,West Ferdows Boulevard,2400000000.0,80000.01015704355
120,2,True,True,True,Shahrake Qods,1050000000.0,34999.93795353526
180,3,True,True,True,Saadat Abad,14500000000.0,483333.4584252342
138,3,True,True,True,Saadat Abad,9300000000.0,309999.8730447561
87,2,True,True,True,Shahrake Qods,960000000.0,32000.157422775566
705,5,True,True,False,Abazar,91000000000.0,3033333.3699112735
200,3,True,True,True,Saadat Abad,16000000000.0,533333.400149683
87,2,True,True,True,Pardis,570000000.0,18999.899888430547
75,2,True,True,True,Shahr-e-Ziba,3350000000.0,111666.62338742548
66,2,True,True,True,Ostad Moein,1580000000.0,52666.51414308468
57,1,True,True,True,West Ferdows Boulevard,2900000000.0,96666.56442343973
62,1,True,True,True,West Ferdows Boulevard,2650000000.0,88333.27130333343
65,2,True,True,True,West Ferdows Boulevard,3100000000.0,103333.54273183066
70,1,False,True,False,Saadat Abad,3300000000.0,109999.88247597303
65,1,True,True,True,West Ferdows Boulevard,2800000000.0,93333.4091318635
100,2,True,True,True,Ostad Moein,2800000000.0,93333.4395920115
210,3,True,True,True,Saadat Abad,16400000000.0,546666.6524697203
110,2,True,True,True,Saadat Abad,8900000000.0,296666.66579955484
68,2,True,True,True,West Ferdows Boulevard,2900000000.0,96666.63294248148
101,2,True,True,True,Saadat Abad,5555000000.0,185166.60901209567
85,2,True,True,True,Ekhtiarieh,5000000000.0,166666.71482767534
165,3,True,True,True,Saadat Abad,10500000000.0,349999.9385718368
300,4,True,True,True,Saadat Abad,30000000000.0,1000000.1222164943
245,3,True,True,True,Shahrake Gharb,19000000000.0,633333.2818532118
105,2,True,True,False,Andisheh,1000000000.0,33333.19206391003
135,2,True,True,True,Saadat Abad,8800000000.0,293333.39938332984
130,3,True,True,True,Saadat Abad,9300000000.0,309999.88984242384
83,2,True,False,True,Saadat Abad,4600000000.0,153333.4571020795
60,1,True,True,True,Saadat Abad,4650000000.0,155000.12865762465
52,1,True,True,True,Southern Program Organization,2750000000.0,91666.66290997944
60,2,True,True,True,West Ferdows Boulevard,2850000000.0,95000.04349663862
60,2,True,True,True,West Ferdows Boulevard,2850000000.0,95000.10609361624
70,2,True,True,True,East Ferdows Boulevard,3000000000.0,99999.93781240654
140,3,True,True,True,Shahrake Gharb,11200000000.0,373333.25354301615
120,2,True,True,True,Saadat Abad,6800000000.0,226666.69370315564
62,1,True,True,True,Shahrake Qods,510000000.0,17000.126958444078
70,2,True,True,True,West Ferdows Boulevard,2600000000.0,86666.70515680496
150,3,True,True,True,Saadat Abad,9500000000.0,316666.6283153103
69,2,True,True,False,Shahran,1850000000.0,61666.528501199165
97,2,True,True,True,Pardis,770000000.0,25666.79757524232
70,1,True,True,True,East Ferdows Boulevard,2600000000.0,86666.63898683059
100,2,True,True,True,Jeyhoon,2300000000.0,76666.81932695684
75,2,True,True,False,West Ferdows Boulevard,2500000000.0,83333.48664522651
103,2,True,True,True,Azarbaijan,3150000000.0,105000.01856014297
85,2,True,True,True,Shahran,2650000000.0,88333.20878443701
150,3,True,True,True,Punak,10500000000.0,350000.1092041619
66,2,True,True,True,Qalandari,4250000000.0,141666.65186290356
106,2,True,True,True,Pardis,800000000.0,26666.671384345565
101,2,True,False,True,Pirouzi,3300000000.0,110000.10749896846
290,4,True,True,True,Aqdasieh,27000000000.0,900000.0228559631
106,2,True,True,True,Saadat Abad,6000000000.0,200000.03840713395
107,3,True,True,False,Eram,2970000000.0,98999.95040907047
122,2,True,True,True,Jeyhoon,3900000000.0,130000.0340947811
195,3,True,True,True,Shahrake Gharb,19500000000.0,649999.9385784471
98,2,True,True,True,Shahr-e-Ziba,3200000000.0,106666.72157130811
105,2,True,True,True,Pardis,700000000.0,23333.40642573216
98,2,True,True,True,Pardis,770000000.0,25666.69903191185
200,3,True,True,True,Gheitarieh,16000000000.0,533333.3240060329
400,4,True,True,True,Elahieh,63000000000.0,2100000.1233060732
110,2,True,True,True,Ekhtiarieh,8300000000.0,276666.6796618136
95,2,True,True,True,Ostad Moein,2950000000.0,98333.20571732546
60,1,True,True,True,Southern Program Organization,2400000000.0,80000.04593975216
76,2,False,False,False,Parand,345000000.0,11499.959691076227
222,3,True,True,True,Gheitarieh,19800000000.0,659999.9559775275
120,2,True,True,True,Punak,6000000000.0,199999.95502417663
90,2,True,True,True,Ekhtiarieh,6000000000.0,199999.9590583613
270,3,True,True,True,Kamranieh,26500000000.0,883333.2310282589
110,2,True,True,False,Southern Program Organization,3580000000.0,119333.3394403738
84,2,True,True,True,Shahrake Qods,982000000.0,32733.306845801846
76,2,True,True,True,Shahrake Qods,870000000.0,28999.942065378087
75,2,False,True,True,Parand,400000000.0,13333.351843973714
170,4,True,True,True,Andisheh,3060000000.0,102000.04466585508
92,2,False,True,False,Andisheh,930000000.0,30999.89137722946
122,3,True,True,False,Parand,850000000.0,28333.432129039167
170,3,True,True,True,Ekhtiarieh,7800000000.0,260000.06131370887
147,3,True,True,True,Pasdaran,8350000000.0,278333.43671852164
47,1,False,True,False,Jeyhoon,850000000.0,28333.19554052724
100,2,True,True,True,Pasdaran,6000000000.0,200000.09128120838
180,3,True,True,True,Saadat Abad,13500000000.0,449999.850737854
90,2,True,True,True,Northern Janatabad,3150000000.0,104999.97095908642
180,3,True,True,True,Saadat Abad,13500000000.0,449999.92179389525
80,2,True,True,True,Shahr-e-Ziba,2550000000.0,84999.87598872713
59,1,True,False,True,Pirouzi,1600000000.0,53333.21815471963
87,2,True,True,True,Pardis,850000000.0,28333.24937637806
50,1,False,True,True,Ostad Moein,1000000000.0,33333.165503082535
123,3,True,True,True,Gheitarieh,7400000000.0,246666.7369166944
56,1,True,True,True,Feiz Garden,2200000000.0,73333.3446921092
105,2,True,True,True,Pardis,945000000.0,31499.994478162625
57,1,True,True,True,Azarbaijan,1750000000.0,58333.37514340173
78,2,True,True,True,Southern Janatabad,3500000000.0,116666.41670248263
92,2,True,True,True,Southern Janatabad,3880000000.0,129333.56096123891
100,2,True,True,True,Pardis,1050000000.0,34999.95150158076
152,3,True,True,True,Saadat Abad,9800000000.0,326666.6451305395
155,3,True,True,True,Shahrake Gharb,9000000000.0,299999.9501640965
115,3,True,True,True,Shahr-e-Ziba,3870000000.0,128999.95267646787
145,3,True,True,True,Shahrake Gharb,11000000000.0,366666.52619082306
115,2,True,True,True,Yousef Abad,5400000000.0,179999.96775204747
60,1,True,True,False,Central Janatabad,2190000000.0,73000.01249958765
160,3,True,True,True,Gheitarieh,10200000000.0,339999.9015306364
101,2,True,True,True,North Program Organization,5150000000.0,171666.70921849844
98,2,True,True,True,Southern Janatabad,3600000000.0,119999.9840407212
92,2,True,True,True,Punak,3870000000.0,128999.96902785033
90,2,True,True,True,Northern Janatabad,3880000000.0,129333.2194067177
150,3,True,True,True,West Ferdows Boulevard,7200000000.0,240000.1488750511
106,2,True,True,True,Persian Gulf Martyrs Lake,2960000000.0,98666.68682034202
135,3,True,True,True,Dehkade Olampic,4200000000.0,139999.96445662662
105,2,True,True,True,Pardis,890000000.0,29666.632713620103
209,3,True,True,True,West Ferdows Boulevard,13000000000.0,433333.43787908973
115,2,True,True,False,Tarasht,3600000000.0,119999.925590774
110,2,True,True,False,Water Organization,3950000000.0,131666.5793305024
90,2,False,True,True,Northern Janatabad,3150000000.0,104999.82335704748
190,3,True,True,True,Aqdasieh,24000000000.0,799999.9375969998
54,1,False,True,True,Punak,2000000000.0,66666.59849317254
133,3,True,True,True,Gheitarieh,13300000000.0,443333.42076119647
200,3,True,True,True,Ajudaniye,27000000000.0,900000.1377193
220,3,True,True,True,Kamranieh,33600000000.0,1119999.8715405134
130,3,True,True,True,Gheitarieh,8700000000.0,290000.112753791
123,3,True,True,False,Azadshahr,3450000000.0,115000.01066415719
105,2,True,True,True,Dehkade Olampic,4100000000.0,136666.65498352944
103,3,True,True,True,Shahran,4128000000.0,137600.11088736687
105,2,True,True,True,Pardis,710000000.0,23666.64049025208
161,3,True,True,True,Persian Gulf Martyrs Lake,6400000000.0,213333.32790178896
115,3,False,True,True,Shahrake Qods,1600000000.0,53333.41298519657
85,2,False,False,False,Azadshahr,3100000000.0,103333.09588894645
50,2,True,True,False,Shahran,1820000000.0,60666.59019214081
160,3,True,True,True,Persian Gulf Martyrs Lake,6700000000.0,223333.41146387748
232,3,True,True,True,Farmanieh,23000000000.0,766666.6327699822
98,2,True,True,True,Shahr-e-Ziba,3220000000.0,107333.20255860202
117,2,True,True,True,Shahran,3880000000.0,129333.68871519466
77,2,True,True,True,West Ferdows Boulevard,3400000000.0,113333.29781123633
100,2,True,True,False,Yousef Abad,3950000000.0,131666.5649007691
85,2,True,True,False,Northern Janatabad,2950000000.0,98333.3469065777
145,3,True,True,True,Farmanieh,11000000000.0,366666.7410276337
127,3,True,True,True,Hakimiyeh,4480000000.0,149333.48419872485
79,2,True,True,True,Shahran,2950000000.0,98333.23433743451
120,2,True,True,True,Gheitarieh,11000000000.0,366666.640163221
173,3,True,True,True,Niavaran,11000000000.0,366666.63318274915
195,3,True,True,True,Farmanieh,17280000000.0,576000.0047353505
66,2,True,True,True,West Ferdows Boulevard,2270000000.0,75666.56961565113
100,2,True,True,True,Gheitarieh,8000000000.0,266666.52811116783
140,3,True,True,True,Gheitarieh,11150000000.0,371666.5564352235
93,2,True,True,True,Atabak,1300000000.0,43333.39799229213
80,2,True,True,True,Yousef Abad,4250000000.0,141666.82312057485
119,2,True,True,True,Shahran,5400000000.0,180000.09131950492
100,2,True,True,True,Ekhtiarieh,6500000000.0,216666.5528857819
115,2,True,True,True,Shahran,3840000000.0,128000.03810846337
52,1,True,True,True,Ekhtiarieh,3700000000.0,123333.23742310892
136,3,True,True,True,Persian Gulf Martyrs Lake,1360000000.0,45333.336190682916
95,2,True,True,True,Shahran,5000000000.0,166666.59185353701
83,3,True,True,True,Shahran,3100000000.0,103333.04067840168
100,2,True,True,True,Shahrake Qods,1700000000.0,56666.660914967404
70,2,True,True,False,Shahran,2550000000.0,84999.82812394401
73,2,True,True,False,Shahran,2580000000.0,85999.80180909307
70,2,True,True,True,Shahr-e-Ziba,2000000000.0,66666.76640693747
105,2,True,True,True,Pardis,500000000.0,16666.561063416935
69,2,True,True,True,Shahr-e-Ziba,2050000000.0,68333.38654466684
87,2,True,True,True,Pardis,530000000.0,17666.500022981894
66,1,True,True,True,Pardis,720000000.0,23999.924787892414
98,2,True,True,True,Pardis,1000000000.0,33333.29249212912
64,2,True,True,True,Shahr-e-Ziba,1980000000.0,66000.04680265475
65,2,True,True,True,Shahr-e-Ziba,2000000000.0,66666.74964351453
85,2,True,True,True,Central Janatabad,3350000000.0,111666.64342501295
85,2,True,True,True,Punak,4500000000.0,149999.79216939057
93,2,True,True,True,Gheitarieh,5600000000.0,186666.77447376773
155,3,True,True,True,Heravi,9000000000.0,299999.9358876145
450,2,False,False,False,Absard,4500000000.0,150000.06399925056
117,3,True,True,True,Shahrake Gharb,6800000000.0,226666.6193753134
85,2,True,True,True,Pakdasht,640000000.0,21333.435959716793
500,4,True,True,False,Damavand,20000000000.0,666666.6741496748
900,3,True,True,False,Damavand,8500000000.0,283333.2488625833
60,1,True,True,True,Persian Gulf Martyrs Lake,875000000.0,29166.67614683352
60,1,True,True,True,Persian Gulf Martyrs Lake,870000000.0,29000.004713508475
58,2,True,True,True,Sabalan,1200000000.0,40000.0416225648
118,2,True,True,True,Shahrake Qods,960000000.0,31999.93273463582
98,2,True,True,True,Gheitarieh,8700000000.0,289999.890233609
60,1,False,True,True,Narmak,2100000000.0,70000.01566156687
85,2,True,True,True,Gheitarieh,7400000000.0,246666.749310327
110,2,True,True,True,Heravi,5000000000.0,166666.64809463246
190,3,True,True,True,Gheitarieh,12000000000.0,400000.035116971
235,3,True,True,True,Gheitarieh,24000000000.0,800000.0431627464
150,3,True,True,True,Gheitarieh,14500000000.0,483333.3342947254
197,3,True,True,True,Gheitarieh,13300000000.0,443333.4554005076
153,2,True,True,True,Gheitarieh,13300000000.0,443333.18283387687
99,2,True,True,True,Heravi,4900000000.0,163333.42329431354
195,3,True,True,True,Gheitarieh,19900000000.0,663333.2660201186
125,2,True,True,True,Gheitarieh,11600000000.0,386666.5758325357
85,2,True,True,True,Gheitarieh,7300000000.0,243333.33868111626
103,2,True,True,True,Heravi,6640000000.0,221333.3405034054
235,3,True,True,True,Gheitarieh,25500000000.0,850000.0127859132
107,2,True,True,True,Velenjak,13200000000.0,440000.00429797644
195,3,True,True,True,Gheitarieh,19500000000.0,649999.9747335815
170,3,False,False,False,Gheitarieh,14500000000.0,483333.32511171245
153,3,True,True,True,Gheitarieh,13000000000.0,433333.414659966
90,2,True,True,True,Pirouzi,2650000000.0,88333.30249366618
88,2,True,True,True,Gheitarieh,7600000000.0,253333.212319732
100,2,True,True,True,Gheitarieh,8500000000.0,283333.34932485246
100,2,True,True,True,Saadat Abad,6500000000.0,216666.64224383628
203,3,True,True,True,Araj,13800000000.0,460000.171718943
200,3,True,True,True,Aqdasieh,13300000000.0,443333.2045172696
200,3,True,True,True,Araj,13700000000.0,456666.70687940234
116,3,True,True,True,Gheitarieh,8000000000.0,266666.5884605406
202,3,False,False,False,Araj,13300000000.0,443333.3597114774
202,3,True,True,True,Aqdasieh,13200000000.0,440000.1197769146
61,1,True,True,True,Si Metri Ji,1318000000.0,43933.308024031176
70,2,True,True,True,Jeyhoon,1550000000.0,51666.878905138765
62,2,True,True,True,Beryanak,1400000000.0,46666.59364627353
200,3,True,True,True,Araj,13300000000.0,443333.3625814353
120,3,True,True,True,Ostad Moein,3950000000.0,131666.70240616417
87,2,True,True,True,Amirabad,4780000000.0,159333.457826585
200,3,True,True,True,Aqdasieh,13400000000.0,446666.6321512528
80,2,True,True,True,Parand,500000000.0,16666.827071586613
202,3,False,False,False,Araj,13500000000.0,450000.0023611828
57,1,False,True,True,Ostad Moein,1320000000.0,43999.90665277841
202,3,True,True,True,Araj,13700000000.0,456666.5599594121
84,2,True,True,True,Pirouzi,2250000000.0,75000.05654839227
202,3,True,True,True,Aqdasieh,14700000000.0,489999.91367862496
93,2,True,True,True,Saadat Abad,5600000000.0,186666.69636341123
85,2,True,True,True,Gheitarieh,8000000000.0,266666.8495503626
100,2,True,True,True,Saadat Abad,7400000000.0,246666.70582411243
153,2,True,True,True,Aqdasieh,10500000000.0,350000.0942890924
122,3,True,True,True,Saadat Abad,8000000000.0,266666.67294022365
150,2,True,True,True,Aqdasieh,10500000000.0,349999.89877221175
56,2,True,True,True,Ostad Moein,1500000000.0,49999.98041050403
150,2,True,True,True,Araj,10500000000.0,349999.94101158564
202,3,True,True,True,Araj,14300000000.0,476666.6243871493
201,3,True,True,True,Aqdasieh,14200000000.0,473333.3620236865
140,3,True,True,True,Shahrake Qods,2590000000.0,86333.1373182102
200,3,True,True,True,Aqdasieh,14000000000.0,466666.68726579915
67,2,True,True,False,Jeyhoon,1500000000.0,49999.92502589705
86,2,True,True,True,Gheitarieh,7200000000.0,240000.0615213601
120,3,True,True,True,Ostad Moein,3950000000.0,131666.7930701436
84,2,True,True,True,Gheitarieh,7400000000.0,246666.56285911263
86,2,True,True,True,Central Janatabad,3800000000.0,126666.70458244675
85,2,True,True,True,Gheitarieh,7300000000.0,243333.22192594025
67,2,True,True,True,Shahran,2300000000.0,76666.77288867305
90,2,True,True,True,Northern Janatabad,4800000000.0,160000.03432499059
83,2,True,True,True,Gheitarieh,7300000000.0,243333.35493707427
70,2,True,True,True,Jeyhoon,1730000000.0,57666.45829577245
88,2,True,True,True,Shahrake Qods,1135200000.0,37840.08067908196
167,3,True,True,True,Gheitarieh,11000000000.0,366666.5696712924
100,2,False,False,False,Shahrake Qods,650000000.0,21666.62900363705
100,2,True,True,True,Shahrake Qods,1000000000.0,33333.2738901302
60,2,True,True,True,Southern Janatabad,2300000000.0,76666.60326398171
155,3,True,True,True,Gheitarieh,11000000000.0,366666.6478804512
76,2,True,True,True,Jeyhoon,1850000000.0,61666.637385948845
90,2,True,True,True,Shahrake Qods,900000000.0,30000.003596150673
65,1,True,True,True,Shahrake Qods,535000000.0,17833.43373571199
80,2,True,True,True,Shahrake Qods,680000000.0,22666.55572880651
135,2,True,True,True,Gheitarieh,8700000000.0,290000.0783310053
94,2,True,True,True,Shahrake Qods,950000000.0,31666.65739790477
110,2,True,True,True,Gheitarieh,8200000000.0,273333.10709938
115,3,True,True,True,Farmanieh,6900000000.0,230000.11657653868
170,3,True,True,True,Gheitarieh,11200000000.0,373333.2527881345
115,3,False,True,True,Farmanieh,6900000000.0,229999.98600654904
60,1,False,False,False,Damavand,900000000.0,30000.07031721507
105,2,True,True,True,Saadat Abad,5800000000.0,193333.3981647883
61,2,False,True,False,Salsabil,1040000000.0,34666.80872883119
100,2,True,True,True,Saadat Abad,6000000000.0,199999.9413783089
145,3,True,True,True,Jeyhoon,4600000000.0,153333.17063862554
87,2,True,True,True,Pardis,479000000.0,15966.465901473666
87,2,True,True,True,Pardis,496000000.0,16533.286151350654
115,3,True,True,True,Shahrake Gharb,6500000000.0,216666.74958491325
85,2,True,True,True,Pardis,690000000.0,22999.982856407474
67,2,True,True,False,Punak,2280000000.0,76000.08545429396
94,2,True,True,True,Shahran,2280000000.0,76000.03293446232
90,2,True,True,True,Shahran,3200000000.0,106666.6815660008
94,2,True,True,True,,3000000000.0,100000.13832120142
99,2,True,True,True,,4150000000.0,138333.47744780703
86,2,True,True,True,Pardis,890000000.0,29666.698911520998
60,2,True,True,True,West Ferdows Boulevard,2650000000.0,88333.39792925843
58,1,True,True,True,Shahrake Gharb,3400000000.0,113333.33091978286
76,2,True,True,True,Shahr-e-Ziba,2850000000.0,95000.01490246199
57,1,True,True,True,Southern Program Organization,2400000000.0,79999.98107435644
81,2,True,True,True,West Ferdows Boulevard,3300000000.0,109999.96865312279
112,3,True,True,True,West Ferdows Boulevard,3600000000.0,120000.04311428496
75,2,True,True,True,Shahran,3500000000.0,116666.69356999754
153,3,True,True,True,Punak,7500000000.0,250000.1258911063
95,2,True,True,True,Shahrake Gharb,5100000000.0,170000.02567707727
101,2,True,True,True,Shahrake Gharb,6565000000.0,218833.30289933187
40,0,False,False,False,Pakdasht,165000000.0,5499.952055953162
88,2,True,True,True,Railway,2860000000.0,95333.36583684113
141,3,True,True,True,Persian Gulf Martyrs Lake,3810000000.0,127000.11203736223
140,3,True,True,True,Persian Gulf Martyrs Lake,1790000000.0,59666.66142935882
120,2,True,True,True,Persian Gulf Martyrs Lake,1530000000.0,50999.99457027961
66,2,False,True,False,Beryanak,1000000000.0,33333.60958159429
70,2,True,True,True,Punak,3500000000.0,116666.81550976387
75,2,True,False,True,Heshmatieh,3000000000.0,99999.92950704356
70,2,False,True,True,Elm-o-Sanat,1800000000.0,59999.9823606679
150,3,True,True,True,Saadat Abad,20000000000.0,666666.6862186453
95,2,True,True,True,Golestan,950000000.0,31666.701126586333
65,2,True,True,False,Jeyhoon,1450000000.0,48333.34271411283
88,3,False,True,True,Parand,475000000.0,15833.344020530452
113,3,True,True,False,Gheitarieh,6000000000.0,199999.99824150722
50,1,True,True,False,Shahrake Qods,360000000.0,12000.211111368517
45,1,False,False,True,Ostad Moein,1200000000.0,40000.14094176285
53,1,False,True,True,Narmak,1350000000.0,44999.88983062625
100,2,True,True,True,Andisheh,1800000000.0,60000.00771830186
50,1,True,True,False,Shahryar,500000000.0,16666.612294736075
43,0,False,True,False,Nasim Shahr,360000000.0,12000.042899945283
85,2,True,True,False,Baghestan,765000000.0,25500.09738860145
134,3,True,True,True,North Program Organization,6400000000.0,213333.24755224626
90,2,True,True,True,Shahr-e-Ziba,3000000000.0,100000.10769581518
90,2,True,True,True,Shahrake Qods,1260000000.0,41999.96450316544
135,2,True,True,False,SabaShahr,2200000000.0,73333.34495271146
130,3,True,True,True,Railway,5850000000.0,194999.74394387074
55,1,True,True,False,Andisheh,550000000.0,18333.253953563704
200,5,False,False,False,Dehkade Olampic,12000000000.0,399999.9967906455
107,2,True,True,True,Shahrake Madaen,800000000.0,26666.700144839444
150,2,True,True,True,Pakdasht,1270000000.0,42333.43407420837
56,1,False,True,False,Ostad Moein,1200000000.0,39999.95718856829
160,3,True,True,False,Azadshahr,4500000000.0,150000.19738375183
138,3,True,True,True,Salsabil,3584000000.0,119466.57277537482
125,3,True,True,True,Tehransar,3750000000.0,124999.88520456494
83,2,True,True,True,Shahr-e-Ziba,2510000000.0,83666.56187900617
131,3,True,True,True,Railway,5850000000.0,195000.05094736832
115,2,True,True,True,Central Janatabad,4870000000.0,162333.4850521326
50,1,True,True,False,Andisheh,650000000.0,21666.76997014603
91,2,True,True,True,West Ferdows Boulevard,3600000000.0,119999.92379886434
80,2,True,True,True,Central Janatabad,3395000000.0,113166.790714309
40,1,False,True,False,Qasr-od-Dasht,720000000.0,24000.09495230657
68,2,True,True,True,Shahr-e-Ziba,2150000000.0,71666.6105068119
110,2,True,True,True,Shahran,3920000000.0,130666.69066541381
63,1,True,True,False,,730000000.0,24333.094918885923
50,1,True,True,False,Beryanak,830000000.0,27666.44674662706
110,2,True,True,True,Shahr-e-Ziba,5550000000.0,185000.11661255598
95,2,True,True,True,Shahr-e-Ziba,2920000000.0,97333.41090289636
65,2,True,True,True,Southern Janatabad,2250000000.0,75000.15415574104
108,2,True,True,True,Persian Gulf Martyrs Lake,3024000000.0,100800.09576598513
62,2,False,True,False,Beryanak,930000000.0,30999.95214690219
37,1,False,True,True,Hashemi,830000000.0,27666.767878862785
105,2,True,True,True,West Ferdows Boulevard,3650000000.0,121666.6366213169
41,1,False,True,False,Salsabil,770000000.0,25666.7803983101
85,2,True,True,True,Shahrakeh Naft,4600000000.0,153333.37793118638
150,3,True,True,True,Shahrake Gharb,12350000000.0,411666.8228633915
83,2,True,True,True,East Ferdows Boulevard,2800000000.0,93333.29791184372
174,3,True,True,True,Valiasr,10000000000.0,333333.3759919091
105,3,True,True,True,Yousef Abad,4725000000.0,157500.00491038957
57,2,False,False,True,Waterfall,1265000000.0,42166.76356807696
200,3,True,True,True,Sadeghieh,7000000000.0,233333.29972904947
75,2,False,False,False,Baghestan,600000000.0,20000.075883093035
87,2,False,False,False,Pardis,900000000.0,29999.9066374893
63,2,False,True,False,Qasr-od-Dasht,1260000000.0,41999.959901577124
64,2,True,True,True,Central Janatabad,2240000000.0,74666.59837945073
65,2,False,False,False,Ostad Moein,1200000000.0,40000.164938111266
87,2,True,True,True,Pardis,650000000.0,21666.706426602126
44,1,False,True,False,Shahryar,570000000.0,18999.88937491116
85,2,False,False,False,Pakdasht,355000000.0,11833.298318884816
43,1,False,True,False,Ahang,800000000.0,26666.65183423202
118,3,True,True,True,Sattarkhan,4900000000.0,163333.30158426712
92,2,True,True,True,Shahran,2700000000.0,90000.08972867897
124,3,True,True,True,Sattarkhan,3400000000.0,113333.41436530821
56,1,False,True,False,Jeyhoon,950000000.0,31666.583936568197
40,1,False,True,False,Pirouzi,870000000.0,29000.02433804563
92,2,True,True,True,West Ferdows Boulevard,2970000000.0,98999.97315505175
86,2,True,True,True,Central Janatabad,3330000000.0,111000.11965173321
51,2,True,True,False,Shahran,1850000000.0,61666.80388055804
70,1,False,False,False,Baghestan,560000000.0,18666.737867237844
85,2,True,True,True,Shahrake Qods,1062000000.0,35399.88424177592
51,1,False,True,False,Ostad Moein,900000000.0,29999.955048980275
131,2,True,True,True,Ray,3400000000.0,113333.09560262595
48,1,False,True,False,Komeil,820000000.0,27333.05533396125
84,2,True,True,False,Andisheh,773000000.0,25766.589951541333
95,2,True,True,True,Hashemi,2350000000.0,78333.25208045825
74,2,True,True,True,Eskandari,2960000000.0,98666.67743967348
68,2,True,True,True,East Ferdows Boulevard,2500000000.0,83333.1582093104
240,4,True,True,True,Persian Gulf Martyrs Lake,4800000000.0,160000.052389646
" 3,600 ",2,False,False,False,Shahryar,9720000000.0,323999.99504411576
44,1,False,True,False,Qasr-od-Dasht,770000000.0,25666.75905922004
82,2,True,True,True,Shahran,2850000000.0,94999.7835773784
44,1,True,True,False,Salsabil,1050000000.0,35000.097562749
42,1,False,True,False,Pirouzi,960000000.0,32000.126192720756
63,1,True,True,True,Aqdasieh,4000000000.0,133333.32620953635
110,2,False,True,True,Salehabad,750000000.0,25000.093201483796
235,3,True,True,True,Niavaran,31000000000.0,1033333.2331290456
500,2,True,True,False,Absard,3100000000.0,103333.50698851033
57,1,True,True,False,Feiz Garden,1930000000.0,64333.341512307175
170,3,True,True,True,Pakdasht,1280000000.0,42666.769514810585
115,2,True,True,False,Golestan,2050000000.0,68333.3976781275
68,2,True,True,True,Southern Program Organization,2700000000.0,89999.92903123263
62,1,False,True,True,Baghestan,620000000.0,20666.657435296987
56,1,True,True,True,Shahr-e-Ziba,2200000000.0,73333.51560604482
75,2,True,True,True,Shahran,3110000000.0,103666.73081195127
95,2,True,True,True,Pasdaran,5850000000.0,195000.0385190663
144,3,True,True,True,Zafar,10368000000.0,345600.1861352466
50,1,False,False,True,Qarchak,380000000.0,12666.767480248416
78,2,True,True,False,Sattarkhan,2100000000.0,69999.91841063442
95,2,True,False,True,Ray,2050000000.0,68333.13770330798
90,2,True,True,True,Ray,1800000000.0,60000.06920548042
95,2,True,True,True,Punak,4200000000.0,139999.98669208767
350,4,True,True,True,Niavaran,72000000000.0,2400000.0342887403
71,2,True,True,True,West Ferdows Boulevard,2330000000.0,77666.71760250225
80,1,False,False,False,Pishva,380000000.0,12666.444871452186
44,1,True,False,True,Ostad Moein,1000000000.0,33333.30162594151
46,1,True,True,True,Jeyhoon,1150000000.0,38333.346188018615
78,2,True,True,False,Sattarkhan,2010000000.0,66999.99498239628
67,2,False,True,False,Karoon,1070000000.0,35666.5004416648
49,1,True,True,False,Andisheh,110000000.0,3666.630088553936
105,2,True,True,True,Andisheh,1200000000.0,40000.05015166842
72,2,False,True,True,Beryanak,1290000000.0,43000.036884399095
65,2,False,True,True,Salsabil,1220000000.0,40666.70515971598
80,2,True,True,True,West Pars,2160000000.0,72000.10482734717
66,2,False,True,False,Jeyhoon,1187000000.0,39566.647154234546
58,2,False,True,False,Jeyhoon,1210000000.0,40333.17937772653
67,2,False,True,False,Salsabil,1215000000.0,40499.937751205325
89,2,True,True,False,Andisheh,1068000000.0,35599.93452453605
75,2,True,True,True,Beryanak,1450000000.0,48333.293624074875
85,2,False,True,True,Si Metri Ji,1440000000.0,47999.993155472
94,2,True,True,True,Central Janatabad,4300000000.0,143333.40215235736
67,2,True,True,False,Jeyhoon,1440000000.0,47999.94902587543
60,1,False,True,True,Shahrake Qods,920000000.0,30666.551820947694
67,1,True,False,True,Beryanak,1415000000.0,47166.70126659842
65,2,False,False,True,Beryanak,1310000000.0,43666.61731743717
72,2,False,True,True,Beryanak,1300000000.0,43333.36198750521
62,2,True,True,True,Salsabil,1350000000.0,44999.90450375832
37,1,False,True,True,Ostad Moein,999000000.0,33300.150379711115
105,3,True,True,True,Shahr-e-Ziba,3550000000.0,118333.36470247208
78,2,False,False,True,Parand,417000000.0,13899.81945471139
53,1,False,True,False,Baghestan,450000000.0,14999.88079862193
80,2,False,True,True,Shahr-e-Ziba,2450000000.0,81666.70659602752
88,2,True,True,True,Persian Gulf Martyrs Lake,2850000000.0,95000.0760605166
39,1,False,True,False,Andisheh,370000000.0,12333.229476124654
128,2,True,True,True,Jordan,6144000000.0,204799.89502298945
87,2,True,True,True,Shahrake Shahid Bagheri,2450000000.0,81666.67538280979
48,1,False,True,False,Beryanak,830000000.0,27666.71129613088
86,2,True,True,True,Pardis,500000000.0,16666.69213812669
86,2,True,True,True,Pardis,600000000.0,19999.995901087274
75,2,True,True,True,Punak,2300000000.0,76666.60381954338
110,3,True,True,True,Jordan,6160000000.0,205333.43221910033
172,3,True,True,True,Heravi,9300000000.0,309999.9406829395
147,3,True,True,True,Yousef Abad,11600000000.0,386666.73322896444
70,1,True,True,False,Enghelab,1540000000.0,51333.302221788814
235,3,True,True,True,Niavaran,28500000000.0,949999.9993008234
115,2,True,True,True,Heravi,6000000000.0,199999.89174912107
114,2,True,True,True,Pakdasht,1090000000.0,36333.262244327656
40,1,True,True,False,Pirouzi,1380000000.0,46000.01252885413
125,3,True,True,True,Yousef Abad,8450000000.0,281666.7549266795
90,2,True,True,True,Golestan,1315000000.0,43833.55202837979
78,2,False,True,True,Gisha,1794000000.0,59800.126473662494
62,2,True,False,True,,1440000000.0,48000.02143916928
47,1,False,True,False,Ostad Moein,1050000000.0,34999.97949505459
114,3,True,True,True,Yousef Abad,4900000000.0,163333.20556478135
65,1,True,True,True,Southern Janatabad,2500000000.0,83333.36580259503
50,1,False,True,False,Baghestan,410000000.0,13666.813231397537
125,2,True,True,True,Islamshahr Elahieh,1750000000.0,58333.07780772858
41,1,False,False,False,Salsabil,815000000.0,27166.77698103166
136,3,True,True,True,Yousef Abad,8200000000.0,273333.24660274276
40,1,False,True,False,Jeyhoon,800000000.0,26666.51163320015
60,2,False,True,False,Si Metri Ji,650000000.0,21666.838291627424
75,2,True,True,True,Pirouzi,1750000000.0,58333.28894203994
120,3,True,True,True,Yousef Abad,8000000000.0,266666.65830525075
165,3,True,True,True,Pakdasht,1000000000.0,33333.226423222106
110,2,False,True,False,Pakdasht,640000000.0,21333.259696433714
116,2,True,True,True,Shahran,4640000000.0,154666.7947963075
115,2,True,True,True,Shahran,4500000000.0,150000.0618880455
77,2,False,True,True,Pakdasht,460000000.0,15333.41706517726
120,3,True,True,True,Yousef Abad,7000000000.0,233333.1267404758
100,2,False,True,True,Pakdasht,660000000.0,22000.020142179506
130,3,True,True,True,Yousef Abad,6000000000.0,199999.9097450839
60,1,True,True,True,Islamshahr,1200000000.0,40000.07055578491
75,2,False,True,True,Parand,385000000.0,12833.256342482595
128,3,True,True,False,Niavaran,8500000000.0,283333.2895167978
150,2,True,True,True,Zaferanieh,15000000000.0,499999.9216714714
135,3,True,True,True,Yousef Abad,10000000000.0,333333.37241421663
60,1,True,True,True,Zafar,1200000000.0,40000.189324179104
41,1,False,False,False,Elahieh,815000000.0,27166.652814856432
113,2,True,True,True,Niavaran,9000000000.0,300000.06402298354
52,1,False,True,True,Andisheh,665000000.0,22166.540804116506
100,2,True,True,True,Aqdasieh,7000000000.0,233333.41830127448
66,2,True,True,False,Punak,2650000000.0,88333.2889594721
200,3,True,True,True,Niavaran,29000000000.0,966666.7939875054
170,3,True,True,True,Niavaran,22100000000.0,736666.8569653222
100,2,True,True,True,Gheitarieh,8300000000.0,276666.5480402318
90,1,True,True,True,Kamranieh,10000000000.0,333333.16776231106
200,3,True,True,True,Niavaran,14000000000.0,466666.6413774429
51,1,True,False,True,Ray - Montazeri,1250000000.0,41666.60174522879
70,2,True,True,False,Punak,2680000000.0,89333.46670402822
73,2,True,True,False,West Ferdows Boulevard,2200000000.0,73333.35028903578
245,2,False,False,False,Islamshahr,7800000000.0,260000.11739291152
87,2,True,True,True,Darabad,5850000000.0,194999.94507935754
120,2,True,True,True,Velenjak,9000000000.0,300000.1500340443
171,3,True,True,True,Elahieh,12825000000.0,427499.82035048073
66,2,True,True,False,Punak,2460000000.0,82000.09128425606
77,2,True,True,True,Aqdasieh,5200000000.0,173333.35012010756
40,1,True,True,False,Narmak,1250000000.0,41666.67109974764
105,2,True,True,True,Shahr-e-Ziba,2800000000.0,93333.35073459461
50,1,True,True,True,Ozgol,3000000000.0,99999.9835363084
94,2,True,True,False,Amirabad,3400000000.0,113333.28011791571
65,2,True,True,False,West Ferdows Boulevard,2150000000.0,71666.87785533135
57,1,True,True,False,Valiasr,750000000.0,25000.001638882608
79,2,True,True,True,Parand,410000000.0,13666.603726176623
60,2,False,True,False,Jeyhoon,650000000.0,21666.84653744329
68,2,True,True,True,West Ferdows Boulevard,2300000000.0,76666.64567665834
86,2,True,True,False,Firoozkooh Kuhsar,750000000.0,25000.049143221822
80,2,True,True,True,West Ferdows Boulevard,2700000000.0,89999.98825016401
68,2,True,True,False,West Ferdows Boulevard,2300000000.0,76666.82055483434
43,1,True,True,False,Narmak,1330000000.0,44333.394854452905
55,1,True,True,True,West Ferdows Boulevard,1900000000.0,63333.1829695666
77,2,True,True,True,Northern Janatabad,2680000000.0,89333.30125124929
58,1,False,False,False,Parand,315000000.0,10500.058405262682
62,1,True,False,True,Ostad Moein,1440000000.0,48000.13167876191
65,2,True,True,False,West Ferdows Boulevard,2200000000.0,73333.48424302161
60,1,True,True,True,Salsabil,1530000000.0,51000.03287486376
35,1,False,True,False,Salsabil,660000000.0,22000.099018496727
54,1,False,True,False,Azarbaijan,1100000000.0,36666.588702036
70,2,True,True,True,Southern Program Organization,2250000000.0,74999.9709739234
122,3,True,True,True,Ghoba,6700000000.0,223333.2756573913
54,1,False,True,False,Salsabil,901000000.0,30033.252030699463
80,2,True,True,True,Shahryar,850000000.0,28333.43058903675
71,2,True,True,True,Salsabil,1750000000.0,58333.50906296721
220,4,True,True,False,Shahryar,7500000000.0,249999.94413564482
61,1,False,True,False,Qasr-od-Dasht,838000000.0,27933.42025345795
49,1,False,True,False,Hashemi,1078000000.0,35933.2887191605
55,2,True,True,True,Salsabil,1349550000.0,44985.177717410494
41,1,False,True,False,Hashemi,840000000.0,27999.949701368783
64,2,True,True,False,Salsabil,1100000000.0,36666.548332831495
240,4,True,True,False,Andisheh,4300000000.0,143333.31690199356
32,1,False,True,False,Hashemi,610000000.0,20333.471331455592
52,1,False,True,False,Hashemi,960000000.0,31999.90551118758
50,1,False,True,False,Salsabil,640000000.0,21333.264028218775
32,1,False,True,True,Eskandari,940000000.0,31333.442245894817
40,1,True,True,True,Azarbaijan,1150000000.0,38333.58477552051
73,1,False,True,True,Komeil,1460000000.0,48666.68057684673
50,1,True,True,False,Andisheh,755000000.0,25166.70955268304
45,1,False,True,False,Jeyhoon,745000000.0,24833.25997346708
65,2,True,True,False,Qasr-od-Dasht,1280000000.0,42666.70079861835
51,1,True,True,True,Salsabil,1150000000.0,38333.24660209694
300,3,True,True,False,Golestan,24000000000.0,800000.0532214443
100,2,True,True,False,Pardis,2700000000.0,90000.00647331247
55,2,True,True,True,Azarbaijan,1000000000.0,33333.30014729594
200,2,False,False,False,Kahrizak,2650000000.0,88333.23684628966
38,1,True,True,True,Karoon,1140000000.0,38000.11536478364
140,3,True,True,True,Farmanieh,9300000000.0,309999.97067968827
42,1,False,True,False,,640000000.0,21333.261306942466
58,1,True,True,False,Central Janatabad,2000000000.0,66666.68977673157
67,2,False,True,True,Jeyhoon,1200000000.0,39999.84784882439
57,1,True,True,False,Salsabil,870000000.0,29000.024076482605
53,2,True,True,False,Jeyhoon,1100000000.0,36666.6108654431
95,2,True,True,True,Niavaran,8900000000.0,296666.71750323544
128,3,True,True,True,Pirouzi,4350000000.0,144999.93521278971
62,2,False,False,True,Parand,350000000.0,11666.71812114875
60,1,False,True,False,Salsabil,1130000000.0,37666.43933986082
52,1,True,True,False,Salsabil,1100000000.0,36666.64856228552
52,1,False,True,False,Jeyhoon,1150100000.0,38336.64561299665
45,1,False,True,True,Karoon,965000000.0,32166.691721001647
60,1,True,True,True,Ekhtiarieh,3000000000.0,100000.11091675292
83,2,False,True,True,Valiasr,1700000000.0,56666.64647940596
211,3,True,True,True,Marzdaran,15800000000.0,526666.5370740991
65,2,True,True,False,Karoon,1430000000.0,47666.70216990985
115,2,False,True,False,Ostad Moein,1300000000.0,43333.30315198662
70,2,True,True,False,Central Janatabad,2100000000.0,70000.05144053888
51,1,False,True,False,Salsabil,870000000.0,28999.93115546682
100,2,True,True,True,Niavaran,7500000000.0,250000.0467615746
115,2,True,True,True,Zaferanieh,10200000000.0,339999.94006248587
160,3,True,True,True,Niavaran,17500000000.0,583333.098268724
107,2,True,True,True,Hekmat,6500000000.0,216666.61132364665
82,2,True,False,True,Parand,500000000.0,16666.79899281277
135,2,True,True,True,Zaferanieh,18000000000.0,599999.8957948729
198,3,True,True,True,Ekhtiarieh,18000000000.0,600000.075143461
85,2,True,True,True,Andisheh,1100000000.0,36666.67542875129
92,2,True,True,True,Shams Abad,3250000000.0,108333.48792750508
115,2,True,True,True,Zaferanieh,18000000000.0,600000.060542722
137,3,True,True,True,ShahrAra,7200000000.0,239999.95557265854
65,1,True,True,True,East Ferdows Boulevard,2170000000.0,72333.47187741147
175,3,True,True,True,Farmanieh,22000000000.0,733333.3421612568
95,2,True,True,True,Gheitarieh,9800000000.0,326666.7357697639
225,3,True,True,True,Farmanieh,38500000000.0,1283333.49434915
270,4,True,True,True,Niavaran,35000000000.0,1166666.5905575117
200,3,True,True,True,Niavaran,34000000000.0,1133333.3803889118
60,1,True,True,True,Northern Chitgar,1200000000.0,39999.96371507971
88,2,False,True,True,Shams Abad,3350000000.0,111666.68201339374
250,3,True,True,True,Niavaran,34000000000.0,1133333.3686488422
55,1,False,True,False,Pirouzi,1600000000.0,53333.37284717619
91,2,True,True,True,Ostad Moein,2435000000.0,81166.47237680972
80,2,True,True,False,Punak,2800000000.0,93333.45522981585
74,2,False,False,False,Parand,440000000.0,14666.780628755769
90,2,True,True,False,Pirouzi,1700000000.0,56666.76435875267
43,1,False,True,True,Si Metri Ji,750000000.0,25000.106586508693
78,2,False,True,True,Parand,430000000.0,14333.364182680078
72,2,True,False,True,Parand,385000000.0,12833.547418022576
100,2,False,False,False,Kahrizak,1200000000.0,40000.0449672088
110,2,True,False,False,Amirabad,4000000000.0,133333.43562388298
62,1,False,True,False,Islamshahr,580000000.0,19333.38219174372
120,1,False,False,False,Afsarieh,3150000000.0,105000.03748807902
120,2,True,True,True,Ekhtiarieh,9000000000.0,300000.09216735506
64,2,True,True,True,Ostad Moein,1790000000.0,59666.79992263144
147,3,True,True,True,Saadat Abad,9114000000.0,303800.0900901667
140,3,True,True,True,Kamranieh,8100000000.0,270000.01998245035
170,3,True,True,True,Heravi,7990000000.0,266333.26762717194
109,2,True,True,True,Heravi,7100000000.0,236666.61440351297
310,3,True,True,True,Aqdasieh,74400000000.0,2480000.0231423657
283,3,True,True,True,Farmanieh,33840000000.0,1127999.8598296654
66,1,False,False,False,Shahedshahr,297000000.0,9899.918246893683
75,2,False,True,False,Golestan,600000000.0,19999.863221951004
63,2,True,True,True,Ostad Moein,1670000000.0,55666.697088118104
77,2,True,True,True,Gholhak,6200000000.0,206666.66675412262
59,2,True,True,True,Shahr-e-Ziba,1600000000.0,53333.25510377067
220,5,True,False,False,Andisheh,6500000000.0,216666.62039377875
66,2,True,True,False,Southern Program Organization,2000000000.0,66666.72573421382
80,2,True,True,False,Shahr-e-Ziba,2450000000.0,81666.61687277157
55,1,False,False,True,Northren Jamalzadeh,1540000000.0,51333.19668540323
63,2,False,True,False,Andisheh,410000000.0,13666.826257030092
92,2,True,True,True,Punak,4000000000.0,133333.40481258763
88,2,True,True,True,Shahrake Gharb,5250000000.0,174999.84499841023
98,2,True,True,True,Pardis,770000000.0,25666.518984490907
75,2,True,True,True,Jeyhoon,1980000000.0,66000.28606548453
114,2,True,True,True,Pakdasht,1100000000.0,36666.53898720041
80,2,True,True,True,Punak,3000000000.0,99999.83095327925
50,1,False,False,False,Shahrake Qods,380000000.0,12666.751664495294
66,2,True,True,True,Punak,2950000000.0,98333.40299798416
102,2,True,True,True,Sattarkhan,650000000.0,21666.61860372926
72,2,True,True,True,Punak,3200000000.0,106666.6237252986
62,1,False,False,False,Qasr-od-Dasht,1860000000.0,62000.185529500595
110,2,False,True,True,Pakdasht,840000000.0,28000.017115906798
70,2,True,True,True,Zafar,5250000000.0,174999.94232853124
115,2,True,True,True,Saadat Abad,6000000000.0,200000.12799959094
55,1,False,True,False,West Ferdows Boulevard,1550000000.0,51666.63888498151
71,2,True,True,False,Jeyhoon,1780000000.0,59333.38756152759
58,1,True,True,True,West Ferdows Boulevard,2050000000.0,68333.2354420123
125,2,True,True,True,Shahrake Qods,1375000000.0,45833.50933972423
42,1,True,False,True,Shahran,1750000000.0,58333.340371429396
66,2,True,True,False,Narmak,2200000000.0,73333.48125289299
65,1,False,False,False,,650000000.0,21666.65499010446
130,4,False,False,False,Mehrabad,6200000000.0,206666.6022493153
65,1,True,True,True,Southern Program Organization,2450000000.0,81666.68409316252
39,1,False,False,False,Salsabil,760000000.0,25333.484312552813
60,2,False,True,True,Qasr-od-Dasht,1850000000.0,61666.703198810435
75,2,True,True,True,Salsabil,2260000000.0,75333.43014040956
70,1,False,True,False,Salsabil,1180000000.0,39333.34553754631
57,2,True,True,True,Salsabil,1600000000.0,53333.34139947102
39,1,False,True,False,Salsabil,800000000.0,26666.58152884146
70,2,False,False,False,Tehran Now,1700000000.0,56666.66215077748
110,2,True,True,True,Ekhtiarieh,6500000000.0,216666.68446140416
47,1,False,True,False,Qasr-od-Dasht,870000000.0,28999.916665043613
114,2,False,False,False,Northern Suhrawardi,6500000000.0,216666.64231965583
60,1,False,True,True,Southern Suhrawardi,2210000000.0,73666.62486523586
115,3,True,True,True,Islamshahr,1650000000.0,55000.14622912937
110,3,True,True,True,Heravi,5850000000.0,194999.9646512403
78,2,True,True,True,Jeyhoon,2050000000.0,68333.40552122793
80,2,True,True,True,Ekhtiarieh,4400000000.0,146666.77102561318
78,2,False,False,True,Parand,420000000.0,14000.144522777313
73,2,True,True,False,Andisheh,868000000.0,28933.22976722462
95,2,True,True,True,Andisheh,1200000000.0,40000.077421058486
63,2,True,True,False,Azarbaijan,1390000000.0,46333.285005588266
98,2,True,True,True,Andisheh,1370000000.0,45666.679661031085
105,2,True,True,True,Islamshahr,1500000000.0,50000.00903412685
50,1,True,True,False,Tehransar,1250000000.0,41666.70346791889
51,1,False,True,True,Kahrizak,610000000.0,20333.342291656452
125,2,True,True,True,Dezashib,11250000000.0,374999.9791615384
105,3,True,True,True,Kahrizak,1155000000.0,38499.91629237745
55,1,False,True,True,Kahrizak,660000000.0,22000.11504346093
105,2,True,True,True,Kahrizak,1160000000.0,38666.464605579255
105,3,True,True,True,Kahrizak,1312000000.0,43733.45650512025
70,2,True,True,True,Kahrizak,714000000.0,23799.974266125064
82,2,True,True,True,Kahrizak,820000000.0,27333.366656993643
50,1,True,True,True,Mirdamad,3250000000.0,108333.38543478753
105,2,True,True,True,Pardis,760000000.0,25333.31719147974
110,2,True,True,True,Gholhak,8800000000.0,293333.22200977104
85,2,True,True,True,Kahrizak,850000000.0,28333.27391313679
78,2,True,True,False,Punak,3100000000.0,103333.19252999766
106,2,True,True,True,Pardis,505000000.0,16833.315822942663
95,2,True,True,True,Gheitarieh,5700000000.0,190000.0652152602
62,1,True,False,True,Tehransar,1530000000.0,51000.05999571797
78,2,False,False,False,Damavand,490000000.0,16333.366244379764
225,4,True,True,True,Kamranieh,20250000000.0,675000.1041560494
72,2,True,True,False,Shahran,2600000000.0,86666.60103629448
50,1,True,False,False,Parand,375000000.0,12500.231056072476
50,1,False,True,False,Abuzar,850000000.0,28333.363315371615
103,2,False,True,False,Northern Suhrawardi,3900000000.0,129999.99718228212
47,1,True,True,False,Dolatabad,695000000.0,23166.6309735783
90,2,True,True,True,Karoon,2000000000.0,66666.7178795616
80,2,True,True,True,Punak,3760000000.0,125333.16675187874
450,4,True,True,True,Niavaran,25000000000.0,833333.4016984641
72,2,True,True,True,Salsabil,1700000000.0,56666.67199488237
258,4,True,True,False,Jordan,12000000000.0,400000.04060788825
98,2,True,True,True,Salsabil,2630000000.0,87666.47212749644
130,3,False,True,False,Shahrake Qods,600000000.0,19999.99124262556
700,3,True,True,False,Damavand,4500000000.0,150000.01206994563
104,2,True,True,True,Shahrake Qods,900000000.0,30000.02207768355
140,3,True,True,True,Ekhtiarieh,11000000000.0,366666.64855500555
96,2,True,True,True,Shahran,3500000000.0,116666.65794155138
58,1,False,True,False,Shahrake Qods,400000000.0,13333.246951574722
150,3,True,True,True,Salsabil,4500000000.0,150000.03929560538
55,2,True,True,False,Shahran,1870000000.0,62333.22527343126
60,1,False,False,False,Shahrake Qods,430000000.0,14333.40465872761
98,2,True,True,True,Pardis,790000000.0,26333.382882160047
85,2,True,True,True,Shahrake Qods,670000000.0,22333.37209951104
85,2,True,False,True,Elm-o-Sanat,3350000000.0,111666.51616603525
97,2,True,True,True,Punak,4700000000.0,156666.56210775484
80,2,True,True,True,Hor Square,1874500000.0,62483.33402765003
57,1,False,False,True,Niavaran,3600000000.0,119999.84536899271
63,1,True,True,False,Jeyhoon,1200000000.0,40000.10726479006
85,2,True,True,True,Hor Square,1957300000.0,65243.30980122799
70,2,True,True,True,Hor Square,400000000.0,13333.520751836306
100,2,True,True,True,Hor Square,2283900000.0,76130.27851476514
90,2,True,True,True,Hor Square,2071150000.0,69038.26205636775
75,2,False,False,False,Parand,365000000.0,12166.7212566106
42,1,True,False,False,Nezamabad,835000000.0,27833.30485539937
250,4,True,True,True,Zaferanieh,18750000000.0,625000.0291265541
83,2,True,True,True,Dolatabad,1490000000.0,49666.68945402882
90,2,True,True,True,Damavand,605000000.0,20166.552022941025
72,2,True,True,True,Razi,1206000000.0,40200.03948079824
52,1,False,False,False,Damavand,375000000.0,12500.078088888267
106,2,True,True,True,Damavand,2360000000.0,78666.69414865405
73,2,True,True,True,Parand,385000000.0,12833.42438899424
100,2,True,True,True,Razi,1850000000.0,61666.60410319852
85,2,True,True,False,Shahrake Qods,640000000.0,21333.176559630247
49,1,False,False,False,Abuzar,1020000000.0,34000.05063243104
115,2,True,True,True,East Pars,5400000000.0,179999.90999725932
127,2,True,True,True,Narmak,4826000000.0,160866.4573938393
93,2,False,True,True,Gisha,3600000000.0,119999.99571702459
47,1,False,False,False,Islamshahr,295000000.0,9833.48788097023
117,3,True,True,True,Tarasht,4440000000.0,147999.8039095275
182,3,True,True,True,Marzdaran,11600000000.0,386666.6509868026
160,3,True,True,True,Azarbaijan,3000000000.0,100000.11430880212
181,3,True,True,True,Marzdaran,13000000000.0,433333.3900627944
163,3,True,True,True,Marzdaran,11100000000.0,370000.06638642366
83,2,True,True,False,Damavand,1550000000.0,51666.817038749265
142,3,True,True,True,Heravi,6465000000.0,215499.86513148458
92,2,True,True,True,Pardis,565000000.0,18833.264413042732
100,2,True,False,True,Parand,900000000.0,29999.857948463443
60,1,True,True,False,Parand,660000000.0,21999.94937115273
58,1,False,False,True,Parand,320000000.0,10666.612595422403
58,1,False,False,True,Parand,320000000.0,10666.491949626452
85,2,True,True,True,Pardis,650000000.0,21666.56518010565
87,2,True,True,True,Pardis,680000000.0,22666.50464711042
78,2,False,False,True,Parand,370000000.0,12333.374423687386
88,1,False,False,True,Parand,380000000.0,12666.717135743997
210,4,True,True,False,Narmak,23000000000.0,766666.6491497158
72,2,True,True,True,Razi,411000000.0,13700.100980885483
101,2,True,True,True,Feiz Garden,4550000000.0,151666.6671405958
68,2,False,True,True,Parand,310000000.0,10333.167518975275
60,1,False,True,True,Islamshahr,660000000.0,22000.015369926354
65,2,False,True,True,Islamshahr,780000000.0,26000.22711292067
117,2,True,True,True,Shahrake Gharb,10600000000.0,353333.3360593968
96,1,False,False,False,Islamshahr,1700000000.0,56666.64209982432
98,2,True,True,True,Pardis,910000000.0,30333.37224595337
52,1,True,True,False,Andisheh,670000000.0,22333.496811244237
85,2,True,True,True,Punak,3400000000.0,113333.40022896686
62,2,True,True,True,Punak,1750000000.0,58333.154840914875
74,2,False,False,False,Parand,420000000.0,13999.915222321379
74,2,False,False,True,Parand,305000000.0,10166.755750609824
58,1,False,False,False,Parand,255000000.0,8500.046166998804
125,3,True,True,False,Parand,1650000000.0,54999.965476760946
75,2,False,False,True,Parand,345000000.0,11499.829034663766
58,5,False,False,True,Parand,295000000.0,9833.340578576634
74,2,True,True,True,Parand,900000000.0,29999.96253023906
45,1,False,True,True,Pirouzi,1250000000.0,41666.68656682632
58,1,True,True,True,Parand,275000000.0,9166.751619995493
75,2,False,False,False,Parand,245000000.0,8166.500689702197
75,2,True,False,True,Parand,305000000.0,10166.635733509514
88,2,True,True,True,Southern Janatabad,3500000000.0,116666.7356785746
130,2,True,True,False,Jeyhoon,5200000000.0,173333.32832842463
120,2,True,True,True,Majidieh,1620000000.0,53999.95798931427
85,2,True,True,True,Central Janatabad,3300000000.0,109999.98419878211
150,3,True,True,True,Punak,6800000000.0,226666.52712190125
165,3,True,True,True,Gheitarieh,9850000000.0,328333.22210377885
240,4,True,True,False,Andisheh,5700000000.0,189999.79244180626
76,2,True,True,False,West Ferdows Boulevard,1990000000.0,66333.68022572208
120,2,True,True,True,Shahrake Gharb,9800000000.0,326666.9019722991
165,3,False,True,False,Heshmatieh,4125000000.0,137500.01167454876
165,3,False,True,False,Heshmatieh,4125000000.0,137499.89599268208
130,2,True,True,False,Jeyhoon,5200000000.0,173333.2613737615
73,2,True,False,False,Central Janatabad,2750000000.0,91666.62855229779
70,2,True,True,True,East Ferdows Boulevard,2750000000.0,91666.56762991626
120,3,True,True,True,Shahr-e-Ziba,4530000000.0,151000.1782896195
79,2,True,True,True,Persian Gulf Martyrs Lake,2500000000.0,83333.31676405642
90,2,True,True,True,Shahrake Qods,980000000.0,32666.68332909237
128,2,False,True,False,Parand,950000000.0,31666.66024210765
75,2,True,True,True,Southern Janatabad,2300000000.0,76666.73804894033
94,2,True,True,True,Taslihat,2650000000.0,88333.19641024507
106,2,True,True,True,Pakdasht,900000000.0,29999.984914627938
72,2,True,True,True,Punak,2300000000.0,76666.68736075718
208,2,True,True,False,Persian Gulf Martyrs Lake,11500000000.0,383333.3500061458
126,3,True,True,True,Zafar,7676000000.0,255866.81312646746
105,2,True,True,False,Rudhen,1100000000.0,36666.805679808254
216,4,True,True,False,Andisheh,5700000000.0,190000.14381523817
92,2,False,True,True,Kazemabad,3000000000.0,99999.92687951434
80,2,True,True,True,Si Metri Ji,1410000000.0,47000.07212370962
130,1,True,True,False,Damavand,8500000000.0,283333.2795142382
300,4,True,True,True,Tajrish,9000000000.0,300000.06880944903
73,2,True,True,True,Persian Gulf Martyrs Lake,2200000000.0,73333.2534783374
100,2,False,True,True,Shahedshahr,700000000.0,23333.310409881866
80,2,True,True,False,Islamshahr,1100000000.0,36666.62749318892
105,2,True,True,True,Feiz Garden,4550000000.0,151666.733080772
59,1,True,True,True,Narmak,2100000000.0,69999.90986521442
41,1,True,True,False,Si Metri Ji,780000000.0,25999.88532151474
85,2,True,True,True,Zafar,5000000000.0,166666.46550540897
66,1,False,True,False,Shahran,1850000000.0,61666.735170319895
90,2,True,True,True,Ekhtiarieh,6000000000.0,200000.03142296264
78,2,False,False,True,Parand,405000000.0,13499.987912207695
113,2,True,True,False,Islamshahr,1520000000.0,50666.49813345751
88,2,True,True,True,Central Janatabad,4000000000.0,133333.4798465677
96,2,False,False,False,Haft Tir,2850000000.0,94999.70378241377
180,5,True,True,False,Shahrake Gharb,28800000000.0,959999.9669292003
59,2,False,True,False,Karoon,1070000000.0,35666.80600753757
58,2,False,True,True,Qasr-od-Dasht,1270000000.0,42333.328518730574
46,1,False,True,False,Jeyhoon,1013000000.0,33766.64536849656
67,1,True,True,True,Shams Abad,2600000000.0,86666.63176585498
57,2,False,False,False,Salsabil,1090000000.0,36333.321270878485
95,2,True,True,True,Central Janatabad,4000000000.0,133333.2049137461
73,1,True,True,True,Pakdasht,480000000.0,15999.984623512944
87,2,True,True,True,Pardis,658000000.0,21933.180245919997
122,4,True,False,True,Keshavarz Boulevard,2420000000.0,80666.75207889065
50,1,False,False,False,Karoon,1000000000.0,33333.24358541605
62,1,False,False,False,Karoon,1020000000.0,33999.97455841584
86,2,True,True,True,Pasdaran,5400000000.0,179999.93923746105
53,1,False,False,False,Jeyhoon,900000000.0,30000.098616531064
100,2,True,True,True,Persian Gulf Martyrs Lake,435000000.0,14500.093688941779
55,1,True,True,False,Robat Karim,305000000.0,10166.526676157313
58,1,False,False,True,Parand,305000000.0,10166.611718057959
78,2,True,True,False,Islamshahr,1000000000.0,33333.25850309939
145,3,True,True,True,Elahieh,10150000000.0,338333.3540591965
110,2,True,True,True,Yousef Abad,6000000000.0,199999.88380588678
64,1,True,True,True,Robat Karim,350000000.0,11666.552562434646
86,2,False,True,False,East Pars,1204000000.0,40133.19184932779
75,2,False,False,False,Damavand,520000000.0,17333.269238943863
110,2,True,True,True,Feiz Garden,4550000000.0,151666.43533496914
71,2,False,False,False,West Ferdows Boulevard,2000000000.0,66666.80179292288
90,2,True,True,True,Southern Janatabad,3750000000.0,125000.08211806485
63,1,True,False,True,Pirouzi,2153000000.0,71766.95540454962
50,0,True,True,True,Northern Chitgar,345000000.0,11500.100557922618
85,2,True,False,True,Pardis,730000000.0,24333.249403794427
83,2,True,True,True,Pasdaran,4700000000.0,156666.49076797615
175,3,True,True,True,Elahieh,17500000000.0,583333.2678373634
57,1,True,True,True,Pasdaran,3700000000.0,123333.30973189848
66,2,False,False,False,Feiz Garden,1750000000.0,58333.187922222525
74,2,True,True,True,Shahran,2390000000.0,79666.6854573932
45,1,True,False,True,Ray - Pilgosh,990000000.0,32999.96254625154
78,2,True,True,True,Ekhtiarieh,4700000000.0,156666.6863994321
75,2,False,True,True,Parand,280000000.0,9333.394056002231
103,2,True,True,True,Islamshahr,1442000000.0,48066.69312185337
61,1,False,False,False,Feiz Garden,1800000000.0,60000.007514817014
124,3,True,True,True,Shahr-e-Ziba,3900000000.0,130000.01373622393
62,1,False,False,False,Damavand,710000000.0,23666.762953372643
110,2,True,True,True,Gholhak,7000000000.0,233333.2326144942
180,3,True,True,True,Pasdaran,13000000000.0,433333.2615775012
40,1,True,True,False,Andisheh,260000000.0,8666.620590168795
95,2,True,True,True,Republic,1450000000.0,48333.314259638486
104,2,True,True,False,Tehran Now,2200000000.0,73333.14932861627
37,1,True,True,False,Andisheh,345000000.0,11500.094220574889
60,1,True,True,False,Shahryar,600000000.0,19999.917319490567
69,2,True,True,True,Shahran,2600000000.0,86666.73301530267
700,3,True,True,False,Damavand,7000000000.0,233333.35719997837
60,1,True,True,True,Northern Chitgar,875000000.0,29166.780089184336
95,2,True,False,True,Niavaran,9000000000.0,300000.0721196283
51,1,True,True,False,Andisheh,670000000.0,22333.26860956744
106,2,True,True,True,Zargandeh,5600000000.0,186666.79118161352
100,2,True,True,True,Narmak,3200000000.0,106666.61283732635
80,2,True,True,True,Koohsar,2400000000.0,80000.00916567972
78,2,True,True,True,Ghiyamdasht,640000000.0,21333.500460852378
90,2,True,True,True,Damavand,1350000000.0,45000.11629013756
95,2,False,True,True,Saadat Abad,9500000000.0,316666.883499113
86,3,False,True,True,Parand,330000000.0,10999.984822011747
65,1,True,True,True,Golestan,360000000.0,11999.93571840671
102,1,False,True,False,Islamshahr,1650000000.0,54999.99744833183
75,2,True,True,True,Southern Janatabad,2700000000.0,90000.00173850555
150,5,True,True,False,Shahr-e-Ziba,10700000000.0,356666.6327341201
60,1,True,True,True,Parand,390000000.0,13000.065585520677
72,1,True,True,True,Elahieh,8250000000.0,275000.012878052
93,2,False,False,False,Pirouzi,5500000000.0,183333.32649192223
106,2,True,True,True,Gholhak,6400000000.0,213333.2121735645
48,1,False,True,False,Shahedshahr,210000000.0,6999.996841839273
75,2,True,True,False,Southern Janatabad,2100000000.0,70000.04062352977
163,2,True,True,True,Farmanieh,9780000000.0,325999.91806632926
138,3,True,True,True,Kahrizak,1242000000.0,41399.950934185516
119,2,True,True,True,Shahran,4000000000.0,133333.46005828108
65,2,True,True,True,Abazar,2500000000.0,83333.44829499631
57,1,False,False,True,Pakdasht,450000000.0,14999.989337264586
74,2,False,True,True,Telecommunication,780000000.0,25999.97972187179
119,3,True,True,True,Shahran,5500000000.0,183333.38266076642
75,2,False,True,True,Parand,280000000.0,9333.384946811848
68,1,False,False,False,Islamshahr,815000000.0,27166.768244832783
180,4,True,True,True,Northern Chitgar,2720000000.0,90666.80514350874
70,1,True,True,True,Hakimiyeh,2310000000.0,76999.83039146378
58,1,False,False,False,Parand,255000000.0,8499.958349013768
60,1,True,True,True,Qasr-od-Dasht,1985000000.0,66166.73776136253
88,2,False,True,False,Air force,2500000000.0,83333.39289176247
82,2,True,True,True,Shahran,2800000000.0,93333.44768543278
63,1,True,True,True,Ray,1134000000.0,37799.9685476452
120,3,True,True,True,Northern Chitgar,1750000000.0,58333.33147662094
56,1,False,False,False,Republic,1900000000.0,63333.33944974668
75,2,True,False,True,Saadat Abad,3850000000.0,128333.40832403068
60,1,False,True,False,Golestan,420000000.0,14000.106293273764
50,2,True,True,True,Persian Gulf Martyrs Lake,330000000.0,10999.997868340319
253,5,True,True,False,North Program Organization,30360000000.0,1011999.8748885228
111,2,True,True,True,East Ferdows Boulevard,3990000000.0,132999.9060913013
105,3,True,True,True,North Program Organization,5985000000.0,199499.97183042107
92,1,True,True,True,Niavaran,6300000000.0,210000.02344384755
350,4,True,True,True,Gheitarieh,35000000000.0,1166666.502297372
100,2,True,True,True,Mirza Shirazi,4100000000.0,136666.64491793083
150,3,True,True,True,Northern Chitgar,2240000000.0,74666.5353196513
94,2,False,True,False,Northren Jamalzadeh,2400000000.0,80000.06736021274
140,3,True,True,True,Northren Jamalzadeh,6700000000.0,223333.375928729
65,4,True,True,False,Yousef Abad,8500000000.0,283333.3137105804
84,2,True,True,True,Northren Jamalzadeh,2600000000.0,86666.66457615347
114,2,True,True,True,Mehran,6840000000.0,227999.8820315426
114,2,True,True,True,Northren Jamalzadeh,5500000000.0,183333.45073009588
40,1,True,False,True,Northren Jamalzadeh,1500000000.0,50000.0107948444
82,2,False,False,True,Parand,353000000.0,11766.884583099185
87,2,True,True,True,Koohsar,2350000000.0,78333.36341227657
86,2,False,False,True,Parand,470000000.0,15666.768470081615
500,5,True,True,False,Gandhi,70000000000.0,2333333.2662292556
61,1,False,True,False,Shahr-e-Ziba,1490000000.0,49666.70695655607
96,2,True,True,True,Shahr-e-Ziba,5280000000.0,176000.07304269177
90,2,True,True,True,Shahran,3400000000.0,113333.27591652038
135,3,True,True,True,Northren Jamalzadeh,6000000000.0,200000.033157048
58,1,False,False,True,Parand,295000000.0,9833.300119358104
114,2,True,True,True,Gholhak,7550000000.0,251666.60061939794
75,2,False,False,False,Parand,380000000.0,12666.54336805779
90,2,True,True,True,Northren Jamalzadeh,3450000000.0,114999.96187557618
90,2,True,True,True,Shahr-e-Ziba,2900000000.0,96666.68662837542
90,2,True,True,True,Shahr-e-Ziba,2900000000.0,96666.73702774188
100,2,True,True,True,Narmak,3800000000.0,126666.85431267884
82,2,True,True,True,Si Metri Ji,1600000000.0,53333.17100564537
58,2,True,True,False,Andisheh,754000000.0,25133.285870572097
70,2,True,True,True,Karimkhan,3200000000.0,106666.6747378507
110,0,True,True,True,Parand,102000000.0,3399.91399162624
303,5,True,True,False,Argentina,33330000000.0,1110999.9580711632
83,2,False,False,True,Parand,500000000.0,16666.705047103515
75,2,True,True,True,Parand,250000000.0,8333.375945196285
114,2,True,True,True,Mehran,6840000000.0,227999.82146171413
60,2,True,True,False,Central Janatabad,2100000000.0,69999.85216184368
54,1,False,False,False,Parand,260000000.0,8666.73321359195
85,2,True,True,True,,675000000.0,22500.12163085115
75,2,True,True,True,Parand,390000000.0,12999.905673734309
78,2,True,False,True,Parand,400000000.0,13333.213426226828
78,2,False,False,True,Parand,395000000.0,13166.753135960207
95,2,True,True,True,Marzdaran,4085000000.0,136166.6008501178
100,2,True,True,True,Ostad Moein,3150000000.0,105000.07807777407
75,2,False,True,True,Parand,397000000.0,13233.314777495681
114,2,True,True,True,Seyed Khandan,6840000000.0,227999.87884741952
50,1,False,False,False,Malard,250000000.0,8333.278735135207
75,2,True,False,True,Feiz Garden,2700000000.0,89999.93209373181
105,2,True,True,True,Afsarieh,2400000000.0,80000.17449340347
141,3,True,True,True,Shahrake Quds,2115000000.0,70500.04648873313
74,2,False,True,False,Pirouzi,1600000000.0,53333.27253815422
38,1,True,True,False,Fallah,650000000.0,21666.733731761884
80,1,True,True,True,Gheitarieh,850000000.0,28333.36269412234
102,2,True,True,True,Safadasht,938400000.0,31279.979105658193
110,2,True,True,True,Niavaran,10640000000.0,354666.5121234038
98,2,False,False,False,Shahrake Qods,830000000.0,27666.720791508043
57,1,True,True,True,Ostad Moein,1600000000.0,53333.372660877074
45,1,False,True,True,Si Metri Ji,890000000.0,29666.68631358413
105,2,True,True,True,Jeyhoon,2500000000.0,83333.40675032734
135,2,True,True,False,Rudhen,3500000000.0,116666.72703689041
65,1,False,False,True,Saadat Abad,3490000000.0,116333.34799494999
88,2,False,True,True,Shahrake Quds,750000000.0,24999.97446868693
110,2,True,True,True,West Ferdows Boulevard,5050000000.0,168333.44541166635
63,2,True,True,True,Northren Jamalzadeh,2600000000.0,86666.62730094187
94,2,False,True,False,Northren Jamalzadeh,2400000000.0,80000.06591385396
45,1,False,True,False,Karoon,890000000.0,29666.70202473264
40,1,False,True,False,Azarbaijan,1000000000.0,33333.200145984294
100,2,False,False,False,Northren Jamalzadeh,3600000000.0,120000.24068088761
89,2,True,True,False,Amirabad,3500000000.0,116666.46394179006
65,2,True,True,False,Afsarieh,1330000000.0,44333.40536500191
125,2,True,True,True,Central Janatabad,6250000000.0,208333.41006760887
125,2,True,True,True,Central Janatabad,6250000000.0,208333.50039789174
136,3,True,True,True,Pasdaran,7300000000.0,243333.30763885807
150,3,True,True,True,Heravi,7600000000.0,253333.4339136675
55,1,False,True,False,West Ferdows Boulevard,1580000000.0,52666.69423729124
130,3,True,True,True,Seyed Khandan,8450000000.0,281666.53800750076
73,2,False,True,False,West Ferdows Boulevard,1840000000.0,61333.48607757659
85,2,True,True,True,Northren Jamalzadeh,3600000000.0,120000.00485933878
63,1,True,True,True,Ostad Moein,1380000000.0,45999.90713462878
100,2,True,True,True,Tajrish,5700000000.0,189999.93514133885
83,2,True,True,True,Ozgol,55000000.0,1833.3319598399082
110,3,True,True,True,Persian Gulf Martyrs Lake,3150000000.0,104999.91113222165
71,2,True,True,True,North Program Organization,2160000000.0,71999.81338771364
37,1,False,True,False,Hashemi,570000000.0,19000.005454550017
68,1,True,True,True,Persian Gulf Martyrs Lake,2100000000.0,69999.80664554631
78,1,True,True,True,Persian Gulf Martyrs Lake,2450000000.0,81666.44150082511
105,2,True,True,True,Persian Gulf Martyrs Lake,3250000000.0,108333.28529145893
60,1,True,True,False,Punak,2000000000.0,66666.67692095574
113,2,True,True,True,Karimkhan,3170000000.0,105666.71629501919
300,5,True,True,False,Lavasan,25000000000.0,833333.347898024
50,2,False,True,False,Jeyhoon,730000000.0,24333.409786764136
60,1,False,True,False,Beryanak,830000000.0,27666.78081086408
37,1,False,False,False,Ostad Moein,620000000.0,20666.585676777857
33,1,False,True,False,Beryanak,560000000.0,18666.83279670787
73,2,False,True,True,Jeyhoon,1580000000.0,52666.6153445938
59,1,False,True,False,Beryanak,880000000.0,29333.29562840243
95,2,True,True,True,Qarchak,1450000000.0,48333.2880553965
75,2,False,False,False,Parand,300000000.0,9999.82861840193
65,2,False,True,True,Ostad Moein,1550000000.0,51666.70367126041
52,1,False,True,False,Pirouzi,1250000000.0,41666.758485040795
105,2,True,True,False,Andisheh,1100000000.0,36666.64102929591
50,1,False,True,False,Ostad Moein,850000000.0,28333.353861575397
74,2,True,True,True,Pirouzi,2200000000.0,73333.32944298843
132,3,True,False,True,Southern Suhrawardi,6700000000.0,223333.37325726103
104,2,True,True,True,Mehran,4200000000.0,140000.0273296089
50,1,False,False,False,Jeyhoon,715000000.0,23833.398157737283
55,1,True,True,True,Komeil,1100000000.0,36666.866757181946
46,1,False,False,False,Komeil,700000000.0,23333.1751877723
55,2,False,True,True,Beryanak,1020000000.0,33999.99681868703
108,2,True,True,False,Parand,1150000000.0,38333.40177002309
68,2,True,True,True,Ostad Moein,1970000000.0,65666.5595722939
130,2,True,True,True,Khademabad Garden,1755000000.0,58500.105806500345
" 2,550,000,000 ",2,True,True,True,Central Janatabad,2550000000.0,84999.7956994254
40,1,False,True,False,Tenant,1050000000.0,34999.962057952114
63,1,False,False,True,Tenant,1350000000.0,44999.8104907957
140,3,True,True,True,Mirdamad,8000000000.0,266666.7058434934
42,1,True,True,True,Jeyhoon,900000000.0,29999.922961709475
90,2,True,True,True,Tenant,3150000000.0,105000.07454198593
39,1,True,True,False,Andisheh,550000000.0,18333.416680215316
55,2,True,True,True,Andisheh,450000000.0,15000.059269993022
200,3,True,True,True,Shahrake Gharb,14000000000.0,466666.6303562195
98,2,True,True,True,Si Metri Ji,1950000000.0,65000.24556197961
71,2,True,True,False,Salsabil,1185000000.0,39499.90464258625
50,1,False,False,True,Tenant,1250000000.0,41666.73576429542
53,1,False,True,False,Tenant,1113000000.0,37099.767086586035
60,1,True,True,True,Punak,2750000000.0,91666.71869265524
160,3,True,True,True,Pakdasht,980000000.0,32666.601508224398
63,2,True,False,True,Tenant,1890000000.0,62999.95514394529
96,2,True,True,True,Tenant,2400000000.0,79999.91493070884
90,2,True,True,True,Tenant,2300000000.0,76666.49786900809
120,3,True,True,True,Tenant,3240000000.0,107999.97590002217
100,2,True,True,True,Tenant,2600000000.0,86666.74595773748
80,2,True,True,True,Ostad Moein,2440000000.0,81333.35944637701
43,1,True,True,True,Tenant,1200000000.0,39999.93886659691
79,2,True,True,True,Tenant,2930000000.0,97666.61765202186
50,1,False,False,True,Tenant,1200000000.0,39999.944309617655
60,1,False,True,False,Tenant,1120000000.0,37333.405406919985
55,1,False,False,False,Tenant,1420000000.0,47333.34214213262
150,3,True,True,True,Dezashib,12000000000.0,400000.02901204705
55,1,True,True,True,Andisheh,450000000.0,15000.01491914467
55,1,False,True,False,Tenant,1155000000.0,38499.99557303642
100,2,True,True,True,Tajrish,5700000000.0,189999.88289943367
60,1,True,True,False,Tenant,1400000000.0,46666.64471385125
96,2,True,True,True,Gisha,5500000000.0,183333.3612091344
112,2,True,True,True,Persian Gulf Martyrs Lake,3300000000.0,110000.00883811044
65,2,True,True,False,Andisheh,600000000.0,19999.92307356866
100,2,True,True,True,Persian Gulf Martyrs Lake,1060000000.0,35333.39467310672
105,2,True,True,True,Yousef Abad,5600000000.0,186666.56287831254
125,3,True,False,False,Mirdamad,6500000000.0,216666.68632614258
48,1,True,True,False,Jeyhoon,995000000.0,33166.75213798683
67,2,True,True,True,Hakimiyeh,2170000000.0,72333.28321464572
83,2,True,True,True,Farmanieh,6200000000.0,206666.71122543496
150,3,True,True,True,Pardis,3900000000.0,129999.94864007471
100,2,True,True,True,Ostad Moein,3150000000.0,104999.85213764034
111,3,True,True,True,Persian Gulf Martyrs Lake,3150000000.0,105000.0488338474
53,2,False,False,False,Tenant,1100000000.0,36666.507426904784
75,2,False,False,True,Parand,350000000.0,11666.679041060293
92,2,True,True,True,Sabalan,2300000000.0,76666.6734135894
53,1,True,True,True,Jeyhoon,1500000000.0,50000.0937346486
47,1,False,True,False,Karoon,800000000.0,26666.701024121918
330,3,True,True,True,Farmanieh,46200000000.0,1540000.036136796
44,1,True,True,False,Jeyhoon,1040000000.0,34666.697652995485
80,2,True,True,True,Gheitarieh,6000000000.0,200000.06219638546
81,2,True,True,False,Valiasr,1800000000.0,59999.95332051753
117,3,True,True,True,Ostad Moein,3680000000.0,122666.74129416404
37,1,False,True,False,Azarbaijan,950000000.0,31666.75100919934
82,2,True,True,True,Parand,360000000.0,12000.088052169049
98,2,True,True,True,Si Metri Ji,1950000000.0,64999.89843755836
150,3,False,True,False,Zafar,6000000000.0,200000.04070022336
51,1,True,True,False,Hor Square,858500000.0,28616.78334806434
95,2,True,True,True,Shahran,3250000000.0,108333.22502077806
63,1,True,True,True,Ostad Moein,1280000000.0,42666.61546446936
80,2,False,False,True,Parand,390000000.0,13000.043755067885
133,3,True,True,True,Ekhtiarieh,8400000000.0,279999.8151756088
48,1,False,False,True,Fallah,710000000.0,23666.62645350128
185,3,True,True,True,East Ferdows Boulevard,9500000000.0,316666.6596575051
62,1,True,True,True,Fallah,806000000.0,26866.73371586335
75,2,True,False,True,Fallah,1200000000.0,39999.944410880475
48,1,False,False,True,Fallah,740000000.0,24666.618549948365
57,1,True,True,True,Ostad Moein,1600000000.0,53333.38512434398
55,3,True,True,True,Hashemi,1650000000.0,54999.99946980155
48,1,True,True,True,Ostad Moein,1350000000.0,44999.8454813048
49,1,True,True,True,Si Metri Ji,900000000.0,29999.975520373326
60,2,False,True,True,East Pars,1380000000.0,45999.849617852604
130,3,True,True,True,Persian Gulf Martyrs Lake,4150000000.0,138333.5362627033
70,2,True,False,True,Ray,1820000000.0,60666.649568714936
113,2,True,True,True,Persian Gulf Martyrs Lake,3170000000.0,105666.73014728607
80,2,True,True,True,Abazar,3000000000.0,99999.88191726503
93,2,True,True,False,Shahrake Quds,650000000.0,21666.653673180903
60,1,True,True,True,Railway,870000000.0,28999.94244318273
56,2,True,True,True,East Pars,1550000000.0,51666.69774269775
65,2,True,True,True,Central Janatabad,2620000000.0,87333.40318035864
68,2,False,True,True,Ostad Moein,1320000000.0,44000.04564523575
104,2,True,True,True,Si Metri Ji,1830000000.0,61000.01121306021
84,2,True,True,True,Central Janatabad,3850000000.0,128333.27855077309
72,2,True,True,False,West Ferdows Boulevard,2000000000.0,66666.61200808836
80,2,True,True,True,Shahrake Qods,880000000.0,29333.27845644669
68,2,True,True,True,Ostad Moein,1970000000.0,65666.77682976186
44,1,True,True,False,Jeyhoon,1050000000.0,34999.99865795273
105,2,True,True,True,Persian Gulf Martyrs Lake,2700000000.0,90000.0060111737
124,3,True,True,True,Shahr-e-Ziba,3980000000.0,132666.61501403083
220,3,True,True,True,Niavaran,20900000000.0,696666.675670375
83,2,True,True,True,West Ferdows Boulevard,2640000000.0,88000.10712775718
68,2,True,True,True,Ostad Moein,1970000000.0,65666.56560127878
115,2,True,True,True,West Ferdows Boulevard,4900000000.0,163333.43175483134
80,2,True,True,True,Ostad Moein,2250000000.0,74999.9788200968
66,1,False,True,False,Andisheh,750000000.0,25000.279430113995
68,2,True,True,True,West Ferdows Boulevard,2930000000.0,97666.7046625075
60,2,True,True,True,West Ferdows Boulevard,2550000000.0,84999.74210533912
62,2,True,True,False,Punak,2250000000.0,74999.92965152828
57,1,True,True,True,Ostad Moein,1600000000.0,53333.14633406698
87,2,True,False,True,Parastar,2500000000.0,83333.30966444487
59,1,True,True,False,West Ferdows Boulevard,1950000000.0,65000.083437765694
55,1,True,True,True,East Pars,1450000000.0,48333.283804722705
101,2,True,True,True,Persian Gulf Martyrs Lake,5252000000.0,175066.64078925762
62,2,True,True,False,Shahran,2100000000.0,69999.92166250631
113,2,True,True,True,Pasdaran,8475000000.0,282499.9163811082
78,2,True,True,True,Keshavarz Boulevard,3500000000.0,116666.4389400276
66,1,True,True,False,Shahrake Quds,520000000.0,17333.54557520438
38,1,False,True,False,Andisheh,320000000.0,10666.473663586401
90,2,True,True,False,Yousef Abad,6300000000.0,210000.02043242304
45,1,False,False,False,Karoon,680000000.0,22666.7077523022
72,2,True,True,True,Saadat Abad,4000000000.0,133333.20130125372
105,2,True,True,True,North Program Organization,4900000000.0,163333.3897783375
155,3,True,True,True,North Program Organization,5100000000.0,170000.00600368643
112,3,True,True,True,Abazar,4300000000.0,143333.21636487605
65,1,True,True,True,Hassan Abad,510000000.0,17000.047807516672
40,1,True,True,True,East Pars,1145000000.0,38166.752035001184
140,3,True,True,True,Persian Gulf Martyrs Lake,3800000000.0,126666.61671140234
155,3,True,True,True,North Program Organization,5300000000.0,176666.85807107398
50,1,True,True,True,West Ferdows Boulevard,2200000000.0,73333.34800391764
45,1,False,True,False,Islamshahr,218000000.0,7266.680417104553
68,1,True,True,True,Shahrake Gharb,5000000000.0,166666.71270826916
85,2,False,True,False,Islamshahr,430000000.0,14333.29044298862
170,3,True,True,True,North Program Organization,8000000000.0,266666.4266373735
50,1,False,True,False,Islamshahr,240000000.0,8000.16431872463
55,1,False,True,False,Islamshahr,330000000.0,10999.937563774007
75,2,True,True,True,Saadat Abad,315000000.0,10500.003687067196
96,3,True,False,True,Shahryar,1145000000.0,38166.58735124216
58,1,False,False,False,Parand,235000000.0,7833.287125721417
43,1,False,True,False,Nawab,700000000.0,23333.325519019574
58,1,False,False,False,Parand,255000000.0,8499.979868879682
103,2,True,True,True,Feiz Garden,4000000000.0,133333.22098359812
70,1,True,True,True,Pasdaran,5100000000.0,169999.87556605012
150,3,True,True,True,Pasdaran,9750000000.0,325000.05629280984
65,1,False,True,False,Pakdasht,320000000.0,10666.679218454217
140,2,False,True,True,Marzdaran,5400000000.0,179999.9479457116
79,2,False,True,True,Si Metri Ji,1400000000.0,46666.609438602274
97,2,False,False,True,Jeyhoon,2300000000.0,76666.7539250967
90,2,True,True,True,Marzdaran,6230000000.0,207666.5602251584
175,3,True,True,True,Waterfall,8600000000.0,286666.6633270062
90,2,True,True,True,Marzdaran,6500000000.0,216666.59178529723
58,1,True,True,False,Chidz,3000000000.0,100000.04144145301
100,2,True,True,True,Mahallati,5300000000.0,176666.64287721782
135,2,False,False,False,Seyed Khandan,3800000000.0,126666.63245549204
185,3,True,True,True,Ekhtiarieh,16200000000.0,540000.1468697231
50,1,False,True,False,Northern Janatabad,1745000000.0,58166.568242446185
85,2,True,True,True,Salsabil,2000000000.0,66666.57222112201
110,3,True,True,True,Abazar,4250000000.0,141666.81661485278
67,2,True,True,True,Central Janatabad,3150000000.0,104999.77883757446
190,3,True,True,True,East Ferdows Boulevard,9500000000.0,316666.65170320345
95,2,True,True,True,Yousef Abad,6300000000.0,209999.88693806046
55,1,True,True,False,Salsabil,1050000000.0,35000.095348141724
75,2,False,False,True,Parand,550000000.0,18333.407231749996
87,2,True,True,True,Jeyhoon,1860000000.0,61999.94698186491
42,1,True,True,True,Jeyhoon,930000000.0,30999.875149072555
80,1,True,True,True,Jordan,4500000000.0,149999.97809822124
102,2,True,True,True,Saadat Abad,5000000000.0,166666.68910415474
140,3,True,True,True,East Ferdows Boulevard,7300000000.0,243333.21939522016
120,2,True,True,True,Saadat Abad,6000000000.0,199999.94567890337
212,4,True,True,False,Farmanieh,36000000000.0,1200000.0260327235
62,2,True,True,False,Punak,2100000000.0,70000.08628597332
41,1,False,False,True,Si Metri Ji,790000000.0,26333.39139132433
75,2,False,True,True,Jeyhoon,1700000000.0,56666.62411886626
57,1,True,True,True,Si Metri Ji,990000000.0,33000.0698015647
50,1,True,True,True,Hashemi,1500000000.0,49999.87430216101
54,1,True,True,True,Punak,2820000000.0,94000.09902495693
133,3,True,True,True,Persian Gulf Martyrs Lake,7500000000.0,249999.94222643675
97,2,True,True,True,Shahrake Gharb,5600000000.0,186666.6339247587
165,3,True,True,True,Niavaran,17655000000.0,588499.9815299931
59,1,True,True,True,Qasr-od-Dasht,1150000000.0,38333.50899720132
60,2,True,True,False,Karoon,1450000000.0,48333.55952553172
135,2,True,True,True,Mirdamad,9970000000.0,332333.35314780986
60,1,False,True,False,Azarbaijan,740000000.0,24666.702250312315
52,1,True,True,True,Niavaran,4600000000.0,153333.6108356514
65,1,True,True,True,Hashemi,1530000000.0,51000.09309622458
95,2,True,True,True,Shahran,3150000000.0,104999.95456338431
60,1,True,True,False,Northern Janatabad,2280000000.0,76000.05891650567
92,2,True,True,True,Parand,590000000.0,19666.768347907364
83,2,True,True,True,Mirdamad,4900000000.0,163333.37691253924
72,2,True,True,False,Southern Janatabad,2090000000.0,69666.50720802126
122,3,True,True,True,Yousef Abad,6000000000.0,199999.8535366428
118,2,True,True,True,Shahrake Gharb,10300000000.0,343333.20871481753
120,2,True,True,True,Tehransar,3480000000.0,116000.06112757762
115,3,True,True,False,Gheitarieh,6400000000.0,213333.27529567972
102,2,True,True,True,Shahryar,1225000000.0,40833.35894025057
65,2,True,True,True,Shahran,2400000000.0,79999.87244166064
70,2,True,True,False,Punak,2170000000.0,72333.27465756377
66,2,True,True,True,Central Janatabad,2620000000.0,87333.5823413259
60,1,True,True,False,Punak,2700000000.0,90000.10242636994
46,1,True,True,False,Shahran,1650000000.0,55000.19098470642
180,3,True,True,True,Niavaran,16000000000.0,533333.2181212103
60,1,False,True,False,Keshavarz Boulevard,1900000000.0,63333.33167896675
145,3,True,True,True,Shahrake Qods,1740000000.0,57999.95921597108
63,1,True,True,True,Sadeghieh,1620000000.0,54000.07900507339
58,1,True,True,True,Jeyhoon,1300000000.0,43333.28761036185
83,2,True,True,True,Shahran,3200000000.0,106666.75206547994
136,3,True,True,True,Sadeghieh,5150000000.0,171666.81822599025
68,2,False,True,False,Pakdasht,510000000.0,17000.01264700698
55,1,False,True,True,Tenant,1400000000.0,46666.80232968979
600,2,False,False,False,Damavand,4000000000.0,133333.15625087387
89,2,True,True,True,Shahr-e-Ziba,3150000000.0,104999.93931828497
101,2,True,True,True,Mirdamad,7300000000.0,243333.44027601107
85,2,True,True,True,Shahr-e-Ziba,2975000000.0,99166.63986722787
87,3,False,False,True,Parand,488000000.0,16266.569369549175
73,1,True,True,True,West Pars,2200000000.0,73333.27564899341
145,3,True,True,True,Shahrake Qods,1740000000.0,58000.0337597193
98,2,True,True,True,Pardis,550000000.0,18333.36996643819
90,2,True,True,True,Central Janatabad,3600000000.0,119999.9495414195
135,3,True,True,True,Gheitarieh,5700000000.0,190000.14462441602
105,2,True,True,True,Mirdamad,7770000000.0,259000.04506581055
90,2,True,True,False,Shahrake Azadi,1000000000.0,33333.4432601406
71,2,True,True,False,West Ferdows Boulevard,2800000000.0,93333.24636903769
75,2,True,True,True,Central Janatabad,3300000000.0,110000.098140633
75,2,True,True,True,Parand,385000000.0,12833.25181613374
79,2,True,True,True,Pardis,550000000.0,18333.47692596098
345,4,True,True,True,Jordan,17000000000.0,566666.8600646444
90,2,True,True,True,Shahr-e-Ziba,3250000000.0,108333.22051526335
48,1,True,False,False,Fallah,800000000.0,26666.68762372751
110,2,True,True,True,Niavaran,12100000000.0,403333.3425804932
82,2,True,True,True,Jeyhoon,1890000000.0,63000.01382153305
44,1,False,False,False,Northern Janatabad,1650000000.0,54999.99619866633
58,1,True,True,True,Southern Program Organization,2500000000.0,83333.3025556164
117,2,True,True,True,Shahrake Gharb,7200000000.0,239999.9002901277
96,2,True,True,True,Shahr-e-Ziba,3000000000.0,99999.95049866952
89,2,True,True,True,,3100000000.0,103333.39674016747
108,2,True,True,True,Shahr-e-Ziba,5100000000.0,170000.1052690418
134,2,True,True,True,Mehran,940000000.0,31333.176965635266
70,2,True,True,True,East Ferdows Boulevard,2160000000.0,71999.99137667113
64,2,True,True,True,Punak,2240000000.0,74666.79284576251
56,3,False,True,False,Atabak,900000000.0,29999.93789976146
57,1,False,True,False,Amir Bahador,9800000000.0,326666.6398242475
68,2,True,True,True,Southern Janatabad,2200000000.0,73333.23555436402
55,1,True,True,True,West Ferdows Boulevard,2250000000.0,74999.94438458061
43,1,False,True,True,Jeyhoon,900000000.0,29999.90025339556
105,2,True,True,True,Shahran,3800000000.0,126666.66801329014
41,2,False,False,False,Salsabil,790000000.0,26333.291428171033
78,2,True,True,True,Si Metri Ji,1350000000.0,45000.061434580915
110,2,True,True,True,Zafar,5700000000.0,190000.14327451153
92,2,True,True,True,Punak,4100000000.0,136666.62277361358
96,2,True,True,True,Gheitarieh,6175000000.0,205833.3666428254
108,2,True,True,True,Persian Gulf Martyrs Lake,3500000000.0,116666.59034515246
76,2,False,True,True,Si Metri Ji,1350000000.0,44999.909695231574
80,2,True,True,True,Heravi,4300000000.0,143333.1176223775
105,2,False,False,False,West Ferdows Boulevard,3150000000.0,104999.90291950147
75,1,False,True,False,Golestan,750000000.0,25000.11516610395
56,2,True,True,False,Andisheh,515000000.0,17166.73753779247
50,1,False,False,False,Azarbaijan,1200000000.0,39999.89885246753
40,1,True,True,False,Jeyhoon,830000000.0,27666.675642508413
46,1,False,True,True,Jeyhoon,940000000.0,31333.51531790295
93,2,True,True,True,Jeyhoon,2600000000.0,86666.91950248668
530,4,True,True,True,Dorous,79500000000.0,2649999.968194057
98,2,True,True,True,Si Metri Ji,1950000000.0,65000.00407914877
62,1,True,True,False,Narmak,2100000000.0,69999.91814013076
100,2,True,True,False,Shahr-e-Ziba,3800000000.0,126666.84689493648
150,3,True,True,True,Persian Gulf Martyrs Lake,765000000.0,25499.986170220844
270,4,True,True,False,Jordan,13000000000.0,433333.3378061786
50,1,False,True,False,Khavaran,710000000.0,23666.67214668644
130,2,True,True,True,Pasdaran,9500000000.0,316666.6810238159
69,2,False,True,False,Salsabil,1400000000.0,46666.65117742749
66,1,False,True,False,Qarchak,600000000.0,20000.05600627714
90,2,True,True,True,Northern Chitgar,690000000.0,22999.91004783573
75,2,True,True,True,Heravi,4590000000.0,153000.01210636937
58,1,True,True,True,East Ferdows Boulevard,2200000000.0,73333.45464665628
300,3,True,True,False,Argentina,17000000000.0,566666.7527596093
97,2,True,False,True,Si Metri Ji,1900000000.0,63333.09760635906
98,2,False,True,False,Parand,750000000.0,24999.881346413564
73,2,True,True,False,Parand,375000000.0,12499.757452547545
35,1,True,True,False,Qasr-od-Dasht,990000000.0,32999.92725925738
85,2,True,True,False,Ostad Moein,2000000000.0,66666.70738029541
105,2,True,True,True,West Ferdows Boulevard,3500000000.0,116666.60128374204
55,1,True,True,False,Southern Program Organization,2050000000.0,68333.19550431179
40,1,False,True,True,Komeil,810000000.0,27000.04249270937
90,2,True,True,True,Southern Janatabad,3750000000.0,124999.94339265804
68,2,False,True,False,Ostad Moein,1500000000.0,49999.86708772005
44,1,True,True,True,Khavaran,649000000.0,21633.39506062076
130,2,True,True,True,Velenjak,18200000000.0,606666.6996183019
68,2,False,False,True,Ostad Moein,1320000000.0,44000.17493052662
90,2,True,True,True,North Program Organization,4750000000.0,158333.2882498786
73,1,True,True,False,Shahrake Gharb,7500000000.0,249999.88449194096
64,2,False,True,False,Shahran,1900000000.0,63333.286209734346
82,2,True,True,True,Boloorsazi,1600000000.0,53333.30254190475
51,1,False,True,False,Salsabil,850000000.0,28333.2470246635
43,1,False,True,True,Beryanak,725000000.0,24166.580628089923
65,1,True,True,True,Punak,2340000000.0,78000.01349342415
68,1,False,False,False,Heravi,4115000000.0,137166.76440206388
65,2,True,False,True,Air force,1750000000.0,58333.34035893469
59,1,True,True,True,West Ferdows Boulevard,2000000000.0,66666.80767274105
155,3,True,True,True,Gheitarieh,13000000000.0,433333.3046593183
58,1,True,True,True,Punak,2350000000.0,78333.33780480229
72,2,False,False,False,Parand,380000000.0,12666.681909764218
56,1,False,True,False,Khavaran,668000000.0,22266.67043885562
90,2,True,True,True,Central Janatabad,3550000000.0,118333.33657506808
93,2,True,True,True,Shahran,2880000000.0,95999.90939946727
84,2,True,True,True,Shahran,2400000000.0,79999.99418639265
107,2,True,True,True,Parand,550000000.0,18333.14863059033
150,3,True,True,True,Tajrish,12750000000.0,425000.15844599466
120,2,False,False,False,Mehrabad River River,2600000000.0,86666.79115430046
165,3,True,True,True,Gheitarieh,12300000000.0,409999.8290867246
87,2,True,False,True,Parand,550000000.0,18333.227050378435
76,2,True,True,False,Shahran,1990000000.0,66333.0922772406
83,2,True,True,True,Shahran,2980000000.0,99333.35332741537
115,2,True,True,True,Central Janatabad,3900000000.0,129999.95814166329
115,2,True,True,True,Jordan,6200000000.0,206666.60869471566
85,2,True,False,True,Abuzar,2715000000.0,90499.95041492819
50,2,False,True,False,Komeil,730000000.0,24333.408375328414
123,2,True,True,True,Yousef Abad,7630000000.0,254333.47807130805
630,0,False,False,False,Tajrish,75600000000.0,2519999.8201988977
115,2,True,False,True,Shahrake Qods,950000000.0,31666.58530676076
47,1,False,True,False,Qasr-od-Dasht,800000000.0,26666.677442841014
40,1,False,True,False,Salsabil,750000000.0,24999.964998861753
250,3,True,True,True,Velenjak,40000000000.0,1333333.4481453593
85,2,False,True,True,Shahrake Qods,850000000.0,28333.36811248825
80,2,True,True,True,Jeyhoon,2220000000.0,73999.92026313342
125,2,True,True,True,Gheitarieh,12500000000.0,416666.73899993213
750,5,True,True,False,Varamin - Beheshti,3500000000.0,116666.59497526498
85,2,False,False,True,Jeyhoon,1885000000.0,62833.31048145323
170,3,True,True,True,Mirdamad,11800000000.0,393333.1524132829
71,2,False,True,True,Shahrake Qods,525000000.0,17499.86092374993
105,2,True,True,True,Shahrake Qods,920000000.0,30666.47095920449
80,1,False,True,True,Shahrake Qods,580000000.0,19333.366688074333
95,2,True,True,True,Shahrake Qods,930000000.0,31000.069513936833
78,2,True,True,False,Water Organization,2500000000.0,83333.28626360331
110,2,True,True,True,Shahran,4070000000.0,135666.7287315748
71,2,True,True,True,East Ferdows Boulevard,2950000000.0,98333.45613885198
65,1,True,True,True,Saadat Abad,3490000000.0,116333.35952737831
88,2,True,True,True,Saadat Abad,5200000000.0,173333.2783276072
135,3,True,True,True,Saadat Abad,7500000000.0,249999.92680624343
50,1,True,True,False,Si Metri Ji,810000000.0,26999.97980443043
42,1,False,True,False,Shoosh,920000000.0,30666.80227104408
171,2,False,True,False,Elahieh,11500000000.0,383333.38885663054
120,3,True,True,True,Persian Gulf Martyrs Lake,1750000000.0,58333.542792884924
60,1,False,False,False,Shahr-e-Ziba,18000000000.0,599999.9892808116
45,1,False,True,False,Jeyhoon,800000000.0,26666.662382110484
55,1,False,True,False,Salsabil,1100000000.0,36666.71543179767
72,2,False,True,False,Salsabil,1350000000.0,44999.875023915665
72,2,True,True,True,Ostad Moein,1860000000.0,62000.02280076897
100,2,True,True,True,Southern Janatabad,5600000000.0,186666.63289584348
63,1,True,True,True,Ostad Moein,1380000000.0,45999.9975153812
61,1,False,False,True,Ostad Moein,1180000000.0,39333.37359177693
253,4,True,True,True,Jordan,11385000000.0,379500.06475976127
90,2,True,True,True,Northern Chitgar,690000000.0,23000.030930574725
72,2,True,True,True,Jeyhoon,1850000000.0,61666.729841867964
98,2,True,True,True,Shahran,4080000000.0,136000.0920363495
145,3,True,True,True,Vanak,7900000000.0,263333.4320929318
93,2,True,True,True,Saadat Abad,4950000000.0,165000.0746467321
125,3,True,True,True,Salsabil,3500000000.0,116666.71104898611
60,2,True,True,False,Azarbaijan,1620000000.0,53999.92266504911
120,2,True,True,True,Yousef Abad,7200000000.0,239999.94120862088
118,2,True,True,True,Northern Chitgar,320000000.0,10666.644209556325
89,2,True,True,True,Punak,3000000000.0,99999.91669444466
62,1,True,True,True,Komeil,1670000000.0,55666.68963231463
80,2,True,True,True,North Program Organization,2950000000.0,98333.14492054093
77,2,False,True,True,Azarbaijan,1800000000.0,60000.01074211995
72,2,False,False,False,Andisheh,950000000.0,31666.78107532081
80,2,True,True,True,East Ferdows Boulevard,2980000000.0,99333.41422294133
62,1,True,True,True,Northern Chitgar,875000000.0,29166.866094197132
115,2,True,True,True,Saadat Abad,6000000000.0,200000.24166857582
94,2,False,True,False,Fatemi,3100000000.0,103333.28188825471
91,2,True,True,True,Parand,465000000.0,15499.953948416562
74,2,True,True,True,Amirieh,1700000000.0,56666.77951736677
92,2,True,True,True,Shahran,3200000000.0,106666.5384843075
71,1,True,True,True,Shahran,2300000000.0,76666.62191933727
92,2,True,True,True,Shahr-e-Ziba,3300000000.0,109999.99389591785
42,1,True,False,True,Shahran,1760000000.0,58666.44669052232
63,2,False,True,True,Taslihat,1800000000.0,60000.03797481663
90,2,True,True,True,Sadeghieh,3300000000.0,110000.07629252765
140,3,True,True,True,Kook,1792000000.0,59733.345557767134
63,1,True,False,True,Thirteen November,800000000.0,26666.56109373495
81,2,True,True,True,West Ferdows Boulevard,3400000000.0,113333.31051847173
55,1,True,True,True,West Ferdows Boulevard,2150000000.0,71666.67104523924
98,2,True,True,True,Zargandeh,5800000000.0,193333.39197018562
84,2,True,True,True,Shahran,2410000000.0,80333.56481097927
92,2,True,True,True,Shahran,2900000000.0,96666.58103375527
86,2,True,True,True,Shahedshahr,421000000.0,14033.164767660666
56,1,True,True,True,Shahran,1890000000.0,63000.08838019968
74,2,True,True,True,,1699010000.0,56633.72970289841
90,2,True,True,True,Northern Chitgar,1315000000.0,43833.31951302366
48,1,False,False,False,Hashemi,950000000.0,31666.64833436877
80,2,True,True,True,Punak,2800000000.0,93333.39935846784
120,2,True,True,True,Railway,1536000000.0,51200.06084564177
39,1,True,False,True,Ostad Moein,1170000000.0,38999.886040655365
80,2,True,True,True,Jeyhoon,2100000000.0,69999.98026641736
190,3,True,True,True,Niavaran,15200000000.0,506666.74015259126
210,3,True,True,True,Kamranieh,34560000000.0,1151999.9494812272
90,2,True,True,True,Central Janatabad,3590000000.0,119666.68181813188
75,2,False,False,True,Parand,398000000.0,13266.814682379285
67,1,True,True,False,Punak,2150000000.0,71666.58907855034
72,2,True,True,True,Darakeh,2900000000.0,96666.6081835002
93,2,True,True,True,Persian Gulf Martyrs Lake,2300000000.0,76666.56478389459
119,2,True,True,True,West Ferdows Boulevard,4950000000.0,165000.0741090916
62,2,True,True,True,Punak,2200000000.0,73333.41853718678
65,1,True,True,True,Shahran,1880000000.0,62666.70128667731
320,5,False,False,False,Sattarkhan,28000000000.0,933333.2859272234
145,5,False,False,False,Jeyhoon,5000000000.0,166666.53539036203
75,2,False,False,False,Parand,395000000.0,13166.461438305665
73,2,True,True,False,Aliabad South,850000000.0,28333.13440450193
62,2,False,True,False,Punak,2300000000.0,76666.62535813099
149,3,True,True,True,Parand,2100000000.0,70000.04721153357
68,2,False,True,True,Punak,2050000000.0,68333.29801000233
75,2,True,True,False,West Ferdows Boulevard,2480000000.0,82666.80996607112
133,5,False,False,False,Jeyhoon,4700000000.0,156666.80605226618
63,2,True,True,False,Punak,1880000000.0,62666.81384527115
58,1,True,True,True,Pirouzi,500000000.0,16666.596847926998
67,1,True,True,True,Jordan,6700000000.0,223333.44721291825
70,1,True,True,True,Shahran,2270000000.0,75666.7759267493
135,3,True,True,True,Niavaran,9000000000.0,299999.9476631154
122,4,True,False,True,Amirabad,2400000000.0,80000.08798113691
80,2,True,True,True,Shahran,2590000000.0,86333.46043548308
55,1,True,True,True,Punak,2750000000.0,91666.73316657034
86,2,True,True,False,Shahran,3100000000.0,103333.19702004838
30,0,False,True,False,Ostad Moein,500000000.0,16666.678892862266
88,2,True,True,True,Southern Janatabad,4500000000.0,150000.00364966723
220,3,True,True,True,Jordan,13500000000.0,449999.97217888606
102,2,True,True,False,ShahrAra,2950000000.0,98333.26360078066
97,2,True,True,True,Gheitarieh,6000000000.0,200000.0266119792
150,3,True,True,True,Yousef Abad,11000000000.0,366666.6724541775
64,1,True,True,False,Alborz Complex,645000000.0,21499.92421466788
62,2,False,True,False,Punak,2300000000.0,76666.60451439516
100,2,True,True,True,Shahran,4200000000.0,140000.05023537317
97,2,True,True,True,Shahran,3300000000.0,109999.73583220813
80,2,True,True,True,Shahran,3950000000.0,131666.61977667356
53,1,False,True,True,Narmak,2300000000.0,76666.75796623305
68,2,True,True,True,Ostad Moein,1680000000.0,56000.01148145542
105,2,True,True,False,Fatemi,4300000000.0,143333.39317832372
70,2,True,True,False,Punak,2300000000.0,76666.74611536527
86,2,True,True,True,Central Janatabad,4300000000.0,143333.23544545512
62,1,False,True,False,Beryanak,682000000.0,22733.376343159864
40,2,False,False,False,Salsabil,830000000.0,27666.609490109437
57,1,True,False,True,Karoon,1700000000.0,56666.67544512418
140,3,True,True,True,Jordan,7700000000.0,256666.69303358722
40,1,False,True,False,Qasr-od-Dasht,790000000.0,26333.394914166343
35,1,True,True,False,Salsabil,780000000.0,26000.081788803946
112,2,True,True,True,Gheitarieh,8610000000.0,287000.06646797986
140,3,True,True,True,Saadat Abad,8000000000.0,266666.4518447806
48,1,False,False,True,Eskandari,1280000000.0,42666.57057075759
70,2,True,True,True,Punak,2800000000.0,93333.49364666459
175,3,True,True,True,Kamranieh,17000000000.0,566666.6538506707
135,2,True,True,True,Ekhtiarieh,8100000000.0,270000.14722424105
45,1,False,True,False,Karoon,880000000.0,29333.40397119008
50,1,True,True,False,Azarbaijan,1250000000.0,41666.78128052699
61,1,True,True,True,Central Janatabad,2000000000.0,66666.67166290291
47,1,True,True,False,Salsabil,1050000000.0,34999.94148080573
210,3,True,True,True,Farmanieh,33600000000.0,1120000.156831873
82,2,False,False,True,Parand,455000000.0,15166.684991121592
72,2,False,False,False,Pirouzi,2376000000.0,79200.04367277146
65,2,False,True,False,Feiz Garden,1900000000.0,63333.200916812966
44,1,False,True,False,Jeyhoon,945000000.0,31499.985134376377
58,1,False,True,False,Azarbaijan,1270000000.0,42333.3149934856
127,2,True,True,True,Shahryar,2500000000.0,83333.29325139822
124,3,True,True,True,Gheitarieh,7700000000.0,256666.6372130003
65,2,True,True,True,Shahran,2350000000.0,78333.23081289453
110,2,True,True,True,Gheitarieh,8660000000.0,288666.670919809
200,4,True,True,True,Niavaran,15000000000.0,499999.718039535
240,3,True,True,False,Elahieh,34560000000.0,1151999.925186604
75,2,False,False,True,Parand,330000000.0,11000.058753503245
130,1,True,True,True,Ostad Moein,1280000000.0,42666.64484992766
72,2,False,False,False,Pishva,300000000.0,10000.004379301019
101,2,True,True,True,Jordan,5200000000.0,173333.3031627214
82,2,True,True,True,Punak,3300000000.0,109999.95390164462
150,3,True,True,False,Elahieh,11760000000.0,392000.06678095314
48,1,False,False,False,Beryanak,740000000.0,24666.705814753077
115,2,True,True,True,,5060000000.0,168666.57096936117
106,2,True,True,True,Farmanieh,4450000000.0,148333.31313759624
205,3,True,True,True,Farmanieh,20000000000.0,666666.5528423411
125,2,True,True,True,Gheitarieh,1125000000.0,37500.07539299667
85,2,True,True,True,Shahr-e-Ziba,2900000000.0,96666.78202892725
220,4,True,True,False,Azarbaijan,15000000000.0,500000.0216572592
104,2,False,False,False,Shahran,4080000000.0,136000.0270919834
99,2,True,True,True,Shahran,3900000000.0,130000.07919972815
165,3,True,True,True,Shahrake Gharb,18150000000.0,605000.0470347211
98,2,True,True,True,Pardis,650000000.0,21666.506820715305
71,2,False,True,True,Shahr-e-Ziba,2150000000.0,71666.64019204865
104,2,True,True,True,Persian Gulf Martyrs Lake,3500000000.0,116666.6501837702
102,2,True,True,True,Shahran,4000000000.0,133333.5749695454
112,2,True,True,True,Shahran,5400000000.0,179999.98345119084
80,1,False,True,False,Shahrake Qods,550000000.0,18333.44316042219
69,2,True,True,True,Jeyhoon,1700000000.0,56666.595335421094
135,3,True,True,True,Saadat Abad,9000000000.0,300000.0450312301
44,1,False,True,False,Qasr-od-Dasht,1000000000.0,33333.435014910574
80,2,True,True,False,Shahr-e-Ziba,2480000000.0,82666.5185328082
80,2,True,True,True,Persian Gulf Martyrs Lake,750000000.0,24999.99266184674
60,1,False,False,False,Parand,300000000.0,10000.077880630917
60,1,False,False,False,Parand,300000000.0,9999.864143050256
108,2,True,True,True,Saadat Abad,8600000000.0,286666.52697157935
150,2,True,True,True,Mirdamad,8200000000.0,273333.3087702267
78,2,False,False,False,Parand,780000000.0,25999.859179155355
77,2,True,True,False,Firoozkooh,470000000.0,15666.646780033156
160,5,True,True,False,Yousef Abad,18000000000.0,600000.0348095548
106,2,True,True,True,Golestan,2340000000.0,78000.0479855823
135,3,True,True,True,West Pars,5600000000.0,186666.6121521965
102,3,False,False,True,Amirabad,4300000000.0,143333.1805082785
68,2,True,True,True,Punak,2150000000.0,71666.73325036345
136,3,True,True,True,Saadat Abad,11000000000.0,366666.81723982224
77,2,True,True,True,Jeyhoon,1680000000.0,55999.979310031624
72,2,True,True,False,,900000000.0,30000.028783694615
84,2,False,True,True,Vahidiyeh,588000000.0,19600.060072010772
69,1,True,True,True,Shadabad,890000000.0,29666.7792388133
55,1,True,True,True,Andisheh,797500000.0,26583.334042987517
94,2,True,True,True,West Ferdows Boulevard,4100000000.0,136666.6569709582
120,3,True,True,True,Persian Gulf Martyrs Lake,295000000.0,9833.498990637961
90,2,True,True,True,Persian Gulf Martyrs Lake,290000000.0,9666.569533270316
60,1,True,True,True,Persian Gulf Martyrs Lake,295000000.0,9833.357405761308
54,1,False,True,False,Beryanak,760000000.0,25333.374505601263
144,3,True,True,True,Gheitarieh,7250000000.0,241666.5745045428
80,2,False,False,False,Parand,380000000.0,12666.714949901869
110,3,True,True,True,Ozgol,6550000000.0,218333.53946550575
55,2,False,True,False,Yousef Abad,2150000000.0,71666.75349140432
65,2,False,True,False,Punak,1900000000.0,63333.30496495081
60,2,True,True,True,Salsabil,1520000000.0,50666.61775790654
69,2,True,True,False,Andisheh,980000000.0,32666.868822067594
180,4,True,True,True,Persian Gulf Martyrs Lake,2720000000.0,90666.78955956348
180,2,True,True,False,Parand,2100000000.0,69999.97707799143
110,3,True,True,True,Ozgol,6550000000.0,218333.44799464595
130,2,False,True,False,Narmak,6300000000.0,210000.06123023073
120,2,True,True,True,,1440000000.0,48000.07809526154
82,2,True,True,True,Gheitarieh,7000000000.0,233333.44093229133
128,3,True,True,True,Gheitarieh,9200000000.0,306666.5839207025
103,2,True,True,True,,1150000000.0,38333.39778681676
85,2,True,True,True,Farmanieh,6100000000.0,203333.23708046007
68,1,True,False,True,Ahang,1400000000.0,46666.61922379078
110,3,True,True,True,West Pars,6550000000.0,218333.37043253225
94,2,False,False,True,Parand,680000000.0,22666.706372589717
42,1,False,False,False,Naziabad,640000000.0,21333.212891166408
63,1,True,True,True,Punak,2200000000.0,73333.3520969991
62,1,False,False,True,Parand,350000000.0,11666.738731245541
155,3,True,True,True,Jordan,13950000000.0,465000.08712641546
65,2,True,True,True,Afsarieh,1550000000.0,51666.82435520908
138,3,True,True,True,Jordan,9500000000.0,316666.69336229016
135,3,True,True,True,Azarbaijan,3440000000.0,114666.64946583155
135,3,True,True,True,Azarbaijan,3440000000.0,114666.64159424677
71,1,False,True,True,Pardis,540000000.0,18000.07225797316
175,3,True,True,True,Kook,10500000000.0,349999.8032460371
145,3,True,True,True,Shahrake Gharb,10500000000.0,349999.93433756154
285,4,True,True,True,Shahrake Gharb,28500000000.0,950000.069055478
125,3,True,True,True,Shahrake Gharb,11250000000.0,375000.0311257066
115,2,True,True,True,Shahrake Gharb,12000000000.0,399999.9953693835
59,1,True,True,True,Andisheh,708000000.0,23599.881845576256
89,3,True,True,True,Parand,430000000.0,14333.540304763153
78,2,True,False,True,Jeyhoon,2250000000.0,74999.99571904232
65,1,True,True,True,Parand,340000000.0,11333.364433435896
78,2,True,True,True,Parand,480000000.0,16000.005594204147
82,2,True,True,True,Central Janatabad,3000000000.0,99999.91153228114
125,2,False,True,False,Gheitarieh,1550000000.0,51666.85443831889
60,2,False,True,True,Vahidieh,1280000000.0,42666.695647845896
57,2,False,True,False,Salsabil,1200000000.0,40000.15328190368
66,2,False,True,False,Afsarieh,1120000000.0,37333.28607645869
80,2,True,True,True,West Ferdows Boulevard,3000000000.0,99999.97234512882
46,1,True,True,True,Shahran,1700000000.0,56666.84452703516
80,2,True,True,True,East Ferdows Boulevard,3000000000.0,99999.81506639706
73,2,True,True,True,Southern Janatabad,3060000000.0,102000.15400061288
115,2,False,False,False,Northern Janatabad,5175000000.0,172500.02782183653
65,2,True,True,False,West Pars,1950000000.0,64999.87452665916
72,2,True,True,True,Southern Janatabad,2550000000.0,85000.13341278625
80,2,True,True,True,Southern Janatabad,3000000000.0,99999.99617518553
135,3,True,True,True,,1500000000.0,50000.04298767632
80,2,True,True,True,Central Janatabad,3000000000.0,100000.0338699828
97,2,True,True,True,Narmak,4000000000.0,133333.38341887153
150,3,True,True,True,Niavaran,11000000000.0,366666.66630819236
175,3,True,True,True,ShahrAra,7800000000.0,260000.107505024
74,1,False,True,True,Parand,480000000.0,16000.022413950894
157,3,True,True,True,Marzdaran,10200000000.0,339999.8729642817
92,2,True,True,True,Feiz Garden,3350000000.0,111666.67354263035
190,3,True,True,True,Pasdaran,12350000000.0,411666.67367959575
110,2,True,True,True,Pasdaran,8800000000.0,293333.5150241285
50,1,False,True,False,Pirouzi,1100000000.0,36666.39130007805
197,3,True,True,True,Marzdaran,15563000000.0,518766.631841554
107,2,True,True,True,Chidz,8600000000.0,286667.0078901827
78,2,True,True,True,Farmanieh,7200000000.0,240000.02998702356
46,1,True,True,True,Central Janatabad,1950000000.0,64999.97354017459
112,2,True,True,True,Mahmoudieh,8400000000.0,279999.8347472015
60,1,False,True,False,Tehran Now,1500000000.0,49999.94437258366
128,3,True,True,True,Marzdaran,6700000000.0,223333.31321162227
193,3,True,True,True,Kook,13000000000.0,433333.4806281587
120,2,True,True,True,Niavaran,9000000000.0,299999.8614610387
115,2,True,True,True,Ghoba,8150000000.0,271666.642312335
95,2,True,True,True,Southern Janatabad,3300000000.0,109999.95890887351
92,2,True,True,True,Central Janatabad,3400000000.0,113333.18584408938
71,2,True,True,False,West Ferdows Boulevard,2000000000.0,66666.7347582573
95,2,True,True,True,Damavand,1750000000.0,58333.35181818158
40,1,False,True,False,Salsabil,630000000.0,21000.042239625884
52,1,True,True,True,Punak,2360000000.0,78666.64745022316
84,2,True,True,True,Salsabil,1900000000.0,63333.432192443426
80,2,True,True,True,Amirieh,1800000000.0,60000.08202648937
58,1,False,True,False,Salsabil,715000000.0,23833.225557094185
68,2,True,True,True,Shahran,2270000000.0,75666.800809177
90,2,True,True,True,Southern Janatabad,3350000000.0,111666.57795998149
65,1,False,True,False,Republic,1400000000.0,46666.60852076663
200,2,False,False,False,Rudhen,2850000000.0,94999.83938139684
72,2,True,True,True,Amirieh,1670000000.0,55666.59035496334
80,2,True,True,True,Qasr-od-Dasht,1800000000.0,60000.00810950027
71,2,True,True,True,Amirieh,1650000088.0,54999.94980184793
86,2,True,True,True,Amirieh,1980000000.0,66000.07850482692
75,2,False,True,True,Parand,345000000.0,11500.014195380827
54,1,True,True,True,West Ferdows Boulevard,22500000003.0,750000.11055346
60,1,True,True,True,Shahr-e-Ziba,1960000000.0,65333.30897971551
105,3,True,True,True,East Ferdows Boulevard,5830000000.0,194333.4615691887
72,2,True,True,True,Abazar,3350000000.0,111666.74690334644
186,3,True,True,True,Pasdaran,9300000000.0,309999.9817790718
110,2,True,True,True,Heravi,6050000000.0,201666.60427108363
90,2,True,True,True,Southern Janatabad,3350000000.0,111666.65139891858
78,2,True,False,True,,740000000.0,24666.65362623624
84,2,True,True,True,Islamshahr,855000000.0,28500.02125037608
53,1,False,False,False,Kahrizak,450000000.0,15000.03361511444
63,3,False,True,False,Javadiyeh,1450000000.0,48333.30893026356
53,1,False,True,False,Shahran,1470000000.0,49000.059679869664
105,2,True,True,True,Southern Janatabad,3500000000.0,116666.40838786654
100,2,True,True,True,Saadat Abad,4550000000.0,151666.71902159974
93,2,True,True,True,Saadat Abad,3900000000.0,130000.20568011774
83,3,False,False,False,Atabak,1286500000.0,42883.437891013884
135,3,True,True,True,Saadat Abad,7500000000.0,249999.9530875137
65,1,False,False,True,Saadat Abad,3490000000.0,116333.23629835647
100,2,True,True,True,Saadat Abad,4480000000.0,149333.3008322773
80,2,False,False,False,Damavand,750000000.0,24999.91559158886
90,2,True,True,True,Saadat Abad,5250000000.0,175000.0913677763
73,2,True,True,True,Central Janatabad,1900000000.0,63333.2083071842
82,2,True,True,True,Shahran,3600000000.0,120000.04032731897
148,3,True,True,True,Yousef Abad,8140000000.0,271333.2702141331
90,2,True,False,True,Shahran,3150000000.0,104999.93175986306
112,2,True,True,True,Darabad,7000000000.0,233333.19164367413
45,1,False,False,True,Si Metri Ji,8900000000.0,296666.64330043277
70,2,True,True,False,Narmak,1850000000.0,61666.52121807353
107,2,True,True,True,Mirdamad,7597000000.0,253233.4075396509
37,1,True,True,True,Tehransar,1180000000.0,39333.26501376277
65,1,True,True,True,Jeyhoon,1725000000.0,57499.92649086915
76,2,True,True,True,Shahr-e-Ziba,2850000000.0,95000.10607489488
66,2,False,True,False,Yakhchiabad,1000000000.0,33333.34157470962
130,3,True,True,True,Persian Gulf Martyrs Lake,865000000.0,28833.288973562896
63,3,True,True,False,Shoosh,1200000000.0,40000.04281244081
75,2,False,True,False,Shahrake Quds,500000000.0,16666.69763231036
52,1,True,False,False,Jeyhoon,1200000000.0,40000.00378636058
86,3,False,True,True,Parand,275000000.0,9166.974360220795
58,1,False,False,True,Parand,246000000.0,8199.885959240351
76,2,True,True,True,West Ferdows Boulevard,2600000000.0,86666.60209465933
87,2,True,True,True,,680000000.0,22666.588996899412
54,0,False,False,False,Shahrake Qods,470000000.0,15666.778270646002
140,3,True,True,True,Daryan No,6300000000.0,210000.045227138
74,2,False,False,True,Parand,313000000.0,10433.361494105737
186,3,True,True,True,Velenjak,15000000000.0,499999.86349756294
140,3,True,True,True,Mehran,8400000000.0,280000.0414465228
114,2,True,True,True,Persian Gulf Martyrs Lake,4000000000.0,133333.32231141592
51,1,False,False,True,Ostad Moein,1100000000.0,36666.65705779727
180,3,True,True,True,Kamranieh,14000000000.0,466666.58010552754
70,1,True,True,True,Punak,3500000000.0,116666.55200863948
120,3,True,True,True,Sattarkhan,5400000000.0,179999.9240080933
137,3,True,True,True,Punak,6850000000.0,228333.32927822816
92,2,True,True,True,Shahran,3220000000.0,107333.44778755798
45,1,True,True,False,West Ferdows Boulevard,1650000000.0,54999.941824818576
68,2,False,True,True,Waterfall,1000000000.0,33333.41090684941
80,2,True,True,True,Punak,3760000000.0,125333.47885840741
85,2,False,True,True,Central Janatabad,3200000000.0,106666.53487451692
88,2,True,True,True,Central Janatabad,4000000000.0,133333.33332277657
118,2,True,True,True,Mehran,7080000000.0,235999.987140993
180,3,True,True,False,Marzdaran,10800000000.0,359999.94573209825
60,1,True,True,False,West Ferdows Boulevard,1860000000.0,61999.94686616069
80,2,False,True,True,Shahryar,410000000.0,13666.470176776025
86,2,False,True,False,Vahidiyeh,520000000.0,17333.21136632841
123,3,True,True,True,Velenjak,12500000000.0,416666.5347671484
148,3,True,True,True,Daryan No,6000000000.0,200000.01283739874
80,2,True,True,True,Ostad Moein,2250000000.0,75000.13188601888
58,1,False,False,True,Parand,325000000.0,10833.300502331285
55,1,True,True,True,Punak,2300000000.0,76666.81149259245
60,1,True,True,True,West Ferdows Boulevard,1950000000.0,65000.0254703473
133,3,True,False,True,Shahrake Gharb,10000000000.0,333333.38176923123
94,2,False,True,True,Damavand,595000000.0,19833.405250118154
68,2,False,True,True,Beryanak,1258000000.0,41933.38424029116
61,2,False,True,False,Andisheh,460000000.0,15333.252204017426
75,2,True,True,True,West Ferdows Boulevard,2650000000.0,88333.37013771197
81,2,True,True,True,West Ferdows Boulevard,4455000000.0,148500.0738754459
74,2,True,True,True,Mehran,4070000000.0,135666.73524749477
97,2,True,True,True,Shahran,2700000000.0,89999.92351010558
94,2,True,True,True,Niavaran,8450000000.0,281666.60909961193
113,3,True,True,True,Ostad Moein,3170000000.0,105666.72289091774
63,1,True,True,False,Feiz Garden,1890000000.0,62999.99374981915
86,2,True,True,True,Southern Janatabad,3500000000.0,116666.70283265076
83,2,True,True,True,Niavaran,6800000000.0,226666.72097716422
75,2,False,False,False,Parand,365000000.0,12166.53820217961
105,2,True,True,True,Dorous,5600000000.0,186666.7425201026
82,2,False,True,True,Parand,360000000.0,12000.082876735489
