fixed acidity,volatile acidity,citric acid,residual sugar,chlorides,free sulfur dioxide,total sulfur dioxide,density,pH,sulphates,alcohol,quality,Id
-0.8650588716511542,0.4380919175502637,-1.16156761718215,-0.7615537545529246,-0.6335397169909791,-1.0360613321321526,-1.096036738883892,-0.7693545848437505,0.6959658351543836,-0.3388115179433247,-0.8709366282599048,5,222
-0.8078123286742394,1.7190393561531858,-0.2968668138158809,1.1568064469985748,-0.2737258964884884,0.0375282445685153,0.5824409797781431,0.878062049305545,1.3984125274074195,0.365727411727785,-1.1174571213355473,6,1514
-0.750565785697325,0.2710118168629259,-0.7546495920686117,-0.466421415852694,0.0860879240140025,1.794311188260517,2.3829898052519627,-0.5874631583603525,0.8236834155640268,-1.0433504476144344,0.0535152207737461,5,417
-0.2925934418820083,-0.2859218520948662,2.0937765837261577,-0.6139875852028093,6.943716032414416,-0.1576698602861515,-0.4246456514190779,-0.0885609600060129,-1.4113742416047277,2.36192104579593,-1.2407173678733654,6,754
2.3979940780329776,0.3823985506544844,1.1273462740815037,1.3043726163486904,0.276577593691792,-1.0360613321321526,-0.9739656320721076,2.2188617073828434,-0.389633598327582,0.4831505666729701,1.3477478094208577,6,516
-0.2353468989050935,0.0482383492798094,0.3643749769936192,-0.0237229078023477,-0.2313948587823129,-0.7432641748501522,-0.8824123019632693,-2.276454975705886,-0.7089275493516886,0.365727411727785,2.4570900282612382,8,1120
0.279871987887138,0.4380919175502637,-0.652920085790227,-0.0975059924774055,-0.4218845284601021,-0.5480660699954852,-0.1194678843896169,0.0881335685778264,-0.7727863395565115,-0.3975230954159172,-0.8709366282599048,5,180
-0.5215796137896664,-0.1745351183033076,1.025616767803119,-0.3926383311776362,-0.019739670251436,0.5255235067051824,0.8265831934017118,0.1401025475730665,0.312813093925454,-0.5149462503611023,-1.2407173678733654,5,82
-0.4070865278358376,-0.6757754203653208,-0.652920085790227,0.3451925155729406,0.0014258486016516,0.5255235067051824,-0.0889501076866709,-0.1717113263984317,0.0573779331061676,-0.5149462503611023,0.0535152207737461,6,632
0.3943650738409668,-0.4530019527822037,1.1273462740815037,0.0500601768727099,-0.0620707079576111,0.5255235067051824,0.887618746807604,1.0235751904922634,0.2489543037206338,-0.5149462503611023,-0.6860462584531752,5,592
1.1958166755177713,-0.508695319677983,2.348100349422119,2.964492021537488,-0.2737258964884884,2.184707397969851,0.91813652351055,1.1794821274779836,-0.9005039199661548,1.1289779188714877,1.4401929943242224,7,501
-0.464333070812752,-1.232709089323113,0.7204282489679651,-0.0975059924774055,-0.4642155661662775,1.794311188260517,0.4298520962634126,-0.9408522155280312,0.1850955135158108,1.1289779188714877,0.8855218849040323,6,1586
-0.9795519576049836,1.078565636851725,-0.9072438514861886,2.1897696324493827,0.6363914141942806,-0.6456651224228187,-0.8824123019632693,-0.0937578579055139,0.2489543037206338,-0.984638870141842,0.330850775483842,6,1096
-0.5215796137896664,-0.2302284851990869,0.008321705019273,-0.3188552465025784,-0.3372224530477515,-0.1576698602861515,-0.6382700883397006,-1.4813295970786091,0.2489543037206338,-0.162676785525547,1.4401929943242224,6,1101
-1.5520173873741294,0.0482383492798094,-1.16156761718215,-0.6139875852028093,-0.8028638678156808,-1.0360613321321526,-1.0044834087750536,-1.3150288642938293,2.611729541299032,-0.4562346728885097,0.8855218849040323,5,1488
1.3103097614716,2.721519960277212,0.8221577552463498,0.2714094308978829,-0.2313948587823129,1.0135187688418497,1.2843498439459031,0.8676682535064855,-1.4752330318095477,-0.5149462503611023,-0.3162655188397145,6,700
1.1958166755177713,-1.3997891900104504,1.3816700397774655,0.1238432615477677,0.3824051879572303,-1.0360613321321526,-0.8213767485573771,1.0755441694875036,-0.389633598327582,-0.162676785525547,-0.8709366282599048,5,631
-0.750565785697325,-0.1188417514075283,-0.9072438514861886,-0.3188552465025784,-0.5277121227255407,-1.133660384559486,-1.126554515586838,-0.4627376087718109,0.2489543037206338,-0.6910809827788792,0.0535152207737461,5,1022
-0.2925934418820083,-0.0074550176159698,-1.314161876599727,-0.6877706698778668,-0.2102293399292252,-1.2312594369868193,-0.8213767485573771,-0.8992770323318507,-0.964362710170975,-1.1607736025596191,-0.5936010735498088,5,1420
0.0508858159794794,-1.232709089323113,0.1100512112976574,0.4189756002479984,2.266136365882033,-0.1576698602861515,-0.6077523116367545,-0.7121887079489518,-0.5812099689420455,0.7179968765633403,1.4401929943242224,6,882
0.5088581597947955,-0.9542422548442168,0.3643749769936192,-0.6877706698778668,-0.5277121227255407,-1.0360613321321526,-1.0350011854779997,-0.0313950831112719,-0.7089275493516886,0.072169524364823,0.0535152207737461,6,1170
0.4516116168178812,-1.3997891900104504,0.9747520146639268,4.772177596076402,0.5728948576350198,-1.2312594369868193,-1.126554515586838,1.1846790253774846,-0.8366451297613318,-0.3388115179433247,0.4232959603872068,6,911
-0.2925934418820083,-0.1745351183033076,-0.5003258263726501,-0.6877706698778668,-0.1044017456637886,0.5255235067051824,1.7115987177871486,-0.3795872423793921,0.5043894645399202,-1.0433504476144344,-0.8709366282599048,5,124
-0.5788261567665813,-1.065628988635775,0.3135102238544269,-0.0237229078023477,-0.4853810850193653,0.5255235067051824,-0.2720567679043474,-0.7953390743413705,0.2489543037206338,0.6592852990907477,1.5326381792275872,7,1417
-0.1781003559281791,-0.4530019527822037,-0.1951373075374962,-0.2450721618275207,0.1495844805732657,0.0375282445685153,-0.5161989815279162,-0.2756492843889119,-0.6450687591468685,-0.984638870141842,-0.2238203339363497,6,681
-0.750565785697325,1.134259003747504,-1.110702864042958,-0.3926383311776362,-0.1255672645168743,-0.255268912713485,0.2467454360457361,-0.0677733684078938,0.5043894645399202,-0.5149462503611023,-0.5936010735498088,5,63
0.3371185308640524,-1.3997891900104504,0.9238872615247344,-0.6139875852028093,-0.4218845284601021,-0.8408632272774856,-1.0350011854779997,-1.6580241256624484,-0.389633598327582,-0.6323694053062867,1.7175285490343184,7,1010
2.05451482017149,-0.8428555210526584,1.2290757803598884,-0.3926383311776362,0.7210534896066335,-0.8408632272774856,-0.790858971854431,1.491296001449482,-0.4534923885324022,0.6005737216181553,-0.0389299641296186,6,418
0.2226254449102226,1.301339104434842,-0.2460020606766886,-0.1712890771524633,-0.4853810850193653,-0.6456651224228187,-0.1194678843896169,-0.2236803053936718,-1.3475154513999046,-0.6323694053062867,-0.9633818131632697,5,399
-0.6360726997434958,0.2153184499671466,-1.110702864042958,-0.1712890771524633,-0.1255672645168743,0.0375282445685153,-0.3025745446072935,-0.566675566762291,0.4405306743350972,-0.3388115179433247,-0.1313751490329834,6,1265
-1.0940450435588125,0.8836388527164973,-1.3650266297389193,-0.6508791275403382,-0.6758707546971546,-0.8408632272774856,-1.0350011854779997,-2.655828522371185,1.0152597861784929,-0.7497925602514718,2.2721996584545088,6,999
-0.8650588716511542,0.1596250830713679,-1.2124323703213424,-0.6139875852028093,-0.0620707079576111,0.2327263494231821,-0.3330923213102396,0.0361645895825863,0.8236834155640268,-0.162676785525547,-0.4087107037430793,6,452
3.1421991367328674,-0.2302284851990869,2.0429118305869656,0.3451925155729406,0.128418961720178,-0.938462279704819,-0.9434478553691614,0.9716062114970234,-1.8583857730384767,1.5986705386522275,1.4401929943242224,6,347
-0.0063607269974349,-0.5643886865737623,0.1609159644368498,0.6403248542731713,-0.1678983022230497,-0.8408632272774856,-0.3636100980131857,0.5974295627312255,0.312813093925454,-0.2800999404707321,0.0535152207737461,5,778
0.279871987887138,-0.2859218520948662,0.7204282489679651,0.5665417695981135,0.1072534428670902,1.0135187688418497,0.1857098826398439,0.7637302955160054,-0.0064808570986525,-0.7497925602514718,0.0535152207737461,6,607
-0.0063607269974349,0.6887120685812704,-0.7546495920686117,-0.1712890771524633,-0.0832362268106989,-0.0600708078588181,2.047294261519556,-0.0677733684078938,-0.9005039199661548,0.0134579468922305,-0.5936010735498088,5,32
0.9668305036101128,0.3267051837587051,0.2117807175760421,-0.2450721618275207,0.0649224051609148,1.0135187688418497,0.4908876496693048,1.387358043458944,-0.8366451297613318,-0.162676785525547,-0.2238203339363497,6,511
1.024077046587027,-0.8985488879484376,0.3643749769936192,-0.0975059924774055,-0.0409051891045234,-1.0360613321321526,-0.8824123019632693,0.0517552832811468,-0.9005039199661548,-0.045253630580362,0.1459604056771109,7,1035
-1.8954966452356168,-0.8428555210526584,-1.314161876599727,-0.6877706698778668,-0.8240293866687685,1.0135187688418497,0.4298520962634126,-3.0611865585340463,2.484011960889388,0.5418621441455627,3.2890966923915244,6,1270
-0.6933192427204107,-1.232709089323113,0.1609159644368498,-0.2450721618275207,-0.71820179240333,1.989509293115184,2.474543135360801,-0.1197423474031339,-2.36925609467705,5.649769384261109,-0.8709366282599048,5,723
1.024077046587027,-1.232709089323113,0.4152397301328113,-0.6877706698778668,-0.2525603776354006,-0.6456651224228187,-0.5467167582308623,-0.0054105936135942,-0.4534923885324022,1.0115547639263025,0.7006315150973011,7,838
1.0813235895639417,0.7722521189249394,0.6186987426895807,-0.466421415852694,-0.6970362735502423,-0.938462279704819,-0.8824123019632693,0.4519164215445647,-0.9005039199661548,-1.102062025087027,-0.4087107037430793,5,485
-1.7810035592817874,-1.065628988635775,-1.3650266297389193,-0.5402045005277516,-0.781698348962593,1.111117821269183,0.521405426372251,-2.666222318170187,2.356294380479745,0.7767084540359328,3.2890966923915244,6,142
0.9668305036101128,0.8836388527164973,-0.8055143452078041,-0.8353368392279824,-0.0620707079576111,-0.7432641748501522,-0.6687878650426466,-0.4939189961689318,-2.7524088359059795,-1.102062025087027,-0.6860462584531752,5,1470
-0.1208538129512647,1.1064123202996143,-1.3650266297389193,-0.0237229078023477,-0.1255672645168743,-0.3528679651408184,-0.6687878650426466,0.6493985417264656,0.4405306743350972,-1.1607736025596191,-0.77849144335654,4,1238
-0.6933192427204107,0.8279454858207187,-1.3650266297389193,-0.2450721618275207,-0.2948914153415761,-0.3528679651408184,-0.7298234184485388,0.0881335685778264,1.079118576383313,-0.9259272926692492,-1.0558269980666344,5,158
-1.0940450435588125,0.7722521189249394,-0.9581086046253808,-0.3188552465025784,-0.8875259432280317,0.3303254018505156,0.0636387758280595,-0.9512460113270907,1.1429773665881362,-0.984638870141842,0.8855218849040323,6,426
2.05451482017149,0.2153184499671466,1.178211027220696,0.0500601768727099,-0.1044017456637886,-0.938462279704819,-0.4246456514190779,2.010985791401883,-1.2197978709902613,0.7179968765633403,0.2384055905804756,6,344
0.6805977887255398,1.9696595071841925,0.008321705019273,-0.1712890771524633,-0.0620707079576111,1.5015140309785169,3.0238631160138305,0.5558543795350449,-0.4534923885324022,-0.7497925602514718,-0.9633818131632697,5,637
-0.8650588716511542,0.7722521189249394,-0.6020553326510347,-0.5402045005277516,0.6575569330473704,-0.255268912713485,-0.790858971854431,-0.6914011163508904,0.6959658351543836,0.072169524364823,0.7930767000006675,6,1578
-0.0063607269974349,-1.2884024562188925,1.1273462740815037,0.935457192973402,0.0649224051609148,-0.4504670175681519,-0.6687878650426466,-0.9096708281309104,-0.2619160179179389,-0.1039652080529545,1.5326381792275872,7,944
0.2226254449102226,1.6076526223616272,-1.2632971234605348,-0.9829030085780978,-0.3583879719008389,1.989509293115184,0.0636387758280595,-0.7953390743413705,-0.7089275493516886,-0.4562346728885097,-0.5936010735498088,5,469
-0.8078123286742394,-0.2302284851990869,-0.8563790983469962,-0.1712890771524633,-0.2737258964884884,-0.3528679651408184,-0.48568120482497,-0.4315562213746322,0.6959658351543836,-0.4562346728885097,-0.2238203339363497,6,148
0.3371185308640524,-0.7314687872610998,0.2626454707152345,2.26355271712444,0.0014258486016516,-0.5480660699954852,0.0331209991251134,1.231451106473224,0.4405306743350972,0.6592852990907477,0.0535152207737461,7,279
-0.5788261567665813,-1.1770157224273337,-0.1951373075374962,-0.1712890771524633,-0.4430500473131898,1.8919102406878503,0.7350298632928736,-0.4419500171736917,0.7598246253592066,-0.2213883629981396,-0.3162655188397145,5,1144
2.8559664218482945,-1.3440958231146716,2.449829855700504,0.1976263462228251,-0.0620707079576111,0.7207216115598494,-0.0889501076866709,0.9716062114970234,-1.730668192628834,0.1308811018374155,0.8855218849040323,7,509
-0.1781003559281791,0.493785284446043,0.3135102238544269,0.1238432615477677,0.0225913674547394,0.0375282445685153,-0.2720567679043474,0.2440405055635466,-0.0064808570986525,-0.4562346728885097,0.2384055905804756,6,1073
-1.0940450435588125,-0.0074550176159698,-0.9072438514861886,1.0092402776484597,0.763384527312809,-0.1576698602861515,-0.455163428122024,0.0361645895825863,1.2068361567929562,0.072169524364823,0.5157411452905716,4,1423
1.768282105286917,-1.511175923802009,0.8730225083855422,0.7878910236232868,-0.3372224530477515,-0.938462279704819,-0.8213767485573771,0.9716062114970234,-1.2197978709902613,0.9528431864537098,-1.0558269980666344,6,280
-1.0940450435588125,0.6051720182376016,-0.2968668138158809,-0.5402045005277516,-0.1255672645168743,-0.1576698602861515,-0.455163428122024,0.0829366706783254,1.7815652686363492,0.0134579468922305,-0.5936010735498088,5,848
1.3675563044485144,-0.5643886865737623,0.6186987426895807,-0.2450721618275207,0.403570706810318,-0.7432641748501522,-0.4246456514190779,0.9716062114970234,-2.6885500457011564,-0.9259272926692492,-0.77849144335654,5,650
-0.750565785697325,0.0482383492798094,-0.9072438514861886,-0.3926383311776362,-0.1255672645168743,-0.5480660699954852,-0.9129300786662152,-1.0084118882218895,0.7598246253592066,-0.3975230954159172,0.977967069807397,6,1092
0.279871987887138,-0.6757754203653208,1.8903175711693885,-0.2450721618275207,0.128418961720178,-0.6456651224228187,-0.1194678843896169,0.9716062114970234,1.4622713176122426,0.0134579468922305,0.0535152207737461,5,76
0.4516116168178812,-0.8985488879484376,0.2626454707152345,-0.3188552465025784,-0.4853810850193653,-1.133660384559486,-0.9434478553691614,-0.5043127919679914,-0.0703396473034755,0.8354200315085253,0.7006315150973011,6,1302
-0.2925934418820083,-0.7871621541568791,0.7712930021071575,-0.3926383311776362,-0.019739670251436,-0.6456651224228187,-0.7603411951514849,-0.7641576869441918,0.5043894645399202,0.0134579468922305,1.0704122547107615,6,1148
-0.0063607269974349,0.4380919175502637,0.1609159644368498,-0.3188552465025784,-0.0620707079576111,-0.4504670175681519,0.1246743292339517,0.2440405055635466,0.5682482547447404,-0.2800999404707321,-0.2238203339363497,6,100
1.1385701325408568,-1.4554825569062295,-0.144272554398304,-0.3188552465025784,-0.3160569341946638,-0.0600708078588181,-0.3941278747161318,-0.5874631583603525,-0.5812099689420455,0.0134579468922305,2.179754473551144,6,533
-1.036798500581898,-0.0631483845117491,-0.8055143452078041,-0.5402045005277516,-0.2948914153415761,-0.255268912713485,-0.2415389912014013,-0.6394321373555926,0.1850955135158108,-0.8085041377240643,-1.0558269980666344,5,1328
-0.3498399848589227,1.3570324713306212,0.7712930021071575,-0.466421415852694,0.1072534428670902,-0.7432641748501522,1.223314290540011,-0.4315562213746322,-0.5173511787372252,-0.3975230954159172,-0.8709366282599048,5,253
1.8255286482638315,-0.6200820534695416,1.0764815209423113,0.0500601768727099,-0.2102293399292252,-0.7432641748501522,-0.790858971854431,0.9300310283007852,-1.4113742416047277,-0.7497925602514718,0.5157411452905716,5,1344
3.4284318516174404,-1.232709089323113,2.3989651025613115,-0.5402045005277516,-0.2525603776354006,-0.938462279704819,-0.9434478553691614,2.114923749392363,-2.8801264163156226,0.7767084540359328,-1.8878336621969205,6,544
-0.3498399848589227,0.7444054354770497,-1.3650266297389193,-0.0975059924774055,0.0649224051609148,-0.7432641748501522,-0.8213767485573771,0.3479784635540268,-0.2619160179179389,0.4244389892003776,-1.0558269980666344,5,352
-0.8078123286742394,0.0482383492798094,0.1609159644368498,-0.2450721618275207,0.0225913674547394,-0.6456651224228187,1.8031520478959868,0.2700249950611667,-0.389633598327582,3.066459975467039,0.0535152207737461,6,1367
-1.7810035592817874,0.6330187016854912,-1.3650266297389193,-0.2819637041650497,-0.146732783369962,-0.0600708078588181,-0.5467167582308623,-1.19030331470523,2.994882282527958,-0.2800999404707321,1.902418918841048,6,1300
0.2226254449102226,1.7190393561531858,-1.3650266297389193,-0.8353368392279824,-0.4642155661662775,0.8183206639871828,-0.3941278747161318,-0.6914011163508904,-0.2619160179179389,-0.6323694053062867,-0.6860462584531752,5,635
-0.0063607269974349,0.6608653851333808,-0.8563790983469962,0.2714094308978829,0.0437568863078271,0.1351272969958487,-0.1805034377955091,0.6753830312240856,-0.1341984375082957,-0.6323694053062867,-0.8709366282599048,5,750
-0.0636072699743503,-1.3997891900104504,1.686858558612619,0.3451925155729406,0.3612396691041426,-0.5480660699954852,-0.7298234184485388,0.8053054787121858,0.5043894645399202,0.1308811018374155,0.1459604056771109,5,1479
0.566104702771711,-1.4554825569062295,0.7204282489679651,-0.3926383311776362,0.0860879240140025,-0.938462279704819,-0.9129300786662152,0.6597923375255251,-0.1980572277131187,0.2483042567826,-0.6860462584531752,5,476
-1.2657846724895565,-1.1770157224273337,-0.0934078012591116,-0.5402045005277516,-0.019739670251436,-1.0360613321321526,-0.4246456514190779,-1.0863653567147498,0.312813093925454,-1.2781967575048043,-0.3162655188397145,5,1355
-0.464333070812752,0.1039317161755887,-0.144272554398304,-0.3926383311776362,-0.1890638210761375,-0.5480660699954852,-0.5467167582308623,0.8156992745112454,0.8875422057688498,0.7179968765633403,-0.8709366282599048,6,546
-0.5788261567665813,0.2710118168629259,0.1609159644368498,-0.0975059924774055,-0.2737258964884884,-0.0600708078588181,0.2772632127486822,0.0361645895825863,0.95140099597367,-0.3975230954159172,-0.2238203339363497,5,196
-0.8650588716511542,0.6608653851333808,-1.2632971234605348,-0.3188552465025784,-0.1890638210761375,-0.7432641748501522,-0.9434478553691614,-0.9096708281309104,0.2489543037206338,-0.2213883629981396,-0.0389299641296186,6,1210
-0.1208538129512647,0.7165587520291601,-0.2460020606766886,-0.2450721618275207,-0.3795534907539267,-0.6456651224228187,-0.6993056417455927,0.0361645895825863,-0.0703396473034755,3.183883130412224,-0.1313751490329834,5,43
-0.464333070812752,0.9950255865080558,-1.3650266297389193,-0.6877706698778668,0.1072534428670902,0.6231225591325159,-0.455163428122024,-0.1976958158960518,0.4405306743350972,-0.4562346728885097,-0.4087107037430793,6,1013
-0.6360726997434958,-0.4530019527822037,-0.6020553326510347,-0.3926383311776362,-0.1890638210761375,-0.5480660699954852,-0.5467167582308623,-0.3328151612836529,-0.1341984375082957,-0.8672157151966569,-0.5011558886464441,6,1378
0.7378443317024541,0.0482383492798094,0.7712930021071575,-0.0975059924774055,-0.1255672645168743,0.9159197164145162,0.1857098826398439,0.1401025475730665,-0.7089275493516886,0.3070158342551925,0.8855218849040323,6,471
-0.9795519576049836,2.3873597589025364,-1.3650266297389193,-0.5402045005277516,-0.1044017456637886,-1.0360613321321526,-0.9129300786662152,-1.6268427382652697,1.2068361567929562,-1.2781967575048043,1.3477478094208577,6,1410
-0.0636072699743503,-0.5643886865737623,0.1100512112976574,-0.6877706698778668,-0.1255672645168743,1.111117821269183,-0.0279145542807787,-0.3639965486808316,-0.389633598327582,-0.6910809827788792,-0.1313751490329834,5,1004
-0.0063607269974349,1.2734924209869525,0.1100512112976574,1.230589531673633,-0.2525603776354006,-0.3528679651408184,-0.9129300786662152,-0.1197423474031339,0.8875422057688498,0.1308811018374155,0.977967069807397,6,740
-0.750565785697325,0.6608653851333808,-1.2632971234605348,-0.3188552465025784,-0.4430500473131898,-0.7432641748501522,-0.6382700883397006,0.2440405055635466,1.0152597861784929,0.072169524364823,-0.8709366282599048,6,697
-0.1208538129512647,4.448014334046368,-1.3650266297389193,-0.5402045005277516,-0.1044017456637886,-1.2312594369868193,-1.0350011854779997,-0.1717113263984317,1.4622713176122426,-1.0433504476144344,0.4232959603872068,5,127
-0.1781003559281791,0.493785284446043,0.4152397301328113,0.1976263462228251,-0.019739670251436,1.2087168736965166,0.1857098826398439,0.1401025475730665,-0.0064808570986525,-0.2213883629981396,0.330850775483842,5,1069
0.4516116168178812,1.2734924209869525,2.0937765837261577,-0.6139875852028093,6.922550513561329,0.2327263494231821,0.551923203075197,-0.1093485516041321,-2.6246912554963364,3.947133637555927,-1.2407173678733654,6,1319
0.5088581597947955,-0.0074550176159698,-0.144272554398304,0.0500601768727099,-0.1890638210761375,1.2087168736965166,2.840756455796154,0.5974295627312255,-0.6450687591468685,-0.5149462503611023,-0.8709366282599048,5,741
0.279871987887138,0.3823985506544844,0.1100512112976574,-0.2450721618275207,0.2342465559856165,-1.0360613321321526,-0.9434478553691614,1.0755441694875036,0.312813093925454,-0.984638870141842,-1.2407173678733654,5,626
-0.0636072699743503,0.1596250830713679,-0.1951373075374962,0.6403248542731713,-0.1890638210761375,-0.1576698602861515,1.7726342711930407,0.4519164215445647,-0.1980572277131187,-0.2213883629981396,-0.9633818131632697,5,621
-1.2085381295126416,-0.5643886865737623,-0.2460020606766886,-0.5402045005277516,-0.1890638210761375,0.5255235067051824,0.3077809894516283,-0.2080896116950536,1.3345537372025995,-0.3388115179433247,-0.8709366282599048,6,1195
2.3979940780329776,-1.3997891900104504,1.3816700397774655,-0.1712890771524633,-0.1044017456637886,-0.3528679651408184,-0.5161989815279162,1.543264980444722,-1.2836566611950844,4.1232683699737045,-0.5936010735498088,7,339
1.4820493904023442,-0.0074550176159698,1.1273462740815037,1.5257218703738633,0.6575569330473704,-0.5480660699954852,-0.8824123019632693,1.8031098754209225,-1.5390918220143708,-0.5736578278336941,1.1628574396141265,6,556
-0.2925934418820083,-0.0074550176159698,-1.16156761718215,-0.6139875852028093,-0.2313948587823129,0.1351272969958487,-0.455163428122024,-0.1717113263984317,0.1212367233109906,-0.5736578278336941,-0.4087107037430793,6,162
-0.750565785697325,0.1596250830713679,-0.5003258263726501,-0.6139875852028093,-0.4642155661662775,-0.0600708078588181,-0.6687878650426466,-0.8265204617384916,0.8236834155640268,0.1308811018374155,0.0997378132254293,7,1555
-1.8382501022587023,-0.3416152189906455,-1.2632971234605348,-0.90911992390304,-1.1203466506119963,0.2327263494231821,-0.0584323309837248,-2.4063774231939865,3.761187764985817,-0.2213883629981396,2.179754473551144,6,695
0.5088581597947955,0.5494786513418223,-0.2968668138158809,0.1238432615477677,0.2130810371325268,1.30631592612385,0.5824409797781431,1.0755441694875036,-0.1980572277131187,-0.4562346728885097,-0.77849144335654,5,457
-0.8078123286742394,-0.508695319677983,-1.3650266297389193,-0.8353368392279824,-0.3583879719008389,1.59911308340585,-0.2415389912014013,-1.221484702102351,0.0573779331061676,-0.4562346728885097,0.8855218849040323,6,1045
-1.5520173873741294,0.4659386009981534,-1.3650266297389193,-0.6877706698778668,0.0437568863078271,0.0375282445685153,0.3993343195604665,-1.263059885298589,1.717706478431529,-0.8085041377240643,-0.5011558886464441,5,12
0.5088581597947955,-0.5643886865737623,1.1273462740815037,-0.0975059924774055,-0.019739670251436,0.7207216115598494,2.138847591628394,0.4519164215445647,-0.5173511787372252,-0.1039652080529545,-0.8709366282599048,5,524
0.566104702771711,-0.7871621541568791,0.6695634958287731,0.0500601768727099,-0.2948914153415761,-0.5480660699954852,-0.6077523116367545,0.8676682535064855,0.1850955135158108,0.5418621441455627,-0.2238203339363497,6,489
1.1958166755177713,-1.1213223555315543,1.839452818030196,0.1976263462228251,-0.0620707079576111,-1.0360613321321526,-0.7298234184485388,1.5952339594399625,-0.3257748081227619,0.4831505666729701,0.7006315150973011,7,453
-0.2353468989050935,1.301339104434842,-1.3650266297389193,-0.3926383311776362,-0.0620707079576111,-0.6456651224228187,-0.7298234184485388,-0.2808461822884128,0.1212367233109906,0.1308811018374155,0.4232959603872068,6,1282
1.2530632184946855,-1.6225626575935674,1.025616767803119,-0.3188552465025784,-0.4430500473131898,-0.938462279704819,-0.6687878650426466,0.5558543795350449,-1.028221500375798,1.42253580623445,0.5157411452905716,7,423
0.2226254449102226,-0.0631483845117491,-0.9072438514861886,-0.0237229078023477,0.0860879240140025,0.427924454277849,0.0941565525310056,0.4519164215445647,0.1850955135158108,1.1876894963440798,0.1459604056771109,7,290
1.596542476356173,-0.7871621541568791,1.3816700397774655,0.1238432615477677,0.1707499994263534,0.5255235067051824,1.6810809410842025,1.7511408964256825,-1.155939080785441,-0.8672157151966569,-0.8709366282599048,5,744
2.2835009920791487,-0.7871621541568791,1.839452818030196,-0.1712890771524633,0.0860879240140025,-0.938462279704819,-0.8518945252603232,1.9070478334114027,-0.964362710170975,-0.984638870141842,-0.8709366282599048,5,435
0.1081323589563938,-1.7896427582809054,1.2799405334990808,-0.466421415852694,0.0649224051609148,-0.6456651224228187,-0.6993056417455927,-0.1301361432021935,0.312813093925454,0.072169524364823,-0.0389299641296186,5,955
-0.0636072699743503,0.6051720182376016,0.008321705019273,-0.3926383311776362,0.1707499994263534,-1.0360613321321526,0.9486543002134962,0.3843567488507065,-1.155939080785441,-0.2213883629981396,-1.2407173678733654,6,1055
0.4516116168178812,0.7165587520291601,-0.6020553326510347,0.4927586849230561,0.2130810371325268,-0.6456651224228187,0.3993343195604665,1.574446367841843,-0.1980572277131187,-0.6910809827788792,-0.77849144335654,5,819
-0.0063607269974349,0.9671789030601662,-0.7546495920686117,0.0500601768727099,0.1072534428670902,-0.3528679651408184,-0.5467167582308623,1.387358043458944,1.2706949469977764,0.365727411727785,-0.4087107037430793,5,302
1.7110355623100029,0.493785284446043,2.0429118305869656,1.9684203784242096,-0.019739670251436,-0.938462279704819,-0.8213767485573771,1.0755441694875036,-0.5812099689420455,0.1895926793100074,2.734425582971334,8,455
-0.2925934418820083,0.2710118168629259,-0.7037848389294193,-0.3188552465025784,0.3189086313979671,0.1351272969958487,-0.3025745446072935,-1.211090906303349,-0.4534923885324022,-0.7497925602514718,0.7006315150973011,6,1274
1.3103097614716,2.749366643725101,0.8221577552463498,0.1976263462228251,-0.146732783369962,0.5255235067051824,1.1622787371341188,0.9196372325017832,-1.6029506122191908,-0.5149462503611023,-0.3162655188397145,5,710
-0.750565785697325,0.1596250830713679,-0.7037848389294193,-0.6877706698778668,-0.2102293399292252,0.9159197164145162,-0.1194678843896169,-0.2288772032931727,0.1850955135158108,-0.3975230954159172,-1.1482721829700009,5,1568
-0.3498399848589227,0.8836388527164973,-0.2460020606766886,-0.466421415852694,-0.0620707079576111,0.2327263494231821,1.4674565041635796,-0.327618263384152,-0.0064808570986525,-1.0433504476144344,-0.8709366282599048,5,72
-0.6933192427204107,-0.5643886865737623,0.7712930021071575,2.1897696324493827,-0.3583879719008389,1.30631592612385,2.535578688766693,0.2960094845587868,0.6959658351543836,0.365727411727785,0.0535152207737461,5,156
0.1653789019333082,-0.2302284851990869,0.0591864581584653,-0.466421415852694,0.4882327822226689,0.427924454277849,2.749203125687316,0.2440405055635466,-2.43311488488187,7.58725144085666,-0.5011558886464441,6,86
-0.6933192427204107,1.050718953403835,-1.3650266297389193,-0.5402045005277516,0.763384527312809,-0.938462279704819,-0.9739656320721076,-0.2392709990922323,0.8875422057688498,-0.4562346728885097,-0.5936010735498088,5,1252
-0.6933192427204107,-0.3973085858864244,-0.3477315669550731,-0.466421415852694,-0.2102293399292252,1.2087168736965166,0.2467454360457361,-0.5874631583603525,0.376671884130277,-0.1039652080529545,-0.0389299641296186,6,1280
0.4516116168178812,0.3823985506544844,-1.3650266297389193,-0.466421415852694,-0.6123741981378936,-1.0360613321321526,-1.096036738883892,0.5038854005398048,-0.8366451297613318,-0.162676785525547,-0.0389299641296186,6,1130
-0.8078123286742394,1.1621056871953936,-1.2124323703213424,-0.1712890771524633,-0.6970362735502423,-0.8408632272774856,-0.9129300786662152,-0.8577018491356702,0.8875422057688498,-0.162676785525547,0.977967069807397,6,1499
1.0813235895639417,0.0482383492798094,0.516969236411196,9.494295015280091,2.68944674294379,3.843891289234519,1.4979742808665255,3.616827242354998,-0.8366451297613318,0.6592852990907477,-1.33316255277673,6,1434
2.6842267929175505,-0.3416152189906455,1.1273462740815037,1.3043726163486904,-0.0409051891045234,-0.938462279704819,0.0331209991251134,2.7905204763306,-0.0703396473034755,0.1308811018374155,2.087309288647777,6,564
-0.2925934418820083,0.3823985506544844,-0.0425430481199193,-0.3926383311776362,-0.146732783369962,1.5015140309785169,2.5966142421725853,-0.2652554885898524,-0.6450687591468685,-0.8085041377240643,-0.5011558886464441,5,1559
-0.9795519576049836,1.134259003747504,-1.2632971234605348,3.960563664650768,0.7422190084597212,5.112678970789854,2.3829898052519627,1.387358043458944,1.0152597861784929,-0.7497925602514718,-0.5011558886464441,5,396
-0.2353468989050935,-1.2884024562188925,2.0937765837261577,4.255696003350998,-0.781698348962593,2.135907871756184,7.418422961238067,-1.8555062458443488,-1.9222445632433005,-0.8672157151966569,1.7175285490343184,7,1081
-0.8078123286742394,-0.9542422548442168,-0.0934078012591116,-0.0975059924774055,0.2342465559856165,-1.0360613321321526,-0.9129300786662152,-0.1717113263984317,0.6321070449495634,-0.3388115179433247,-0.3162655188397145,6,293
4.344376539248073,-0.9542422548442168,1.9411823243085808,3.665431325950536,0.1919155182794411,0.6231225591325159,0.7655476399958197,0.4519164215445647,-2.113820933857764,1.0702663413988949,4.12110335652181,5,652
-0.1781003559281791,3.6126138306096793,-0.2968668138158809,-0.466421415852694,-0.0832362268106989,-0.1576698602861515,-0.1499856610925631,-0.7329762995470709,0.1850955135158108,-1.102062025087027,0.0535152207737461,5,1312
-0.5788261567665813,2.9999867947561083,-0.9072438514861886,-0.6139875852028093,1.9274880642326324,-0.5480660699954852,1.3148676206488492,-0.2756492843889119,-0.0703396473034755,-0.5149462503611023,-1.33316255277673,5,120
-0.2925934418820083,-1.065628988635775,0.516969236411196,-0.3926383311776362,-0.1044017456637886,0.8183206639871828,0.3688165428575204,-0.1717113263984317,0.1850955135158108,-0.3975230954159172,-0.9633818131632697,6,220
-0.1781003559281791,0.6051720182376016,-0.2460020606766886,-0.0975059924774055,0.1495844805732657,-1.0360613321321526,-0.3941278747161318,-0.3172244675850925,0.376671884130277,-0.4562346728885097,0.5157411452905716,5,1391
-0.9223054146280688,-0.3973085858864244,-0.144272554398304,-0.6139875852028093,-0.2102293399292252,0.2327263494231821,-0.3636100980131857,-1.0032149903223309,0.5043894645399202,-0.3388115179433247,0.1459604056771109,6,1324
0.3371185308640524,-0.7314687872610998,1.2290757803598884,0.0500601768727099,-0.7393673112564177,-0.255268912713485,-0.5772345349338084,-0.8992770323318507,0.0573779331061676,1.42253580623445,2.734425582971334,7,492
0.6805977887255398,1.3848791547785109,-0.2460020606766886,-0.466421415852694,-0.2102293399292252,-0.938462279704819,-0.4246456514190779,1.0755441694875036,-0.3257748081227619,-0.5736578278336941,0.1459604056771109,6,427
2.340747535056063,-0.7314687872610998,1.2290757803598884,-0.3926383311776362,-0.5912086792848038,-0.938462279704819,-0.6687878650426466,1.387358043458944,-1.730668192628834,-0.3388115179433247,-1.0558269980666344,6,596
0.6233512457486253,0.8557921692686082,-0.0425430481199193,-0.0975059924774055,-0.1044017456637886,0.7207216115598494,2.9628275626079383,0.5558543795350449,-0.1980572277131187,-0.6323694053062867,-0.9633818131632697,5,771
2.626980249940636,-1.0099356217399962,1.1273462740815037,2.411118886474556,-0.4430500473131898,-1.0360613321321526,-0.3330923213102396,2.426737623363919,-0.7089275493516886,0.0134579468922305,1.4401929943242224,7,538
-1.2085381295126416,0.5494786513418223,0.2117807175760421,-0.6139875852028093,0.0225913674547394,-0.0600708078588181,0.551923203075197,0.0881335685778264,0.95140099597367,0.7767084540359328,-1.0558269980666344,5,107
0.9668305036101128,-0.8428555210526584,0.5678339895503883,-0.6877706698778668,1.736998394554841,1.111117821269183,1.3453853973517953,1.252238698071343,-1.028221500375798,-0.045253630580362,-1.7953884772935558,5,1436
-0.4070865278358376,0.1039317161755887,-0.2968668138158809,-0.2450721618275207,-0.3372224530477515,-0.8408632272774856,-0.5467167582308623,-0.1717113263984317,-0.1980572277131187,-0.6323694053062867,-0.6860462584531752,5,193
0.2226254449102226,1.3848791547785109,1.2290757803598884,-0.6139875852028093,6.943716032414416,-0.3528679651408184,0.6129587564810892,-0.2600585906903515,-1.9861033534481205,3.0077483979944466,-1.1482721829700009,5,1370
-0.6933192427204107,0.8557921692686082,0.4152397301328113,-0.3926383311776362,0.0225913674547394,-0.6456651224228187,1.4064209507576877,-0.2236803053936718,-0.1980572277131187,-0.2213883629981396,-0.9633818131632697,5,843
1.1958166755177713,-1.6225626575935674,0.9747520146639268,-0.5402045005277516,-0.2525603776354006,-0.938462279704819,-0.7603411951514849,0.4519164215445647,-0.389633598327582,2.12707473590556,0.330850775483842,7,506
-0.2925934418820083,-0.3973085858864244,-0.0425430481199193,-0.466421415852694,0.0225913674547394,0.7207216115598494,0.21622765934279,0.7117613165207652,0.7598246253592066,0.4831505666729701,-1.1482721829700009,6,388
1.8255286482638315,-1.2884024562188925,1.686858558612619,-0.3926383311776362,-0.4218845284601021,-0.3528679651408184,-0.5772345349338084,0.7117613165207652,-1.2836566611950844,1.833516848542597,-0.3162655188397145,6,197
0.7950908746793686,0.1039317161755887,-0.5003258263726501,0.2714094308978829,0.0014258486016516,0.427924454277849,0.21622765934279,1.9070478334114027,-1.0920802905806182,-0.2800999404707321,-0.9633818131632697,5,655
-0.6933192427204107,-1.4554825569062295,1.686858558612619,-0.3188552465025784,-0.2737258964884884,0.1351272969958487,-0.6382700883397006,0.7325489081188843,0.4405306743350972,0.365727411727785,0.1459604056771109,6,1508
0.6233512457486253,-0.1745351183033076,0.3643749769936192,0.7878910236232868,-0.1044017456637886,-1.0360613321321526,-0.9739656320721076,1.0235751904922634,-0.1341984375082957,-0.8085041377240643,0.2384055905804756,6,799
-0.4070865278358376,0.1039317161755887,-0.2968668138158809,-0.2450721618275207,-0.3372224530477515,-0.8408632272774856,-0.5467167582308623,-0.1717113263984317,-0.1980572277131187,-0.6323694053062867,-0.6860462584531752,5,194
0.9668305036101128,-1.1770157224273337,1.6359938054734269,-0.2450721618275207,-0.2102293399292252,-1.2312594369868193,-0.9434478553691614,1.387358043458944,-0.7089275493516886,0.7179968765633403,-0.77849144335654,5,1414
0.3371185308640524,-0.2859218520948662,1.3308052866382731,1.0830233623235177,0.2977431125448774,-1.2312594369868193,-1.096036738883892,-0.4523438129727513,-0.6450687591468685,-0.3975230954159172,1.5326381792275872,7,1059
-1.323031215466471,0.6051720182376016,-1.110702864042958,-0.466421415852694,-0.4430500473131898,-0.6456651224228187,-0.8824123019632693,-0.92006462392997,1.3345537372025995,0.7179968765633403,0.1459604056771109,5,1487
2.512487163986806,0.3823985506544844,1.1273462740815037,0.1976263462228251,-0.2525603776354006,-1.0360613321321526,-0.8213767485573771,1.387358043458944,-1.0920802905806182,-0.5149462503611023,0.8855218849040323,5,565
0.4516116168178812,1.3570324713306212,-0.2460020606766886,-0.2450721618275207,-0.1678983022230497,-0.3528679651408184,0.0636387758280595,0.4519164215445647,-0.8366451297613318,-0.8672157151966569,-0.77849144335654,5,1333
-0.6933192427204107,0.3823985506544844,-1.314161876599727,-0.1712890771524633,-0.1678983022230497,0.8183206639871828,-0.2720567679043474,-0.8265204617384916,0.5682482547447404,-0.2800999404707321,0.4232959603872068,6,1250
-0.8078123286742394,0.1596250830713679,-1.2124323703213424,-0.7615537545529246,-0.019739670251436,1.989509293115184,0.0026032224221673,-0.784945278542311,1.3984125274074195,-0.5149462503611023,0.1459604056771109,5,871
-0.9795519576049836,1.7190393561531858,-1.2124323703213424,-0.1712890771524633,-0.5912086792848038,1.59911308340585,0.0636387758280595,-0.7953390743413705,1.3345537372025995,-0.5736578278336941,1.7175285490343184,7,421
-1.323031215466471,-0.1745351183033076,-1.3650266297389193,-0.8353368392279824,-0.6335397169909791,-0.0600708078588181,-0.6077523116367545,-1.1695157231071107,0.312813093925454,-1.2194851800322115,-0.8709366282599048,5,1336
2.455240621009892,-0.7871621541568791,1.1273462740815037,-0.0237229078023477,-0.146732783369962,-0.7432641748501522,-0.790858971854431,1.283420085468464,-1.5390918220143708,0.9528431864537098,-0.1313751490329834,6,1224
-0.8078123286742394,-0.7871621541568791,-0.144272554398304,-0.3188552465025784,0.3189086313979671,-1.133660384559486,-1.18759006899273,-1.0967591525138092,0.8236834155640268,-0.4562346728885097,0.8855218849040323,4,813
-0.5788261567665813,0.7165587520291601,-1.3650266297389193,-0.3926383311776362,-0.0620707079576111,-0.938462279704819,-0.6993056417455927,0.8156992745112454,1.9092828490459923,1.7748052710700046,-0.5011558886464441,6,249
0.3371185308640524,-0.2859218520948662,-0.144272554398304,0.2345178885603541,0.1495844805732657,1.8919102406878503,1.833669824598933,0.7637302955160054,-1.3475154513999046,-0.7497925602514718,-1.1482721829700009,5,721
-0.2353468989050935,-1.232709089323113,0.2626454707152345,-0.466421415852694,-0.4430500473131898,-0.1576698602861515,-0.3025745446072935,-1.6060551466672084,0.6321070449495634,-0.5736578278336941,1.9948641037444128,6,1026
-1.036798500581898,-0.3973085858864244,-0.652920085790227,-0.0975059924774055,0.5728948576350198,-0.6456651224228187,-0.2720567679043474,0.3064032803578463,2.2285768000701016,-0.045253630580362,-0.5936010735498088,5,781
-0.5215796137896664,-0.0074550176159698,-0.7546495920686117,-0.466421415852694,1.652336319142493,-1.133660384559486,-1.0350011854779997,0.150496343372126,-0.3257748081227619,1.1876894963440798,-1.1482721829700009,5,808
-0.4070865278358376,-0.2859218520948662,0.2117807175760421,0.1976263462228251,-0.3583879719008389,-1.133660384559486,-0.9434478553691614,0.1037242622763869,-0.5812099689420455,-0.6323694053062867,-0.1313751490329834,6,809
0.0508858159794794,0.493785284446043,-0.9072438514861886,-0.2450721618275207,-0.0620707079576111,-0.4504670175681519,1.894705378004825,-0.1717113263984317,-1.028221500375798,0.0134579468922305,-0.5936010735498088,5,111
0.279871987887138,0.3267051837587051,-0.4494610732334578,0.2714094308978829,0.0437568863078271,-0.3528679651408184,0.8571009701046579,0.337584667755025,-1.0920802905806182,-0.6910809827788792,-0.9633818131632697,5,766
0.566104702771711,-1.1213223555315543,0.9238872615247344,-0.7615537545529246,-0.6335397169909791,0.3303254018505156,-0.2720567679043474,-0.9096708281309104,-0.8366451297613318,1.3638242287618574,0.6081863301939363,7,1070
-0.6360726997434958,-1.065628988635775,0.2626454707152345,-0.0237229078023477,0.0649224051609148,2.672702660106518,2.047294261519556,-0.0677733684078938,0.0573779331061676,0.7767084540359328,0.6081863301939363,5,497
1.1958166755177713,0.1039317161755887,-0.1951373075374962,0.1238432615477677,0.0860879240140025,0.2327263494231821,0.0636387758280595,1.387358043458944,-0.5812099689420455,-0.1039652080529545,-0.1313751490329834,6,292
-0.6933192427204107,0.8836388527164973,-0.9581086046253808,-0.3188552465025784,-0.506546603872453,2.575103607679184,0.1857098826398439,-0.3380120591832116,0.6959658351543836,-0.3388115179433247,-0.2238203339363497,6,1529
1.882775191240746,-1.6782560244893467,1.534264299195042,-0.5402045005277516,-0.2737258964884884,-1.2312594369868193,-1.157072292289784,0.7117613165207652,-1.0920802905806182,0.2483042567826,-0.5011558886464441,6,1060
1.0813235895639417,-0.6200820534695416,1.534264299195042,0.6403248542731713,-0.3583879719008389,-1.133660384559486,-1.096036738883892,0.1920715265683066,-1.730668192628834,-0.162676785525547,-0.77849144335654,5,56
-0.464333070812752,-0.2302284851990869,-0.3477315669550731,0.0500601768727099,5.186977967608139,-0.7432641748501522,-0.9739656320721076,0.0361645895825863,-0.6450687591468685,1.42253580623445,0.0535152207737461,6,42
-0.750565785697325,0.1039317161755887,-0.7037848389294193,-0.2450721618275207,-0.2525603776354006,-0.0600708078588181,-0.3330923213102396,-0.4315562213746322,0.312813093925454,-0.3975230954159172,-0.6860462584531752,6,1535
-0.0636072699743503,-0.1745351183033076,0.4152397301328113,0.2714094308978829,-0.2102293399292252,0.5255235067051824,2.474543135360801,0.4519164215445647,-0.5173511787372252,-0.2213883629981396,-0.9633818131632697,5,190
-0.0063607269974349,0.5216319678939326,-0.3477315669550731,-0.7615537545529246,-0.146732783369962,1.111117821269183,2.2304009217372323,0.2440405055635466,-0.964362710170975,2.714190510631485,-1.2407173678733654,4,79
0.3943650738409668,-0.7871621541568791,0.6695634958287731,-0.90911992390304,-0.9086914620811194,0.9159197164145162,0.1246743292339517,-1.0136087861213905,-0.7089275493516886,1.0115547639263025,0.4232959603872068,6,1219
-0.6933192427204107,1.2456457375390626,-0.6020553326510347,-0.5402045005277516,0.4247362256634058,0.427924454277849,1.1622787371341188,-0.4159655276760717,-0.7727863395565115,-0.9259272926692492,-0.8709366282599048,5,1384
1.8255286482638315,-1.9567228589682428,1.2290757803598884,1.0830233623235177,0.3612396691041426,-1.133660384559486,-0.6993056417455927,1.491296001449482,-0.1980572277131187,1.833516848542597,-0.3162655188397145,6,269
1.882775191240746,-0.3416152189906455,0.8730225083855422,-0.6877706698778668,1.2713569797869138,1.989509293115184,0.1551921059368978,0.846880661908424,0.4405306743350972,1.1876894963440798,-0.5011558886464441,4,833
-0.464333070812752,0.2153184499671466,-1.2632971234605348,0.0500601768727099,-0.2102293399292252,-0.4504670175681519,-0.3330923213102396,-0.6030538520589707,0.312813093925454,-0.2213883629981396,0.330850775483842,6,1379
0.6233512457486253,-0.5643886865737623,-0.144272554398304,0.1976263462228251,0.1072534428670902,-0.1576698602861515,-0.0279145542807787,0.6597923375255251,-0.7727863395565115,0.4244389892003776,-0.4087107037430793,6,551
-0.0063607269974349,-1.3997891900104504,1.0764815209423113,-0.3188552465025784,0.128418961720178,-0.938462279704819,-1.0350011854779997,-1.377391639088129,-0.3257748081227619,-0.2213883629981396,1.8099737339376831,7,947
1.6537890193330873,-1.3997891900104504,1.4833995460558502,-0.466421415852694,-0.2525603776354006,0.1351272969958487,0.4298520962634126,0.6597923375255251,-0.964362710170975,-0.4562346728885097,-0.5936010735498088,6,3
-0.9795519576049836,0.4380919175502637,-1.314161876599727,-0.466421415852694,-0.146732783369962,-0.7432641748501522,-0.6382700883397006,0.3791598509512055,2.420153170684565,0.4244389892003776,0.0535152207737461,5,934
-0.5788261567665813,-0.1188417514075283,-0.4494610732334578,-0.3188552465025784,-0.3583879719008389,-0.3528679651408184,-0.5467167582308623,0.4934916047407452,1.3345537372025995,0.4244389892003776,-0.8709366282599048,6,749
-0.5788261567665813,1.134259003747504,-1.3650266297389193,-0.2450721618275207,-0.146732783369962,0.2327263494231821,-0.5467167582308623,0.4779009110421848,0.6321070449495634,-0.3388115179433247,-0.9633818131632697,5,1553
-0.4070865278358376,-1.232709089323113,0.3643749769936192,-0.0237229078023477,-0.1044017456637886,1.0135187688418497,-0.3330923213102396,-1.6476303298633888,-0.5812099689420455,-0.3975230954159172,1.902418918841048,7,1036
0.4516116168178812,-1.2884024562188925,0.7204282489679651,-0.3926383311776362,-0.4007190096070144,-0.5480660699954852,-0.6687878650426466,-0.77974838064281,-0.2619160179179389,1.1289779188714877,1.1628574396141265,7,1107
-1.036798500581898,-1.065628988635775,0.008321705019273,0.1976263462228251,-0.4218845284601021,-0.7432641748501522,-0.0584323309837248,-1.5021171886767282,-0.6450687591468685,-0.5736578278336941,1.4401929943242224,6,1168
-1.2085381295126416,0.9393322196122764,-0.6020553326510347,1.894637293749152,-0.2313948587823129,-0.255268912713485,-0.5772345349338084,-0.2652554885898524,1.4622713176122426,-0.3388115179433247,1.3477478094208577,6,1577
-0.0636072699743503,0.5773253347897119,-0.8563790983469962,-0.3188552465025784,-0.2948914153415761,0.9159197164145162,0.4298520962634126,-0.1821051221974336,-0.1341984375082957,0.5418621441455627,0.4232959603872068,6,1291
0.279871987887138,-0.3416152189906455,1.1273462740815037,0.2714094308978829,-0.0409051891045234,0.1351272969958487,1.9557409314107173,0.7637302955160054,-0.1341984375082957,-0.3388115179433247,-0.5936010735498088,5,578
-0.8078123286742394,0.1039317161755887,-0.6020553326510347,-0.2450721618275207,-0.2313948587823129,0.3303254018505156,-0.1805034377955091,-0.327618263384152,0.6321070449495634,-0.3975230954159172,-0.3162655188397145,5,85
1.882775191240746,-0.6757754203653208,1.3816700397774655,-0.7615537545529246,0.1707499994263534,0.6231225591325159,-0.1499856610925631,0.3219939740564068,-1.8583857730384767,0.6005737216181553,-0.5011558886464441,7,1089
2.5697337069637216,0.4659386009981534,1.9920470774477728,2.411118886474556,-0.0832362268106989,-0.8408632272774856,-0.1194678843896169,2.84248945532584,-1.5390918220143708,0.4244389892003776,-0.4087107037430793,7,366
-0.2353468989050935,-0.0631483845117491,-0.0425430481199193,-0.466421415852694,-0.1678983022230497,2.575103607679184,2.8712742324991,-0.1717113263984317,-0.5173511787372252,-0.6910809827788792,-0.8709366282599048,5,90
-0.4070865278358376,0.0482383492798094,-0.7037848389294193,-0.0237229078023477,0.2130810371325268,0.8183206639871828,0.6129587564810892,0.581838869032665,0.5043894645399202,-0.2800999404707321,-0.9633818131632697,5,752
-1.1512915865357272,0.1039317161755887,-0.6020553326510347,-0.5402045005277516,-0.2102293399292252,1.0135187688418497,-0.3330923213102396,-1.8659000416434088,0.0573779331061676,0.9528431864537098,1.0704122547107615,6,1590
1.8255286482638315,-1.232709089323113,1.2290757803598884,-0.2450721618275207,-0.1678983022230497,-0.1576698602861515,-0.5467167582308623,0.7637302955160054,-1.794526982833657,1.5986705386522275,-0.5936010735498088,6,617
-1.4375243014203003,0.8279454858207187,-1.2632971234605348,-0.5402045005277516,0.0014258486016516,0.5255235067051824,1.4674565041635796,-1.211090906303349,1.4622713176122426,-0.8085041377240643,-0.4087107037430793,5,146
2.1117613631484047,-0.8428555210526584,1.4833995460558502,-0.3188552465025784,0.128418961720178,-0.938462279704819,-0.6687878650426466,1.309404574966084,-1.0920802905806182,0.3070158342551925,0.4232959603872068,6,241
-0.5215796137896664,-0.8985488879484376,0.8221577552463498,0.0500601768727099,-0.1044017456637886,0.2327263494231821,1.1012431837282266,0.181677730769247,0.1212367233109906,0.1308811018374155,-0.6860462584531752,6,790
-0.750565785697325,0.8836388527164973,-1.0089733577645732,-0.0237229078023477,0.0860879240140025,-0.0600708078588181,-0.7603411951514849,-0.5251003835660528,0.4405306743350972,-0.3388115179433247,0.7930767000006675,6,1116
0.6805977887255398,-0.8985488879484376,1.2799405334990808,-0.3926383311776362,-0.1044017456637886,-0.938462279704819,-0.6077523116367545,0.6597923375255251,-0.8366451297613318,-0.8672157151966569,-0.8709366282599048,5,392
-0.6933192427204107,0.3267051837587051,-1.2632971234605348,-0.1712890771524633,-0.1044017456637886,0.8183206639871828,1.4674565041635796,0.368766055152146,1.5261301078170628,-0.7497925602514718,-0.6860462584531752,6,770
2.1117613631484047,-0.8985488879484376,2.500694608839696,1.230589531673633,-0.4430500473131898,-0.8408632272774856,-0.2415389912014013,1.9070478334114027,-0.5812099689420455,-0.3388115179433247,2.364644843357873,7,395
-0.4070865278358376,0.493785284446043,0.2626454707152345,-0.2450721618275207,-0.1044017456637886,-0.8408632272774856,0.2467454360457361,-0.0677733684078938,0.312813093925454,-0.8085041377240643,-0.9633818131632697,5,306
1.3103097614716,-0.2859218520948662,1.8903175711693885,-0.2450721618275207,0.5093983010757567,-0.938462279704819,-0.790858971854431,0.1401025475730665,-0.3257748081227619,0.0134579468922305,1.1628574396141265,6,416
1.3675563044485144,-0.7314687872610998,1.0764815209423113,-0.3188552465025784,0.8057155650189844,-0.0600708078588181,0.0941565525310056,0.6597923375255251,-1.794526982833657,0.8941316089811179,-0.6860462584531752,6,512
-1.0940450435588125,1.858272773392634,-1.2124323703213424,0.4927586849230561,-0.3372224530477515,1.111117821269183,0.3688165428575204,-0.8992770323318507,1.9092828490459923,-0.984638870141842,2.087309288647777,6,729
-1.2085381295126416,0.2710118168629259,-1.3650266297389193,-0.6877706698778668,-0.4642155661662775,-0.7432641748501522,-0.8518945252603232,-0.0677733684078938,1.589988898021886,1.0702663413988949,-0.9633818131632697,5,1415
0.1653789019333082,1.4962658885700693,-0.8055143452078041,-0.1712890771524633,-0.0620707079576111,-0.3528679651408184,-0.455163428122024,0.607823358530285,0.5682482547447404,-1.0433504476144344,-0.5011558886464441,5,677
-0.3498399848589227,0.3823985506544844,-1.3650266297389193,0.0500601768727099,-0.6758707546971546,-0.8408632272774856,-1.0044834087750536,-0.1769082242979326,0.4405306743350972,-0.5736578278336941,0.330850775483842,5,793
-1.8954966452356168,2.721519960277212,-1.16156761718215,-0.8353368392279824,-0.8875259432280317,2.477504555251851,1.1927965138370649,-1.5229047802747897,2.803305911913495,-1.0433504476144344,0.0535152207737461,4,94
1.1385701325408568,-0.1745351183033076,0.7712930021071575,-0.3926383311776362,-0.3795534907539267,0.5255235067051824,0.1551921059368978,0.7637302955160054,-0.964362710170975,0.365727411727785,0.977967069807397,6,466
-0.8650588716511542,1.3570324713306212,-1.3650266297389193,0.3451925155729406,0.3189086313979671,-0.7432641748501522,-0.6993056417455927,-0.1197423474031339,0.8875422057688498,-0.5736578278336941,0.2384055905804756,5,96
0.9668305036101128,-0.2302284851990869,-0.3477315669550731,6.247839289577556,-0.3372224530477515,-0.255268912713485,0.1246743292339517,2.4787066023591597,-0.964362710170975,0.1895926793100074,-1.1482721829700009,6,325
1.882775191240746,-0.3137685355427558,0.6695634958287731,-0.8353368392279824,0.0860879240140025,-0.938462279704819,-0.5467167582308623,0.1608901391711856,-1.5390918220143708,-0.045253630580362,-0.3778956421086556,6,1359
0.1081323589563938,-1.3997891900104504,1.4833995460558502,-0.5402045005277516,0.1072534428670902,1.8919102406878503,1.7421164944900946,0.0881335685778264,-0.0703396473034755,0.5418621441455627,0.0535152207737461,7,16
0.9095839606331984,-1.1770157224273337,1.4833995460558502,-0.3926383311776362,-0.2948914153415761,-1.2312594369868193,-1.157072292289784,-0.7225825037480114,-1.028221500375798,0.4244389892003776,0.8855218849040323,6,1076
0.3371185308640524,-1.232709089323113,0.4661044832720036,0.0500601768727099,-0.654705235844069,-0.5480660699954852,-0.2110212144984552,-0.5770693625613507,0.5682482547447404,0.1895926793100074,1.255302624517493,5,900
-0.9795519576049836,1.9418128237363028,-1.16156761718215,-0.2450721618275207,-0.4430500473131898,-0.3528679651408184,-0.790858971854431,-0.1924989179964931,1.3984125274074195,-0.5736578278336941,-0.5011558886464441,5,1556
-0.4070865278358376,-0.6200820534695416,-0.0934078012591116,1.0092402776484597,0.3612396691041426,1.2087168736965166,1.3453853973517953,0.5766419711331063,-1.028221500375798,-0.5149462503611023,-1.2407173678733654,5,1057
-0.3498399848589227,1.0228722699559454,-1.314161876599727,-0.3188552465025784,-0.4853810850193653,1.5015140309785169,-0.0889501076866709,-1.5696768613705288,0.6321070449495634,-0.5149462503611023,1.255302624517493,6,877
1.0813235895639417,-1.065628988635775,1.0764815209423113,-0.3188552465025784,-0.7393673112564177,-1.0360613321321526,-1.126554515586838,-1.1175467441118707,-0.7089275493516886,0.1895926793100074,1.5326381792275872,7,953
-0.2353468989050935,0.8836388527164973,-0.2968668138158809,-0.3188552465025784,-0.146732783369962,1.6967121358331836,2.901792009202046,-0.2756492843889119,-0.389633598327582,-0.8672157151966569,-0.5011558886464441,5,1400
-1.1512915865357272,1.2734924209869525,-1.3650266297389193,0.2714094308978829,-0.3160569341946638,1.0135187688418497,0.1857098826398439,-1.5281016781743482,1.2706949469977764,-0.3388115179433247,0.977967069807397,6,1127
-0.2353468989050935,-1.1213223555315543,-0.1951373075374962,-0.6139875852028093,-0.2102293399292252,0.2327263494231821,-0.0279145542807787,-0.2496647948912919,-0.1341984375082957,-0.045253630580362,-1.0558269980666344,5,260
1.024077046587027,0.6608653851333808,0.516969236411196,1.894637293749152,0.4882327822226689,-0.4504670175681519,0.5824409797781431,3.0503653713068,0.0573779331061676,-0.1039652080529545,-0.0389299641296186,6,608
-0.5215796137896664,-0.9542422548442168,0.1609159644368498,-0.5402045005277516,-0.2737258964884884,0.1351272969958487,-0.6687878650426466,-1.3202257621933302,-0.4534923885324022,0.2483042567826,0.8855218849040323,8,1549
1.8255286482638315,-0.4530019527822037,1.178211027220696,0.3451925155729406,-0.1890638210761375,0.3303254018505156,0.0331209991251134,1.8550788544161627,-0.3257748081227619,2.6554789331588924,0.5157411452905716,6,376
0.566104702771711,-0.2302284851990869,0.4661044832720036,-0.6139875852028093,-0.1255672645168743,-1.2312594369868193,-0.9739656320721076,0.150496343372126,-0.2619160179179389,0.7179968765633403,0.4232959603872068,6,1048
-0.750565785697325,0.6887120685812704,-0.5511905795118425,-0.3188552465025784,-0.2737258964884884,-0.7432641748501522,-0.6382700883397006,-0.3484058549822711,0.376671884130277,-0.6323694053062867,-0.6860462584531752,5,1485
-0.9223054146280688,0.9393322196122764,-0.9581086046253808,0.8985656506358732,-0.4218845284601021,-0.7432641748501522,-0.9129300786662152,-1.7619620836529286,0.7598246253592066,-0.8085041377240643,1.9948641037444128,5,1471
-0.0063607269974349,-0.0074550176159698,-1.3650266297389193,-0.8353368392279824,-0.3583879719008389,-0.938462279704819,-0.9739656320721076,-0.4159655276760717,-0.389633598327582,-0.1039652080529545,-0.4087107037430793,6,1110
-0.3498399848589227,0.0482383492798094,-0.0425430481199193,-0.466421415852694,0.0437568863078271,0.7207216115598494,3.0848986694197227,-0.1924989179964931,-0.3257748081227619,-0.3975230954159172,-0.6860462584531752,5,1493
-0.750565785697325,-0.1745351183033076,-0.652920085790227,-0.5402045005277516,-0.1890638210761375,-0.5480660699954852,-0.6993056417455927,-0.1924989179964931,1.3984125274074195,-0.2800999404707321,-0.0389299641296186,5,1019
0.1653789019333082,-0.8985488879484376,1.9411823243085808,2.8538173945249024,-0.146732783369962,-1.2312594369868193,-1.157072292289784,0.7481396018174448,-0.2619160179179389,-0.4562346728885097,0.5157411452905716,5,1078
-0.0063607269974349,0.3823985506544844,-0.0934078012591116,-0.2450721618275207,0.6575569330473704,-0.6456651224228187,-0.2415389912014013,-0.2964368759869734,-1.028221500375798,-0.7497925602514718,-0.5936010735498088,5,1152
0.1653789019333082,0.8557921692686082,-0.8563790983469962,-0.6877706698778668,0.1072534428670902,-1.2312594369868193,-1.0350011854779997,0.3739629530516469,-0.0064808570986525,-0.045253630580362,-0.8247140358082216,6,1395
-0.750565785697325,0.8836388527164973,-1.3650266297389193,-0.466421415852694,0.5728948576350198,-1.2312594369868193,-1.096036738883892,-0.1924989179964931,0.2489543037206338,-0.3388115179433247,-0.6860462584531752,6,1277
-1.8954966452356168,1.1621056871953936,-1.3650266297389193,-0.9829030085780978,-0.9721880186403846,0.0375282445685153,0.0026032224221673,-2.156926324016788,4.463634457238853,-0.3975230954159172,1.902418918841048,6,1321
-0.6933192427204107,1.217799054091173,-1.314161876599727,-0.2450721618275207,-0.5912086792848038,-0.4504670175681519,-0.8518945252603232,-2.240076690409207,0.5043894645399202,-1.513043067395174,2.179754473551144,6,1234
-0.6933192427204107,1.134259003747504,-0.5511905795118425,-0.466421415852694,0.276577593691792,-0.0600708078588181,0.9486543002134962,-0.0677733684078938,-0.2619160179179389,-0.1039652080529545,-1.0558269980666344,5,412
-1.6665104733279583,-0.6200820534695416,0.008321705019273,-0.3926383311776362,0.1072534428670902,0.7207216115598494,0.2772632127486822,-1.04998707141807,2.994882282527958,-0.1039652080529545,1.7175285490343184,7,1111
2.05451482017149,0.911485536164387,1.3308052866382731,0.6403248542731713,0.8692121215782476,-0.8408632272774856,-0.7603411951514849,1.283420085468464,-0.9005039199661548,1.0702663413988949,1.625083364130952,7,335
-0.8650588716511542,-0.3416152189906455,-0.9581086046253808,-0.2450721618275207,-0.4853810850193653,0.2327263494231821,-0.2415389912014013,-0.6238414436570321,-0.0703396473034755,-0.045253630580362,-0.77849144335654,6,1526
-0.2925934418820083,1.2734924209869525,-1.16156761718215,-0.1712890771524633,0.1072534428670902,-0.0600708078588181,0.2467454360457361,0.1401025475730665,-0.3257748081227619,-0.045253630580362,-0.5936010735498088,5,2
-0.2353468989050935,0.3823985506544844,-1.0598381109037656,-0.6877706698778668,-0.3795534907539267,-0.0600708078588181,0.3993343195604665,-0.1717113263984317,-0.0703396473034755,-1.1607736025596191,-0.9633818131632697,5,6
-0.6933192427204107,-0.3973085858864244,-0.3477315669550731,-0.466421415852694,-0.2102293399292252,1.2087168736965166,0.2467454360457361,-0.5874631583603525,0.376671884130277,-0.1039652080529545,-0.0389299641296186,6,1281
-0.5788261567665813,-0.1188417514075283,-0.4494610732334578,-0.3188552465025784,-0.3583879719008389,-0.3528679651408184,-0.5467167582308623,0.4934916047407452,1.3345537372025995,0.4244389892003776,-0.8709366282599048,6,745
0.3371185308640524,-1.0099356217399962,0.6695634958287731,0.7878910236232868,0.4882327822226689,-0.3528679651408184,-0.6687878650426466,-0.6446290352551513,-0.5173511787372252,0.2483042567826,1.4401929943242224,7,1008
-0.6360726997434958,0.6608653851333808,-1.2632971234605348,-0.1712890771524633,0.1495844805732657,-1.0360613321321526,-0.455163428122024,1.335389064463704,2.292435590274922,0.8354200315085253,-0.6860462584531752,5,298
0.1653789019333082,1.078565636851725,-0.144272554398304,3.001383563875017,0.6363914141942806,1.5015140309785169,2.688167572281424,2.426737623363919,0.0573779331061676,2.4206326232685225,-1.0558269980666344,5,415
-0.3498399848589227,2.415206442350426,-0.8563790983469962,-0.3188552465025784,0.5305638199288423,-0.4504670175681519,-0.7298234184485388,-0.2236803053936718,-0.3257748081227619,-0.9259272926692492,-0.8709366282599048,5,736
1.4248028474254295,-1.511175923802009,0.9238872615247344,0.5665417695981135,-0.5700431604317161,0.427924454277849,0.0941565525310056,0.2440405055635466,-1.155939080785441,-0.6910809827788792,-0.77849144335654,5,679
1.4820493904023442,-1.1770157224273337,1.2799405334990808,-0.5402045005277516,0.9538741969905984,0.1351272969958487,-0.0584323309837248,0.3167970761569059,-0.1980572277131187,0.6592852990907477,0.977967069807397,6,1220
-0.750565785697325,0.493785284446043,-0.4494610732334578,-0.7615537545529246,-0.5277121227255407,-0.8408632272774856,0.1246743292339517,-0.8473080533366106,-1.4752330318095477,-0.3388115179433247,-1.0558269980666344,5,439
0.7950908746793686,-1.316249139666782,0.6695634958287731,-0.7615537545529246,-0.2948914153415761,-0.1576698602861515,-0.7603411951514849,-0.6082507499584716,-1.0920802905806182,-0.8672157151966569,0.4232959603872068,6,989
-0.2925934418820083,-0.0631483845117491,-0.0934078012591116,-0.466421415852694,-0.1255672645168743,-0.1576698602861515,-0.2415389912014013,0.8676682535064855,0.7598246253592066,-0.045253630580362,-1.33316255277673,6,500
-0.0063607269974349,-1.1213223555315543,0.7712930021071575,-0.1712890771524633,-0.3583879719008389,-0.6456651224228187,-0.790858971854431,-1.2838474768966506,0.4405306743350972,0.6592852990907477,2.087309288647777,7,1053
2.798719878871379,-0.8428555210526584,1.432534792916658,0.1238432615477677,-0.1255672645168743,-1.0360613321321526,-0.9129300786662152,2.010985791401883,-2.113820933857764,-0.6910809827788792,-0.9633818131632697,5,611
-0.9795519576049836,0.2710118168629259,-1.2632971234605348,-0.0975059924774055,-0.3795534907539267,0.3303254018505156,-0.1805034377955091,-1.4865264949781098,0.4405306743350972,0.0134579468922305,1.9948641037444128,6,1335
0.3371185308640524,0.3545518672065948,0.7204282489679651,3.960563664650768,-0.019739670251436,1.4039149785511833,1.9252231547077712,1.5952339594399625,-0.2619160179179389,-0.5149462503611023,-1.0558269980666344,5,595
0.1653789019333082,-0.4530019527822037,0.2117807175760421,0.0500601768727099,-0.019739670251436,0.5255235067051824,0.1246743292339517,0.7637302955160054,0.376671884130277,1.4812473837070426,-0.5011558886464441,6,361
-0.2925934418820083,0.6330187016854912,-1.3650266297389193,2.1897696324493827,-0.019739670251436,-1.0360613321321526,-0.8518945252603232,0.9716062114970234,0.5682482547447404,-0.6323694053062867,-0.77849144335654,6,35
-0.6933192427204107,1.217799054091173,-1.314161876599727,-0.2450721618275207,-0.5912086792848038,-0.4504670175681519,-0.8518945252603232,-2.240076690409207,0.5043894645399202,-1.513043067395174,2.179754473551144,6,1237
-0.9795519576049836,0.9671789030601662,-1.0089733577645732,-0.6877706698778668,-0.2313948587823129,-0.938462279704819,-0.9434478553691614,-0.2756492843889119,0.8236834155640268,-0.4562346728885097,0.2384055905804756,5,67
-0.6933192427204107,-0.5643886865737623,0.7712930021071575,2.1897696324493827,-0.3372224530477515,1.2087168736965166,2.505060912063747,0.2960094845587868,0.6959658351543836,0.3070158342551925,0.0535152207737461,5,155
-1.2085381295126416,-0.4530019527822037,-0.3477315669550731,-0.6877706698778668,-0.3795534907539267,-1.2312594369868193,-0.9434478553691614,-0.4835252003698723,0.6321070449495634,-0.5736578278336941,-1.1482721829700009,5,80
0.9668305036101128,-0.6757754203653208,0.9238872615247344,2.706251225174787,-0.3372224530477515,-0.938462279704819,-0.9739656320721076,0.150496343372126,-0.6450687591468685,-0.984638870141842,1.255302624517493,7,1147
1.3103097614716,1.6633459892574065,0.516969236411196,0.0500601768727099,-0.019739670251436,1.0135187688418497,0.7350298632928736,0.7117613165207652,-0.964362710170975,-0.8085041377240643,-0.5011558886464441,5,296
-0.2353468989050935,1.9696595071841925,-1.2124323703213424,-0.5402045005277516,-0.6123741981378936,-1.133660384559486,-1.157072292289784,0.2440405055635466,0.312813093925454,-1.9240241097033213,-1.2407173678733654,4,170
-0.5788261567665813,0.7722521189249394,-1.2632971234605348,-0.2450721618275207,-0.3160569341946638,1.5015140309785169,1.4064209507576877,-0.5562817709632315,0.0573779331061676,0.1308811018374155,0.577371268559511,6,1439
1.0813235895639417,-0.508695319677983,1.5851290523342343,1.1568064469985748,0.1072534428670902,-0.4504670175681519,-0.6687878650426466,0.3739629530516469,-0.1341984375082957,1.9509400034877824,1.4401929943242224,7,946
-0.5788261567665813,1.1621056871953936,-0.9581086046253808,-0.6139875852028093,0.1495844805732657,-0.5480660699954852,-0.0279145542807787,-0.5043127919679914,-0.4534923885324022,-0.9259272926692492,-0.5936010735498088,5,1366
-0.1208538129512647,0.2431651334150362,-0.2460020606766886,-0.3188552465025784,-0.2102293399292252,-0.3528679651408184,0.5824409797781431,-0.0158043894126537,-0.1341984375082957,-0.8672157151966569,-1.1482721829700009,5,103
1.024077046587027,-0.5643886865737623,0.6695634958287731,0.0500601768727099,0.1072534428670902,-0.255268912713485,0.1857098826398439,0.8364868661093645,-0.5812099689420455,-0.1039652080529545,-0.4087107037430793,7,942
2.626980249940636,-0.1745351183033076,1.432534792916658,0.1976263462228251,-0.3160569341946638,-0.8408632272774856,-0.6687878650426466,1.7615346922246844,-1.4113742416047277,0.1308811018374155,0.4232959603872068,6,811
0.0508858159794794,-0.9542422548442168,0.2626454707152345,-0.2450721618275207,-0.1255672645168743,1.59911308340585,1.0096898536193883,-0.1717113263984317,-0.0703396473034755,0.365727411727785,0.5157411452905716,6,918
0.7378443317024541,0.3823985506544844,1.178211027220696,-0.1712890771524633,-0.1678983022230497,1.2087168736965166,0.7655476399958197,1.543264980444722,1.2068361567929562,-0.5149462503611023,-0.6860462584531752,5,616
0.1081323589563938,-1.1770157224273337,0.7712930021071575,-0.1712890771524633,-0.2525603776354006,-0.3528679651408184,-0.8213767485573771,-1.24227229370047,-1.0920802905806182,0.3070158342551925,1.255302624517493,7,1162
-0.8078123286742394,-0.2302284851990869,-0.3985963200942655,-0.6139875852028093,-0.1678983022230497,-0.255268912713485,-0.6077523116367545,-0.6550228310542108,0.4405306743350972,-0.1039652080529545,-0.5936010735498088,6,1041
-1.323031215466471,-0.1188417514075283,-1.3650266297389193,-0.3188552465025784,-0.4853810850193653,2.379905502824517,0.2467454360457361,-0.8992770323318507,1.4622713176122426,1.5986705386522275,0.2384055905804756,6,1407
-0.1208538129512647,1.6354993058095169,-0.144272554398304,-0.3188552465025784,-0.0620707079576111,-1.0360613321321526,-1.0044834087750536,0.2440405055635466,0.376671884130277,0.6592852990907477,0.2384055905804756,6,537
0.1081323589563938,-1.9567228589682428,1.2290757803598884,-0.5770960428652804,-0.3372224530477515,2.8679007649611847,1.2843498439459031,-0.7745514827432515,0.1212367233109906,0.6005737216181553,1.255302624517493,7,1156
-0.2353468989050935,1.050718953403835,-1.314161876599727,-0.466421415852694,-0.2313948587823129,-0.8408632272774856,-0.4246456514190779,-0.0261981852117133,0.5043894645399202,-0.6910809827788792,-0.77849144335654,5,769
0.566104702771711,-0.1745351183033076,0.4661044832720036,-0.5402045005277516,-0.0620707079576111,-0.938462279704819,-0.8824123019632693,0.1608901391711856,-0.2619160179179389,0.6592852990907477,0.330850775483842,6,1049
-0.4070865278358376,-0.7314687872610998,0.1100512112976574,-0.466421415852694,-0.1890638210761375,1.30631592612385,0.6129587564810892,0.1920715265683066,0.8875422057688498,-0.3975230954159172,-0.8709366282599048,6,932
-0.9795519576049836,0.5494786513418223,-1.3650266297389193,1.3043726163486904,0.128418961720178,3.4534950795251853,0.9639131885649692,-0.5978569541594121,-0.7089275493516886,-1.2194851800322115,-0.8709366282599048,5,1296
2.6842267929175505,-1.1770157224273337,1.9411823243085808,0.0500601768727099,0.128418961720178,-0.0600708078588181,0.0331209991251134,1.491296001449482,-1.666809402424014,-0.2800999404707321,0.1459604056771109,5,470
-0.3498399848589227,-1.511175923802009,-0.0425430481199193,-0.3926383311776362,-0.7393673112564177,0.3303254018505156,0.9486543002134962,-0.8473080533366106,-1.028221500375798,0.7767084540359328,0.4232959603872068,6,1198
-0.3498399848589227,-0.2302284851990869,-0.0425430481199193,-0.466421415852694,-0.5277121227255407,-0.6456651224228187,-0.455163428122024,-0.0677733684078938,0.5043894645399202,-0.1039652080529545,-0.77849144335654,5,87
0.4516116168178812,1.301339104434842,-1.16156761718215,-0.6877706698778668,-0.1890638210761375,-1.133660384559486,-0.9739656320721076,0.6597923375255251,-0.1341984375082957,-0.6910809827788792,-0.6860462584531752,4,704
-0.2353468989050935,2.832906694068771,-1.110702864042958,-0.2450721618275207,-0.0620707079576111,-0.255268912713485,-0.5161989815279162,-0.4315562213746322,-0.5812099689420455,-0.6323694053062867,-0.5011558886464441,6,134
-0.2353468989050935,-1.2884024562188925,2.0937765837261577,4.255696003350998,-0.781698348962593,2.135907871756184,7.0827274175056605,-1.8555062458443488,-1.9222445632433005,-0.8672157151966569,1.7175285490343184,7,1079
1.596542476356173,-0.4530019527822037,2.348100349422119,0.4927586849230561,-0.4430500473131898,-0.938462279704819,-0.7298234184485388,0.9716062114970234,-0.9005039199661548,0.0134579468922305,0.7006315150973011,6,437
0.7950908746793686,-0.6200820534695416,0.9747520146639268,-0.3188552465025784,-0.2737258964884884,-1.0360613321321526,-0.9129300786662152,-0.1249392453026926,-0.2619160179179389,0.4831505666729701,1.7175285490343184,6,1172
1.768282105286917,0.3823985506544844,1.1273462740815037,0.1238432615477677,-0.0409051891045234,-0.5480660699954852,-0.1499856610925631,1.387358043458944,-1.028221500375798,-0.162676785525547,0.0535152207737461,6,403
1.8255286482638315,-1.2048624058752233,1.3816700397774655,-0.3188552465025784,-0.0620707079576111,-1.0360613321321526,-0.9434478553691614,1.0235751904922634,-2.113820933857764,0.2483042567826,-1.1482721829700009,6,464
0.8523374176562839,-1.2884024562188925,0.6186987426895807,-0.6139875852028093,-0.5277121227255407,-1.2312594369868193,-1.126554515586838,-1.0032149903223309,-1.0920802905806182,-0.5149462503611023,0.977967069807397,7,1279
-0.9223054146280688,-0.6200820534695416,0.008321705019273,4.4770452573761705,-0.4007190096070144,0.8183206639871828,3.1154164461226688,-1.0032149903223309,-0.964362710170975,-0.5149462503611023,0.7930767000006675,6,649
-0.3498399848589227,-0.6757754203653208,2.500694608839696,-0.5402045005277516,11.092157727619607,-0.7432641748501522,-0.0279145542807787,0.0361645895825863,-1.6029506122191908,3.5361525952477795,-0.9633818131632697,5,258
1.4248028474254295,1.997506190632082,0.1609159644368498,0.0500601768727099,0.9538741969905984,-0.8408632272774856,0.4298520962634126,0.5870357669321659,-2.0499621436529405,3.066459975467039,-0.2238203339363497,5,795
-0.6933192427204107,-0.9542422548442168,0.1609159644368498,-0.6877706698778668,-0.146732783369962,1.8919102406878503,0.7350298632928736,0.1037242622763869,0.8236834155640268,-0.9259272926692492,-0.9633818131632697,5,987
-0.8650588716511542,0.3823985506544844,-0.4494610732334578,-0.466421415852694,-0.1678983022230497,0.2327263494231821,1.223314290540011,0.0361645895825863,1.7815652686363492,-0.5149462503611023,-1.0558269980666344,6,159
0.7950908746793686,0.8836388527164973,0.2626454707152345,-0.0237229078023477,0.0225913674547394,0.6231225591325159,1.3759031740547414,0.607823358530285,-0.1341984375082957,-0.2213883629981396,-0.3162655188397145,5,1306
-1.0940450435588125,1.4684192051221796,-1.3650266297389193,-0.2450721618275207,-0.4642155661662775,1.2087168736965166,0.1857098826398439,-1.5332985760738491,1.1429773665881362,-0.8085041377240643,1.0704122547107615,5,1027
-0.750565785697325,0.2153184499671466,-1.3650266297389193,-0.3926383311776362,2.181474290469685,-0.3528679651408184,-0.0279145542807787,0.0153769979844671,-0.0064808570986525,-0.3388115179433247,-0.9633818131632697,6,780
-0.0636072699743503,0.3267051837587051,-1.3650266297389193,-0.0237229078023477,0.128418961720178,0.3303254018505156,0.3688165428575204,1.8031098754209225,1.2068361567929562,-0.045253630580362,-1.0558269980666344,6,737
-0.0636072699743503,-1.3997891900104504,1.686858558612619,0.3451925155729406,0.3612396691041426,-0.5480660699954852,-0.7298234184485388,0.8053054787121858,0.5043894645399202,0.1308811018374155,0.1459604056771109,5,1481
0.279871987887138,-1.6225626575935674,1.3816700397774655,-0.0237229078023477,-0.0832362268106989,0.9159197164145162,0.3382987661545744,0.8156992745112454,0.5043894645399202,-0.6910809827788792,-1.1482721829700009,5,610
1.1958166755177713,0.2431651334150362,1.7377233117518114,0.0500601768727099,-0.2313948587823129,-0.4504670175681519,-0.6687878650426466,1.6991719174304425,-0.964362710170975,0.1895926793100074,-1.33316255277673,5,367
-1.036798500581898,1.9696595071841925,-1.3650266297389193,-0.1712890771524633,1.6735018379955804,-0.938462279704819,-1.0350011854779997,-0.6342352394560916,1.589988898021886,-0.8672157151966569,0.330850775483842,5,1191
-0.6360726997434958,-0.0074550176159698,-0.652920085790227,-0.3188552465025784,-0.4853810850193653,-0.0600708078588181,-0.5161989815279162,-1.8191279605477275,0.2489543037206338,-0.2800999404707321,1.5326381792275872,6,1297
-0.9223054146280688,-1.3997891900104504,0.0591864581584653,-0.0975059924774055,-1.585988065379926,1.989509293115184,1.6505631643812562,-3.165124516524584,-0.3257748081227619,-1.5717546448677666,1.1628574396141265,7,836
-0.4070865278358376,1.44057252167429,-0.2968668138158809,-0.1712890771524633,0.0014258486016516,0.5255235067051824,0.6739943098869814,-0.6394321373555926,-1.2197978709902613,-1.2781967575048043,-1.1482721829700009,5,1304
-1.0940450435588125,-0.8985488879484376,-0.0934078012591116,-0.466421415852694,-0.2737258964884884,0.5255235067051824,0.0941565525310056,0.3479784635540268,1.653847688226706,-0.2213883629981396,-0.5936010735498088,6,191
-0.6360726997434958,0.5494786513418223,-1.2124323703213424,-0.2450721618275207,-0.146732783369962,0.1351272969958487,1.2843498439459031,0.3739629530516469,1.3984125274074195,-0.4562346728885097,-0.5936010735498088,6,894
-1.3802777584433854,-0.7593154707089894,-0.7037848389294193,-0.0975059924774055,-0.654705235844069,-0.1576698602861515,-0.5467167582308623,-1.6164489424662678,1.9731416392508156,0.072169524364823,1.8099737339376831,6,1292
-1.323031215466471,-0.1745351183033076,-1.3650266297389193,-0.8353368392279824,-0.6335397169909791,-0.0600708078588181,-0.6077523116367545,-1.1695157231071107,0.312813093925454,-1.2194851800322115,-0.8709366282599048,5,1337
0.9095839606331984,0.5494786513418223,-0.144272554398304,-0.0975059924774055,-0.2102293399292252,-0.938462279704819,-0.3941278747161318,0.3479784635540268,-1.4113742416047277,-0.5149462503611023,-0.9633818131632697,5,536
-0.6360726997434958,-1.5668692906977884,0.516969236411196,-0.0237229078023477,-0.506546603872453,-0.4504670175681519,-0.1499856610925631,-1.21628780420285,1.3345537372025995,0.8354200315085253,1.8099737339376831,7,1192
-0.6933192427204107,0.1596250830713679,-0.652920085790227,-0.6877706698778668,-0.1890638210761375,-0.8408632272774856,-0.8518945252603232,-0.4211624255755726,-0.2619160179179389,-0.2213883629981396,-1.0558269980666344,5,961
0.279871987887138,0.4380919175502637,0.1609159644368498,0.1976263462228251,0.0225913674547394,0.1351272969958487,0.0026032224221673,0.4519164215445647,-0.3257748081227619,-0.8672157151966569,-1.0558269980666344,4,41
1.3675563044485144,-1.0099356217399962,1.3308052866382731,0.0500601768727099,-0.3583879719008389,-1.0360613321321526,-0.9129300786662152,0.2440405055635466,-1.028221500375798,-0.045253630580362,0.5157411452905716,8,498
-0.0636072699743503,2.6101332264856536,-0.9072438514861886,-0.1712890771524633,-0.4642155661662775,-0.8408632272774856,-0.2720567679043474,0.0621490790802063,0.0573779331061676,-0.6323694053062867,-1.33316255277673,6,234
2.9704595078021234,-0.0074550176159698,2.653288868257273,1.6732880397239789,0.6998879707535458,0.7207216115598494,0.9486543002134962,2.6346135393448797,-0.8366451297613318,0.6592852990907477,2.364644843357873,5,353
-0.1781003559281791,0.7722521189249394,0.1609159644368498,-0.3926383311776362,-0.5700431604317161,2.184707397969851,0.4908876496693048,-0.4835252003698723,-0.3257748081227619,-0.5736578278336941,-0.2238203339363497,6,436
2.3979940780329776,-0.8985488879484376,1.432534792916658,0.0500601768727099,-0.0832362268106989,0.9159197164145162,0.6739943098869814,1.4393270224542418,-1.028221500375798,0.9528431864537098,-0.0389299641296186,6,472
0.9095839606331984,-0.2302284851990869,1.5851290523342343,0.7141079389482291,0.1495844805732657,-0.6456651224228187,-0.0889501076866709,1.9070478334114027,-0.1341984375082957,-0.4562346728885097,-1.33316255277673,5,593
-0.750565785697325,1.1899523706432833,-0.7546495920686117,-0.5402045005277516,0.5728948576350198,-0.0600708078588181,0.551923203075197,-0.4419500171736917,-0.5812099689420455,-0.3975230954159172,-0.8709366282599048,6,1194
0.8523374176562839,2.498746492694095,0.2626454707152345,-0.1712890771524633,-0.1890638210761375,1.8919102406878503,3.237487552934453,0.6597923375255251,-0.389633598327582,-1.0433504476144344,-0.9633818131632697,5,684
0.3943650738409668,-0.4530019527822037,1.1273462740815037,0.0500601768727099,-0.0620707079576111,0.5255235067051824,0.887618746807604,1.0235751904922634,0.2489543037206338,-0.5149462503611023,-0.6860462584531752,5,590
-0.4070865278358376,5.840348506440849,-1.3650266297389193,-0.3188552465025784,1.0597017912560347,-1.0360613321321526,-1.126554515586838,-1.02400258192045,1.2068361567929562,-1.513043067395174,0.4232959603872068,3,1299
-0.750565785697325,-1.733949391385126,0.1609159644368498,-0.5402045005277516,-0.4642155661662775,0.0375282445685153,-0.790858971854431,-0.0054105936135942,1.9092828490459923,0.9528431864537098,-0.4087107037430793,6,1143
-0.6360726997434958,0.493785284446043,-1.0598381109037656,-0.0237229078023477,-0.1890638210761375,0.1351272969958487,1.1622787371341188,0.3791598509512055,1.2706949469977764,-0.7497925602514718,-0.6860462584531752,5,863
-0.4070865278358376,0.8557921692686082,-0.1951373075374962,-0.1712890771524633,0.5093983010757567,0.427924454277849,1.1622787371341188,-0.1717113263984317,-0.6450687591468685,-0.2800999404707321,-1.0558269980666344,5,629
0.3371185308640524,-0.8428555210526584,0.6695634958287731,-0.2450721618275207,-0.4007190096070144,-0.3528679651408184,-0.5467167582308623,-0.97203360292521,-0.2619160179179389,0.5418621441455627,1.9948641037444128,7,1016
-0.464333070812752,-0.6200820534695416,0.2626454707152345,0.1238432615477677,-0.4218845284601021,-0.8408632272774856,-0.6382700883397006,-0.2340741011926737,-0.4534923885324022,-1.2781967575048043,-0.0389299641296186,5,862
-0.3498399848589227,-0.2302284851990869,-0.0425430481199193,-0.466421415852694,-0.5277121227255407,-0.6456651224228187,-0.455163428122024,-0.0677733684078938,0.5043894645399202,-0.1039652080529545,-0.77849144335654,5,93
1.8255286482638315,-1.0099356217399962,1.1273462740815037,0.5665417695981135,-0.3583879719008389,-0.5480660699954852,-0.2720567679043474,1.8550788544161627,0.0573779331061676,1.4812473837070426,0.5157411452905716,6,570
-0.8078123286742394,0.5773253347897119,-0.5003258263726501,-0.0975059924774055,3.2609157519771577,-0.938462279704819,-0.8518945252603232,-0.327618263384152,0.5682482547447404,-0.3975230954159172,-0.1313751490329834,6,777
-0.9795519576049836,0.2710118168629259,-1.2632971234605348,-0.3926383311776362,-0.5277121227255407,2.087108345542517,0.21622765934279,-1.5540861676719682,0.2489543037206338,0.6005737216181553,1.0704122547107615,7,1452
-0.3498399848589227,1.6911926727052962,-1.3650266297389193,0.0500601768727099,-0.1255672645168743,-0.938462279704819,-0.9739656320721076,0.3999474425493246,-0.0703396473034755,-0.8085041377240643,-1.0558269980666344,5,602
2.455240621009892,-0.8428555210526584,1.9920470774477728,0.0500601768727099,0.0225913674547394,-0.5480660699954852,-0.1499856610925631,2.2188617073828434,-0.9005039199661548,0.1308811018374155,-0.5936010735498088,6,359
-0.3498399848589227,0.2153184499671466,-0.2968668138158809,-0.7615537545529246,-0.3795534907539267,-1.133660384559486,-1.126554515586838,-1.1175467441118707,-0.964362710170975,-0.6910809827788792,-0.5936010735498088,6,1200
-1.7237570163048732,0.2153184499671466,-1.314161876599727,-0.6139875852028093,-0.6970362735502423,-1.0360613321321526,-0.5772345349338084,-1.7307806962558077,1.653847688226706,1.0702663413988949,1.902418918841048,7,444
-0.5788261567665813,-0.0631483845117491,0.2626454707152345,-0.3188552465025784,-0.3583879719008389,3.4534950795251853,0.7350298632928736,-1.325422660092889,0.1850955135158108,0.9528431864537098,2.2721996584545088,6,982
1.1385701325408568,-0.6757754203653208,0.7712930021071575,-0.0975059924774055,2.668281224090702,-0.938462279704819,-0.9739656320721076,1.387358043458944,-0.7727863395565115,-0.2213883629981396,-0.8709366282599048,6,307
0.0508858159794794,0.1596250830713679,-0.9581086046253808,-0.3188552465025784,0.3824051879572303,0.0375282445685153,-0.0584323309837248,-0.4835252003698723,-1.155939080785441,-0.8085041377240643,0.5157411452905716,5,333
-0.9795519576049836,-0.0631483845117491,-0.9581086046253808,-0.0975059924774055,-0.3583879719008389,-0.255268912713485,-0.6077523116367545,-1.6372365340643291,0.5682482547447404,0.365727411727785,1.902418918841048,7,1066
0.4516116168178812,-0.1745351183033076,0.1609159644368498,-0.466421415852694,-0.4642155661662775,-0.7432641748501522,-0.8824123019632693,0.5246729921378662,0.0573779331061676,0.3070158342551925,0.0535152207737461,6,980
1.1958166755177713,-0.6757754203653208,1.432534792916658,0.4927586849230561,-0.2313948587823129,0.6231225591325159,0.2467454360457361,1.491296001449482,-1.028221500375798,1.3638242287618574,-0.5011558886464441,6,434
-0.4070865278358376,-0.9542422548442168,0.2117807175760421,-0.6139875852028093,-0.1678983022230497,1.0135187688418497,0.5824409797781431,0.2232529139654852,0.95140099597367,-0.2213883629981396,-0.8709366282599048,6,1174
-0.0636072699743503,-1.1213223555315543,0.6186987426895807,-0.0237229078023477,-0.2737258964884884,1.30631592612385,0.0636387758280595,-0.7537638911451323,0.0573779331061676,1.305112651289265,1.8099737339376831,7,1167
-0.5215796137896664,-0.3416152189906455,0.9747520146639268,-0.2450721618275207,0.5728948576350198,-0.8408632272774856,-0.790858971854431,-0.1353330411017521,0.0573779331061676,-0.162676785525547,0.0535152207737461,5,1518
-1.2657846724895565,-1.7896427582809054,0.6695634958287731,-0.8353368392279824,-0.4430500473131898,2.428705029038184,3.634218650072752,-2.874098234151205,-0.389633598327582,-0.3975230954159172,1.3477478094208577,6,354
-0.0636072699743503,1.9696595071841925,-0.3477315669550731,-0.8353368392279824,-0.019739670251436,-0.8408632272774856,-0.455163428122024,-1.107152948312811,-1.2836566611950844,-1.1607736025596191,-0.4087107037430793,5,1376
0.3943650738409668,0.8836388527164973,-1.3650266297389193,-0.0975059924774055,0.0225913674547394,0.3303254018505156,-0.2415389912014013,1.1794821274779836,0.2489543037206338,-0.3388115179433247,-1.0558269980666344,5,739
-0.1208538129512647,0.076085032727699,-0.4494610732334578,-0.466421415852694,-0.146732783369962,-0.255268912713485,-0.3330923213102396,0.2440405055635466,-0.0703396473034755,-0.3975230954159172,-1.33316255277673,6,102
-0.6360726997434958,-0.6479287369174311,0.4661044832720036,-0.3926383311776362,-0.1255672645168743,-0.255268912713485,-0.0279145542807787,0.2440405055635466,1.079118576383313,-0.1039652080529545,-1.1482721829700009,5,137
0.9095839606331984,0.0482383492798094,0.9238872615247344,-0.1712890771524633,-0.3372224530477515,0.0375282445685153,-0.1805034377955091,1.231451106473224,0.5043894645399202,-0.2213883629981396,-0.9633818131632697,5,644
-0.3498399848589227,2.248126341663089,0.8221577552463498,-0.2450721618275207,0.5728948576350198,0.6231225591325159,2.077812038222502,0.1401025475730665,-0.389633598327582,0.4244389892003776,-1.1482721829700009,5,46
-0.5215796137896664,1.1621056871953936,-1.0089733577645732,-0.6139875852028093,-0.019739670251436,-0.0600708078588181,0.0636387758280595,-0.8888832365327912,-1.2197978709902613,-1.0433504476144344,-0.4087107037430793,5,1246
-0.6360726997434958,-0.8428555210526584,0.2117807175760421,-0.3926383311776362,-0.654705235844069,-0.0600708078588181,-0.5161989815279162,-1.0447901735185114,-0.5173511787372252,0.6005737216181553,0.7930767000006675,8,1449
2.5697337069637216,0.4659386009981534,1.9920470774477728,2.411118886474556,-0.0832362268106989,-0.8408632272774856,-0.1194678843896169,2.84248945532584,-1.5390918220143708,0.4244389892003776,-0.4087107037430793,7,364
2.1117613631484047,-0.4530019527822037,1.432534792916658,-0.3926383311776362,-0.2948914153415761,0.9159197164145162,0.0941565525310056,1.543264980444722,-1.3475154513999046,0.6005737216181553,-0.1313751490329834,6,286
-0.5788261567665813,-1.0099356217399962,-0.144272554398304,-0.3926383311776362,-0.4218845284601021,1.2087168736965166,0.0636387758280595,-0.5043127919679914,0.7598246253592066,-0.6910809827788792,-0.4087107037430793,4,872
-1.2085381295126416,0.3823985506544844,-0.9581086046253808,-0.3926383311776362,0.0649224051609148,1.59911308340585,-0.0584323309837248,-0.9512460113270907,0.8875422057688498,-0.4562346728885097,0.0535152207737461,5,1594
1.4248028474254295,-0.7314687872610998,0.7204282489679651,-0.2450721618275207,-0.0620707079576111,-0.8408632272774856,-0.8824123019632693,0.8676682535064855,-1.4752330318095477,0.072169524364823,-1.0558269980666344,6,676
1.2530632184946855,-0.1188417514075283,1.8903175711693885,-0.0975059924774055,0.4247362256634058,-0.938462279704819,-0.9434478553691614,0.2960094845587868,-1.4113742416047277,0.0134579468922305,1.255302624517493,7,514
-0.2925934418820083,0.1596250830713679,-0.3985963200942655,-0.5402045005277516,0.3612396691041426,-0.3528679651408184,0.0331209991251134,-0.1717113263984317,-0.7727863395565115,1.5986705386522275,-0.8709366282599048,5,110
0.279871987887138,0.1039317161755887,-1.16156761718215,-0.2450721618275207,0.6787224519004581,-0.1576698602861515,0.3077809894516283,-0.2756492843889119,-0.6450687591468685,-0.3388115179433247,0.4232959603872068,6,121
-0.3498399848589227,0.2710118168629259,-1.314161876599727,-0.5402045005277516,0.0225913674547394,-0.3528679651408184,-0.8518945252603232,-0.545887975164172,0.0573779331061676,-0.5736578278336941,0.0535152207737461,7,1024
-0.0063607269974349,0.0482383492798094,0.0591864581584653,-0.466421415852694,-0.2102293399292252,-0.4504670175681519,-0.1805034377955091,0.5558543795350449,0.5043894645399202,-0.2800999404707321,-0.4087107037430793,6,116
-1.036798500581898,-0.0074550176159698,-1.0598381109037656,-0.3926383311776362,-0.506546603872453,1.30631592612385,-0.0584323309837248,-0.9564429092265918,0.4405306743350972,1.0115547639263025,-0.1313751490329834,6,1517
-1.2657846724895565,0.3823985506544844,-0.9581086046253808,-0.5402045005277516,-0.3372224530477515,-0.1576698602861515,-0.0279145542807787,-1.751568287853869,0.4405306743350972,-0.6910809827788792,0.5157411452905716,5,1473
1.7110355623100029,-0.9542422548442168,1.9920470774477728,-0.0975059924774055,0.763384527312809,-1.2312594369868193,-1.157072292289784,-0.1613175305993722,-0.7089275493516886,-0.7497925602514718,1.3477478094208577,6,1021
-0.8650588716511542,-0.2859218520948662,-0.0934078012591116,-0.3926383311776362,-0.2313948587823129,1.30631592612385,0.4603698729663587,-0.7433700953461305,0.1850955135158108,-0.3388115179433247,-0.0389299641296186,5,1523
-0.8078123286742394,0.5494786513418223,-1.314161876599727,-0.0975059924774055,-0.2313948587823129,-0.1576698602861515,-0.2110212144984552,-0.784945278542311,0.1850955135158108,-0.7497925602514718,0.330850775483842,6,1463
0.1653789019333082,-0.3416152189906455,1.025616767803119,-0.0975059924774055,-0.2737258964884884,-0.8408632272774856,-0.5161989815279162,0.607823358530285,-1.4752330318095477,-1.1607736025596191,-0.8709366282599048,5,654
-0.5788261567665813,-0.2302284851990869,-0.8563790983469962,0.0500601768727099,-0.4007190096070144,-1.133660384559486,-0.9739656320721076,-0.5770693625613507,-0.0703396473034755,-1.102062025087027,0.0535152207737461,5,810
-0.2925934418820083,-0.0631483845117491,-0.0934078012591116,-0.466421415852694,-0.1255672645168743,-0.1576698602861515,-0.2415389912014013,0.8676682535064855,0.7598246253592066,-0.045253630580362,-1.33316255277673,6,496
-0.0063607269974349,0.2710118168629259,-0.7037848389294193,0.2714094308978829,0.1919155182794411,-0.1576698602861515,0.521405426372251,0.8676682535064855,-0.9005039199661548,-0.2213883629981396,-1.2407173678733654,6,604
-0.5215796137896664,0.7165587520291601,-1.3650266297389193,-0.5402045005277516,-0.2525603776354006,-0.255268912713485,-0.1805034377955091,0.5558543795350449,1.2706949469977764,-0.5736578278336941,-0.9633818131632697,5,5
2.455240621009892,-1.232709089323113,2.2972355962829267,-0.2450721618275207,-0.3160569341946638,-0.938462279704819,-0.5161989815279162,1.0235751904922634,-2.7524088359059795,0.9528431864537098,-0.5936010735498088,8,440
-0.9223054146280688,-0.3973085858864244,-0.144272554398304,-0.6139875852028093,-0.2102293399292252,0.2327263494231821,-0.3636100980131857,-1.0032149903223309,0.5043894645399202,-0.3388115179433247,0.1459604056771109,6,1327
-0.3498399848589227,0.1596250830713679,-0.9581086046253808,-0.0237229078023477,0.5728948576350198,-0.1576698602861515,0.0026032224221673,0.1920715265683066,-0.4534923885324022,0.0134579468922305,-0.77849144335654,6,803
-0.464333070812752,0.3823985506544844,-1.2124323703213424,-0.5402045005277516,0.1707499994263534,0.9159197164145162,1.62004538767831,-0.8992770323318507,0.2489543037206338,-0.6910809827788792,-0.3162655188397145,5,152
-1.1512915865357272,-0.7871621541568791,-0.9581086046253808,-0.6139875852028093,-0.4430500473131898,-1.2312594369868193,-0.790858971854431,-0.6914011163508904,0.1850955135158108,-0.4562346728885097,-0.9633818131632697,5,143
0.9095839606331984,-0.1745351183033076,-0.144272554398304,-0.1712890771524633,0.3400741502510549,-0.938462279704819,-0.9739656320721076,0.5558543795350449,0.1850955135158108,-0.8085041377240643,-0.4087107037430793,4,576
-0.0636072699743503,-1.8453361251766844,0.8221577552463498,-0.0237229078023477,-0.2313948587823129,1.5015140309785169,0.1551921059368978,-0.0054105936135942,1.3984125274074195,0.8941316089811179,-0.0389299641296186,6,1145
0.566104702771711,-0.2859218520948662,0.1100512112976574,-0.3188552465025784,0.8480466027251599,-0.938462279704819,-0.9129300786662152,0.0361645895825863,-0.5812099689420455,0.365727411727785,0.7006315150973011,5,447
-0.1208538129512647,1.8861194568405235,-1.3650266297389193,-0.2450721618275207,-0.0620707079576111,-0.5480660699954852,-0.455163428122024,-0.0885609600060129,-0.389633598327582,-0.9259272926692492,-0.5936010735498088,5,757
-0.0636072699743503,1.1621056871953936,-0.9072438514861886,-0.3926383311776362,-0.4218845284601021,-1.0360613321321526,-1.096036738883892,-1.325422660092889,-0.1980572277131187,-0.5149462503611023,1.255302624517493,6,1064
-0.750565785697325,0.493785284446043,-0.9581086046253808,-0.5402045005277516,-0.2313948587823129,-0.7432641748501522,-0.6687878650426466,0.5558543795350449,1.079118576383313,-0.7497925602514718,-1.33316255277673,5,89
-0.3498399848589227,0.8836388527164973,-1.110702864042958,0.1238432615477677,-0.2525603776354006,-0.0600708078588181,-0.5772345349338084,0.3479784635540268,-0.3257748081227619,-0.2800999404707321,-1.2407173678733654,5,404
-0.6360726997434958,-0.8428555210526584,0.1609159644368498,-0.5402045005277516,-0.2948914153415761,1.5015140309785169,0.7350298632928736,0.0621490790802063,0.6959658351543836,-0.3975230954159172,-0.8709366282599048,6,1082
0.6233512457486253,-1.4554825569062295,1.3308052866382731,-0.0975059924774055,-0.2737258964884884,-0.938462279704819,-0.8518945252603232,-0.2756492843889119,-0.7089275493516886,2.772902088104076,1.4401929943242224,7,377
-0.6933192427204107,-0.2859218520948662,0.0591864581584653,0.1976263462228251,-0.4007190096070144,-0.938462279704819,-0.9129300786662152,0.0465583853816458,-0.4534923885324022,-0.7497925602514718,-0.1313751490329834,5,824
0.3371185308640524,-0.5643886865737623,0.9238872615247344,-0.466421415852694,-0.7393673112564177,-0.938462279704819,-0.9129300786662152,-1.0032149903223309,0.2489543037206338,0.2483042567826,1.902418918841048,6,336
2.1117613631484047,-0.1745351183033076,1.6359938054734269,-0.8353368392279824,-0.2948914153415761,0.7207216115598494,-0.1194678843896169,0.6597923375255251,-2.4969736750866933,0.1308811018374155,0.0535152207737461,7,657
2.5697337069637216,-1.2884024562188925,2.3989651025613115,0.0500601768727099,0.1707499994263534,-0.6456651224228187,-0.5467167582308623,1.387358043458944,-0.7089275493516886,0.6592852990907477,0.330850775483842,7,205
-1.2085381295126416,0.6608653851333808,-1.0598381109037656,-0.6877706698778668,-0.781698348962593,-0.938462279704819,-0.8518945252603232,-1.6892055130595691,1.653847688226706,-0.6910809827788792,1.3939704018725394,5,1492
0.3943650738409668,-0.9542422548442168,1.2799405334990808,-0.3188552465025784,0.5093983010757567,-1.0360613321321526,-1.096036738883892,-0.545887975164172,-0.0064808570986525,-0.2213883629981396,0.7930767000006675,6,956
0.1081323589563938,-0.7314687872610998,0.6695634958287731,2.780034309849844,-0.781698348962593,-1.2312594369868193,-1.096036738883892,-0.5562817709632315,-0.1980572277131187,-0.5736578278336941,1.4401929943242224,4,1276
-0.5788261567665813,0.1039317161755887,-1.2124323703213424,-0.6877706698778668,-0.3160569341946638,0.1351272969958487,-0.1194678843896169,-0.5874631583603525,0.376671884130277,-1.0433504476144344,-1.33316255277673,4,167
-0.1781003559281791,-1.9567228589682428,0.516969236411196,-1.2042522626032708,-0.8028638678156808,1.989509293115184,1.9252231547077712,-3.461347696797464,-2.6885500457011564,-1.2781967575048043,2.087309288647777,6,1018
-0.1208538129512647,1.8861194568405235,-1.3650266297389193,-0.2450721618275207,-0.0620707079576111,-0.5480660699954852,-0.455163428122024,-0.0885609600060129,-0.389633598327582,-0.9259272926692492,-0.5936010735498088,5,758
-0.9223054146280688,1.217799054091173,-1.314161876599727,-0.0975059924774055,-0.1890638210761375,0.1351272969958487,-0.4246456514190779,-0.6394321373555926,1.5261301078170628,-0.2800999404707321,2.179754473551144,6,355
0.0508858159794794,-0.8985488879484376,0.8221577552463498,-0.1712890771524633,-0.506546603872453,-0.3528679651408184,-0.8213767485573771,-0.6394321373555926,-0.9005039199661548,0.8941316089811179,0.7006315150973011,7,1544
0.3943650738409668,-0.5643886865737623,0.3643749769936192,-0.0237229078023477,-0.146732783369962,1.0135187688418497,1.223314290540011,1.0235751904922634,0.4405306743350972,-0.2213883629981396,-0.8709366282599048,6,410
-0.2353468989050935,0.2710118168629259,-0.1951373075374962,-0.1712890771524633,-0.2313948587823129,0.7207216115598494,1.4674565041635796,0.0673459769797072,-0.6450687591468685,-0.4562346728885097,-0.8709366282599048,6,1199
-0.9223054146280688,0.2710118168629259,-0.9581086046253808,-0.5402045005277516,0.2130810371325268,-0.0600708078588181,0.5824409797781431,-0.4315562213746322,-0.1980572277131187,-0.6910809827788792,-1.1482721829700009,5,10
-0.2925934418820083,2.1088929244236407,-1.0089733577645732,-0.466421415852694,-0.6123741981378936,0.6231225591325159,0.0331209991251134,-0.7693545848437505,1.2706949469977764,-1.3369083349773967,0.2384055905804756,6,755
-0.8650588716511542,-0.2859218520948662,-0.9581086046253808,-0.5402045005277516,-0.2737258964884884,2.379905502824517,0.551923203075197,-0.7485669932456314,-1.2197978709902613,-0.984638870141842,-0.77849144335654,5,1085
1.8255286482638315,-1.9567228589682428,1.2290757803598884,1.0830233623235177,0.3612396691041426,-1.133660384559486,-0.6993056417455927,1.491296001449482,-0.1980572277131187,1.833516848542597,-0.3162655188397145,6,277
-0.9795519576049836,1.078565636851725,-0.9072438514861886,2.1897696324493827,0.6363914141942806,-0.6456651224228187,-0.8824123019632693,-0.0937578579055139,0.2489543037206338,-0.984638870141842,0.330850775483842,6,1094
0.566104702771711,-0.7314687872610998,1.1273462740815037,-0.0237229078023477,-0.0409051891045234,2.184707397969851,2.932309785904992,0.5558543795350449,-0.5812099689420455,-0.6323694053062867,-0.9633818131632697,5,523
0.6233512457486253,-0.7314687872610998,0.2117807175760421,-0.2450721618275207,0.0649224051609148,-0.255268912713485,0.4908876496693048,-0.0677733684078938,-1.5390918220143708,-0.162676785525547,0.0535152207737461,6,115
0.4516116168178812,-0.3416152189906455,1.1273462740815037,0.0500601768727099,0.1495844805732657,2.184707397969851,1.833669824598933,0.7637302955160054,-1.4752330318095477,-0.3975230954159172,-1.2407173678733654,5,545
-0.2925934418820083,-0.0074550176159698,-1.314161876599727,-0.6877706698778668,-0.2102293399292252,-1.2312594369868193,-0.8213767485573771,-0.8992770323318507,-0.964362710170975,-1.1607736025596191,-0.5936010735498088,5,1418
-0.6360726997434958,-0.9542422548442168,0.9747520146639268,-0.3188552465025784,-0.2737258964884884,0.8183206639871828,-0.0584323309837248,-0.7225825037480114,0.5682482547447404,1.1289779188714877,0.5157411452905716,7,1208
-0.464333070812752,-0.8428555210526584,1.534264299195042,-0.1712890771524633,0.403570706810318,-1.0360613321321526,-1.0350011854779997,-0.353602752881772,0.312813093925454,-0.6323694053062867,0.8855218849040323,6,1504
-0.6933192427204107,-0.3973085858864244,-0.652920085790227,0.1976263462228251,-0.2313948587823129,-0.0600708078588181,-0.2720567679043474,-0.2548616927907928,0.312813093925454,-0.984638870141842,0.2384055905804756,5,827
-0.6360726997434958,0.493785284446043,-1.0598381109037656,0.1238432615477677,-0.2102293399292252,-0.0600708078588181,1.1927965138370649,0.3791598509512055,1.2706949469977764,-0.6910809827788792,-0.8709366282599048,5,860
-0.2925934418820083,-0.5643886865737623,0.2626454707152345,0.1976263462228251,-0.146732783369962,1.30631592612385,0.3688165428575204,0.3479784635540268,-0.0064808570986525,-0.1039652080529545,-0.1313751490329834,5,337
1.024077046587027,2.248126341663089,-0.2460020606766886,0.6403248542731713,0.3824051879572303,-0.4504670175681519,1.223314290540011,2.2188617073828434,0.7598246253592066,-0.1039652080529545,0.7930767000006675,4,633
2.8559664218482945,-1.065628988635775,1.2799405334990808,0.4927586849230561,0.1495844805732657,0.1351272969958487,0.21622765934279,2.426737623363919,-1.666809402424014,0.8941316089811179,-0.8709366282599048,6,294
-0.6360726997434958,-0.0074550176159698,-0.7037848389294193,-0.3926383311776362,-0.6123741981378936,0.2327263494231821,-0.7298234184485388,-0.5199034856665519,-0.6450687591468685,0.1308811018374155,-0.5011558886464441,6,1532
0.2226254449102226,0.5494786513418223,0.0591864581584653,0.1238432615477677,0.1919155182794411,0.1351272969958487,0.7045120865899275,0.3167970761569059,-0.3257748081227619,-0.162676785525547,-0.2238203339363497,6,1283
-0.750565785697325,-0.5643886865737623,0.4661044832720036,-0.6877706698778668,0.0437568863078271,-0.1576698602861515,-0.2720567679043474,-0.301633773886532,0.1850955135158108,-0.5736578278336941,-1.1482721829700009,6,204
-0.464333070812752,0.2153184499671466,-1.2632971234605348,0.0500601768727099,-0.2102293399292252,-0.4504670175681519,-0.3330923213102396,-0.6030538520589707,0.312813093925454,-0.2213883629981396,0.330850775483842,6,1380
0.0508858159794794,0.493785284446043,-0.7546495920686117,-0.5402045005277516,-0.3160569341946638,2.184707397969851,0.0026032224221673,-0.8784894407337316,0.4405306743350972,1.3638242287618574,1.255302624517493,6,919
0.8523374176562839,0.7165587520291601,0.6186987426895807,0.4927586849230561,-0.0832362268106989,0.5255235067051824,0.3993343195604665,1.1275131484827436,0.376671884130277,0.3070158342551925,0.977967069807397,7,318
-0.6933192427204107,1.9139661402884127,-1.110702864042958,2.3373358017994983,-0.1044017456637886,-1.2312594369868193,-0.9739656320721076,0.7013675207217056,0.5682482547447404,-0.8085041377240643,-0.2238203339363497,3,1478
0.1653789019333082,-0.3416152189906455,0.008321705019273,-0.1712890771524633,-0.6758707546971546,-0.1576698602861515,-0.5467167582308623,-0.816126665939432,-0.8366451297613318,0.8354200315085253,0.7006315150973011,5,928
-0.750565785697325,-0.4530019527822037,0.3643749769936192,0.1238432615477677,-0.1044017456637886,0.0375282445685153,0.7960654166987657,0.6597923375255251,1.5261301078170628,-0.3388115179433247,-0.8709366282599048,5,733
0.9095839606331984,0.2153184499671466,-0.0934078012591116,-0.3926383311776362,0.3612396691041426,-0.3528679651408184,1.3148676206488492,-0.2236803053936718,-1.730668192628834,1.42253580623445,-0.3162655188397145,5,1413
1.596542476356173,-1.0099356217399962,1.0764815209423113,0.4189756002479984,0.0649224051609148,-1.0360613321321526,-0.7603411951514849,0.9716062114970234,-0.9005039199661548,-0.7497925602514718,0.0535152207737461,5,252
-0.750565785697325,0.2153184499671466,-1.2632971234605348,-0.3926383311776362,-0.3160569341946638,0.1351272969958487,-0.6077523116367545,-0.5095096898674923,0.312813093925454,-0.2800999404707321,-0.2238203339363497,5,1546
0.1653789019333082,0.5494786513418223,-0.5003258263726501,0.2714094308978829,0.2554120748387043,0.5255235067051824,2.2304009217372323,0.6597923375255251,-1.4113742416047277,-0.8085041377240643,-1.0558269980666344,5,789
-0.2353468989050935,-0.1745351183033076,0.3135102238544269,-0.3926383311776362,-0.0620707079576111,-0.0600708078588181,2.9628275626079383,0.0361645895825863,-0.7089275493516886,-0.6323694053062867,-0.8709366282599048,5,188
-0.9223054146280688,1.2734924209869525,-1.2632971234605348,-0.5402045005277516,-0.1890638210761375,-0.938462279704819,-1.0350011854779997,-0.3795872423793921,1.5261301078170628,-0.162676785525547,-0.4549332961947625,3,1505
0.1653789019333082,-0.2302284851990869,1.2290757803598884,-0.3926383311776362,7.09187466438603,0.0375282445685153,0.4908876496693048,0.607823358530285,-1.794526982833657,3.0077483979944466,-1.33316255277673,5,692
0.5088581597947955,0.7722521189249394,-0.8563790983469962,0.3451925155729406,0.0860879240140025,-0.3528679651408184,0.0636387758280595,1.117119352683684,-0.0064808570986525,-0.6910809827788792,-0.8709366282599048,6,765
-1.6665104733279583,1.1621056871953936,-0.9072438514861886,-0.6139875852028093,0.0437568863078271,0.0375282445685153,-0.6077523116367545,-1.4085730264852498,2.292435590274922,-0.5736578278336941,1.0704122547107615,6,1591
-0.5788261567665813,0.6608653851333808,-1.3650266297389193,-0.9829030085780978,-0.4642155661662775,-0.0600708078588181,-0.7603411951514849,-1.107152948312811,0.5043894645399202,-1.102062025087027,-0.4087107037430793,7,7
-0.0636072699743503,1.1064123202996143,-0.2968668138158809,-0.6139875852028093,-0.2737258964884884,-1.0360613321321526,-1.0044834087750536,0.0361645895825863,-0.7089275493516886,-0.8085041377240643,-0.8709366282599048,5,673
-0.464333070812752,-0.2302284851990869,-0.3985963200942655,-0.466421415852694,-0.2313948587823129,-0.5480660699954852,-0.0584323309837248,-0.5354941793651125,0.5043894645399202,-0.6910809827788792,-0.6860462584531752,5,218
-0.6360726997434958,0.2153184499671466,-1.110702864042958,-0.1712890771524633,-0.1255672645168743,0.0375282445685153,-0.3025745446072935,-0.566675566762291,0.4405306743350972,-0.3388115179433247,-0.1313751490329834,6,1266
0.3943650738409668,1.4127258382264003,-0.144272554398304,-0.6139875852028093,-0.1890638210761375,-0.5480660699954852,-0.7603411951514849,0.0985273643768859,-0.1341984375082957,0.072169524364823,-0.4087107037430793,5,1164
1.2530632184946855,-1.6225626575935674,0.7712930021071575,-0.5402045005277516,-0.2102293399292252,-0.938462279704819,-0.7298234184485388,0.4519164215445647,-0.6450687591468685,2.3032094683233373,0.330850775483842,7,504
-1.0940450435588125,-1.232709089323113,-0.9072438514861886,-0.8353368392279824,-0.4430500473131898,-0.0600708078588181,-0.5467167582308623,-1.1123498462123698,0.6959658351543836,0.2483042567826,-0.4087107037430793,7,1494
0.3943650738409668,-0.7314687872610998,0.8221577552463498,-0.0975059924774055,-0.4007190096070144,1.30631592612385,0.0026032224221673,-1.263059885298589,-0.7089275493516886,-0.3388115179433247,1.625083364130952,6,968
-0.2353468989050935,-0.0074550176159698,-0.144272554398304,-0.3926383311776362,-0.3160569341946638,-0.0600708078588181,1.8031520478959868,-0.3795872423793921,-0.2619160179179389,-0.6910809827788792,-0.9633818131632697,6,311
0.279871987887138,-0.3973085858864244,0.9238872615247344,0.0500601768727099,-0.4642155661662775,-0.8408632272774856,-0.8518945252603232,-1.055183969317571,0.0573779331061676,0.7767084540359328,3.2890966923915244,6,467
1.024077046587027,-0.4530019527822037,-0.1951373075374962,-0.466421415852694,-0.1044017456637886,-0.5480660699954852,-0.8518945252603232,0.5246729921378662,-0.5812099689420455,-0.045253630580362,-1.0558269980666344,6,892
-0.0063607269974349,1.7468860396010757,-1.314161876599727,-0.2450721618275207,-0.3583879719008389,-1.0360613321321526,-0.9739656320721076,-0.0158043894126537,0.0573779331061676,-0.4562346728885097,0.5157411452905716,4,647
-0.1208538129512647,1.3848791547785109,-0.1951373075374962,0.0500601768727099,-0.5912086792848038,-1.0360613321321526,-0.9434478553691614,0.1401025475730665,0.376671884130277,-0.5736578278336941,0.7930767000006675,5,685
-1.5520173873741294,0.410245234102374,-1.110702864042958,-0.0975059924774055,-0.2948914153415761,0.3303254018505156,-0.6382700883397006,-2.156926324016788,1.589988898021886,-0.6323694053062867,2.2721996584545088,5,1052
1.7110355623100029,-0.9542422548442168,1.9920470774477728,-0.0975059924774055,0.763384527312809,-1.2312594369868193,-1.157072292289784,-0.1613175305993722,-0.7089275493516886,-0.7497925602514718,1.3477478094208577,6,1020
-0.1781003559281791,1.5519592554658486,-0.0934078012591116,0.6403248542731713,-0.2313948587823129,1.794311188260517,1.1927965138370649,-0.0261981852117133,-0.7727863395565115,-1.3956199124499893,-1.1482721829700009,5,1385
0.279871987887138,-0.6200820534695416,-0.2968668138158809,-0.0237229078023477,0.1072534428670902,1.6967121358331836,1.2843498439459031,0.7793209892145658,-0.7727863395565115,-0.8085041377240643,-1.1482721829700009,5,759
0.1653789019333082,1.6633459892574065,-1.3650266297389193,0.1976263462228251,0.1707499994263534,0.1351272969958487,-0.0889501076866709,0.7741240913150649,0.1212367233109906,-0.3388115179433247,-0.0389299641296186,6,1025
-0.750565785697325,0.8836388527164973,-1.0089733577645732,-0.0237229078023477,0.0860879240140025,-0.0600708078588181,-0.7603411951514849,-0.5251003835660528,0.4405306743350972,-0.3388115179433247,0.7930767000006675,6,1117
0.6805977887255398,0.2153184499671466,0.008321705019273,-0.1712890771524633,-0.1044017456637886,0.7207216115598494,2.9933453393108844,0.5662481753341045,-0.2619160179179389,-0.6323694053062867,-0.9633818131632697,5,772
-0.0636072699743503,-1.065628988635775,0.5678339895503883,-0.0237229078023477,-0.146732783369962,-0.3528679651408184,0.3382987661545744,0.5558543795350449,-0.0703396473034755,-1.102062025087027,-1.33316255277673,6,746
0.1081323589563938,-0.3973085858864244,1.6359938054734269,-0.8353368392279824,6.922550513561329,0.0375282445685153,-0.0279145542807787,0.150496343372126,-1.794526982833657,4.005845215028519,-1.1482721829700009,5,1051
-1.036798500581898,0.5494786513418223,0.3135102238544269,-0.5402045005277516,-0.5912086792848038,0.0375282445685153,-0.5467167582308623,-0.7381731974465718,0.312813093925454,-0.1039652080529545,-0.3162655188397145,6,1545
-0.3498399848589227,0.2710118168629259,-1.314161876599727,-0.5402045005277516,0.0225913674547394,-0.3528679651408184,-0.8518945252603232,-0.545887975164172,0.0573779331061676,-0.5736578278336941,0.0535152207737461,7,1029
-0.750565785697325,0.8557921692686082,-1.3650266297389193,-0.466421415852694,0.2554120748387043,-0.6456651224228187,-0.7298234184485388,-0.3484058549822711,0.1850955135158108,-0.3388115179433247,-0.6860462584531752,5,820
-0.8650588716511542,-0.9542422548442168,0.2626454707152345,-0.5402045005277516,-0.4218845284601021,-1.133660384559486,-1.157072292289784,-2.0425945702272483,0.312813093925454,-0.6323694053062867,2.179754473551144,7,1005
-1.2657846724895565,-1.1770157224273337,-0.0934078012591116,-0.1712890771524633,-0.3372224530477515,0.7207216115598494,0.3688165428575204,-0.2080896116950536,0.6959658351543836,1.833516848542597,0.1459604056771109,5,1522
0.9668305036101128,0.2710118168629259,-0.2460020606766886,-0.466421415852694,-0.146732783369962,-0.6456651224228187,-0.4246456514190779,0.3479784635540268,-1.155939080785441,-0.6323694053062867,-0.8709366282599048,5,622
-1.8954966452356168,-0.7314687872610998,1.178211027220696,1.3043726163486904,-0.8663604243749439,1.30631592612385,1.0402076303223344,-3.393788024103664,1.1429773665881362,0.0134579468922305,2.919315952778064,6,1114
-0.5788261567665813,-0.508695319677983,-0.3477315669550731,-0.6877706698778668,-0.8028638678156808,0.8183206639871828,0.551923203075197,-1.67881171726051,0.4405306743350972,-0.5149462503611023,1.1628574396141265,6,1271
-0.2353468989050935,-1.065628988635775,0.4661044832720036,-0.466421415852694,-0.4642155661662775,-1.0360613321321526,-1.096036738883892,-1.3202257621933302,-0.2619160179179389,-0.6910809827788792,0.7006315150973011,7,1201
-0.1781003559281791,-0.8428555210526584,-1.0598381109037656,-0.5402045005277516,-0.1890638210761375,-0.3528679651408184,0.0941565525310056,-0.2496647948912919,0.376671884130277,-0.8085041377240643,-0.5011558886464441,6,231
0.7378443317024541,1.3291857878827316,-0.7546495920686117,0.2714094308978829,-0.1044017456637886,1.4039149785511833,0.8571009701046579,0.9975907009946434,-0.0703396473034755,-0.1039652080529545,-0.0389299641296186,6,319
-0.6360726997434958,-0.1745351183033076,-0.4494610732334578,-0.3188552465025784,-0.3372224530477515,-0.3528679651408184,-0.455163428122024,0.4571133194440657,1.3345537372025995,0.365727411727785,-0.77849144335654,6,748
-0.464333070812752,0.4380919175502637,-0.0425430481199193,-0.466421415852694,-0.2948914153415761,0.8183206639871828,1.2843498439459031,-0.3172244675850925,-0.0703396473034755,-0.7497925602514718,-0.5936010735498088,5,1305
1.4248028474254295,-0.1745351183033076,0.9747520146639268,-0.0237229078023477,-0.2948914153415761,-1.0360613321321526,-0.5772345349338084,1.7511408964256825,-1.666809402424014,-0.1039652080529545,-0.8709366282599048,5,295
-0.6360726997434958,0.410245234102374,-1.2632971234605348,-0.466421415852694,0.1919155182794411,-0.5480660699954852,-0.455163428122024,-0.8992770323318507,0.95140099597367,-0.7497925602514718,1.255302624517493,6,1364
1.024077046587027,-1.232709089323113,0.8730225083855422,-0.1712890771524633,-0.146732783369962,0.6231225591325159,0.0026032224221673,1.0755441694875036,0.0573779331061676,0.072169524364823,-0.6860462584531752,6,113
0.7950908746793686,-0.0074550176159698,1.686858558612619,-0.3926383311776362,-1.0145190563465578,-1.0360613321321526,-0.8213767485573771,-0.4575407108722523,-0.0703396473034755,1.1876894963440798,1.8099737339376831,6,210
1.2530632184946855,-1.6225626575935674,1.025616767803119,-0.3188552465025784,-0.4430500473131898,-0.938462279704819,-0.6687878650426466,0.5558543795350449,-1.028221500375798,1.42253580623445,0.5157411452905716,7,430
2.05451482017149,-0.7871621541568791,2.1446413368653494,0.1976263462228251,0.1707499994263534,0.1351272969958487,-0.3330923213102396,1.387358043458944,-1.3475154513999046,-0.2800999404707321,0.330850775483842,6,449
-1.0940450435588125,-0.6200820534695416,-0.9072438514861886,-0.1712890771524633,-0.6970362735502423,1.794311188260517,0.551923203075197,0.2648280971616658,0.6321070449495634,0.1308811018374155,-0.0389299641296186,6,1460
0.566104702771711,-0.8428555210526584,1.0764815209423113,0.935457192973402,0.9538741969905984,-1.2312594369868193,-1.0655189621809458,-0.4991158940684328,-0.5173511787372252,-0.5149462503611023,2.549535213164603,6,910
0.1081323589563938,-1.065628988635775,0.6695634958287731,1.599504955048921,-0.6758707546971546,-1.2312594369868193,-1.126554515586838,0.337584667755025,0.4405306743350972,0.0134579468922305,1.0704122547107615,7,1086
-0.3498399848589227,0.8836388527164973,1.1273462740815037,-0.5402045005277516,0.5940603764881075,0.427924454277849,2.0167764848166096,0.0361645895825863,-0.6450687591468685,0.3070158342551925,-1.0558269980666344,5,61
-0.5788261567665813,1.6911926727052962,-1.2124323703213424,-0.3188552465025784,0.1072534428670902,-0.5480660699954852,-0.8213767485573771,-0.0677733684078938,0.5043894645399202,-1.102062025087027,-0.77849144335654,5,732
0.3371185308640524,-1.232709089323113,1.534264299195042,-0.3926383311776362,0.5093983010757567,1.0135187688418497,1.1927965138370649,0.1920715265683066,-0.3257748081227619,-0.7497925602514718,-0.6860462584531752,5,185
-0.3498399848589227,-0.7871621541568791,-0.7546495920686117,-0.6139875852028093,0.2130810371325268,0.3303254018505156,-0.5772345349338084,-0.4003748339775112,-0.964362710170975,-0.984638870141842,-0.9633818131632697,5,990
0.566104702771711,0.6887120685812704,-0.0425430481199193,-0.3926383311776362,0.1919155182794411,-1.0360613321321526,-0.3330923213102396,0.337584667755025,-0.389633598327582,-1.3956199124499893,-0.77849144335654,5,761
0.4516116168178812,-1.2884024562188925,0.3643749769936192,-0.3926383311776362,-0.4853810850193653,-0.3528679651408184,-0.6382700883397006,-0.816126665939432,-0.3257748081227619,1.0702663413988949,1.1628574396141265,7,1007
4.17263691031733,0.8557921692686082,2.500694608839696,0.8616741082983446,0.276577593691792,-0.938462279704819,-0.0889501076866709,3.362179245278356,-2.305397304472227,0.1308811018374155,0.7006315150973011,7,442
-1.2085381295126416,-0.9542422548442168,-0.144272554398304,-0.2450721618275207,0.1707499994263534,0.3303254018505156,-0.1194678843896169,-1.107152948312811,1.653847688226706,-0.5149462503611023,1.1628574396141265,6,569
-0.4070865278358376,1.0228722699559454,-1.3650266297389193,-0.3188552465025784,-0.4007190096070144,1.4039149785511833,-0.3330923213102396,-0.7277794016475123,1.079118576383313,-0.045253630580362,0.8855218849040323,6,881
0.3371185308640524,0.187471766519257,0.3643749769936192,0.3451925155729406,0.128418961720178,0.0375282445685153,2.0167764848166096,1.5952339594399625,0.4405306743350972,-0.2800999404707321,-0.8709366282599048,5,711
-1.2085381295126416,-0.0631483845117491,-0.9581086046253808,1.3781557010237484,-0.3372224530477515,-0.4504670175681519,-0.4246456514190779,-0.140529939001253,1.589988898021886,-0.162676785525547,1.0704122547107615,6,1540
-0.5215796137896664,-0.2302284851990869,-0.3985963200942655,0.3451925155729406,-0.2102293399292252,0.0375282445685153,-0.2720567679043474,-0.0677733684078938,0.376671884130277,-0.8672157151966569,0.0535152207737461,5,707
0.3371185308640524,1.7190393561531858,0.3643749769936192,-0.8353368392279824,-0.781698348962593,-1.133660384559486,-1.096036738883892,-0.6186445457575311,-1.2197978709902613,-1.0433504476144344,-1.2407173678733654,6,998
-0.6360726997434958,-1.1213223555315543,0.3135102238544269,-0.6139875852028093,-0.5488776415786284,-1.2312594369868193,-1.0044834087750536,-0.3795872423793921,-0.5173511787372252,2.5967673556863,-0.4087107037430793,8,1403
-0.464333070812752,-0.1188417514075283,-1.2632971234605348,-0.6139875852028093,-0.0620707079576111,-0.255268912713485,-0.455163428122024,-0.7017949121498922,0.312813093925454,-0.6910809827788792,0.0535152207737461,6,1341
-0.5215796137896664,0.9393322196122764,-1.3650266297389193,-0.466421415852694,-0.2313948587823129,-0.4504670175681519,-0.3636100980131857,0.5558543795350449,1.2706949469977764,-0.5736578278336941,-0.9633818131632697,5,0
1.6537890193330873,0.7722521189249394,1.432534792916658,-0.1712890771524633,-0.0620707079576111,-0.938462279704819,-1.0044834087750536,1.6991719174304425,-0.9005039199661548,0.3070158342551925,-0.8709366282599048,6,507
-0.1781003559281791,0.3823985506544844,-0.2460020606766886,-0.3188552465025784,-0.146732783369962,0.9159197164145162,1.8031520478959868,-0.3120275696855915,-0.0703396473034755,-0.984638870141842,-0.5011558886464441,5,1382
1.7110355623100029,-1.065628988635775,0.9238872615247344,-0.3926383311776362,-0.1044017456637886,-0.938462279704819,-0.9434478553691614,1.0755441694875036,-2.36925609467705,0.0134579468922305,-1.1482721829700009,6,669
-0.5215796137896664,0.2710118168629259,-1.3650266297389193,-0.3926383311776362,-0.4853810850193653,-0.8408632272774856,-1.0655189621809458,-0.5770693625613507,0.8875422057688498,-0.4562346728885097,0.7930767000006675,6,985
-1.6665104733279583,1.1621056871953936,-1.3650266297389193,-0.9829030085780978,-0.9721880186403846,0.0375282445685153,0.0026032224221673,-2.156926324016788,4.463634457238853,-0.3975230954159172,1.902418918841048,6,1316
-0.5788261567665813,0.7165587520291601,-1.3650266297389193,-0.3926383311776362,-0.0620707079576111,-0.938462279704819,-0.6993056417455927,0.8156992745112454,1.9092828490459923,1.7748052710700046,-0.5011558886464441,6,245
-0.2353468989050935,-1.0099356217399962,-0.2968668138158809,-0.466421415852694,-0.2948914153415761,2.965499817388518,1.7115987177871486,-0.1717113263984317,-0.2619160179179389,-0.4562346728885097,-0.8709366282599048,5,634
-0.464333070812752,-0.0631483845117491,0.7712930021071575,-0.1712890771524633,0.0014258486016516,-0.7432641748501522,-0.2415389912014013,0.2440405055635466,1.717706478431529,-0.2800999404707321,0.0535152207737461,6,177
-0.5215796137896664,0.3823985506544844,-0.0425430481199193,-0.3188552465025784,-0.0832362268106989,0.1351272969958487,1.3759031740547414,-0.2964368759869734,-0.1341984375082957,-0.5736578278336941,-0.5936010735498088,6,1329
-0.1781003559281791,1.1899523706432833,1.4833995460558502,-0.3926383311776362,0.6575569330473704,1.4039149785511833,2.688167572281424,0.0361645895825863,-0.4534923885324022,0.0134579468922305,-0.9633818131632697,5,130
-0.6933192427204107,0.7722521189249394,-1.3650266297389193,-0.1712890771524633,-0.0832362268106989,0.2327263494231821,-0.5772345349338084,0.4934916047407452,0.8236834155640268,-0.6910809827788792,-0.9633818131632697,5,1551
-0.9795519576049836,0.911485536164387,-1.3650266297389193,-0.3188552465025784,-0.2525603776354006,-0.3528679651408184,0.3077809894516283,0.0361645895825863,1.1429773665881362,0.072169524364823,-1.1482721829700009,5,257
-1.9527431882125312,-0.6200820534695416,-1.3650266297389193,-0.3188552465025784,-0.8240293866687685,0.0375282445685153,-0.1194678843896169,-2.697403705567366,2.547870751094208,0.4831505666729701,3.2890966923915244,7,821
-0.2353468989050935,0.7165587520291601,-1.3650266297389193,-0.8353368392279824,0.1919155182794411,-0.938462279704819,-1.0044834087750536,-0.540691077264671,0.7598246253592066,-0.4562346728885097,-0.8709366282599048,5,1253
1.8255286482638315,-0.6757754203653208,1.2799405334990808,0.3451925155729406,-0.146732783369962,1.30631592612385,0.2772632127486822,1.7511408964256825,-0.3257748081227619,1.305112651289265,0.5157411452905716,5,356
-0.1208538129512647,0.076085032727699,-0.4494610732334578,-0.466421415852694,-0.146732783369962,-0.255268912713485,-0.3330923213102396,0.2440405055635466,-0.0703396473034755,-0.3975230954159172,-1.33316255277673,6,99
-0.8650588716511542,0.4380919175502637,-0.3477315669550731,-0.5402045005277516,-0.2102293399292252,-0.4504670175681519,0.5824409797781431,0.1920715265683066,1.4622713176122426,-0.4562346728885097,-1.0558269980666344,5,183
0.4516116168178812,-0.0631483845117491,0.3135102238544269,-0.90911992390304,-0.3583879719008389,-0.6456651224228187,-0.48568120482497,0.5558543795350449,-0.4534923885324022,-0.3388115179433247,-1.0558269980666344,5,428
-0.9223054146280688,-1.3997891900104504,0.0591864581584653,-0.0975059924774055,-1.585988065379926,1.989509293115184,1.6505631643812562,-3.165124516524584,-0.3257748081227619,-1.5717546448677666,1.1628574396141265,7,837
-0.0063607269974349,0.4659386009981534,-0.2460020606766886,0.0500601768727099,0.0014258486016516,-0.938462279704819,-0.8213767485573771,0.7637302955160054,-0.3257748081227619,-0.2800999404707321,-1.0558269980666344,5,461
-1.3802777584433854,-0.3973085858864244,-1.3650266297389193,-0.466421415852694,-0.2102293399292252,0.9159197164145162,-0.0584323309837248,-1.4969202907771697,1.2068361567929562,-0.7497925602514718,0.7006315150973011,5,1272
-0.750565785697325,0.6051720182376016,-1.2632971234605348,-0.3188552465025784,-0.4218845284601021,-0.6456651224228187,-0.6993056417455927,0.1401025475730665,1.0152597861784929,0.072169524364823,-0.9633818131632697,6,702
-0.464333070812752,0.8557921692686082,-1.0089733577645732,-0.0237229078023477,-0.6123741981378936,-1.0360613321321526,-1.126554515586838,-0.2132865095946123,0.4405306743350972,-0.6323694053062867,0.4232959603872068,4,830
-1.036798500581898,1.9418128237363028,-1.2124323703213424,2.26355271712444,-0.1678983022230497,0.7207216115598494,0.0331209991251134,-0.5251003835660528,1.717706478431529,-0.9259272926692492,0.7006315150973011,4,1176
0.6233512457486253,0.4659386009981534,0.0591864581584653,0.4927586849230561,0.0014258486016516,0.2327263494231821,0.7960654166987657,1.7511408964256825,-0.0064808570986525,-0.7497925602514718,-0.6860462584531752,5,698
0.6233512457486253,0.8557921692686082,-0.8055143452078041,0.1238432615477677,-0.2102293399292252,-0.938462279704819,-0.455163428122024,0.8676682535064855,-0.7727863395565115,0.2483042567826,-0.3162655188397145,6,479
-0.6360726997434958,-0.9542422548442168,0.9747520146639268,-0.3188552465025784,-0.2737258964884884,0.8183206639871828,-0.0584323309837248,-0.7225825037480114,0.5682482547447404,1.1289779188714877,0.5157411452905716,7,1206
0.1081323589563938,-0.8985488879484376,-0.3477315669550731,0.1976263462228251,0.0649224051609148,0.2327263494231821,0.3688165428575204,0.6597923375255251,0.1850955135158108,0.2483042567826,-0.77849144335654,6,232
-0.5788261567665813,-0.4530019527822037,0.4661044832720036,2.484901971149614,-0.2737258964884884,-0.3528679651408184,1.253832067242957,0.5558543795350449,0.1212367233109906,1.0115547639263025,0.0535152207737461,5,40
-0.1208538129512647,1.050718953403835,-0.9072438514861886,0.1976263462228251,-0.0620707079576111,0.2327263494231821,0.0941565525310056,1.387358043458944,0.7598246253592066,0.365727411727785,0.6081863301939363,6,726
-0.2353468989050935,0.076085032727699,-1.0598381109037656,1.0830233623235177,0.0014258486016516,1.111117821269183,0.4603698729663587,-0.1197423474031339,0.312813093925454,0.072169524364823,0.2384055905804756,6,270
-0.3498399848589227,-0.7871621541568791,-0.7546495920686117,-0.6139875852028093,0.2130810371325268,0.3303254018505156,-0.5772345349338084,-0.4003748339775112,-0.964362710170975,-0.984638870141842,-0.9633818131632697,5,988
-0.3498399848589227,0.2710118168629259,-0.8563790983469962,-0.5402045005277516,0.3189086313979671,1.2087168736965166,1.9252231547077712,-0.5614786688627325,-1.4752330318095477,-0.984638870141842,-0.5936010735498088,6,242
-0.6933192427204107,0.3267051837587051,-1.314161876599727,-0.1712890771524633,-0.146732783369962,1.111117821269183,-0.0889501076866709,-0.6394321373555926,0.6959658351543836,-0.4562346728885097,0.2384055905804756,6,897
-0.6933192427204107,0.8279454858207187,-1.0089733577645732,-0.466421415852694,-0.2525603776354006,0.0375282445685153,0.1551921059368978,0.0621490790802063,0.4405306743350972,-0.8085041377240643,-0.8709366282599048,5,246
-1.0940450435588125,0.2153184499671466,-1.2632971234605348,-0.5402045005277516,-0.4218845284601021,-1.133660384559486,-1.0655189621809458,0.1401025475730665,0.95140099597367,0.1308811018374155,-0.8709366282599048,5,728
-1.2657846724895565,0.2710118168629259,-0.1951373075374962,-0.0237229078023477,-0.9086914620811194,0.0375282445685153,0.7350298632928736,-1.668417921461508,0.95140099597367,-0.045253630580362,1.902418918841048,6,1151
-0.8650588716511542,0.2153184499671466,-1.3650266297389193,-0.0237229078023477,-0.3160569341946638,1.59911308340585,0.551923203075197,-0.94604911342759,0.7598246253592066,-0.5736578278336941,0.7006315150973011,6,888
0.3943650738409668,-0.2859218520948662,0.2626454707152345,0.1976263462228251,-0.0620707079576111,0.5255235067051824,2.3219542518460705,0.8676682535064855,0.0573779331061676,-0.2213883629981396,-0.9633818131632697,5,693
-0.6360726997434958,-0.2302284851990869,-0.144272554398304,-0.2450721618275207,-0.3583879719008389,-1.0360613321321526,-0.3025745446072935,-0.3795872423793921,0.1212367233109906,-1.0433504476144344,-0.9633818131632697,5,104
-0.4070865278358376,-0.5643886865737623,0.1100512112976574,-0.3188552465025784,-0.2525603776354006,0.3303254018505156,0.6129587564810892,0.2336467097644871,0.5682482547447404,-0.1039652080529545,-0.8709366282599048,5,1229
2.9132129648252088,-1.4554825569062295,1.7885880648910035,0.0500601768727099,-0.1044017456637886,-0.938462279704819,-0.7603411951514849,1.8031098754209225,-0.964362710170975,0.072169524364823,-0.6860462584531752,6,328
-0.6933192427204107,0.5494786513418223,-1.0598381109037656,-0.3926383311776362,-0.0832362268106989,-0.7432641748501522,-0.5161989815279162,0.9456217219994032,2.292435590274922,0.4244389892003776,-0.77849144335654,5,297
-1.1512915865357272,0.8279454858207187,-1.314161876599727,0.8616741082983446,0.3400741502510549,1.59911308340585,0.2467454360457361,-0.4523438129727513,1.2706949469977764,0.0134579468922305,0.7930767000006675,6,1552
-0.9223054146280688,0.493785284446043,-0.2968668138158809,-0.466421415852694,-0.1678983022230497,-0.7432641748501522,0.4908876496693048,0.1401025475730665,1.3345537372025995,-0.4562346728885097,-1.0558269980666344,6,184
0.0508858159794794,0.493785284446043,-0.7546495920686117,-0.5402045005277516,-0.3160569341946638,2.184707397969851,0.0026032224221673,-0.8784894407337316,0.4405306743350972,1.3638242287618574,1.255302624517493,6,922
-0.0636072699743503,-1.0099356217399962,0.3135102238544269,-0.0975059924774055,-0.2313948587823129,-0.4504670175681519,0.0331209991251134,-0.384784140278893,-0.2619160179179389,0.8941316089811179,0.5157411452905716,6,1179
-0.750565785697325,2.4708998092462053,-1.16156761718215,-0.3926383311776362,0.0014258486016516,-0.3528679651408184,0.6434765331840353,-0.5614786688627325,0.2489543037206338,-0.3388115179433247,-0.9633818131632697,4,261
-0.5788261567665813,-0.7871621541568791,0.2117807175760421,-0.0975059924774055,-0.2737258964884884,-0.6456651224228187,0.0026032224221673,-0.2756492843889119,0.6321070449495634,-0.6910809827788792,-0.9633818131632697,6,59
-0.6933192427204107,-0.5643886865737623,0.7712930021071575,2.1897696324493827,-0.3372224530477515,1.2087168736965166,2.505060912063747,0.2960094845587868,0.6959658351543836,0.3070158342551925,0.0535152207737461,5,157
1.596542476356173,-1.232709089323113,1.3308052866382731,-0.2450721618275207,-0.5700431604317161,-1.2312594369868193,-1.096036738883892,-0.5251003835660528,-1.8583857730384767,1.0115547639263025,0.4232959603872068,7,1067
0.279871987887138,0.6051720182376016,-0.5003258263726501,0.2714094308978829,-0.0620707079576111,0.9159197164145162,2.566096465469639,0.7533364997169457,-0.5173511787372252,-0.6910809827788792,-0.77849144335654,5,791
-0.9795519576049836,0.2153184499671466,-1.2632971234605348,-0.3188552465025784,0.5940603764881075,-0.938462279704819,-0.9129300786662152,-0.0989547558050725,0.4405306743350972,0.1895926793100074,-0.8709366282599048,5,962
-0.2925934418820083,0.9393322196122764,-1.0598381109037656,-0.466421415852694,-0.1678983022230497,0.427924454277849,-0.3330923213102396,-0.2340741011926737,0.5682482547447404,0.1895926793100074,0.4232959603872068,5,1254
-1.2085381295126416,0.6051720182376016,-0.9072438514861886,-0.0237229078023477,-0.1255672645168743,-0.0600708078588181,-0.6077523116367545,-0.7017949121498922,1.653847688226706,-0.162676785525547,1.4401929943242224,5,1538
0.1081323589563938,-0.3973085858864244,0.2117807175760421,-0.208180619489992,-0.1890638210761375,1.59911308340585,0.3688165428575204,0.6597923375255251,0.1212367233109906,-0.6910809827788792,-0.5936010735498088,5,682
-0.6360726997434958,-0.0631483845117491,-1.0089733577645732,-0.8353368392279824,-0.2737258964884884,-1.0360613321321526,-0.790858971854431,0.2960094845587868,0.0573779331061676,0.8941316089811179,-0.77849144335654,6,658
-1.7810035592817874,-1.1770157224273337,-0.0934078012591116,-0.5402045005277516,0.3400741502510549,-0.255268912713485,0.1246743292339517,-0.5354941793651125,0.4405306743350972,-0.6323694053062867,-1.1482721829700009,5,34
-0.9223054146280688,0.0482383492798094,-0.7037848389294193,-0.3926383311776362,-0.2313948587823129,-0.0600708078588181,-0.3025745446072935,0.2960094845587868,1.9092828490459923,-0.1039652080529545,-0.5936010735498088,5,823
-0.6360726997434958,0.7165587520291601,-1.2124323703213424,-0.1712890771524633,-0.1890638210761375,0.0375282445685153,1.223314290540011,0.363569157252645,1.3984125274074195,-0.5149462503611023,-0.6860462584531752,5,891
0.3371185308640524,-2.290883060342918,0.9238872615247344,-0.5402045005277516,-0.2525603776354006,-0.5480660699954852,-0.7603411951514849,-0.6290383415565908,0.6321070449495634,0.6005737216181553,1.3477478094208577,7,950
-0.5215796137896664,0.1039317161755887,-0.3985963200942655,-0.5402045005277516,-0.1044017456637886,-0.0600708078588181,-0.3636100980131857,-0.0937578579055139,1.1429773665881362,0.1308811018374155,0.0535152207737461,5,1245
0.1081323589563938,0.6887120685812704,1.1273462740815037,2.6324681404997285,0.7422190084597212,1.794311188260517,3.206969776231507,2.2188617073828434,-0.0064808570986525,2.831613665576669,-1.0558269980666344,5,515
-1.2085381295126416,-0.1188417514075283,-0.652920085790227,-0.466421415852694,-0.654705235844069,-0.0600708078588181,-0.3636100980131857,-1.4397544138824283,1.079118576383313,-0.5149462503611023,0.977967069807397,6,1569
-0.6360726997434958,0.6887120685812704,-1.2124323703213424,-0.5402045005277516,-0.1890638210761375,-0.8408632272774856,-1.0350011854779997,-0.4471469150731927,0.1850955135158108,-1.5717546448677666,-0.8709366282599048,5,1347
1.6537890193330873,-0.1745351183033076,2.3989651025613115,1.9315288360866807,0.276577593691792,-1.0360613321321526,-0.8824123019632693,1.491296001449482,-0.5812099689420455,-0.2213883629981396,0.7006315150973011,5,539
0.3371185308640524,-1.3440958231146716,0.4152397301328113,-0.466421415852694,-0.4218845284601021,0.9159197164145162,0.3382987661545744,0.1401025475730665,-0.8366451297613318,4.1232683699737045,-0.1313751490329834,6,639
0.4516116168178812,-1.3997891900104504,1.0764815209423113,-0.5402045005277516,-0.4218845284601021,1.0135187688418497,0.0026032224221673,-0.0158043894126537,0.0573779331061676,2.2444978908507447,0.1459604056771109,6,372
0.1081323589563938,-0.3416152189906455,0.008321705019273,-0.466421415852694,-0.6123741981378936,0.2327263494231821,-0.2415389912014013,-0.8057328701404302,-0.964362710170975,1.1289779188714877,0.6081863301939363,6,960
-1.8382501022587023,-0.6200820534695416,-1.3650266297389193,-0.5402045005277516,-0.9086914620811194,0.2327263494231821,1.2843498439459031,-2.681813011868805,2.356294380479745,0.4244389892003776,2.919315952778064,7,1228
0.2226254449102226,0.0482383492798094,-0.0425430481199193,-0.0237229078023477,0.2130810371325268,-0.8408632272774856,-0.455163428122024,0.4519164215445647,-0.2619160179179389,-0.3388115179433247,-1.0558269980666344,6,628
0.6805977887255398,-0.3973085858864244,-0.144272554398304,0.1238432615477677,0.1072534428670902,-0.1576698602861515,-0.0584323309837248,0.6597923375255251,-1.2197978709902613,0.4831505666729701,-0.4087107037430793,6,552
-0.6933192427204107,0.3823985506544844,-1.3650266297389193,-0.5402045005277516,-0.2737258964884884,0.0375282445685153,-0.3636100980131857,0.2440405055635466,1.0152597861784929,0.2483042567826,-0.5011558886464441,6,251
-1.1512915865357272,-0.7871621541568791,-0.5511905795118425,-0.8353368392279824,-0.146732783369962,-0.4504670175681519,-0.6993056417455927,-0.6394321373555926,0.1850955135158108,-0.5736578278336941,-1.0558269980666344,5,25
-0.6360726997434958,0.7165587520291601,-1.2124323703213424,-0.1712890771524633,-0.1890638210761375,0.0375282445685153,1.223314290540011,0.363569157252645,1.3984125274074195,-0.5149462503611023,-0.6860462584531752,5,893
-1.1512915865357272,-0.1188417514075283,-0.7037848389294193,-0.1712890771524633,-0.2313948587823129,1.30631592612385,-0.1805034377955091,-0.514706587767051,0.6959658351543836,0.5418621441455627,0.5157411452905716,6,1592
-1.3802777584433854,0.4380919175502637,-0.9581086046253808,-0.3188552465025784,-0.3372224530477515,0.0375282445685153,-0.6687878650426466,-1.5436923718729088,1.589988898021886,0.6592852990907477,0.6081863301939363,6,831
0.566104702771711,-0.7871621541568791,0.8730225083855422,-0.3188552465025784,0.4247362256634058,1.794311188260517,2.4135075819549088,0.5558543795350449,-1.0920802905806182,3.301306285357409,-0.8709366282599048,5,88
3.0849525937559523,-0.6479287369174311,2.0937765837261577,0.2714094308978829,-0.0409051891045234,0.1351272969958487,-0.0889501076866709,2.426737623363919,-1.6029506122191908,0.8354200315085253,-0.4087107037430793,6,391
-1.2085381295126416,-0.508695319677983,0.6186987426895807,-0.0237229078023477,-0.2102293399292252,-0.938462279704819,-0.9739656320721076,-0.6134476478579726,1.2706949469977764,0.1895926793100074,0.5157411452905716,6,1503
-0.9795519576049836,1.134259003747504,-1.2632971234605348,3.960563664650768,0.7422190084597212,5.112678970789854,2.3829898052519627,1.387358043458944,1.0152597861784929,-0.7497925602514718,-0.5011558886464441,5,400
-0.8650588716511542,2.1367396078715304,0.1100512112976574,1.6732880397239789,-0.3583879719008389,-0.0600708078588181,-0.2110212144984552,-0.4991158940684328,1.3984125274074195,-0.6910809827788792,0.6081863301939363,5,1437
1.1958166755177713,0.4380919175502637,1.1273462740815037,-0.3188552465025784,2.3931294790005624,-1.0360613321321526,-0.9129300786662152,1.387358043458944,-0.964362710170975,-0.162676785525547,-1.8878336621969205,3,517
-0.2353468989050935,-1.1213223555315543,0.7204282489679651,-0.7615537545529246,-0.654705235844069,-0.938462279704819,-0.3330923213102396,-1.4397544138824283,-0.1341984375082957,0.3070158342551925,0.5157411452905716,6,1112
0.3371185308640524,-0.1745351183033076,-0.2968668138158809,-0.2450721618275207,0.0225913674547394,0.5255235067051824,-0.2110212144984552,0.0985273643768859,0.1212367233109906,1.0115547639263025,0.6081863301939363,6,1039
0.6805977887255398,1.8304260899447444,-0.0425430481199193,-0.466421415852694,-0.1678983022230497,-0.255268912713485,-0.5467167582308623,0.2024653223673661,-0.389633598327582,-0.2213883629981396,-0.4087107037430793,5,981
0.4516116168178812,0.8279454858207187,-0.8055143452078041,0.1976263462228251,0.128418961720178,-0.4504670175681519,-0.0584323309837248,1.117119352683684,-0.0064808570986525,-0.6323694053062867,-0.8709366282599048,6,764
-1.7237570163048732,-0.3416152189906455,-0.8055143452078041,-0.2450721618275207,-0.8240293866687685,0.0375282445685153,1.3148676206488492,-2.5518905643806478,1.4622713176122426,1.305112651289265,2.919315952778064,7,1477
-0.5215796137896664,-0.9542422548442168,0.3643749769936192,-0.5402045005277516,-0.2525603776354006,0.2327263494231821,-0.2415389912014013,-1.7827496752510477,0.4405306743350972,1.305112651289265,2.919315952778064,7,1132
0.9095839606331984,0.0482383492798094,0.9238872615247344,-0.1712890771524633,-0.3372224530477515,0.0375282445685153,-0.1805034377955091,1.231451106473224,0.5043894645399202,-0.2213883629981396,-0.9633818131632697,5,642
-0.8650588716511542,-0.1188417514075283,-1.314161876599727,-0.3188552465025784,-0.2737258964884884,-0.6456651224228187,-0.6382700883397006,-0.4835252003698723,0.1212367233109906,-0.5736578278336941,-0.8709366282599048,6,550
-0.8078123286742394,-0.4530019527822037,-0.8055143452078041,-0.0975059924774055,-0.9298569809342072,-0.938462279704819,-1.0350011854779997,-1.6580241256624484,-0.0703396473034755,-0.045253630580362,0.8855218849040323,6,1142
-0.5215796137896664,0.3823985506544844,-0.0425430481199193,-0.3188552465025784,-0.0832362268106989,0.1351272969958487,1.3759031740547414,-0.2964368759869734,-0.1341984375082957,-0.5736578278336941,-0.5936010735498088,6,1330
2.05451482017149,-0.8428555210526584,1.1273462740815037,0.1238432615477677,0.2342465559856165,-0.3528679651408184,-0.1194678843896169,1.9070478334114027,-0.964362710170975,-0.2800999404707321,-0.1313751490329834,5,531
0.279871987887138,-0.508695319677983,1.1273462740815037,0.1976263462228251,-0.0832362268106989,0.2327263494231821,1.986258708113664,0.7637302955160054,-0.0703396473034755,-0.3388115179433247,-0.8709366282599048,5,577
-0.1208538129512647,0.2431651334150362,-0.2460020606766886,-0.3188552465025784,-0.2102293399292252,-0.3528679651408184,0.5824409797781431,-0.0158043894126537,-0.1341984375082957,-0.8672157151966569,-1.1482721829700009,5,105
-0.750565785697325,-0.5643886865737623,-1.2632971234605348,-0.466421415852694,-0.146732783369962,-0.0600708078588181,-0.5467167582308623,-0.9408522155280312,0.2489543037206338,0.8941316089811179,0.1459604056771109,6,1495
-0.464333070812752,-0.8428555210526584,1.0764815209423113,0.0500601768727099,-0.2948914153415761,0.6231225591325159,1.1622787371341188,0.2440405055635466,0.0573779331061676,0.2483042567826,-0.77849144335654,4,703
-0.1781003559281791,0.2710118168629259,-0.5511905795118425,-0.3926383311776362,0.6998879707535458,-1.2312594369868193,-1.18759006899273,-1.1383343357099898,-0.5812099689420455,-0.4562346728885097,0.7006315150973011,6,1014
-0.6360726997434958,0.5773253347897119,-1.0089733577645732,0.0500601768727099,-0.2102293399292252,0.0375282445685153,1.223314290540011,0.3895536467502651,1.2706949469977764,-0.6910809827788792,-0.6860462584531752,5,865
-0.5215796137896664,0.3823985506544844,-0.0425430481199193,3.517865156600421,-0.3583879719008389,1.989509293115184,2.2914364751431244,0.7637302955160054,0.376671884130277,-0.984638870141842,-0.9633818131632697,5,163
2.1117613631484047,-1.3997891900104504,1.1273462740815037,-0.466421415852694,-0.2737258964884884,-0.5480660699954852,-0.7603411951514849,0.4519164215445647,-2.113820933857764,0.0134579468922305,-0.5011558886464441,7,583
1.3103097614716,-0.1745351183033076,0.9238872615247344,0.0500601768727099,0.6787224519004581,1.794311188260517,0.6739943098869814,0.181677730769247,-0.5173511787372252,0.365727411727785,0.4232959603872068,6,842
-0.5215796137896664,0.8279454858207187,-0.5511905795118425,-0.5402045005277516,-0.1890638210761375,-0.3528679651408184,-0.2110212144984552,0.5038854005398048,1.2068361567929562,0.2483042567826,-0.5011558886464441,6,847
-0.1781003559281791,0.3267051837587051,-0.5511905795118425,-0.5402045005277516,-0.4642155661662775,-1.2312594369868193,-0.9129300786662152,-0.2756492843889119,0.6959658351543836,1.5399589611796352,0.0535152207737461,7,128
-0.9795519576049836,-0.508695319677983,-0.9072438514861886,-0.2450721618275207,-0.506546603872453,-0.6456651224228187,-0.8518945252603232,-1.19030331470523,0.6959658351543836,0.1895926793100074,0.7930767000006675,6,1530
-0.750565785697325,0.6608653851333808,-1.2632971234605348,-0.3188552465025784,-0.4430500473131898,-0.7432641748501522,-0.6382700883397006,0.2440405055635466,1.0152597861784929,0.072169524364823,-0.8709366282599048,6,701
-0.2925934418820083,-0.1745351183033076,-0.7546495920686117,-0.5402045005277516,1.9274880642326324,-0.938462279704819,-0.7603411951514849,-0.3795872423793921,-0.1980572277131187,1.2464010738166724,-0.5936010735498088,6,1146
-0.1208538129512647,1.3848791547785109,-0.8563790983469962,0.5665417695981135,0.0649224051609148,-1.133660384559486,-1.0044834087750536,0.9456217219994032,0.312813093925454,-0.984638870141842,-0.8709366282599048,5,1108
-1.1512915865357272,0.2153184499671466,0.0591864581584653,-0.3188552465025784,-0.8240293866687685,-0.255268912713485,0.0941565525310056,-1.5540861676719682,0.6321070449495634,-0.3388115179433247,2.179754473551144,5,1105
-0.2925934418820083,0.4380919175502637,0.1100512112976574,-0.6877706698778668,0.5728948576350198,-0.6456651224228187,-0.5161989815279162,0.3479784635540268,-0.3257748081227619,5.297499919425554,-1.2407173678733654,5,13
-1.8954966452356168,2.832906694068771,-0.144272554398304,-0.6877706698778668,-0.781698348962593,1.59911308340585,1.5284920575694718,-1.7307806962558077,2.7394471217086744,-0.2213883629981396,0.977967069807397,5,553
-0.8650588716511542,0.6608653851333808,-1.2632971234605348,-0.3188552465025784,-0.1890638210761375,-0.7432641748501522,-0.9434478553691614,-0.9096708281309104,0.2489543037206338,-0.2213883629981396,-0.0389299641296186,6,1212
-1.0940450435588125,-0.3416152189906455,0.6695634958287731,-0.0975059924774055,-0.3372224530477515,-0.7432641748501522,-0.8213767485573771,-0.2236803053936718,1.589988898021886,0.4244389892003776,0.1459604056771109,6,1411
0.279871987887138,-0.7314687872610998,0.6695634958287731,-0.2450721618275207,-0.1678983022230497,0.3303254018505156,0.1857098826398439,0.6597923375255251,0.8236834155640268,-0.1039652080529545,-1.1482721829700009,5,60
0.3371185308640524,0.5773253347897119,0.516969236411196,-0.6139875852028093,3.726557166745087,-1.0360613321321526,0.4908876496693048,0.1920715265683066,-1.9861033534481205,2.538055778213708,-1.0558269980666344,5,240
2.2835009920791487,-0.1745351183033076,1.1273462740815037,-0.2450721618275207,0.0437568863078271,-1.0360613321321526,-0.9739656320721076,1.8031098754209225,-0.7727863395565115,-1.2781967575048043,-0.77849144335654,5,581
0.1653789019333082,0.1039317161755887,-0.9072438514861886,0.5665417695981135,-0.4007190096070144,-0.7432641748501522,-0.8824123019632693,0.3219939740564068,-0.5173511787372252,-1.2781967575048043,-0.4087107037430793,5,801
-1.2657846724895565,0.3267051837587051,-1.314161876599727,-0.3188552465025784,-0.654705235844069,-1.0360613321321526,-1.0044834087750536,-1.0447901735185114,1.3345537372025995,-0.5736578278336941,0.8855218849040323,5,1346
0.279871987887138,2.3595130754546467,-1.110702864042958,-0.5402045005277516,-0.2525603776354006,-1.0360613321321526,-0.8213767485573771,-0.2964368759869734,-0.0703396473034755,-1.2781967575048043,-0.77849144335654,4,1189
0.1081323589563938,0.2988585003108155,-0.4494610732334578,-0.3188552465025784,-0.1890638210761375,-1.0360613321321526,-0.48568120482497,-0.0158043894126537,-0.7089275493516886,-1.0433504476144344,-0.5936010735498088,6,598
0.3943650738409668,0.2710118168629259,-0.0934078012591116,0.1976263462228251,-0.2525603776354006,-0.6456651224228187,1.7726342711930407,0.5506574816354863,-0.5173511787372252,-0.5149462503611023,-0.6860462584531752,5,760
-0.8078123286742394,1.1621056871953936,-1.2124323703213424,-0.1712890771524633,-0.6970362735502423,-0.8408632272774856,-0.9129300786662152,-0.8577018491356702,0.8875422057688498,-0.162676785525547,0.977967069807397,6,1497
-0.6360726997434958,0.911485536164387,-0.7037848389294193,-0.3926383311776362,-0.2313948587823129,-0.3528679651408184,-0.790858971854431,-0.6602197289537117,-0.1341984375082957,-0.6910809827788792,-0.3162655188397145,5,1567
-0.4070865278358376,-0.2302284851990869,0.3135102238544269,-0.466421415852694,-0.2737258964884884,1.111117821269183,1.1927965138370649,0.1712839349701874,0.6321070449495634,-0.4562346728885097,-1.33316255277673,5,1457
1.4248028474254295,-0.3416152189906455,0.8221577552463498,-0.3188552465025784,1.779329432261019,1.111117821269183,0.6129587564810892,0.7637302955160054,-0.9005039199661548,0.6005737216181553,0.330850775483842,6,1109
2.05451482017149,0.2710118168629259,1.9920470774477728,-0.0237229078023477,-0.3160569341946638,-0.938462279704819,-0.2720567679043474,1.283420085468464,-1.666809402424014,-0.5736578278336941,-0.4087107037430793,5,362
0.7378443317024541,0.8279454858207187,-0.144272554398304,-0.2450721618275207,0.0014258486016516,-1.0360613321321526,-0.5467167582308623,1.0755441694875036,-1.0920802905806182,-0.3388115179433247,-0.2238203339363497,5,475
-0.2353468989050935,-0.5643886865737623,-0.2968668138158809,-0.6877706698778668,0.403570706810318,-0.5480660699954852,-0.2720567679043474,-0.0677733684078938,-0.9005039199661548,1.4812473837070426,-0.8709366282599048,5,22
0.1081323589563938,-1.3997891900104504,0.4152397301328113,-0.6139875852028093,-0.5488776415786284,-0.938462279704819,-0.9434478553691614,-0.7745514827432515,-0.0703396473034755,0.4831505666729701,1.255302624517493,7,1134
1.882775191240746,0.2710118168629259,1.9920470774477728,-0.2450721618275207,-0.2737258964884884,-0.5480660699954852,0.0331209991251134,2.114923749392363,-0.389633598327582,-0.5149462503611023,-1.33316255277673,3,459
-0.0063607269974349,1.7747327230489651,-0.652920085790227,-0.0237229078023477,0.128418961720178,-0.255268912713485,0.2467454360457361,0.2648280971616658,0.312813093925454,-0.6910809827788792,-0.3162655188397145,5,1361
-0.5788261567665813,-0.2859218520948662,0.2626454707152345,-0.3188552465025784,-0.5277121227255407,1.5015140309785169,0.2467454360457361,0.2856156887597849,-0.0703396473034755,-0.045253630580362,-0.4087107037430793,7,1466
1.1385701325408568,-0.5643886865737623,0.8730225083855422,-0.0975059924774055,2.68944674294379,-1.0360613321321526,-1.0350011854779997,1.387358043458944,-0.7727863395565115,-0.162676785525547,-0.8709366282599048,6,308
-0.1781003559281791,0.2153184499671466,-0.1951373075374962,0.4927586849230561,-0.2948914153415761,0.1351272969958487,2.2304009217372323,0.0101801000849662,-0.3257748081227619,-0.5149462503611023,-1.0558269980666344,5,255
-0.1208538129512647,0.7722521189249394,1.432534792916658,-0.5402045005277516,0.6363914141942806,1.59911308340585,2.901792009202046,0.0361645895825863,-0.9005039199661548,-0.2213883629981396,-0.9633818131632697,5,145
0.3371185308640524,1.9139661402884127,-0.7037848389294193,0.6772163966107003,0.0225913674547394,-1.133660384559486,-0.9739656320721076,1.387358043458944,0.8236834155640268,-0.8085041377240643,0.977967069807397,5,731
-0.9223054146280688,0.800098802372829,-1.0089733577645732,-0.0975059924774055,0.0437568863078271,0.1351272969958487,1.1012431837282266,-0.4835252003698723,0.2489543037206338,-0.6910809827788792,-0.3162655188397145,5,30
1.1958166755177713,-0.508695319677983,2.348100349422119,2.964492021537488,-0.2737258964884884,2.184707397969851,0.91813652351055,1.1794821274779836,-0.9005039199661548,1.1289779188714877,1.4401929943242224,7,502
0.1653789019333082,-0.6200820534695416,0.6186987426895807,-0.5402045005277516,-0.4007190096070144,-0.938462279704819,-1.0350011854779997,-0.816126665939432,0.2489543037206338,0.1895926793100074,1.1628574396141265,8,1202
-0.1208538129512647,-1.1213223555315543,0.8730225083855422,-0.7615537545529246,-0.9510224997872948,-0.938462279704819,-1.0350011854779997,-0.6810073205518308,0.2489543037206338,-0.2800999404707321,0.2384055905804756,5,1483
-0.0636072699743503,-1.511175923802009,0.3643749769936192,-0.0237229078023477,-0.2948914153415761,0.0375282445685153,0.0331209991251134,-0.4107686297765131,0.5682482547447404,0.7179968765633403,0.7930767000006675,7,857
0.8523374176562839,-0.4530019527822037,0.5678339895503883,-0.0237229078023477,-0.1255672645168743,1.794311188260517,0.6129587564810892,0.2752218929607253,-1.028221500375798,-0.4562346728885097,-0.5936010735498088,5,1262
0.6233512457486253,-1.2884024562188925,1.4833995460558502,0.1976263462228251,-0.146732783369962,-0.938462279704819,-0.8824123019632693,-0.1717113263984317,-1.028221500375798,1.5399589611796352,1.1628574396141265,8,481
-1.1512915865357272,-0.9542422548442168,-0.3985963200942655,0.4927586849230561,-0.2525603776354006,-0.0600708078588181,-0.2110212144984552,-0.5874631583603525,1.589988898021886,-0.8085041377240643,2.087309288647777,6,609
-1.0940450435588125,-0.7871621541568791,0.3135102238544269,0.5665417695981135,-0.8663604243749439,-0.3528679651408184,0.21622765934279,-1.969837999633889,0.312813093925454,-0.2213883629981396,1.625083364130952,6,1044
1.596542476356173,-1.9567228589682428,1.0764815209423113,-0.7615537545529246,-0.4007190096070144,-0.8408632272774856,-0.9434478553691614,0.2960094845587868,-0.5812099689420455,-0.1039652080529545,-0.3162655188397145,6,301
0.9095839606331984,0.3267051837587051,-1.0089733577645732,0.6403248542731713,0.3189086313979671,1.59911308340585,0.7655476399958197,1.7771253859233602,-0.0064808570986525,0.3070158342551925,-0.5936010735498088,5,285
1.1958166755177713,-0.0631483845117491,0.9238872615247344,-0.3926383311776362,-0.146732783369962,-0.938462279704819,-1.0044834087750536,0.5246729921378662,-0.5812099689420455,0.6005737216181553,0.8855218849040323,6,1136
0.0508858159794794,1.1899523706432833,-0.8055143452078041,-0.466421415852694,0.0649224051609148,0.0375282445685153,0.521405426372251,-0.1197423474031339,-0.7727863395565115,0.9528431864537098,-0.77849144335654,5,135
1.1958166755177713,-0.5643886865737623,1.178211027220696,-0.1712890771524633,-0.4007190096070144,-0.255268912713485,-0.8213767485573771,-0.3795872423793921,-1.3475154513999046,1.2464010738166724,0.8855218849040323,6,1267
-0.4070865278358376,2.053199557527861,-1.0598381109037656,-0.0237229078023477,-0.1678983022230497,-1.0360613321321526,-1.096036738883892,-0.0158043894126537,0.5043894645399202,-0.5736578278336941,-0.5936010735498088,5,98
-1.036798500581898,2.053199557527861,-1.3650266297389193,-0.6877706698778668,-0.7393673112564177,-0.6456651224228187,-0.8824123019632693,-1.0707746630161314,1.2068361567929562,-0.162676785525547,0.4232959603872068,6,1455
2.3979940780329776,-0.3973085858864244,1.1273462740815037,1.451938785698806,-0.3583879719008389,1.0135187688418497,0.0941565525310056,0.7117613165207652,-1.666809402424014,-0.5149462503611023,-0.77849144335654,4,409
-0.750565785697325,0.0482383492798094,-1.3650266297389193,-0.3188552465025784,-0.1678983022230497,2.282306450397184,0.2772632127486822,-0.5874631583603525,0.5043894645399202,1.0702663413988949,0.8855218849040323,6,1422
-0.464333070812752,0.6051720182376016,-1.3650266297389193,-0.0975059924774055,-0.2102293399292252,0.2327263494231821,-0.5161989815279162,-0.1197423474031339,0.0573779331061676,-0.3388115179433247,-0.4087107037430793,6,612
-0.464333070812752,0.5494786513418223,0.008321705019273,-0.3926383311776362,-0.0832362268106989,0.1351272969958487,1.3759031740547414,-0.2964368759869734,-0.3257748081227619,-0.4562346728885097,-0.5936010735498088,6,1315
0.2226254449102226,0.5216319678939326,-0.5511905795118425,-0.3926383311776362,0.2977431125448774,-0.255268912713485,0.0941565525310056,-0.2756492843889119,-1.0920802905806182,-0.5149462503611023,0.5157411452905716,5,216
-0.2925934418820083,-0.6757754203653208,2.0937765837261577,-0.6139875852028093,8.044323012774978,0.2327263494231821,0.7045120865899275,0.2960094845587868,-1.4752330318095477,3.829710482610742,-1.0558269980666344,5,106
-1.036798500581898,-0.1188417514075283,-0.6020553326510347,0.3451925155729406,-0.4853810850193653,-0.3528679651408184,-0.5772345349338084,-1.990625591232008,0.1212367233109906,-0.3975230954159172,2.179754473551144,6,1311
0.0508858159794794,-1.5668692906977884,0.6186987426895807,-0.3926383311776362,-0.9721880186403846,-1.133660384559486,-1.096036738883892,-1.4917233928776683,-0.2619160179179389,0.3070158342551925,1.902418918841048,7,806
0.2226254449102226,0.0482383492798094,-0.0425430481199193,-0.0237229078023477,0.2130810371325268,-0.8408632272774856,-0.455163428122024,0.4519164215445647,-0.2619160179179389,-0.3388115179433247,-1.0558269980666344,6,630
2.3979940780329776,0.1596250830713679,1.1273462740815037,-0.0975059924774055,-0.4853810850193653,-1.0360613321321526,-0.5772345349338084,1.6472029384352025,-1.4752330318095477,1.2464010738166724,0.4232959603872068,5,264
-1.5520173873741294,1.7747327230489651,-1.110702864042958,-0.8353368392279824,-0.8875259432280317,-0.3528679651408184,1.2843498439459031,-2.250470486208266,1.589988898021886,0.9528431864537098,2.2721996584545088,8,390
-0.2353468989050935,0.6608653851333808,-1.314161876599727,-0.0237229078023477,-0.1890638210761375,0.1351272969958487,-0.2415389912014013,-0.2236803053936718,0.1850955135158108,0.4831505666729701,1.1628574396141265,7,334
-0.3498399848589227,0.7165587520291601,-1.16156761718215,-0.6877706698778668,-1.0145190563465578,-1.133660384559486,-1.126554515586838,-0.2756492843889119,0.5682482547447404,-1.102062025087027,-0.9633818131632697,5,688
1.6537890193330873,-0.7314687872610998,1.178211027220696,-0.3926383311776362,0.2554120748387043,0.3303254018505156,0.1246743292339517,0.5714450732336054,-1.3475154513999046,-0.4562346728885097,-0.0389299641296186,5,1548
-0.6933192427204107,-0.0631483845117491,-1.2124323703213424,0.0500601768727099,-0.2313948587823129,0.5255235067051824,1.4064209507576877,0.3739629530516469,1.2068361567929562,-0.3388115179433247,-0.5936010735498088,5,779
-0.8650588716511542,0.6051720182376016,-0.8563790983469962,-0.3188552465025784,-0.0409051891045234,0.2327263494231821,1.6810809410842025,-0.5874631583603525,0.1850955135158108,-0.8085041377240643,-0.2238203339363497,5,166
-0.9223054146280688,-0.3973085858864244,-0.144272554398304,-0.6139875852028093,-0.2102293399292252,0.2327263494231821,-0.3636100980131857,-1.0032149903223309,0.5043894645399202,-0.3388115179433247,0.1459604056771109,6,1325
-0.8078123286742394,0.2710118168629259,-0.3477315669550731,-0.5770960428652804,-0.6123741981378936,-0.7432641748501522,-0.7298234184485388,-1.824324858447228,0.4405306743350972,-0.984638870141842,1.1628574396141265,5,1443
0.0508858159794794,0.1596250830713679,-1.16156761718215,-0.3926383311776362,-0.1044017456637886,-0.5480660699954852,-0.7298234184485388,0.4519164215445647,-0.5812099689420455,-1.2781967575048043,-0.77849144335654,5,720
-0.0063607269974349,-1.232709089323113,0.6186987426895807,-0.0975059924774055,-0.1890638210761375,0.1351272969958487,-0.0889501076866709,-1.19030331470523,-0.0064808570986525,0.6592852990907477,1.902418918841048,7,896
-0.750565785697325,0.2710118168629259,0.0591864581584653,1.6732880397239789,-0.0409051891045234,-0.3528679651408184,0.7045120865899275,-0.2080896116950536,0.0573779331061676,0.2483042567826,0.5157411452905716,6,1257
-0.8650588716511542,0.6051720182376016,-1.3650266297389193,0.1238432615477677,0.763384527312809,-0.0600708078588181,-0.3941278747161318,-0.7017949121498922,0.8236834155640268,-0.162676785525547,0.7930767000006675,6,1258
-0.464333070812752,1.3291857878827316,-0.3477315669550731,4.1081298340008825,0.2342465559856165,1.4039149785511833,1.4064209507576877,1.1379069442818033,-0.7089275493516886,-0.4562346728885097,-1.1482721829700009,5,1071
-0.750565785697325,1.524112572017959,-1.3650266297389193,-0.0237229078023477,-0.4007190096070144,-0.8408632272774856,-0.790858971854431,0.0881335685778264,1.079118576383313,-0.5736578278336941,-0.77849144335654,5,178
-0.2925934418820083,0.5494786513418223,1.0764815209423113,-0.6139875852028093,0.276577593691792,-0.1576698602861515,1.5284920575694718,-0.327618263384152,-0.7727863395565115,-0.2213883629981396,-0.8709366282599048,5,165
-0.0063607269974349,-0.2302284851990869,0.4661044832720036,-0.5402045005277516,2.8587708937684915,-0.938462279704819,-0.9129300786662152,0.6597923375255251,-0.8366451297613318,-0.3388115179433247,-0.8709366282599048,6,666
-0.0063607269974349,0.1596250830713679,-0.2460020606766886,-0.0975059924774055,-0.1044017456637886,-0.5480660699954852,1.223314290540011,0.8156992745112454,0.376671884130277,-0.2213883629981396,-0.8709366282599048,5,1243
-1.1512915865357272,-1.2884024562188925,1.0764815209423113,-0.5402045005277516,-0.3795534907539267,0.2327263494231821,0.4603698729663587,-0.4315562213746322,0.8236834155640268,0.7179968765633403,-0.1313751490329834,6,84
-1.0940450435588125,0.6051720182376016,-0.2968668138158809,-0.5402045005277516,-0.1255672645168743,-0.1576698602861515,-0.455163428122024,0.0829366706783254,1.7815652686363492,0.0134579468922305,-0.5936010735498088,5,846
1.0813235895639417,-1.1213223555315543,0.9747520146639268,-0.466421415852694,-0.1255672645168743,-0.938462279704819,-1.126554515586838,-0.2340741011926737,-1.3475154513999046,-1.0433504476144344,-0.0389299641296186,6,1214
0.0508858159794794,0.7722521189249394,-0.3985963200942655,-0.2450721618275207,0.128418961720178,-0.4504670175681519,0.887618746807604,0.3271908719559654,-0.7089275493516886,-0.3975230954159172,-1.1482721829700009,4,927
-0.1781003559281791,-1.5668692906977884,0.8221577552463498,-0.6139875852028093,-0.4218845284601021,0.6231225591325159,0.1246743292339517,-1.107152948312811,0.4405306743350972,-0.3388115179433247,1.3477478094208577,6,1135
-0.464333070812752,0.2710118168629259,1.4833995460558502,0.4189756002479984,1.39835009290544,-1.0360613321321526,-0.9739656320721076,-1.02400258192045,-0.6450687591468685,2.185786313378152,1.0704122547107615,6,1371
-0.464333070812752,0.3823985506544844,-1.2124323703213424,-0.5402045005277516,0.1707499994263534,0.9159197164145162,1.62004538767831,-0.8992770323318507,0.2489543037206338,-0.6910809827788792,-0.3162655188397145,5,153
-0.0063607269974349,-1.232709089323113,0.6186987426895807,-0.0975059924774055,-0.1890638210761375,0.1351272969958487,-0.0889501076866709,-1.19030331470523,-0.0064808570986525,0.6592852990907477,1.902418918841048,7,898
0.8523374176562839,-1.5668692906977884,1.1273462740815037,0.1238432615477677,0.0225913674547394,-0.0600708078588181,-0.3941278747161318,0.7637302955160054,0.6959658351543836,1.42253580623445,-0.4087107037430793,6,520
-0.0063607269974349,-1.511175923802009,0.7712930021071575,-0.3926383311776362,-0.146732783369962,-0.4504670175681519,-0.5772345349338084,0.3479784635540268,-0.6450687591468685,0.8354200315085253,-0.9633818131632697,6,380
0.6233512457486253,-1.6225626575935674,0.3135102238544269,-0.1712890771524633,-0.5488776415786284,3.5510941319525187,0.8265831934017118,0.5870357669321659,1.0152597861784929,1.42253580623445,-0.2238203339363497,6,926
-0.6360726997434958,1.078565636851725,-1.110702864042958,1.5626134127113926,-0.019739670251436,-1.133660384559486,-1.0655189621809458,-0.2756492843889119,0.6321070449495634,-1.5717546448677666,0.4232959603872068,5,65
1.3675563044485144,-1.0099356217399962,1.3308052866382731,0.0500601768727099,-0.3583879719008389,-1.0360613321321526,-0.9129300786662152,0.2440405055635466,-1.028221500375798,-0.045253630580362,0.5157411452905716,8,495
-0.8078123286742394,0.0482383492798094,-1.16156761718215,0.3451925155729406,-0.2102293399292252,-0.8408632272774856,-0.5772345349338084,1.0235751904922634,2.420153170684565,1.4812473837070426,-0.9633818131632697,6,276
-0.5788261567665813,-1.1213223555315543,1.025616767803119,-0.3188552465025784,-0.2102293399292252,-1.0360613321321526,-1.0655189621809458,-0.4835252003698723,0.1212367233109906,-0.7497925602514718,-0.1313751490329834,6,150
-0.5215796137896664,0.9393322196122764,-1.3650266297389193,-0.466421415852694,-0.2313948587823129,-0.4504670175681519,-0.3636100980131857,0.5558543795350449,1.2706949469977764,-0.5736578278336941,-0.9633818131632697,5,4
-0.0636072699743503,-1.6225626575935674,0.3643749769936192,1.894637293749152,-0.5277121227255407,-0.7432641748501522,-0.7298234184485388,0.3479784635540268,-0.5812099689420455,1.6573821161248194,0.4232959603872068,6,1412
-1.036798500581898,0.7722521189249394,-1.3650266297389193,1.3043726163486904,-0.6335397169909791,-0.4504670175681519,-0.790858971854431,-0.9616398071261504,0.8875422057688498,-0.5736578278336941,1.255302624517493,4,1239
0.4516116168178812,-1.065628988635775,0.7712930021071575,-0.5402045005277516,-0.6123741981378936,-0.6456651224228187,-0.8518945252603232,-1.4605420054804898,-0.8366451297613318,-0.6323694053062867,0.8855218849040323,5,1322
-0.2353468989050935,-1.6225626575935674,0.6695634958287731,-0.6877706698778668,-0.654705235844069,-0.4504670175681519,-0.6382700883397006,-0.0158043894126537,0.0573779331061676,1.2464010738166724,-1.610498107486826,6,371
0.9668305036101128,-1.1770157224273337,1.6359938054734269,-0.2450721618275207,-0.2102293399292252,-1.2312594369868193,-0.9434478553691614,1.387358043458944,-0.7089275493516886,0.7179968765633403,-0.77849144335654,5,1416
0.279871987887138,0.3823985506544844,0.1100512112976574,-0.2450721618275207,0.2342465559856165,-1.0360613321321526,-0.9434478553691614,1.0755441694875036,0.312813093925454,-0.984638870141842,-1.2407173678733654,5,627
-1.3802777584433854,0.1039317161755887,-0.8563790983469962,-0.2450721618275207,-0.5277121227255407,2.282306450397184,0.1551921059368978,-0.8369142575375511,1.3345537372025995,0.6005737216181553,0.7006315150973011,6,1595
-0.750565785697325,0.3823985506544844,0.1609159644368498,1.451938785698806,-0.4007190096070144,0.427924454277849,1.9557409314107173,1.252238698071343,-0.0703396473034755,3.0077483979944466,-0.2238203339363497,5,1288
-0.5788261567665813,-0.5643886865737623,-0.144272554398304,-0.0237229078023477,-0.1890638210761375,1.111117821269183,0.6434765331840353,-0.1301361432021935,1.845424058841172,-0.3975230954159172,0.6081863301939363,6,1357
2.2835009920791487,-0.7871621541568791,1.839452818030196,-0.1712890771524633,0.0860879240140025,-0.938462279704819,-0.8518945252603232,1.9070478334114027,-0.964362710170975,-0.984638870141842,-0.8709366282599048,5,433
1.3103097614716,-0.9542422548442168,1.686858558612619,-0.2450721618275207,1.3771845740523525,-0.8408632272774856,-0.8518945252603232,0.9716062114970234,-1.730668192628834,2.36192104579593,-0.9633818131632697,5,483
1.882775191240746,-0.6757754203653208,1.3816700397774655,-0.7615537545529246,0.1707499994263534,0.6231225591325159,-0.1499856610925631,0.3219939740564068,-1.8583857730384767,0.6005737216181553,-0.5011558886464441,7,1088
2.3979940780329776,-0.8428555210526584,1.686858558612619,0.0500601768727099,-0.1255672645168743,1.5015140309785169,0.7960654166987657,1.491296001449482,-1.3475154513999046,0.4244389892003776,0.0535152207737461,5,446
-0.1781003559281791,1.078565636851725,-0.144272554398304,0.1976263462228251,-0.0832362268106989,-0.5480660699954852,0.4908876496693048,0.0621490790802063,0.2489543037206338,-0.5736578278336941,-0.4087107037430793,6,211
-0.5788261567665813,-0.8428555210526584,-0.2968668138158809,-0.3926383311776362,-0.146732783369962,-0.8408632272774856,-0.3330923213102396,-0.327618263384152,0.1212367233109906,-1.102062025087027,-0.8709366282599048,5,176
-0.6360726997434958,0.7722521189249394,-1.3650266297389193,-0.2450721618275207,-0.4007190096070144,-0.5480660699954852,-0.6687878650426466,-0.5874631583603525,0.6959658351543836,0.365727411727785,0.6081863301939363,6,1399
0.566104702771711,-0.8985488879484376,0.8730225083855422,-0.6877706698778668,-1.0356845751996455,0.5255235067051824,-0.1194678843896169,-0.7641576869441918,-0.4534923885324022,0.8941316089811179,0.330850775483842,7,797
-0.6933192427204107,-1.065628988635775,0.0591864581584653,-0.3926383311776362,-0.1044017456637886,1.5015140309785169,0.6739943098869814,0.1089211601759455,0.8875422057688498,-1.0433504476144344,-0.9633818131632697,5,991
0.9095839606331984,-1.4554825569062295,1.1273462740815037,1.8208542090740945,-0.1044017456637886,-0.6456651224228187,-0.8824123019632693,-0.9824273987242697,-0.7727863395565115,-0.8085041377240643,1.902418918841048,7,941
-0.0063607269974349,0.800098802372829,-0.0425430481199193,-0.3188552465025784,-0.0620707079576111,-0.4504670175681519,-0.0889501076866709,0.4519164215445647,-0.0064808570986525,-0.7497925602514718,-1.1482721829700009,4,73
0.3371185308640524,1.1899523706432833,-0.4494610732334578,-0.0237229078023477,-0.2102293399292252,-0.0600708078588181,0.0636387758280595,0.3427815656545259,-0.7089275493516886,-1.102062025087027,-0.6860462584531752,6,1034
0.2226254449102226,0.8836388527164973,0.2117807175760421,0.3451925155729406,-0.019739670251436,0.7207216115598494,1.0707254070252803,1.8031098754209225,1.079118576383313,0.4831505666729701,1.0704122547107615,6,499
-0.9795519576049836,0.1596250830713679,-0.652920085790227,-0.0975059924774055,-0.4853810850193653,-0.255268912713485,-0.5161989815279162,-1.4345575159828698,0.6959658351543836,-0.2213883629981396,1.1628574396141265,7,1534
-0.8078123286742394,3.111373528547667,-1.0598381109037656,-0.3188552465025784,-0.5488776415786284,-0.3528679651408184,-0.455163428122024,-1.0032149903223309,1.2706949469977764,-1.3369083349773967,0.8855218849040323,4,199
-0.464333070812752,-0.6200820534695416,0.2117807175760421,-0.6877706698778668,-0.146732783369962,-0.0600708078588181,-0.1194678843896169,0.5558543795350449,-0.0064808570986525,-0.1039652080529545,-1.33316255277673,5,661
0.1653789019333082,-0.3416152189906455,0.008321705019273,-0.1712890771524633,-0.6758707546971546,-0.1576698602861515,-0.5467167582308623,-0.816126665939432,-0.8366451297613318,0.8354200315085253,0.7006315150973011,5,924
4.17263691031733,0.6330187016854912,1.1273462740815037,1.230589531673633,0.1707499994263534,-0.5480660699954852,-0.6993056417455927,3.3361947557806784,-2.4969736750866933,0.4831505666729701,0.6081863301939363,5,557
-0.0636072699743503,-0.8428555210526584,0.2626454707152345,-0.0237229078023477,-0.146732783369962,0.8183206639871828,0.7655476399958197,-0.2548616927907928,-0.2619160179179389,1.1289779188714877,0.5157411452905716,6,1141
-0.750565785697325,-1.6782560244893467,0.6695634958287731,-0.6877706698778668,-0.506546603872453,0.5255235067051824,0.6434765331840353,-0.7953390743413705,1.2068361567929562,-0.162676785525547,0.6081863301939363,5,454
-0.4070865278358376,-0.6757754203653208,-0.144272554398304,-0.5402045005277516,-0.146732783369962,-1.133660384559486,-1.0655189621809458,-0.2756492843889119,-0.1980572277131187,-0.3975230954159172,-0.8709366282599048,5,26
0.279871987887138,-1.1213223555315543,0.7204282489679651,2.484901971149614,-0.2948914153415761,-0.8408632272774856,-1.0044834087750536,-0.0781671642069534,-0.0703396473034755,-0.2213883629981396,1.5326381792275872,7,974
-1.2085381295126416,1.4127258382264003,-1.3650266297389193,-0.3188552465025784,-0.5700431604317161,-0.938462279704819,-1.0044834087750536,-0.0469857768098324,1.7815652686363492,-0.2800999404707321,-0.4087107037430793,4,1461
-0.1781003559281791,-0.1745351183033076,0.6186987426895807,0.0500601768727099,-0.1044017456637886,-0.3528679651408184,0.0026032224221673,0.9196372325017832,0.7598246253592066,-0.2213883629981396,0.2384055905804756,6,1404
-0.5215796137896664,-0.6757754203653208,-0.144272554398304,-0.5402045005277516,-0.4430500473131898,0.2327263494231821,0.0331209991251134,-0.5874631583603525,0.376671884130277,-0.2213883629981396,-0.0389299641296186,5,1430
0.8523374176562839,-0.1745351183033076,1.1273462740815037,0.0500601768727099,3.451405421654947,-1.0360613321321526,-0.790858971854431,1.1794821274779836,-0.0064808570986525,0.7767084540359328,0.2384055905804756,6,568
-0.0063607269974349,0.6608653851333808,-0.8563790983469962,0.2714094308978829,0.0437568863078271,0.1351272969958487,-0.1805034377955091,0.6753830312240856,-0.1341984375082957,-0.6323694053062867,-0.8709366282599048,5,753
-0.3498399848589227,0.6051720182376016,-0.2968668138158809,-0.2450721618275207,-0.2102293399292252,1.59911308340585,2.657649795578477,-0.5874631583603525,-0.2619160179179389,-1.2194851800322115,-0.5011558886464441,5,1419
-1.5520173873741294,0.7165587520291601,-1.3650266297389193,-0.0237229078023477,-0.4430500473131898,-0.8408632272774856,-0.9434478553691614,-2.167320119815848,1.3345537372025995,-0.4562346728885097,2.2721996584545088,5,1119
-0.4070865278358376,-0.1188417514075283,-0.6020553326510347,0.1976263462228251,0.4882327822226689,1.6967121358331836,0.8265831934017118,-0.6394321373555926,-0.9005039199661548,-0.162676785525547,-0.2238203339363497,6,54
1.4248028474254295,-1.1770157224273337,0.8730225083855422,-0.6877706698778668,-0.506546603872453,0.0375282445685153,-0.2720567679043474,0.9196372325017832,-0.5812099689420455,0.7179968765633403,-0.4087107037430793,6,250
0.7378443317024541,0.1596250830713679,0.2117807175760421,0.1976263462228251,0.0437568863078271,-0.0600708078588181,0.0026032224221673,0.607823358530285,-1.2836566611950844,1.5399589611796352,-0.4087107037430793,6,348
1.94002173421766,-0.4530019527822037,1.839452818030196,-0.2450721618275207,-0.2948914153415761,-0.8408632272774856,-0.6993056417455927,1.5640525720427836,-0.6450687591468685,0.1895926793100074,0.4232959603872068,6,1454
-0.6360726997434958,-0.9542422548442168,0.9747520146639268,-0.3188552465025784,-0.2737258964884884,0.8183206639871828,-0.0584323309837248,-0.7225825037480114,0.5682482547447404,1.1289779188714877,0.5157411452905716,7,1204
-0.8650588716511542,0.493785284446043,-0.9581086046253808,-0.466421415852694,-0.4007190096070144,1.2087168736965166,-0.2415389912014013,-0.114545449503633,0.6959658351543836,0.9528431864537098,-0.8709366282599048,6,1593
0.5088581597947955,2.16458629131942,-0.144272554398304,0.0500601768727099,0.0014258486016516,-0.3528679651408184,1.4369387274606336,1.5952339594399625,1.079118576383313,-0.6910809827788792,-0.5936010735498088,5,691
-0.1208538129512647,1.078565636851725,-0.2460020606766886,-0.2450721618275207,-0.3160569341946638,-0.4504670175681519,-0.1499856610925631,-0.0158043894126537,0.312813093925454,-0.6323694053062867,-1.2407173678733654,5,217
-0.5215796137896664,0.5773253347897119,-0.8563790983469962,-0.0975059924774055,-0.146732783369962,0.0375282445685153,-0.3941278747161318,0.3271908719559654,1.717706478431529,0.1895926793100074,0.330850775483842,7,902
0.279871987887138,-1.2884024562188925,0.5678339895503883,-0.1712890771524633,-0.5700431604317161,0.3303254018505156,0.7960654166987657,-0.6758104226522722,0.5043894645399202,0.365727411727785,1.255302624517493,6,936
0.9095839606331984,-0.7314687872610998,1.3308052866382731,3.0751666485500757,0.2130810371325268,-0.938462279704819,-0.8213767485573771,0.9716062114970234,-0.2619160179179389,0.9528431864537098,1.1628574396141265,7,413
0.3943650738409668,1.4962658885700693,-0.7546495920686117,-0.0975059924774055,-0.0832362268106989,-0.7432641748501522,-0.5467167582308623,0.846880661908424,0.1212367233109906,-0.045253630580362,-0.0389299641296186,6,886
-0.6360726997434958,-0.6757754203653208,0.1609159644368498,-0.3188552465025784,-0.0832362268106989,1.8919102406878503,0.7960654166987657,0.1401025475730665,0.8236834155640268,-0.8085041377240643,-0.9633818131632697,5,975
0.5088581597947955,-1.232709089323113,0.4661044832720036,-0.2450721618275207,-0.1678983022230497,-0.4504670175681519,-0.455163428122024,-0.301633773886532,0.1212367233109906,1.1876894963440798,1.4401929943242224,7,1093
-0.6933192427204107,0.4380919175502637,-1.2632971234605348,-0.0237229078023477,-0.1255672645168743,0.1351272969958487,1.253832067242957,0.3739629530516469,1.079118576383313,-0.3388115179433247,-0.6860462584531752,6,792
-0.2925934418820083,1.8861194568405235,-0.0425430481199193,0.935457192973402,0.4247362256634058,1.5015140309785169,0.6434765331840353,-0.0261981852117133,-0.3257748081227619,-1.1607736025596191,-1.1482721829700009,5,1331
-0.4070865278358376,1.3848791547785109,-1.3650266297389193,-0.6139875852028093,-0.2313948587823129,1.6967121358331836,-0.0279145542807787,-0.3172244675850925,-0.0064808570986525,-0.2213883629981396,0.2384055905804756,6,1046
-0.8078123286742394,-0.7314687872610998,-0.652920085790227,-0.0975059924774055,-0.0409051891045234,0.5255235067051824,-0.1805034377955091,0.0361645895825863,0.7598246253592066,-0.162676785525547,-0.6860462584531752,6,24
0.279871987887138,0.4380919175502637,-0.652920085790227,-0.0975059924774055,-0.4218845284601021,-0.5480660699954852,-0.1194678843896169,0.0881335685778264,-0.7727863395565115,-0.3975230954159172,-0.8709366282599048,5,179
0.3371185308640524,0.3267051837587051,0.6186987426895807,-0.1712890771524633,0.1707499994263534,-1.0360613321321526,-0.7298234184485388,0.9716062114970234,0.376671884130277,-0.4562346728885097,-0.1313751490329834,5,456
-0.0636072699743503,0.9393322196122764,-0.1951373075374962,-0.3926383311776362,0.2554120748387043,-0.1576698602861515,1.0707254070252803,0.2960094845587868,-0.7727863395565115,0.2483042567826,-0.9633818131632697,5,360
-0.9223054146280688,0.6051720182376016,-0.1951373075374962,-0.3188552465025784,-0.146732783369962,-0.4504670175681519,2.2304009217372323,-0.7017949121498922,0.312813093925454,0.2483042567826,0.4232959603872068,5,1184
-1.0940450435588125,-0.9542422548442168,1.3308052866382731,-0.2450721618275207,3.028095044593193,0.3303254018505156,-0.3330923213102396,-1.7307806962558077,0.376671884130277,1.5986705386522275,1.8099737339376831,6,1570
-0.2353468989050935,-1.0099356217399962,0.9747520146639268,0.7878910236232868,-0.1890638210761375,-0.0600708078588181,-0.2720567679043474,0.2960094845587868,0.2489543037206338,1.1876894963440798,2.179754473551144,8,267
-0.5788261567665813,0.3267051837587051,-0.0425430481199193,3.4440820719253638,-0.3583879719008389,1.8919102406878503,2.2914364751431244,0.7117613165207652,0.376671884130277,-0.984638870141842,-0.9633818131632697,5,164
-0.6360726997434958,0.911485536164387,-0.7037848389294193,-0.3926383311776362,-0.2313948587823129,-0.3528679651408184,-0.790858971854431,-0.6602197289537117,-0.1341984375082957,-0.6910809827788792,-0.3162655188397145,5,1563
-0.750565785697325,0.8836388527164973,-1.0089733577645732,-0.0237229078023477,0.0860879240140025,-0.0600708078588181,-0.7603411951514849,-0.5251003835660528,0.4405306743350972,-0.3388115179433247,0.7930767000006675,6,1115
0.566104702771711,-0.5643886865737623,0.8730225083855422,-0.466421415852694,-0.0409051891045234,-0.6456651224228187,-0.7298234184485388,0.181677730769247,-0.1980572277131187,-0.6323694053062867,-0.8709366282599048,5,850
0.6233512457486253,-1.065628988635775,0.516969236411196,-0.2450721618275207,-0.2525603776354006,-1.0360613321321526,-1.0044834087750536,0.6597923375255251,-0.5812099689420455,-0.2213883629981396,-1.1482721829700009,5,256
2.5697337069637216,1.7190393561531858,1.839452818030196,-0.0975059924774055,0.0225913674547394,-0.255268912713485,-0.3330923213102396,1.543264980444722,-1.3475154513999046,-0.3388115179433247,-0.0389299641296186,6,429
-0.4070865278358376,0.6330187016854912,-1.2124323703213424,-0.466421415852694,-0.019739670251436,-0.1576698602861515,0.3382987661545744,0.0881335685778264,0.376671884130277,-1.1607736025596191,-0.1313751490329834,5,1353
-0.4070865278358376,1.1621056871953936,-1.3650266297389193,-0.466421415852694,0.276577593691792,-0.938462279704819,-1.0350011854779997,-0.790142176441812,0.312813093925454,-0.3975230954159172,0.5157411452905716,5,1290
-1.4947708443972143,0.3823985506544844,-1.3650266297389193,-0.8353368392279824,-0.506546603872453,-0.4504670175681519,-0.8518945252603232,-2.505118483284966,0.8875422057688498,-0.5736578278336941,1.625083364130952,6,1298
0.1653789019333082,0.5773253347897119,2.0937765837261577,-0.5402045005277516,6.689729806177364,0.3303254018505156,0.3077809894516283,-0.2132865095946123,-1.8583857730384767,2.8903252430492614,-1.0558269980666344,5,1260
-0.5215796137896664,0.6051720182376016,-1.0089733577645732,-0.5402045005277516,0.276577593691792,-0.7432641748501522,-0.6993056417455927,-0.327618263384152,-0.0703396473034755,-0.4562346728885097,-0.77849144335654,5,1386
-0.3498399848589227,0.2153184499671466,-0.2968668138158809,-0.7615537545529246,-0.3795534907539267,-1.133660384559486,-1.126554515586838,-1.1175467441118707,-0.964362710170975,-0.6910809827788792,-0.5936010735498088,6,1197
-1.0940450435588125,0.2153184499671466,-1.2632971234605348,-0.5402045005277516,-0.4218845284601021,-1.133660384559486,-1.0655189621809458,0.1401025475730665,0.95140099597367,0.1308811018374155,-0.8709366282599048,5,727
-0.750565785697325,-0.8428555210526584,1.1273462740815037,-0.0237229078023477,0.2130810371325268,1.6967121358331836,1.1927965138370649,-0.2756492843889119,0.5043894645399202,0.6592852990907477,0.8855218849040323,6,527
-0.6360726997434958,1.078565636851725,-1.110702864042958,1.5626134127113926,-0.019739670251436,-1.133660384559486,-1.0655189621809458,-0.2756492843889119,0.6321070449495634,-1.5717546448677666,0.4232959603872068,5,64
-0.0636072699743503,1.1064123202996143,-0.2968668138158809,-0.6139875852028093,-0.2737258964884884,-1.0360613321321526,-1.0044834087750536,0.0361645895825863,-0.7089275493516886,-0.8085041377240643,-0.8709366282599048,5,671
-0.5215796137896664,-0.0074550176159698,-0.0425430481199193,-0.3926383311776362,0.2977431125448774,0.0375282445685153,0.7960654166987657,-0.5354941793651125,-1.028221500375798,-0.5149462503611023,-0.9633818131632697,5,221
0.0508858159794794,-0.7871621541568791,-0.8563790983469962,-0.6139875852028093,-0.2525603776354006,-0.938462279704819,-0.6382700883397006,-0.4783283024703714,-1.4113742416047277,-1.3369083349773967,-0.6860462584531752,6,1332
3.829157652455842,-1.7896427582809054,0.8730225083855422,-0.2450721618275207,-0.2525603776354006,-0.5480660699954852,-0.6687878650426466,1.72515640692812,-1.5390918220143708,1.0702663413988949,-1.1482721829700009,7,244
0.1081323589563938,-0.2302284851990869,-0.8055143452078041,-0.1712890771524633,-0.0620707079576111,-0.6456651224228187,0.6434765331840353,0.0361645895825863,-0.9005039199661548,-0.7497925602514718,-0.9633818131632697,5,23
-0.6933192427204107,0.7165587520291601,-1.3650266297389193,1.0092402776484597,-0.019739670251436,0.1351272969958487,-0.0279145542807787,0.4519164215445647,0.95140099597367,-0.6910809827788792,-0.8709366282599048,5,719
-0.1781003559281791,0.9671789030601662,-1.110702864042958,-0.466421415852694,-0.2737258964884884,-0.7432641748501522,-0.8213767485573771,-0.2756492843889119,0.1850955135158108,1.716093693597412,0.0535152207737461,6,69
-0.8078123286742394,0.0482383492798094,-1.16156761718215,0.3451925155729406,-0.2102293399292252,-0.8408632272774856,-0.5772345349338084,1.0235751904922634,2.420153170684565,1.4812473837070426,-0.9633818131632697,6,268
0.279871987887138,0.9393322196122764,-1.3650266297389193,-0.6139875852028093,-0.3795534907539267,-0.7432641748501522,-0.8213767485573771,0.1452994454725674,-0.0064808570986525,-0.7497925602514718,-0.4087107037430793,6,762
0.3943650738409668,0.7165587520291601,-0.5003258263726501,0.3451925155729406,-0.2102293399292252,-1.0360613321321526,-1.0044834087750536,0.4519164215445647,-0.1341984375082957,-0.6323694053062867,-0.0389299641296186,5,725
-0.464333070812752,0.2710118168629259,-1.2124323703213424,1.1568064469985748,-0.146732783369962,1.111117821269183,0.0026032224221673,-0.4211624255755726,-1.8583857730384767,-1.102062025087027,-1.1482721829700009,5,1226
-0.4070865278358376,-0.5643886865737623,0.1100512112976574,-0.3188552465025784,-0.2525603776354006,0.3303254018505156,0.6129587564810892,0.2336467097644871,0.5682482547447404,-0.1039652080529545,-0.8709366282599048,5,1232
-0.0063607269974349,1.3848791547785109,-0.8563790983469962,0.0500601768727099,-0.1255672645168743,2.8679007649611847,1.253832067242957,0.8156992745112454,1.079118576383313,-0.7497925602514718,-0.4087107037430793,5,678
2.1117613631484047,-0.7871621541568791,1.9920470774477728,0.3451925155729406,0.128418961720178,-0.3528679651408184,-0.48568120482497,1.491296001449482,-0.8366451297613318,-0.162676785525547,0.330850775483842,7,407
-0.750565785697325,-0.6200820534695416,-0.3985963200942655,-0.1712890771524633,-0.3372224530477515,0.2327263494231821,-0.3025745446072935,-1.02400258192045,0.5043894645399202,-0.5736578278336941,0.4232959603872068,5,1284
-1.323031215466471,-0.1188417514075283,-1.3650266297389193,-0.3188552465025784,-0.4853810850193653,2.379905502824517,0.2467454360457361,-0.8992770323318507,1.4622713176122426,1.5986705386522275,0.2384055905804756,6,1409
-1.5520173873741294,2.1367396078715304,-1.3650266297389193,-0.3188552465025784,-0.9721880186403846,0.1351272969958487,0.9791720769164424,-1.699599308858629,2.356294380479745,0.4244389892003776,0.8855218849040323,5,1178
0.1653789019333082,-0.3416152189906455,0.1609159644368498,0.3451925155729406,-0.2313948587823129,1.4039149785511833,2.7186853489843696,0.4519164215445647,-0.0703396473034755,-0.7497925602514718,-0.9633818131632697,5,313
-0.2925934418820083,0.3823985506544844,-0.652920085790227,-0.0975059924774055,-0.019739670251436,-1.2312594369868193,-0.9434478553691614,0.3999474425493246,0.6959658351543836,-0.3388115179433247,0.330850775483842,6,36
-0.1781003559281791,-0.0631483845117491,-0.0934078012591116,-0.3926383311776362,-0.1890638210761375,0.3303254018505156,0.3993343195604665,-0.3172244675850925,-0.0703396473034755,-1.0433504476144344,-0.2238203339363497,5,1393
-1.2657846724895565,0.9671789030601662,-0.8563790983469962,0.1976263462228251,-0.1255672645168743,-0.255268912713485,-0.5467167582308623,-0.2184834074941132,1.845424058841172,0.0134579468922305,-0.2238203339363497,5,1531
1.7110355623100029,-0.8985488879484376,0.7204282489679651,-0.1712890771524633,0.0225913674547394,-0.938462279704819,-0.9129300786662152,1.0755441694875036,-1.4113742416047277,0.8354200315085253,-1.0558269980666344,5,619
-0.9795519576049836,1.8025794064968548,-1.2632971234605348,-0.0975059924774055,-0.5277121227255407,-0.0600708078588181,-0.6993056417455927,-0.2392709990922323,1.4622713176122426,-0.3388115179433247,0.5157411452905716,6,1557
1.2530632184946855,-0.1188417514075283,1.8903175711693885,-0.0975059924774055,0.4247362256634058,-0.938462279704819,-0.9434478553691614,0.2960094845587868,-1.4113742416047277,0.0134579468922305,1.255302624517493,7,513
0.566104702771711,0.4380919175502637,-0.0425430481199193,0.6403248542731713,0.0649224051609148,0.9159197164145162,1.253832067242957,1.569249469942342,-0.4534923885324022,-0.2213883629981396,-0.6860462584531752,5,321
0.1653789019333082,-0.8428555210526584,0.4661044832720036,0.3451925155729406,-0.1255672645168743,1.4039149785511833,2.2304009217372323,0.1401025475730665,-0.7089275493516886,-0.5736578278336941,-0.9633818131632697,5,53
0.3371185308640524,-2.290883060342918,0.9238872615247344,-0.5402045005277516,-0.2525603776354006,-0.5480660699954852,-0.7603411951514849,-0.6290383415565908,0.6321070449495634,0.6005737216181553,1.3477478094208577,7,949
1.0813235895639417,-1.3440958231146716,1.9411823243085808,-0.0975059924774055,-0.2525603776354006,-0.938462279704819,-0.8824123019632693,-0.5614786688627325,-0.5812099689420455,-0.162676785525547,1.255302624517493,6,1063
-0.9223054146280688,-1.1770157224273337,0.8730225083855422,-0.0975059924774055,-0.5488776415786284,0.8183206639871828,-0.3636100980131857,-0.9824273987242697,-0.1341984375082957,0.8354200315085253,1.0704122547107615,7,1584
0.4516116168178812,-1.733949391385126,-0.144272554398304,-0.3188552465025784,-0.1890638210761375,-1.4264575418414862,-0.5467167582308623,1.1794821274779836,0.6321070449495634,1.2464010738166724,-0.1313751490329834,6,530
-0.6360726997434958,-0.0631483845117491,-1.0089733577645732,-0.8353368392279824,-0.2737258964884884,-1.0360613321321526,-0.790858971854431,0.2960094845587868,0.0573779331061676,0.8941316089811179,-0.77849144335654,6,660
-0.5788261567665813,0.8836388527164973,0.2626454707152345,-0.2450721618275207,-0.3795534907539267,1.8919102406878503,1.7726342711930407,-0.2132865095946123,0.1212367233109906,-0.8672157151966569,-0.8709366282599048,5,1572
-0.750565785697325,-0.7314687872610998,0.2626454707152345,0.7878910236232868,-0.5488776415786284,-0.6456651224228187,-0.5161989815279162,-1.3358164558918906,-0.1980572277131187,-0.984638870141842,0.7930767000006675,7,978
-2.1244828171432752,-0.0631483845117491,-0.6020553326510347,-0.3188552465025784,-0.6970362735502423,-0.7432641748501522,0.5824409797781431,-1.7307806962558077,3.761187764985817,-0.5736578278336941,2.4570900282612382,4,45
0.1081323589563938,-0.8985488879484376,0.2626454707152345,-0.5402045005277516,-0.4430500473131898,1.0135187688418497,0.1551921059368978,-1.12794053991093,0.4405306743350972,0.365727411727785,1.255302624517493,6,1264
-0.9223054146280688,1.8304260899447444,-1.0089733577645732,-0.3926383311776362,0.276577593691792,0.427924454277849,0.3382987661545744,-0.3899810381784517,1.845424058841172,0.4831505666729701,1.1628574396141265,6,1301
-0.2353468989050935,0.076085032727699,-1.0598381109037656,1.0830233623235177,0.0014258486016516,1.111117821269183,0.4603698729663587,-0.1197423474031339,0.312813093925454,0.072169524364823,0.2384055905804756,6,275
0.9095839606331984,-0.1745351183033076,1.178211027220696,8.313765660479172,2.4989570732660003,3.160697922243185,1.1012431837282266,2.956821209115437,-0.964362710170975,0.5418621441455627,-1.5180529225834598,5,1476
-0.8650588716511542,0.8279454858207187,-0.2968668138158809,-0.3188552465025784,-0.3583879719008389,-0.6456651224228187,-0.6993056417455927,-0.6602197289537117,0.4405306743350972,-0.3388115179433247,-0.1313751490329834,5,1486
-0.750565785697325,1.3848791547785109,-0.9581086046253808,-0.3926383311776362,0.128418961720178,-0.5480660699954852,-0.8213767485573771,-0.5874631583603525,0.5682482547447404,-1.102062025087027,-0.4087107037430793,5,706
0.5088581597947955,-0.3973085858864244,-0.1951373075374962,0.0500601768727099,0.0860879240140025,0.2327263494231821,0.9486543002134962,1.2938138812675235,-1.028221500375798,-0.8672157151966569,-0.9633818131632697,5,1225
-1.323031215466471,0.2710118168629259,-0.3477315669550731,-0.0975059924774055,-0.2525603776354006,-0.0600708078588181,0.1246743292339517,-1.0707746630161314,1.717706478431529,0.072169524364823,1.902418918841048,6,1573
0.0508858159794794,-1.3440958231146716,0.6695634958287731,-0.6139875852028093,-0.4218845284601021,-0.7432641748501522,-0.790858971854431,-0.3639965486808316,0.5043894645399202,-0.3388115179433247,0.0535152207737461,5,1458
-0.6360726997434958,-0.2859218520948662,-1.0089733577645732,2.1897696324493827,0.0437568863078271,-0.5480660699954852,-0.8518945252603232,0.0569521811806477,0.376671884130277,0.1308811018374155,0.7006315150973011,7,1133
0.0508858159794794,-0.0631483845117491,-0.2460020606766886,0.1238432615477677,-0.0620707079576111,-1.133660384559486,-0.8518945252603232,0.0465583853816458,-0.3257748081227619,-0.5149462503611023,-0.5011558886464441,6,804
-0.3498399848589227,-0.5643886865737623,-0.0934078012591116,0.0500601768727099,-0.2948914153415761,1.30631592612385,0.521405426372251,-0.301633773886532,0.376671884130277,-0.4562346728885097,0.0535152207737461,6,225
0.1081323589563938,-0.3416152189906455,0.008321705019273,-0.466421415852694,-0.6123741981378936,0.2327263494231821,-0.2415389912014013,-0.8057328701404302,-0.964362710170975,1.1289779188714877,0.6081863301939363,6,964
-0.464333070812752,-0.8428555210526584,1.534264299195042,-0.1712890771524633,0.403570706810318,-1.0360613321321526,-1.0350011854779997,-0.353602752881772,0.312813093925454,-0.6323694053062867,0.8855218849040323,6,1507
-1.7810035592817874,-0.2859218520948662,-1.16156761718215,-0.6877706698778668,-0.6970362735502423,0.3303254018505156,1.833669824598933,-2.0945635492224883,1.4622713176122426,-0.2213883629981396,1.625083364130952,7,230
-1.8382501022587023,-0.1188417514075283,-0.4494610732334578,-0.3188552465025784,-0.9510224997872948,0.0375282445685153,1.6810809410842025,-2.250470486208266,0.95140099597367,1.2464010738166724,2.2721996584545088,7,1157
0.4516116168178812,-1.3440958231146716,0.3135102238544269,-0.3557467888401075,-0.506546603872453,-0.255268912713485,-0.5772345349338084,-0.816126665939432,-0.3257748081227619,1.0702663413988949,1.1628574396141265,7,1006
-0.2925934418820083,-1.1770157224273337,0.8730225083855422,0.1238432615477677,0.3612396691041426,-0.7432641748501522,-0.8824123019632693,0.3064032803578463,0.1212367233109906,0.7179968765633403,0.5157411452905716,7,1451
-0.750565785697325,-0.2302284851990869,1.1273462740815037,2.26355271712444,-0.5700431604317161,1.0135187688418497,2.2914364751431244,0.3479784635540268,0.1850955135158108,0.6005737216181553,0.0535152207737461,5,215
0.3943650738409668,0.2710118168629259,-0.0934078012591116,-0.3926383311776362,0.3612396691041426,-0.7432641748501522,-0.7603411951514849,0.4986885026402462,-0.2619160179179389,0.365727411727785,-0.77849144335654,5,1227
-0.464333070812752,0.3267051837587051,-0.2460020606766886,-0.5402045005277516,-0.1044017456637886,2.672702660106518,0.4298520962634126,-0.9044739302313516,-1.3475154513999046,-1.3956199124499893,-1.1482721829700009,5,1256
-0.6933192427204107,0.493785284446043,-1.0598381109037656,-0.90911992390304,-0.3583879719008389,-1.0360613321321526,-1.0350011854779997,-1.3150288642938293,-0.9005039199661548,-1.0433504476144344,-0.5936010735498088,5,1392
-0.4070865278358376,2.331666392006757,-1.2124323703213424,-0.3926383311776362,0.0649224051609148,-0.8408632272774856,-0.790858971854431,-0.4315562213746322,-0.7089275493516886,-0.5736578278336941,-0.77849144335654,5,160
-0.5215796137896664,-0.9542422548442168,0.1100512112976574,0.0500601768727099,0.0014258486016516,1.0135187688418497,0.7960654166987657,-0.1457268369008117,0.5043894645399202,0.1308811018374155,0.5157411452905716,5,314
-0.2925934418820083,0.1039317161755887,-1.3650266297389193,-0.6139875852028093,-0.3583879719008389,-0.8408632272774856,-0.8824123019632693,-0.0729702663074525,-0.3257748081227619,-0.1039652080529545,-0.9633818131632697,6,1236
0.9095839606331984,1.1621056871953936,-0.3985963200942655,2.411118886474556,0.5093983010757567,1.6967121358331836,0.91813652351055,1.065150373688444,-1.0920802905806182,-0.6323694053062867,-0.9633818131632697,5,1203
0.5088581597947955,-0.0631483845117491,3.721448684180311,0.6403248542731713,11.07099220876652,1.59911308340585,0.7045120865899275,1.491296001449482,-3.646431898773479,7.880809328219623,-0.9633818131632697,4,151
-0.9795519576049836,-0.7871621541568791,1.1273462740815037,-0.6139875852028093,-0.3583879719008389,0.7207216115598494,3.145934222825615,-2.3544084441987465,-1.2197978709902613,-0.9259272926692492,0.977967069807397,6,591
-1.8954966452356168,-0.6200820534695416,-0.144272554398304,-0.3926383311776362,-0.5700431604317161,0.3303254018505156,0.1246743292339517,-2.614253339174947,2.611729541299032,0.4831505666729701,3.2890966923915244,8,588
-1.323031215466471,-0.1745351183033076,-1.3650266297389193,-0.8353368392279824,-0.6335397169909791,-0.0600708078588181,-0.6077523116367545,-1.1695157231071107,0.312813093925454,-1.2194851800322115,-0.8709366282599048,5,1338
2.455240621009892,-0.6757754203653208,1.3816700397774655,0.1976263462228251,0.3400741502510549,0.3303254018505156,-0.1499856610925631,1.3821611455594431,-0.6450687591468685,0.6005737216181553,0.7930767000006675,6,814
-1.323031215466471,-0.2302284851990869,-1.3650266297389193,-0.1712890771524633,-0.4007190096070144,-0.0600708078588181,-0.3941278747161318,-1.9802317954329485,1.717706478431529,-0.3975230954159172,1.902418918841048,6,1390
-0.0636072699743503,-1.232709089323113,0.6695634958287731,-0.2450721618275207,-0.6123741981378936,-0.938462279704819,-1.096036738883892,-0.7121887079489518,-0.0064808570986525,0.1308811018374155,0.7006315150973011,7,952
-0.8650588716511542,0.5494786513418223,-1.0089733577645732,-0.3188552465025784,0.0437568863078271,-0.4504670175681519,-0.0584323309837248,-0.7433700953461305,1.0152597861784929,-0.6323694053062867,-0.0389299641296186,6,168
-0.9223054146280688,1.217799054091173,-0.7546495920686117,-0.3926383311776362,-0.019739670251436,-0.3528679651408184,1.0402076303223344,-0.4835252003698723,0.4405306743350972,-0.8085041377240643,-0.3162655188397145,5,78
-0.2925934418820083,1.134259003747504,-0.9581086046253808,-0.0975059924774055,0.1072534428670902,-0.5480660699954852,-0.1499856610925631,0.3479784635540268,-0.4534923885324022,0.3070158342551925,-0.5936010735498088,6,214
-0.4070865278358376,-1.3440958231146716,1.1273462740815037,0.1238432615477677,0.1072534428670902,0.9159197164145162,0.4298520962634126,0.1920715265683066,-0.0064808570986525,-0.2800999404707321,-0.3162655188397145,6,563
-1.2657846724895565,1.0228722699559454,-0.8563790983469962,0.0500601768727099,-0.71820179240333,-0.255268912713485,-0.5772345349338084,-1.6164489424662678,1.653847688226706,-0.9259272926692492,1.3477478094208577,5,1582
1.882775191240746,-0.6200820534695416,1.3308052866382731,0.5665417695981135,0.3824051879572303,1.6967121358331836,1.589527610975364,2.2188617073828434,-0.7089275493516886,1.716093693597412,-1.1482721829700009,5,289
-0.6933192427204107,0.8836388527164973,-1.16156761718215,-0.3188552465025784,-0.4007190096070144,0.3303254018505156,-0.5772345349338084,0.2024653223673661,0.8236834155640268,0.072169524364823,-0.5936010735498088,5,1511
0.2226254449102226,-1.1213223555315543,0.5678339895503883,0.5665417695981135,-0.506546603872453,-0.5480660699954852,-0.8213767485573771,-1.0655777651166305,-0.0703396473034755,0.4244389892003776,1.4401929943242224,7,929
-0.5788261567665813,2.498746492694095,-1.110702864042958,-0.3188552465025784,-0.5488776415786284,0.427924454277849,0.0941565525310056,0.1660870370706865,-0.0064808570986525,-0.6323694053062867,-0.6860462584531752,3,1469
-0.5215796137896664,0.6051720182376016,-0.5003258263726501,2.1159865477743254,1.7158328757017558,3.5510941319525187,1.589527610975364,0.3271908719559654,-0.1980572277131187,-0.9259272926692492,-0.8709366282599048,5,1358
-0.2925934418820083,0.2710118168629259,-1.2632971234605348,-0.3926383311776362,-0.2948914153415761,-0.6456651224228187,-0.8518945252603232,0.0361645895825863,0.312813093925454,-0.5149462503611023,-0.8709366282599048,7,8
-0.2353468989050935,-1.9567228589682428,0.6695634958287731,-0.2450721618275207,-0.8028638678156808,2.184707397969851,0.6434765331840353,-0.3795872423793921,0.1212367233109906,1.5986705386522275,0.7930767000006675,5,1429
-0.9795519576049836,-0.1745351183033076,-1.16156761718215,-0.3188552465025784,-0.4007190096070144,-0.938462279704819,-0.9739656320721076,-0.6394321373555926,0.5043894645399202,-0.1039652080529545,-0.9633818131632697,6,52
0.7378443317024541,1.9418128237363028,0.0591864581584653,-0.0975059924774055,-0.019739670251436,1.4039149785511833,3.0848986694197227,0.607823358530285,-0.4534923885324022,-0.7497925602514718,-0.9633818131632697,5,636
0.7378443317024541,-0.6757754203653208,0.516969236411196,-0.1712890771524633,0.0860879240140025,-0.5480660699954852,-0.6993056417455927,0.5870357669321659,-0.4534923885324022,-0.5736578278336941,0.0535152207737461,5,920
2.05451482017149,-0.5643886865737623,1.9920470774477728,0.4189756002479984,0.4670672633695812,-0.5480660699954852,-0.6993056417455927,1.6991719174304425,-1.028221500375798,1.1289779188714877,-0.0389299641296186,7,358
-0.2925934418820083,0.1039317161755887,0.4152397301328113,-0.2450721618275207,-0.2737258964884884,0.5255235067051824,0.6129587564810892,0.3479784635540268,-0.389633598327582,-0.5736578278336941,-1.1482721829700009,5,431
-0.6360726997434958,1.6911926727052962,-1.3650266297389193,-0.3926383311776362,1.6735018379955804,-1.133660384559486,-1.0655189621809458,-0.3380120591832116,0.5043894645399202,-0.8085041377240643,-0.4087107037430793,5,1334
1.024077046587027,-1.4554825569062295,1.3816700397774655,-0.1712890771524633,-0.4642155661662775,-0.8408632272774856,-0.6077523116367545,-0.7381731974465718,-0.9005039199661548,-0.7497925602514718,1.902418918841048,6,794
0.279871987887138,0.4380919175502637,-0.3985963200942655,1.0830233623235177,0.1495844805732657,1.4039149785511833,0.7045120865899275,0.5922326648317245,-0.5812099689420455,-0.9259272926692492,-0.4087107037430793,6,884
-0.464333070812752,0.2710118168629259,-0.3477315669550731,-0.3926383311776362,-0.2948914153415761,1.794311188260517,-0.0584323309837248,-0.9304584197289716,-1.3475154513999046,-1.3369083349773967,-1.0558269980666344,5,1273
1.7110355623100029,-0.8985488879484376,1.178211027220696,-0.5402045005277516,0.0649224051609148,0.427924454277849,0.0331209991251134,0.3167970761569059,-1.028221500375798,-0.5149462503611023,0.0535152207737461,5,1285
-0.1781003559281791,1.0228722699559454,-0.2460020606766886,-0.1712890771524633,-0.2525603776354006,-0.255268912713485,1.0707254070252803,0.0777397727787668,-0.4534923885324022,-0.6910809827788792,-0.8709366282599048,6,1275
0.6233512457486253,-1.4554825569062295,1.3308052866382731,-0.0975059924774055,-0.2737258964884884,-0.938462279704819,-0.8518945252603232,-0.2756492843889119,-0.7089275493516886,2.772902088104076,1.4401929943242224,7,369
0.566104702771711,-0.9542422548442168,0.6186987426895807,-0.7615537545529246,-0.146732783369962,2.477504555251851,0.2772632127486822,-0.1093485516041321,1.0152597861784929,0.4244389892003776,0.4232959603872068,6,856
-0.9795519576049836,1.7190393561531858,-1.2124323703213424,-0.1712890771524633,-0.5912086792848038,1.59911308340585,0.0636387758280595,-0.7953390743413705,1.3345537372025995,-0.5736578278336941,1.7175285490343184,7,425
1.3103097614716,-1.232709089323113,1.1273462740815037,-0.2450721618275207,-0.506546603872453,0.2327263494231821,-0.1805034377955091,0.4519164215445647,-1.0920802905806182,-0.8672157151966569,-0.5936010735498088,6,579
-0.0636072699743503,0.2153184499671466,-0.0425430481199193,-0.2450721618275207,-0.5700431604317161,1.2087168736965166,0.5824409797781431,-0.4315562213746322,-0.0703396473034755,-1.3369083349773967,-0.3162655188397145,5,213
-0.9223054146280688,-2.068109592759801,1.8903175711693885,-0.3188552465025784,-0.5912086792848038,0.8183206639871828,0.1857098826398439,-0.9304584197289716,0.1850955135158108,0.3070158342551925,0.7006315150973011,6,1566
-0.5215796137896664,-0.2302284851990869,0.008321705019273,-0.3188552465025784,-0.3372224530477515,-0.1576698602861515,-0.6382700883397006,-1.4813295970786091,0.2489543037206338,-0.162676785525547,1.4401929943242224,6,1103
-0.6360726997434958,0.0482383492798094,0.008321705019273,0.0500601768727099,-0.0620707079576111,-0.3528679651408184,0.9791720769164424,-0.1717113263984317,0.5043894645399202,0.3070158342551925,0.5157411452905716,5,906
-1.2085381295126416,-0.3973085858864244,0.1100512112976574,-0.3188552465025784,-0.2737258964884884,1.59911308340585,1.589527610975364,-0.4939189961689318,0.1212367233109906,-0.2213883629981396,-0.5936010735498088,5,1583
-0.8650588716511542,1.5519592554658486,-1.110702864042958,-0.3926383311776362,-0.3583879719008389,-0.938462279704819,-0.9739656320721076,-0.5770693625613507,1.2706949469977764,0.0134579468922305,0.330850775483842,6,1506
-0.6933192427204107,0.3267051837587051,-1.2632971234605348,-0.1712890771524633,-0.1044017456637886,0.8183206639871828,1.4674565041635796,0.368766055152146,1.5261301078170628,-0.7497925602514718,-0.6860462584531752,6,768
-0.0636072699743503,-1.6225626575935674,0.3643749769936192,1.894637293749152,-0.5277121227255407,-0.7432641748501522,-0.7298234184485388,0.3479784635540268,-0.5812099689420455,1.6573821161248194,0.4232959603872068,6,1406
-0.1208538129512647,-0.8428555210526584,1.0764815209423113,-0.5402045005277516,1.4830121683177908,-1.0360613321321526,-0.8824123019632693,0.4519164215445647,-0.0703396473034755,2.3032094683233373,-0.9633818131632697,5,689
-0.0063607269974349,0.3823985506544844,-0.0934078012591116,-0.2450721618275207,0.6575569330473704,-0.6456651224228187,-0.2415389912014013,-0.2964368759869734,-1.028221500375798,-0.7497925602514718,-0.5936010735498088,5,1155
-0.3498399848589227,2.6379799099335424,-0.6020553326510347,-0.3188552465025784,0.3189086313979671,-0.4504670175681519,-0.4246456514190779,-0.358799650781273,-0.5173511787372252,-1.0433504476144344,-0.4087107037430793,5,1012
-0.6360726997434958,-0.8985488879484376,0.2626454707152345,-0.3926383311776362,-0.5277121227255407,-0.0600708078588181,-0.5467167582308623,-1.055183969317571,-0.5173511787372252,0.4244389892003776,0.7930767000006675,7,1450
-0.2925934418820083,-0.508695319677983,0.0591864581584653,0.1238432615477677,0.276577593691792,0.2327263494231821,1.4979742808665255,-0.0677733684078938,-0.5812099689420455,0.072169524364823,-0.9633818131632697,5,208
2.5697337069637216,-1.2884024562188925,2.3989651025613115,0.0500601768727099,0.1707499994263534,-0.6456651224228187,-0.5467167582308623,1.387358043458944,-0.7089275493516886,0.6592852990907477,0.330850775483842,7,206
-0.750565785697325,0.3823985506544844,0.1609159644368498,1.451938785698806,-0.4007190096070144,0.427924454277849,1.9557409314107173,1.252238698071343,-0.0703396473034755,3.0077483979944466,-0.2238203339363497,5,1289
0.5088581597947955,-0.6757754203653208,1.178211027220696,-0.0237229078023477,-0.6758707546971546,-0.3528679651408184,-0.6382700883397006,-0.7953390743413705,0.1850955135158108,0.7767084540359328,2.641980398067969,7,491
-0.9223054146280688,-0.3973085858864244,-0.144272554398304,-0.6139875852028093,-0.2102293399292252,0.2327263494231821,-0.3636100980131857,-1.0032149903223309,0.5043894645399202,-0.3388115179433247,0.1459604056771109,6,1326
-0.2925934418820083,1.6076526223616272,0.1100512112976574,1.3043726163486904,-0.0832362268106989,0.5255235067051824,0.551923203075197,-0.1613175305993722,-0.964362710170975,-0.7497925602514718,-0.9633818131632697,5,1501
-0.5215796137896664,0.4380919175502637,-1.314161876599727,-0.3926383311776362,-0.2737258964884884,-0.255268912713485,-0.2415389912014013,0.3895536467502651,1.079118576383313,-0.045253630580362,-0.5936010735498088,5,931
-0.2353468989050935,-1.065628988635775,0.7712930021071575,-0.3926383311776362,-0.019739670251436,-0.7432641748501522,-0.8213767485573771,-0.6602197289537117,0.2489543037206338,-0.3388115179433247,0.8855218849040323,6,1091
-1.036798500581898,-0.7871621541568791,-0.1951373075374962,4.255696003350998,-0.7605328301095055,1.2087168736965166,1.3759031740547414,-0.7953390743413705,0.8236834155640268,-0.6323694053062867,1.5326381792275872,6,494
0.6233512457486253,-1.1213223555315543,1.6359938054734269,0.1976263462228251,-0.1678983022230497,-0.6456651224228187,-0.48568120482497,0.4519164215445647,-1.2197978709902613,-0.6910809827788792,1.4401929943242224,6,653
0.5088581597947955,-0.5643886865737623,1.2799405334990808,-0.1712890771524633,-0.0832362268106989,-0.1576698602861515,-0.6993056417455927,0.4519164215445647,0.2489543037206338,-0.2800999404707321,0.7930767000006675,6,460
-0.1781003559281791,-0.0631483845117491,-1.2124323703213424,-0.6139875852028093,-0.3583879719008389,-0.5480660699954852,-0.3330923213102396,-0.5095096898674923,0.1850955135158108,-0.5149462503611023,-0.4087107037430793,5,262
-0.8078123286742394,-0.1745351183033076,-1.16156761718215,-0.7615537545529246,-0.0409051891045234,0.3303254018505156,0.0941565525310056,-0.4835252003698723,0.2489543037206338,0.7179968765633403,-0.8709366282599048,5,175
-1.7237570163048732,-0.3416152189906455,-0.8055143452078041,-0.2450721618275207,-0.8240293866687685,0.0375282445685153,1.3148676206488492,-2.5518905643806478,1.4622713176122426,1.305112651289265,2.888500891143638,7,1475
0.566104702771711,-0.9542422548442168,0.6186987426895807,-0.7615537545529246,-0.146732783369962,2.477504555251851,0.2772632127486822,-0.1093485516041321,1.0152597861784929,0.4244389892003776,0.4232959603872068,6,853
0.7378443317024541,-1.1770157224273337,1.025616767803119,-0.8353368392279824,-0.654705235844069,-0.6456651224228187,-0.6687878650426466,0.1141180580754464,-0.5812099689420455,0.9528431864537098,-0.1313751490329834,7,200
