rainfall_mm,soil_quality_index,farm_size_hectares,sunlight_hours,fertilizer_kg,crop_yield
0.8394755066646269,1.2237146831919816,0.47792059610317333,1.1463536519218933,-0.6674726312529319,404
1.609774465674067,1.2237146831919816,-1.4832401675036064,1.1463536519218933,-1.7654948344597032,115
0.22416162349192117,-1.5786853546522512,-0.511368314845895,-1.1427927575072254,-1.0408493088534447,231
1.22809480130002,-1.228385349921722,1.56474503348384,-0.37974395436418584,-1.5358190492251773,537
0.8487283470130886,-0.1774853357301348,1.3418066873544725,-1.1427927575072254,1.4536507970894554,554
0.7677659939640484,-0.5277853404606639,1.4950768003184125,-0.37974395436418584,0.4194956571564559,556
0.6497922795211613,1.5740146879225108,-0.48001760992145265,0.7648292503503734,-1.2312222859194957,257
-1.4853006308863854,1.2237146831919816,-1.1557994716260978,1.5278780534934129,0.4440599122617528,158
-0.6872431508315603,0.5231146737309235,0.3455509530888614,1.1463536519218933,-0.7485346731004117,360
1.0985550364215557,0.1728146690003943,0.004176610578267412,1.5278780534934129,-1.0568160746718878,327
-1.0018397226792595,0.5231146737309235,0.5859063575095858,1.1463536519218933,-0.3641040807025152,397
1.6629782976777219,-1.5786853546522512,1.272138454189045,-1.1427927575072254,0.7867312709806445,536
-1.5639497738483101,-1.5786853546522512,-0.09335891585333086,0.7648292503503734,-1.1427909675404269,267
1.4640422301857945,0.8734146784614526,-0.9224108905219163,-1.1427927575072254,-0.507804973068502,211
0.8325358764032806,-1.228385349921722,1.4881099770018698,-1.1427927575072254,-0.8910073527111337,531
0.24960693445019097,1.5740146879225108,-0.6158706645940359,-0.37974395436418584,1.4990946690342546,276
-1.4644817401023464,1.2237146831919816,0.43611965620391696,-1.5243171590787452,-0.5679873980764795,369
1.3159967846104066,0.5231146737309235,1.4950768003184125,0.0017804472073339017,-0.7952067578004758,550
0.013659505564416582,0.1728146690003943,1.2860721008221305,0.3833048487788537,1.3910119465709483,537
-0.9717679915467587,-1.5786853546522512,1.1258351645416476,1.5278780534934129,1.1048383745942394,486
1.5588838437575272,-1.5786853546522512,1.5682284451421113,1.1463536519218933,-1.134193478253573,546
0.09693506870057224,-1.228385349921722,-0.08290868087851677,-1.1427927575072254,0.26474084999308545,314
-0.8746131678879105,0.1728146690003943,-1.3996382877050935,-1.5243171590787452,-0.38252727203148784,110
1.0453512044179007,0.1728146690003943,1.3696739806206433,-1.1427927575072254,-1.2164837328563176,519
0.4439165817678875,-1.228385349921722,-0.6507047811767496,0.7648292503503734,1.7557911348846071,262
-1.126753067383493,-1.5786853546522512,0.6625414139915557,-0.37974395436418584,1.354165563913003,422
0.9736416917173222,1.5740146879225108,-0.19089444228492916,0.0017804472073339017,-0.6367673123713108,312
-0.7034356214413683,-0.1774853357301348,0.6695082373080985,0.7648292503503734,0.6589971444331006,425
1.3275628350459838,-0.1774853357301348,-1.2359179397663393,-0.7612683559357056,-1.3822924548170716,144
-1.7166216395979288,-1.228385349921722,-1.5320079307194054,-1.1427927575072254,-1.070326414979801,61
-1.1822701094742634,0.1728146690003943,-0.20134467725974325,0.7648292503503734,1.6685880292608033,312
-0.03723111635212299,1.2237146831919816,-0.5218185498207091,0.0017804472073339017,1.7791271772346393,289
0.21490878314345943,-1.228385349921722,-0.49743466821280946,-1.5243171590787452,0.10752961731918528,254
-0.6687374701346368,1.5740146879225108,0.5441054176103293,-1.5243171590787452,1.3504809256472083,428
0.7376942628315478,-1.228385349921722,-0.49743466821280946,1.5278780534934129,0.6761921230068085,271
-0.5854619069984811,-0.8780853451911931,0.5545556525851434,0.0017804472073339017,1.1441411827627144,414
1.7023028691586841,0.5231146737309235,-0.8527426573564889,-1.5243171590787452,1.0827305449994722,248
-0.14826520053366388,0.1728146690003943,-1.3264866428813948,0.7648292503503734,-1.1980605415273449,117
0.4901807835101962,0.8734146784614526,1.167636104440904,1.5278780534934129,-0.4574482501026434,500
-1.3280023449625358,0.8734146784614526,1.0770674013258486,-1.5243171590787452,0.03874970302435397,471
0.4485430019421184,0.1728146690003943,0.15047990022566482,-0.37974395436418584,0.1873634464114002,359
-0.17833693166616454,1.5740146879225108,-1.3926714643885507,-0.7612683559357056,-0.007922381675710145,135
0.4485430019421184,-0.8780853451911931,-0.6750886627846492,0.0017804472073339017,-1.0052311389507642,216
-0.4651749824684785,-0.8780853451911931,-1.3160364079065807,0.7648292503503734,-0.9180280333269603,113
1.1656381289479032,-1.5786853546522512,1.1258351645416476,1.1463536519218933,1.2362571394075779,516
0.15707853096557356,0.5231146737309235,0.3455509530888614,-1.1427927575072254,-0.5753566746080685,373
0.9042453891038591,-0.1774853357301348,-1.0896146501189419,0.7648292503503734,-0.15039506128643215,180
-0.2708653351507819,-0.5277853404606639,-0.511368314845895,-1.5243171590787452,0.624607187285685,258
-1.7189348496850443,1.5740146879225108,0.5928731808261285,0.7648292503503734,-1.094890670085098,382
0.17789742174961248,-0.5277853404606639,-1.3543539361475658,1.1463536519218933,-1.5087983686093507,109
-1.3812061769661907,-0.5277853404606639,0.9342475233367225,-1.1427927575072254,0.13086565966921734,443
1.2350344315613664,0.1728146690003943,0.4848874194197161,1.5278780534934129,0.9279757378361018,430
-0.8699867477136797,0.8734146784614526,0.3978021279629319,-1.5243171590787452,-1.3540435614459803,356
-0.3772729991580919,0.8734146784614526,-0.3093304386661556,0.3833048487788537,-0.3284859107998347,279
-1.036537873985991,-0.1774853357301348,-1.6086429872013757,-1.5243171590787452,-0.6895804608476991,71
-1.7351273202948523,0.1728146690003943,1.5577782101672972,-0.7612683559357056,-0.6490494399239592,519
-1.207715420432533,-0.5277853404606639,1.6448635016240813,0.3833048487788537,-0.23514174139970648,542
0.029851976174224627,1.2237146831919816,0.16441354685875031,-0.7612683559357056,1.5469949664895837,384
1.4015855578336776,0.8734146784614526,-1.5041406374532347,1.1463536519218933,-1.284035434395884,115
-0.4605485622942476,1.5740146879225108,0.02856049218616698,0.0017804472073339017,-0.20812106078387987,332
0.3097503967151923,1.5740146879225108,-0.6716052511263778,-1.1427927575072254,-0.9499615649638462,229
1.387706297310985,-1.5786853546522512,-1.2394013514246107,-0.37974395436418584,-1.0580442874271525,142
-1.5546969334998484,-1.228385349921722,-0.5531692547451513,1.5278780534934129,0.2094712760061674,225
1.4501629696631018,1.2237146831919816,-0.8388090107234034,-0.37974395436418584,1.4192608399420397,256
0.4439165817678875,0.8734146784614526,0.20969789841627806,1.1463536519218933,1.322232032276117,391
1.6537254573292601,-0.8780853451911931,1.4358588021277994,0.0017804472073339017,1.3320577343182358,572
1.5912687849771434,0.8734146784614526,1.5717118568003827,-1.5243171590787452,0.17753774436928144,582
-0.590088327172712,-1.5786853546522512,-1.4449226392626213,0.7648292503503734,-1.086293180798244,87
0.02753876608710919,1.5740146879225108,0.5719727108765003,-0.7612683559357056,1.377501606263035,442
-1.6865499084654283,-0.5277853404606639,1.1989868093653464,1.1463536519218933,-0.9167998205716954,461
-1.2909909835686888,-0.8780853451911931,-1.1209653550433842,-0.7612683559357056,1.742280794576694,174
0.7885848847480873,0.1728146690003943,0.9795318748942502,-1.5243171590787452,-0.7276550562609093,468
1.498740381492526,0.5231146737309235,0.04597755047752382,0.0017804472073339017,-0.2032082097628205,354
0.6058412878659679,-0.5277853404606639,1.376640803937186,-1.1427927575072254,-1.062957138448212,513
0.5965884475175063,0.5231146737309235,-0.4695673749466385,-0.37974395436418584,1.5764720726159398,297
1.5033668016667567,1.2237146831919816,-0.9224108905219163,-1.5243171590787452,-1.4965162410567023,197
-0.4582353522071322,-1.228385349921722,0.6068068274592139,1.5278780534934129,1.0655355664257644,420
0.8464151369259733,-0.8780853451911931,0.1435130769091221,0.3833048487788537,-0.2511085072181494,351
1.7046160792457996,-0.1774853357301348,-1.1976004115253542,1.1463536519218933,-1.7175945370043744,150
-0.14132557027231757,-0.8780853451911931,1.6378966783075386,-0.37974395436418584,0.8763908021149782,571
-0.8376018064940636,0.8734146784614526,-0.8666763039895744,1.5278780534934129,-1.1206831379456597,180
-0.07886889792020083,1.5740146879225108,1.3731573922789146,-1.1427927575072254,-1.1169984996798652,515
-1.392772227401768,0.8734146784614526,1.404508097203357,1.5278780534934129,-0.500435696536913,509
-1.3002438239171505,0.8734146784614526,-0.5078849031876236,0.0017804472073339017,-0.7804682047372976,231
0.536444985252505,1.2237146831919816,0.9028968184122801,0.3833048487788537,-0.0423123388231258,471
-1.142945537993301,-0.5277853404606639,-1.584259105593476,-0.7612683559357056,1.7054344119187486,110
0.1200671695717266,-0.1774853357301348,0.7391764704735259,-0.37974395436418584,0.24877408417464245,439
1.22809480130002,-0.1774853357301348,-1.7026951019747025,0.3833048487788537,1.4929536052579304,123
-0.71268846178983,0.8734146784614526,-1.1732165299174546,0.7648292503503734,-1.2668404558221762,135
1.6699179279390681,0.5231146737309235,-0.21179491223455735,-1.5243171590787452,1.1134358638810933,340
1.1841438096448267,1.2237146831919816,1.585645503433468,0.7648292503503734,-0.7202857797293203,567
0.585022397081929,0.8734146784614526,0.06339460876888066,-1.5243171590787452,-1.553014027798885,324
-1.0828020757282997,-1.228385349921722,-1.2672686446907817,0.0017804472073339017,-1.4608980711540218,101
-0.10200099879135517,1.5740146879225108,0.004176610578267412,0.3833048487788537,0.12472459589289311,338
-0.9856472520694514,-0.5277853404606639,-0.027174094346174894,-1.1427927575072254,-0.18846965669964236,305
0.265799405059999,0.1728146690003943,-0.5044014915293522,1.5278780534934129,0.9304321633466314,276
0.7238150023088552,-1.228385349921722,1.4706929187105129,0.3833048487788537,-0.8455634807663345,528
0.06455012748095615,0.5231146737309235,0.8645792901712951,0.7648292503503734,-1.506341943098821,432
-1.265545672610419,-0.8780853451911931,-0.9363445371550018,1.1463536519218933,-0.20934927353914473,169
-0.00021975495827602945,-0.8780853451911931,1.481143153685327,-1.5243171590787452,-1.5603833043304742,510
-1.3326287651367668,-1.228385349921722,1.4950768003184125,1.1463536519218933,0.7584823776095532,531
-0.8884924284106032,0.8734146784614526,0.8123281152972246,-0.37974395436418584,0.24263302039831824,442
-0.627099688566559,0.1728146690003943,-1.6190932221761898,1.1463536519218933,-1.0052311389507642,72
0.69605648126347,-1.5786853546522512,0.133062841934308,0.3833048487788537,0.10630140456392044,349
0.9643888513688604,-1.5786853546522512,-1.072197591827585,1.5278780534934129,0.8051544623096172,191
-1.732814110207737,0.5231146737309235,0.03204390384443835,-0.37974395436418584,1.6219159445607392,340
-1.617153605851965,0.8734146784614526,1.223370690973246,-1.1427927575072254,0.6307482510620093,498
-0.5623298061273267,-0.1774853357301348,0.5266883593189725,-1.1427927575072254,-1.0261107557902667,378
1.3969591376594468,-0.1774853357301348,-1.5598752239855764,0.0017804472073339017,-1.0912060318193033,104
0.8996189689296282,-0.5277853404606639,1.481143153685327,1.5278780534934129,1.1932696929733082,569
-0.2685521250636665,0.1728146690003943,-0.03065750600444626,-0.7612683559357056,-1.0175132665034128,304
1.6930500288102224,0.1728146690003943,1.5333943285593976,1.1463536519218933,0.8420008449675626,585
0.7469471031800096,-0.8780853451911931,1.2477545725811454,-0.37974395436418584,-0.5360538664395935,503
0.9227510698007826,1.2237146831919816,0.8994134067540088,0.3833048487788537,0.751113101077964,488
-0.3957786798550154,0.5231146737309235,1.3313564523796584,0.3833048487788537,0.8972704189544806,532
-0.8607339073652179,-1.5786853546522512,-0.17696079565184367,-0.7612683559357056,0.6270636127962147,293
-0.7982772350131011,0.5231146737309235,-0.30584702700788424,0.0017804472073339017,-0.4820125052079403,269
-1.0989945463381077,-0.1774853357301348,0.1957642517831926,-0.7612683559357056,-1.054359649161358,324
-0.8908056384977185,-0.1774853357301348,-0.5044014915293522,-1.5243171590787452,-1.0654135639587416,225
-1.2331607313908028,-1.228385349921722,1.404508097203357,0.7648292503503734,0.2008737867193135,510
0.5873356071690445,-0.5277853404606639,-1.5494249890107623,-0.37974395436418584,-0.4279711439762871,103
-1.6726706479427356,0.1728146690003943,0.5441054176103293,0.7648292503503734,-1.426508114006606,362
0.6659847501309692,1.5740146879225108,-1.633026868809275,-0.7612683559357056,0.1456042127323955,113
-1.4552288997538847,0.5231146737309235,0.5023044777110729,0.0017804472073339017,-0.007922381675710145,384
-1.302557034004266,-0.1774853357301348,-1.4623396975539782,0.0017804472073339017,-1.7728641109912924,71
0.03679160643557093,1.2237146831919816,1.3034891591134874,-1.1427927575072254,-0.32725769804456983,517
0.3837731195028862,-0.8780853451911931,1.3348398640379298,-1.1427927575072254,-1.4866905390145835,495
0.6775508005665465,-1.5786853546522512,-1.5389747540359482,-0.37974395436418584,0.6589971444331006,118
0.712248951873278,-0.5277853404606639,0.004176610578267412,-0.37974395436418584,-0.00423774340991561,335
-0.6039675876954046,1.2237146831919816,0.21318131007454943,-0.37974395436418584,1.392240159326213,380
-0.8260357560584863,-0.5277853404606639,-0.7064393677090914,0.3833048487788537,0.36791072143533243,219
0.09462185861345682,-1.228385349921722,-1.6713443970502602,-1.1427927575072254,0.8198930153727954,95
-1.5385044628900404,1.5740146879225108,0.18183060515010713,0.3833048487788537,0.5570554857461185,352
-0.18527656192751082,-0.1774853357301348,0.9272807000201797,0.7648292503503734,0.9992120776414627,474
-0.08812173826866257,-0.8780853451911931,-0.7517237192666193,-0.7612683559357056,-0.4574482501026434,206
0.4554826322034647,1.2237146831919816,1.623963031674453,1.1463536519218933,1.7238576032477213,602
-0.34951447811270675,-0.5277853404606639,0.3838684813298464,-1.1427927575072254,1.1392283317416552,394
1.6699179279390681,0.1728146690003943,0.9272807000201797,1.1463536519218933,-0.7399371838135578,472
-0.28011817549924367,-1.228385349921722,-0.378998671831583,0.0017804472073339017,-0.17004646537066967,260
0.6127809181273143,0.1728146690003943,-0.5601360780616941,-1.1427927575072254,0.7891876964911743,269
1.105494666682902,-0.8780853451911931,-0.037624329320989,0.7648292503503734,1.7521064966188127,361
-0.6039675876954046,1.2237146831919816,-1.6539273387589033,-1.1427927575072254,0.9771042480466955,105
0.006719875303070276,-1.228385349921722,0.09126190203505159,0.3833048487788537,-0.2584777837497385,330
-0.8468546468425253,1.2237146831919816,-1.0408468869031426,-0.7612683559357056,0.0669985963954454,176
0.24729372436307553,-0.1774853357301348,-1.1209653550433842,1.5278780534934129,-0.14425399751010795,167
0.07148975774230246,0.8734146784614526,0.10867896032640843,-0.7612683559357056,1.1416847572521847,368
-0.8584206972781024,-1.228385349921722,0.45702012615354515,-0.7612683559357056,-0.9266255226138141,360
-1.2886777734815733,0.1728146690003943,-1.2289511164497966,0.0017804472073339017,-1.7482998558859955,108
0.6359130189984686,-0.8780853451911931,-1.1697331182591832,0.7648292503503734,1.1244897786784769,182
0.29587113619249966,1.5740146879225108,-0.3546147902236834,1.1463536519218933,1.1822157781759246,310
1.6676047178519526,-0.1774853357301348,-0.9781454770542581,0.7648292503503734,-0.6023773552238951,199
0.23110125375326748,0.8734146784614526,-0.758690542583162,1.5278780534934129,0.094019277011272,229
-0.048797166787700165,1.5740146879225108,-1.2080506465001684,0.0017804472073339017,0.514068039311849,171
1.158698498686557,-1.5786853546522512,0.42218600957083147,-0.7612683559357056,-1.3233382425643592,373
-0.46286177238136306,-0.1774853357301348,1.3905744505702715,0.3833048487788537,0.6135532724883014,531
0.5942752374303908,-0.8780853451911931,1.1502190461495472,0.0017804472073339017,-1.4805494752382593,472
-1.5454440931513866,-0.5277853404606639,-1.4658231092122496,-0.37974395436418584,0.4796780821644333,102
-0.6456053692634824,-1.228385349921722,-0.8457758340399462,-1.1427927575072254,0.27825119030099876,196
1.5426913731477192,1.2237146831919816,-0.797008070824147,0.7648292503503734,1.3210038195208522,262
-1.2331607313908028,-0.8780853451911931,1.0387498730848634,0.0017804472073339017,-1.6279350058700406,430
-0.034917906265007556,-1.228385349921722,-1.4309889926295358,-0.37974395436418584,-1.1219113507009246,97
0.9967737925884765,1.5740146879225108,0.5859063575095858,1.1463536519218933,1.6010363277212367,460
-0.516065604385018,1.2237146831919816,0.4639869494700879,1.5278780534934129,0.5767068898303561,405
0.6844904308278927,0.5231146737309235,0.9760484632359788,1.5278780534934129,0.2278944673351401,484
-0.553076965778865,0.1728146690003943,0.4012855396212033,-0.7612683559357056,-0.030030211270477353,379
0.9713284816302067,-1.5786853546522512,0.1226126069594939,-0.7612683559357056,0.11121425558497981,351
1.163324918860788,-0.1774853357301348,0.9830152865525216,0.0017804472073339017,-1.1292806272325135,465
0.8001509351836645,-0.8780853451911931,1.5612616218255686,0.0017804472073339017,1.6992933481424244,585
-0.43047683116174695,-1.5786853546522512,0.45702012615354515,-1.1427927575072254,-1.4694955604408757,355
-0.1899029821017417,-0.5277853404606639,-0.5566526664034227,-1.5243171590787452,0.8825318658913025,257
-0.4790542429911711,-1.228385349921722,-1.0478137102196854,1.1463536519218933,-0.9696129690480838,149
0.5757695567334673,-1.228385349921722,-1.375254406097194,-0.7612683559357056,0.4317777847091044,138
-0.27317854523789736,-0.8780853451911931,0.44308647952045965,-1.5243171590787452,-0.4783278669421458,375
0.07380296782941789,0.8734146784614526,-1.678311220366803,-1.5243171590787452,-0.10372297658636805,91
0.6659847501309692,0.8734146784614526,-1.4727899325287923,-1.1427927575072254,-0.507804973068502,122
1.387706297310985,0.5231146737309235,0.021593668869624248,0.3833048487788537,-0.2990088046734784,347
1.366887406526946,0.1728146690003943,-1.0408468869031426,0.3833048487788537,0.8420008449675626,211
1.4062119780079085,1.2237146831919816,-0.4312498467056535,-0.7612683559357056,0.7904159092464391,304
1.6953632388973379,-0.5277853404606639,0.9690816399194361,-0.37974395436418584,-0.37761442101042847,480
1.1355663978154027,-1.5786853546522512,0.10867896032640843,-1.1427927575072254,0.12840923415868766,351
-1.3280023449625358,0.8734146784614526,1.7423990280556796,-1.1427927575072254,0.37527999796692146,572
1.12168713729271,0.5231146737309235,-1.2986193496152239,0.7648292503503734,0.633204676572539,170
1.4918007512311797,0.5231146737309235,-0.7761076008745188,-1.5243171590787452,-0.8664430976058368,225
1.4732950705342562,-0.8780853451911931,0.42218600957083147,0.7648292503503734,0.220525190803551,407
1.2558533223454051,-0.5277853404606639,-0.01672385937136079,-1.5243171590787452,-0.5937798659370412,329
-0.30325027637039803,1.5740146879225108,0.06687802042715202,0.3833048487788537,-0.8443352680110696,329
-0.3148163268059752,1.2237146831919816,-0.6681218394681064,-0.7612683559357056,1.669816242016068,262
0.4832411532488499,0.1728146690003943,1.460242683735699,1.1463536519218933,-0.8062606725978594,532
1.2003362802546347,-0.1774853357301348,-1.1348990016764697,0.3833048487788537,-0.8676713103611017,166
1.4316572889661783,-0.8780853451911931,-0.3964157301229398,-1.1427927575072254,-0.46727395214476214,277
-0.12513309966250952,1.2237146831919816,0.5684892992182289,1.1463536519218933,0.10016034078759621,417
1.6560386674163754,-0.1774853357301348,-0.7726241892162474,0.0017804472073339017,-1.0961188828403627,220
1.551944213496181,-0.1774853357301348,0.20621448675800672,1.1463536519218933,0.6688228464752194,388
-0.26623891497655106,-0.5277853404606639,-1.4484060509208927,1.1463536519218933,-1.135421691008838,96
-1.0319114538117602,-0.5277853404606639,0.06339460876888066,0.3833048487788537,1.4671611373973688,345
1.12168713729271,-1.5786853546522512,-1.451889462579164,-1.1427927575072254,-0.7497628858556765,113
1.142506028076749,0.5231146737309235,-0.6332877228853928,1.1463536519218933,-1.7777769620123518,226
-0.18527656192751082,1.2237146831919816,-1.0129795936369719,0.3833048487788537,-0.4893817817395294,179
-0.23154076366981954,-0.8780853451911931,-1.2533349980576962,0.3833048487788537,-0.055822679131039096,139
1.4663554402729098,-1.228385349921722,0.9342475233367225,1.1463536519218933,-1.5886321977015656,449
1.6930500288102224,-0.8780853451911931,1.1641526927826327,-1.5243171590787452,0.5988147194251233,521
1.1401928179896335,-1.5786853546522512,0.28633295489824817,-1.1427927575072254,0.6196943362646257,385
0.8626076075357813,0.1728146690003943,1.0492001080596776,1.5278780534934129,-1.1538448823378105,472
-0.7450734030094461,0.5231146737309235,0.43611965620391696,1.1463536519218933,-0.9376794374111977,369
-0.46286177238136306,-1.228385349921722,1.1084181062502907,0.7648292503503734,-0.3837554847867527,468
1.2211551710386737,0.8734146784614526,1.1920199860488037,0.7648292503503734,-0.04599697708892034,519
1.494113961318295,0.1728146690003943,-0.009757036054818057,0.0017804472073339017,0.07436787292703446,348
1.4964271714054105,-0.5277853404606639,1.2651716308725023,-1.1427927575072254,-1.0801521170219197,508
0.8626076075357813,-0.1774853357301348,-1.1801833532339974,0.3833048487788537,-0.9032894802637821,154
0.43466374141942576,0.8734146784614526,0.6242238857505708,-0.7612683559357056,-0.13688472097851886,426
0.7885848847480873,-0.8780853451911931,-0.9885957120290723,-0.37974395436418584,1.0274609710125542,208
-0.1505784106207793,-0.8780853451911931,1.728465381422594,-1.1427927575072254,1.1060665873495044,587
-1.5061195216704242,-0.5277853404606639,-1.0826478268023991,-1.1427927575072254,1.479443264950017,174
-1.7628858413402375,-1.5786853546522512,-1.0199464169535146,1.1463536519218933,-0.5643027598106849,141
-0.2824313855863591,1.2237146831919816,0.854129055196481,1.1463536519218933,-1.371238540019688,432
-1.2586060423490728,0.8734146784614526,-1.396154876046822,0.3833048487788537,0.8727061638491838,131
0.21028236296922856,0.8734146784614526,1.0770674013258486,0.0017804472073339017,0.2389483821325237,494
1.12168713729271,1.5740146879225108,-0.1943778539432005,1.1463536519218933,-1.3368485828722725,302
-0.8769263779750259,0.1728146690003943,1.0387498730848634,-0.37974395436418584,0.5288065923750271,475
1.5334385327992575,0.5231146737309235,0.8994134067540088,-0.37974395436418584,1.7177165394713971,508
0.9019321790167436,0.1728146690003943,-1.0687141801693136,0.0017804472073339017,0.8530547597649462,201
0.7238150023088552,1.2237146831919816,-0.9781454770542581,-1.5243171590787452,0.6528560806567765,214
-0.07886889792020083,-0.8780853451911931,0.011143433894810146,-1.5243171590787452,0.7535695265884937,336
1.5635102639317582,-0.8780853451911931,-1.2533349980576962,-1.1427927575072254,1.41680441443151,186
-1.1961493699969559,-0.8780853451911931,0.6102902391174853,1.1463536519218933,0.647943229635717,406
0.1663313713140353,1.5740146879225108,-1.660894162075446,0.7648292503503734,-1.3196536042985645,80
1.6167140959354132,-0.8780853451911931,0.5023044777110729,1.5278780534934129,-0.8701277358716313,402
-1.297930613830035,1.2237146831919816,1.327873040721387,0.0017804472073339017,-1.3024586257248567,488
1.0268455237209773,-0.5277853404606639,0.8436788202216668,-1.1427927575072254,1.4954100307684601,484
-1.48298742079927,0.5231146737309235,-1.336936877856209,0.7648292503503734,-0.25724957099447365,116
-0.839915016581179,1.2237146831919816,-0.39989914178121116,1.1463536519218933,-0.769414289939914,255
0.006719875303070276,0.5231146737309235,0.3211670714809618,0.7648292503503734,1.1269462041890066,396
-1.0874284959025304,1.2237146831919816,0.7565935287648827,0.7648292503503734,0.9746478225361659,446
-1.1198134371221466,-0.8780853451911931,0.7252428238404404,0.0017804472073339017,-1.2680686685774412,392
0.2773654554955762,-0.5277853404606639,-1.3613207594641086,-1.1427927575072254,-1.0359364578323853,116
-1.3094966642656123,0.8734146784614526,0.3629680113802182,0.3833048487788537,-1.0838367552877144,351
0.5040600440328888,0.1728146690003943,0.33858412977231866,-0.37974395436418584,-1.1133138614140705,366
-0.02797827600366125,-0.1774853357301348,1.3801242155954574,-1.1427927575072254,1.0176352689704353,541
-1.4344100089698457,-0.5277853404606639,1.261688219214231,1.5278780534934129,-0.6957215246240234,477
-0.3587673184611685,0.8734146784614526,-1.0373634752448713,0.7648292503503734,1.3738169679972405,202
1.0661700952019395,-1.5786853546522512,-0.5740697246947796,0.3833048487788537,-0.9180280333269603,236
0.8880529184940511,1.2237146831919816,1.7040814998146945,0.0017804472073339017,-0.27812918783397605,587
-1.334941975223882,-1.5786853546522512,0.8227783502720387,-0.7612683559357056,1.7729861134583151,449
1.3553213560913688,0.8734146784614526,1.1746029277574468,-0.37974395436418584,1.560505306797497,545
-0.6941827810929065,-0.5277853404606639,1.623963031674453,-0.7612683559357056,0.2119277015166971,552
1.408525188095024,1.2237146831919816,-0.0794252692202454,1.1463536519218933,0.7597105903648179,355
-0.2407936040182813,-0.1774853357301348,1.4079915088616284,-0.7612683559357056,1.4561072225999852,550
-0.00021975495827602945,-0.8780853451911931,-0.4277664350473821,0.7648292503503734,0.4133545933801317,269
0.44160337168077207,1.2237146831919816,-0.5984536063026791,0.7648292503503734,0.20824306325090258,258
-0.8352885964069481,1.2237146831919816,-1.204567234841897,0.7648292503503734,0.009272596897997686,152
1.4015855578336776,-0.5277853404606639,-0.36854843685676886,0.7648292503503734,1.1895850547075137,310
-1.4274703787084995,-0.5277853404606639,-0.9537615954463585,-1.1427927575072254,0.16402740406136815,172
0.9435699605848215,0.8734146784614526,-0.44866690499701034,-0.7612683559357056,0.5705658260540318,290
0.23110125375326748,-1.228385349921722,-0.5775531363530509,1.5278780534934129,-1.6856610053674883,214
-0.6363525289150207,1.2237146831919816,-1.6539273387589033,-0.7612683559357056,-0.1737311036364642,86
0.38145990941577074,0.1728146690003943,-0.9502781837880871,-1.1427927575072254,-0.9855797348665267,181
-0.4929335035138637,1.2237146831919816,0.007660022236538779,1.5278780534934129,0.9058679082413346,345
-0.9856472520694514,0.8734146784614526,1.6065459733830962,1.5278780534934129,-1.102259946616687,533
0.24960693445019097,0.5231146737309235,0.19924766344146397,-0.37974395436418584,-0.555705270523831,354
-0.28474459567347454,-1.5786853546522512,-1.0687141801693136,1.5278780534934129,-1.43510560329346,139
-0.6733638903088677,-0.8780853451911931,-0.7656573658997047,-0.7612683559357056,-0.20689284802861502,201
-1.4182175383600377,-1.228385349921722,1.585645503433468,0.7648292503503734,0.4870473586960224,538
1.5611970538446427,-0.1774853357301348,-0.0794252692202454,0.7648292503503734,-0.08161514699160084,335
1.2905514736521368,-0.1774853357301348,1.3243896290631156,1.1463536519218933,1.274331734820788,555
-1.1591380086031091,-0.1774853357301348,0.42566942122910284,-0.37974395436418584,1.0655355664257644,390
-1.4344100089698457,-0.5277853404606639,0.10171213700986569,-0.7612683559357056,-0.3591912296814558,315
-0.9671415713725279,-0.1774853357301348,0.18183060515010713,-0.7612683559357056,1.6501648379318306,367
-0.32406916715443695,-0.8780853451911931,-0.0794252692202454,0.0017804472073339017,-1.6537274737306025,281
0.585022397081929,-1.5786853546522512,-0.6437379578602069,-1.5243171590787452,-0.840650629745275,220
0.27042582523422987,-0.1774853357301348,1.7249819697643227,-0.7612683559357056,0.8505983342544164,592
-1.7628858413402375,1.2237146831919816,-1.204567234841897,0.3833048487788537,1.6292852210923283,166
0.30743718662807684,1.2237146831919816,-1.319519819564852,-0.7612683559357056,0.17999416987981115,152
1.3044307341748294,-0.5277853404606639,-0.8980270089140167,0.0017804472073339017,-1.1919194777510207,194
-1.1799568993871479,-0.8780853451911931,0.7008589422325409,1.5278780534934129,1.6919240716108352,436
-0.7196280920511764,-1.5786853546522512,0.32813389479750454,-1.1427927575072254,0.7498848883226992,369
0.6868036409150082,-1.228385349921722,0.8088447036389532,-1.1427927575072254,0.6307482510620093,456
0.9713284816302067,0.8734146784614526,0.8436788202216668,0.3833048487788537,1.472073988418428,491
0.5803959769076982,-1.5786853546522512,0.3560011880636755,0.3833048487788537,0.8505983342544164,392
-1.7466933707304295,0.8734146784614526,0.03552731550270972,1.1463536519218933,1.0937844597968558,334
1.1401928179896335,0.5231146737309235,0.3664514230384896,-1.1427927575072254,0.7646234413858773,411
0.8302226663161651,0.8734146784614526,0.22363154504936356,1.5278780534934129,-0.18969786945490721,373
0.1200671695717266,0.1728146690003943,-0.7552071309248907,-1.1427927575072254,0.09647570252180168,224
-1.286364563394458,1.2237146831919816,0.7426598821317972,-1.5243171590787452,-0.31988842151298075,419
0.9042453891038591,-0.8780853451911931,-1.1035482967520274,-1.1427927575072254,-0.6281698230844569,166
-0.8329753863198327,1.5740146879225108,1.6831810298650665,0.7648292503503734,-0.8455634807663345,554
-1.4159043282729222,-0.5277853404606639,-1.6817946320250743,1.1463536519218933,-0.9782104583349377,50
-1.6425989168102348,0.1728146690003943,-1.1662497066009119,0.0017804472073339017,0.2696537010141448,145
0.8788000781455894,0.8734146784614526,0.11216237198467979,0.3833048487788537,1.5175178603632273,385
-0.3148163268059752,-0.1774853357301348,0.1957642517831926,-1.5243171590787452,1.336970585339295,372
-0.40965794037770803,-0.8780853451911931,0.20273107509973534,0.3833048487788537,0.5914454428935342,357
1.57276310428022,0.1728146690003943,1.5020436236349552,1.1463536519218933,-0.397265825094666,559
1.5773895244544507,-0.5277853404606639,0.09822872535159433,-0.7612683559357056,0.5840761663619451,369
-1.5269384124544632,1.2237146831919816,1.4985602119766839,-1.5243171590787452,-1.0752392660008605,512
-1.1799568993871479,-0.8780853451911931,1.4776597420270556,-0.37974395436418584,1.0950126725521205,538
1.126313557466941,-0.5277853404606639,-0.9572450071046299,-1.5243171590787452,-0.14793863577590247,199
0.8602943974486659,0.5231146737309235,-1.2394013514246107,1.1463536519218933,-0.21180569904967442,161
-0.5877751170855966,0.5231146737309235,-0.7134061910256342,0.0017804472073339017,-0.3026934429392729,216
1.6953632388973379,-0.5277853404606639,-1.2672686446907817,-1.5243171590787452,-1.7323330900675524,137
-1.5385044628900404,0.1728146690003943,1.5020436236349552,1.1463536519218933,1.6870112205897758,552
-1.413591118185807,-0.8780853451911931,-0.17696079565184367,1.5278780534934129,-1.1427909675404269,261
0.34676175810903925,0.1728146690003943,1.2512379842394168,-1.1427927575072254,0.23280731835619947,517
0.26348619497288356,-1.228385349921722,0.683441883941184,1.5278780534934129,1.4045222868788616,446
-0.9856472520694514,0.8734146784614526,-1.176699941575726,1.1463536519218933,1.0237763327467597,168
0.1339464300944192,-1.228385349921722,-0.5531692547451513,0.7648292503503734,-1.2127990945905232,224
0.978268111891553,0.5231146737309235,0.16789695851702166,-0.7612683559357056,-0.2437392306865604,364
0.44622979185500294,1.2237146831919816,-0.37203184851504023,-1.1427927575072254,0.48950378420655205,295
-1.3950854374888835,-1.5786853546522512,-1.3055861729317666,0.7648292503503734,-1.1882348394852262,94
0.08536901826499507,0.8734146784614526,1.4079915088616284,0.0017804472073339017,1.2620496072681395,557
-0.8468546468425253,0.5231146737309235,-0.027174094346174894,0.3833048487788537,-1.3601846252223044,294
1.2419740618227126,0.1728146690003943,-0.7168896026839056,-0.37974395436418584,-0.31129093222612686,237
0.1200671695717266,0.1728146690003943,1.4254085671529853,-1.1427927575072254,0.01541366067432191,535
1.5079932218409877,0.1728146690003943,-1.4449226392626213,1.5278780534934129,-0.3039216556945378,137
0.9134982294523208,1.2237146831919816,-1.127932178359927,-0.7612683559357056,0.21069948876143227,188
1.052290834679247,-1.228385349921722,-1.0478137102196854,0.7648292503503734,0.8972704189544806,199
-0.839915016581179,-1.5786853546522512,-1.4344724042878072,1.1463536519218933,1.1650207996022168,122
-0.28705780576059,0.1728146690003943,1.5926123267500107,-1.1427927575072254,1.3553937766682678,576
0.6775508005665465,1.5740146879225108,0.39083530464638916,0.3833048487788537,0.8370879939465032,416
-0.1760237215790491,0.8734146784614526,0.6904087072577267,1.1463536519218933,-0.5618463343001552,421
-0.7034356214413683,-0.8780853451911931,-1.633026868809275,0.7648292503503734,1.7533347093740776,108
0.44160337168077207,1.5740146879225108,0.26543248494861993,-0.7612683559357056,1.155195097560098,400
-0.6803035205702139,-1.5786853546522512,-1.0652307685110423,-1.5243171590787452,-0.31988842151298075,152
1.4686686503600253,1.2237146831919816,1.327873040721387,0.3833048487788537,1.0937844597968558,563
0.6521054896082766,-1.5786853546522512,-0.9328611254967304,1.1463536519218933,0.18859165916666507,197
-0.03260469617789212,-0.8780853451911931,1.1746029277574468,0.3833048487788537,-0.3149755704919214,486
-1.6796102782040818,0.8734146784614526,-0.5636194897199654,0.0017804472073339017,-1.046990372629769,213
-1.2354739414779183,-0.8780853451911931,-1.0826478268023991,1.1463536519218933,-0.9892643731323213,136
1.445536549488871,-0.5277853404606639,1.0387498730848634,-1.1427927575072254,-1.2312222859194957,473
-0.4651749824684785,0.8734146784614526,-1.3160364079065807,-1.5243171590787452,1.5813849236369992,164
-0.7543262433579079,-1.5786853546522512,0.8576124668547523,-1.5243171590787452,1.3504809256472083,454
1.2558533223454051,0.1728146690003943,0.8227783502720387,-0.37974395436418584,-0.8431070552558048,450
-1.7050555891623518,-1.5786853546522512,-1.5006572257949633,0.3833048487788537,-0.8787252251584853,67
-1.24472678182638,-1.5786853546522512,-0.5671029013782368,1.5278780534934129,0.23649195662199402,226
1.2419740618227126,0.8734146784614526,1.4463090371026135,-1.5243171590787452,1.0409713113204675,573
0.07842938800364876,-0.5277853404606639,0.45702012615354515,-1.5243171590787452,-1.0433057343639744,374
-1.110560596773685,-1.5786853546522512,1.4184417438364425,0.0017804472073339017,0.8874447169123618,523
0.265799405059999,1.5740146879225108,0.6242238857505708,0.0017804472073339017,0.8727061638491838,444
0.45316942211634925,0.5231146737309235,-1.0408468869031426,0.0017804472073339017,-0.5765848873633334,178
-0.7196280920511764,-0.1774853357301348,-1.0094961819787005,0.3833048487788537,0.4084417423590723,180
0.5919620273432754,-0.1774853357301348,-0.6193540762523073,1.1463536519218933,0.918150035793983,261
0.1200671695717266,-1.5786853546522512,0.7600769404231541,-0.7612683559357056,1.155195097560098,448
-0.24310681410539672,1.5740146879225108,-1.584259105593476,1.5278780534934129,-1.069098202224536,90
-0.5021863438623254,0.1728146690003943,-0.3859654951481257,-1.5243171590787452,-0.8197710129057727,253
1.0453512044179007,1.2237146831919816,-0.3580982018819548,-0.37974395436418584,1.1281744169442716,316
0.7145621619603935,1.2237146831919816,0.9342475233367225,1.5278780534934129,1.7435090073319588,507
-1.728187690033506,0.8734146784614526,-0.8806099506226599,1.1463536519218933,-1.1280524144772488,166
0.9990870026755919,-0.1774853357301348,0.4396030678621883,1.5278780534934129,0.07682429843756416,405
1.1101210868571327,-1.5786853546522512,0.10171213700986569,-1.5243171590787452,1.33819879809456,369
-1.4020250677502297,1.2237146831919816,-0.7203730143421769,1.5278780534934129,-1.0297953940560611,197
-0.6641110499604059,-1.5786853546522512,-1.7026951019747025,-0.7612683559357056,1.0434277368309972,83
0.7076225316990471,0.8734146784614526,0.8401954085633956,1.5278780534934129,0.6823331867831327,474
1.4640422301857945,-0.1774853357301348,-0.0898755041950595,-1.5243171590787452,-0.42919935673155196,326
-0.5692694363886731,-0.8780853451911931,-0.9049938322305594,-1.5243171590787452,0.2708819137694097,190
-1.5385044628900404,0.5231146737309235,1.6622805599154382,1.5278780534934129,-0.0423123388231258,549
0.6868036409150082,0.5231146737309235,-1.1070317084102987,0.3833048487788537,-0.017748083717828905,181
-1.1198134371221466,1.2237146831919816,-1.4031216993633648,-0.37974395436418584,0.9463989291650744,134
1.408525188095024,0.5231146737309235,0.22014813339109218,0.7648292503503734,-0.706775439421407,370
-0.6178468482180972,-0.8780853451911931,-1.2777188796655956,0.0017804472073339017,0.9807888863124901,148
-1.068922815205607,-1.5786853546522512,1.2303375142897885,0.7648292503503734,-1.5149394323856749,457
-1.3488212357465748,0.8734146784614526,-0.6681218394681064,1.1463536519218933,-1.3196536042985645,198
-0.36339373863539937,-0.8780853451911931,1.376640803937186,1.1463536519218933,0.19596093569825412,519
0.8302226663161651,0.8734146784614526,1.5299109169011262,-1.5243171590787452,-1.767951259970233,534
-0.14826520053366388,0.8734146784614526,0.6973755305742695,1.1463536519218933,0.2008737867193135,435
0.5295053549911586,-0.1774853357301348,0.29678318987306224,0.3833048487788537,1.2681906710444637,397
0.8695472377971276,-1.5786853546522512,-0.020207271029632157,-0.37974395436418584,-0.7767835664715032,315
-1.3256891348754203,1.5740146879225108,-1.1314155900181984,1.1463536519218933,-0.18846965669964236,155
-1.1822701094742634,0.5231146737309235,0.7287262354987117,-0.7612683559357056,-0.9327665863901384,405
0.5017468339457734,1.5740146879225108,-0.37203184851504023,-0.37974395436418584,0.18367880814560567,293
0.3791466993286553,-0.1774853357301348,-0.9781454770542581,0.3833048487788537,0.10138855354286105,193
0.9736416917173222,0.8734146784614526,0.8680627018295665,0.7648292503503734,-0.3616476551919855,465
1.1933966499932884,1.2237146831919816,-0.20134467725974325,-0.37974395436418584,0.6110968469777718,332
1.3483817258300226,0.5231146737309235,-0.35113137856541204,-0.37974395436418584,-0.8185428001505078,285
-1.4714213703636927,0.5231146737309235,0.24453201499899174,0.7648292503503734,1.1257179914337418,366
-1.7258744799463905,-1.5786853546522512,-0.9258943021801876,0.3833048487788537,1.7705296879477854,193
-0.4582353522071322,-0.5277853404606639,-1.6957282786581598,1.1463536519218933,0.6418021658593929,86
-0.44898251185867044,-1.228385349921722,-0.4103493767560253,-1.5243171590787452,0.5238937413539677,264
1.3483817258300226,-1.228385349921722,0.6869252955994554,0.7648292503503734,1.4966382435237249,462
-0.18065014175327998,-1.228385349921722,-0.1525769140439441,0.7648292503503734,-0.817314587395243,284
-0.3194427469802061,-0.5277853404606639,0.42218600957083147,0.7648292503503734,-1.2938611364380028,361
1.2674193727809824,-1.5786853546522512,-1.3021027612734952,0.7648292503503734,-0.452535399081584,141
0.20796915288211312,-0.5277853404606639,-0.7656573658997047,1.1463536519218933,0.06577038364018055,219
0.4577958422905801,-1.228385349921722,-0.14909350238567273,1.5278780534934129,0.7167231439305484,318
-1.408964698011576,-0.1774853357301348,-0.4242830233891107,1.5278780534934129,0.20210199947457835,252
-0.6340393188279052,-0.8780853451911931,-0.8248753640903179,-1.1427927575072254,-1.2164837328563176,176
1.494113961318295,0.8734146784614526,-0.6019370179609504,0.7648292503503734,0.8088391005754118,279
0.04835765687114811,-0.5277853404606639,-0.2605626754503565,0.7648292503503734,1.187128629196984,308
0.8417887167517424,-1.5786853546522512,-1.375254406097194,-0.37974395436418584,1.6170030935396797,159
1.510306431928103,-1.5786853546522512,1.0282996381100493,1.5278780534934129,-1.110857435903541,469
-1.1984625800840714,1.5740146879225108,1.4010246855450856,1.1463536519218933,1.3431116491156194,545
1.0083398430240538,-0.8780853451911931,-1.6225766338344612,-1.5243171590787452,-1.1710398609115182,84
0.6914300610892391,1.2237146831919816,0.4814040077614447,-1.1427927575072254,-1.1612141588693996,394
1.7046160792457996,0.5231146737309235,0.6033234158009425,-1.1427927575072254,-0.4390250587736707,432
-0.011785805393853205,-1.228385349921722,1.2547213958976882,1.1463536519218933,0.9316603761018962,516
-0.5230052346463644,1.2237146831919816,-1.5320079307194054,-1.5243171590787452,0.23035089284566979,112
0.3629542287188473,1.5740146879225108,0.04249413881925245,-0.37974395436418584,-0.8996048419979876,333
-0.823722545971371,-1.228385349921722,0.7949110570058677,0.0017804472073339017,0.17508131885875175,427
-0.553076965778865,-0.8780853451911931,0.02856049218616698,1.5278780534934129,-0.05090982810997972,320
0.14782569061711182,1.5740146879225108,-0.5392356081120658,0.7648292503503734,-1.451072369111903,238
0.32131644715076946,-1.228385349921722,-1.4309889926295358,1.1463536519218933,0.6098686342225069,130
-1.6842366983783128,-0.8780853451911931,0.3211670714809618,1.5278780534934129,0.03383685200329459,348
-0.18296335184039542,0.1728146690003943,-1.612126398859647,0.7648292503503734,1.5924388384343828,121
-1.7212480597721598,1.2237146831919816,-0.7621739542414334,0.0017804472073339017,0.11244246834024467,205
-1.0249718235504137,1.2237146831919816,0.2514988383155345,0.0017804472073339017,-0.7190575669740554,346
-0.5831486969113657,0.5231146737309235,1.0944844596172054,0.3833048487788537,1.1637925868469519,500
-0.8422282266682944,-0.8780853451911931,-0.8457758340399462,0.0017804472073339017,-1.6463581971990133,164
-0.2546728645409739,-0.5277853404606639,0.9969489331856071,1.5278780534934129,1.2338007138970482,485
0.4809279431617345,0.1728146690003943,0.3525177764054041,-0.7612683559357056,-0.983123309355997,370
-0.6779903104830985,-0.1774853357301348,-0.3580982018819548,-0.7612683559357056,0.7965569730227633,280
0.9320039101492443,-1.228385349921722,0.7391764704735259,0.7648292503503734,0.06085753261912118,440
0.8140301957063572,0.1728146690003943,0.24104860334072037,0.7648292503503734,-0.4169172291789035,368
1.420091238530601,-0.8780853451911931,1.6831810298650665,0.3833048487788537,-1.0494467981402986,566
0.16170495113980443,0.8734146784614526,-0.44866690499701034,-0.7612683559357056,-0.5790413128738631,261
-0.08580852818154713,-1.228385349921722,1.3104559824300301,0.7648292503503734,-0.8836380761795446,494
0.20796915288211312,-1.5786853546522512,1.7214985581060513,0.0017804472073339017,-1.7114534732280502,541
-1.6495385470715813,1.2237146831919816,-0.00627362439654669,0.7648292503503734,1.640339135889712,340
-0.43741646142309326,-0.8780853451911931,-0.48001760992145265,-1.1427927575072254,0.9746478225361659,264
1.0407247842436698,-1.5786853546522512,0.7356930588152545,0.3833048487788537,0.4096699551143371,445
0.8903661285811665,0.5231146737309235,1.5264275052428549,1.1463536519218933,0.30895650918261985,567
-1.4205307484471532,1.5740146879225108,-0.8144251291155039,-1.5243171590787452,-0.20075178425229082,198
-1.0411642941602217,-0.1774853357301348,-0.9328611254967304,-0.37974395436418584,-1.6439017716884836,153
-0.44898251185867044,-0.1774853357301348,1.3731573922789146,-1.5243171590787452,1.6735008802818627,545
1.3923327174852158,-1.5786853546522512,0.9168304650453656,-1.5243171590787452,-0.9082023312848415,454
-1.0619831849442607,1.2237146831919816,1.0143659914769638,1.1463536519218933,-0.30514986844980263,462
-0.1899029821017417,0.5231146737309235,-1.7026951019747025,0.7648292503503734,-0.6171159082870733,74
0.17095779148826618,0.8734146784614526,0.1957642517831926,-1.5243171590787452,-1.7495280686412604,335
0.7261282123959706,1.2237146831919816,-0.1525769140439441,-1.1427927575072254,1.2374853521628426,342
0.5526374558623129,0.1728146690003943,-1.4309889926295358,-0.37974395436418584,-0.8504763317873938,117
-0.7404469828352153,-0.1774853357301348,-0.8840933622809312,-1.5243171590787452,1.3860990955498889,213
-0.34951447811270675,0.1728146690003943,-0.5427190197703372,-0.7612683559357056,0.4305495719538395,253
0.5295053549911586,-1.228385349921722,1.3905744505702715,1.1463536519218933,0.1296374469139525,530
-1.1568247985159936,-0.5277853404606639,-0.4904678448962667,1.1463536519218933,1.653849476197625,267
0.7238150023088552,-0.8780853451911931,-1.36480417112238,1.1463536519218933,0.48090629491969816,145
0.5549506659494284,0.5231146737309235,-1.4205387576547217,0.3833048487788537,1.036058460299408,151
-1.7559462110788913,1.2237146831919816,0.04249413881925245,0.3833048487788537,-0.4242865057104926,312
0.8394755066646269,-0.1774853357301348,1.6622805599154382,0.0017804472073339017,-0.968384756292819,561
1.0546040447663623,0.1728146690003943,-0.04459115263753173,1.5278780534934129,-0.6650162057424022,326
0.022912345912878322,1.5740146879225108,1.5229440935845835,-0.37974395436418584,1.2202903735891348,576
0.2611729848857681,-1.228385349921722,0.7461432937900686,0.7648292503503734,-1.1403345420298971,413
0.5271921449040432,-0.8780853451911931,0.9586314049446221,-1.5243171590787452,0.49932948624867085,475
0.2773654554955762,-0.8780853451911931,1.5020436236349552,1.5278780534934129,0.3801928489879809,549
1.4108383981821393,1.2237146831919816,0.20969789841627806,0.7648292503503734,1.0581662898941753,401
-1.658791387420043,0.5231146737309235,-1.6574107504171747,1.5278780534934129,-0.8111735236189188,59
0.2380408840146138,0.8734146784614526,-0.3406811435905979,0.7648292503503734,-0.1872414439443775,284
0.13625964018153464,1.5740146879225108,-0.49743466821280946,-1.1427927575072254,0.3433464663300355,273
0.3976523800255788,1.2237146831919816,-0.6263208995688501,0.3833048487788537,-1.5702090063725929,225
-0.250046444366743,0.1728146690003943,-0.36158161354022617,-0.37974395436418584,-1.4559852201329624,250
-1.1452587480804164,-0.5277853404606639,-0.9781454770542581,-0.7612683559357056,0.6589971444331006,180
-0.9116245292817574,-1.5786853546522512,-0.4626005516300958,-1.1427927575072254,-0.49183820725005906,233
-0.2963106461090517,0.8734146784614526,1.6866644415233378,0.3833048487788537,0.05226004333226726,572
0.8464151369259733,0.5231146737309235,0.3873518929881178,1.1463536519218933,0.5349476561513513,407
-0.2477332342796276,-1.228385349921722,0.2723993082651627,0.3833048487788537,-1.1968323287720801,338
-1.4899270510606162,0.8734146784614526,-1.3787378177554654,1.5278780534934129,1.171161863378541,135
0.15476532087845812,-0.1774853357301348,-1.3822212294137368,0.0017804472073339017,-0.49183820725005906,123
0.7353810527444323,0.5231146737309235,-0.5218185498207091,-1.1427927575072254,-1.7397023665991416,237
1.4015855578336776,-0.5277853404606639,0.37341824635503235,1.1463536519218933,1.0581662898941753,414
-0.05342358696193104,-0.1774853357301348,-0.15606032570221548,1.5278780534934129,-0.3542783786603964,299
1.6976764489844534,0.8734146784614526,0.9307641116784511,-0.37974395436418584,-0.7792399919820328,476
-1.4968666813219624,-1.5786853546522512,-1.6295434571510037,0.3833048487788537,-0.8553891828084532,52
0.06223691739384072,-1.5786853546522512,-0.692505721076006,1.1463536519218933,-1.086293180798244,203
0.8949925487553974,-0.5277853404606639,-0.01672385937136079,1.5278780534934129,-1.214027307345788,315
1.510306431928103,-0.8780853451911931,1.024816226451778,0.0017804472073339017,0.25123050968517213,494
0.5757695567334673,1.5740146879225108,-0.6402545462019356,0.3833048487788537,1.5383974772027298,278
0.7353810527444323,-1.228385349921722,0.5023044777110729,-0.37974395436418584,-1.6819763671016938,375
-0.3009370662832826,-0.8780853451911931,-1.260301821374239,0.0017804472073339017,1.6636751782397439,165
-0.5808354868242502,-1.5786853546522512,0.4709537727866306,0.7648292503503734,0.5988147194251233,389
0.08768222835211051,-1.5786853546522512,1.56474503348384,1.5278780534934129,-0.7129165031977311,534
0.8232830360548189,0.1728146690003943,-0.7552071309248907,0.3833048487788537,-0.023889147494153128,231
0.8741736579713585,-0.1774853357301348,1.2477545725811454,0.3833048487788537,-0.46727395214476214,510
-0.4721146127298248,0.8734146784614526,-0.16651056067702957,1.1463536519218933,-1.0457621598745042,286
-0.6386657390021361,-1.228385349921722,0.04597755047752382,-0.37974395436418584,0.22666625457987524,323
1.1494456583380952,-0.5277853404606639,-1.2533349980576962,-0.7612683559357056,-0.7902939067794164,147
0.30743718662807684,0.8734146784614526,-1.2463681747411535,0.7648292503503734,0.5951300811593287,168
1.2304080113871354,0.1728146690003943,0.37341824635503235,0.0017804472073339017,-0.45867646285790825,391
1.0384115741565543,-1.5786853546522512,1.5508113868507545,-1.1427927575072254,-0.9167998205716954,540
-0.13901236018520213,-0.5277853404606639,-0.027174094346174894,-1.1427927575072254,1.3185473940103225,341
1.6352197766323366,-1.5786853546522512,1.2965223357969446,0.3833048487788537,1.4610200736210444,550
-0.42353720090040065,-1.228385349921722,-0.34764796690714067,1.1463536519218933,0.7535695265884937,278
0.059923707306725284,-0.1774853357301348,0.35948459972194685,-1.5243171590787452,-1.1833219884641668,360
0.22416162349192117,0.8734146784614526,1.7249819697643227,0.3833048487788537,-0.9143433950611657,569
-1.1961493699969559,0.8734146784614526,-0.5740697246947796,-1.1427927575072254,0.09279106425600714,236
0.7770188343125102,-0.8780853451911931,-1.4658231092122496,-1.1427927575072254,-0.3505937403946019,117
-1.4112779080986915,-0.5277853404606639,0.5928731808261285,0.7648292503503734,-1.0199696920139425,375
1.6074612555869514,1.5740146879225108,-0.1456100907274014,-1.5243171590787452,-0.8271402894373617,323
0.5387581953396203,0.1728146690003943,0.133062841934308,0.3833048487788537,-1.2324504986747606,335
0.8001509351836645,1.5740146879225108,1.1467356344912758,0.7648292503503734,1.0900998215310613,530
-0.15520483079501018,-0.8780853451911931,0.44308647952045965,1.1463536519218933,-1.5247651344277937,360
1.2604797425196361,-1.228385349921722,-1.1314155900181984,0.7648292503503734,0.05962931986385633,176
1.1101210868571327,0.1728146690003943,-0.00627362439654669,0.3833048487788537,1.2411699904286373,363
0.7608263637027021,-0.1774853357301348,0.777493998714511,1.5278780534934129,1.5654181578185562,474
0.7099357417861626,1.5740146879225108,0.7635603520814255,-0.7612683559357056,0.0006751076111437706,456
0.5665167163850056,-0.1774853357301348,-0.22224514720937144,0.3833048487788537,0.5251219541092326,311
-1.5500705133256176,1.5740146879225108,0.7217594121821691,-0.37974395436418584,1.5494513920001134,446
0.4485430019421184,-0.1774853357301348,1.1989868093653464,-1.1427927575072254,1.0900998215310613,522
0.5734563466463519,1.5740146879225108,-0.7830744241910615,-1.5243171590787452,-0.1946107204759666,229
-0.7196280920511764,-0.1774853357301348,1.3418066873544725,-1.5243171590787452,0.9193782485492478,525
1.0731097254632858,-0.8780853451911931,0.42566942122910284,-0.7612683559357056,0.3593132321484785,404
0.3421353379348084,0.5231146737309235,-0.5148517265041663,-0.37974395436418584,-0.21057748629440956,258
-1.2632324625233036,0.1728146690003943,1.1920199860488037,-1.1427927575072254,-0.060735530152098476,483
-0.6710506802217522,-0.5277853404606639,0.8227783502720387,-1.5243171590787452,0.27825119030099876,439
-0.7682055038806005,-1.228385349921722,-0.7377900726335338,-0.37974395436418584,-0.7313396945267039,193
-0.9787076218081051,1.2237146831919816,0.6416409440419276,0.7648292503503734,-0.08407157250213053,413
-0.4929335035138637,-1.5786853546522512,-0.17696079565184367,0.3833048487788537,1.480671477705282,312
1.2697325828680979,-0.5277853404606639,-1.1592828832843691,0.3833048487788537,1.1883568419522488,195
1.1887702298190577,-1.5786853546522512,-0.23617879384245694,1.5278780534934129,-0.9155716078164305,286
-0.9416962604142581,0.1728146690003943,-0.8318421874068607,-1.1427927575072254,-0.7669578644293843,185
-1.7143084295108135,-0.5277853404606639,1.3522569223292864,-0.37974395436418584,-0.5471077812369771,488
-0.5600165960402114,-0.1774853357301348,0.4152191862542887,0.0017804472073339017,-1.3184253915432997,358
0.8325358764032806,-0.1774853357301348,0.14002966525085073,-1.5243171590787452,-0.5864105894054521,348
0.08768222835211051,1.2237146831919816,-0.5671029013782368,1.1463536519218933,-1.6365324951568947,228
1.0175926833725155,-1.5786853546522512,1.64138008996581,1.1463536519218933,-1.236135136940555,548
1.1170607171184792,-1.228385349921722,1.4114749205198998,0.3833048487788537,-0.8541609700531884,524
-0.0048461751325069,0.1728146690003943,-1.3682875827806513,0.0017804472073339017,-0.9954054369086455,116
-0.7450734030094461,-0.1774853357301348,0.08081166706023749,1.1463536519218933,0.886216504157097,344
0.011346295477301146,0.5231146737309235,-0.9537615954463585,-0.7612683559357056,1.5420821154685243,219
0.5827091869948137,-0.8780853451911931,-1.2463681747411535,-0.7612683559357056,-0.18355680567858298,149
1.3530081460042536,-0.8780853451911931,-0.8004914824824184,-1.1427927575072254,1.7435090073319588,254
-0.573895856562904,1.5740146879225108,-1.2707520563490529,0.0017804472073339017,1.5494513920001134,172
0.638226229085584,-1.228385349921722,-1.4205387576547217,-0.7612683559357056,1.1760747143996004,144
0.06455012748095615,-0.8780853451911931,-0.7203730143421769,-0.7612683559357056,-1.0162850537481478,204
-0.9902736722436822,1.5740146879225108,0.6729916489663699,0.3833048487788537,0.05226004333226726,422
-1.1707040590386861,-1.5786853546522512,-1.5006572257949633,1.1463536519218933,0.6860178250489273,100
-0.6178468482180972,-0.1774853357301348,0.18879742846664987,-1.1427927575072254,0.24754587141937762,350
0.3051239765409614,-0.1774853357301348,-1.1453492366512839,-0.37974395436418584,0.33597718979844643,172
-1.3973986475759987,0.5231146737309235,-0.7168896026839056,0.7648292503503734,0.5767068898303561,220
1.6999896590715688,-0.5277853404606639,-1.336936877856209,-1.5243171590787452,-0.6527340781897537,144
0.20334273270788225,-0.8780853451911931,-1.3404202895144803,-1.5243171590787452,-0.3395398255972183,127
-0.17139730140481824,-1.5786853546522512,-0.17696079565184367,0.7648292503503734,1.2890702878839662,313
-0.8884924284106032,0.8734146784614526,-0.9119606555471022,0.7648292503503734,-0.3248012725340402,186
0.44622979185500294,-0.8780853451911931,0.7322096471569831,-1.5243171590787452,-1.634076069646365,407
-0.1690840913177028,-1.228385349921722,0.3211670714809618,-1.5243171590787452,-1.0666417767140066,347
1.588955574890028,-0.5277853404606639,-0.5984536063026791,-0.37974395436418584,0.6110968469777718,270
1.2211551710386737,-0.8780853451911931,-0.0898755041950595,0.0017804472073339017,0.8555111852754759,340
1.5658234740188735,-1.5786853546522512,1.0875176363006627,0.0017804472073339017,-0.31866020875771595,490
0.9898341623271302,-0.8780853451911931,0.38038506967157504,-0.37974395436418584,0.29053331785364717,395
0.7006829014377008,-1.228385349921722,1.366190568962372,1.1463536519218933,0.6749639102515437,538
-1.1082473866865694,0.8734146784614526,1.3383232756962011,0.7648292503503734,1.3652194787103866,533
-0.8491678569296407,0.1728146690003943,-0.062008210928888564,1.5278780534934129,1.5494513920001134,335
-1.7397537404690833,1.2237146831919816,-1.5111074607697772,0.7648292503503734,-1.2889482854169434,75
1.2998043140005986,0.8734146784614526,0.4709537727866306,-1.5243171590787452,1.1822157781759246,436
1.1864570197319422,1.5740146879225108,-1.660894162075446,0.7648292503503734,-0.12337438067060558,112
-0.6132204280438663,-0.8780853451911931,-0.17347738399357232,-1.5243171590787452,1.4475097333131313,313
-0.02335185582943038,-0.1774853357301348,-1.6434771037840892,0.7648292503503734,0.25368693519570185,95
-1.6865499084654283,0.5231146737309235,0.711309177207355,1.1463536519218933,-1.0187414792586775,395
-0.08580852818154713,-0.1774853357301348,1.6831810298650665,1.5278780534934129,1.750878283863548,596
0.19640310244653594,0.8734146784614526,-1.3125529962483093,-0.7612683559357056,-1.4780930497277296,123
-1.5593233536740794,-0.1774853357301348,-0.9084772438888308,-0.37974395436418584,1.266962458289199,197
0.02753876608710919,-1.5786853546522512,-1.1105151200685701,-0.37974395436418584,-0.4095479526473145,153
-0.36802015880963024,-0.1774853357301348,-0.6785720744429206,1.5278780534934129,1.489268966992136,250
0.4763015229875036,-0.5277853404606639,-1.0478137102196854,0.7648292503503734,-1.015056840992883,165
0.5965884475175063,0.1728146690003943,-0.22224514720937144,-0.7612683559357056,1.1281744169442716,323
-0.8005904451002166,-0.8780853451911931,1.697114676498152,0.0017804472073339017,0.47844986940916845,564
-1.5014931014961934,-0.1774853357301348,-1.4309889926295358,0.7648292503503734,0.8100673133306766,116
-0.340261637764245,-1.228385349921722,0.5859063575095858,1.1463536519218933,-1.4129977736986927,378
1.0546040447663623,0.1728146690003943,1.4950768003184125,-1.5243171590787452,-1.2864918599064137,536
0.14319927044288094,0.1728146690003943,-1.072197591827585,-1.1427927575072254,0.27211012652467453,181
0.7747056242253947,-0.1774853357301348,0.03204390384443835,0.7648292503503734,-1.4707237731961404,318
-0.8121564955357937,0.1728146690003943,1.0735839896675772,-1.1427927575072254,0.3777364234774512,478
1.4709818604471407,0.5231146737309235,0.948181169969808,0.7648292503503734,1.3210038195208522,508
1.57276310428022,-0.1774853357301348,1.3104559824300301,1.5278780534934129,-0.07056123219421724,535
-0.08118210800731626,-1.5786853546522512,1.1711195160991754,-1.1427927575072254,0.6319764638172741,496
1.2419740618227126,0.8734146784614526,0.7600769404231541,0.7648292503503734,-1.5849475594357711,433
0.5942752374303908,-0.5277853404606639,1.2024702210236178,-0.37974395436418584,-1.5296779854488531,480
-0.007159385219622335,1.2237146831919816,-1.4588562858957068,-1.1427927575072254,-0.3542783786603964,120
-0.2037822426244343,1.5740146879225108,-0.8422924223816748,0.7648292503503734,-0.07178944494948208,213
1.5126196420152185,0.1728146690003943,-1.1976004115253542,0.0017804472073339017,-0.7276550562609093,165
-0.7103752517027146,-1.5786853546522512,0.446569891178731,-1.5243171590787452,-0.8480199062768641,360
0.36064101863173187,-0.8780853451911931,0.9934655215273357,0.0017804472073339017,0.17262489334822206,473
-1.323375924788305,-0.8780853451911931,-0.6750886627846492,-0.7612683559357056,1.6194595190502095,235
-0.05805000713616191,1.5740146879225108,0.3211670714809618,0.7648292503503734,0.8174365898622656,396
0.8302226663161651,-0.5277853404606639,-0.0689750342454313,0.3833048487788537,-1.618109303827922,300
0.4948072036844271,0.1728146690003943,0.05642778545233792,1.1463536519218933,0.33597718979844643,349
0.5665167163850056,0.5231146737309235,-1.0338800635866,0.0017804472073339017,-1.2533301155142629,170
-1.5454440931513866,1.5740146879225108,-1.469306520870521,-1.1427927575072254,1.1122076511258285,124
-0.23385397375693498,-0.5277853404606639,0.014626845553081514,1.5278780534934129,1.5322564134264054,350
1.0407247842436698,0.1728146690003943,1.139768811174733,1.1463536519218933,-0.310062719470862,501
-1.6819234882911973,-1.5786853546522512,-1.5250411074028627,0.3833048487788537,1.2399417776733723,99
1.4547893898373327,0.8734146784614526,1.366190568962372,0.7648292503503734,-1.6623249630174564,521
-1.1221266472092621,0.5231146737309235,-0.4417000816804676,1.5278780534934129,0.3150975729589441,259
-1.265545672610419,1.2237146831919816,1.0701005780093058,0.7648292503503734,-0.3346269745761589,467
0.2380408840146138,-0.8780853451911931,1.4881099770018698,-0.7612683559357056,0.3298361260221222,545
0.2519201445373064,-1.228385349921722,-0.05504138761234583,0.3833048487788537,-0.22654425211285256,313
1.232721221474251,-1.5786853546522512,1.2407877492646027,0.7648292503503734,-0.15039506128643215,511
-1.6240932361133116,-0.8780853451911931,0.10867896032640843,-1.1427927575072254,-0.1737311036364642,314
-0.3888390495936691,-0.1774853357301348,0.9516645816280793,-0.7612683559357056,-0.4906099944947942,450
-0.08118210800731626,-1.228385349921722,-0.20482808891801463,-0.37974395436418584,-0.08161514699160084,289
1.3923327174852158,-0.8780853451911931,1.23382092594806,0.3833048487788537,0.9820170990677549,534
-0.8491678569296407,-0.5277853404606639,-0.6681218394681064,-1.5243171590787452,1.669816242016068,245
-0.1505784106207793,0.5231146737309235,-0.19089444228492916,1.5278780534934129,-1.0678699894692714,285
0.6451658593469304,-0.8780853451911931,0.7182760005238977,0.0017804472073339017,1.1883568419522488,454
-1.3580740760950365,1.2237146831919816,0.7008589422325409,0.7648292503503734,-1.1268242017219838,400
-0.8514810670167562,0.8734146784614526,-1.0164630052952432,1.5278780534934129,-0.3370834000866886,171
-0.7381337727480999,-0.5277853404606639,-1.260301821374239,1.5278780534934129,-0.39849403784993087,129
1.1401928179896335,-1.5786853546522512,0.14699648856739347,-1.5243171590787452,-0.6772983332950506,344
-1.5917082948936954,-1.5786853546522512,1.7214985581060513,-1.5243171590787452,1.479443264950017,569
-1.1545115884288781,-1.5786853546522512,-0.27449632208344193,-0.7612683559357056,0.024011149961175825,265
-0.7150016718769455,-1.5786853546522512,1.547327975192483,0.3833048487788537,-0.24251101793129554,528
-0.10662741896558604,0.8734146784614526,1.2198872793149746,-1.1427927575072254,-0.8357377787242156,493
-0.06730284748462365,-0.8780853451911931,-1.479756755845335,-1.5243171590787452,-0.7571321623872656,97
1.4894875411440642,0.1728146690003943,0.711309177207355,-1.5243171590787452,0.5582836985013834,459
0.20102952262076682,-0.8780853451911931,-0.8666763039895744,0.0017804472073339017,1.0237763327467597,218
1.4501629696631018,-0.1774853357301348,-0.4207996117308394,-0.37974395436418584,0.9328885888571611,301
-1.4344100089698457,0.5231146737309235,0.16093013520047894,-1.5243171590787452,-1.1010317338614222,317
0.2796786655826916,-1.228385349921722,-0.36854843685676886,-0.37974395436418584,1.701749773652954,299
0.7608263637027021,0.1728146690003943,-0.20482808891801463,-0.7612683559357056,-0.44025327152893556,302
0.8302226663161651,0.1728146690003943,1.6622805599154382,-1.1427927575072254,-0.31129093222612686,573
-0.8514810670167562,-0.8780853451911931,-1.4170553459964503,1.5278780534934129,0.2585997862167612,113
0.659045119869623,0.1728146690003943,1.7145317347895086,-1.5243171590787452,-1.094890670085098,566
0.425410901070964,1.5740146879225108,1.1885365743905323,0.7648292503503734,-1.4608980711540218,490
0.2935579261053842,1.5740146879225108,0.7217594121821691,-0.37974395436418584,1.0004402903967275,461
1.6861103985488761,-0.1774853357301348,1.6065459733830962,0.0017804472073339017,0.4796780821644333,587
0.9505095908461678,-1.228385349921722,1.1780863394157182,0.0017804472073339017,-0.37147335723410424,496
0.9343171202363597,1.2237146831919816,0.42218600957083147,-1.5243171590787452,-0.7927503322899461,394
-0.4512957219457859,0.8734146784614526,0.29329977821479086,0.3833048487788537,-0.3248012725340402,364
0.6914300610892391,-0.8780853451911931,-0.7099227793673628,1.5278780534934129,0.9807888863124901,247
-1.515372362018886,0.8734146784614526,1.7389156163974082,-1.1427927575072254,1.227659650120724,583
0.6983696913505854,1.2237146831919816,0.1539633118839362,0.7648292503503734,-1.4437030925803138,343
1.031471943895208,-0.8780853451911931,-0.10729256248641633,0.3833048487788537,-1.5284497726935882,296
0.39533916993846335,-0.8780853451911931,-0.967695242079444,0.0017804472073339017,0.33597718979844643,195
-0.8468546468425253,-1.228385349921722,-1.2672686446907817,-0.37974395436418584,-0.7166011414635257,116
1.1170607171184792,0.8734146784614526,-0.26752949876689924,-0.37974395436418584,-1.6672378140385158,282
-0.3009370662832826,1.5740146879225108,0.03204390384443835,0.3833048487788537,-0.47218680316582157,330
0.90887180927809,-1.5786853546522512,-0.22572855886764281,-0.37974395436418584,1.1994107567496324,318
0.978268111891553,0.8734146784614526,0.22363154504936356,0.0017804472073339017,-0.12091795516007588,376
1.0985550364215557,0.5231146737309235,0.4187025979125601,0.3833048487788537,0.8137519515964712,419
-0.07192926765885452,0.5231146737309235,1.64138008996581,0.0017804472073339017,-1.3331639446064778,544
-1.223907891042341,-0.8780853451911931,0.1853140168083785,0.7648292503503734,-0.7730989282057086,321
-0.24542002419251216,-1.5786853546522512,-1.1557994716260978,1.5278780534934129,0.07068323466123994,152
-0.030291486090776684,-0.5277853404606639,-1.3160364079065807,0.7648292503503734,0.711810292909489,148
-0.4073447302905926,1.2237146831919816,-0.30584702700788424,0.7648292503503734,0.5828479536066803,296
0.622033758475776,-0.1774853357301348,0.9377309349949938,-0.37974395436418584,1.3971530103472725,492
0.7723924141382793,-1.5786853546522512,-1.281202291323867,-1.5243171590787452,-0.44762254806052465,138
0.43929016159365664,-0.1774853357301348,-0.7552071309248907,1.1463536519218933,1.336970585339295,246
-0.6294128986536743,0.8734146784614526,-0.6820554861011919,-0.37974395436418584,-0.18846965669964236,224
0.3444485480219238,0.8734146784614526,-0.31978067364096974,-1.5243171590787452,1.0151788434599058,308
1.1864570197319422,-0.1774853357301348,-0.06549162258715993,0.0017804472073339017,-0.49920748378164814,325
1.1332531877282872,1.2237146831919816,1.7249819697643227,1.1463536519218933,-1.7777769620123518,569
1.0037134228498228,-1.5786853546522512,-0.9851123003708009,-0.37974395436418584,0.3728235724563918,197
0.9898341623271302,-0.5277853404606639,-1.3230032312231235,1.1463536519218933,-0.6625597802318726,138
-1.3742665467048445,-0.8780853451911931,-0.17347738399357232,1.1463536519218933,-1.4044002844118388,258
1.510306431928103,-1.228385349921722,-0.7377900726335338,-0.7612683559357056,1.2645060327786692,255
0.42078448089673315,0.8734146784614526,1.6483469132823527,1.5278780534934129,-1.6144246655621273,549
0.07148975774230246,0.5231146737309235,0.2723993082651627,-0.7612683559357056,0.592673655648799,381
-0.3009370662832826,1.2237146831919816,1.3836076272537288,-1.5243171590787452,1.3664476914656514,552
1.0499776245921315,-1.228385349921722,1.481143153685327,-1.1427927575072254,0.9709631842703713,563
-1.7004291689881208,-0.5277853404606639,0.27588271992343405,0.3833048487788537,0.19473272294298927,346
0.9828945320657839,0.1728146690003943,1.5682284451421113,-1.1427927575072254,-0.014063445452034369,566
1.5773895244544507,-0.8780853451911931,-0.027174094346174894,0.3833048487788537,-0.7092318649319366,328
-0.983334041982336,0.8734146784614526,1.091001047958934,-1.5243171590787452,-0.3788426337656933,470
1.445536549488871,-0.8780853451911931,-1.309069584590038,-1.5243171590787452,-0.9634719052717595,138
1.3923327174852158,-1.228385349921722,1.404508097203357,0.0017804472073339017,-1.5247651344277937,516
-0.6109072179567508,-0.8780853451911931,1.4184417438364425,1.5278780534934129,-0.6122030572660139,509
-0.5854619069984811,0.1728146690003943,1.1502190461495472,1.1463536519218933,-0.4820125052079403,479
1.3576345661784843,-1.228385349921722,1.2651716308725023,-0.7612683559357056,-0.9843515221112619,504
-1.265545672610419,0.8734146784614526,-0.04459115263753173,-0.7612683559357056,-0.13320008271272432,308
1.297491103913483,-1.5786853546522512,0.7670437637396968,-1.5243171590787452,0.8813036531360376,460
0.9065585991909745,0.5231146737309235,1.5438445635342117,-0.7612683559357056,-1.0113722027270884,548
0.7631395737898176,-1.228385349921722,-0.588003371327865,-1.5243171590787452,-1.1366499037641027,228
1.1841438096448267,1.5740146879225108,-1.0826478268023991,1.1463536519218933,0.1898198719219299,200
1.5611970538446427,0.1728146690003943,1.4184417438364425,-1.5243171590787452,0.514068039311849,561
-0.7381337727480999,-1.228385349921722,-0.9433113604715444,0.0017804472073339017,-0.8369659914794805,162
0.2588597747986527,-1.228385349921722,1.0422332847431348,1.5278780534934129,1.362763053199857,497
1.0222191035467463,1.5740146879225108,1.5995791500665535,0.7648292503503734,0.791644122001704,593
-1.3812061769661907,0.8734146784614526,0.133062841934308,-0.37974395436418584,-0.833281353213686,321
-1.5570101435869639,-1.228385349921722,0.007660022236538779,1.5278780534934129,-0.872584161382161,288
-0.11588025931404779,0.5231146737309235,1.3975412738868143,1.5278780534934129,-1.1403345420298971,512
-1.6772970681169665,-0.8780853451911931,-1.4936904024784206,-1.1427927575072254,-0.060735530152098476,86
0.892679338668282,0.8734146784614526,-1.51807428408632,0.3833048487788537,0.8984986317097454,141
1.6444726169807984,0.5231146737309235,0.6625414139915557,-0.37974395436418584,-1.4768648369724648,423
-1.3673269164434982,0.8734146784614526,0.16789695851702166,1.1463536519218933,-0.13320008271272432,338
-0.2569860746280893,0.5231146737309235,1.2477545725811454,0.7648292503503734,1.2694188837997287,528
-0.02335185582943038,0.1728146690003943,1.7354322047391368,0.7648292503503734,0.5017859117592005,586
1.1101210868571327,0.5231146737309235,-1.479756755845335,1.5278780534934129,-0.9389076501664626,118
0.7353810527444323,-0.1774853357301348,0.42566942122910284,0.0017804472073339017,-1.0617289256929472,380
-0.6664242600475213,0.5231146737309235,0.3351007181140473,0.3833048487788537,1.1650207996022168,390
-0.71268846178983,-1.5786853546522512,0.7461432937900686,-1.5243171590787452,-1.6058271762752734,390
0.15013890070422725,-1.5786853546522512,-1.1105151200685701,0.3833048487788537,-0.5937798659370412,152
0.30281076645384597,1.2237146831919816,-0.7552071309248907,-1.1427927575072254,1.7214011777371916,258
1.4362837091404093,-0.1774853357301348,1.3905744505702715,0.3833048487788537,-0.8996048419979876,531
0.6035280777788525,-0.1774853357301348,0.7287262354987117,1.5278780534934129,-0.991720798642851,424
-0.8722999578007951,-0.8780853451911931,0.15744672354220757,1.1463536519218933,1.3492527128919436,357
-0.962515151198297,-0.1774853357301348,-0.3441645552488693,1.5278780534934129,-1.3270228808301536,244
-1.3280023449625358,-0.8780853451911931,1.5682284451421113,1.1463536519218933,-0.41814544193416836,524
-0.5993411675211737,1.2237146831919816,0.7078257655490836,-0.7612683559357056,-0.8148581618847133,415
1.0430379943307853,1.2237146831919816,-0.5671029013782368,1.1463536519218933,1.6415673486449767,294
1.4547893898373327,0.1728146690003943,-1.3299700545396662,0.3833048487788537,0.04120612853488365,158
1.54731779332195,-1.5786853546522512,1.244271160922874,0.3833048487788537,-0.6146594827765436,508
0.13857285026865007,0.5231146737309235,-1.1418658249930125,0.3833048487788537,-0.12460259342587042,167
0.38145990941577074,0.5231146737309235,1.129318576199919,-0.7612683559357056,-1.1403345420298971,479
0.3930259598513479,1.5740146879225108,-0.13167644409431592,-1.5243171590787452,1.3345141598287653,345
0.871860447884243,1.5740146879225108,-0.9885957120290723,-0.37974395436418584,0.617237910754096,216
-1.4575421098410002,-0.5277853404606639,0.3490343647471328,0.3833048487788537,1.2215185863443996,376
-1.6333460764617733,0.8734146784614526,-1.650443927100632,-1.1427927575072254,-1.3454460721591264,53
-0.18296335184039542,0.1728146690003943,-0.5671029013782368,0.7648292503503734,-0.618344121042338,235
-0.21303508297289606,-0.5277853404606639,0.41173577459601735,0.7648292503503734,1.0876433960205316,399
-1.3673269164434982,-0.5277853404606639,0.5893897691678571,-0.37974395436418584,0.03997791577961881,392
0.11775395948461116,-1.228385349921722,-1.6992116903164312,-0.37974395436418584,0.24263302039831824,83
0.945883170671937,-1.228385349921722,-1.6713443970502602,-1.5243171590787452,-1.1231395634561894,75
-1.5824554545452336,-0.5277853404606639,-0.1943778539432005,-1.1427927575072254,-0.16636182710487515,274
0.28199187566980705,-0.1774853357301348,-1.2707520563490529,1.5278780534934129,1.7791271772346393,178
1.0939286162473247,0.8734146784614526,-1.424022169312993,1.1463536519218933,1.7631604114161963,172
-1.297930613830035,0.1728146690003943,-0.01672385937136079,1.1463536519218933,0.9402578653887502,325
-0.00021975495827602945,-0.5277853404606639,0.5650058875599575,1.5278780534934129,-0.6146594827765436,397
1.1309399776411717,0.5231146737309235,1.212920455998432,0.7648292503503734,-1.0187414792586775,503
1.126313557466941,0.8734146784614526,-1.1836667648922687,1.5278780534934129,-1.2557865410247926,158
1.621340516109644,-1.228385349921722,1.08055081298412,-1.1427927575072254,0.33843361530897614,502
1.531125322712142,0.5231146737309235,1.3348398640379298,0.3833048487788537,1.3357423725840303,564
-1.658791387420043,-1.228385349921722,-0.5218185498207091,-0.7612683559357056,1.1699336506232763,244
1.1401928179896335,-1.228385349921722,-1.2568184097159676,0.3833048487788537,0.9746478225361659,171
1.3067439442619448,0.8734146784614526,-0.18044420731011504,-0.7612683559357056,-1.1120856486588058,306
0.9320039101492443,-1.228385349921722,0.9098636417288228,1.1463536519218933,1.61454666802915,490
1.5611970538446427,1.2237146831919816,0.039010727160981085,-0.37974395436418584,-0.769414289939914,348
1.4640422301857945,-1.5786853546522512,-1.5041406374532347,0.3833048487788537,-0.5495642067475068,113
1.2003362802546347,1.2237146831919816,-1.0164630052952432,1.5278780534934129,-0.9720693945586134,189
-0.250046444366743,-1.5786853546522512,-0.9711786537377154,-1.1427927575072254,1.6919240716108352,204
-0.6779903104830985,1.5740146879225108,1.4776597420270556,-1.1427927575072254,0.7474284628121696,552
0.47861473307461905,1.5740146879225108,1.4358588021277994,0.7648292503503734,1.2202903735891348,569
0.6289733887371223,-1.228385349921722,-1.5494249890107623,-1.1427927575072254,-0.8836380761795446,92
1.3645741964398306,0.1728146690003943,-1.3682875827806513,-1.1427927575072254,0.46985238012231456,158
-0.06498963739750821,0.1728146690003943,-0.7343066609752624,-0.37974395436418584,-1.2791225833748248,202
0.046044446784032675,-1.5786853546522512,0.15744672354220757,1.5278780534934129,1.1785311399101301,362
0.47167510281327274,0.5231146737309235,-0.2779797337417133,1.1463536519218933,-1.6782917288358994,270
-0.9393830503271426,0.8734146784614526,-0.1003257391698736,-1.1427927575072254,0.925519312325572,321
0.4809279431617345,-1.228385349921722,-0.3441645552488693,1.1463536519218933,-0.9131151823059009,263
1.5450045832348347,0.8734146784614526,1.244271160922874,-0.37974395436418584,0.6282918255514796,542
-0.2222879233213578,1.2237146831919816,-1.5529084006690337,-1.1427927575072254,1.313634542989263,130
-0.9046848990204112,0.1728146690003943,-1.612126398859647,0.7648292503503734,1.4941818180131952,110
0.6197205483886605,-0.1774853357301348,1.0596503430344917,0.3833048487788537,-0.0030095306546507644,487
0.8834264983198202,1.2237146831919816,-1.3682875827806513,0.0017804472073339017,-1.616881091072657,124
1.4062119780079085,1.2237146831919816,1.6901478531816092,-1.5243171590787452,-0.8136299491294484,582
-0.2037822426244343,-1.5786853546522512,0.20273107509973534,-1.1427927575072254,-0.7202857797293203,334
-1.5593233536740794,-0.8780853451911931,0.45702012615354515,1.1463536519218933,-0.9622436925164947,353
-0.15289162070789475,1.2237146831919816,0.2689158966068913,-1.5243171590787452,-1.4412466670697843,348
1.3321892552202146,-1.228385349921722,0.7461432937900686,-0.7612683559357056,0.3998442530722184,452
1.0129662631982845,-0.5277853404606639,-0.9433113604715444,-1.1427927575072254,-0.698177950134553,191
-0.5183788144721335,-0.5277853404606639,-1.0617473568527709,0.0017804472073339017,0.7498848883226992,178
-0.07424247774596995,-1.228385349921722,-1.4658231092122496,-0.37974395436418584,1.1539668848048332,128
0.24266730418884466,-0.8780853451911931,1.1815697510739895,0.7648292503503734,0.7769055689385258,509
-1.6726706479427356,-0.8780853451911931,-1.2533349980576962,0.0017804472073339017,1.4204890526973046,145
-0.05573679704904647,-1.5786853546522512,0.2689158966068913,1.1463536519218933,-0.2609342092602682,353
-0.60628079778252,0.1728146690003943,1.3940578622285429,-0.37974395436418584,1.2313442883865184,541
0.4508562120292338,0.8734146784614526,0.4152191862542887,0.3833048487788537,1.5420821154685243,424
0.9366303303234752,-0.8780853451911931,1.2477545725811454,-0.37974395436418584,-1.586175772191036,488
1.0661700952019395,-0.1774853357301348,0.38038506967157504,-1.1427927575072254,-0.38866833580781207,389
0.38145990941577074,-1.5786853546522512,1.1014512829337482,-1.5243171590787452,1.408206925144656,505
-0.7011224113542529,1.5740146879225108,0.49185424273625883,-1.5243171590787452,0.4931884224723466,406
-0.07424247774596995,0.5231146737309235,0.8018778803224105,1.1463536519218933,-1.4387902415592546,422
-0.02797827600366125,1.5740146879225108,-0.5427190197703372,-0.37974395436418584,1.322232032276117,280
0.37220706906730905,-1.5786853546522512,1.5159772702680407,0.0017804472073339017,-1.6451299844437486,515
0.3351957076734621,1.2237146831919816,-1.1697331182591832,1.1463536519218933,1.2632778200234045,192
1.1864570197319422,0.8734146784614526,0.19924766344146397,0.7648292503503734,-1.1157702869246002,359
-0.8653603275394488,0.5231146737309235,-1.4309889926295358,1.1463536519218933,-0.38252727203148784,109
0.27505224540846074,1.5740146879225108,0.31071683650614773,1.1463536519218933,-1.3393050083828022,364
-1.1753304792129171,0.5231146737309235,1.272138454189045,0.3833048487788537,1.1908132674627785,518
-0.12744630974962495,-0.1774853357301348,-0.26752949876689924,-1.1427927575072254,-0.25970599650500337,282
-0.7265677223125226,-0.1774853357301348,0.1957642517831926,0.3833048487788537,0.3765082107221863,352
-1.744380160643314,-0.1774853357301348,0.4152191862542887,-1.5243171590787452,-0.6085184190002193,354
0.13857285026865007,-1.5786853546522512,-1.1174819433851129,-1.5243171590787452,1.052025226117851,177
0.07842938800364876,0.8734146784614526,0.6660248256498271,-0.7612683559357056,1.6894676461003055,457
1.1610117087736724,-1.5786853546522512,0.6033234158009425,-0.7612683559357056,0.8813036531360376,435
1.1818305995577114,-0.5277853404606639,0.32465048313923317,0.0017804472073339017,-0.5827259511396576,378
0.2611729848857681,1.2237146831919816,0.08777849037678022,-1.5243171590787452,-0.6601033547213428,340
0.6127809181273143,1.2237146831919816,-0.6123872529357646,0.3833048487788537,-0.36656050621304487,249
0.8764868680584739,-0.1774853357301348,-1.5947093405682902,0.7648292503503734,-0.8934637782216633,95
0.5827091869948137,-0.5277853404606639,-0.7064393677090914,-0.7612683559357056,1.3762733935077702,253
-0.9023716889332957,-0.8780853451911931,0.3629680113802182,-0.37974395436418584,0.3212386367352683,369
0.7515735233542403,-0.8780853451911931,-1.556391812327305,-0.7612683559357056,-1.3822924548170716,87
-1.429783588795615,-0.1774853357301348,1.4393422137860707,-1.5243171590787452,0.09770391527706652,516
-1.249353202000611,1.5740146879225108,0.44308647952045965,1.1463536519218933,0.12226817038236343,387
1.1540720785123262,-1.5786853546522512,-1.7026951019747025,-1.1427927575072254,-0.46236110112370277,82
-1.3580740760950365,-0.1774853357301348,0.28981636655651954,-1.5243171590787452,0.6086404214672421,361
0.2056559427949977,0.1728146690003943,-0.7656573658997047,1.1463536519218933,0.19350451018772444,225
1.2535401122582899,0.5231146737309235,-1.0791644151441278,0.7648292503503734,0.8186648026175305,206
-1.621780026026196,1.2237146831919816,0.8576124668547523,0.7648292503503734,-1.301230412969592,416
1.1031814565957865,-0.8780853451911931,0.09822872535159433,-0.37974395436418584,1.2043236077706918,371
0.14551248052999638,-1.228385349921722,-1.347387112831023,1.5278780534934129,-1.7618101961939088,101
0.07148975774230246,-0.8780853451911931,-1.6713443970502602,0.3833048487788537,-0.7423936093240875,72
-0.17371051149193367,1.2237146831919816,0.32465048313923317,-1.1427927575072254,-0.714144715952996,368
1.6676047178519526,0.5231146737309235,-1.3926714643885507,-1.5243171590787452,-1.0838367552877144,135
-1.5246252023673477,1.2237146831919816,-0.9189274788636449,-1.5243171590787452,0.8960422061992157,198
0.8302226663161651,-1.228385349921722,0.6277072974088421,1.5278780534934129,0.6995281653568406,434
-0.5854619069984811,-0.1774853357301348,0.8715461134878378,-0.37974395436418584,1.0692202046915589,462
-0.8769263779750259,-0.5277853404606639,1.4881099770018698,0.0017804472073339017,0.2414048076430534,531
-0.8306621762327172,-1.228385349921722,-1.2672686446907817,-0.7612683559357056,1.3283730960524411,150
0.13625964018153464,1.2237146831919816,1.623963031674453,-0.37974395436418584,1.409435137899921,593
-0.5692694363886731,1.2237146831919816,-0.9781454770542581,1.1463536519218933,-1.3429896466485967,166
-0.6664242600475213,0.1728146690003943,-1.3682875827806513,-0.37974395436418584,0.25368693519570185,128
-0.12744630974962495,0.1728146690003943,-1.4484060509208927,1.5278780534934129,1.020091694480965,137
0.015972715651532018,0.8734146784614526,0.47792059610317333,1.5278780534934129,-1.7372459410886119,374
1.6120876757611822,0.1728146690003943,-1.0408468869031426,0.3833048487788537,1.2411699904286373,221
0.6544186996953921,-1.5786853546522512,0.6695082373080985,-1.1427927575072254,-0.5188588878658856,415
0.5387581953396203,-0.5277853404606639,1.1467356344912758,0.7648292503503734,0.7879594837359094,510
-0.20146903253731888,0.5231146737309235,1.6378966783075386,1.5278780534934129,1.4315429674946882,587
-0.11588025931404779,-1.228385349921722,0.787944233689325,0.3833048487788537,1.6427955614002414,460
1.6606650875906064,1.2237146831919816,-1.5111074607697772,-0.7612683559357056,-1.641445346177954,113
-1.5755158242838874,0.8734146784614526,0.8018778803224105,0.7648292503503734,0.39615961480642387,434
0.9366303303234752,0.8734146784614526,0.22014813339109218,0.0017804472073339017,1.2215185863443996,397
0.797837725096549,0.5231146737309235,-1.5947093405682902,-1.5243171590787452,-0.310062719470862,107
0.781645254486741,-0.5277853404606639,0.12957943027603663,-0.7612683559357056,-0.21057748629440956,350
-0.7103752517027146,-1.228385349921722,0.29329977821479086,0.0017804472073339017,-1.2091144563247285,334
-1.765199051427353,-0.8780853451911931,0.617257062434028,0.7648292503503734,0.04611897955594303,390
-1.6495385470715813,0.1728146690003943,-0.7168896026839056,-0.7612683559357056,-0.7411653965688226,193
-0.18296335184039542,-0.1774853357301348,0.8053612919806818,0.3833048487788537,-1.164898797135194,421
-0.10894062905270148,0.8734146784614526,1.1920199860488037,0.0017804472073339017,-1.2398197752063496,483
1.6329065665452211,0.1728146690003943,0.014626845553081514,-1.5243171590787452,0.8186648026175305,365
-0.7288809323996381,0.1728146690003943,-1.0547805335362281,0.3833048487788537,-1.381064242061807,146
0.27042582523422987,-1.5786853546522512,0.02856049218616698,1.1463536519218933,0.3875621255195699,333
-0.6386657390021361,-0.5277853404606639,-0.16651056067702957,-1.5243171590787452,-1.6991713456754016,265
-1.6888631185525436,-0.1774853357301348,-1.2533349980576962,-1.1427927575072254,-1.4080849226776335,102
1.4062119780079085,-0.8780853451911931,0.5197215360024298,-0.37974395436418584,-0.587638802160717,406
-1.5477573032385021,1.2237146831919816,-0.6890223094177347,-1.1427927575072254,-1.1870066267299613,196
0.7677659939640484,-1.5786853546522512,-1.309069584590038,1.5278780534934129,-0.6404519506371054,131
-1.4112779080986915,0.1728146690003943,-1.0129795936369719,1.1463536519218933,-0.01160701994150468,165
-1.1892097397356096,0.1728146690003943,-1.660894162075446,1.1463536519218933,-1.5984578997436845,50
-0.20840866279866518,1.5740146879225108,-0.7621739542414334,-0.37974395436418584,1.4511943715789257,249
-0.7543262433579079,-0.1774853357301348,0.3873518929881178,0.0017804472073339017,1.0385148858099378,390
-1.4945534712348472,-0.1774853357301348,-0.9572450071046299,-0.37974395436418584,-0.3997222506051957,164
0.015972715651532018,1.5740146879225108,-0.15954373736048685,1.5278780534934129,1.5961234767001773,341
1.3090571543490603,-0.1774853357301348,1.0457166964014062,-1.1427927575072254,-1.663553175772721,467
-1.1475719581675319,0.1728146690003943,0.07732825540196613,1.1463536519218933,-1.43510560329346,302
0.7261282123959706,0.8734146784614526,-0.14909350238567273,-1.1427927575072254,1.1294026296995363,339
-1.2215946809552258,-1.228385349921722,1.728465381422594,-1.5243171590787452,-1.1317370527430433,535
-0.8676735376265642,0.1728146690003943,0.7844608220310536,-0.7612683559357056,1.0569380771389105,447
0.5225657247298123,-1.5786853546522512,-1.4484060509208927,1.5278780534934129,0.23649195662199402,122
-0.0025329650453914648,-0.5277853404606639,0.16441354685875031,-0.7612683559357056,-1.069098202224536,331
-0.839915016581179,1.5740146879225108,-1.3543539361475658,1.5278780534934129,0.26228442448255573,136
-0.32406916715443695,-0.8780853451911931,-1.0930980617772132,0.7648292503503734,1.0950126725521205,180
0.006719875303070276,1.2237146831919816,-0.2187617355511001,-1.5243171590787452,0.2229816163140807,307
1.3021175240877139,-0.8780853451911931,-1.2986193496152239,0.0017804472073339017,1.21906216083387,173
0.35832780854461643,0.1728146690003943,-1.127932178359927,1.5278780534934129,1.3639912659551217,194
1.0800493557246322,-1.5786853546522512,-1.5633586356438478,-0.7612683559357056,-0.7866092685136219,96
1.1309399776411717,0.1728146690003943,-0.21179491223455735,1.5278780534934129,-0.9303101608796087,299
0.2056559427949977,-0.5277853404606639,-0.5078849031876236,0.0017804472073339017,-1.4928316027909077,231
-0.43047683116174695,0.8734146784614526,-0.2292119705259142,1.5278780534934129,-0.6122030572660139,285
-1.5940215049808109,1.2237146831919816,-0.4312498467056535,0.3833048487788537,0.49687306073814114,261
-0.7612658736192541,-0.5277853404606639,-1.2881691146404097,1.5278780534934129,-0.10986404036269228,129
-1.5292516225415786,1.5740146879225108,0.4152191862542887,0.7648292503503734,-0.5139460368448263,369
1.5773895244544507,1.5740146879225108,0.5824229458513144,0.7648292503503734,0.02032651169538129,442
-0.00021975495827602945,0.1728146690003943,0.8297451735885815,1.1463536519218933,0.6319764638172741,459
-0.060363217223277345,-1.5786853546522512,-0.9084772438888308,0.7648292503503734,-1.119454925190395,170
0.09693506870057224,-0.5277853404606639,1.167636104440904,1.5278780534934129,-0.7743271409609734,482
1.3090571543490603,0.5231146737309235,-1.2533349980576962,1.5278780534934129,0.28439225407732294,173
-1.5408176729771559,-1.5786853546522512,-0.48001760992145265,0.3833048487788537,-1.4473877308461085,207
0.07842938800364876,0.8734146784614526,1.3905744505702715,0.7648292503503734,-0.5176306751106208,525
1.3761402468754078,1.5740146879225108,-0.5984536063026791,-1.1427927575072254,0.5803915280961506,278
0.2195352033176903,0.1728146690003943,1.7214985581060513,1.5278780534934129,-0.254793145483944,575
-0.7612658736192541,-0.1774853357301348,0.5545556525851434,-1.5243171590787452,-0.3788426337656933,390
-0.733507352573869,1.5740146879225108,1.2059536326818892,-1.5243171590787452,-1.0531314364060933,483
1.313683574523291,1.2237146831919816,-0.5322687847955231,-0.7612683559357056,0.19104808467719475,279
-1.191522949822725,-1.228385349921722,-0.7552071309248907,0.3833048487788537,-1.6402171334226892,171
-1.3835193870533062,-0.1774853357301348,-1.2986193496152239,0.0017804472073339017,1.0569380771389105,140
0.5086864642071197,0.1728146690003943,1.1432522228330044,-1.1427927575072254,0.27947940305626356,504
1.3761402468754078,0.5231146737309235,-0.4242830233891107,1.5278780534934129,-0.0054659561651804545,288
0.5919620273432754,-0.1774853357301348,-1.3787378177554654,-0.37974395436418584,-1.5272215599383234,112
-0.5137523942979026,1.2237146831919816,-1.1209653550433842,-0.37974395436418584,1.1060665873495044,185
-0.011785805393853205,-1.5786853546522512,1.6169962083579104,0.0017804472073339017,-1.6439017716884836,524
0.8464151369259733,0.5231146737309235,0.7844608220310536,1.1463536519218933,-0.01160701994150468,455
-1.5801422444581181,1.5740146879225108,-0.5183351381624377,-0.37974395436418584,0.5312630178855569,251
-1.4598553199281157,0.5231146737309235,0.5963565924843999,0.0017804472073339017,-1.55424224055415,372
0.07611617791653333,-0.5277853404606639,1.4776597420270556,-0.37974395436418584,0.3863339127643051,544
0.31437681688942315,1.2237146831919816,0.7147925888656264,0.3833048487788537,-0.674841907784521,431
-1.4482892694925384,-0.1774853357301348,1.5159772702680407,-0.7612683559357056,-1.5100265813646156,501
-1.3418816054852283,-0.5277853404606639,-1.176699941575726,1.1463536519218933,0.021554724450646136,139
1.5288121126250265,0.5231146737309235,0.3351007181140473,0.3833048487788537,-0.4377968460184059,392
1.3645741964398306,-0.5277853404606639,1.348773510671015,0.0017804472073339017,1.4978664562789898,561
0.04835765687114811,-0.8780853451911931,1.4741763303687843,-1.1427927575072254,1.258364969002345,556
0.5086864642071197,1.2237146831919816,-0.7517237192666193,0.7648292503503734,1.5248871368948165,259
-1.6079007655035034,0.8734146784614526,0.22363154504936356,-1.1427927575072254,1.4315429674946882,367
-0.5044995539494409,-1.5786853546522512,0.021593668869624248,-1.5243171590787452,0.6909306760699866,326
-1.6449121268973503,0.5231146737309235,0.815811526955496,0.7648292503503734,1.2780163730865826,448
1.642159406893683,1.2237146831919816,-1.3543539361475658,0.0017804472073339017,-1.0433057343639744,145
-1.2933041936558043,0.8734146784614526,0.23408178002417765,-1.5243171590787452,-0.35550659141566127,344
-1.4760477905379237,0.8734146784614526,-1.4205387576547217,-0.37974395436418584,-1.1624423716246644,91
-1.6680442277685048,0.1728146690003943,0.13654625359257935,-0.37974395436418584,0.894813993443951,342
-1.5107459418446552,-0.5277853404606639,-1.451889462579164,0.7648292503503734,-1.51371121963041,73
-0.007159385219622335,0.8734146784614526,-1.6574107504171747,1.5278780534934129,1.5789284981264695,121
1.0245323136338618,-0.8780853451911931,-0.19786126560147188,-1.1427927575072254,0.9439425036545447,323
0.1940898923594205,1.2237146831919816,-1.1592828832843691,-1.5243171590787452,0.05962931986385633,172
-1.5477573032385021,-1.228385349921722,0.854129055196481,-1.1427927575072254,-1.0297953940560611,407
1.4663554402729098,-1.228385349921722,-1.2463681747411535,0.7648292503503734,-0.36533229345778,155
0.31437681688942315,0.5231146737309235,-0.5287853731372517,0.3833048487788537,-1.7114534732280502,231
-0.9347566301529118,1.5740146879225108,-0.29888020369134155,-0.37974395436418584,-0.3014652301840081,277
0.31437681688942315,-0.5277853404606639,-0.3964157301229398,-1.5243171590787452,-1.4793212624829943,248
-1.1175002270350312,1.5740146879225108,1.3870910389120001,-1.5243171590787452,-1.6045989635200086,495
1.052290834679247,0.8734146784614526,0.24104860334072037,0.0017804472073339017,-1.3294793063406833,360
1.052290834679247,1.2237146831919816,-1.3334534661979376,-1.5243171590787452,0.03997791577961881,158
-0.22460113340847324,0.5231146737309235,0.4535367144952738,0.7648292503503734,1.0016685031519925,410
-1.552383723412733,-0.1774853357301348,-0.7830744241910615,-1.5243171590787452,-1.0248825430350017,177
-0.21303508297289606,0.8734146784614526,-0.9920791236873436,-1.5243171590787452,0.530034805130292,196
-1.6264064462004268,-0.5277853404606639,-1.4309889926295358,-1.1427927575072254,0.17016846783769238,101
-0.3009370662832826,-1.228385349921722,-1.1662497066009119,-0.7612683559357056,1.2767881603313178,170
0.7191885821346243,0.1728146690003943,1.0213328147935066,-1.5243171590787452,1.7668450496819907,513
1.5334385327992575,1.2237146831919816,1.7354322047391368,1.5278780534934129,-0.9229408843480197,589
0.6127809181273143,-1.5786853546522512,-0.8457758340399462,1.1463536519218933,-0.7055472266661421,194
1.6791707682875299,1.5740146879225108,0.1435130769091221,0.0017804472073339017,0.28930510509838236,384
-0.3703333688967456,0.5231146737309235,1.2825886891638592,-1.1427927575072254,1.6870112205897758,538
-0.1899029821017417,1.5740146879225108,1.5960957384082821,0.0017804472073339017,1.669816242016068,591
-0.5322580749948261,1.2237146831919816,0.16789695851702166,0.3833048487788537,-0.6208005465528678,342
1.5380649529734882,1.5740146879225108,0.8332285852468528,-1.5243171590787452,-0.6478212271686944,466
0.17095779148826618,1.2237146831919816,-1.1697331182591832,-0.37974395436418584,0.36422608316953786,175
-0.2754917553250128,1.5740146879225108,-1.1697331182591832,1.5278780534934129,-1.7507562813965252,137
-1.228534311216572,-0.8780853451911931,0.683441883941184,-1.1427927575072254,1.7238576032477213,433
-0.5553901758659805,-0.1774853357301348,-1.3857046410720082,0.0017804472073339017,0.291761530608912,126
-0.9671415713725279,0.8734146784614526,-0.19786126560147188,-1.5243171590787452,0.1345502979350119,294
0.7076225316990471,0.8734146784614526,-0.5287853731372517,-0.37974395436418584,1.6722726675265978,293
-0.5044995539494409,-0.5277853404606639,-0.034140917662717624,-0.37974395436418584,-0.45007897357105436,306
0.781645254486741,-1.5786853546522512,0.7078257655490836,0.3833048487788537,-1.2484172644932037,411
0.7700792040511638,-1.5786853546522512,-1.2498515863994248,1.5278780534934129,-0.4427096970394653,143
0.06917654765518702,-0.5277853404606639,-0.13864326741085864,-0.7612683559357056,1.4278583292288936,329
-1.191522949822725,0.1728146690003943,1.1153849295668334,1.5278780534934129,0.6160096979988311,484
-1.658791387420043,0.8734146784614526,1.035266461426592,0.3833048487788537,0.8641086745623298,474
0.8811132882327047,0.1728146690003943,-0.7552071309248907,0.7648292503503734,-1.663553175772721,205
-1.2724853028717653,1.2237146831919816,1.5299109169011262,-1.1427927575072254,-1.5751218573936523,512
-1.2146550506938794,1.2237146831919816,0.34206754143059004,0.3833048487788537,0.7855030582253797,381
0.7307546325702015,-1.228385349921722,-1.0896146501189419,0.3833048487788537,0.5558272729908537,183
-0.9578887310240661,1.5740146879225108,0.7182760005238977,-1.1427927575072254,0.8616522490518,441
-1.519998782193117,-1.5786853546522512,1.1885365743905323,-1.1427927575072254,0.514068039311849,478
0.15476532087845812,-1.228385349921722,0.5336551826355153,-1.1427927575072254,1.3725887552419755,422
-1.6564781773329276,-0.1774853357301348,1.3418066873544725,-1.5243171590787452,0.6737356974962788,509
-0.9879604621565669,-0.5277853404606639,-1.5354913423776768,0.0017804472073339017,1.0802741194889425,109
0.6613583299567384,-0.5277853404606639,0.2689158966068913,1.1463536519218933,-0.38866833580781207,366
0.09230864852634138,1.2237146831919816,0.6137736507757566,-1.1427927575072254,0.688474250559457,435
1.195709860080404,0.8734146784614526,-0.4695673749466385,0.0017804472073339017,-0.8615302465847774,267
-1.749006580817545,0.1728146690003943,0.7740105870562396,1.1463536519218933,0.5423169326829405,427
-0.3217559570673215,-1.5786853546522512,-0.6332877228853928,0.0017804472073339017,-0.7608168006530601,212
1.1864570197319422,-1.228385349921722,1.317422805746573,-1.1427927575072254,-1.7212791752701688,497
-0.10431420887847061,0.1728146690003943,1.376640803937186,-0.7612683559357056,-1.6402171334226892,498
-1.0666096051184917,-1.228385349921722,0.48837083107798746,0.3833048487788537,-0.33339876182089406,372
-0.2893710158477054,1.5740146879225108,0.9934655215273357,0.0017804472073339017,0.27333833927993934,480
-1.637972496636004,-0.1774853357301348,-1.545941577352491,-0.37974395436418584,1.3517091384024733,106
-0.08812173826866257,-0.1774853357301348,-0.6541881928350209,-0.37974395436418584,-1.6942584946543422,204
-0.5507637556917496,0.1728146690003943,1.317422805746573,0.0017804472073339017,-0.11109225311795712,509
-0.6710506802217522,0.1728146690003943,1.4706929187105129,-1.1427927575072254,-1.6991713456754016,504
-1.7027423790752363,0.1728146690003943,-0.28494655705825606,1.5278780534934129,0.08173714945862354,268
-1.5870818747194646,-1.228385349921722,-1.0478137102196854,-1.1427927575072254,0.2745665520352042,154
1.100868246508671,1.5740146879225108,1.15718586946609,-1.1427927575072254,0.4023006785827481,524
1.494113961318295,-0.8780853451911931,1.185053162732261,1.5278780534934129,-0.5937798659370412,503
-0.9231905797173346,0.1728146690003943,-1.2568184097159676,-0.7612683559357056,0.9562246312071931,152
-0.22691434349558867,0.8734146784614526,0.24801542665726312,0.7648292503503734,0.4170392316459262,373
-0.5507637556917496,-1.5786853546522512,0.16441354685875031,-0.37974395436418584,-1.0285671813007964,319
-0.1505784106207793,-1.5786853546522512,-0.7795910125327902,0.3833048487788537,0.5361758689066162,214
1.3229364148717528,-1.228385349921722,-1.2951359379569525,-0.37974395436418584,0.2119277015166971,156
0.27505224540846074,0.1728146690003943,-0.0898755041950595,0.7648292503503734,-0.9253973098585493,305
0.6174073383015451,1.2237146831919816,-1.204567234841897,-1.5243171590787452,1.4745304139289577,194
0.6081544979530834,-0.5277853404606639,-0.16651056067702957,-0.7612683559357056,1.0385148858099378,326
0.35832780854461643,-0.8780853451911931,-1.0094961819787005,-0.7612683559357056,-0.2609342092602682,178
-0.03260469617789212,0.8734146784614526,-1.1592828832843691,-1.5243171590787452,1.1748465016443355,185
-0.9278169998915655,1.5740146879225108,-0.009757036054818057,0.3833048487788537,-1.4756366242171999,300
1.2350344315613664,1.2237146831919816,1.289555512480402,1.5278780534934129,-0.9978618624191752,520
0.09693506870057224,-0.1774853357301348,-1.2394013514246107,1.1463536519218933,-0.6146594827765436,141
-0.05805000713616191,1.2237146831919816,1.4706929187105129,0.7648292503503734,0.5582836985013834,555
0.6359130189984686,-1.228385349921722,-1.1906335882088115,1.1463536519218933,-0.4156890164236387,152
1.0453512044179007,-0.8780853451911931,-0.5357521964537945,0.3833048487788537,1.5482231792448484,285
-0.6456053692634824,0.5231146737309235,-1.4588562858957068,1.5278780534934129,-1.5652961553515337,88
-1.7027423790752363,0.5231146737309235,-0.8945435972557453,-0.7612683559357056,-0.8934637782216633,166
-0.11588025931404779,0.1728146690003943,-0.5427190197703372,1.5278780534934129,1.25713675624708,271
0.6914300610892391,0.1728146690003943,1.1188683412251048,-0.37974395436418584,-0.8345095659689508,485
1.232721221474251,-1.228385349921722,0.6137736507757566,0.7648292503503734,0.6110968469777718,435
1.1355663978154027,1.5740146879225108,-1.3926714643885507,1.5278780534934129,-0.9180280333269603,137
-1.5685761940225411,0.1728146690003943,-0.5427190197703372,-1.1427927575072254,0.8334033556807087,244
1.6976764489844534,-0.5277853404606639,-1.0129795936369719,-1.1427927575072254,-0.642908376147635,191
-1.4760477905379237,-0.8780853451911931,-1.1453492366512839,1.5278780534934129,-1.6119682400515978,114
0.11081432922326485,-1.228385349921722,0.16789695851702166,-0.7612683559357056,1.3111781174787334,368
-0.5253184447334798,-1.5786853546522512,-1.2846857029821384,1.5278780534934129,1.1637925868469519,147
-1.4320967988827304,-0.1774853357301348,-0.6576716044932923,0.0017804472073339017,-0.3690169317235746,208
1.0916154061602092,-1.228385349921722,0.815811526955496,0.3833048487788537,0.6024993576909178,462
-1.7096820093365825,-1.228385349921722,0.29678318987306224,-1.1427927575072254,0.5423169326829405,350
1.5126196420152185,0.5231146737309235,1.6483469132823527,1.1463536519218933,0.5263501668644974,596
-1.6125271856777343,0.8734146784614526,-0.1874110306266578,1.5278780534934129,-0.24128280517603068,282
-1.228534311216572,1.5740146879225108,-1.469306520870521,-1.1427927575072254,0.04120612853488365,111
-1.515372362018886,0.8734146784614526,0.9586314049446221,0.3833048487788537,-0.10003833832057352,450
0.9389435404105906,-0.5277853404606639,1.5055270352932266,0.3833048487788537,-1.4007156461460444,531
-1.5107459418446552,-1.5786853546522512,-0.10729256248641633,1.1463536519218933,-0.49920748378164814,276
-1.2401003616521493,0.5231146737309235,0.08429507871850886,0.0017804472073339017,0.2708819137694097,332
-1.5107459418446552,-1.5786853546522512,-0.31978067364096974,1.5278780534934129,0.1406913617113361,256
1.6884236086359916,-0.5277853404606639,0.4535367144952738,-1.5243171590787452,0.16402740406136815,414
-1.6888631185525436,0.8734146784614526,-0.7099227793673628,1.5278780534934129,0.06208574537438602,211
-0.3263823772415524,-1.228385349921722,0.24801542665726312,0.7648292503503734,1.0643073536704994,370
1.4547893898373327,0.1728146690003943,-1.2185008814749825,-0.37974395436418584,-0.8357377787242156,159
-0.03723111635212299,0.1728146690003943,0.8367119969051242,-0.7612683559357056,-1.7618101961939088,420
-0.39115225968078454,1.2237146831919816,0.23059836836590628,0.3833048487788537,-1.0371646705876503,346
-0.7843979744904085,-0.1774853357301348,1.5299109169011262,-1.5243171590787452,-0.08407157250213053,535
-0.34951447811270675,1.5740146879225108,1.0143659914769638,-0.7612683559357056,-0.7829246302478273,465
-0.16677088123058736,-0.5277853404606639,0.3490343647471328,-1.1427927575072254,0.6639099954541601,384
1.2535401122582899,-0.1774853357301348,0.8297451735885815,1.5278780534934129,1.3259166705419114,484
1.3414420955686763,1.5740146879225108,1.4079915088616284,-0.7612683559357056,-0.68221118431611,545
1.625966936283875,-0.1774853357301348,0.4187025979125601,-1.1427927575072254,0.14437599997713063,410
-1.0388510840731064,0.8734146784614526,0.8994134067540088,-0.37974395436418584,1.0643073536704994,466
0.2611729848857681,1.5740146879225108,-0.7238564260004483,-1.1427927575072254,-1.2729815195985004,216
1.4732950705342562,0.8734146784614526,0.5963565924843999,-1.5243171590787452,-1.7507562813965252,409
1.2697325828680979,-1.228385349921722,1.5124938586097694,0.3833048487788537,0.6811049740278678,566
1.6120876757611822,0.5231146737309235,1.1362853995164617,1.1463536519218933,-1.3933463696144552,493
-0.23616718384405042,0.8734146784614526,1.5542947985090259,-1.1427927575072254,-1.0801521170219197,535
-1.126753067383493,0.1728146690003943,0.30723342484787636,1.5278780534934129,-0.8910073527111337,344
-0.32406916715443695,-0.1774853357301348,0.8924465834374661,-0.7612683559357056,0.4907319969618169,459
-0.573895856562904,1.2237146831919816,-0.11425938580295907,1.1463536519218933,-0.18478501843384781,309
1.4108383981821393,-0.8780853451911931,-1.4031216993633648,1.1463536519218933,0.6184661235093608,150
0.18252384192384336,1.5740146879225108,-1.4309889926295358,-0.7612683559357056,-1.3036868384801217,113
1.6329065665452211,-0.5277853404606639,-0.9920791236873436,-0.7612683559357056,1.6206877318054742,230
-0.9578887310240661,1.2237146831919816,1.0492001080596776,0.3833048487788537,-1.236135136940555,453
0.13625964018153464,0.1728146690003943,-0.5322687847955231,-1.5243171590787452,1.5899824129238531,280
0.9181246496265517,0.8734146784614526,-0.8213919524320467,-0.37974395436418584,-0.5888670149159818,217
-0.011785805393853205,0.5231146737309235,-0.6472213695184782,-1.5243171590787452,1.6194595190502095,264
0.3120636068023077,-1.228385349921722,-0.38248208348985435,-0.7612683559357056,1.1859004164417193,289
-1.2054022103454176,-0.8780853451911931,-1.2533349980576962,1.5278780534934129,0.6319764638172741,138
-0.5114391842107872,-1.5786853546522512,0.369934834696761,0.0017804472073339017,1.1539668848048332,384
0.6937432711763545,1.2237146831919816,-0.7447568959500765,0.0017804472073339017,0.4649395291012552,245
-1.2377871515650338,0.5231146737309235,0.7287262354987117,-0.37974395436418584,-1.4080849226776335,397
-0.49987313377521003,-1.5786853546522512,0.23756519168244902,-0.7612683559357056,-0.8431070552558048,333
0.36064101863173187,-0.8780853451911931,1.4254085671529853,0.0017804472073339017,0.6430303786146577,543
1.1170607171184792,-0.5277853404606639,-1.0687141801693136,-0.37974395436418584,-0.7792399919820328,173
-1.7536330009917758,-0.5277853404606639,-0.7726241892162474,1.1463536519218933,0.8714779510939189,206
1.346068515742907,-0.1774853357301348,1.1084181062502907,-0.37974395436418584,-0.7030908011556124,492
-0.6849299407444448,-0.8780853451911931,-0.5845199596695937,1.1463536519218933,-0.9180280333269603,216
-1.5940215049808109,-0.8780853451911931,0.07732825540196613,0.3833048487788537,1.7729861134583151,342
-1.7582594211660068,-1.5786853546522512,0.42566942122910284,0.0017804472073339017,-0.6220287593081326,347
-0.27317854523789736,0.5231146737309235,-1.4344724042878072,-0.37974395436418584,1.076589481223148,139
-1.4945534712348472,1.5740146879225108,1.024816226451778,-0.37974395436418584,1.203095395015427,484
0.27042582523422987,-1.5786853546522512,-0.5253019614789805,-0.37974395436418584,0.7498848883226992,259
-0.6016543776082891,-1.228385349921722,0.6416409440419276,1.5278780534934129,-1.4093131354328983,383
0.4230976909838486,-0.5277853404606639,0.23059836836590628,-0.37974395436418584,0.15911455304030878,366
-0.4397296715102087,-0.5277853404606639,0.06687802042715202,1.5278780534934129,-1.5849475594357711,304
1.621340516109644,-0.1774853357301348,-0.8771265389643885,0.3833048487788537,0.9230628868150423,237
-1.318749504614074,-1.228385349921722,-1.2394013514246107,0.7648292503503734,1.6599905399739494,153
0.19177668227230507,-0.5277853404606639,1.6831810298650665,-0.7612683559357056,0.9562246312071931,585
-0.11356704922693235,-1.5786853546522512,-1.0373634752448713,1.1463536519218933,-0.3026934429392729,164
1.5079932218409877,-1.228385349921722,-0.46608396328836715,-0.7612683559357056,1.1969543312391029,293
0.6613583299567384,-1.5786853546522512,-0.7377900726335338,-1.5243171590787452,1.6870112205897758,249
1.6074612555869514,1.5740146879225108,-1.6434771037840892,0.0017804472073339017,-0.3174319960024511,117
-1.3673269164434982,1.5740146879225108,0.11912919530122253,-1.1427927575072254,-0.3395398255972183,331
1.2951778938263676,-0.5277853404606639,-1.0791644151441278,0.3833048487788537,0.7535695265884937,199
-1.0134057731148367,-0.5277853404606639,-1.2777188796655956,1.5278780534934129,-0.41200437815784413,122
1.5496310034090655,0.5231146737309235,-0.8492592456982175,-1.5243171590787452,-0.3763862082551636,223
0.8741736579713585,1.5740146879225108,0.8506456435382096,-0.37974395436418584,0.6503996551462468,481
0.1663313713140353,1.2237146831919816,-0.4068659650977539,-1.5243171590787452,-1.4707237731961404,254
-0.09274815844289343,1.2237146831919816,-1.528524519061134,-1.5243171590787452,-0.021432721983623438,114
-1.2470399919134956,-0.1774853357301348,-1.4588562858957068,1.1463536519218933,0.7719927179174664,114
-0.536884495169057,1.5740146879225108,-0.034140917662717624,-1.1427927575072254,-0.8836380761795446,311
-1.5061195216704242,-1.5786853546522512,0.24453201499899174,-1.5243171590787452,1.0888716087757964,352
-1.4436628493183075,-1.5786853546522512,-1.6399936921258178,1.1463536519218933,-1.1698116481562535,46
-0.47442782281694024,0.1728146690003943,0.9899821098690643,-0.37974395436418584,-0.02634557300468282,464
-1.765199051427353,-1.228385349921722,-1.413571934338179,-0.7612683559357056,-1.1084010103930113,77
-1.5593233536740794,0.8734146784614526,-1.1662497066009119,-0.37974395436418584,-0.6011491424686303,136
-0.2546728645409739,1.2237146831919816,0.26194907329034856,0.0017804472073339017,-1.6193375165831867,343
-1.0272850336375292,-0.5277853404606639,0.4500533028370024,-1.5243171590787452,-0.12583080618113526,374
-1.445976059405423,-0.1774853357301348,-0.4626005516300958,-1.5243171590787452,-0.7276550562609093,230
0.18715026209807423,0.8734146784614526,1.1362853995164617,-0.7612683559357056,-0.3616476551919855,493
-1.1683908489515709,-0.8780853451911931,0.5475888292686006,0.3833048487788537,0.7154949311752835,398
0.319003237063654,-0.1774853357301348,-0.1630271490187582,-1.5243171590787452,-1.1415627547851621,289
-0.17139730140481824,-0.8780853451911931,-1.4658231092122496,-1.1427927575072254,-1.744615217620201,82
-1.744380160643314,1.5740146879225108,0.11564578364295117,0.7648292503503734,1.504007520055314,356
-1.1637644287773399,-0.8780853451911931,-1.2080506465001684,-1.5243171590787452,0.7388309735253156,146
-1.3696401265306135,-0.8780853451911931,-1.0373634752448713,0.7648292503503734,-1.1563013078483402,138
0.3097503967151923,0.5231146737309235,-0.3580982018819548,-0.37974395436418584,-0.23268531588917676,280
-1.7374405303819678,0.5231146737309235,-0.3894489068063971,0.3833048487788537,0.13332208517974703,255
0.9898341623271302,0.5231146737309235,0.3176836598226905,1.1463536519218933,-1.7618101961939088,361
-1.0249718235504137,1.5740146879225108,0.15744672354220757,1.5278780534934129,-0.5569334832790959,338
1.3391288854815608,0.8734146784614526,0.7078257655490836,0.3833048487788537,0.19350451018772444,455
-1.0064661428534902,-0.1774853357301348,-0.6855388977594633,1.5278780534934129,0.47844986940916845,224
0.04835765687114811,-0.1774853357301348,-1.6748278087085315,-0.37974395436418584,0.695843527091046,99
0.029851976174224627,-0.5277853404606639,-0.7621739542414334,0.3833048487788537,-0.24128280517603068,212
0.33982212784769295,0.5231146737309235,-0.3580982018819548,1.1463536519218933,0.36054144490374335,290
1.5704498941931044,1.5740146879225108,-1.3822212294137368,1.5278780534934129,1.0569380771389105,177
0.8209698259677034,-0.5277853404606639,1.6587971482571668,-0.7612683559357056,-0.44393790979473013,566
-1.0319114538117602,-1.228385349921722,0.13654625359257935,-1.1427927575072254,1.0593945026494402,344
-1.2215946809552258,-0.5277853404606639,-1.1697331182591832,0.3833048487788537,-0.10863582760742743,140
-0.9949000924179131,0.8734146784614526,-0.2953967920330702,-0.37974395436418584,-1.317197178788035,256
-0.8977452687590648,1.2237146831919816,1.2198872793149746,-1.5243171590787452,-0.30883450671559715,493
1.6629782976777219,-0.8780853451911931,-1.1871501765505401,1.1463536519218933,-1.1968323287720801,155
0.9181246496265517,0.5231146737309235,1.3905744505702715,1.5278780534934129,-0.19706714598649627,540
-0.4073447302905926,1.2237146831919816,-0.7761076008745188,1.5278780534934129,-1.3773796037960122,196
-0.5808354868242502,-0.5277853404606639,-0.23617879384245694,-1.1427927575072254,0.47844986940916845,291
1.2859250534779059,1.5740146879225108,1.2198872793149746,1.5278780534934129,-0.3235730597787753,524
1.3414420955686763,-0.8780853451911931,0.446569891178731,0.7648292503503734,-1.2435044134721442,385
0.356014598457501,-0.1774853357301348,-0.062008210928888564,0.0017804472073339017,-0.07301765770474693,322
1.408525188095024,-1.5786853546522512,1.404508097203357,0.7648292503503734,0.3973878275616887,546
0.2519201445373064,-0.8780853451911931,0.19924766344146397,1.5278780534934129,-0.2793574005892409,351
1.1309399776411717,0.8734146784614526,0.49185424273625883,1.1463536519218933,0.09033463874547745,420
-1.142945537993301,0.8734146784614526,0.12609601861776526,0.3833048487788537,0.7535695265884937,349
0.07842938800364876,-0.5277853404606639,0.04597755047752382,-0.37974395436418584,0.4845909331854927,340
1.2743590030423286,-1.228385349921722,-1.6574107504171747,-1.5243171590787452,-0.16022076332855092,97
-0.090434948355778,0.8734146784614526,1.0039157565021497,0.3833048487788537,-0.7153729287082609,464
0.9828945320657839,0.8734146784614526,0.5650058875599575,-0.7612683559357056,1.361534840444592,449
-1.7559462110788913,1.5740146879225108,1.1014512829337482,0.3833048487788537,0.4440599122617528,480
0.20102952262076682,-0.5277853404606639,-0.4382166700221962,0.3833048487788537,-0.5729002490975388,256
1.477921490708487,-0.8780853451911931,-1.291652526298681,-0.37974395436418584,-0.23022889037864708,153
-1.5870818747194646,-1.228385349921722,-0.8771265389643885,-1.1427927575072254,1.4475097333131313,198
1.5496310034090655,1.2237146831919816,0.1957642517831926,1.5278780534934129,-0.1540796995522267,381
-0.4397296715102087,-1.5786853546522512,-1.1174819433851129,-1.1427927575072254,0.7412873990358453,165
-1.462168530015231,0.5231146737309235,0.11216237198467979,-0.7612683559357056,-0.5299128026632692,319
-0.3772729991580919,-0.1774853357301348,0.5023044777110729,-1.5243171590787452,0.4170392316459262,401
0.6983696913505854,0.8734146784614526,1.4741763303687843,0.7648292503503734,-0.7902939067794164,541
-1.5616365637611946,-0.5277853404606639,0.5824229458513144,-1.5243171590787452,0.5447733581934701,397
-0.8376018064940636,0.5231146737309235,1.6483469132823527,1.5278780534934129,-0.049681615354714874,556
-1.0828020757282997,-0.1774853357301348,1.6309298549909959,-1.5243171590787452,1.4941818180131952,571
1.2836118433907904,-0.1774853357301348,0.854129055196481,0.0017804472073339017,-0.16144897608381575,464
-0.34257484785136044,1.2237146831919816,1.3696739806206433,0.7648292503503734,-0.3788426337656933,521
0.08305580817787964,1.2237146831919816,0.9725650515777075,-0.7612683559357056,-1.284035434395884,455
-0.7913376047517549,1.2237146831919816,1.0108825798186925,1.5278780534934129,0.4133545933801317,477
0.6544186996953921,0.1728146690003943,1.327873040721387,1.1463536519218933,-1.0519032236508283,511
-0.43741646142309326,0.1728146690003943,0.09126190203505159,-0.7612683559357056,1.4290865419841585,360
-1.4367232190569612,-0.1774853357301348,1.5612616218255686,0.0017804472073339017,1.6575341144634197,560
0.5295053549911586,1.2237146831919816,-0.3232640852992411,0.7648292503503734,-1.7667230472149682,267
-0.2292275535827041,1.5740146879225108,1.3104559824300301,-0.37974395436418584,0.9365732271229557,537
-1.4320967988827304,0.8734146784614526,-1.336936877856209,0.0017804472073339017,-0.1626771888390806,120
1.12168713729271,0.5231146737309235,-1.4100885226799076,-0.7612683559357056,0.11367068109550951,145
0.5618902962107747,0.5231146737309235,-0.9607284187629013,1.5278780534934129,0.8297187174149141,214
-0.6039675876954046,0.1728146690003943,-1.2846857029821384,1.5278780534934129,-1.0273389685455314,121
0.13163322000730376,-0.1774853357301348,-1.2463681747411535,0.7648292503503734,0.6589971444331006,161
-1.5269384124544632,-0.5277853404606639,1.2547213958976882,-1.1427927575072254,-0.714144715952996,473
0.6914300610892391,-0.8780853451911931,-1.0199464169535146,0.7648292503503734,-0.7841528430030922,173
-1.3094966642656123,-0.8780853451911931,-1.6399936921258178,0.7648292503503734,0.4575702525696661,78
-0.4281636210746315,0.1728146690003943,0.5301717709772439,0.0017804472073339017,-0.8394224169900102,386
-0.8630471174523333,-0.5277853404606639,-1.6643775737337174,1.5278780534934129,-1.680748154346429,48
1.0152794732854,0.1728146690003943,-1.424022169312993,-0.7612683559357056,0.3617696576590082,144
-0.4859938732525174,-0.8780853451911931,-0.5566526664034227,-0.37974395436418584,0.9906145883546088,253
1.6375329867194521,-0.5277853404606639,1.3104559824300301,-1.5243171590787452,-1.1403345420298971,515
0.6359130189984686,1.2237146831919816,0.9899821098690643,0.3833048487788537,-0.15039506128643215,483
1.2697325828680979,-0.1774853357301348,-0.3406811435905979,-0.37974395436418584,-0.5606181215448904,285
-0.6617978398732904,0.5231146737309235,0.512754712685887,-1.5243171590787452,1.3050370537024092,417
1.1355663978154027,1.5740146879225108,-0.6367711345436642,-1.1427927575072254,0.09279106425600714,262
0.3675806488930782,-1.228385349921722,-0.7761076008745188,-0.7612683559357056,0.024011149961175825,215
-0.7959640249259857,-0.1774853357301348,-0.14909350238567273,1.5278780534934129,1.5052357328105788,320
-1.4043382778373452,1.2237146831919816,-0.16999397233530095,1.1463536519218933,0.07805251119282901,294
-0.49524671360097916,-0.8780853451911931,1.4114749205198998,0.7648292503503734,-0.8222274384163024,506
1.621340516109644,1.2237146831919816,0.5650058875599575,-0.37974395436418584,0.0019033203664086155,437
0.8255962461419343,0.1728146690003943,1.223370690973246,-1.5243171590787452,-1.094890670085098,497
0.5942752374303908,-0.5277853404606639,-1.6992116903164312,1.1463536519218933,0.8456854832333571,103
0.5387581953396203,0.5231146737309235,0.10519554866813706,-0.37974395436418584,0.7216359949516078,365
1.551944213496181,0.8734146784614526,0.948181169969808,-0.7612683559357056,0.3728235724563918,495
0.43235053133231033,0.1728146690003943,0.5615224759016861,1.5278780534934129,-0.7251986307503796,404
-1.0989945463381077,-0.1774853357301348,0.5092713010276156,-0.37974395436418584,0.19964557396404867,389
1.1887702298190577,0.1728146690003943,-0.6298043112271214,-0.37974395436418584,-1.0985753083508925,236
-1.3141230844398433,-0.1774853357301348,0.8715461134878378,1.5278780534934129,-1.5898604104568306,410
-0.38421262941943823,0.8734146784614526,0.11216237198467979,-1.1427927575072254,0.736374548014786,356
-0.5715826464757885,-1.5786853546522512,-0.07245844590370266,0.0017804472073339017,-0.08529978525739537,300
0.23341446384038292,0.5231146737309235,-0.967695242079444,-0.37974395436418584,-0.7681860771846492,183
0.8741736579713585,1.5740146879225108,-1.3160364079065807,1.5278780534934129,0.17508131885875175,163
0.09693506870057224,1.5740146879225108,-1.678311220366803,0.0017804472073339017,1.7189447522266619,125
0.9690152715430913,-1.228385349921722,1.0944844596172054,1.5278780534934129,-0.452535399081584,484
0.11775395948461116,1.2237146831919816,-0.04459115263753173,1.5278780534934129,-0.3026934429392729,326
-1.2401003616521493,-1.5786853546522512,1.3383232756962011,-1.1427927575072254,-1.1759527119325777,476
-1.2678588826975346,1.5740146879225108,-0.10380915082814497,1.5278780534934129,-0.959787267005965,291
0.425410901070964,0.1728146690003943,-0.8248753640903179,-0.7612683559357056,-1.689345643633283,188
-1.732814110207737,1.2237146831919816,0.12609601861776526,-0.37974395436418584,-1.3257946680748889,309
0.9643888513688604,-1.5786853546522512,0.9133470533870942,-1.5243171590787452,-1.0605007129376822,445
1.2049627004288657,-0.5277853404606639,-0.18044420731011504,-1.5243171590787452,-1.3773796037960122,292
0.9643888513688604,-0.5277853404606639,0.920313876703637,-1.5243171590787452,-1.0568160746718878,452
-1.658791387420043,1.2237146831919816,1.7110483231312372,1.5278780534934129,0.41826744440119107,566
-1.0180321932890675,-0.1774853357301348,1.2686550425307737,1.1463536519218933,-0.8271402894373617,483
0.1848370520109588,-0.1774853357301348,0.5963565924843999,0.0017804472073339017,0.703212803622635,427
-1.466794950189462,0.1728146690003943,-0.8840933622809312,0.0017804472073339017,1.107294800104769,201
1.551944213496181,-1.5786853546522512,-0.6402545462019356,1.5278780534934129,-1.070326414979801,230
-1.5477573032385021,-1.5786853546522512,-0.041107740979260364,-0.7612683559357056,-1.5100265813646156,268
-0.31712953689309065,1.2237146831919816,0.6590580023332845,-0.7612683559357056,-0.32234484702351046,420
-0.021038645742314944,-0.8780853451911931,-1.6365102804675464,0.7648292503503734,0.06577038364018055,89
1.2766722131294441,-0.5277853404606639,-0.9537615954463585,1.5278780534934129,1.1944979057285732,225
0.06917654765518702,-1.5786853546522512,1.272138454189045,0.3833048487788537,0.31632578571420894,508
1.2558533223454051,1.2237146831919816,-1.2359179397663393,-1.1427927575072254,0.36299787041427306,180
-1.6079007655035034,0.8734146784614526,1.4463090371026135,-1.5243171590787452,-1.5505576022883554,494
-1.7420669505561988,-1.228385349921722,-1.2568184097159676,-1.1427927575072254,-0.28918310263135966,113
1.1887702298190577,0.8734146784614526,-0.2779797337417133,-1.5243171590787452,-0.41814544193416836,301
0.24960693445019097,0.5231146737309235,-0.23617879384245694,1.5278780534934129,1.3160909684997928,322
-0.49524671360097916,0.1728146690003943,-0.6820554861011919,1.1463536519218933,-0.7448500348346171,213
0.9111850193652054,-1.5786853546522512,-0.8492592456982175,0.7648292503503734,-1.1292806272325135,191
-0.12050667948827866,0.5231146737309235,0.7356930588152545,-0.7612683559357056,-0.46604573938949734,427
-1.7143084295108135,1.5740146879225108,0.23059836836590628,1.1463536519218933,-0.5986927169581006,338
0.11775395948461116,0.5231146737309235,-1.4066051110216362,-1.1427927575072254,1.3173191812550575,152
-0.9671415713725279,1.2237146831919816,0.23059836836590628,-1.1427927575072254,-0.34445267661827766,350
-1.068922815205607,-1.5786853546522512,1.2268541026315174,-0.7612683559357056,-0.05459446637577425,480
-0.9278169998915655,-1.228385349921722,-0.39989914178121116,0.7648292503503734,-1.1464756058062215,233
-0.8514810670167562,1.2237146831919816,-0.1525769140439441,-1.5243171590787452,0.5386322944171459,311
-1.2632324625233036,1.2237146831919816,-0.3894489068063971,1.1463536519218933,1.25713675624708,284
-1.4413496392311922,0.1728146690003943,-0.34764796690714067,0.7648292503503734,0.05103183057700241,262
0.4485430019421184,0.1728146690003943,0.5824229458513144,-0.37974395436418584,-0.4083197398920496,412
1.0869889859859785,-0.5277853404606639,-1.528524519061134,0.0017804472073339017,-1.618109303827922,93
0.5109996742942351,-0.5277853404606639,-0.863192892331303,-1.5243171590787452,-1.395802795124985,185
0.5295053549911586,-0.1774853357301348,-0.6820554861011919,-0.37974395436418584,-1.055587861916623,219
0.14782569061711182,-0.8780853451911931,1.4985602119766839,-1.5243171590787452,0.11489889385077436,542
-0.18758977201462626,-1.5786853546522512,0.25498224997380586,-1.5243171590787452,0.9292039505913666,368
1.6652915077648371,-1.5786853546522512,-0.7795910125327902,-1.5243171590787452,1.5457667537343187,254
0.5549506659494284,0.5231146737309235,-1.2881691146404097,0.7648292503503734,0.5349476561513513,162
-0.9440094705013735,-1.5786853546522512,0.7740105870562396,0.7648292503503734,0.2168405525377565,422
0.5642035062978902,-1.5786853546522512,1.4881099770018698,-0.37974395436418584,-0.8627584593400422,526
1.350694935917138,-0.8780853451911931,-0.8422924223816748,-1.1427927575072254,0.058401107108591484,220
0.90887180927809,1.5740146879225108,-1.4623396975539782,-0.7612683559357056,-0.7976631833110055,126
0.2866182958440379,-0.5277853404606639,1.2651716308725023,1.1463536519218933,1.2374853521628426,531
-1.4737345804508082,-0.5277853404606639,-1.5076240491115058,1.1463536519218933,0.058401107108591484,91
0.8464151369259733,-1.228385349921722,-0.3755152601733116,0.3833048487788537,-0.08652799801266023,277
0.5665167163850056,-1.5786853546522512,-1.5703254589603906,1.5278780534934129,-0.9462769266980517,86
-0.3703333688967456,-0.8780853451911931,1.7214985581060513,1.5278780534934129,0.8739343766044485,580
1.4756082806213715,-0.5277853404606639,1.0840342246423913,-0.37974395436418584,-0.6797547588055803,489
0.5780827668205828,-0.8780853451911931,-0.1630271490187582,-1.5243171590787452,0.11858353211656888,309
-1.6495385470715813,0.8734146784614526,-1.6434771037840892,-1.5243171590787452,0.4219520826669856,82
0.6682979602180847,1.5740146879225108,1.6100293850413676,0.0017804472073339017,0.8137519515964712,590
1.6699179279390681,-1.5786853546522512,0.8436788202216668,-1.1427927575072254,-0.9413640756769923,446
1.2859250534779059,-1.228385349921722,1.167636104440904,0.3833048487788537,-0.18969786945490721,502
1.2882382635650214,0.5231146737309235,0.9272807000201797,0.7648292503503734,0.28930510509838236,486
0.034478396348455495,-0.5277853404606639,-0.48001760992145265,-1.5243171590787452,-0.07915872148107116,255
1.5426913731477192,0.8734146784614526,1.679697618206795,0.3833048487788537,0.9132371847729236,609
0.11544074939749573,-0.8780853451911931,1.1362853995164617,1.1463536519218933,-0.6232569720633975,478
1.5380649529734882,0.1728146690003943,-0.6681218394681064,0.0017804472073339017,-0.17250289088119938,250
1.4015855578336776,1.2237146831919816,-0.7203730143421769,0.7648292503503734,-0.5114896113342966,242
-0.7959640249259857,-1.5786853546522512,0.3351007181140473,0.3833048487788537,1.6415673486449767,384
1.0222191035467463,-1.5786853546522512,-1.3230032312231235,-0.37974395436418584,0.9623656949835174,158
0.5063732541200042,0.8734146784614526,-1.0791644151441278,0.7648292503503734,0.2094712760061674,188
0.1408860603557655,-0.8780853451911931,1.5612616218255686,1.5278780534934129,1.7594757731504018,578
0.6035280777788525,-0.1774853357301348,0.18879742846664987,0.7648292503503734,-0.7878374812688868,349
-0.45592214212001675,-1.5786853546522512,0.8924465834374661,0.0017804472073339017,-1.5714372191278578,416
-0.909311319194642,-0.1774853357301348,1.0596503430344917,0.7648292503503734,0.9955274393756682,484
0.3976523800255788,0.1728146690003943,-1.6190932221761898,-0.7612683559357056,0.1271810214034228,104
-0.23848039393116585,0.8734146784614526,1.2303375142897885,-1.1427927575072254,0.1787659571245463,509
1.5982084152384897,-0.8780853451911931,1.0492001080596776,0.0017804472073339017,0.21315591427196195,498
0.4739883129003882,-0.8780853451911931,0.8645792901712951,-0.37974395436418584,-1.7482998558859955,425
1.3159967846104066,1.5740146879225108,-1.5076240491115058,0.0017804472073339017,-0.5360538664395935,129
0.9181246496265517,1.2237146831919816,-1.0791644151441278,1.1463536519218933,-0.44025327152893556,185
-1.3002438239171505,-0.5277853404606639,-0.8980270089140167,-0.37974395436418584,1.7042061991634838,207
1.609774465674067,-0.5277853404606639,1.4079915088616284,1.5278780534934129,-1.2803507961300895,528
-1.0434775042473372,0.5231146737309235,-0.511368314845895,0.7648292503503734,-0.38989654856307693,238
-1.4968666813219624,-1.228385349921722,-0.04459115263753173,0.7648292503503734,-1.6905738563885477,268
0.3999655901126942,0.8734146784614526,1.0770674013258486,1.1463536519218933,1.4438250950473366,517
-0.43741646142309326,0.1728146690003943,0.3002666015313336,0.3833048487788537,-0.9462769266980517,351
-1.2030890002583023,-0.8780853451911931,-0.12122620911950181,1.1463536519218933,-0.07178944494948208,289
-0.5253184447334798,1.2237146831919816,-0.8980270089140167,-0.7612683559357056,1.6992933481424244,227
-1.5940215049808109,-0.1774853357301348,-0.6994725443925488,-1.5243171590787452,-0.7387089710582929,194
-0.8746131678879105,0.8734146784614526,-0.9642118304211726,0.3833048487788537,-0.7129165031977311,172
1.0869889859859785,0.5231146737309235,-0.8074583057989612,-1.5243171590787452,-1.490375177280378,205
-0.6687374701346368,0.8734146784614526,0.14002966525085073,1.5278780534934129,1.6268287955817986,371
-0.8005904451002166,0.5231146737309235,0.6869252955994554,-1.1427927575072254,1.1981825439943676,439
-0.9648283612854125,-0.8780853451911931,1.5299109169011262,-1.1427927575072254,1.5457667537343187,555
-0.28705780576059,-1.228385349921722,-0.9084772438888308,0.7648292503503734,1.7533347093740776,216
0.4045920102869251,0.5231146737309235,-0.9189274788636449,-1.1427927575072254,-0.6687008440081967,193
0.44160337168077207,-0.8780853451911931,0.369934834696761,1.1463536519218933,1.195726118483838,402
0.2588597747986527,-0.8780853451911931,1.091001047958934,0.3833048487788537,-1.0211979047692072,467
-0.0025329650453914648,-1.228385349921722,-0.19089444228492916,0.7648292503503734,1.5359410516922,319
1.0152794732854,-0.5277853404606639,1.366190568962372,0.7648292503503734,-0.5127178240895615,526
1.0222191035467463,0.8734146784614526,0.9342475233367225,0.3833048487788537,0.9746478225361659,496
-0.23154076366981954,-1.5786853546522512,-0.30584702700788424,1.5278780534934129,1.725085816002986,301
-1.7096820093365825,-1.5786853546522512,0.4605035378118165,1.5278780534934129,-0.16759003986013998,361
1.0175926833725155,-0.1774853357301348,0.9621148166028933,0.7648292503503734,-0.7411653965688226,467
-0.12513309966250952,-0.1774853357301348,-1.3996382877050935,1.5278780534934129,1.7385961563108994,153
0.9736416917173222,-1.5786853546522512,0.32813389479750454,-0.7612683559357056,0.5816197408514154,388
-1.3580740760950365,0.1728146690003943,1.404508097203357,-0.7612683559357056,1.4266301164736288,536
-1.1082473866865694,-1.5786853546522512,0.18183060515010713,-1.5243171590787452,-1.0027747134402345,314
-1.621780026026196,-0.1774853357301348,0.6764750606246412,0.0017804472073339017,1.567874583329086,429
0.5526374558623129,1.2237146831919816,-0.6298043112271214,-0.37974395436418584,-0.5311410154185341,243
-0.23616718384405042,-0.1774853357301348,1.4497924487608849,-1.1427927575072254,-1.7716358982360276,503
-0.22691434349558867,0.1728146690003943,-0.511368314845895,1.5278780534934129,-0.07056123219421724,252
-1.4066514879244605,0.8734146784614526,-0.1874110306266578,-0.7612683559357056,-0.468502164900027,280
1.6861103985488761,-1.5786853546522512,-1.0896146501189419,1.1463536519218933,1.156423310315363,204
0.7145621619603935,-1.228385349921722,-1.2219842931332539,0.3833048487788537,0.4059853168485426,162
0.4693618927261573,1.2237146831919816,-1.0303966519283287,0.0017804472073339017,1.7115754756950727,221
0.19640310244653594,-0.8780853451911931,-1.0582639451944995,-1.5243171590787452,0.23649195662199402,177
0.7955245150094337,0.1728146690003943,-0.9467947721298158,-0.37974395436418584,-0.28672667712082994,199
1.4362837091404093,-0.1774853357301348,-1.1348990016764697,-0.7612683559357056,-0.7387089710582929,171
-0.17371051149193367,-1.228385349921722,-1.1453492366512839,-1.5243171590787452,-0.08529978525739537,153
-1.425157168621384,0.5231146737309235,1.5786786801169255,0.0017804472073339017,-1.7053124094517258,511
-0.9763944117209896,-0.5277853404606639,0.1226126069594939,0.3833048487788537,-0.44762254806052465,323
-0.6664242600475213,-1.5786853546522512,1.1084181062502907,-1.1427927575072254,1.252223905226021,490
0.7469471031800096,-0.5277853404606639,0.3873518929881178,-0.7612683559357056,0.4514291887933419,398
1.4339704990532938,0.1728146690003943,1.2059536326818892,0.3833048487788537,-1.0040029261954995,505
-0.46980140264270936,0.5231146737309235,-1.5598752239855764,-0.37974395436418584,-0.8087170981083891,88
-1.0110925630277212,0.5231146737309235,1.481143153685327,1.5278780534934129,1.4106633506551858,554
0.9273774899750135,0.5231146737309235,-0.9746620653959868,0.0017804472073339017,-0.18355680567858298,200
0.5225657247298123,-0.8780853451911931,0.8750295251461092,-0.37974395436418584,1.4782150521947524,479
-1.2701720927846498,0.1728146690003943,1.2965223357969446,-1.1427927575072254,0.005587958632203151,498
-0.7612658736192541,0.8734146784614526,-0.7482403076083479,0.3833048487788537,-0.38252727203148784,210
0.43466374141942576,-0.5277853404606639,1.6169962083579104,-1.1427927575072254,0.3212386367352683,568
-0.09506136853000886,0.8734146784614526,-0.7343066609752624,0.7648292503503734,-1.1366499037641027,208
1.3368156753944456,-1.228385349921722,-0.8318421874068607,-0.7612683559357056,0.7007563781121054,230
-1.6934895387267745,1.5740146879225108,-0.6263208995688501,1.5278780534934129,-0.6772983332950506,215
-0.21766150314712693,1.2237146831919816,0.8018778803224105,0.0017804472073339017,0.9341168016124259,463
-1.1082473866865694,1.2237146831919816,1.195503397707075,1.1463536519218933,-0.8148581618847133,479
1.3067439442619448,0.8734146784614526,-1.2185008814749825,0.3833048487788537,-0.10986404036269228,173
-0.7751451341419467,1.5740146879225108,1.052683519717949,1.1463536519218933,1.1994107567496324,498
1.7046160792457996,1.5740146879225108,0.1957642517831926,-0.7612683559357056,-1.5689807936173281,362
-1.105934176599454,-1.5786853546522512,1.1537024578078185,-0.7612683559357056,-0.5532488450133013,461
0.9343171202363597,-1.228385349921722,1.4428256254443421,0.0017804472073339017,0.442831699506488,548
1.5820159446286817,0.1728146690003943,0.14002966525085073,-0.7612683559357056,-1.7028559839411963,342
0.6451658593469304,1.5740146879225108,-1.5076240491115058,1.1463536519218933,-0.12828723169166495,127
-1.7258744799463905,-0.1774853357301348,-1.3160364079065807,1.1463536519218933,-0.5839541638949224,107
0.011346295477301146,1.2237146831919816,-1.688761455341617,-1.1427927575072254,-1.7003995584306666,65
-0.4027183101163617,-0.1774853357301348,-0.2779797337417133,-0.37974395436418584,0.5116116138013193,290
1.4594158100115635,-1.228385349921722,-0.26404608710862787,-1.5243171590787452,0.2119277015166971,305
1.0060266329369383,1.5740146879225108,-1.072197591827585,-0.37974395436418584,-1.2189401583668473,176
0.568829926472121,-0.5277853404606639,-1.660894162075446,-0.37974395436418584,0.1873634464114002,97
-1.318749504614074,1.2237146831919816,-0.5253019614789805,1.5278780534934129,1.290298500639231,264
-0.60628079778252,-1.5786853546522512,1.0701005780093058,-0.7612683559357056,0.6233789745304201,475
0.5179393045555815,-1.5786853546522512,-0.8039748941406898,-1.1427927575072254,0.35685680663794883,216
0.8626076075357813,0.5231146737309235,-1.3926714643885507,1.5278780534934129,-0.0005531051441210745,143
-1.503806311583309,-0.8780853451911931,0.4396030678621883,1.5278780534934129,0.6258354000409498,377
1.1147475070313637,1.5740146879225108,1.3975412738868143,-1.5243171590787452,0.9525399929413987,567
0.4230976909838486,-1.228385349921722,0.7252428238404404,0.3833048487788537,0.6196943362646257,441
0.15476532087845812,1.2237146831919816,-0.835325599065132,1.1463536519218933,-1.4375620288039896,194
1.211902330690212,-0.8780853451911931,-0.8179085407737753,-0.7612683559357056,1.156423310315363,240
0.37220706906730905,-1.228385349921722,0.34206754143059004,1.5278780534934129,-0.5028921220474427,367
-1.6402857067231196,0.8734146784614526,1.4219251554947139,-1.1427927575072254,1.0974690980626503,533
0.08305580817787964,1.5740146879225108,1.6762142065485237,0.3833048487788537,0.9820170990677549,595
0.03216518626134006,0.1728146690003943,-1.3299700545396662,-1.5243171590787452,-0.5999209297133654,128
1.6606650875906064,0.1728146690003943,0.6207404740922994,0.7648292503503734,1.57401564710541,466
-1.392772227401768,1.5740146879225108,0.3629680113802182,-0.7612683559357056,0.6049557832014475,381
1.4802347007956025,0.5231146737309235,0.3455509530888614,0.7648292503503734,-0.2854984643655651,395
-1.5662629839354256,0.5231146737309235,-0.01672385937136079,-0.37974395436418584,-1.3208818170538295,287
-1.6402857067231196,0.1728146690003943,1.7145317347895086,1.5278780534934129,0.5668811877882373,564
1.7023028691586841,-0.5277853404606639,1.679697618206795,0.0017804472073339017,-1.7384741538438768,560
1.0129662631982845,1.2237146831919816,-0.8074583057989612,-0.7612683559357056,-0.07056123219421724,231
1.5056800117538722,0.1728146690003943,0.5197215360024298,1.1463536519218933,0.7695362924069368,436
1.408525188095024,-0.5277853404606639,1.4393422137860707,0.3833048487788537,-0.8295967149478914,537
0.6197205483886605,-0.8780853451911931,-0.7238564260004483,-1.1427927575072254,-1.5100265813646156,202
0.159391741052689,-0.5277853404606639,1.728465381422594,-0.7612683559357056,0.799013398533293,588
-1.0434775042473372,-0.8780853451911931,-1.3996382877050935,1.1463536519218933,1.7054344119187486,137
-0.011785805393853205,-1.228385349921722,-0.995562535345615,0.7648292503503734,0.8272622919043845,192
-0.7427601929223306,-0.1774853357301348,-1.650443927100632,0.3833048487788537,-1.174724499177313,62
-1.0087793529406057,-1.228385349921722,-1.1801833532339974,-1.5243171590787452,0.3212386367352683,143
0.7261282123959706,0.1728146690003943,1.5542947985090259,1.5278780534934129,0.8776190148702431,576
-0.007159385219622335,-0.8780853451911931,-0.8213919524320467,-0.7612683559357056,-1.4375620288039896,181
1.1540720785123262,0.1728146690003943,-1.0512971218779568,0.0017804472073339017,-0.865214884850572,179
1.1309399776411717,1.5740146879225108,-0.5601360780616941,0.7648292503503734,1.6722726675265978,299
-0.4281636210746315,1.2237146831919816,0.18879742846664987,0.7648292503503734,1.0962408853073855,375
0.7191885821346243,-1.5786853546522512,1.0213328147935066,-0.7612683559357056,0.03015221373750005,475
0.5618902962107747,0.1728146690003943,-0.3232640852992411,-0.37974395436418584,0.5005576990039357,298
1.211902330690212,1.2237146831919816,0.09474531369332295,0.7648292503503734,0.11244246834024467,366
1.568136684105989,-0.5277853404606639,-0.10729256248641633,1.1463536519218933,-0.43411220775261133,323
-1.5454440931513866,-1.228385349921722,-0.5566526664034227,-1.1427927575072254,1.7680732624372557,250
0.8047773553578954,-0.5277853404606639,1.1502190461495472,1.5278780534934129,-0.4795560796974106,493
0.781645254486741,-1.5786853546522512,1.2373043376063313,0.7648292503503734,0.5803915280961506,516
1.2674193727809824,-0.8780853451911931,-1.1174819433851129,1.1463536519218933,0.6823331867831327,191
0.8788000781455894,1.5740146879225108,0.7078257655490836,0.3833048487788537,-1.1710398609115182,431
0.11544074939749573,1.2237146831919816,-0.4312498467056535,0.3833048487788537,0.9869299500888142,291
-0.6317261087407898,1.5740146879225108,-1.0861312384606705,1.5278780534934129,1.25713675624708,194
-0.7219413021382918,-0.1774853357301348,0.5754561225347716,-0.37974395436418584,-1.7274202390464932,372
-1.3858325971404217,0.1728146690003943,-0.44518349333873897,0.0017804472073339017,0.4931884224723466,255
-1.3465080256594593,-0.8780853451911931,0.9412143466532652,1.5278780534934129,1.4769868394394874,465
-0.6826167306573294,-0.1774853357301348,0.5197215360024298,-1.5243171590787452,-1.2238530093879068,372
0.3375089177605775,0.8734146784614526,0.9934655215273357,-0.37974395436418584,-1.0506750108955636,463
-0.06730284748462365,0.1728146690003943,-1.5668420473021192,0.7648292503503734,-0.11477689138375166,102
0.13625964018153464,-0.5277853404606639,1.5124938586097694,1.5278780534934129,-1.15875773335887,525
0.4161580607225023,-1.228385349921722,-0.2570792637920851,0.3833048487788537,-0.8062606725978594,277
-1.7513197909046605,1.2237146831919816,-0.4695673749466385,1.1463536519218933,-1.7556691324175846,217
-1.004152932766375,-1.5786853546522512,-0.8179085407737753,1.5278780534934129,-0.061963742907363326,188
0.025225555999993758,-1.5786853546522512,-1.2080506465001684,-0.37974395436418584,1.4954100307684601,170
-1.4182175383600377,-0.5277853404606639,0.9133470533870942,-1.5243171590787452,1.242398203183902,458
0.797837725096549,0.5231146737309235,0.8715461134878378,1.1463536519218933,-0.43656863326314105,460
-1.4274703787084995,-1.5786853546522512,1.2651716308725023,-1.1427927575072254,-0.027573785759947664,481
1.482547910882718,1.2237146831919816,0.7670437637396968,-1.5243171590787452,0.16648382957189783,467
0.3490749681961547,-0.5277853404606639,0.303750013189605,0.7648292503503734,0.44774455052754736,381
1.2604797425196361,-0.8780853451911931,1.4288919788112566,1.5278780534934129,-0.03617127504680158,544
-0.14826520053366388,-1.5786853546522512,-1.6678609853919888,1.5278780534934129,-1.3675539017538936,56
-1.5778290343710029,1.5740146879225108,0.4535367144952738,-0.7612683559357056,0.2671972755036151,386
-0.5785222767371349,-0.5277853404606639,-1.6156098105179184,0.3833048487788537,-0.6637879929871373,75
0.11775395948461116,1.2237146831919816,1.6274464433327245,0.7648292503503734,-1.442474879825049,547
-0.12744630974962495,1.5740146879225108,-0.23966220550072828,1.5278780534934129,-0.6858958225819046,290
-0.041857536526353864,0.1728146690003943,0.6033234158009425,-1.1427927575072254,-1.7654948344597032,386
0.5989016576046217,0.1728146690003943,-0.9363445371550018,1.1463536519218933,-0.5200871006211505,194
1.494113961318295,-1.5786853546522512,1.2651716308725023,0.7648292503503734,-0.5851823766501872,511
-0.13207272992385582,1.5740146879225108,0.021593668869624248,-0.37974395436418584,-1.5665243681067984,313
-0.6779903104830985,-1.228385349921722,-0.8806099506226599,-1.1427927575072254,-0.05090982810997972,185
0.8764868680584739,0.1728146690003943,-0.8806099506226599,1.1463536519218933,0.21561233978249164,218
-0.8514810670167562,-1.228385349921722,-0.9433113604715444,0.0017804472073339017,0.6061839959567124,185
-1.1637644287773399,-0.8780853451911931,-0.009757036054818057,0.3833048487788537,1.029917396523084,323
0.09462185861345682,-0.5277853404606639,1.5542947985090259,0.7648292503503734,-1.109629223148276,532
0.3930259598513479,-0.1774853357301348,-0.1003257391698736,-1.5243171590787452,0.751113101077964,330
1.1933966499932884,1.2237146831919816,0.6033234158009425,1.1463536519218933,-0.2842702516103003,433
0.32594286732500033,-0.5277853404606639,0.5057878893693443,-0.37974395436418584,-0.03617127504680158,401
1.1240003473798255,1.2237146831919816,-1.204567234841897,1.5278780534934129,0.005587958632203151,177
0.7238150023088552,1.5740146879225108,1.7423990280556796,-1.5243171590787452,1.624372370071269,623
0.40690522037404053,-0.8780853451911931,-1.0478137102196854,-1.1427927575072254,-0.020204509228358595,177
0.20796915288211312,0.8734146784614526,-0.8179085407737753,0.3833048487788537,-1.7777769620123518,190
1.4432233394017555,-1.5786853546522512,-1.469306520870521,-1.5243171590787452,1.5826131363922642,152
1.248913692084059,1.2237146831919816,0.4396030678621883,-0.37974395436418584,0.482134507674963,422
-0.3957786798550154,1.2237146831919816,-0.5357521964537945,1.1463536519218933,-0.8639866720953071,239
-0.11588025931404779,1.5740146879225108,0.6311907090671135,0.0017804472073339017,1.678413731302922,454
0.9667020614559758,-1.228385349921722,1.1537024578078185,1.5278780534934129,-0.7104600776872014,488
-0.30556348645751347,-0.5277853404606639,1.3383232756962011,0.3833048487788537,-1.173496286422048,494
-1.6310328663746578,0.8734146784614526,-0.2814631453999847,-1.5243171590787452,1.2460828414496965,291
-1.4714213703636927,0.5231146737309235,-0.6611550161515637,0.3833048487788537,-0.04354055157839065,216
-0.06498963739750821,-1.5786853546522512,1.4567592720774276,0.3833048487788537,-1.0101439899718236,511
-0.09968778870423974,-0.1774853357301348,0.39083530464638916,0.3833048487788537,-0.4599046756131731,374
0.8672340277100121,0.5231146737309235,-0.4626005516300958,1.1463536519218933,-1.6070553890305384,250
1.084675775898863,-0.5277853404606639,-0.8144251291155039,0.3833048487788537,0.04611897955594303,223
-0.5507637556917496,-1.5786853546522512,-0.4765341982631813,0.0017804472073339017,-1.7249638135359635,215
-0.5623298061273267,1.2237146831919816,0.8436788202216668,-1.1427927575072254,1.7705296879477854,477
-0.4906202934267483,-0.1774853357301348,0.10867896032640843,-0.37974395436418584,0.7462002500569047,348
-1.2192814708681103,-1.228385349921722,0.11912919530122253,0.0017804472073339017,-0.9659283307822892,307
1.2512269021711744,0.8734146784614526,1.2094370443401605,-0.37974395436418584,-1.0776956915113902,505
1.4316572889661783,-1.228385349921722,1.6030625617248249,-1.1427927575072254,0.711810292909489,581
1.0661700952019395,-0.8780853451911931,0.9272807000201797,0.7648292503503734,0.1271810214034228,472
1.2442872719098281,1.5740146879225108,0.711309177207355,-1.1427927575072254,0.21069948876143227,458
1.1448192381638644,-1.5786853546522512,-0.7168896026839056,-1.5243171590787452,1.5310282006711406,256
-0.6247864784794435,-1.228385349921722,-0.6193540762523073,0.0017804472073339017,-0.6601033547213428,213
-1.7582594211660068,0.5231146737309235,-1.3613207594641086,-1.5243171590787452,-0.9954054369086455,96
-0.22691434349558867,1.5740146879225108,-1.0199464169535146,-1.5243171590787452,1.4904971797474007,212
-0.7450734030094461,-1.228385349921722,-0.027174094346174894,-1.5243171590787452,1.591210625679118,333
-1.7004291689881208,0.1728146690003943,1.3522569223292864,0.3833048487788537,-0.6650162057424022,490
0.8533547671873195,-0.8780853451911931,-0.9189274788636449,1.5278780534934129,0.9525399929413987,218
-0.35645410837405306,-0.5277853404606639,1.2373043376063313,-1.5243171590787452,-0.714144715952996,486
0.09462185861345682,0.8734146784614526,0.43611965620391696,0.0017804472073339017,-0.5164024623553559,388
-1.5940215049808109,-0.8780853451911931,0.446569891178731,1.5278780534934129,-0.7337961200372335,355
0.17095779148826618,1.5740146879225108,-0.43473325836392485,1.5278780534934129,-1.4044002844118388,254
0.9389435404105906,0.1728146690003943,-0.4242830233891107,-1.5243171590787452,1.4069787123893913,303
-1.4714213703636927,-1.5786853546522512,0.2793661315817054,1.1463536519218933,1.1355436934758605,359
-1.67035743785562,0.5231146737309235,0.3490343647471328,-1.5243171590787452,0.450200976038077,366
1.424717658704832,0.8734146784614526,-1.4449226392626213,1.1463536519218933,-1.2963175619485325,123
-1.6726706479427356,0.8734146784614526,-1.5598752239855764,-1.5243171590787452,1.1023819490837097,105
0.3930259598513479,-0.8780853451911931,-0.23617879384245694,0.0017804472073339017,-0.8615302465847774,280
-1.6888631185525436,1.5740146879225108,1.2059536326818892,1.1463536519218933,1.083958757754737,506
0.6405394391726995,-1.5786853546522512,-1.0756810034858564,0.3833048487788537,-1.3761513910407475,151
0.9551360110203987,1.2237146831919816,0.19228084012492125,1.5278780534934129,0.7953287602674984,388
0.5410714054267358,0.1728146690003943,-1.4588562858957068,-1.5243171590787452,0.7142667184200187,138
1.4756082806213715,1.2237146831919816,0.2723993082651627,1.5278780534934129,-0.8320531404584212,380
-0.4073447302905926,0.5231146737309235,-1.3404202895144803,-1.5243171590787452,0.24017659488778853,137
-0.9763944117209896,-1.5786853546522512,-1.0094961819787005,-0.7612683559357056,0.34703110459583003,167
-1.7050555891623518,-1.5786853546522512,-1.3543539361475658,-1.5243171590787452,-1.317197178788035,81
1.2651061626938669,0.1728146690003943,0.9690816399194361,-0.7612683559357056,0.41458280613539655,491
-0.27317854523789736,-0.1774853357301348,-0.6367711345436642,-1.1427927575072254,0.21315591427196195,235
-0.07655568783308539,1.2237146831919816,0.3351007181140473,-1.1427927575072254,-0.5532488450133013,373
-1.3788929668790753,-1.228385349921722,0.6729916489663699,1.5278780534934129,0.48950378420655205,408
-0.35645410837405306,0.8734146784614526,-0.3929323184646684,1.1463536519218933,0.13700672344554157,275
-1.1475719581675319,-0.1774853357301348,0.5754561225347716,-1.5243171590787452,-0.8308249277031563,381
0.13163322000730376,-1.228385349921722,0.6555745906750131,-0.37974395436418584,-0.45007897357105436,409
-0.7150016718769455,1.5740146879225108,-0.31629726198269836,-1.5243171590787452,0.43423421021963404,289
0.32825607741211577,0.1728146690003943,0.986498698210793,-1.5243171590787452,-0.4316557822420817,468
1.5288121126250265,1.5740146879225108,-0.9363445371550018,-0.37974395436418584,0.7376027607700507,234
0.36526743880596274,0.8734146784614526,0.3664514230384896,-1.1427927575072254,0.18245059539034084,393
0.5017468339457734,-0.5277853404606639,-1.072197591827585,-0.7612683559357056,-0.8627584593400422,163
1.7023028691586841,-1.228385349921722,-0.6367711345436642,1.5278780534934129,0.026467575471705515,253
-0.143638780359433,-0.1774853357301348,0.11216237198467979,-1.1427927575072254,0.3863339127643051,347
-0.3009370662832826,-1.228385349921722,-0.3267474969575125,-0.37974395436418584,1.0716766302020886,288
-1.466794950189462,-1.228385349921722,-1.6922448669998884,-1.5243171590787452,0.1271810214034228,61
0.5919620273432754,0.1728146690003943,1.300005747455216,-1.1427927575072254,0.20333021222984318,526
1.44091012931464,1.5740146879225108,1.4776597420270556,0.0017804472073339017,0.997983864886198,584
0.1270067998330729,1.2237146831919816,1.2477545725811454,-1.5243171590787452,0.07191144741650478,517
-0.16445767114347193,-0.5277853404606639,1.0944844596172054,0.7648292503503734,-1.3773796037960122,458
1.2766722131294441,0.1728146690003943,-0.7273398376587197,-0.37974395436418584,1.0471123750967917,258
1.4594158100115635,0.5231146737309235,-0.9572450071046299,0.3833048487788537,-0.04845340259945003,212
0.06917654765518702,0.1728146690003943,1.679697618206795,1.1463536519218933,-1.6267067931147758,545
-1.7004291689881208,0.8734146784614526,0.4187025979125601,0.3833048487788537,-0.8394224169900102,358
-1.4228439585342687,-0.5277853404606639,-0.24314561715899966,-1.1427927575072254,0.1517452765087197,274
1.2859250534779059,-1.5786853546522512,-1.3543539361475658,-1.5243171590787452,-0.2732163368129167,137
-1.7420669505561988,0.5231146737309235,1.6483469132823527,1.1463536519218933,-0.3125191449813917,540
-0.2037822426244343,-0.8780853451911931,0.10867896032640843,1.1463536519218933,0.37896463623271603,343
0.8626076075357813,0.1728146690003943,0.28981636655651954,1.5278780534934129,-1.5149394323856749,358
-1.334941975223882,-1.228385349921722,-0.6298043112271214,0.3833048487788537,-0.11109225311795712,212
0.09924827878768767,1.2237146831919816,0.5859063575095858,-1.5243171590787452,-0.15776433781802124,418
-0.04648395670058473,-1.5786853546522512,1.56474503348384,1.5278780534934129,-0.7595885878977953,531
1.126313557466941,0.1728146690003943,1.536877740217669,-0.7612683559357056,-1.5579268788199445,539
1.318309994697522,0.1728146690003943,0.07036143208542339,0.3833048487788537,-1.371238540019688,334
-1.5408176729771559,-0.1774853357301348,-1.4867235791618778,1.5278780534934129,-1.1538448823378105,75
-1.6402857067231196,-0.1774853357301348,0.4988210660528016,-0.7612683559357056,-1.3110561150117106,356
-0.3263823772415524,-1.5786853546522512,-0.9189274788636449,0.0017804472073339017,0.5484579964592646,192
-0.23154076366981954,1.5740146879225108,-1.3404202895144803,0.0017804472073339017,-1.3736949655302177,119
-0.01409901548096864,-0.1774853357301348,1.6866644415233378,0.7648292503503734,-0.3211166342682456,564
-0.8283489661456018,-1.228385349921722,0.9830152865525216,-0.37974395436418584,-0.22654425211285256,448
-1.6079007655035034,0.5231146737309235,1.2930389241386733,-0.37974395436418584,-0.6760701205397858,485
1.3229364148717528,-0.8780853451911931,-0.22572855886764281,0.7648292503503734,-0.9929490113981159,292
1.2697325828680979,-0.5277853404606639,-0.8179085407737753,1.5278780534934129,-0.24496744344182522,221
-0.030291486090776684,-0.8780853451911931,-0.21179491223455735,-0.37974395436418584,-1.0027747134402345,276
0.9435699605848215,-0.8780853451911931,-0.1943778539432005,-0.37974395436418584,1.2878420751287014,328
1.6814839783746454,-0.5277853404606639,-0.9851123003708009,0.3833048487788537,-1.5407319002462367,180
1.1656381289479032,-0.1774853357301348,-1.6086429872013757,0.3833048487788537,0.5447733581934701,120
0.4485430019421184,-1.5786853546522512,0.6695082373080985,0.7648292503503734,-1.2189401583668473,401
-0.9231905797173346,-0.5277853404606639,-0.5357521964537945,-1.5243171590787452,-0.762045013408325,223
-0.6525449995248287,0.8734146784614526,0.34206754143059004,-0.7612683559357056,1.0495688006073214,391
-1.302557034004266,1.5740146879225108,0.4814040077614447,1.5278780534934129,0.7449720373016399,402
-1.4112779080986915,0.5231146737309235,-1.4658231092122496,0.3833048487788537,1.6685880292608033,130
1.642159406893683,1.2237146831919816,1.3104559824300301,0.3833048487788537,-0.2769009750787112,540
-1.5986479251550416,-0.1774853357301348,0.8924465834374661,0.0017804472073339017,-0.6920368863582288,423
-0.11819346940116322,1.5740146879225108,0.08081166706023749,-0.7612683559357056,-1.2987739874590623,326
-1.0828020757282997,-0.5277853404606639,-1.1244487667016556,0.0017804472073339017,0.2770229775457339,154
0.6405394391726995,0.8734146784614526,1.3034891591134874,-1.5243171590787452,1.2239750118549293,548
1.1031814565957865,1.2237146831919816,0.8367119969051242,-0.7612683559357056,1.14045654449692,488
-1.6264064462004268,0.5231146737309235,1.0282996381100493,-0.37974395436418584,1.3234602450313817,479
0.4045920102869251,0.5231146737309235,-0.4242830233891107,0.0017804472073339017,0.8984986317097454,290
-1.67035743785562,-0.1774853357301348,-0.8318421874068607,1.5278780534934129,-0.6564187164555483,176
-1.7096820093365825,-0.5277853404606639,1.2860721008221305,-0.37974395436418584,-0.6330826741055162,477
0.6914300610892391,1.5740146879225108,1.2756218658473164,-0.7612683559357056,-1.3454460721591264,507
-1.4644817401023464,-1.5786853546522512,1.536877740217669,-1.5243171590787452,1.4511943715789257,544
1.1309399776411717,1.5740146879225108,0.683441883941184,0.3833048487788537,0.08787821323494777,451
-1.5176855721060014,1.5740146879225108,-1.1139985317268415,0.7648292503503734,1.5015510945447843,182
-1.3696401265306135,0.5231146737309235,0.9342475233367225,1.1463536519218933,1.0900998215310613,465
1.6074612555869514,-1.5786853546522512,1.5508113868507545,-1.5243171590787452,1.7471936455977533,591
-1.5315648326286941,-1.5786853546522512,-1.3926714643885507,-0.37974395436418584,-1.008915777216559,83
0.23572767392749835,-0.1774853357301348,0.24801542665726312,0.0017804472073339017,1.5101485838316382,390
-0.5553901758659805,1.2237146831919816,-0.1525769140439441,-1.1427927575072254,-0.3432244638630128,300
-1.1313794875577239,0.1728146690003943,-0.6820554861011919,-1.5243171590787452,-1.379836029306542,194
0.7029961115248162,-0.8780853451911931,1.4950768003184125,1.1463536519218933,-0.014063445452034369,547
0.12238037965884203,-0.8780853451911931,-1.1836667648922687,0.3833048487788537,0.9918428011098737,171
0.44622979185500294,0.5231146737309235,-1.2463681747411535,0.0017804472073339017,-0.034943062291536736,157
0.6405394391726995,0.1728146690003943,-0.19786126560147188,1.5278780534934129,-0.397265825094666,303
-1.004152932766375,1.2237146831919816,-1.5006572257949633,-1.1427927575072254,1.5150614348526976,131
-1.7397537404690833,0.1728146690003943,1.669247383231981,1.1463536519218933,0.4059853168485426,553
1.3368156753944456,-0.1774853357301348,1.2059536326818892,1.5278780534934129,0.10016034078759621,520
-1.2678588826975346,1.5740146879225108,-1.0129795936369719,-1.5243171590787452,0.5705658260540318,184
-0.983334041982336,0.5231146737309235,-0.9572450071046299,0.7648292503503734,-0.26707527303659245,177
-0.23848039393116585,-1.5786853546522512,1.4219251554947139,1.1463536519218933,0.6221507617751554,531
0.7885848847480873,0.5231146737309235,0.24801542665726312,-0.7612683559357056,1.2595931817576098,397
-0.9023716889332957,-0.8780853451911931,-0.062008210928888564,-0.37974395436418584,-1.2987739874590623,281
0.4901807835101962,1.2237146831919816,0.8854797601209233,-0.7612683559357056,-0.7669578644293843,456
-0.12513309966250952,0.1728146690003943,-0.8457758340399462,0.7648292503503734,0.5681094005435021,216
1.063856885114824,1.2237146831919816,-0.3755152601733116,1.5278780534934129,1.1613361613364224,314
-0.6895563609186757,-0.1774853357301348,1.745882439713951,-0.7612683559357056,-1.720050962514904,541
0.8070905654450108,0.5231146737309235,-0.8736431273061172,0.3833048487788537,-0.06564838117315785,215
1.2211551710386737,-0.5277853404606639,1.5229440935845835,1.1463536519218933,-0.4906099944947942,552
-0.6363525289150207,0.5231146737309235,-0.4277664350473821,0.3833048487788537,-0.7988913960662704,249
-1.658791387420043,-1.5786853546522512,-1.1209653550433842,-1.1427927575072254,0.4207238699117207,143
1.2674193727809824,0.5231146737309235,0.24453201499899174,0.7648292503503734,1.5310282006711406,408
0.03216518626134006,0.8734146784614526,-1.528524519061134,-1.1427927575072254,-0.10617940209689775,112
0.638226229085584,-0.1774853357301348,1.1188683412251048,-1.1427927575072254,1.1036101618389746,514
-0.1228198895753941,-1.228385349921722,0.4187025979125601,-1.1427927575072254,0.14191957446660095,382
-0.839915016581179,-0.1774853357301348,1.6065459733830962,-1.5243171590787452,0.9378014398782205,562
0.5017468339457734,0.1728146690003943,0.8297451735885815,-1.5243171590787452,1.1220333531679472,473
0.8001509351836645,-1.228385349921722,0.6938921189159981,0.7648292503503734,-1.7802333875228815,402
-1.1892097397356096,0.1728146690003943,-0.38248208348985435,0.0017804472073339017,-0.5286845899080044,250
-0.8630471174523333,0.1728146690003943,-0.05504138761234583,-0.7612683559357056,-0.2032082097628205,306
-0.9925868823307977,-1.5786853546522512,-1.4275055809712645,-1.5243171590787452,-1.704084196696461,73
-0.3125031167188598,-1.5786853546522512,0.7217594121821691,0.3833048487788537,1.3271448832971764,440
-1.450602479579654,1.5740146879225108,-0.4277664350473821,-1.5243171590787452,0.5152962520671138,265
0.27505224540846074,-0.8780853451911931,-0.1003257391698736,1.5278780534934129,1.0065813541730517,329
-0.1760237215790491,1.5740146879225108,1.4672095070522415,-1.1427927575072254,-1.5947732614778898,519
0.14551248052999638,1.5740146879225108,0.17138037017529303,-1.5243171590787452,-0.9904925858875862,347
-0.08580852818154713,-0.8780853451911931,-0.13167644409431592,0.7648292503503734,-1.0126004154823534,287
1.7046160792457996,-0.5277853404606639,-0.0898755041950595,0.3833048487788537,-1.5149394323856749,310
-0.3934654697679,-1.228385349921722,1.6378966783075386,0.3833048487788537,-1.5407319002462367,526
1.1170607171184792,1.2237146831919816,-0.041107740979260364,0.0017804472073339017,-0.5348256536843287,335
0.5225657247298123,1.5740146879225108,1.5194606819263121,-0.37974395436418584,1.528571775160611,587
-0.9069981091075265,0.5231146737309235,-0.24314561715899966,-0.37974395436418584,1.6034927532317664,310
0.39533916993846335,0.5231146737309235,0.7565935287648827,-0.7612683559357056,0.08787821323494777,446
0.5341317751653895,0.1728146690003943,-0.9607284187629013,1.1463536519218933,0.15788634028504392,201
-0.8376018064940636,-0.8780853451911931,-0.4207996117308394,0.7648292503503734,-0.4537636118368489,245
1.625966936283875,0.1728146690003943,1.2686550425307737,1.5278780534934129,0.09524748976653684,534
-0.3448880579384759,0.8734146784614526,-1.309069584590038,-1.5243171590787452,-0.8946919909769282,126
1.232721221474251,0.8734146784614526,0.920313876703637,0.7648292503503734,0.19350451018772444,485
0.9690152715430913,1.2237146831919816,0.04597755047752382,-0.37974395436418584,0.3801928489879809,360
0.9528228009332832,-1.5786853546522512,0.5092713010276156,0.7648292503503734,0.1382349362008064,407
0.5341317751653895,-1.5786853546522512,1.139768811174733,-1.5243171590787452,-0.9954054369086455,473
-0.3333220075028987,-0.8780853451911931,0.34206754143059004,0.0017804472073339017,0.8641086745623298,382
-1.3326287651367668,-0.8780853451911931,-0.6228374879105787,-0.7612683559357056,-1.578806495659447,190
0.8279094562290498,1.5740146879225108,-0.07245844590370266,0.0017804472073339017,-1.5173958578962046,313
-1.4644817401023464,0.8734146784614526,1.1641526927826327,-0.37974395436418584,-0.43656863326314105,474
0.09462185861345682,1.5740146879225108,0.7600769404231541,-1.1427927575072254,-1.6709224523043102,420
0.9967737925884765,-1.5786853546522512,1.300005747455216,-0.37974395436418584,0.4244085081775153,525
0.3976523800255788,-1.228385349921722,-1.5529084006690337,-0.7612683559357056,-0.2437392306865604,99
0.5133128843813506,-1.228385349921722,-0.2605626754503565,-1.5243171590787452,-0.4267429312210223,283
-1.3441948155723438,-0.8780853451911931,0.7252428238404404,1.1463536519218933,-1.0347082450771206,393
0.5063732541200042,0.1728146690003943,1.272138454189045,0.0017804472073339017,-1.3528153486907153,496
-0.92550378980445,-1.5786853546522512,-0.8492592456982175,-0.37974395436418584,-1.4793212624829943,161
-1.6772970681169665,-1.228385349921722,1.5995791500665535,0.0017804472073339017,-1.4473877308461085,505
-0.6178468482180972,-1.5786853546522512,-1.413571934338179,-0.37974395436418584,0.7130385056647539,120
1.408525188095024,-0.1774853357301348,-0.9851123003708009,-0.7612683559357056,-1.2864918599064137,183
0.5040600440328888,0.5231146737309235,-1.1801833532339974,0.0017804472073339017,0.019098298940116446,169
0.3629542287188473,0.8734146784614526,0.6207404740922994,-0.37974395436418584,-0.3125191449813917,422
1.5195592722765647,1.5740146879225108,0.133062841934308,-1.5243171590787452,-0.45499182459211374,368
-0.0973745786171243,-1.5786853546522512,-1.1314155900181984,-0.7612683559357056,0.20210199947457835,159
0.9736416917173222,0.5231146737309235,1.4881099770018698,1.1463536519218933,-0.397265825094666,551
-1.7305009001206215,-0.1774853357301348,1.6901478531816092,0.7648292503503734,-1.4326491777829302,524
-0.627099688566559,1.5740146879225108,-1.2010838231836256,-1.1427927575072254,-1.1464756058062215,138
1.5866423648029124,-1.5786853546522512,-1.5772922822769333,-1.5243171590787452,1.4929536052579304,137
0.8510415571002041,-0.8780853451911931,-0.5462024314286086,-0.7612683559357056,-0.18232859292331813,253
0.30049755636673053,0.5231146737309235,-0.3023636153496129,0.0017804472073339017,-1.0297953940560611,275
1.642159406893683,1.5740146879225108,-0.26404608710862787,-1.5243171590787452,-0.8603020338295125,306
-1.0481039244215682,-1.5786853546522512,-1.5494249890107623,-0.7612683559357056,-0.19338250772070173,80
-0.05805000713616191,0.5231146737309235,-0.30584702700788424,-0.7612683559357056,0.49932948624867085,294
0.994460582501361,-0.1774853357301348,-0.9885957120290723,0.0017804472073339017,-1.2901764981722084,177
-0.5044995539494409,-1.5786853546522512,-1.4902069908201492,-0.7612683559357056,0.094019277011272,100
-0.8098432854486783,-1.5786853546522512,-0.24314561715899966,1.5278780534934129,0.7056692291331648,286
-1.1868965296484943,-1.5786853546522512,1.317422805746573,-1.5243171590787452,0.8395444194570328,506
-0.011785805393853205,1.2237146831919816,-0.07594185756197404,-0.37974395436418584,-1.3884335185933958,301
0.9273774899750135,-0.8780853451911931,1.1502190461495472,-0.37974395436418584,-0.48446893071846997,492
1.2350344315613664,-0.1774853357301348,-1.6399936921258178,-1.5243171590787452,-1.3687821145091583,85
1.5635102639317582,1.5740146879225108,-0.43473325836392485,-1.1427927575072254,0.7965569730227633,308
0.6914300610892391,1.2237146831919816,-0.6611550161515637,-1.5243171590787452,-1.5677525808620634,223
0.11544074939749573,0.1728146690003943,-1.6817946320250743,0.3833048487788537,0.23526374386672916,93
-1.7004291689881208,1.2237146831919816,0.9446977583115366,-0.7612683559357056,-1.166127009890459,429
0.4485430019421184,0.8734146784614526,-0.21527832389282872,0.7648292503503734,0.8272622919043845,322
-0.6641110499604059,0.8734146784614526,-1.2986193496152239,0.0017804472073339017,1.1220333531679472,156
-1.0319114538117602,-1.5786853546522512,0.3142002481644191,1.5278780534934129,0.49932948624867085,359
-1.2007757901711869,1.2237146831919816,0.059911197110609285,0.7648292503503734,0.5484579964592646,337
-0.03723111635212299,0.1728146690003943,0.1957642517831926,-0.37974395436418584,0.26228442448255573,361
-0.15520483079501018,1.2237146831919816,0.7531101171066114,0.0017804472073339017,0.3298361260221222,447
-1.1383191178190701,-0.8780853451911931,-0.5740697246947796,0.0017804472073339017,0.4035288913380129,232
1.6190273060225286,-0.8780853451911931,-1.5145908724280486,0.0017804472073339017,-0.9253973098585493,112
1.1540720785123262,0.1728146690003943,1.0039157565021497,1.5278780534934129,-0.8824098634242797,474
-0.8954320586719494,1.2237146831919816,-1.5598752239855764,-0.7612683559357056,-0.43656863326314105,92
-1.1521983783417626,0.5231146737309235,-0.6716052511263778,0.3833048487788537,1.5519078175106429,245
0.3745202791544245,-0.8780853451911931,1.6831810298650665,1.1463536519218933,-0.9806668838454674,554
0.3629542287188473,-0.8780853451911931,-0.901510420572288,1.5278780534934129,-0.43656863326314105,192
1.4316572889661783,-1.228385349921722,-0.12819303243604455,0.7648292503503734,-1.7249638135359635,293
-0.9810208318952205,1.2237146831919816,1.3940578622285429,-0.7612683559357056,-0.46604573938949734,515
-0.8676735376265642,-0.8780853451911931,-0.3337143202740552,-1.5243171590787452,-0.0054659561651804545,263
-0.4327900412488624,-0.1774853357301348,0.11216237198467979,-0.37974395436418584,0.9169218230387182,352
-1.7605726312531222,1.2237146831919816,-0.4591171399718244,0.3833048487788537,-1.221396583877377,227
1.5935819950642587,0.8734146784614526,1.7319487930808655,-0.7612683559357056,0.26105621172729093,606
0.9296907000621288,-1.228385349921722,-0.15954373736048685,-1.5243171590787452,-0.5950080786923061,300
-0.8977452687590648,-0.8780853451911931,-1.260301821374239,0.3833048487788537,0.7007563781121054,142
-1.0180321932890675,-1.228385349921722,0.7008589422325409,-1.5243171590787452,-0.714144715952996,396
-1.429783588795615,0.8734146784614526,-0.2953967920330702,1.5278780534934129,0.09647570252180168,274
-1.089741705989646,0.1728146690003943,-0.3406811435905979,-1.5243171590787452,-0.5520206322580364,257
-0.7682055038806005,0.1728146690003943,-1.0338800635866,0.3833048487788537,-0.8308249277031563,157
-0.1366991500980867,1.2237146831919816,0.3978021279629319,-1.5243171590787452,1.0336020347888784,407
0.42772411115807946,0.8734146784614526,1.3627071573041005,0.7648292503503734,1.3160909684997928,556
-0.4142843605519389,-0.5277853404606639,0.881996348462652,-0.7612683559357056,1.203095395015427,466
-0.8445414367554098,-0.5277853404606639,-1.4344724042878072,0.3833048487788537,-0.397265825094666,102
0.12238037965884203,1.2237146831919816,-1.4100885226799076,0.7648292503503734,1.3345141598287653,156
1.3969591376594468,-1.5786853546522512,-1.601676163884833,-1.5243171590787452,-0.4783278669421458,99
0.462422262464811,-1.228385349921722,0.8192949386137673,-1.5243171590787452,0.27947940305626356,449
0.925064279887898,-1.228385349921722,-1.5354913423776768,0.0017804472073339017,0.11489889385077436,115
-1.334941975223882,0.1728146690003943,1.0004323448438783,0.3833048487788537,-1.2938611364380028,434
-1.6264064462004268,-0.5277853404606639,-1.2010838231836256,1.5278780534934129,1.0974690980626503,150
0.4045920102869251,1.5740146879225108,-1.4658231092122496,-1.5243171590787452,-1.6500428354648078,105
1.4802347007956025,-0.8780853451911931,-1.5041406374532347,-0.37974395436418584,-0.6097466317554842,116
-0.12513309966250952,-0.8780853451911931,0.7217594121821691,1.1463536519218933,1.3848708827946241,448
0.09924827878768767,-0.8780853451911931,0.29329977821479086,1.5278780534934129,0.48950378420655205,375
1.6190273060225286,0.1728146690003943,-0.037624329320989,-0.7612683559357056,-0.6343108868607811,334
1.3391288854815608,0.8734146784614526,1.1502190461495472,-1.1427927575072254,-1.427736326761871,492
1.2998043140005986,0.5231146737309235,-0.15606032570221548,-0.37974395436418584,-0.9143433950611657,311
1.3969591376594468,-0.5277853404606639,-0.6750886627846492,-1.1427927575072254,0.7290052714831968,258
-1.7420669505561988,-0.5277853404606639,0.6555745906750131,-1.5243171590787452,0.0424343412901485,397
0.7446338930928941,1.5740146879225108,-1.1105151200685701,-0.7612683559357056,-1.5173958578962046,162
-1.24472678182638,-1.228385349921722,0.29678318987306224,0.7648292503503734,-0.17864395465752358,345
0.9551360110203987,-1.5786853546522512,-1.1941169998670829,-1.5243171590787452,1.6329698593581228,186
-0.46286177238136306,1.2237146831919816,-0.020207271029632157,-1.1427927575072254,0.647943229635717,336
0.01828592573864745,-1.228385349921722,-0.6402545462019356,-1.5243171590787452,0.03997791577961881,230
1.318309994697522,0.8734146784614526,0.6381575323836562,1.1463536519218933,0.4600266780801958,450
0.2796786655826916,1.2237146831919816,0.5684892992182289,0.0017804472073339017,-1.3589564124670397,398
1.163324918860788,-0.5277853404606639,1.2407877492646027,1.1463536519218933,-1.5431883257567665,493
1.4478497595759863,0.8734146784614526,0.4152191862542887,-0.7612683559357056,-1.5874039849463009,385
1.3645741964398306,1.2237146831919816,-0.1525769140439441,0.7648292503503734,-1.2103426690799934,311
0.8487283470130886,1.5740146879225108,-0.9363445371550018,1.1463536519218933,0.8616522490518,228
-1.24472678182638,1.5740146879225108,0.2271149567076349,0.3833048487788537,0.775677356183261,366
0.1408860603557655,-0.1774853357301348,1.585645503433468,0.7648292503503734,1.518746073118492,581
-1.2632324625233036,0.5231146737309235,1.0944844596172054,-1.1427927575072254,0.36791072143533243,477
0.3999655901126942,1.5740146879225108,-0.3894489068063971,1.1463536519218933,1.1330872679653308,305
-0.025665065916545816,-0.5277853404606639,0.4535367144952738,0.0017804472073339017,1.5826131363922642,416
-0.5970279574340582,-1.5786853546522512,-0.7795910125327902,0.7648292503503734,-1.054359649161358,182
-1.1683908489515709,-0.8780853451911931,-1.375254406097194,-1.5243171590787452,0.9070961209965994,125
-1.6425989168102348,-0.1774853357301348,-0.7935246591658757,0.0017804472073339017,1.3160909684997928,213
0.7099357417861626,-0.8780853451911931,1.167636104440904,-1.5243171590787452,-0.4856971434737348,492
-0.08580852818154713,0.5231146737309235,1.4184417438364425,1.1463536519218933,-0.6957215246240234,523
-0.17371051149193367,1.2237146831919816,-1.4588562858957068,-0.37974395436418584,-1.704084196696461,96
0.8302226663161651,0.1728146690003943,1.6169962083579104,-0.37974395436418584,-0.4169172291789035,565
0.6474790694340458,1.5740146879225108,-0.9433113604715444,-1.1427927575072254,-1.4080849226776335,187
-0.7982772350131011,-1.5786853546522512,0.15047990022566482,0.0017804472073339017,-0.4488507608157895,323
-0.17139730140481824,0.5231146737309235,-1.3857046410720082,-1.5243171590787452,-1.2950893491932678,108
0.19871631253365138,-0.8780853451911931,-1.2637852330325103,1.5278780534934129,-1.371238540019688,122
-1.6240932361133116,-0.1774853357301348,-1.4275055809712645,0.0017804472073339017,1.6992933481424244,129
0.9366303303234752,1.5740146879225108,1.1641526927826327,0.3833048487788537,-1.276666157864295,496
-1.2678588826975346,-0.5277853404606639,-0.8771265389643885,-1.1427927575072254,1.0827305449994722,200
-1.7605726312531222,1.5740146879225108,1.71801514644778,-1.5243171590787452,-1.2091144563247285,541
-1.3973986475759987,-0.1774853357301348,-0.4103493767560253,-0.37974395436418584,-1.6832045798569586,223
0.03910481652268637,-0.1774853357301348,1.4846265653435984,0.7648292503503734,1.6968369226318947,569
0.8788000781455894,0.1728146690003943,-0.013240447713089423,0.3833048487788537,-0.42919935673155196,332
0.2981843462796151,1.5740146879225108,0.711309177207355,-1.5243171590787452,0.647943229635717,453
0.8070905654450108,1.5740146879225108,-1.6190932221761898,-1.5243171590787452,-0.8811816506690149,100
-1.0064661428534902,0.1728146690003943,-1.1627662949426405,1.1463536519218933,0.4514291887933419,157
-0.4258504109875161,0.8734146784614526,0.09474531369332295,-0.37974395436418584,0.13946314895607126,343
1.4270308687919475,0.8734146784614526,0.4953376543945302,0.0017804472073339017,-0.080386934236336,421
1.2188419609515582,1.2237146831919816,1.0422332847431348,0.7648292503503734,0.8284905046596492,514
0.43466374141942576,0.8734146784614526,0.14002966525085073,1.1463536519218933,1.3590784149340622,381
1.3483817258300226,-1.228385349921722,1.5786786801169255,0.7648292503503734,-0.32234484702351046,560
-0.29862385619616716,1.5740146879225108,0.7670437637396968,-1.1427927575072254,-0.30883450671559715,438
0.5179393045555815,-1.5786853546522512,-1.5076240491115058,-0.37974395436418584,1.3013524154366145,130
1.052290834679247,1.5740146879225108,0.4012855396212033,-1.5243171590787452,0.1984173612087838,411
0.3629542287188473,-1.228385349921722,-1.6399936921258178,1.5278780534934129,1.0348302475441433,108
-0.060363217223277345,-1.228385349921722,-0.36854843685676886,-0.7612683559357056,-1.6316196441358353,241
1.3692006166140616,-0.8780853451911931,1.3069725707717588,-0.7612683559357056,-1.55424224055415,503
-1.3742665467048445,1.5740146879225108,-1.0338800635866,1.5278780534934129,-1.7421587921096713,143
-0.5623298061273267,0.5231146737309235,-0.8806099506226599,-0.7612683559357056,-0.555705270523831,188
1.6722311380261836,-1.228385349921722,-0.3580982018819548,1.1463536519218933,0.6589971444331006,302
-1.674983858029851,-1.5786853546522512,-0.22224514720937144,-1.1427927575072254,1.669816242016068,292
1.2049627004288657,0.1728146690003943,-0.7412734842918052,-0.7612683559357056,-1.0826085425324494,220
1.514932852102334,1.2237146831919816,-0.9154440672053735,-1.1427927575072254,1.1146640766363582,241
0.44160337168077207,-0.8780853451911931,0.8889631717791947,-1.5243171590787452,-0.0668765939284227,455
1.1240003473798255,0.1728146690003943,0.2166647217328208,-1.1427927575072254,0.2819358285667933,379
0.5086864642071197,-0.8780853451911931,-0.5810365480113223,1.1463536519218933,-0.762045013408325,234
0.8880529184940511,-1.5786853546522512,-1.1732165299174546,1.5278780534934129,0.20824306325090258,166
0.4878675734230808,-0.1774853357301348,0.5197215360024298,-1.1427927575072254,-0.45499182459211374,400
-1.6796102782040818,1.5740146879225108,-0.8806099506226599,0.7648292503503734,-0.809945310863654,176
-1.0087793529406057,-0.5277853404606639,-1.5145908724280486,0.0017804472073339017,1.3038088409471442,116
1.1818305995577114,0.5231146737309235,1.7075649114729659,-0.7612683559357056,1.5666463705738212,617
1.0083398430240538,0.1728146690003943,-0.1874110306266578,1.5278780534934129,1.5568206685317023,341
0.34676175810903925,1.5740146879225108,0.6764750606246412,0.3833048487788537,1.591210625679118,465
-0.7173148819640609,0.5231146737309235,-1.3264866428813948,-1.5243171590787452,-0.5606181215448904,122
-1.6819234882911973,-0.1774853357301348,1.3104559824300301,0.0017804472073339017,-1.6856610053674883,466
1.3321892552202146,-0.5277853404606639,1.7110483231312372,0.7648292503503734,1.3897837338156835,611
0.4832411532488499,0.5231146737309235,-1.0652307685110423,-0.37974395436418584,-1.648814622709543,157
0.07380296782941789,0.5231146737309235,1.6065459733830962,1.1463536519218933,-0.18846965669964236,560
0.4832411532488499,0.1728146690003943,-0.4242830233891107,0.0017804472073339017,1.6722726675265978,302
-0.3957786798550154,0.8734146784614526,1.71801514644778,1.5278780534934129,0.7523413138332289,587
0.8649208176228967,-0.5277853404606639,-1.0164630052952432,1.5278780534934129,-1.3270228808301536,169
0.6937432711763545,1.5740146879225108,-0.41383278841429666,1.5278780534934129,0.9857017373335495,303
1.297491103913483,-0.1774853357301348,-0.4068659650977539,-1.5243171590787452,0.6811049740278678,296
-1.249353202000611,-0.5277853404606639,1.6831810298650665,-1.1427927575072254,0.31141293469314957,555
-1.0319114538117602,-1.5786853546522512,0.025077080527895614,-0.7612683559357056,-1.2398197752063496,289
-0.9602019411111816,0.8734146784614526,0.38038506967157504,-0.37974395436418584,-1.5026573048330265,351
-1.5014931014961934,-1.5786853546522512,-1.0060127703204291,1.5278780534934129,1.3824144572840944,178
-0.15289162070789475,-0.1774853357301348,1.2512379842394168,0.3833048487788537,1.1687054378680113,524
1.3483817258300226,0.1728146690003943,0.06687802042715202,-1.5243171590787452,-1.0162850537481478,339
0.6937432711763545,0.1728146690003943,-0.5845199596695937,1.5278780534934129,-0.5225435261316802,246
-1.674983858029851,-0.1774853357301348,-0.7482403076083479,0.3833048487788537,0.15542991477451423,201
1.2697325828680979,-0.8780853451911931,-0.9711786537377154,-0.37974395436418584,0.23772016937725884,204
1.2072759105159812,-0.1774853357301348,0.049460962135795185,-0.37974395436418584,-0.326029485289305,344
-1.2678588826975346,0.8734146784614526,1.4393422137860707,-0.7612683559357056,-1.5837193466805062,497
0.9412567504977061,-1.228385349921722,-1.2951359379569525,0.7648292503503734,-0.7116882904424663,136
-0.9902736722436822,0.1728146690003943,0.7426598821317972,-0.7612683559357056,0.36299787041427306,429
0.9898341623271302,1.2237146831919816,0.22363154504936356,-1.1427927575072254,-0.33831161284195344,374
-1.5546969334998484,0.8734146784614526,-1.5598752239855764,1.1463536519218933,-1.236135136940555,69
-0.9509491007627199,0.8734146784614526,-0.6089038412774932,-0.37974395436418584,0.41826744440119107,240
-0.446669301771555,0.8734146784614526,1.0387498730848634,1.1463536519218933,0.05471646884279695,478
0.1200671695717266,0.5231146737309235,-0.5601360780616941,-1.5243171590787452,-1.2127990945905232,232
0.03910481652268637,0.8734146784614526,-1.6469605154423606,0.0017804472073339017,-1.2005169670378746,78
-0.9278169998915655,0.1728146690003943,-0.7203730143421769,1.5278780534934129,1.418032627186775,237
-0.4790542429911711,-1.228385349921722,1.5786786801169255,-1.5243171590787452,-1.6832045798569586,514
1.3992723477465623,-1.228385349921722,-0.8074583057989612,-0.37974395436418584,-0.4758714414316161,215
0.994460582501361,0.8734146784614526,0.29678318987306224,0.3833048487788537,-1.4866905390145835,364
-0.9440094705013735,-1.5786853546522512,0.29329977821479086,1.1463536519218933,-1.0973470955956277,331
-1.3256891348754203,0.1728146690003943,0.42566942122910284,-0.7612683559357056,-1.0568160746718878,356
-0.7913376047517549,0.1728146690003943,-1.6399936921258178,0.0017804472073339017,-0.10986404036269228,82
-0.14826520053366388,-0.5277853404606639,0.13654625359257935,0.7648292503503734,0.5337194433960865,352
-1.7513197909046605,1.5740146879225108,1.2094370443401605,-1.5243171590787452,0.6454868041251873,498
-1.4598553199281157,-0.8780853451911931,-0.23269538218418556,0.7648292503503734,-0.17987216741278844,268
-0.4790542429911711,-0.8780853451911931,-0.08290868087851677,1.1463536519218933,-0.38129905927622304,299
0.14319927044288094,-1.5786853546522512,-0.4068659650977539,1.1463536519218933,1.0643073536704994,280
-0.007159385219622335,-0.8780853451911931,0.9342475233367225,1.5278780534934129,0.6012711449356529,467
0.6729243803923156,-0.5277853404606639,0.9516645816280793,0.3833048487788537,-1.3700103272644233,448
-0.5299448649077106,-0.1774853357301348,1.6622805599154382,0.3833048487788537,-1.3982592206355147,536
-0.7820847644032931,-0.8780853451911931,-1.424022169312993,-1.1427927575072254,-0.45867646285790825,101
1.5126196420152185,0.1728146690003943,0.21318131007454943,-0.7612683559357056,1.5862977746580587,405
-0.21303508297289606,-0.1774853357301348,0.20273107509973534,-0.37974395436418584,-1.7397023665991416,325
-0.9278169998915655,-0.8780853451911931,-0.2292119705259142,-0.37974395436418584,0.48090629491969816,286
1.6120876757611822,0.1728146690003943,-0.21179491223455735,1.1463536519218933,-1.3073714767459161,299
-1.5778290343710029,0.1728146690003943,-0.3546147902236834,-1.5243171590787452,-1.4756366242171999,233
-0.9440094705013735,0.8734146784614526,1.5020436236349552,-0.37974395436418584,-0.38744012305254727,530
1.1980230701675194,-1.228385349921722,0.7635603520814255,-0.37974395436418584,-0.020204509228358595,446
-0.40503152020347716,-1.5786853546522512,0.6277072974088421,-1.5243171590787452,-0.3039216556945378,399
-1.0851152858154152,-0.5277853404606639,-0.995562535345615,-0.7612683559357056,-0.8062606725978594,155
1.1193739272055945,0.5231146737309235,-1.023429828611786,0.0017804472073339017,-0.7350243327924983,187
0.7076225316990471,1.5740146879225108,0.8297451735885815,0.3833048487788537,-1.3196536042985645,444
0.8626076075357813,-0.8780853451911931,-0.7134061910256342,1.5278780534934129,-0.8922355654663985,218
1.1401928179896335,-0.8780853451911931,1.669247383231981,1.5278780534934129,0.19718914845351898,581
-1.728187690033506,-0.1774853357301348,-1.023429828611786,1.5278780534934129,0.569337613298767,167
-0.9347566301529118,-0.1774853357301348,-0.6367711345436642,-1.5243171590787452,-1.5333626237146476,198
1.1170607171184792,1.5740146879225108,0.6068068274592139,1.5278780534934129,1.2804727985971123,460
0.23572767392749835,-0.8780853451911931,-1.6574107504171747,1.1463536519218933,0.6049557832014475,98
-0.14826520053366388,1.2237146831919816,1.2094370443401605,-1.1427927575072254,1.0986973108179152,524
-0.7311941424867535,-0.5277853404606639,-1.1976004115253542,-1.5243171590787452,-0.14548221026537278,141
0.212595573056344,-0.8780853451911931,1.5612616218255686,-1.5243171590787452,-1.1759527119325777,530
-0.9231905797173346,-1.228385349921722,-1.5076240491115058,0.3833048487788537,-1.3663256889986286,71
-0.20609545271154975,1.5740146879225108,0.8123281152972246,1.5278780534934129,0.6368893148383334,462
0.5642035062978902,1.2237146831919816,1.0108825798186925,0.7648292503503734,0.5103834010460544,496
1.3553213560913688,-0.5277853404606639,-0.9746620653959868,0.0017804472073339017,-0.8087170981083891,190
-0.6872431508315603,-0.8780853451911931,0.13654625359257935,-1.1427927575072254,0.08173714945862354,335
-0.8098432854486783,0.5231146737309235,1.0735839896675772,-1.5243171590787452,0.703212803622635,486
1.6537254573292601,0.8734146784614526,-0.5078849031876236,-1.1427927575072254,1.1232615659232121,300
-0.41197115046482347,-1.228385349921722,0.7844608220310536,-1.5243171590787452,-0.6244851848186623,418
1.1401928179896335,0.5231146737309235,0.42218600957083147,-0.7612683559357056,1.5027793073000493,431
1.1193739272055945,-0.1774853357301348,-0.7343066609752624,0.3833048487788537,0.8260340791491196,250
0.5318185650782741,-0.1774853357301348,-0.9781454770542581,1.1463536519218933,-1.7089970477175205,166
1.5542574235832964,-0.8780853451911931,0.5266883593189725,-0.7612683559357056,1.2080082460364865,438
-0.44435609168443957,-0.1774853357301348,-0.5392356081120658,1.5278780534934129,0.7523413138332289,257
-0.9925868823307977,-1.228385349921722,-0.7029559560508202,0.0017804472073339017,-0.24005459242076585,203
1.1147475070313637,-0.5277853404606639,-0.8283587757485893,0.7648292503503734,0.9783324608019603,237
-1.6819234882911973,0.1728146690003943,-0.7830744241910615,1.1463536519218933,-0.08898442352318991,194
0.5202525146426968,-1.5786853546522512,-0.7621739542414334,-0.7612683559357056,-1.7384741538438768,188
-1.1244398572963774,1.5740146879225108,1.5124938586097694,-1.1427927575072254,-1.5824911339252414,514
1.0546040447663623,-0.5277853404606639,1.4985602119766839,-1.1427927575072254,1.7152601139608674,581
0.3513881782832701,0.1728146690003943,0.7322096471569831,0.0017804472073339017,-0.68221118431611,428
-0.6479185793505978,1.2237146831919816,-0.24662902881727103,-1.5243171590787452,-1.2029733925484043,271
1.1610117087736724,-1.228385349921722,0.8227783502720387,-1.1427927575072254,1.3860990955498889,477
1.350694935917138,0.5231146737309235,1.063133754692763,1.5278780534934129,1.7066626246740135,529
-0.07655568783308539,0.1728146690003943,-0.9711786537377154,0.7648292503503734,1.780355389989904,218
-1.323375924788305,-1.228385349921722,-0.43473325836392485,0.3833048487788537,-0.00423774340991561,242
0.6405394391726995,0.8734146784614526,-1.44143922760435,1.5278780534934129,-1.3540435614459803,113
-0.5553901758659805,0.5231146737309235,0.5928731808261285,0.7648292503503734,-0.9290819481243439,394
0.356014598457501,-0.1774853357301348,-0.588003371327865,0.0017804472073339017,-0.6330826741055162,237
-0.839915016581179,-0.1774853357301348,0.8192949386137673,1.5278780534934129,-0.6601033547213428,423
0.28199187566980705,0.5231146737309235,-0.19786126560147188,0.3833048487788537,-1.6009143252542142,280
-0.1366991500980867,1.2237146831919816,-1.3264866428813948,0.3833048487788537,0.3212386367352683,148
-1.7166216395979288,1.2237146831919816,0.5266883593189725,-0.37974395436418584,-0.9524179904743759,373
-0.6710506802217522,1.2237146831919816,0.11216237198467979,-1.5243171590787452,-0.012835232696769524,342
0.8788000781455894,0.1728146690003943,-1.5424581656942196,0.0017804472073339017,1.5777002853712048,145
-1.281738143220227,1.5740146879225108,-0.3859654951481257,1.5278780534934129,0.08296536221388838,267
-1.0596699748571452,0.1728146690003943,1.1746029277574468,1.1463536519218933,-0.20934927353914473,481
1.2257815912129046,-0.8780853451911931,-1.3717709944389227,1.1463536519218933,-0.9389076501664626,127
-0.13901236018520213,-1.5786853546522512,1.6309298549909959,0.0017804472073339017,-0.397265825094666,545
-0.17833693166616454,0.5231146737309235,-1.347387112831023,1.5278780534934129,-1.6328478568911,109
-1.1082473866865694,-0.5277853404606639,1.4010246855450856,-0.7612683559357056,1.2485392669602262,532
-0.11125383913981692,-1.5786853546522512,1.2686550425307737,-0.7612683559357056,1.1637925868469519,518
-0.0025329650453914648,0.8734146784614526,-1.1976004115253542,-1.5243171590787452,-1.7298766645570227,133
1.126313557466941,0.1728146690003943,1.3592237456458292,1.5278780534934129,-1.7458434303754657,511
0.425410901070964,0.1728146690003943,1.575195268458654,0.3833048487788537,-0.5950080786923061,551
-0.8861792183234877,-1.228385349921722,1.5264275052428549,-1.1427927575072254,0.5717940388092967,538
-0.7034356214413683,-1.5786853546522512,-1.612126398859647,1.1463536519218933,1.6980651353871596,107
0.6174073383015451,-1.228385349921722,0.8436788202216668,1.5278780534934129,0.6761921230068085,462
-1.7004291689881208,-0.5277853404606639,0.14002966525085073,1.5278780534934129,0.751113101077964,336
0.3305692874992312,-1.228385349921722,0.6590580023332845,-1.1427927575072254,-0.651505865434489,409
0.6775508005665465,-1.5786853546522512,1.585645503433468,-1.1427927575072254,-0.7767835664715032,543
0.265799405059999,0.5231146737309235,1.7389156163974082,0.7648292503503734,1.7471936455977533,613
-1.5847686646323491,0.8734146784614526,-1.4205387576547217,-0.37974395436418584,0.07191144741650478,110
0.4230976909838486,0.1728146690003943,-0.21527832389282872,-1.5243171590787452,-0.2916395281418893,299
-0.7057488315284838,-0.5277853404606639,0.32813389479750454,1.1463536519218933,-0.7104600776872014,352
-0.44898251185867044,0.1728146690003943,1.15718586946609,-1.1427927575072254,-1.4191388374750171,466
1.5958952051513742,-0.8780853451911931,-0.037624329320989,-0.7612683559357056,-0.7202857797293203,326
-0.060363217223277345,0.8734146784614526,0.9621148166028933,0.0017804472073339017,1.4069787123893913,493
1.2604797425196361,1.5740146879225108,-1.1418658249930125,-0.7612683559357056,-0.5065767603132372,181
-0.573895856562904,-1.228385349921722,1.2164038676567033,0.7648292503503734,1.5138332220974329,513
0.8302226663161651,-0.1774853357301348,1.5403611518759404,0.7648292503503734,-1.0506750108955636,542
-0.8491678569296407,-1.5786853546522512,-0.30584702700788424,-1.1427927575072254,-0.3284859107998347,259
-1.6772970681169665,0.1728146690003943,0.06339460876888066,0.7648292503503734,0.08296536221388838,318
1.22809480130002,-1.228385349921722,-1.573808870618662,0.3833048487788537,-0.11968974240481103,109
0.2843050857569225,-0.5277853404606639,1.6204796200161817,1.5278780534934129,-1.0273389685455314,545
0.07611617791653333,0.1728146690003943,0.07384484374369475,1.5278780534934129,0.5189808903329084,350
-1.4043382778373452,1.5740146879225108,-0.33719773193232655,-1.1427927575072254,0.18859165916666507,273
0.7747056242253947,0.8734146784614526,0.777493998714511,0.7648292503503734,0.16402740406136815,458
0.2773654554955762,0.8734146784614526,0.014626845553081514,0.0017804472073339017,0.17508131885875175,342
0.9019321790167436,0.1728146690003943,-1.0094961819787005,0.3833048487788537,-0.3616476551919855,190
0.48555436333596536,-0.5277853404606639,-0.8179085407737753,-1.5243171590787452,-1.2103426690799934,194
0.7955245150094337,0.8734146784614526,-1.0826478268023991,0.7648292503503734,0.036293277513824274,189
0.6521054896082766,0.8734146784614526,0.19924766344146397,0.3833048487788537,-0.19583893323123142,367
1.6629782976777219,1.5740146879225108,0.3629680113802182,-0.37974395436418584,1.7152601139608674,439
0.19640310244653594,-1.5786853546522512,-0.35113137856541204,-1.5243171590787452,1.21906216083387,291
1.4848611209698332,-0.5277853404606639,-0.31978067364096974,1.5278780534934129,1.036058460299408,316
-0.03723111635212299,-0.5277853404606639,0.8436788202216668,-0.37974395436418584,-1.0838367552877144,428
1.6190273060225286,0.5231146737309235,-1.1557994716260978,-1.1427927575072254,-1.7347895155780821,158
0.5202525146426968,0.5231146737309235,-1.6922448669998884,1.1463536519218933,-1.4805494752382593,71
-1.7189348496850443,0.8734146784614526,-1.1244487667016556,-1.1427927575072254,-1.7556691324175846,120
-1.0666096051184917,-0.1774853357301348,-0.07594185756197404,0.0017804472073339017,-0.38866833580781207,296
0.24266730418884466,0.5231146737309235,1.6378966783075386,0.3833048487788537,0.220525190803551,573
-1.5732026141967719,0.8734146784614526,-0.2814631453999847,1.1463536519218933,-1.2975457747037973,251
1.6490990371550291,1.2237146831919816,-0.2710129104251706,-1.5243171590787452,-0.020204509228358595,317
1.4964271714054105,-0.8780853451911931,-0.995562535345615,-1.5243171590787452,-0.5692156108317443,190
1.195709860080404,-0.8780853451911931,-1.0303966519283287,-0.37974395436418584,0.27211012652467453,195
-0.44898251185867044,-0.5277853404606639,-0.8875767739392025,0.0017804472073339017,0.743743824546375,204
0.3930259598513479,-0.1774853357301348,0.7949110570058677,1.5278780534934129,1.1367719062311255,465
0.9759549018044376,1.5740146879225108,-1.1836667648922687,0.7648292503503734,0.5656529750329725,189
0.978268111891553,-1.5786853546522512,-1.1523160599678264,0.7648292503503734,-1.4252799012513413,143
0.5665167163850056,0.5231146737309235,-0.7343066609752624,1.1463536519218933,0.4133545933801317,240
0.06686333756807158,1.2237146831919816,1.1362853995164617,0.0017804472073339017,1.361534840444592,521
0.06455012748095615,0.8734146784614526,-0.29888020369134155,0.0017804472073339017,-0.6613315674766077,280
1.22809480130002,-0.1774853357301348,1.404508097203357,-1.5243171590787452,-1.3380767956275372,522
-0.6294128986536743,-0.5277853404606639,0.6555745906750131,1.5278780534934129,0.2119277015166971,415
-1.286364563394458,0.5231146737309235,-0.6228374879105787,0.3833048487788537,1.6133184552738853,251
0.7400074729186632,-0.1774853357301348,-1.469306520870521,1.5278780534934129,-1.5124830068751451,102
-0.7728319240548314,0.5231146737309235,-0.09335891585333086,-0.7612683559357056,1.2325725011417832,328
0.5109996742942351,-1.5786853546522512,-1.3996382877050935,0.0017804472073339017,0.6946153143357812,136
1.3159967846104066,-1.5786853546522512,-0.9502781837880871,-1.1427927575072254,0.7253206332174023,211
-0.5646430162144422,1.5740146879225108,-1.7026951019747025,0.0017804472073339017,0.7302334842384617,97
-0.4004051000292463,-0.8780853451911931,-1.2359179397663393,1.1463536519218933,1.6587623272186844,168
0.6636715400438539,-1.228385349921722,0.7217594121821691,-1.1427927575072254,-0.7595885878977953,421
-1.3071834541784968,-1.228385349921722,-0.48350102157972397,1.1463536519218933,0.4219520826669856,242
-0.8722999578007951,0.5231146737309235,-1.2185008814749825,-0.37974395436418584,0.4194956571564559,152
-0.9602019411111816,1.5740146879225108,0.446569891178731,-1.5243171590787452,1.7091190501845432,416
0.45316942211634925,-1.228385349921722,-1.242884763082882,0.0017804472073339017,-0.25356493272867914,144
-0.16445767114347193,-0.5277853404606639,0.4535367144952738,-1.5243171590787452,-1.0506750108955636,371
-0.8931188485848339,-1.228385349921722,-1.0861312384606705,0.7648292503503734,0.8653368873175946,168
0.3120636068023077,0.1728146690003943,1.1153849295668334,1.1463536519218933,-1.0678699894692714,476
0.3513881782832701,0.8734146784614526,-0.4591171399718244,-0.7612683559357056,1.4818996904605468,296
-0.5484505456046341,1.5740146879225108,-0.38248208348985435,-0.7612683559357056,0.3654542959248027,281
0.9551360110203987,-0.5277853404606639,1.4567592720774276,0.7648292503503734,0.743743824546375,559
-0.06961605757173908,-0.1774853357301348,1.327873040721387,-0.37974395436418584,1.7238576032477213,545
-1.2909909835686888,-0.5277853404606639,0.5859063575095858,-0.7612683559357056,0.9660503332493119,408
-0.7150016718769455,-0.8780853451911931,-0.13864326741085864,1.1463536519218933,-1.6819763671016938,267
1.232721221474251,-0.1774853357301348,0.3351007181140473,-0.7612683559357056,0.8665651000728595,405
1.1471324482509797,1.2237146831919816,-0.09335891585333086,0.7648292503503734,-0.1295154444469298,335
-0.5623298061273267,0.8734146784614526,1.7423990280556796,-1.1427927575072254,0.1873634464114002,579
0.585022397081929,0.8734146784614526,-1.3299700545396662,-1.5243171590787452,1.5764720726159398,175
0.4439165817678875,0.8734146784614526,-1.281202291323867,0.3833048487788537,-1.35649998695651,133
-0.08812173826866257,0.8734146784614526,-1.6469605154423606,1.1463536519218933,0.5361758689066162,105
0.5780827668205828,0.5231146737309235,-1.023429828611786,-1.5243171590787452,1.1367719062311255,210
-0.6085940078696355,0.8734146784614526,-0.5671029013782368,1.5278780534934129,-1.0998035211061574,226
-1.4968666813219624,0.8734146784614526,-0.5984536063026791,-0.7612683559357056,-1.410541348188163,205
-0.8746131678879105,0.8734146784614526,1.111901517908562,-0.7612683559357056,-1.5358190492251773,456
1.3969591376594468,1.5740146879225108,-0.037624329320989,-0.37974395436418584,-0.4758714414316161,342
-0.41659757063905434,0.5231146737309235,-0.8283587757485893,-1.5243171590787452,-1.4044002844118388,184
-0.8537942771038716,-1.5786853546522512,0.04597755047752382,1.5278780534934129,0.25368693519570185,319
0.7492603132671249,-0.5277853404606639,-1.291652526298681,-0.7612683559357056,0.5177526775776435,158
-0.09968778870423974,-0.5277853404606639,0.6416409440419276,-0.37974395436418584,1.3087216919682036,437
-1.600961135242157,-0.1774853357301348,0.7670437637396968,-1.5243171590787452,0.9537682056966634,432
-1.1336926976448392,1.5740146879225108,0.02856049218616698,-0.37974395436418584,1.5261153496500812,351
1.3414420955686763,0.1728146690003943,-0.013240447713089423,-1.5243171590787452,0.4870473586960224,352
-0.9856472520694514,-0.5277853404606639,-1.5494249890107623,0.0017804472073339017,0.3863339127643051,96
1.4478497595759863,-1.228385349921722,-0.6123872529357646,0.0017804472073339017,-1.442474879825049,228
-0.36339373863539937,0.1728146690003943,-1.0826478268023991,0.7648292503503734,-0.3370834000866886,164
-1.3835193870533062,0.8734146784614526,1.4079915088616284,1.1463536519218933,-0.05950731739683363,517
-1.7420669505561988,0.8734146784614526,-0.2501124404755424,-0.37974395436418584,1.4966382435237249,299
1.297491103913483,0.5231146737309235,0.23059836836590628,0.7648292503503734,-0.9978618624191752,365
-0.08118210800731626,0.1728146690003943,1.0213328147935066,-0.37974395436418584,0.3998442530722184,481
0.08536901826499507,-1.228385349921722,-1.4344724042878072,-0.7612683559357056,-0.6392237378818405,106
-1.5315648326286941,0.5231146737309235,-0.5705863130365082,0.3833048487788537,0.5288065923750271,238
1.584329154715797,-0.1774853357301348,0.6973755305742695,-0.37974395436418584,-1.5566986660646798,422
1.5079932218409877,0.1728146690003943,-0.4626005516300958,-0.7612683559357056,0.4845909331854927,290
0.034478396348455495,1.5740146879225108,-0.2570792637920851,1.5278780534934129,-1.6930302818990774,273
-1.2724853028717653,0.8734146784614526,1.6483469132823527,0.0017804472073339017,1.6170030935396797,580
0.8047773553578954,0.8734146784614526,0.08777849037678022,0.7648292503503734,0.27825119030099876,361
-0.839915016581179,-0.8780853451911931,-0.9607284187629013,0.3833048487788537,-0.18969786945490721,171
-0.4073447302905926,0.5231146737309235,1.2686550425307737,0.0017804472073339017,1.6256005828265336,534
0.28893150593115335,-1.5786853546522512,-1.4484060509208927,0.7648292503503734,1.0643073536704994,132
0.7076225316990471,-1.5786853546522512,0.25498224997380586,0.3833048487788537,-0.49920748378164814,357
1.6722311380261836,0.5231146737309235,0.31071683650614773,-1.1427927575072254,1.4438250950473366,421
-0.39809188994213085,1.5740146879225108,0.06687802042715202,-0.7612683559357056,-0.7804682047372976,329
1.318309994697522,1.2237146831919816,-0.54968584308688,-1.1427927575072254,0.094019277011272,275
0.8001509351836645,0.5231146737309235,-1.3822212294137368,-0.7612683559357056,0.9144653975281885,158
-1.5546969334998484,1.5740146879225108,0.6904087072577267,-1.5243171590787452,-1.4007156461460444,393
-0.21072187288578062,-0.1774853357301348,0.5824229458513144,1.1463536519218933,1.3701323297314458,431
-0.11588025931404779,0.8734146784614526,0.10171213700986569,0.3833048487788537,0.751113101077964,359
0.3976523800255788,-1.228385349921722,-0.769140777557976,-1.1427927575072254,-1.6193375165831867,189
-1.207715420432533,1.2237146831919816,-0.3964157301229398,1.1463536519218933,0.5251219541092326,271
-1.7628858413402375,0.1728146690003943,1.1989868093653464,0.3833048487788537,1.6612187527292142,505
-1.2470399919134956,1.2237146831919816,-1.6922448669998884,0.7648292503503734,1.2731035220655231,97
0.08536901826499507,-1.228385349921722,-1.2254677047915252,-1.5243171590787452,1.646480199666036,173
-0.40503152020347716,-0.8780853451911931,-0.901510420572288,0.7648292503503734,-0.872584161382161,174
-1.499179891409078,0.8734146784614526,0.3838684813298464,-0.7612683559357056,-0.8050324598425945,355
0.356014598457501,-1.5786853546522512,0.13654625359257935,1.1463536519218933,1.0569380771389105,361
0.8394755066646269,1.5740146879225108,-1.5250411074028627,0.3833048487788537,1.5236589241395515,154
-1.318749504614074,0.5231146737309235,0.5441054176103293,-0.37974395436418584,-1.4645827094198163,368
0.9852077421528993,0.5231146737309235,0.8123281152972246,1.1463536519218933,-0.2363699541549713,457
0.24729372436307553,-1.5786853546522512,-0.5740697246947796,1.5278780534934129,1.2362571394075779,260
-1.5593233536740794,1.2237146831919816,1.6727307948902523,-1.1427927575072254,0.4931884224723466,563
-1.4853006308863854,0.8734146784614526,1.4463090371026135,0.3833048487788537,-0.5839541638949224,512
-1.4367232190569612,-0.5277853404606639,0.8401954085633956,0.0017804472073339017,-0.49429463276058877,419
0.5318185650782741,1.5740146879225108,0.7914276453475964,0.0017804472073339017,-1.4486159436013732,434
-1.5223119922802324,-0.1774853357301348,0.8123281152972246,-0.7612683559357056,-0.40709152713678476,417
0.2843050857569225,-1.228385349921722,-0.7412734842918052,1.1463536519218933,-1.6070553890305384,192
-0.7774583442290622,1.2237146831919816,0.16093013520047894,1.1463536519218933,-0.6736136950292562,337
1.3067439442619448,0.1728146690003943,-0.013240447713089423,0.0017804472073339017,-1.4449313053355788,321
-1.0342246638988755,-0.8780853451911931,0.09126190203505159,1.1463536519218933,1.0729048429573533,341
-0.29862385619616716,0.5231146737309235,-1.176699941575726,1.1463536519218933,-1.2103426690799934,139
-1.7466933707304295,1.2237146831919816,1.6204796200161817,-0.7612683559357056,-0.26830348579185725,540
0.022912345912878322,-0.8780853451911931,-0.023690682687903527,-1.1427927575072254,-0.16022076332855092,317
0.7700792040511638,-1.228385349921722,-0.8039748941406898,1.5278780534934129,-1.427736326761871,193
1.4316572889661783,0.5231146737309235,-0.5775531363530509,-1.1427927575072254,-0.7055472266661421,255
-1.2516664120877263,0.5231146737309235,1.3209062174048443,1.5278780534934129,0.6663664209646898,516
1.5635102639317582,-0.5277853404606639,-1.1209653550433842,-0.37974395436418584,0.9549964184519283,200
-0.48830708333963285,1.2237146831919816,0.6904087072577267,-1.1427927575072254,-0.40463510162625504,421
1.457102599924448,0.8734146784614526,-0.6263208995688501,-1.5243171590787452,-0.28918310263135966,257
-0.11125383913981692,-1.5786853546522512,1.091001047958934,-0.37974395436418584,-1.2324504986747606,454
1.211902330690212,-1.5786853546522512,-0.037624329320989,1.5278780534934129,1.6980651353871596,357
1.3368156753944456,-0.1774853357301348,-1.5111074607697772,1.5278780534934129,1.4229454782078343,151
0.7955245150094337,0.1728146690003943,0.4535367144952738,-0.37974395436418584,1.3283730960524411,426
1.3368156753944456,-0.8780853451911931,-0.0585247992706172,1.5278780534934129,1.7766707517241096,361
-1.5107459418446552,1.2237146831919816,-0.6750886627846492,0.3833048487788537,-0.8946919909769282,204
-1.1868965296484943,1.5740146879225108,-0.1003257391698736,-1.5243171590787452,0.8763908021149782,321
-0.8815527981492568,0.1728146690003943,-0.5775531363530509,0.3833048487788537,1.3910119465709483,258
-1.7513197909046605,-0.5277853404606639,1.129318576199919,1.5278780534934129,-0.12091795516007588,463
-0.7057488315284838,0.5231146737309235,1.2407877492646027,-1.1427927575072254,-1.2815790088853545,479
0.7955245150094337,0.8734146784614526,-1.215017469816711,0.3833048487788537,0.33843361530897614,175
-1.286364563394458,1.2237146831919816,0.617257062434028,-1.1427927575072254,-0.9290819481243439,392
0.31437681688942315,0.1728146690003943,-0.7935246591658757,-0.37974395436418584,-1.173496286422048,200
1.5033668016667567,0.1728146690003943,1.0282996381100493,1.1463536519218933,-0.6171159082870733,486
1.3275628350459838,0.8734146784614526,-0.24314561715899966,0.7648292503503734,-1.7532127069070549,287
-1.7166216395979288,-0.1774853357301348,0.8854797601209233,1.5278780534934129,-0.3948093995841363,426
-0.8190961257971401,-0.8780853451911931,-0.8666763039895744,0.7648292503503734,0.30527187091682534,193
0.30281076645384597,-0.8780853451911931,-0.4695673749466385,-1.5243171590787452,-1.0961188828403627,241
-0.5762090666500194,0.1728146690003943,1.2512379842394168,-1.1427927575072254,0.20455842498510804,504
0.8949925487553974,-1.228385349921722,0.9760484632359788,0.3833048487788537,-0.6257133975739272,463
0.10387469896191855,0.1728146690003943,0.9446977583115366,0.7648292503503734,-0.2511085072181494,462
0.2542333546244218,0.1728146690003943,0.3455509530888614,-0.7612683559357056,0.25368693519570185,386
-1.7351273202948523,0.8734146784614526,-1.0791644151441278,1.5278780534934129,-1.6856610053674883,129
0.47861473307461905,0.5231146737309235,-1.4762733441870637,0.7648292503503734,-0.12828723169166495,124
0.4948072036844271,0.8734146784614526,1.1502190461495472,0.3833048487788537,-0.7902939067794164,492
0.5780827668205828,1.2237146831919816,-0.4939512565545381,0.3833048487788537,-0.5016639092921779,264
0.6289733887371223,0.1728146690003943,-1.1105151200685701,-1.5243171590787452,-0.8381942042347453,164
-1.5662629839354256,-0.8780853451911931,-0.05504138761234583,0.0017804472073339017,-1.2238530093879068,275
0.3351957076734621,1.5740146879225108,0.1539633118839362,-0.7612683559357056,1.0741330557126183,381
1.297491103913483,-0.8780853451911931,-0.4277664350473821,0.7648292503503734,-0.0030095306546507644,279
1.163324918860788,-1.5786853546522512,-1.3334534661979376,-0.7612683559357056,0.06085753261912118,144
-1.4853006308863854,-0.1774853357301348,-0.17696079565184367,0.0017804472073339017,-0.4906099944947942,274
0.9412567504977061,-0.5277853404606639,1.2024702210236178,0.7648292503503734,1.3652194787103866,532
-0.03260469617789212,1.2237146831919816,-0.9154440672053735,-0.7612683559357056,0.5386322944171459,212
1.424717658704832,1.2237146831919816,-0.15954373736048685,-1.1427927575072254,1.3038088409471442,352
-0.18296335184039542,-0.1774853357301348,-0.16651056067702957,0.3833048487788537,1.725085816002986,329
-1.052730344595799,1.5740146879225108,-0.3267474969575125,1.1463536519218933,1.7459654328424885,305
-0.15983125096924106,-0.5277853404606639,0.8297451735885815,-0.37974395436418584,-1.3356203701170075,420
-1.1013077564252232,0.5231146737309235,0.3176836598226905,1.5278780534934129,1.6563059017081547,390
-1.05735676477003,0.1728146690003943,-1.413571934338179,1.1463536519218933,-1.1366499037641027,94
0.34676175810903925,-0.5277853404606639,0.43611965620391696,0.7648292503503734,-0.2854984643655651,388
-0.23616718384405042,1.5740146879225108,0.21318131007454943,0.7648292503503734,0.043662554045413346,366
-0.4975599236880946,-1.228385349921722,-1.660894162075446,-0.7612683559357056,0.8026980367990876,89
1.4154648183563703,-1.5786853546522512,1.111901517908562,0.3833048487788537,-0.24128280517603068,493
-1.0457907143344527,-0.5277853404606639,1.167636104440904,0.0017804472073339017,1.3345141598287653,501
0.2519201445373064,-0.5277853404606639,0.7078257655490836,-1.5243171590787452,0.498101273493406,438
0.7376942628315478,-1.5786853546522512,0.011143433894810146,-0.7612683559357056,-0.8946919909769282,315
0.3698938589801936,0.1728146690003943,-0.7726241892162474,-1.5243171590787452,0.6553125061673062,233
-0.021038645742314944,-0.5277853404606639,0.1226126069594939,-0.37974395436418584,-0.29778059191821354,337
-1.6865499084654283,-1.5786853546522512,-1.2881691146404097,-0.7612683559357056,-0.0017813178993859194,112
-0.7381337727480999,-1.5786853546522512,1.6727307948902523,-0.37974395436418584,-0.06319195566262817,548
-1.552383723412733,-1.5786853546522512,-0.4765341982631813,1.5278780534934129,0.7842748454701148,244
1.0800493557246322,0.8734146784614526,-1.5076240491115058,-0.7612683559357056,0.07068323466123994,132
-0.9509491007627199,1.5740146879225108,-1.5668420473021192,0.3833048487788537,-0.548335993992242,91
0.32131644715076946,0.8734146784614526,1.3801242155954574,0.3833048487788537,1.0532534388731158,553
1.3692006166140616,-1.228385349921722,-0.5357521964537945,0.7648292503503734,1.2755599475760528,283
0.2264748335790366,0.5231146737309235,0.5232049476607011,1.5278780534934129,-0.6441365889028998,399
-1.3997118576631142,0.8734146784614526,-1.1035482967520274,0.7648292503503734,-0.730111481771439,145
0.44622979185500294,0.8734146784614526,0.19924766344146397,-1.5243171590787452,-1.6782917288358994,340
-1.711995219423698,1.5740146879225108,-0.8039748941406898,1.1463536519218933,0.7904159092464391,213
-0.8329753863198327,0.5231146737309235,1.3870910389120001,0.0017804472073339017,1.274331734820788,540
0.09462185861345682,-0.1774853357301348,0.09474531369332295,1.5278780534934129,0.11367068109550951,344
-0.573895856562904,-1.5786853546522512,0.8367119969051242,0.0017804472073339017,-0.5704438235870092,422
-0.07424247774596995,1.2237146831919816,0.11564578364295117,0.0017804472073339017,0.514068039311849,359
1.4432233394017555,0.5231146737309235,1.4079915088616284,-1.1427927575072254,-1.6144246655621273,525
1.4848611209698332,-1.228385349921722,1.2164038676567033,-0.7612683559357056,-0.2990088046734784,510
-0.536884495169057,0.1728146690003943,-1.2986193496152239,1.5278780534934129,0.34703110459583003,142
0.4439165817678875,-1.228385349921722,-1.0652307685110423,0.7648292503503734,-0.3125191449813917,169
-1.4159043282729222,-1.5786853546522512,1.4497924487608849,-1.5243171590787452,-0.6650162057424022,498
0.4230976909838486,0.5231146737309235,1.3383232756962011,-0.7612683559357056,1.701749773652954,556
-0.36108052854828393,-1.228385349921722,-1.3021027612734952,-1.1427927575072254,-1.0568160746718878,112
-0.7959640249259857,-1.228385349921722,-1.1418658249930125,-1.5243171590787452,0.6160096979988311,156
1.179517389470596,-0.1774853357301348,0.31071683650614773,1.5278780534934129,-0.6072902062449544,377
0.871860447884243,-0.1774853357301348,0.7740105870562396,1.1463536519218933,1.5813849236369992,476
0.23572767392749835,0.5231146737309235,0.1853140168083785,0.0017804472073339017,1.3959247975920077,383
-0.43047683116174695,-1.5786853546522512,0.33858412977231866,-1.1427927575072254,-0.3763862082551636,356
-0.9925868823307977,0.8734146784614526,-0.8806099506226599,-1.5243171590787452,-0.14548221026537278,191
1.568136684105989,-0.8780853451911931,1.2164038676567033,0.7648292503503734,1.6034927532317664,544
0.38839953967711704,-0.5277853404606639,-1.4762733441870637,-1.1427927575072254,0.1271810214034228,120
-1.0851152858154152,1.2237146831919816,-1.4623396975539782,-1.5243171590787452,1.0962408853073855,129
-0.021038645742314944,-0.5277853404606639,1.111901517908562,-1.1427927575072254,0.43791884848542856,491
1.4594158100115635,1.5740146879225108,-0.14909350238567273,0.7648292503503734,0.799013398533293,348
-1.3372551853109975,-0.1774853357301348,-0.2570792637920851,0.7648292503503734,-0.7915221195346812,260
1.1702645491221342,0.5231146737309235,0.14699648856739347,0.3833048487788537,0.006816171387467995,368
-0.2939974360219363,-0.5277853404606639,-0.16999397233530095,0.0017804472073339017,-1.7175945370043744,269
1.2211551710386737,-1.5786853546522512,0.8645792901712951,-0.7612683559357056,1.6280570083370633,485
1.1494456583380952,1.2237146831919816,1.5891289150917394,-0.7612683559357056,-1.6930302818990774,550
-0.5415109153432879,-0.5277853404606639,-0.0898755041950595,1.5278780534934129,-1.7470716431307307,277
-1.7189348496850443,1.2237146831919816,1.5020436236349552,-0.37974395436418584,-1.205429818058934,509
0.33982212784769295,0.1728146690003943,-0.3267474969575125,1.5278780534934129,-0.8431070552558048,273
0.2380408840146138,-1.5786853546522512,0.7705271753979682,-0.37974395436418584,1.4057504996341263,456
0.06917654765518702,-0.8780853451911931,0.21318131007454943,-1.1427927575072254,-0.0312584240257422,354
-1.536191252802925,-1.228385349921722,0.5824229458513144,-0.37974395436418584,0.9807888863124901,401
-0.02797827600366125,1.2237146831919816,0.23408178002417765,0.3833048487788537,-0.7743271409609734,356
-0.6617978398732904,-1.5786853546522512,-0.33023090861578386,0.3833048487788537,0.048575405066472725,264
1.2905514736521368,1.2237146831919816,-0.5705863130365082,0.0017804472073339017,0.2770229775457339,274
0.40690522037404053,1.2237146831919816,1.404508097203357,-1.5243171590787452,-1.093662457329833,524
-0.5507637556917496,0.8734146784614526,1.4950768003184125,-0.7612683559357056,-1.31596896603277,519
-0.9949000924179131,0.8734146784614526,-1.3891880527302793,0.0017804472073339017,0.5754786770750913,130
-1.7628858413402375,-1.5786853546522512,0.9063802300705515,0.3833048487788537,-0.4599046756131731,419
-0.9000584788461803,0.8734146784614526,-1.4623396975539782,-1.5243171590787452,-1.6844327926122236,84
-1.089741705989646,1.5740146879225108,-1.127932178359927,1.5278780534934129,-0.05090982810997972,161
0.16864458140115074,-0.8780853451911931,0.5301717709772439,-0.7612683559357056,-0.7571321623872656,389
0.5572638760365438,0.5231146737309235,-0.9607284187629013,-0.7612683559357056,-0.5139460368448263,192
-0.48830708333963285,-1.5786853546522512,1.261688219214231,-1.1427927575072254,0.7646234413858773,506
-1.0319114538117602,-1.5786853546522512,0.3873518929881178,1.1463536519218933,-1.228765860408966,342
-0.8861792183234877,1.5740146879225108,-0.5392356081120658,-0.7612683559357056,1.6771855185476572,275
-1.7351273202948523,-0.1774853357301348,0.9551479932863507,0.3833048487788537,1.6612187527292142,469
-0.6016543776082891,-0.1774853357301348,-0.4207996117308394,-1.1427927575072254,0.6663664209646898,269
-1.2331607313908028,0.8734146784614526,1.2930389241386733,0.7648292503503734,0.0424343412901485,504
0.7955245150094337,0.5231146737309235,0.32813389479750454,-0.37974395436418584,0.9771042480466955,404
-1.466794950189462,0.8734146784614526,0.6520911790167417,1.5278780534934129,0.3593132321484785,414
0.17095779148826618,0.1728146690003943,-1.5354913423776768,1.5278780534934129,0.6393457403488632,122
0.9366303303234752,0.1728146690003943,-1.5250411074028627,0.7648292503503734,1.2706470965549934,143
0.2935579261053842,-1.228385349921722,-0.6994725443925488,1.1463536519218933,0.12349638313762827,227
-1.7027423790752363,0.1728146690003943,1.0457166964014062,-0.7612683559357056,-0.9339947991454033,442
-1.6148403957648498,-0.1774853357301348,0.47443718444490196,0.0017804472073339017,0.6639099954541601,385
0.978268111891553,-0.8780853451911931,-0.8736431273061172,-1.1427927575072254,-0.05950731739683363,209
1.1309399776411717,0.1728146690003943,-1.242884763082882,0.7648292503503734,-1.0605007129376822,148
-1.1637644287773399,0.8734146784614526,1.0317830497683207,1.1463536519218933,0.8616522490518,480
1.6398461968065674,1.2237146831919816,-1.127932178359927,1.5278780534934129,0.46616774185652,202
1.5820159446286817,-1.5786853546522512,-0.40338255343948254,0.7648292503503734,0.6577689316778358,293
-0.7034356214413683,-0.8780853451911931,-0.4068659650977539,1.1463536519218933,-1.0113722027270884,239
-1.0712360252927224,-0.8780853451911931,1.0979678712754768,1.5278780534934129,0.7142667184200187,479
0.35832780854461643,0.8734146784614526,-0.041107740979260364,0.3833048487788537,1.2964395644155553,353
1.3021175240877139,-1.5786853546522512,0.9237972883619083,-1.1427927575072254,-1.3343921573617428,447
-1.1036209665123387,-0.1774853357301348,-0.037624329320989,-1.1427927575072254,0.8997268444650103,322
1.514932852102334,-0.8780853451911931,1.1920199860488037,-0.37974395436418584,-1.3221100298090942,492
0.6243469685628914,-1.228385349921722,0.5580390642434148,1.5278780534934129,0.7818184199595852,422
-0.31018990663174434,0.8734146784614526,0.3525177764054041,0.7648292503503734,0.6602253571883655,391
-1.142945537993301,-0.8780853451911931,0.6695082373080985,-1.1427927575072254,1.7398243690661643,432
-0.39809188994213085,0.5231146737309235,0.5057878893693443,1.1463536519218933,0.791644122001704,412
0.1848370520109588,-1.5786853546522512,0.6904087072577267,0.7648292503503734,0.7781337816937907,433
0.2264748335790366,0.1728146690003943,-0.6611550161515637,1.5278780534934129,0.8505983342544164,251
1.4362837091404093,-0.8780853451911931,-1.4205387576547217,1.1463536519218933,-0.080386934236336,137
1.195709860080404,0.8734146784614526,-1.4031216993633648,-0.7612683559357056,0.12103995762709858,149
-1.4598553199281157,0.1728146690003943,-0.9224108905219163,-1.5243171590787452,-0.34445267661827766,172
1.2396608517355971,-1.228385349921722,-1.650443927100632,-1.1427927575072254,0.6024993576909178,110
0.4809279431617345,0.1728146690003943,1.15718586946609,-1.1427927575072254,-1.3294793063406833,479
-0.5808354868242502,0.5231146737309235,-0.4591171399718244,-0.37974395436418584,-1.7016277711859313,230
-1.0434775042473372,-0.1774853357301348,-1.138382413334741,0.3833048487788537,-0.8553891828084532,136
-0.4351032513359778,-0.8780853451911931,0.4187025979125601,-0.37974395436418584,0.11489889385077436,379
0.28199187566980705,-0.5277853404606639,0.6207404740922994,1.5278780534934129,0.7191795694410781,430
1.2581665324325206,-0.5277853404606639,0.08429507871850886,-0.37974395436418584,1.7361397308003697,382
0.8811132882327047,0.1728146690003943,-0.48698443323799534,0.3833048487788537,0.5238937413539677,279
0.8487283470130886,1.5740146879225108,1.460242683735699,0.3833048487788537,0.15788634028504392,560
-0.17833693166616454,-1.5786853546522512,0.6660248256498271,-1.5243171590787452,-0.8529327572979235,398
1.0731097254632858,-0.5277853404606639,-0.0898755041950595,1.1463536519218933,0.9562246312071931,342
-1.3858325971404217,1.5740146879225108,1.1746029277574468,-0.7612683559357056,0.0915628515007423,489
-1.0619831849442607,-0.5277853404606639,1.2094370443401605,0.3833048487788537,-1.0482185853850339,468
-1.4066514879244605,1.5740146879225108,-0.39989914178121116,-0.7612683559357056,1.7005215608976891,289
1.4501629696631018,-1.5786853546522512,-1.3857046410720082,-1.1427927575072254,1.504007520055314,163
-0.3333220075028987,1.2237146831919816,-1.0756810034858564,0.0017804472073339017,0.4723088056328442,184
1.1818305995577114,-0.5277853404606639,0.881996348462652,-1.5243171590787452,1.4904971797474007,491
0.44622979185500294,0.5231146737309235,-0.6576716044932923,1.5278780534934129,-0.0668765939284227,242
-0.9949000924179131,-0.8780853451911931,0.5928731808261285,0.7648292503503734,0.1677120423271627,398
0.4739883129003882,1.5740146879225108,1.052683519717949,-0.7612683559357056,-1.6439017716884836,467
-0.5854619069984811,-0.8780853451911931,-1.0478137102196854,-0.37974395436418584,-1.2250812221431715,145
1.2789854232165596,0.8734146784614526,1.2860721008221305,0.3833048487788537,1.6624469654844791,561
0.6474790694340458,0.8734146784614526,1.2965223357969446,-0.7612683559357056,1.4511943715789257,551
-1.1151870169479157,-1.5786853546522512,-0.6123872529357646,0.7648292503503734,0.9046396954860697,232
0.07611617791653333,1.5740146879225108,0.011143433894810146,0.3833048487788537,0.5177526775776435,348
0.6035280777788525,-1.228385349921722,1.509010446951498,1.5278780534934129,1.0176352689704353,562
-1.4922402611477317,0.8734146784614526,1.5055270352932266,0.0017804472073339017,-0.23022889037864708,526
0.6821772207407774,-1.5786853546522512,-1.260301821374239,-0.37974395436418584,-1.4707237731961404,123
-1.3094966642656123,0.8734146784614526,0.10171213700986569,-0.7612683559357056,0.6811049740278678,342
-0.6456053692634824,0.8734146784614526,-0.22224514720937144,-1.5243171590787452,0.011729022408527376,293
0.7376942628315478,-1.228385349921722,0.24104860334072037,-0.7612683559357056,0.6049557832014475,375
0.16864458140115074,-0.5277853404606639,0.26194907329034856,-0.7612683559357056,1.4229454782078343,388
0.9736416917173222,0.1728146690003943,-1.0547805335362281,0.7648292503503734,-0.151623274041697,188
0.5665167163850056,1.2237146831919816,0.20969789841627806,0.7648292503503734,0.8223494408833251,386
-0.1690840913177028,0.8734146784614526,-0.12819303243604455,-1.5243171590787452,0.5005576990039357,320
1.0777361456375167,0.8734146784614526,-0.06549162258715993,-0.7612683559357056,1.0065813541730517,354
0.6289733887371223,0.5231146737309235,1.7354322047391368,1.1463536519218933,-0.42919935673155196,582
-0.6340393188279052,1.2237146831919816,0.8645792901712951,1.5278780534934129,-1.7053124094517258,424
-1.1290662774706084,-1.228385349921722,0.26194907329034856,0.7648292503503734,0.05471646884279695,345
-0.16445767114347193,-0.8780853451911931,1.4672095070522415,0.7648292503503734,-0.33094233631036435,526
-1.207715420432533,1.5740146879225108,-0.9258943021801876,1.1463536519218933,-0.7915221195346812,176
1.100868246508671,0.8734146784614526,-1.1697331182591832,0.3833048487788537,0.8874447169123618,194
1.1818305995577114,0.1728146690003943,0.24453201499899174,-0.7612683559357056,1.6440237741555064,406
-1.4760477905379237,1.5740146879225108,-0.48350102157972397,-1.5243171590787452,0.5226655285987029,257
-1.265545672610419,1.2237146831919816,-1.1941169998670829,0.7648292503503734,0.9316603761018962,163
1.3090571543490603,1.5740146879225108,1.4463090371026135,-1.5243171590787452,-1.1169984996798652,543
1.0291587338080925,-0.5277853404606639,0.3002666015313336,-1.5243171590787452,-1.0126004154823534,365
0.6914300610892391,0.8734146784614526,-0.4904678448962667,1.5278780534934129,0.20210199947457835,275
1.1170607171184792,1.5740146879225108,-1.072197591827585,0.7648292503503734,-1.6512710482200728,171
1.0268455237209773,-0.8780853451911931,0.512754712685887,-0.37974395436418584,-0.36287586794725035,404
-0.6224732683923281,-0.8780853451911931,-1.0826478268023991,0.3833048487788537,0.3175539984694738,165
-0.7797715543161776,0.8734146784614526,-1.5703254589603906,-1.5243171590787452,1.6870112205897758,125
1.0129662631982845,-0.1774853357301348,0.9830152865525216,0.7648292503503734,0.5631965495224428,491
0.35832780854461643,-0.8780853451911931,1.4079915088616284,0.3833048487788537,0.736374548014786,542
1.5912687849771434,1.5740146879225108,-1.6957282786581598,-0.37974395436418584,1.020091694480965,131
1.281298633303675,-1.5786853546522512,-1.4832401675036064,0.7648292503503734,-1.3282510935854186,101
-1.4182175383600377,-0.8780853451911931,-1.6051595755431043,-0.7612683559357056,-0.21549033731546893,71
-0.8792395880621414,1.2237146831919816,-0.4103493767560253,-1.5243171590787452,-0.6195723337976029,254
-1.0550435546829144,-0.1774853357301348,0.11564578364295117,-0.37974395436418584,0.9549964184519283,345
1.3784534569625233,1.5740146879225108,-1.3682875827806513,-0.7612683559357056,-1.4215952629855466,135
-0.041857536526353864,-1.228385349921722,1.3243896290631156,-1.5243171590787452,-1.064185351203477,493
0.29587113619249966,0.5231146737309235,-0.16651056067702957,-1.1427927575072254,1.710347262939808,339
-0.9000584788461803,-1.228385349921722,-0.9990459470038864,0.0017804472073339017,0.9488553546756041,181
0.6197205483886605,-0.5277853404606639,-0.27449632208344193,1.1463536519218933,0.8849882914018321,308
1.3900195073981005,0.5231146737309235,-1.633026868809275,-1.5243171590787452,1.0127224179493761,131
-1.4691081602765774,-0.5277853404606639,0.21318131007454943,-0.37974395436418584,1.2792445858418473,357
0.5803959769076982,0.5231146737309235,0.854129055196481,-0.37974395436418584,1.2595931817576098,482
-0.21997471323424236,0.5231146737309235,-1.3508705244892945,0.0017804472073339017,-0.8418788425005399,121
1.4154648183563703,-1.5786853546522512,-1.545941577352491,0.7648292503503734,1.5101485838316382,140
1.4293440788790628,0.1728146690003943,-1.4762733441870637,1.1463536519218933,0.8137519515964712,149
-0.5715826464757885,1.2237146831919816,0.39431871630466053,0.3833048487788537,-0.17864395465752358,381
-1.5685761940225411,-1.228385349921722,-1.1348990016764697,-1.5243171590787452,-0.04354055157839065,137
1.0060266329369383,-0.8780853451911931,1.6762142065485237,0.7648292503503734,-1.2557865410247926,556
1.047664414505016,1.5740146879225108,-1.319519819564852,-0.7612683559357056,1.4929536052579304,185
-1.0481039244215682,-0.1774853357301348,-0.5287853731372517,0.3833048487788537,0.6933871015805163,249
0.8764868680584739,1.2237146831919816,-1.2777188796655956,1.1463536519218933,1.7312268797793104,192
1.105494666682902,-0.5277853404606639,0.74962670544834,0.7648292503503734,-1.6500428354648078,420
-0.7797715543161776,-1.5786853546522512,-0.14909350238567273,0.3833048487788537,-0.9720693945586134,272
1.5588838437575272,-0.5277853404606639,0.42218600957083147,1.5278780534934129,-0.3284859107998347,401
-1.503806311583309,0.1728146690003943,-0.692505721076006,1.5278780534934129,1.0593945026494402,228
0.9366303303234752,-0.1774853357301348,0.6311907090671135,-1.5243171590787452,-0.27567276232344634,425
-1.0666096051184917,-1.5786853546522512,-0.2710129104251706,-1.5243171590787452,-1.5910886232120953,240
-0.04648395670058473,-0.5277853404606639,0.43611965620391696,-1.5243171590787452,-0.6809829715608452,376
-0.4073447302905926,0.1728146690003943,1.4184417438364425,1.1463536519218933,0.08787821323494777,529
0.515626094468466,1.5740146879225108,-0.7273398376587197,0.7648292503503734,0.2094712760061674,243
-0.9694547814596434,1.5740146879225108,-1.556391812327305,-0.7612683559357056,-0.5618463343001552,92
0.11544074939749573,-0.5277853404606639,-0.013240447713089423,-1.1427927575072254,1.0348302475441433,341
0.08536901826499507,1.2237146831919816,0.369934834696761,-0.37974395436418584,-0.15530791230749155,387
0.6035280777788525,-0.1774853357301348,1.6483469132823527,-0.7612683559357056,-0.07915872148107116,570
0.9412567504977061,0.8734146784614526,0.7426598821317972,0.7648292503503734,1.2080082460364865,472
1.2651061626938669,1.2237146831919816,-1.528524519061134,1.1463536519218933,1.6661316037502736,160
0.7238150023088552,1.5740146879225108,1.4219251554947139,0.3833048487788537,1.242398203183902,571
1.3044307341748294,-0.1774853357301348,-0.9746620653959868,-0.7612683559357056,-0.18232859292331813,201
0.7608263637027021,0.1728146690003943,-1.2672686446907817,0.3833048487788537,1.6120902425186203,183
-0.9324434200657964,-1.5786853546522512,0.007660022236538779,-1.1427927575072254,-0.8492481190321289,294
1.1101210868571327,0.5231146737309235,0.06687802042715202,0.7648292503503734,-0.8639866720953071,341
0.568829926472121,-0.5277853404606639,1.6378966783075386,0.7648292503503734,-1.0531314364060933,551
-0.13901236018520213,-1.228385349921722,1.6727307948902523,-0.37974395436418584,0.12103995762709858,561
-0.43741646142309326,-0.1774853357301348,0.3176836598226905,1.1463536519218933,1.7643886241714613,396
0.9736416917173222,-0.8780853451911931,1.0004323448438783,-0.37974395436418584,-1.7618101961939088,451
0.8070905654450108,0.1728146690003943,-0.8074583057989612,0.7648292503503734,-0.5618463343001552,215
-0.1760237215790491,0.8734146784614526,1.5333943285593976,-0.37974395436418584,-0.468502164900027,543
0.03910481652268637,0.5231146737309235,-1.0512971218779568,0.0017804472073339017,-0.1295154444469298,179
-0.4142843605519389,-0.8780853451911931,-0.9049938322305594,0.7648292503503734,1.5334846261816704,213
-0.40503152020347716,0.8734146784614526,-1.0478137102196854,-0.7612683559357056,0.9156936102834533,192
0.9690152715430913,-1.228385349921722,-0.2605626754503565,0.0017804472073339017,1.1699336506232763,315
-0.6363525289150207,1.5740146879225108,-1.6713443970502602,-0.7612683559357056,-0.9180280333269603,74
0.47861473307461905,1.2237146831919816,-1.309069584590038,0.0017804472073339017,-1.0285671813007964,137
1.350694935917138,-0.5277853404606639,-1.44143922760435,-0.7612683559357056,-1.6524992609753375,109
1.482547910882718,-1.5786853546522512,0.6486077673584704,0.7648292503503734,0.058401107108591484,433
0.8371622965775115,0.8734146784614526,0.04249413881925245,-1.5243171590787452,-1.2950893491932678,329
-0.6247864784794435,0.5231146737309235,-1.4100885226799076,1.5278780534934129,1.4782150521947524,145
-1.7235612698592753,-0.1774853357301348,-1.5354913423776768,1.5278780534934129,0.688474250559457,96
1.6514122472421446,1.5740146879225108,0.01811025721135288,0.0017804472073339017,-0.7362525455477632,349
-0.8491678569296407,-0.1774853357301348,1.212920455998432,1.5278780534934129,0.6614535699436304,501
0.5480110356880821,0.5231146737309235,0.6938921189159981,0.3833048487788537,-1.2385915624510848,418
1.2466004819969434,-0.1774853357301348,-0.3580982018819548,0.0017804472073339017,0.26842548825887996,296
0.20102952262076682,0.8734146784614526,1.6727307948902523,-0.7612683559357056,-0.7092318649319366,564
1.445536549488871,0.1728146690003943,-0.35113137856541204,1.1463536519218933,-0.9622436925164947,282
1.366887406526946,-0.1774853357301348,-0.9467947721298158,-0.37974395436418584,-0.4893817817395294,201
1.3969591376594468,1.2237146831919816,0.7356930588152545,-0.7612683559357056,1.7091190501845432,486
0.1339464300944192,-1.228385349921722,1.7110483231312372,0.3833048487788537,1.3173191812550575,590
-0.7150016718769455,-1.5786853546522512,-0.5009180798710808,1.1463536519218933,-1.0101439899718236,222
-0.090434948355778,0.8734146784614526,-0.9049938322305594,1.5278780534934129,-0.02634557300468282,202
0.7515735233542403,-0.8780853451911931,-0.8179085407737753,0.3833048487788537,1.3504809256472083,238
0.7770188343125102,0.5231146737309235,-0.8840933622809312,0.0017804472073339017,-1.3540435614459803,192
-0.1228198895753941,1.5740146879225108,-1.6156098105179184,-1.1427927575072254,-0.22900067762338225,100
-1.4367232190569612,0.8734146784614526,0.32813389479750454,-1.1427927575072254,-0.5311410154185341,353
0.35370138837038556,0.1728146690003943,-0.797008070824147,1.5278780534934129,-1.0813803297771847,202
0.14782569061711182,1.5740146879225108,0.9621148166028933,-1.1427927575072254,1.5875259874133234,503
-0.36802015880963024,1.2237146831919816,-0.7621739542414334,-1.1427927575072254,0.7658516541411422,233
1.6953632388973379,0.5231146737309235,-1.2777188796655956,-0.7612683559357056,0.617237910754096,180
1.5658234740188735,1.5740146879225108,0.578939534193043,-0.7612683559357056,1.0004402903967275,457
-1.0619831849442607,-0.1774853357301348,-0.8109417174572325,-0.37974395436418584,-0.12091795516007588,195
-0.06498963739750821,0.8734146784614526,0.578939534193043,0.7648292503503734,1.7619321986609315,444
-1.094368126163877,-1.228385349921722,-0.23966220550072828,1.5278780534934129,1.6845547950792463,300
-1.5315648326286941,0.5231146737309235,-0.8039748941406898,-1.1427927575072254,-0.9585590542507002,180
1.2188419609515582,-0.5277853404606639,1.5960957384082821,-0.37974395436418584,-0.8996048419979876,555
0.2380408840146138,1.2237146831919816,-1.5424581656942196,1.5278780534934129,1.1146640766363582,135
0.47167510281327274,-1.5786853546522512,1.300005747455216,-1.1427927575072254,1.4696175629078985,535
0.48555436333596536,0.5231146737309235,0.1226126069594939,-1.5243171590787452,-1.4535287946224327,331
0.18021063183672792,0.1728146690003943,1.3870910389120001,1.1463536519218933,-0.014063445452034369,531
0.4577958422905801,0.8734146784614526,-0.9816288887125295,1.5278780534934129,1.5273435624053462,223
0.4115316405482714,-0.1774853357301348,-0.6228374879105787,0.7648292503503734,-0.11477689138375166,241
0.6081544979530834,-1.5786853546522512,0.8959299950957375,1.1463536519218933,-0.5249999516422099,447
-1.5708894041096564,-1.5786853546522512,-1.1871501765505401,-0.37974395436418584,0.7216359949516078,140
-1.0087793529406057,1.2237146831919816,1.1989868093653464,-0.37974395436418584,1.2866138623734364,515
0.1200671695717266,1.5740146879225108,-0.18044420731011504,-1.1427927575072254,-1.0875213935535089,295
1.642159406893683,0.1728146690003943,-1.1662497066009119,1.1463536519218933,-0.22040318833652833,180
-0.7173148819640609,1.5740146879225108,0.6555745906750131,-1.1427927575072254,-0.4795560796974106,414
-0.3125031167188598,-0.1774853357301348,-1.3926714643885507,1.5278780534934129,-0.0312584240257422,123
1.1124342969442482,-1.5786853546522512,0.7252428238404404,-0.37974395436418584,-1.7470716431307307,409
0.9574492211075141,0.1728146690003943,1.185053162732261,-1.5243171590787452,-1.5112547941198804,487
-0.2292275535827041,0.1728146690003943,-0.4591171399718244,-0.37974395436418584,-1.2828072216406192,239
-1.7397537404690833,-0.8780853451911931,-1.100064885093756,-0.7612683559357056,0.23035089284566979,146
0.90887180927809,0.8734146784614526,-0.9502781837880871,0.3833048487788537,0.4280931464433098,216
-1.0642963950313762,-1.5786853546522512,1.4532758604191562,0.7648292503503734,1.0667637791810292,531
1.2789854232165596,-1.5786853546522512,-0.11774279746123044,1.1463536519218933,0.3801928489879809,325
0.4878675734230808,0.1728146690003943,0.9969489331856071,-1.1427927575072254,0.27579476479046905,483
1.2951778938263676,1.5740146879225108,0.4152191862542887,0.3833048487788537,-0.8087170981083891,400
0.04373123669691724,-1.5786853546522512,0.4848874194197161,0.3833048487788537,-0.5986927169581006,380
-1.6680442277685048,0.1728146690003943,-1.0129795936369719,0.0017804472073339017,-0.17250289088119938,159
0.4161580607225023,-1.5786853546522512,1.1920199860488037,0.7648292503503734,-0.7571321623872656,483
-0.9740812016338742,0.1728146690003943,-0.013240447713089423,-0.7612683559357056,-1.3921181568591905,292
1.3553213560913688,-0.8780853451911931,0.15047990022566482,-0.37974395436418584,-0.15899255057328607,360
-0.6155336381309817,0.8734146784614526,-1.0094961819787005,1.5278780534934129,1.1490540337837738,199
-0.92550378980445,0.1728146690003943,-0.41383278841429666,-0.37974395436418584,-0.14671042302063764,255
0.2935579261053842,-1.5786853546522512,1.6344132666492672,-0.7612683559357056,-1.3503589231801858,535
-0.7797715543161776,-0.1774853357301348,1.2651716308725023,-1.1427927575072254,-1.1538448823378105,479
0.5572638760365438,0.8734146784614526,-0.1456100907274014,0.0017804472073339017,1.3787298190183,342
-1.7189348496850443,-0.8780853451911931,-0.8422924223816748,-0.37974395436418584,-1.1771809246878426,161
-0.8260357560584863,0.1728146690003943,1.0387498730848634,1.1463536519218933,0.5914454428935342,477
-0.33563521759001413,-0.1774853357301348,-0.7865578358493329,0.7648292503503734,0.20578663774037287,213
0.5803959769076982,0.1728146690003943,-1.5041406374532347,0.3833048487788537,0.7449720373016399,133
-0.9902736722436822,1.5740146879225108,-0.6541881928350209,-1.1427927575072254,0.08665000047968292,231
0.871860447884243,-1.5786853546522512,-1.5981927522265615,-0.7612683559357056,0.16402740406136815,103
0.8880529184940511,0.5231146737309235,0.02856049218616698,1.5278780534934129,1.4229454782078343,370
-0.8445414367554098,1.2237146831919816,-0.8388090107234034,1.5278780534934129,1.274331734820788,225
0.06686333756807158,-1.228385349921722,0.4012855396212033,0.0017804472073339017,0.1542017020192494,382
-0.11356704922693235,1.5740146879225108,1.0004323448438783,-0.7612683559357056,1.7066626246740135,507
-1.6495385470715813,-0.1774853357301348,-0.7621739542414334,-1.1427927575072254,0.38264927449851055,202
-1.0180321932890675,1.5740146879225108,0.40476895127947465,1.1463536519218933,0.6651382082094249,393
0.05761049721960985,-0.5277853404606639,0.6137736507757566,0.3833048487788537,-0.22285961384705802,410
-1.4413496392311922,0.1728146690003943,-0.3337143202740552,0.7648292503503734,0.7744491434279961,275
-0.6803035205702139,0.1728146690003943,1.0701005780093058,-1.5243171590787452,-0.4955228455158536,465
0.052984077045378976,-1.228385349921722,0.04249413881925245,-1.5243171590787452,1.7717579007030502,356
1.3738270367882923,-1.228385349921722,0.3560011880636755,-1.1427927575072254,1.4290865419841585,413
0.462422262464811,-0.5277853404606639,1.0944844596172054,-0.7612683559357056,-1.7212791752701688,460
0.5642035062978902,-1.5786853546522512,-1.413571934338179,-1.5243171590787452,-1.214027307345788,103
-0.9046848990204112,1.2237146831919816,-0.43473325836392485,0.0017804472073339017,1.4585636481105149,285
-0.6247864784794435,0.5231146737309235,1.3801242155954574,-0.7612683559357056,-1.3687821145091583,499
-0.030291486090776684,0.5231146737309235,0.20621448675800672,-1.5243171590787452,-0.08407157250213053,359
0.9620756412817449,-0.8780853451911931,-0.5148517265041663,1.1463536519218933,-0.37392978274463395,256
-1.094368126163877,-0.8780853451911931,1.2164038676567033,0.3833048487788537,-1.340533221138067,462
0.9343171202363597,-1.5786853546522512,-0.28842996871652743,1.5278780534934129,1.1588797358258927,309
-1.5223119922802324,-0.8780853451911931,-0.22572855886764281,-0.7612683559357056,-1.5444165385120312,246
1.57276310428022,-0.8780853451911931,0.8854797601209233,1.5278780534934129,-0.012835232696769524,471
-0.21766150314712693,-0.5277853404606639,-1.3822212294137368,1.5278780534934129,-0.060735530152098476,123
-1.7628858413402375,-0.5277853404606639,1.2477545725811454,-1.5243171590787452,-0.8529327572979235,467
-0.40503152020347716,-0.8780853451911931,0.4326362445456456,-0.7612683559357056,0.2880768923431175,384
-0.27780496541212824,1.5740146879225108,-0.2710129104251706,0.3833048487788537,1.3210038195208522,316
-1.5593233536740794,0.8734146784614526,-0.20134467725974325,1.1463536519218933,-0.7645014389188547,272
1.3992723477465623,0.8734146784614526,0.6555745906750131,-0.37974395436418584,-0.6883522480924342,434
-0.9578887310240661,-1.5786853546522512,-1.1523160599678264,0.0017804472073339017,-0.9794386710902026,125
1.6629782976777219,0.5231146737309235,-1.6574107504171747,1.5278780534934129,1.235028926652313,135
1.2095891206030964,-1.228385349921722,-0.4068659650977539,0.3833048487788537,1.085186970510002,296
1.4131516082692548,-1.5786853546522512,-0.9224108905219163,0.7648292503503734,0.5791633153408857,215
0.8510415571002041,-0.8780853451911931,0.05294437379406655,0.7648292503503734,-0.7362525455477632,330
0.6914300610892391,-0.5277853404606639,-1.451889462579164,-0.37974395436418584,-1.6451299844437486,99
0.3351957076734621,0.1728146690003943,-0.8388090107234034,-0.37974395436418584,-1.0199696920139425,196
-1.3997118576631142,1.5740146879225108,0.07384484374369475,-0.37974395436418584,-0.8074888853531242,316
0.4508562120292338,-0.1774853357301348,0.39431871630466053,0.0017804472073339017,0.7953287602674984,402
-1.0457907143344527,-0.5277853404606639,-0.9537615954463585,0.0017804472073339017,-0.3591912296814558,169
1.158698498686557,0.8734146784614526,1.6831810298650665,1.1463536519218933,-1.0592725001824175,573
-0.7381337727480999,-0.5277853404606639,0.39083530464638916,1.5278780534934129,1.4659329246421038,396
-1.0781756555540687,1.5740146879225108,0.17834719349183578,-1.1427927575072254,1.5568206685317023,374
0.43466374141942576,-1.228385349921722,1.5926123267500107,0.7648292503503734,-0.17250289088119938,553
-1.6842366983783128,-0.8780853451911931,1.139768811174733,-1.5243171590787452,0.6233789745304201,475
0.7955245150094337,0.1728146690003943,1.56474503348384,-1.5243171590787452,1.1195769276574175,582
1.6467858270679137,0.8734146784614526,1.7354322047391368,-0.37974395436418584,1.4782150521947524,628
1.4918007512311797,0.8734146784614526,-0.9398279488132731,0.7648292503503734,-1.4166824119644874,195
0.9990870026755919,1.2237146831919816,1.2198872793149746,-1.1427927575072254,0.220525190803551,526
1.4709818604471407,0.5231146737309235,0.8262617619303101,-1.1427927575072254,-1.0826085425324494,451
1.4385969192275245,-1.228385349921722,-0.9363445371550018,-1.5243171590787452,-0.32234484702351046,200
-0.47442782281694024,0.8734146784614526,-0.35113137856541204,-1.1427927575072254,-0.7595885878977953,264
0.2935579261053842,0.5231146737309235,0.22363154504936356,0.7648292503503734,-1.0322518195665908,350
-1.4413496392311922,0.8734146784614526,0.5475888292686006,1.5278780534934129,-1.7618101961939088,365
0.2843050857569225,-0.8780853451911931,-1.5598752239855764,0.3833048487788537,-0.09881012556530867,101
0.8741736579713585,0.5231146737309235,0.6486077673584704,-1.1427927575072254,-1.6930302818990774,408
1.2419740618227126,1.5740146879225108,1.3348398640379298,1.5278780534934129,-1.4498441563566382,522
-0.08812173826866257,1.2237146831919816,-0.7203730143421769,0.7648292503503734,-1.4289645395171358,207
1.1101210868571327,-0.8780853451911931,-1.5041406374532347,-1.5243171590787452,-1.7003995584306666,93
0.6613583299567384,1.5740146879225108,1.129318576199919,1.5278780534934129,-0.7006343756450827,497
-0.5623298061273267,0.1728146690003943,1.1989868093653464,-1.1427927575072254,-1.6979431329201369,466
-1.744380160643314,-1.228385349921722,0.16441354685875031,-0.37974395436418584,-0.28672667712082994,317
0.5086864642071197,-1.228385349921722,-1.451889462579164,1.5278780534934129,-0.05827910464156879,119
-0.8931188485848339,-0.1774853357301348,1.376640803937186,-0.37974395436418584,-0.5851823766501872,503
-0.1899029821017417,-0.1774853357301348,1.509010446951498,-0.7612683559357056,-1.1575295206036051,522
-0.41659757063905434,0.5231146737309235,-1.2568184097159676,-1.5243171590787452,1.7619321986609315,174
-1.4159043282729222,-1.228385349921722,0.38038506967157504,0.7648292503503734,-0.39849403784993087,351
-0.10200099879135517,0.5231146737309235,1.2268541026315174,0.3833048487788537,-0.6932650991134937,495
0.7145621619603935,-0.1774853357301348,-0.22224514720937144,-0.37974395436418584,1.7091190501845432,332
0.9574492211075141,0.1728146690003943,1.5960957384082821,0.3833048487788537,1.252223905226021,591
0.2195352033176903,0.8734146784614526,0.6102902391174853,0.3833048487788537,0.6602253571883655,434
1.2789854232165596,1.5740146879225108,0.711309177207355,-0.37974395436418584,-0.8295967149478914,442
-1.6518517571586966,-0.5277853404606639,-1.2707520563490529,0.3833048487788537,1.3210038195208522,143
-0.23154076366981954,0.5231146737309235,-1.4727899325287923,1.1463536519218933,-0.6441365889028998,106
-0.5391977052561724,0.1728146690003943,-1.6852780436833457,-0.7612683559357056,-1.634076069646365,53
0.7400074729186632,1.5740146879225108,0.512754712685887,-0.37974395436418584,0.6000429321803881,430
0.9875209522400148,-1.228385349921722,-0.6123872529357646,-1.5243171590787452,-1.1820937757089018,226
1.068483305289055,0.8734146784614526,-0.5705863130365082,-0.37974395436418584,0.8297187174149141,278
0.21490878314345943,1.5740146879225108,0.26194907329034856,1.5278780534934129,-1.2398197752063496,358
-1.429783588795615,1.2237146831919816,0.30723342484787636,1.1463536519218933,-1.214027307345788,341
0.3490749681961547,-0.1774853357301348,1.1711195160991754,-0.37974395436418584,-1.0297953940560611,483
0.5295053549911586,1.5740146879225108,0.05642778545233792,0.7648292503503734,-0.1626771888390806,350
1.6167140959354132,-0.5277853404606639,-1.4205387576547217,-0.7612683559357056,0.25737157346149636,146
-1.207715420432533,0.1728146690003943,0.38038506967157504,1.5278780534934129,-0.6551905037002834,358
-0.42353720090040065,0.8734146784614526,-1.6992116903164312,-0.37974395436418584,1.4818996904605468,108
-0.17833693166616454,-0.8780853451911931,-0.995562535345615,-1.1427927575072254,-1.7740923237465571,149
-0.6502317894377133,1.5740146879225108,0.5998400041426712,0.0017804472073339017,-0.9450487139427869,399
0.8510415571002041,-1.5786853546522512,1.0979678712754768,-1.1427927575072254,1.0667637791810292,505
1.1240003473798255,-0.5277853404606639,-0.29888020369134155,0.3833048487788537,0.23772016937725884,301
-0.21072187288578062,-0.5277853404606639,-1.347387112831023,-1.5243171590787452,1.7299986670240455,157
-0.3078766965446289,-1.5786853546522512,0.16093013520047894,0.3833048487788537,1.4204890526973046,361
-0.23848039393116585,1.2237146831919816,-0.4242830233891107,-0.37974395436418584,-1.6598685375069266,244
-0.23616718384405042,-0.8780853451911931,-0.967695242079444,-0.7612683559357056,-1.135421691008838,162
1.6005216253256052,-0.1774853357301348,0.303750013189605,-1.1427927575072254,0.9721913970256362,407
0.09462185861345682,0.1728146690003943,1.64138008996581,0.7648292503503734,-0.33094233631036435,561
-0.7982772350131011,0.8734146784614526,-0.9781454770542581,1.5278780534934129,0.29421795611944174,188
0.5179393045555815,0.1728146690003943,0.9516645816280793,-0.7612683559357056,-0.38252727203148784,466
1.6537254573292601,-0.8780853451911931,1.4184417438364425,0.3833048487788537,-1.2950893491932678,527
0.9713284816302067,0.1728146690003943,-1.2986193496152239,1.5278780534934129,-0.8357377787242156,142
-0.2639257048894356,-1.5786853546522512,0.4814040077614447,-1.1427927575072254,0.4624831035907255,392
0.4739883129003882,-0.5277853404606639,0.9028968184122801,0.7648292503503734,0.11735531936130404,463
-0.4027183101163617,0.1728146690003943,-0.041107740979260364,0.0017804472073339017,1.6489366251765658,345
0.7793320443996256,0.5231146737309235,-1.3404202895144803,0.0017804472073339017,-0.9425922884322572,133
-0.590088327172712,1.5740146879225108,0.01811025721135288,0.7648292503503734,0.13086565966921734,334
-0.7473866130965615,-0.8780853451911931,0.9795318748942502,1.5278780534934129,-1.7630384089491735,426
1.1887702298190577,1.2237146831919816,-1.545941577352491,-0.37974395436418584,1.1859004164417193,148
0.3629542287188473,0.5231146737309235,1.1606692811243613,1.5278780534934129,1.5175178603632273,528
0.013659505564416582,-1.5786853546522512,-0.5531692547451513,1.5278780534934129,1.781583602745169,269
1.3414420955686763,-1.228385349921722,-0.9537615954463585,-0.37974395436418584,-0.2621624220155331,197
-1.1591380086031091,-1.5786853546522512,1.7145317347895086,-0.7612683559357056,1.5936670511896478,576
1.4663554402729098,1.2237146831919816,1.6378966783075386,-1.1427927575072254,-1.775320536501822,560
-0.2939974360219363,1.2237146831919816,0.007660022236538779,1.5278780534934129,1.0176352689704353,349
0.9875209522400148,0.5231146737309235,1.1258351645416476,-1.1427927575072254,0.5631965495224428,514
-0.7057488315284838,1.5740146879225108,1.5055270352932266,0.3833048487788537,-0.030030211270477353,544
0.5433846155138512,-0.8780853451911931,1.2373043376063313,0.0017804472073339017,0.19350451018772444,511
1.248913692084059,-0.1774853357301348,-0.14212667906913,0.0017804472073339017,1.4536507970894554,347
-0.14826520053366388,-0.5277853404606639,0.16093013520047894,-0.37974395436418584,-1.5738936446383875,321
-1.068922815205607,0.5231146737309235,0.07384484374369475,0.3833048487788537,1.6685880292608033,355
1.105494666682902,1.2237146831919816,-0.1107759741446877,0.0017804472073339017,-0.8087170981083891,320
0.8371622965775115,-1.228385349921722,0.19924766344146397,-0.37974395436418584,-0.5532488450133013,351
-0.4859938732525174,0.8734146784614526,0.16093013520047894,1.5278780534934129,-1.5947732614778898,324
-1.1013077564252232,1.2237146831919816,0.1748637818335644,0.3833048487788537,1.0090377796835814,362
0.9875209522400148,1.5740146879225108,-0.020207271029632157,-0.7612683559357056,-1.1624423716246644,328
-0.33100879741578326,1.5740146879225108,1.6936312648398806,0.3833048487788537,0.1517452765087197,578
0.5595770861236593,1.2237146831919816,-1.650443927100632,-1.5243171590787452,0.7879594837359094,118
-1.6842366983783128,1.5740146879225108,0.2828495432399768,0.0017804472073339017,1.5899824129238531,382
-0.04648395670058473,0.5231146737309235,1.697114676498152,0.3833048487788537,-1.1624423716246644,555
-0.9509491007627199,1.2237146831919816,-0.8597094806730317,1.1463536519218933,-0.746078247589882,188
-1.5986479251550416,1.2237146831919816,1.6030625617248249,1.5278780534934129,-1.3503589231801858,523
-0.2685521250636665,-0.8780853451911931,-0.9851123003708009,-0.7612683559357056,0.7621670158753476,190
1.4177780284434858,-0.5277853404606639,1.4706929187105129,-1.1427927575072254,0.25737157346149636,558
0.7631395737898176,-1.228385349921722,-0.7621739542414334,-0.37974395436418584,-1.046990372629769,204
-0.7843979744904085,1.5740146879225108,0.9446977583115366,1.1463536519218933,-0.4709585904105567,455
0.5433846155138512,-0.8780853451911931,1.007399168160421,1.1463536519218933,1.306265266457674,496
-0.1297595198367404,-0.1774853357301348,0.74962670544834,-0.7612683559357056,-1.7323330900675524,405
-0.46980140264270936,-0.1774853357301348,1.244271160922874,-0.37974395436418584,1.1060665873495044,518
0.14782569061711182,0.1728146690003943,0.8367119969051242,-0.7612683559357056,-1.5665243681067984,425
0.4439165817678875,0.5231146737309235,-1.3055861729317666,-1.1427927575072254,-0.5544770577685662,140
-0.5715826464757885,0.5231146737309235,0.3142002481644191,-0.37974395436418584,0.0424343412901485,369
-0.7774583442290622,-1.5786853546522512,-0.6646384278098351,0.3833048487788537,1.4966382435237249,238
-1.3973986475759987,-1.228385349921722,1.2094370443401605,0.0017804472073339017,-0.28672667712082994,472
-1.4228439585342687,1.2237146831919816,-0.023690682687903527,-0.7612683559357056,1.0336020347888784,330
0.02753876608710919,1.5740146879225108,-0.3232640852992411,-1.1427927575072254,-0.7546757368767358,278
1.1332531877282872,-1.228385349921722,-0.3337143202740552,1.5278780534934129,1.0778176939784128,306
-1.6125271856777343,0.1728146690003943,-1.4449226392626213,-1.5243171590787452,-0.4795560796974106,93
0.5780827668205828,-1.5786853546522512,1.7005980881564233,1.5278780534934129,1.418032627186775,594
-0.8861792183234877,-0.8780853451911931,-0.027174094346174894,-1.5243171590787452,-0.6785265460503155,296
-1.6333460764617733,-1.228385349921722,-1.347387112831023,0.7648292503503734,0.13946314895607126,109
1.2003362802546347,-0.8780853451911931,-0.6716052511263778,0.3833048487788537,-0.4955228455158536,234
-0.9763944117209896,-0.1774853357301348,-1.0861312384606705,0.7648292503503734,1.6170030935396797,185
0.9019321790167436,1.5740146879225108,-0.9572450071046299,-0.7612683559357056,-0.6367673123713108,201
-0.08580852818154713,0.1728146690003943,1.6622805599154382,-0.7612683559357056,0.8456854832333571,580
0.9990870026755919,1.2237146831919816,-0.6089038412774932,-1.5243171590787452,1.2129210970575457,280
0.013659505564416582,1.5740146879225108,-1.5703254589603906,-0.37974395436418584,1.409435137899921,135
-0.3472012680255913,-0.5277853404606639,-0.8039748941406898,-1.1427927575072254,-0.2437392306865604,201
1.084675775898863,0.5231146737309235,0.787944233689325,1.1463536519218933,-0.27567276232344634,454
-0.9486358906756044,0.1728146690003943,-1.6817946320250743,-0.7612683559357056,-0.09389727454424929,74
1.690736818723107,-1.228385349921722,-1.5354913423776768,0.7648292503503734,-0.47709965418688094,115
-1.499179891409078,1.5740146879225108,0.16789695851702166,0.7648292503503734,1.6341980721133875,369
1.211902330690212,0.8734146784614526,-1.1453492366512839,1.5278780534934129,-1.1673552226457238,166
-0.23616718384405042,0.5231146737309235,1.3209062174048443,0.3833048487788537,0.33474897704318163,523
1.6236537261967594,0.5231146737309235,-1.0930980617772132,-1.5243171590787452,1.368904116976181,217
-0.7196280920511764,0.8734146784614526,0.3525177764054041,1.1463536519218933,0.8174365898622656,388
1.7046160792457996,-1.5786853546522512,-1.6992116903164312,-1.5243171590787452,0.38510570000904026,103
-1.1036209665123387,-1.5786853546522512,1.4114749205198998,-0.7612683559357056,0.8849882914018321,522
1.3021175240877139,0.8734146784614526,-0.12122620911950181,0.0017804472073339017,0.3175539984694738,338
0.585022397081929,-0.5277853404606639,1.5264275052428549,1.1463536519218933,-1.3687821145091583,530
-1.0481039244215682,-0.1774853357301348,0.5371385942937866,1.5278780534934129,-0.3358551873314238,386
-1.286364563394458,0.8734146784614526,-0.7447568959500765,0.7648292503503734,-0.824683863926832,196
-0.33794842767712957,-0.1774853357301348,0.02856049218616698,1.5278780534934129,-0.3248012725340402,322
-0.7358205626609844,1.5740146879225108,0.4848874194197161,-0.7612683559357056,0.5939018684040639,407
-0.21766150314712693,-0.5277853404606639,0.6486077673584704,0.0017804472073339017,0.02032651169538129,416
-0.30325027637039803,0.1728146690003943,1.08055081298412,1.1463536519218933,1.2534521179812856,501
-1.6402857067231196,-0.1774853357301348,-1.6086429872013757,-1.5243171590787452,0.13700672344554157,77
0.3421353379348084,0.5231146737309235,-0.5462024314286086,1.1463536519218933,-0.6281698230844569,247
0.6289733887371223,1.5740146879225108,-1.7026951019747025,0.7648292503503734,-0.7939785450452109,88
-0.2477332342796276,0.5231146737309235,-1.0512971218779568,-1.5243171590787452,0.5963582939145936,186
1.5264989025379112,-0.5277853404606639,-1.5111074607697772,0.3833048487788537,-1.0027747134402345,112
0.49943362385865797,-0.1774853357301348,0.19924766344146397,-1.5243171590787452,-0.24128280517603068,358
-0.5762090666500194,-0.8780853451911931,-1.3160364079065807,-1.1427927575072254,-0.45130718632631917,119
-1.2192814708681103,-0.5277853404606639,1.0735839896675772,0.0017804472073339017,0.8518265470096813,477
1.2466004819969434,-0.5277853404606639,-0.6263208995688501,-1.1427927575072254,-0.20197999700755565,248
-0.962515151198297,-0.8780853451911931,-1.5807756939352047,-1.5243171590787452,-1.3466742849143911,61
-0.31712953689309065,1.5740146879225108,-0.17696079565184367,0.3833048487788537,-0.3567348041709261,302
0.8417887167517424,-0.1774853357301348,0.8332285852468528,1.1463536519218933,0.5349476561513513,467
-0.31018990663174434,-0.1774853357301348,0.3560011880636755,1.1463536519218933,0.45265740154860673,382
1.174890969296365,0.5231146737309235,1.1711195160991754,1.1463536519218933,-0.5937798659370412,505
-0.92550378980445,-0.5277853404606639,0.3664514230384896,0.3833048487788537,1.3148627557445278,387
-1.0249718235504137,-0.5277853404606639,0.303750013189605,-0.7612683559357056,1.2620496072681395,376
-1.105934176599454,1.2237146831919816,-0.5740697246947796,-1.5243171590787452,1.393468372081478,261
-1.4228439585342687,0.1728146690003943,0.5232049476607011,-1.1427927575072254,-0.34445267661827766,380
0.7955245150094337,-0.5277853404606639,-0.6367711345436642,0.0017804472073339017,0.11981174487183373,246
-0.8283489661456018,-1.228385349921722,0.1539633118839362,0.0017804472073339017,0.8407726322122977,346
0.4948072036844271,0.1728146690003943,0.8297451735885815,-1.5243171590787452,-1.6475864099542783,427
-0.71268846178983,-1.228385349921722,0.4500533028370024,-1.5243171590787452,-0.10003833832057352,374
0.08305580817787964,-0.1774853357301348,-1.3264866428813948,1.5278780534934129,0.3777364234774512,144
0.9736416917173222,0.1728146690003943,-0.4103493767560253,-1.1427927575072254,-0.5606181215448904,273
0.5757695567334673,-0.5277853404606639,-0.4626005516300958,0.7648292503503734,0.08296536221388838,268
0.046044446784032675,-0.8780853451911931,-1.0756810034858564,-0.37974395436418584,-0.11477689138375166,167
-0.7034356214413683,0.5231146737309235,-0.46608396328836715,0.7648292503503734,-0.7718707154504437,243
-0.060363217223277345,-1.228385349921722,0.6486077673584704,1.1463536519218933,-0.6306262485949865,403
-0.590088327172712,0.1728146690003943,-1.469306520870521,0.0017804472073339017,1.5310282006711406,135
-0.6548582096119442,-0.5277853404606639,-0.6890223094177347,-1.5243171590787452,-1.546872964022561,192
-1.503806311583309,0.1728146690003943,0.7043423538908122,-0.37974395436418584,0.6712792719857491,422
-0.034917906265007556,-0.5277853404606639,-1.0756810034858564,-0.7612683559357056,-0.6355390996160459,160
-0.9324434200657964,-0.5277853404606639,-0.08290868087851677,0.0017804472073339017,-1.6070553890305384,275
-0.9787076218081051,-0.5277853404606639,-0.1943778539432005,0.3833048487788537,0.5435451454382052,293
0.013659505564416582,1.2237146831919816,-0.0898755041950595,-1.1427927575072254,1.765616836926726,351
-0.007159385219622335,0.5231146737309235,0.6660248256498271,0.7648292503503734,0.9402578653887502,442
0.4739883129003882,-0.8780853451911931,1.4776597420270556,-0.7612683559357056,-1.086293180798244,523
-0.7288809323996381,-0.8780853451911931,0.1539633118839362,-1.5243171590787452,-0.2056646352733502,332
0.16401816122691987,0.1728146690003943,-1.4762733441870637,-0.7612683559357056,0.01541366067432191,119
1.0175926833725155,0.1728146690003943,-1.633026868809275,1.5278780534934129,-0.38744012305254727,102
1.5426913731477192,-0.5277853404606639,0.42566942122910284,0.3833048487788537,-0.8676713103611017,392
1.0546040447663623,1.2237146831919816,-0.36854843685676886,0.3833048487788537,-0.9548744159849056,280
1.6791707682875299,-0.5277853404606639,1.1223517528833762,-0.37974395436418584,1.7643886241714613,537
-1.0481039244215682,1.2237146831919816,0.43611965620391696,1.1463536519218933,-1.1292806272325135,366
-1.1614512186902244,-0.5277853404606639,0.24104860334072037,0.0017804472073339017,-0.16759003986013998,342
1.5704498941931044,-1.228385349921722,-1.5703254589603906,0.7648292503503734,-1.0912060318193033,98
-0.8283489661456018,-1.228385349921722,-0.7134061910256342,1.5278780534934129,0.1026167662981259,210
-1.4367232190569612,-0.1774853357301348,1.15718586946609,0.0017804472073339017,0.9488553546756041,490
-0.9763944117209896,-0.5277853404606639,0.39083530464638916,0.0017804472073339017,-1.410541348188163,346
1.3321892552202146,0.5231146737309235,0.37341824635503235,-0.37974395436418584,-1.55424224055415,377
0.834849086490396,-0.1774853357301348,1.0282996381100493,0.3833048487788537,-1.1550730950930754,467
-1.2030890002583023,0.1728146690003943,-0.5357521964537945,-1.1427927575072254,1.7398243690661643,265
-0.6340393188279052,1.5740146879225108,-1.0512971218779568,-0.7612683559357056,-0.1430257847548431,175
-1.7397537404690833,-0.5277853404606639,0.6311907090671135,-1.5243171590787452,-0.09881012556530867,391
1.1540720785123262,-1.228385349921722,-0.8597094806730317,-1.1427927575072254,0.925519312325572,227
-0.46980140264270936,1.5740146879225108,-1.451889462579164,-1.1427927575072254,1.7005215608976891,150
-1.67035743785562,1.2237146831919816,-0.037624329320989,1.1463536519218933,-0.8050324598425945,295
-0.19915582245020344,1.5740146879225108,1.6866644415233378,1.1463536519218933,1.2645060327786692,597
-0.3934654697679,0.5231146737309235,0.24801542665726312,-1.1427927575072254,0.09033463874547745,363
1.5935819950642587,-0.5277853404606639,-1.3543539361475658,0.3833048487788537,-0.8467916935215992,138
0.9667020614559758,-0.8780853451911931,0.08429507871850886,0.0017804472073339017,0.9144653975281885,363
1.100868246508671,1.5740146879225108,0.9272807000201797,-0.7612683559357056,1.3246884577866467,506
1.6699179279390681,-0.8780853451911931,-1.0930980617772132,0.0017804472073339017,-1.2471890517379387,168
-1.4575421098410002,1.2237146831919816,-0.8771265389643885,0.0017804472073339017,0.11367068109550951,192
0.7561999435284712,-0.1774853357301348,1.4637260953939704,0.0017804472073339017,0.7228642077068727,559
0.6174073383015451,-0.8780853451911931,-1.5006572257949633,-0.7612683559357056,0.3150975729589441,121
0.425410901070964,-0.1774853357301348,1.3069725707717588,-0.7612683559357056,-1.696714920164872,492
-1.5986479251550416,-1.228385349921722,-1.3613207594641086,-0.37974395436418584,0.220525190803551,108
-0.8445414367554098,-0.5277853404606639,1.6169962083579104,0.7648292503503734,0.5582836985013834,556
1.5380649529734882,1.5740146879225108,1.327873040721387,-1.1427927575072254,0.9623656949835174,563
-0.43047683116174695,-1.228385349921722,1.6169962083579104,-0.37974395436418584,1.5715592215948806,573
0.2195352033176903,-1.228385349921722,0.01811025721135288,-0.37974395436418584,0.9844735245782846,342
-1.466794950189462,0.8734146784614526,1.5926123267500107,-1.5243171590787452,-1.1010317338614222,524
0.3860863295900016,-1.5786853546522512,1.7075649114729659,1.1463536519218933,0.7498848883226992,582
1.6791707682875299,0.5231146737309235,0.08429507871850886,-1.5243171590787452,1.5519078175106429,390
1.0777361456375167,-0.1774853357301348,0.9237972883619083,1.1463536519218933,-0.1872414439443775,471
-1.1521983783417626,0.8734146784614526,-0.6716052511263778,0.7648292503503734,0.7965569730227633,235
0.06686333756807158,-1.5786853546522512,-0.9711786537377154,1.5278780534934129,-1.1673552226457238,162
-1.1822701094742634,0.5231146737309235,-1.2777188796655956,1.1463536519218933,1.187128629196984,152
0.1339464300944192,-0.1774853357301348,-0.9084772438888308,0.0017804472073339017,1.623144157316004,225
1.2697325828680979,-0.5277853404606639,0.3629680113802182,1.1463536519218933,1.172390076133806,413
-1.388145807227537,0.5231146737309235,0.578939534193043,-0.7612683559357056,1.7742143262135799,425
-1.5477573032385021,1.5740146879225108,-0.3546147902236834,0.7648292503503734,0.09770391527706652,268
0.159391741052689,-1.228385349921722,-1.2185008814749825,-0.37974395436418584,1.0483405878520566,165
0.855667977274435,-1.5786853546522512,0.17834719349183578,0.0017804472073339017,0.07559608568229931,357
-0.9902736722436822,-1.5786853546522512,-0.3441645552488693,1.5278780534934129,-1.4387902415592546,234
0.1339464300944192,-1.5786853546522512,-0.7656573658997047,0.7648292503503734,-0.45130718632631917,204
-1.2169682607809948,-0.1774853357301348,0.9377309349949938,-0.37974395436418584,-1.2336787114300254,426
-0.8861792183234877,1.5740146879225108,-1.6643775737337174,0.3833048487788537,0.8727061638491838,101
1.609774465674067,0.5231146737309235,1.3139393940883015,0.7648292503503734,-0.7546757368767358,528
0.3120636068023077,-1.228385349921722,-0.35113137856541204,1.5278780534934129,-0.8541609700531884,261
-0.6502317894377133,1.5740146879225108,-0.5322687847955231,-0.37974395436418584,0.48581914594075754,260
0.319003237063654,0.8734146784614526,0.05642778545233792,-0.7612683559357056,0.17508131885875175,348
0.659045119869623,-0.5277853404606639,-1.336936877856209,1.1463536519218933,0.07682429843756416,143
0.871860447884243,-0.8780853451911931,-1.5947093405682902,-1.5243171590787452,-0.023889147494153128,105
-0.6525449995248287,1.5740146879225108,-1.4484060509208927,1.5278780534934129,1.1846722036864543,140
1.5079932218409877,0.8734146784614526,-1.1105151200685701,-1.5243171590787452,-0.45007897357105436,186
0.35370138837038556,-1.228385349921722,1.2512379842394168,-1.1427927575072254,1.1380001189863902,524
0.5318185650782741,-0.8780853451911931,-1.4658231092122496,1.1463536519218933,1.6280570083370633,146
0.462422262464811,-0.8780853451911931,1.1258351645416476,1.5278780534934129,0.17262489334822206,494
-0.5253184447334798,1.5740146879225108,-0.44518349333873897,0.7648292503503734,0.5631965495224428,276
0.7839584645738564,-1.5786853546522512,0.5545556525851434,-0.7612683559357056,1.6182313062949447,435
1.0014002127627073,0.1728146690003943,-0.19786126560147188,0.7648292503503734,0.9599092694729877,330
0.6289733887371223,-1.228385349921722,1.5299109169011262,0.3833048487788537,-0.5249999516422099,540
-1.4714213703636927,-1.5786853546522512,-1.3578373478058372,-1.1427927575072254,1.115892289391623,123
-1.5546969334998484,-1.228385349921722,0.5859063575095858,-0.7612683559357056,0.13700672344554157,387
-0.5114391842107872,0.1728146690003943,-1.6748278087085315,0.0017804472073339017,-1.5640679425962687,57
0.18946347218518964,-0.5277853404606639,0.29329977821479086,-0.37974395436418584,-0.7411653965688226,357
0.5202525146426968,0.1728146690003943,0.7217594121821691,-1.1427927575072254,-0.2474238689523549,435
-0.733507352573869,1.2237146831919816,-1.6051595755431043,-0.37974395436418584,0.18490702090087052,98
-0.8653603275394488,1.5740146879225108,1.404508097203357,1.1463536519218933,0.1898198719219299,531
-0.21303508297289606,1.5740146879225108,-1.309069584590038,0.0017804472073339017,0.6454868041251873,157
-1.6680442277685048,0.8734146784614526,-0.09684232751160224,0.0017804472073339017,0.7449720373016399,310
-1.1799568993871479,-1.5786853546522512,1.5020436236349552,-0.7612683559357056,-1.491603390035643,495
0.9019321790167436,0.8734146784614526,-1.2080506465001684,1.1463536519218933,-0.9094305440401064,157
0.7400074729186632,1.2237146831919816,-0.34764796690714067,0.3833048487788537,1.575243859860675,321
-0.23385397375693498,0.1728146690003943,0.4953376543945302,-1.1427927575072254,-0.8062606725978594,384
-0.6872431508315603,1.5740146879225108,0.6695082373080985,-1.1427927575072254,1.726314028758251,452
-1.1036209665123387,-0.1774853357301348,-1.1592828832843691,1.5278780534934129,0.5951300811593287,156
0.5711431365592364,0.1728146690003943,-0.5392356081120658,0.7648292503503734,0.2696537010141448,264
1.6814839783746454,0.1728146690003943,1.2930389241386733,1.5278780534934129,-1.7482998558859955,508
0.03216518626134006,1.2237146831919816,-0.8004914824824184,0.3833048487788537,1.409435137899921,244
-0.9694547814596434,-0.5277853404606639,-1.4205387576547217,0.0017804472073339017,-0.2744445495681815,104
-0.2824313855863591,-1.228385349921722,0.920313876703637,-1.5243171590787452,-1.6770635160806344,422
-0.8838660082363723,1.2237146831919816,-0.16999397233530095,0.3833048487788537,0.498101273493406,307
-0.17139730140481824,-1.228385349921722,1.585645503433468,0.3833048487788537,1.306265266457674,568
1.1864570197319422,1.5740146879225108,-1.1070317084102987,-0.7612683559357056,-0.4021786761157254,187
0.7307546325702015,1.2237146831919816,-0.901510420572288,-0.7612683559357056,-0.2904113153866245,210
1.6722311380261836,-1.228385349921722,0.8018778803224105,-0.7612683559357056,-1.7667230472149682,429
-0.7103752517027146,0.8734146784614526,-1.4449226392626213,-0.7612683559357056,-0.5372820791948584,108
0.5063732541200042,1.2237146831919816,-0.7656573658997047,0.7648292503503734,0.3666825086800676,238
-1.5755158242838874,1.5740146879225108,1.4254085671529853,-1.1427927575072254,0.5238937413539677,529
0.8302226663161651,1.2237146831919816,0.47443718444490196,-1.1427927575072254,1.4364558185157474,437
-1.4228439585342687,1.5740146879225108,-1.4902069908201492,-0.7612683559357056,-0.1626771888390806,102
1.3622609863527153,1.2237146831919816,1.3383232756962011,0.7648292503503734,-0.08161514699160084,544
0.9620756412817449,-1.228385349921722,-0.5914867829861363,-0.7612683559357056,0.2807076158115284,253
-1.3280023449625358,-0.5277853404606639,-1.3508705244892945,0.7648292503503734,-1.5603833043304742,89
0.27505224540846074,0.5231146737309235,-0.21179491223455735,1.5278780534934129,-0.8025760343320648,292
-1.1591380086031091,-1.228385349921722,1.3383232756962011,-0.37974395436418584,0.021554724450646136,498
0.7862716746609719,-1.5786853546522512,0.8088447036389532,0.7648292503503734,0.7056692291331648,457
-0.8422282266682944,-0.8780853451911931,1.6169962083579104,1.5278780534934129,1.2755599475760528,565
-0.00021975495827602945,-0.5277853404606639,-0.8179085407737753,1.1463536519218933,-0.6920368863582288,197
-0.3587673184611685,0.8734146784614526,0.14699648856739347,1.1463536519218933,1.250995692470756,370
1.2026494903417502,0.1728146690003943,0.2793661315817054,1.5278780534934129,-0.31988842151298075,380
0.04835765687114811,-1.228385349921722,-1.3160364079065807,0.0017804472073339017,0.2770229775457339,137
-1.5338780427158094,1.2237146831919816,1.7249819697643227,0.0017804472073339017,0.08542178772441808,564
1.4316572889661783,-1.228385349921722,-0.6158706645940359,-0.7612683559357056,1.3087216919682036,272
1.4802347007956025,-0.1774853357301348,-0.1003257391698736,0.0017804472073339017,1.6096338170080906,358
0.12932000992018833,-0.5277853404606639,0.7600769404231541,1.1463536519218933,1.2067800332812215,456
1.1124342969442482,0.5231146737309235,1.3836076272537288,0.0017804472073339017,1.1195769276574175,562
0.12932000992018833,0.8734146784614526,-0.09684232751160224,-0.37974395436418584,-0.8345095659689508,307
-0.7959640249259857,-0.1774853357301348,1.3069725707717588,1.1463536519218933,-0.21057748629440956,501
-1.4806742107121544,1.5740146879225108,-1.3857046410720082,0.7648292503503734,-0.60360556797916,109
-0.7913376047517549,-0.1774853357301348,-1.5250411074028627,0.3833048487788537,-0.6551905037002834,87
1.1355663978154027,-1.228385349921722,1.0979678712754768,0.0017804472073339017,0.7621670158753476,506
0.7469471031800096,0.8734146784614526,0.10519554866813706,0.0017804472073339017,0.40721352960380747,364
0.009033085390185712,-1.228385349921722,1.1223517528833762,-1.1427927575072254,-1.3650974762433639,460
-0.6502317894377133,1.5740146879225108,-1.36480417112238,-0.37974395436418584,0.08173714945862354,134
-0.5669562263015576,0.1728146690003943,-0.8840933622809312,1.1463536519218933,1.7447372200872235,224
-1.408964698011576,0.8734146784614526,1.432375390469528,1.1463536519218933,1.1834439909311896,540
-1.5546969334998484,0.1728146690003943,-0.40338255343948254,-1.5243171590787452,-0.0668765939284227,250
0.5040600440328888,-0.5277853404606639,0.3176836598226905,-1.1427927575072254,-0.6576469292108131,366
-0.7150016718769455,-0.5277853404606639,1.5229440935845835,0.0017804472073339017,0.4956448479828763,542
-0.38421262941943823,0.1728146690003943,0.23408178002417765,1.5278780534934129,-1.1980605415273449,339
-0.5877751170855966,-0.5277853404606639,0.5545556525851434,0.7648292503503734,-0.00423774340991561,397
1.0245323136338618,0.8734146784614526,-0.8910601855974739,0.0017804472073339017,-0.08652799801266023,217
-0.8746131678879105,1.2237146831919816,-1.5947093405682902,-1.5243171590787452,0.04120612853488365,95
-0.8306621762327172,-1.5786853546522512,-0.6994725443925488,0.3833048487788537,0.7670798668964071,220
-1.1984625800840714,-0.5277853404606639,0.5162381243441584,1.1463536519218933,1.7189447522266619,412
-0.0511103768748156,-0.5277853404606639,0.31071683650614773,0.7648292503503734,-0.7976631833110055,356
-0.23848039393116585,-1.228385349921722,0.18183060515010713,-1.1427927575072254,-0.2498802944628846,340
-0.2639257048894356,0.1728146690003943,-1.309069584590038,0.0017804472073339017,-0.7202857797293203,126
1.690736818723107,-0.8780853451911931,-0.995562535345615,-0.37974395436418584,1.5813849236369992,228
1.5797027345415662,0.5231146737309235,-1.6051595755431043,1.5278780534934129,-0.341996251107748,116
0.3166900269765386,-0.1774853357301348,0.5336551826355153,-1.5243171590787452,-0.8738123741374259,393
-1.617153605851965,-0.5277853404606639,-0.05504138761234583,0.3833048487788537,-0.09266906178898444,295
0.6312865988242378,-0.1774853357301348,0.7217594121821691,-0.7612683559357056,1.2436264159391668,459
-1.2747985129588808,0.8734146784614526,-0.8248753640903179,1.5278780534934129,-0.5753566746080685,189
-1.207715420432533,-0.8780853451911931,1.0735839896675772,0.0017804472073339017,1.2608213945128748,482
-0.627099688566559,0.5231146737309235,1.4463090371026135,0.3833048487788537,0.7842748454701148,543
1.0939286162473247,0.1728146690003943,1.5055270352932266,1.5278780534934129,-0.5385102919501231,551
-0.9856472520694514,-1.5786853546522512,-0.36158161354022617,1.5278780534934129,1.5973516894554423,281
-1.3673269164434982,0.5231146737309235,-1.4902069908201492,1.1463536519218933,0.830946930170179,113
-0.21303508297289606,0.5231146737309235,0.08777849037678022,1.5278780534934129,-0.9008330547532525,327
-1.388145807227537,-1.5786853546522512,-0.20831150057628597,-0.37974395436418584,0.4391470612406934,278
-0.6918695710057912,1.2237146831919816,0.3142002481644191,0.3833048487788537,1.402065861368332,394
0.5341317751653895,0.1728146690003943,0.16441354685875031,0.0017804472073339017,0.028924000982235205,360
-0.6178468482180972,-1.228385349921722,0.7008589422325409,0.0017804472073339017,1.3160909684997928,435
-0.14826520053366388,-0.1774853357301348,-1.215017469816711,-0.37974395436418584,-0.34936552763933704,145
-0.8537942771038716,-0.5277853404606639,0.881996348462652,-1.1427927575072254,1.0950126725521205,458
-0.14132557027231757,0.5231146737309235,-0.6611550161515637,0.3833048487788537,-1.0322518195665908,218
-1.0550435546829144,0.8734146784614526,0.645124355700199,1.5278780534934129,0.9009550572202751,427
-1.3441948155723438,-1.5786853546522512,-0.6228374879105787,-1.5243171590787452,1.3283730960524411,233
-0.3125031167188598,-0.1774853357301348,-0.06549162258715993,0.7648292503503734,0.44528812501701764,321
-0.5877751170855966,-0.8780853451911931,-0.33719773193232655,0.3833048487788537,-0.1405693592443134,265
-0.5044995539494409,-1.5786853546522512,0.5301717709772439,-0.7612683559357056,1.73368330528984,417
-0.32406916715443695,-0.8780853451911931,-0.15606032570221548,-1.5243171590787452,-1.0998035211061574,278
-0.3934654697679,0.1728146690003943,0.9342475233367225,-0.37974395436418584,0.252458722440437,462
-0.04648395670058473,0.5231146737309235,1.111901517908562,1.5278780534934129,0.37527999796692146,497
1.126313557466941,0.8734146784614526,-1.1070317084102987,-1.1427927575072254,-1.7249638135359635,160
1.609774465674067,-0.5277853404606639,0.3002666015313336,-0.7612683559357056,-0.23391352864444162,385
1.5773895244544507,-0.8780853451911931,-1.5981927522265615,-1.1427927575072254,-0.4648175266342325,106
-0.4859938732525174,-0.1774853357301348,-1.5424581656942196,-1.1427927575072254,0.9771042480466955,115
-1.7189348496850443,1.2237146831919816,-1.2533349980576962,1.1463536519218933,0.8370879939465032,147
-0.4859938732525174,0.1728146690003943,-0.48001760992145265,-0.7612683559357056,-1.1145420741693355,236
-0.8491678569296407,1.2237146831919816,1.7005980881564233,0.7648292503503734,0.0019033203664086155,568
-0.3217559570673215,0.1728146690003943,1.2373043376063313,1.1463536519218933,0.8211212281280602,516
-1.5246252023673477,-1.228385349921722,0.4605035378118165,-0.7612683559357056,1.3725887552419755,390
-1.323375924788305,-0.1774853357301348,0.3176836598226905,-1.1427927575072254,0.6663664209646898,366
-1.728187690033506,1.2237146831919816,-1.5041406374532347,1.1463536519218933,-0.6601033547213428,86
0.8788000781455894,0.8734146784614526,-1.336936877856209,-0.7612683559357056,-0.468502164900027,145
-0.8584206972781024,0.5231146737309235,1.1223517528833762,0.7648292503503734,1.0937844597968558,499
-0.7843979744904085,-1.5786853546522512,-0.5566526664034227,-1.5243171590787452,-0.7841528430030922,216
-1.4691081602765774,-0.5277853404606639,0.9690816399194361,0.3833048487788537,0.04734719231120788,446
0.9019321790167436,0.5231146737309235,1.1641526927826327,1.5278780534934129,0.5631965495224428,519
-0.44435609168443957,0.5231146737309235,0.6729916489663699,-0.7612683559357056,0.1517452765087197,424
-1.7004291689881208,0.1728146690003943,-0.37203184851504023,0.7648292503503734,-0.7166011414635257,242
0.8255962461419343,0.8734146784614526,1.7249819697643227,0.3833048487788537,1.2006389695048973,611
0.6243469685628914,0.1728146690003943,-1.1418658249930125,1.1463536519218933,0.3887903382748348,180
-1.207715420432533,1.5740146879225108,-0.7099227793673628,-0.7612683559357056,1.0557098643836456,237
-1.2308475213036876,-0.8780853451911931,-1.4588562858957068,-0.7612683559357056,-1.069098202224536,80
0.05761049721960985,-0.5277853404606639,0.9655982282611647,-0.37974395436418584,1.172390076133806,483
1.2581665324325206,-0.8780853451911931,-0.12470962077777317,-0.7612683559357056,-0.00915059443097499,321
-0.11356704922693235,-1.5786853546522512,1.3801242155954574,1.5278780534934129,-0.9241690971032845,501
-0.011785805393853205,1.5740146879225108,0.2689158966068913,-0.37974395436418584,0.6467150168804522,386
0.08768222835211051,-0.1774853357301348,1.2024702210236178,0.3833048487788537,1.2780163730865826,522
0.02753876608710919,-1.5786853546522512,-0.3232640852992411,1.1463536519218933,-0.8897791399558689,259
-0.08812173826866257,-1.5786853546522512,0.08777849037678022,1.1463536519218933,-1.4301927522724007,308
-1.3048702440913815,-1.228385349921722,-1.6156098105179184,0.0017804472073339017,0.5423169326829405,81
0.4184712708096177,-0.5277853404606639,-0.6158706645940359,0.0017804472073339017,-1.0813803297771847,224
-1.5847686646323491,0.1728146690003943,-1.2672686446907817,0.3833048487788537,1.765616836926726,155
0.4439165817678875,0.8734146784614526,-0.28494655705825606,0.7648292503503734,0.6319764638172741,308
0.212595573056344,-0.8780853451911931,0.26194907329034856,0.7648292503503734,0.07805251119282901,365
1.0014002127627073,-1.5786853546522512,-1.0164630052952432,-0.37974395436418584,-1.1698116481562535,167
-0.6872431508315603,-0.8780853451911931,1.1188683412251048,0.3833048487788537,0.5742504643198264,484
-0.42353720090040065,-0.8780853451911931,-1.0512971218779568,0.7648292503503734,-0.9155716078164305,152
1.5635102639317582,-0.1774853357301348,0.7252428238404404,0.0017804472073339017,-0.11477689138375166,450
0.40690522037404053,-0.5277853404606639,1.139768811174733,0.0017804472073339017,-1.0912060318193033,476
-0.7288809323996381,-0.5277853404606639,1.1153849295668334,-1.1427927575072254,0.6737356974962788,486
-1.5662629839354256,1.2237146831919816,0.787944233689325,0.7648292503503734,-1.7421587921096713,400
-1.5338780427158094,0.5231146737309235,-0.020207271029632157,0.3833048487788537,-1.728648451801758,280
0.6197205483886605,-0.5277853404606639,-0.13864326741085864,-1.5243171590787452,0.5730222515645615,322
0.18715026209807423,-0.8780853451911931,0.11564578364295117,-0.37974395436418584,-0.09266906178898444,340
1.063856885114824,0.1728146690003943,1.327873040721387,-0.7612683559357056,0.48581914594075754,541
-1.5662629839354256,-0.8780853451911931,-0.4730507866049099,-0.7612683559357056,-1.094890670085098,217
-1.6680442277685048,0.1728146690003943,1.728465381422594,0.7648292503503734,1.0655355664257644,573
1.4918007512311797,1.2237146831919816,0.5859063575095858,-0.37974395436418584,-0.01651987096256406,438
1.6074612555869514,0.1728146690003943,0.37341824635503235,1.1463536519218933,-0.6232569720633975,394
-0.823722545971371,-0.5277853404606639,-1.3578373478058372,1.5278780534934129,0.18245059539034084,123
-0.23154076366981954,-0.1774853357301348,0.4396030678621883,-0.7612683559357056,-0.09758191281004383,385
0.6405394391726995,0.1728146690003943,1.5960957384082821,0.0017804472073339017,0.5877608046277397,576
-1.425157168621384,-0.8780853451911931,0.23756519168244902,-0.37974395436418584,0.22912268009040493,342
-1.126753067383493,0.8734146784614526,0.23059836836590628,0.3833048487788537,0.7793619944490555,364
-1.2308475213036876,-0.5277853404606639,-0.7377900726335338,-0.37974395436418584,-1.6684660267937805,176
-0.9208773696302192,0.8734146784614526,0.7078257655490836,1.1463536519218933,0.4833627204302278,431
1.1286267675540562,1.5740146879225108,0.7287262354987117,-0.7612683559357056,-1.55424224055415,431
-0.7589526635321387,1.5740146879225108,1.7423990280556796,0.0017804472073339017,-0.8873227144453392,563
-0.8445414367554098,-0.8780853451911931,0.47443718444490196,-1.5243171590787452,-0.4893817817395294,372
1.089302196073094,1.5740146879225108,0.004176610578267412,0.3833048487788537,0.14928885099819,354
1.5056800117538722,0.5231146737309235,-0.8179085407737753,0.0017804472073339017,1.1908132674627785,253
-0.6132204280438663,1.2237146831919816,-0.378998671831583,1.1463536519218933,-0.7595885878977953,261
-0.5183788144721335,-0.5277853404606639,1.4010246855450856,1.5278780534934129,-1.3577281997117747,498
-0.4651749824684785,0.8734146784614526,0.18183060515010713,1.1463536519218933,-0.00915059443097499,353
-0.7450734030094461,-0.8780853451911931,-0.7865578358493329,1.1463536519218933,-0.2830420388550354,196
1.2049627004288657,0.5231146737309235,0.4187025979125601,-0.7612683559357056,0.8297187174149141,420
0.020599135825762886,-0.8780853451911931,1.167636104440904,-0.37974395436418584,-1.5763500701489173,465
-0.9578887310240661,0.5231146737309235,1.3557403339875578,-0.37974395436418584,-1.4572134328882271,489
1.4154648183563703,1.5740146879225108,-0.5601360780616941,0.0017804472073339017,0.0559446815980618,276
-0.5646430162144422,1.5740146879225108,-1.3055861729317666,1.5278780534934129,-0.26830348579185725,138
1.3414420955686763,0.1728146690003943,-0.7447568959500765,1.5278780534934129,1.623144157316004,266
-1.4482892694925384,-1.228385349921722,-0.00627362439654669,-1.5243171590787452,-0.20075178425229082,298
0.5271921449040432,-0.8780853451911931,-0.7273398376587197,1.1463536519218933,0.09770391527706652,227
-0.9162509494559883,0.1728146690003943,-0.7482403076083479,-1.5243171590787452,0.44037527399595827,217
1.1101210868571327,-0.5277853404606639,0.986498698210793,-1.1427927575072254,1.362763053199857,503
1.3807666670496388,0.1728146690003943,1.2303375142897885,0.7648292503503734,0.5251219541092326,532
1.1170607171184792,-1.5786853546522512,0.7983944686641391,1.1463536519218933,0.36791072143533243,454
-0.9347566301529118,1.5740146879225108,1.4149583321781711,-1.5243171590787452,0.5644247622777077,537
0.3629542287188473,-1.5786853546522512,-0.5636194897199654,-0.7612683559357056,1.4413686695368069,266
-1.0064661428534902,-0.8780853451911931,-0.9711786537377154,0.7648292503503734,1.6206877318054742,197
0.4577958422905801,0.8734146784614526,0.8262617619303101,1.5278780534934129,-0.1405693592443134,456
-0.696495991180022,0.8734146784614526,1.509010446951498,1.1463536519218933,-0.310062719470862,536
0.42078448089673315,-0.5277853404606639,0.2166647217328208,1.1463536519218933,1.2632778200234045,383
0.46010905237769556,0.1728146690003943,-1.6156098105179184,1.5278780534934129,-0.8381942042347453,90
1.4848611209698332,0.8734146784614526,-1.612126398859647,-0.7612683559357056,1.3025806281918795,142
0.1663313713140353,0.5231146737309235,0.7391764704735259,1.1463536519218933,-1.657412111996397,413
-1.37657975679196,0.5231146737309235,-1.4170553459964503,-1.5243171590787452,0.34703110459583003,115
-1.265545672610419,-0.5277853404606639,1.4149583321781711,1.1463536519218933,0.5767068898303561,521
-0.8931188485848339,1.2237146831919816,1.5891289150917394,0.7648292503503734,1.0336020347888784,569
-1.4922402611477317,1.5740146879225108,0.6695082373080985,1.1463536519218933,-0.09635370005477899,413
-1.3280023449625358,0.1728146690003943,-0.26752949876689924,-1.5243171590787452,-1.6524992609753375,246
0.006719875303070276,-0.8780853451911931,-1.1244487667016556,0.3833048487788537,-0.9290819481243439,147
-0.9116245292817574,-0.1774853357301348,0.7322096471569831,0.7648292503503734,0.29544616887470654,425
-1.4228439585342687,-0.1774853357301348,-1.1174819433851129,0.0017804472073339017,-0.17127467812593453,145
-0.25929928471520475,-0.1774853357301348,1.0840342246423913,0.0017804472073339017,-0.46604573938949734,472
0.013659505564416582,0.8734146784614526,1.7040814998146945,0.7648292503503734,-0.4709585904105567,570
-0.9023716889332957,1.2237146831919816,-0.9084772438888308,-0.7612683559357056,-0.7767835664715032,180
0.03910481652268637,1.2237146831919816,1.7040814998146945,0.3833048487788537,1.005353141417787,597
-1.3973986475759987,0.1728146690003943,0.4152191862542887,0.7648292503503734,0.10630140456392044,372
-0.9555755209369508,0.1728146690003943,-0.4277664350473821,-1.5243171590787452,0.9107807592623939,270
1.2674193727809824,1.2237146831919816,0.133062841934308,-1.1427927575072254,-0.6883522480924342,359
1.2674193727809824,-0.5277853404606639,1.0492001080596776,-0.37974395436418584,0.5251219541092326,501
0.29587113619249966,0.1728146690003943,0.5475888292686006,1.1463536519218933,0.5202091030881731,420
1.1240003473798255,-0.5277853404606639,0.16789695851702166,0.3833048487788537,-0.8111735236189188,351
-0.5577033859530959,-1.5786853546522512,1.3034891591134874,-1.5243171590787452,-1.102259946616687,481
-0.5600165960402114,0.5231146737309235,0.11912919530122253,0.0017804472073339017,-0.7448500348346171,329
0.04373123669691724,1.5740146879225108,-1.4553728742374354,0.7648292503503734,-0.9720693945586134,113
-1.1360059077319546,0.1728146690003943,0.540622005952058,0.3833048487788537,1.7619321986609315,421
0.3976523800255788,1.2237146831919816,-1.336936877856209,1.5278780534934129,-0.5299128026632692,140
1.531125322712142,0.5231146737309235,0.8436788202216668,1.1463536519218933,0.6184661235093608,482
-1.3441948155723438,0.5231146737309235,1.376640803937186,-0.37974395436418584,-0.31866020875771595,506
-0.6386657390021361,-1.228385349921722,1.6553137365988955,0.0017804472073339017,-0.8590738210742477,536
0.18946347218518964,1.2237146831919816,0.6938921189159981,0.7648292503503734,1.0397430985652025,454
-1.4806742107121544,1.5740146879225108,-0.7238564260004483,1.1463536519218933,-0.8295967149478914,201
0.5109996742942351,1.2237146831919816,-1.242884763082882,0.0017804472073339017,1.6722726675265978,191
0.059923707306725284,0.1728146690003943,0.1539633118839362,1.5278780534934129,-0.08529978525739537,351
-0.8098432854486783,-0.8780853451911931,1.6901478531816092,-0.37974395436418584,-0.9315383736348736,540
0.9990870026755919,-1.5786853546522512,-0.769140777557976,-0.37974395436418584,1.741052581821429,250
1.2674193727809824,-0.5277853404606639,-0.2710129104251706,1.1463536519218933,-0.8983766292427228,288
1.6074612555869514,-0.8780853451911931,0.6381575323836562,-1.5243171590787452,-1.4940598155461726,411
-0.18065014175327998,-1.5786853546522512,0.4500533028370024,1.1463536519218933,0.7633952286306125,394
-1.5061195216704242,-0.8780853451911931,1.0492001080596776,0.0017804472073339017,-0.055822679131039096,453
0.2866182958440379,-0.5277853404606639,1.3069725707717588,-1.5243171590787452,-0.5458795684817123,507
-1.4853006308863854,0.8734146784614526,0.8959299950957375,-0.37974395436418584,-0.09881012556530867,441
1.1147475070313637,1.2237146831919816,-1.6434771037840892,-1.1427927575072254,-0.05950731739683363,112
-1.6772970681169665,-0.8780853451911931,0.920313876703637,-0.37974395436418584,1.3750451807525053,456
-0.6178468482180972,0.1728146690003943,-1.2986193496152239,1.1463536519218933,0.7547977393437586,147
0.03679160643557093,1.5740146879225108,1.0735839896675772,0.0017804472073339017,1.0348302475441433,509
1.1401928179896335,-0.1774853357301348,1.0596503430344917,-1.5243171590787452,1.615774880784415,520
0.41384485063538684,0.1728146690003943,-1.204567234841897,0.7648292503503734,1.679641944058187,189
-1.4228439585342687,-0.5277853404606639,0.7914276453475964,-1.5243171590787452,-0.9008330547532525,405
1.5195592722765647,1.5740146879225108,0.21318131007454943,1.5278780534934129,0.1382349362008064,390
0.5965884475175063,0.1728146690003943,1.5299109169011262,-0.7612683559357056,0.3212386367352683,561
-0.23848039393116585,0.5231146737309235,0.6137736507757566,-0.7612683559357056,-0.27567276232344634,411
-1.068922815205607,1.2237146831919816,0.6904087072577267,0.3833048487788537,-0.21917497558126348,417
1.4339704990532938,1.5740146879225108,1.64138008996581,0.3833048487788537,0.8788472276255079,606
-1.2169682607809948,0.5231146737309235,0.9168304650453656,0.3833048487788537,-1.7704076854807627,418
-0.2708653351507819,0.1728146690003943,-0.23617879384245694,-1.5243171590787452,-1.046990372629769,274
-0.23385397375693498,-1.5786853546522512,1.4219251554947139,0.0017804472073339017,-1.7532127069070549,492
-1.2215946809552258,-1.228385349921722,-0.4207996117308394,0.3833048487788537,0.6639099954541601,256
-1.297930613830035,-1.5786853546522512,0.5441054176103293,1.1463536519218933,1.028689183767819,397
-1.1753304792129171,1.2237146831919816,0.23756519168244902,-1.5243171590787452,0.19473272294298927,357
-0.38421262941943823,1.5740146879225108,-1.5320079307194054,0.0017804472073339017,0.7670798668964071,125
-0.23616718384405042,1.5740146879225108,0.6555745906750131,-0.7612683559357056,-0.4242865057104926,421
-1.223907891042341,1.2237146831919816,-1.336936877856209,-1.1427927575072254,0.9783324608019603,143
1.3992723477465623,0.5231146737309235,-0.9537615954463585,1.1463536519218933,1.685783007834511,240
-0.5322580749948261,-1.228385349921722,0.5859063575095858,0.7648292503503734,-1.6684660267937805,371
0.22184841340480574,0.1728146690003943,1.509010446951498,0.7648292503503734,-0.7362525455477632,537
1.6791707682875299,-0.5277853404606639,-0.22572855886764281,0.0017804472073339017,0.6540842934120413,325
0.013659505564416582,-1.5786853546522512,-1.4553728742374354,1.5278780534934129,-0.4206018674446981,104
-0.516065604385018,-1.5786853546522512,1.7354322047391368,0.0017804472073339017,-1.4129977736986927,538
-1.2747985129588808,-0.1774853357301348,1.2268541026315174,-1.1427927575072254,1.0974690980626503,504
-0.696495991180022,-1.228385349921722,1.0282996381100493,-0.7612683559357056,1.528571775160611,484
-0.7589526635321387,-0.5277853404606639,0.9377309349949938,-0.37974395436418584,0.03383685200329459,450
-1.1128738068608004,-1.5786853546522512,-0.1525769140439441,0.0017804472073339017,-0.17864395465752358,280
1.6722311380261836,-0.5277853404606639,1.5159772702680407,-0.7612683559357056,-0.5520206322580364,555
1.5426913731477192,0.1728146690003943,-1.0582639451944995,0.7648292503503734,-0.45130718632631917,190
-1.5639497738483101,1.5740146879225108,-1.4623396975539782,0.0017804472073339017,-0.10372297658636805,105
0.7029961115248162,-0.5277853404606639,1.6866644415233378,0.0017804472073339017,1.6587623272186844,603
-0.7011224113542529,-1.5786853546522512,-1.1836667648922687,0.3833048487788537,1.1539668848048332,159
-1.1244398572963774,0.5231146737309235,-0.8492592456982175,0.7648292503503734,0.8100673133306766,208
-0.7936508148388702,-1.228385349921722,0.9899821098690643,1.1463536519218933,-0.8283685021926266,440
1.4177780284434858,1.2237146831919816,0.16789695851702166,1.5278780534934129,1.5015510945447843,402
-0.15751804088212562,-0.8780853451911931,1.5508113868507545,-0.37974395436418584,0.0031315331216734605,544
-0.5762090666500194,0.8734146784614526,0.5650058875599575,0.0017804472073339017,0.28439225407732294,411
-0.14132557027231757,0.8734146784614526,-1.3613207594641086,0.0017804472073339017,0.3703671469458621,142
-1.7235612698592753,-0.8780853451911931,1.4637260953939704,1.1463536519218933,1.0483405878520566,528
-1.7143084295108135,-0.5277853404606639,-0.7377900726335338,1.5278780534934129,1.750878283863548,226
-0.8121564955357937,-1.228385349921722,0.25498224997380586,0.7648292503503734,0.4931884224723466,355
0.6706111703052001,-0.5277853404606639,0.6033234158009425,0.0017804472073339017,0.5496862092145295,429
-1.5176855721060014,1.2237146831919816,1.5821620917751968,-0.7612683559357056,0.3433464663300355,548
1.4501629696631018,-1.228385349921722,-0.12122620911950181,-1.5243171590787452,-0.15039506128643215,320
1.2512269021711744,-0.8780853451911931,-1.3439037011727517,1.5278780534934129,-1.0261107557902667,130
0.8973057588425127,-0.5277853404606639,1.5891289150917394,0.0017804472073339017,-1.4805494752382593,541
1.1309399776411717,-0.1774853357301348,0.3873518929881178,1.5278780534934129,-0.8517045445426586,384
0.8579811873615504,-1.5786853546522512,0.5684892992182289,-0.37974395436418584,-0.769414289939914,399
-1.4529156896667692,0.5231146737309235,0.8192949386137673,0.0017804472073339017,1.6919240716108352,457
-0.9301302099786809,1.5740146879225108,-0.8945435972557453,-0.37974395436418584,1.6329698593581228,223
1.031471943895208,0.5231146737309235,-0.3337143202740552,-1.1427927575072254,0.4870473586960224,304
-1.4691081602765774,1.2237146831919816,0.039010727160981085,-1.5243171590787452,-0.017748083717828905,321
1.2049627004288657,-0.5277853404606639,0.7147925888656264,1.1463536519218933,-0.25724957099447365,439
-0.5762090666500194,0.1728146690003943,-0.8318421874068607,-0.37974395436418584,-1.1477038185614863,183
-0.7288809323996381,-1.228385349921722,0.10867896032640843,0.0017804472073339017,-1.1992887542826098,308
0.8417887167517424,-0.5277853404606639,-1.4309889926295358,0.3833048487788537,-1.7372459410886119,102
1.1193739272055945,-1.228385349921722,-1.5250411074028627,1.1463536519218933,-0.04845340259945003,116
0.2542333546244218,1.5740146879225108,1.4219251554947139,1.1463536519218933,0.4207238699117207,552
-0.6733638903088677,-0.1774853357301348,1.5020436236349552,0.7648292503503734,0.34948753010635975,540
0.6243469685628914,0.5231146737309235,1.0143659914769638,-0.37974395436418584,-0.762045013408325,472
1.5380649529734882,-1.5786853546522512,-0.9189274788636449,0.3833048487788537,-0.4390250587736707,200
-1.068922815205607,1.5740146879225108,-1.528524519061134,-0.37974395436418584,1.1834439909311896,123
-1.2331607313908028,1.5740146879225108,-1.0582639451944995,0.7648292503503734,-0.3248012725340402,164
0.3675806488930782,0.5231146737309235,-1.5877425172517474,-1.5243171590787452,0.3838774872537754,114
0.7538867334413558,1.5740146879225108,1.091001047958934,0.0017804472073339017,-0.6208005465528678,493
0.3999655901126942,0.1728146690003943,0.8785129368043806,-0.37974395436418584,0.07559608568229931,462
-1.5084327317575397,0.1728146690003943,-1.2498515863994248,0.7648292503503734,-1.2521019027589981,110
0.6312865988242378,0.8734146784614526,0.4953376543945302,1.5278780534934129,0.703212803622635,424
1.510306431928103,0.8734146784614526,-0.1630271490187582,0.0017804472073339017,-0.7264268435056445,317
-0.6109072179567508,0.1728146690003943,1.212920455998432,-0.37974395436418584,-1.498972666567232,471
0.38839953967711704,-0.8780853451911931,0.9377309349949938,1.5278780534934129,1.1883568419522488,482
-0.38421262941943823,-0.1774853357301348,-0.20134467725974325,0.0017804472073339017,-1.562839729841004,268
-1.2262211011294566,-1.228385349921722,0.7461432937900686,1.5278780534934129,-0.020204509228358595,412
-0.3749597890709765,-0.1774853357301348,0.025077080527895614,1.1463536519218933,1.4315429674946882,349
-1.0411642941602217,1.2237146831919816,-0.3023636153496129,-0.37974395436418584,0.2008737867193135,281
-0.4582353522071322,1.5740146879225108,-0.5810365480113223,0.7648292503503734,1.7078908374292783,276
0.6289733887371223,-1.5786853546522512,-0.9746620653959868,0.0017804472073339017,0.38510570000904026,194
-1.2840513533073425,1.5740146879225108,0.43611965620391696,-0.37974395436418584,0.3986160403169535,389
0.6335998089113531,-0.1774853357301348,-0.5601360780616941,0.0017804472073339017,-0.5839541638949224,245
1.568136684105989,0.1728146690003943,-0.4103493767560253,0.0017804472073339017,-1.680748154346429,263
1.6120876757611822,0.5231146737309235,-0.10380915082814497,1.5278780534934129,-0.7423936093240875,325
1.4732950705342562,1.2237146831919816,-1.242884763082882,1.5278780534934129,1.669816242016068,203
0.6474790694340458,0.1728146690003943,1.2024702210236178,0.3833048487788537,-0.28672667712082994,506
-0.40965794037770803,-0.1774853357301348,0.5615224759016861,-0.37974395436418584,-1.022426117524472,386
0.5803959769076982,0.5231146737309235,-1.2846857029821384,-1.1427927575072254,0.9992120776414627,170
0.7631395737898176,-1.5786853546522512,0.40476895127947465,-0.7612683559357056,1.0900998215310613,405
1.089302196073094,-0.1774853357301348,-0.13167644409431592,-1.1427927575072254,-1.2349069241852904,302
0.834849086490396,-1.228385349921722,1.6553137365988955,0.0017804472073339017,-0.6478212271686944,559
-0.15289162070789475,-0.5277853404606639,-1.2568184097159676,0.3833048487788537,1.4118915634104507,166
-1.462168530015231,0.5231146737309235,-1.3891880527302793,0.0017804472073339017,-1.5444165385120312,88
1.482547910882718,-0.1774853357301348,0.3978021279629319,-1.1427927575072254,0.26105621172729093,407
0.9065585991909745,0.1728146690003943,0.29678318987306224,0.0017804472073339017,-1.426508114006606,360
0.6474790694340458,-1.228385349921722,-1.6051595755431043,1.5278780534934129,1.4499661588236608,123
-0.5276316548205953,-0.8780853451911931,0.8088447036389532,-0.37974395436418584,-0.3469091021288074,427
0.5780827668205828,0.5231146737309235,0.11912919530122253,-1.1427927575072254,-0.023889147494153128,355
-1.2424135717392646,-1.228385349921722,-0.5462024314286086,-0.7612683559357056,0.4723088056328442,234
0.9574492211075141,0.1728146690003943,-0.6716052511263778,-0.7612683559357056,0.6393457403488632,255
1.6861103985488761,-0.1774853357301348,-1.2533349980576962,1.5278780534934129,1.6931522843661002,197
0.1339464300944192,1.5740146879225108,-0.6855388977594633,-0.37974395436418584,-0.6809829715608452,229
0.24729372436307553,-1.5786853546522512,-1.1035482967520274,-1.5243171590787452,-0.651505865434489,153
-0.8306621762327172,1.5740146879225108,0.8018778803224105,-1.5243171590787452,1.4266301164736288,464
-1.3002438239171505,-0.5277853404606639,1.5821620917751968,0.7648292503503734,0.7179513566858132,547
-1.6796102782040818,-1.228385349921722,-1.6225766338344612,0.7648292503503734,0.12595280864815797,69
0.4115316405482714,-0.5277853404606639,-1.3613207594641086,-1.1427927575072254,0.307728296427355,140
-1.3326287651367668,-1.5786853546522512,-0.2919133803747988,1.5278780534934129,0.7498848883226992,273
0.733067842657317,-1.228385349921722,-0.46608396328836715,1.5278780534934129,0.33843361530897614,270
0.40921843046115597,0.8734146784614526,-1.2219842931332539,0.0017804472073339017,1.1515104592943035,182
0.6474790694340458,0.1728146690003943,0.04597755047752382,-0.7612683559357056,0.5496862092145295,353
-1.1360059077319546,-1.228385349921722,1.1711195160991754,-0.7612683559357056,0.42932135919857467,481
0.8764868680584739,0.1728146690003943,-1.100064885093756,-0.7612683559357056,-1.3982592206355147,160
-0.4189107807261698,1.5740146879225108,-1.6051595755431043,0.3833048487788537,1.6341980721133875,128
-0.573895856562904,1.2237146831919816,1.536877740217669,-0.37974395436418584,-0.39603761233940116,542
1.1124342969442482,0.5231146737309235,0.021593668869624248,1.1463536519218933,-1.3650974762433639,327
-0.5507637556917496,1.2237146831919816,0.5754561225347716,0.0017804472073339017,1.1023819490837097,428
-0.9902736722436822,-0.1774853357301348,1.1780863394157182,-1.5243171590787452,-1.340533221138067,461
-0.15289162070789475,0.5231146737309235,-0.48350102157972397,1.5278780534934129,0.941486078144015,275
0.7284414224830861,0.5231146737309235,0.22363154504936356,-1.5243171590787452,-0.34076803835248315,367
-0.6109072179567508,-0.8780853451911931,-0.6646384278098351,0.3833048487788537,1.6685880292608033,247
0.31437681688942315,0.5231146737309235,0.8018778803224105,-1.5243171590787452,-0.8381942042347453,436
0.0044066652159548405,-1.5786853546522512,1.2268541026315174,-0.7612683559357056,0.7855030582253797,508
-0.5276316548205953,1.2237146831919816,1.585645503433468,0.0017804472073339017,-1.5333626237146476,531
-1.392772227401768,1.5740146879225108,-1.0373634752448713,0.7648292503503734,0.29790259438523625,175
-0.3934654697679,0.1728146690003943,0.6346741207253849,1.1463536519218933,-1.2115708818352582,396
-1.3997118576631142,-0.1774853357301348,-1.4832401675036064,1.5278780534934129,-1.229994073164231,76
1.036098364069439,0.5231146737309235,0.9237972883619083,0.3833048487788537,-0.6601033547213428,466
-1.6287196562875423,-0.1774853357301348,0.9760484632359788,1.5278780534934129,-0.8013478215768,433
0.3490749681961547,1.5740146879225108,0.6068068274592139,1.1463536519218933,-0.8062606725978594,416
1.3391288854815608,-0.1774853357301348,-0.9572450071046299,1.5278780534934129,-1.244732626227409,187
-1.2794249331331116,1.5740146879225108,1.1989868093653464,-0.37974395436418584,0.5730222515645615,502
-0.8283489661456018,0.5231146737309235,-1.127932178359927,1.5278780534934129,0.3973878275616887,165
-0.23154076366981954,1.5740146879225108,0.1853140168083785,0.7648292503503734,-1.1292806272325135,342
0.8533547671873195,0.5231146737309235,1.3696739806206433,0.0017804472073339017,-1.0875213935535089,521
0.7770188343125102,-0.8780853451911931,-0.8980270089140167,0.0017804472073339017,0.2094712760061674,208
-0.5137523942979026,-0.8780853451911931,1.0596503430344917,-1.5243171590787452,-0.18846965669964236,465
1.3275628350459838,1.5740146879225108,0.17834719349183578,-1.1427927575072254,-1.5198522834067343,355
0.5410714054267358,-0.8780853451911931,-1.0269132402700574,-0.7612683559357056,-0.6158876955318084,172
0.871860447884243,0.1728146690003943,0.05642778545233792,1.1463536519218933,-0.39603761233940116,342
0.37683348924153987,0.1728146690003943,-0.5427190197703372,0.3833048487788537,-1.5456447512672962,231
0.24035409410172923,-0.8780853451911931,0.9690816399194361,0.0017804472073339017,-0.057050891886303946,464
-1.7235612698592753,-0.8780853451911931,1.0561669313762203,-1.5243171590787452,0.6639099954541601,463
-0.7682055038806005,0.8734146784614526,-0.6472213695184782,1.5278780534934129,-0.4242865057104926,224
-0.05573679704904647,0.8734146784614526,1.195503397707075,-0.7612683559357056,-0.9155716078164305,489
1.4108383981821393,0.5231146737309235,-0.1839276189683864,-0.7612683559357056,-1.1071727976377463,305
-1.3441948155723438,1.5740146879225108,-0.5810365480113223,-1.1427927575072254,0.5054705500249951,244
-1.5061195216704242,-0.5277853404606639,0.04249413881925245,-0.37974395436418584,-1.59231683596736,286
1.0245323136338618,-0.5277853404606639,1.2825886891638592,-1.1427927575072254,0.26474084999308545,526
-0.6548582096119442,-0.8780853451911931,1.4776597420270556,1.5278780534934129,-1.0801521170219197,509
0.9389435404105906,-0.1774853357301348,-0.33719773193232655,0.7648292503503734,0.410898167869602,298
0.15476532087845812,-0.8780853451911931,1.1014512829337482,1.1463536519218933,1.028689183767819,500
0.8626076075357813,0.8734146784614526,0.38038506967157504,-0.7612683559357056,1.1932696929733082,418
-0.0025329650453914648,0.5231146737309235,-1.1871501765505401,0.3833048487788537,-0.7927503322899461,148
-0.6664242600475213,-0.8780853451911931,0.9446977583115366,0.3833048487788537,-0.8001196088215352,437
-0.0025329650453914648,1.2237146831919816,1.195503397707075,-1.5243171590787452,-1.031023606811326,489
1.3021175240877139,-0.1774853357301348,-0.2953967920330702,0.3833048487788537,1.5789284981264695,327
0.47861473307461905,1.2237146831919816,-0.7203730143421769,-0.7612683559357056,1.6845547950792463,265
0.5919620273432754,0.5231146737309235,-0.44518349333873897,-0.7612683559357056,0.43791884848542856,282
0.8741736579713585,0.5231146737309235,-0.3859654951481257,-0.7612683559357056,-1.6058271762752734,261
-1.3950854374888835,0.1728146690003943,-1.0164630052952432,1.1463536519218933,-1.4473877308461085,142
-0.839915016581179,-1.228385349921722,0.23059836836590628,0.0017804472073339017,0.1296374469139525,345
-1.3094966642656123,1.2237146831919816,-0.46608396328836715,-0.37974395436418584,1.25713675624708,272
1.2026494903417502,0.1728146690003943,0.1748637818335644,1.5278780534934129,0.7904159092464391,383
-0.2407936040182813,0.8734146784614526,-0.21179491223455735,1.5278780534934129,0.8505983342544164,314
0.7099357417861626,-1.5786853546522512,-1.6469605154423606,-1.5243171590787452,0.8125237388412063,105
-0.8445414367554098,-0.1774853357301348,0.5197215360024298,-1.1427927575072254,1.2411699904286373,411
-1.5870818747194646,-1.5786853546522512,-0.3859654951481257,1.1463536519218933,-1.2177119456115824,224
-1.4806742107121544,1.5740146879225108,0.6625414139915557,0.0017804472073339017,0.3544003811274191,419
-1.5940215049808109,0.8734146784614526,0.05642778545233792,0.7648292503503734,-0.021432721983623438,320
-1.450602479579654,0.8734146784614526,0.9272807000201797,-1.5243171590787452,1.3111781174787334,468
-0.3749597890709765,-1.5786853546522512,1.4254085671529853,0.0017804472073339017,1.7287704542687807,547
1.5264989025379112,1.2237146831919816,-1.44143922760435,-0.7612683559357056,-1.1599859461141346,129
0.16864458140115074,-1.228385349921722,-0.901510420572288,-1.1427927575072254,0.3187822112247386,199
-0.6109072179567508,1.2237146831919816,0.787944233689325,-1.1427927575072254,-0.43411220775261133,433
-1.4482892694925384,-1.5786853546522512,1.6448635016240813,1.5278780534934129,-1.6782917288358994,509
-1.6518517571586966,1.5740146879225108,-0.8422924223816748,-0.37974395436418584,-1.7089970477175205,167
0.4832411532488499,1.2237146831919816,-0.6541881928350209,-0.37974395436418584,-0.4979792710263833,239
-1.1799568993871479,-0.5277853404606639,0.8227783502720387,0.7648292503503734,0.03874970302435397,429
-0.12513309966250952,1.2237146831919816,-0.9572450071046299,-1.1427927575072254,0.9267475250808369,211
-0.4651749824684785,0.5231146737309235,-1.1557994716260978,-0.7612683559357056,-0.11968974240481103,157
-0.016412225568084075,0.1728146690003943,-1.4658231092122496,-0.7612683559357056,0.17999416987981115,121
1.5866423648029124,-0.1774853357301348,-0.33719773193232655,0.3833048487788537,-1.0740110532455955,282
-0.5021863438623254,1.2237146831919816,-1.4100885226799076,-0.7612683559357056,1.7619321986609315,155
1.2998043140005986,-1.228385349921722,-0.7761076008745188,0.0017804472073339017,-0.9462769266980517,211
0.36526743880596274,-1.228385349921722,-1.4658231092122496,-0.37974395436418584,-1.5321344109593829,90
-0.42353720090040065,1.2237146831919816,0.42218600957083147,-0.7612683559357056,-0.39358118682887144,384
1.408525188095024,-0.8780853451911931,-0.49743466821280946,1.1463536519218933,-1.3908899441039255,248
-1.654164967245812,0.8734146784614526,1.6448635016240813,-0.7612683559357056,-0.30023701742874326,543
0.35370138837038556,1.2237146831919816,0.8297451735885815,0.3833048487788537,0.23157910560093461,463
0.7723924141382793,0.8734146784614526,1.5229440935845835,0.7648292503503734,0.42563672093278015,569
-0.13901236018520213,-0.5277853404606639,0.6381575323836562,0.7648292503503734,-1.2828072216406192,394
-1.1637644287773399,-1.5786853546522512,-0.23269538218418556,-1.1427927575072254,1.3418834363603545,292
-0.9440094705013735,-0.5277853404606639,0.40476895127947465,-0.7612683559357056,-0.9475051394533166,355
1.2026494903417502,1.2237146831919816,-1.100064885093756,-0.37974395436418584,-0.22040318833652833,189
-0.29168422593482085,-1.228385349921722,0.6520911790167417,0.7648292503503734,0.5398605071724107,420
-0.048797166787700165,-0.8780853451911931,-1.3055861729317666,-1.1427927575072254,0.11981174487183373,137
1.2836118433907904,1.5740146879225108,-0.9398279488132731,-0.7612683559357056,0.23772016937725884,222
0.568829926472121,0.8734146784614526,1.623963031674453,0.7648292503503734,-0.11109225311795712,572
0.3860863295900016,0.1728146690003943,-1.5981927522265615,0.7648292503503734,-0.0054659561651804545,105
-0.28474459567347454,0.8734146784614526,0.11564578364295117,-0.7612683559357056,-0.7559039496320007,333
0.06455012748095615,0.5231146737309235,-0.511368314845895,-1.5243171590787452,0.9721913970256362,274
1.3252496249588683,-0.1774853357301348,-0.3929323184646684,-0.7612683559357056,1.1122076511258285,306
-0.3518276881998222,1.2237146831919816,-1.2533349980576962,0.0017804472073339017,0.26842548825887996,155
0.10387469896191855,-0.5277853404606639,0.44308647952045965,0.7648292503503734,0.5902172301382693,400
1.0222191035467463,0.1728146690003943,0.17138037017529303,-0.37974395436418584,1.3553937766682678,389
-0.18065014175327998,-1.228385349921722,0.8680627018295665,-1.5243171590787452,-1.436333816048725,420
1.4432233394017555,-1.228385349921722,-1.6992116903164312,0.3833048487788537,1.5629617323080265,121
-1.3326287651367668,-1.228385349921722,1.327873040721387,-1.1427927575072254,0.4465163377722825,501
0.5109996742942351,1.5740146879225108,-1.3543539361475658,-0.7612683559357056,-0.6355390996160459,139
-0.49987313377521003,0.5231146737309235,0.15047990022566482,-0.37974395436418584,1.6120902425186203,372
-0.090434948355778,-1.228385349921722,-1.5041406374532347,0.3833048487788537,-1.0347082450771206,87
0.3745202791544245,-1.228385349921722,-0.35113137856541204,0.3833048487788537,-1.1882348394852262,256
1.5450045832348347,1.2237146831919816,0.7043423538908122,0.7648292503503734,-0.2498802944628846,452
0.2588597747986527,0.5231146737309235,1.5717118568003827,0.0017804472073339017,0.39615961480642387,566
-0.33794842767712957,-0.8780853451911931,-0.5183351381624377,0.7648292503503734,0.8776190148702431,259
-0.8098432854486783,-0.8780853451911931,1.2930389241386733,-1.1427927575072254,-1.5456447512672962,473
1.3923327174852158,0.5231146737309235,-1.6365102804675464,-1.5243171590787452,1.701749773652954,142
1.1101210868571327,-0.1774853357301348,-0.8179085407737753,1.1463536519218933,1.4929536052579304,249
0.32131644715076946,1.5740146879225108,-0.6019370179609504,-1.5243171590787452,0.6970717398463109,266
-1.3904590173146525,0.1728146690003943,-1.573808870618662,-1.1427927575072254,1.3676759042209163,107
1.1101210868571327,0.8734146784614526,0.5928731808261285,0.3833048487788537,-1.4044002844118388,410
-1.142945537993301,1.2237146831919816,0.16441354685875031,-1.5243171590787452,-1.1280524144772488,325
-0.30556348645751347,-1.5786853546522512,-0.36158161354022617,-0.7612683559357056,-1.6316196441358353,236
0.32825607741211577,-0.8780853451911931,0.4988210660528016,0.7648292503503734,1.5310282006711406,424
1.5264989025379112,0.5231146737309235,1.5264275052428549,1.1463536519218933,-1.054359649161358,553
1.0222191035467463,0.1728146690003943,-1.6156098105179184,-0.37974395436418584,0.031380426492764894,111
-1.2933041936558043,0.5231146737309235,-0.12470962077777317,-0.7612683559357056,-1.7089970477175205,268
-0.4212239908132852,0.8734146784614526,0.6660248256498271,-1.5243171590787452,1.1036101618389746,441
0.17789742174961248,0.1728146690003943,-0.5810365480113223,1.5278780534934129,1.4131197761657155,271
1.1286267675540562,-0.8780853451911931,0.8610958785130237,0.3833048487788537,0.1517452765087197,464
-0.3888390495936691,-1.228385349921722,0.08081166706023749,0.3833048487788537,-0.3800708465209582,322
-1.1892097397356096,0.5231146737309235,1.1467356344912758,1.5278780534934129,0.442831699506488,488
0.25654656471153725,-1.5786853546522512,0.986498698210793,-1.5243171590787452,0.43669063573016376,471
1.621340516109644,-0.8780853451911931,-1.660894162075446,0.3833048487788537,-1.291404710927473,85
-1.3141230844398433,-0.5277853404606639,1.481143153685327,0.0017804472073339017,1.3664476914656514,543
-0.17139730140481824,-1.5786853546522512,1.4567592720774276,0.3833048487788537,1.7226293904924563,554
0.7631395737898176,-0.1774853357301348,0.24453201499899174,1.1463536519218933,1.345568074626149,394
-0.2893710158477054,1.5740146879225108,1.5020436236349552,0.0017804472073339017,-0.6244851848186623,539
1.5241856924507957,-0.8780853451911931,1.167636104440904,-1.1427927575072254,-1.1329652654983082,492
-0.21303508297289606,-1.228385349921722,-0.41383278841429666,-1.1427927575072254,1.2227467990996645,279
1.0707965153761705,-0.8780853451911931,-0.692505721076006,0.0017804472073339017,0.3986160403169535,244
0.9435699605848215,0.8734146784614526,-0.54968584308688,-0.7612683559357056,-0.034943062291536736,266
1.6930500288102224,0.1728146690003943,0.40476895127947465,-0.7612683559357056,0.2696537010141448,413
0.4161580607225023,0.5231146737309235,-0.797008070824147,1.1463536519218933,0.12349638313762827,224
-1.3071834541784968,0.1728146690003943,1.0457166964014062,0.7648292503503734,-1.245960838982674,442
1.5866423648029124,0.1728146690003943,1.327873040721387,-1.5243171590787452,-0.7497628858556765,528
-0.6294128986536743,-0.8780853451911931,-0.9920791236873436,0.0017804472073339017,-1.3393050083828022,151
0.3051239765409614,0.8734146784614526,0.7217594121821691,1.5278780534934129,-0.36533229345778,435
-1.4390364291440767,0.5231146737309235,0.6869252955994554,-0.37974395436418584,-0.7202857797293203,399
1.3252496249588683,0.5231146737309235,1.6030625617248249,-1.5243171590787452,1.512605009342168,603
-1.3858325971404217,0.1728146690003943,-0.3580982018819548,1.1463536519218933,0.24631765866411276,264
-1.0411642941602217,-0.1774853357301348,1.4010246855450856,0.0017804472073339017,0.34703110459583003,520
-1.7189348496850443,1.5740146879225108,1.1537024578078185,-1.1427927575072254,-0.2511085072181494,476
0.7908980948352028,0.8734146784614526,-0.07594185756197404,-1.5243171590787452,0.9967556521309331,348
0.9042453891038591,-0.1774853357301348,-0.2605626754503565,-0.7612683559357056,-0.6564187164555483,291
0.5086864642071197,1.2237146831919816,-1.4658231092122496,1.5278780534934129,1.4610200736210444,155
-1.0619831849442607,1.2237146831919816,-0.062008210928888564,-1.5243171590787452,0.4280931464433098,319
-0.909311319194642,-1.5786853546522512,-1.3439037011727517,-0.37974395436418584,0.8997268444650103,129
0.2056559427949977,0.1728146690003943,0.9342475233367225,1.1463536519218933,1.6599905399739494,493
-0.8792395880621414,0.5231146737309235,-1.1453492366512839,1.1463536519218933,-1.3073714767459161,134
