Row,Day.Of.Week,Date,Page.Loads,Unique.Visits,First.Time.Visits,Returning.Visits,Day_Monday,Day_Saturday,Day_Sunday,Day_Thursday,Day_Tuesday,Day_Wednesday
1,1,9/14/2014,"2,146","1,582","1,430",152,False,False,True,False,False,False
2,2,9/15/2014,"3,621","2,528","2,297",231,True,False,False,False,False,False
3,3,9/16/2014,"3,698","2,630","2,352",278,False,False,False,False,True,False
4,4,9/17/2014,"3,667","2,614","2,327",287,False,False,False,False,False,True
5,5,9/18/2014,"3,316","2,366","2,130",236,False,False,False,True,False,False
6,6,9/19/2014,"2,815","1,863","1,622",241,False,False,False,False,False,False
7,7,9/20/2014,"1,658","1,118",985,133,False,True,False,False,False,False
8,1,9/21/2014,"2,288","1,656","1,481",175,False,False,True,False,False,False
9,2,9/22/2014,"3,638","2,586","2,312",274,True,False,False,False,False,False
10,3,9/23/2014,"4,462","3,257","2,989",268,False,False,False,False,True,False
11,4,9/24/2014,"4,414","3,175","2,891",284,False,False,False,False,False,True
12,5,9/25/2014,"4,315","3,029","2,743",286,False,False,False,True,False,False
13,6,9/26/2014,"3,323","2,249","2,033",216,False,False,False,False,False,False
14,7,9/27/2014,"1,656","1,180","1,040",140,False,True,False,False,False,False
15,1,9/28/2014,"2,465","1,806","1,613",193,False,False,True,False,False,False
16,2,9/29/2014,"4,096","2,873","2,577",296,True,False,False,False,False,False
17,3,9/30/2014,"4,474","3,032","2,720",312,False,False,False,False,True,False
18,4,10/1/2014,"4,124","2,849","2,541",308,False,False,False,False,False,True
19,5,10/2/2014,"3,514","2,489","2,239",250,False,False,False,True,False,False
20,6,10/3/2014,"3,005","2,097","1,856",241,False,False,False,False,False,False
21,7,10/4/2014,"2,054","1,436","1,274",162,False,True,False,False,False,False
22,1,10/5/2014,"2,847","1,913","1,713",200,False,False,True,False,False,False
23,2,10/6/2014,"4,501","3,181","2,853",328,True,False,False,False,False,False
24,3,10/7/2014,"4,603","3,163","2,804",359,False,False,False,False,True,False
25,4,10/8/2014,"4,187","3,014","2,663",351,False,False,False,False,False,True
26,5,10/9/2014,"4,343","2,864","2,545",319,False,False,False,True,False,False
27,6,10/10/2014,"3,565","2,382","2,100",282,False,False,False,False,False,False
28,7,10/11/2014,"2,080","1,457","1,280",177,False,True,False,False,False,False
29,1,10/12/2014,"3,031","2,089","1,856",233,False,False,True,False,False,False
30,2,10/13/2014,"4,814","3,339","2,973",366,True,False,False,False,False,False
31,3,10/14/2014,"5,040","3,604","3,217",387,False,False,False,False,True,False
32,4,10/15/2014,"5,028","3,515","3,094",421,False,False,False,False,False,True
33,5,10/16/2014,"4,658","3,331","2,955",376,False,False,False,True,False,False
34,6,10/17/2014,"3,624","2,477","2,148",329,False,False,False,False,False,False
35,7,10/18/2014,"2,285","1,619","1,416",203,False,True,False,False,False,False
36,1,10/19/2014,"3,454","2,346","2,060",286,False,False,True,False,False,False
37,2,10/20/2014,"5,307","3,717","3,308",409,True,False,False,False,False,False
38,3,10/21/2014,"5,135","3,701","3,280",421,False,False,False,False,True,False
39,4,10/22/2014,"5,084","3,611","3,177",434,False,False,False,False,False,True
40,5,10/23/2014,"4,650","3,316","2,940",376,False,False,False,True,False,False
41,6,10/24/2014,"3,571","2,498","2,170",328,False,False,False,False,False,False
42,7,10/25/2014,"2,354","1,661","1,417",244,False,True,False,False,False,False
43,1,10/26/2014,"3,497","2,508","2,218",290,False,False,True,False,False,False
44,2,10/27/2014,"5,294","3,737","3,286",451,True,False,False,False,False,False
45,3,10/28/2014,"4,643","3,328","2,905",423,False,False,False,False,True,False
46,4,10/29/2014,"4,596","3,279","2,863",416,False,False,False,False,False,True
47,5,10/30/2014,"4,162","3,041","2,657",384,False,False,False,True,False,False
48,6,10/31/2014,"2,933","2,007","1,728",279,False,False,False,False,False,False
49,7,11/1/2014,"2,202","1,496","1,270",226,False,True,False,False,False,False
50,1,11/2/2014,"3,083","2,204","1,940",264,False,False,True,False,False,False
51,2,11/3/2014,"4,376","3,057","2,629",428,True,False,False,False,False,False
52,3,11/4/2014,"4,704","3,141","2,739",402,False,False,False,False,True,False
53,4,11/5/2014,"4,306","3,200","2,797",403,False,False,False,False,False,True
54,5,11/6/2014,"4,178","3,034","2,627",407,False,False,False,True,False,False
55,6,11/7/2014,"3,236","2,318","1,975",343,False,False,False,False,False,False
56,7,11/8/2014,"2,010","1,536","1,345",191,False,True,False,False,False,False
57,1,11/9/2014,"2,901","2,141","1,849",292,False,False,True,False,False,False
58,2,11/10/2014,"4,754","3,325","2,885",440,True,False,False,False,False,False
59,3,11/11/2014,"4,417","3,203","2,793",410,False,False,False,False,True,False
60,4,11/12/2014,"4,535","3,351","2,897",454,False,False,False,False,False,True
61,5,11/13/2014,"4,274","3,194","2,758",436,False,False,False,True,False,False
62,6,11/14/2014,"3,382","2,423","2,061",362,False,False,False,False,False,False
63,7,11/15/2014,"2,085","1,488","1,280",208,False,True,False,False,False,False
64,1,11/16/2014,"3,083","2,215","1,926",289,False,False,True,False,False,False
65,2,11/17/2014,"4,860","3,559","3,069",490,True,False,False,False,False,False
66,3,11/18/2014,"4,893","3,570","3,133",437,False,False,False,False,True,False
67,4,11/19/2014,"4,866","3,544","3,056",488,False,False,False,False,False,True
68,5,11/20/2014,"4,584","3,357","2,899",458,False,False,False,True,False,False
69,6,11/21/2014,"3,914","2,750","2,361",389,False,False,False,False,False,False
70,7,11/22/2014,"2,431","1,716","1,463",253,False,True,False,False,False,False
71,1,11/23/2014,"3,157","2,369","2,082",287,False,False,True,False,False,False
72,2,11/24/2014,"5,045","3,615","3,146",469,True,False,False,False,False,False
73,3,11/25/2014,"4,746","3,236","2,821",415,False,False,False,False,True,False
74,4,11/26/2014,"4,314","2,919","2,513",406,False,False,False,False,False,True
75,5,11/27/2014,"3,663","2,476","2,162",314,False,False,False,True,False,False
76,6,11/28/2014,"3,270","2,268","1,931",337,False,False,False,False,False,False
77,7,11/29/2014,"2,905","1,976","1,695",281,False,True,False,False,False,False
78,1,11/30/2014,"4,016","2,832","2,489",343,False,False,True,False,False,False
79,2,12/1/2014,"5,266","3,877","3,317",560,True,False,False,False,False,False
80,3,12/2/2014,"5,795","4,274","3,700",574,False,False,False,False,True,False
81,4,12/3/2014,"5,728","4,217","3,656",561,False,False,False,False,False,True
82,5,12/4/2014,"5,293","3,830","3,295",535,False,False,False,True,False,False
83,6,12/5/2014,"3,934","2,856","2,479",377,False,False,False,False,False,False
84,7,12/6/2014,"3,071","2,165","1,855",310,False,True,False,False,False,False
85,1,12/7/2014,"3,876","2,984","2,582",402,False,False,True,False,False,False
86,2,12/8/2014,"5,878","4,375","3,829",546,True,False,False,False,False,False
87,3,12/9/2014,"5,712","4,187","3,635",552,False,False,False,False,True,False
88,4,12/10/2014,"5,491","4,074","3,480",594,False,False,False,False,False,True
89,5,12/11/2014,"5,144","3,801","3,247",554,False,False,False,True,False,False
90,6,12/12/2014,"3,880","2,860","2,418",442,False,False,False,False,False,False
91,7,12/13/2014,"2,605","1,838","1,538",300,False,True,False,False,False,False
92,1,12/14/2014,"3,625","2,650","2,259",391,False,False,True,False,False,False
93,2,12/15/2014,"4,685","3,478","3,000",478,True,False,False,False,False,False
94,3,12/16/2014,"4,891","3,338","2,861",477,False,False,False,False,True,False
95,4,12/17/2014,"4,222","3,053","2,606",447,False,False,False,False,False,True
96,5,12/18/2014,"3,691","2,690","2,275",415,False,False,False,True,False,False
97,6,12/19/2014,"2,748","1,879","1,559",320,False,False,False,False,False,False
98,7,12/20/2014,"1,380","1,011",836,175,False,True,False,False,False,False
99,1,12/21/2014,"1,474","1,054",876,178,False,False,True,False,False,False
100,2,12/22/2014,"2,452","1,715","1,394",321,True,False,False,False,False,False
101,3,12/23/2014,"2,298","1,440","1,159",281,False,False,False,False,True,False
102,4,12/24/2014,"1,430",947,772,175,False,False,False,False,False,True
103,5,12/25/2014,"1,002",667,522,145,False,False,False,True,False,False
104,6,12/26/2014,"1,486","1,005",808,197,False,False,False,False,False,False
105,7,12/27/2014,"1,345",941,781,160,False,True,False,False,False,False
106,1,12/28/2014,"1,453",948,765,183,False,False,True,False,False,False
107,2,12/29/2014,"2,173","1,472","1,228",244,True,False,False,False,False,False
108,3,12/30/2014,"2,208","1,424","1,172",252,False,False,False,False,True,False
109,4,12/31/2014,"1,381",955,773,182,False,False,False,False,False,True
110,5,1/1/2015,"1,265",876,715,161,False,False,False,True,False,False
111,6,1/2/2015,"1,948","1,288","1,030",258,False,False,False,False,False,False
112,7,1/3/2015,"1,742","1,096",946,150,False,True,False,False,False,False
113,1,1/4/2015,"1,896","1,409","1,186",223,False,False,True,False,False,False
114,2,1/5/2015,"3,033","2,062","1,706",356,True,False,False,False,False,False
115,3,1/6/2015,"3,445","2,327","1,942",385,False,False,False,False,True,False
116,4,1/7/2015,"3,423","2,384","1,991",393,False,False,False,False,False,True
117,5,1/8/2015,"3,319","2,272","1,922",350,False,False,False,True,False,False
118,6,1/9/2015,"2,783","1,941","1,663",278,False,False,False,False,False,False
119,7,1/10/2015,"1,952","1,240","1,066",174,False,True,False,False,False,False
120,1,1/11/2015,"2,245","1,611","1,391",220,False,False,True,False,False,False
121,2,1/12/2015,"3,928","2,518","2,125",393,True,False,False,False,False,False
122,3,1/13/2015,"3,810","2,621","2,239",382,False,False,False,False,True,False
123,4,1/14/2015,"3,931","2,656","2,229",427,False,False,False,False,False,True
124,5,1/15/2015,"3,523","2,457","2,069",388,False,False,False,True,False,False
125,6,1/16/2015,"2,943","1,928","1,640",288,False,False,False,False,False,False
126,7,1/17/2015,"1,751","1,237","1,052",185,False,True,False,False,False,False
127,1,1/18/2015,"2,491","1,762","1,541",221,False,False,True,False,False,False
128,2,1/19/2015,"3,766","2,665","2,271",394,True,False,False,False,False,False
129,3,1/20/2015,"4,194","2,852","2,423",429,False,False,False,False,True,False
130,4,1/21/2015,"4,038","2,916","2,482",434,False,False,False,False,False,True
131,5,1/22/2015,"3,891","2,702","2,334",368,False,False,False,True,False,False
132,6,1/23/2015,"3,111","2,181","1,897",284,False,False,False,False,False,False
133,7,1/24/2015,"1,946","1,414","1,239",175,False,True,False,False,False,False
134,1,1/25/2015,"2,802","2,010","1,740",270,False,False,True,False,False,False
135,2,1/26/2015,"3,892","2,841","2,466",375,True,False,False,False,False,False
136,3,1/27/2015,"4,172","3,003","2,592",411,False,False,False,False,True,False
137,4,1/28/2015,"4,464","3,280","2,862",418,False,False,False,False,False,True
138,5,1/29/2015,"4,377","3,143","2,679",464,False,False,False,True,False,False
139,6,1/30/2015,"3,734","2,514","2,129",385,False,False,False,False,False,False
140,7,1/31/2015,"2,262","1,657","1,443",214,False,True,False,False,False,False
141,1,2/1/2015,"3,050","2,122","1,825",297,False,False,True,False,False,False
142,2,2/2/2015,"4,794","3,366","2,867",499,True,False,False,False,False,False
143,3,2/3/2015,"4,936","3,423","2,922",501,False,False,False,False,True,False
144,4,2/4/2015,"5,016","3,500","3,023",477,False,False,False,False,False,True
145,5,2/5/2015,"4,489","3,170","2,753",417,False,False,False,True,False,False
146,6,2/6/2015,"3,505","2,468","2,075",393,False,False,False,False,False,False
147,7,2/7/2015,"2,264","1,679","1,437",242,False,True,False,False,False,False
148,1,2/8/2015,"3,314","2,435","2,100",335,False,False,True,False,False,False
149,2,2/9/2015,"5,095","3,619","3,125",494,True,False,False,False,False,False
150,3,2/10/2015,"5,525","3,793","3,272",521,False,False,False,False,True,False
151,4,2/11/2015,"5,074","3,689","3,190",499,False,False,False,False,False,True
152,5,2/12/2015,"4,571","3,319","2,810",509,False,False,False,True,False,False
153,6,2/13/2015,"3,570","2,664","2,253",411,False,False,False,False,False,False
154,7,2/14/2015,"2,182","1,565","1,323",242,False,True,False,False,False,False
155,1,2/15/2015,"3,265","2,277","1,935",342,False,False,True,False,False,False
156,2,2/16/2015,"4,670","3,297","2,826",471,True,False,False,False,False,False
157,3,2/17/2015,"4,764","3,452","2,957",495,False,False,False,False,True,False
158,4,2/18/2015,"4,943","3,526","3,026",500,False,False,False,False,False,True
159,5,2/19/2015,"4,790","3,307","2,811",496,False,False,False,True,False,False
160,6,2/20/2015,"3,604","2,621","2,241",380,False,False,False,False,False,False
161,7,2/21/2015,"2,455","1,823","1,569",254,False,True,False,False,False,False
162,1,2/22/2015,"3,650","2,690","2,329",361,False,False,True,False,False,False
163,2,2/23/2015,"5,463","3,975","3,433",542,True,False,False,False,False,False
164,3,2/24/2015,"5,884","4,112","3,542",570,False,False,False,False,True,False
165,4,2/25/2015,"5,615","4,019","3,432",587,False,False,False,False,False,True
166,5,2/26/2015,"5,289","3,747","3,186",561,False,False,False,True,False,False
167,6,2/27/2015,"4,434","2,969","2,486",483,False,False,False,False,False,False
168,7,2/28/2015,"2,665","1,977","1,694",283,False,True,False,False,False,False
169,1,3/1/2015,"3,907","2,906","2,519",387,False,False,True,False,False,False
170,2,3/2/2015,"5,308","3,778","3,222",556,True,False,False,False,False,False
171,3,3/3/2015,"5,773","4,025","3,490",535,False,False,False,False,True,False
172,4,3/4/2015,"5,585","4,060","3,457",603,False,False,False,False,False,True
173,5,3/5/2015,"4,783","3,582","3,049",533,False,False,False,True,False,False
174,6,3/6/2015,"3,893","2,707","2,259",448,False,False,False,False,False,False
175,7,3/7/2015,"2,917","2,048","1,723",325,False,True,False,False,False,False
176,1,3/8/2015,"3,353","2,468","2,104",364,False,False,True,False,False,False
177,2,3/9/2015,"5,400","3,824","3,246",578,True,False,False,False,False,False
178,3,3/10/2015,"5,395","3,926","3,350",576,False,False,False,False,True,False
179,4,3/11/2015,"5,229","3,859","3,263",596,False,False,False,False,False,True
180,5,3/12/2015,"5,371","3,784","3,204",580,False,False,False,True,False,False
181,6,3/13/2015,"4,185","3,045","2,559",486,False,False,False,False,False,False
182,7,3/14/2015,"2,724","1,988","1,675",313,False,True,False,False,False,False
183,1,3/15/2015,"3,590","2,620","2,196",424,False,False,True,False,False,False
184,2,3/16/2015,"5,367","3,771","3,192",579,True,False,False,False,False,False
185,3,3/17/2015,"5,440","3,968","3,387",581,False,False,False,False,True,False
186,4,3/18/2015,"5,465","4,043","3,458",585,False,False,False,False,False,True
187,5,3/19/2015,"5,318","3,813","3,262",551,False,False,False,True,False,False
188,6,3/20/2015,"4,225","2,916","2,462",454,False,False,False,False,False,False
189,7,3/21/2015,"2,687","1,975","1,667",308,False,True,False,False,False,False
190,1,3/22/2015,"3,791","2,786","2,388",398,False,False,True,False,False,False
191,2,3/23/2015,"5,661","3,949","3,331",618,True,False,False,False,False,False
192,3,3/24/2015,"5,759","4,081","3,487",594,False,False,False,False,True,False
193,4,3/25/2015,"5,599","3,983","3,378",605,False,False,False,False,False,True
194,5,3/26/2015,"5,103","3,755","3,184",571,False,False,False,True,False,False
195,6,3/27/2015,"4,313","2,946","2,446",500,False,False,False,False,False,False
196,7,3/28/2015,"2,971","2,011","1,651",360,False,True,False,False,False,False
197,1,3/29/2015,"3,662","2,693","2,285",408,False,False,True,False,False,False
198,2,3/30/2015,"5,635","3,985","3,386",599,True,False,False,False,False,False
199,3,3/31/2015,"5,581","3,963","3,359",604,False,False,False,False,True,False
200,4,4/1/2015,"5,329","3,761","3,170",591,False,False,False,False,False,True
201,5,4/2/2015,"4,553","3,214","2,710",504,False,False,False,True,False,False
202,6,4/3/2015,"3,423","2,404","1,988",416,False,False,False,False,False,False
203,7,4/4/2015,"2,708","1,807","1,512",295,False,True,False,False,False,False
204,1,4/5/2015,"3,306","2,266","1,895",371,False,False,True,False,False,False
205,2,4/6/2015,"5,203","3,692","3,133",559,True,False,False,False,False,False
206,3,4/7/2015,"5,712","4,104","3,456",648,False,False,False,False,True,False
207,4,4/8/2015,"5,601","4,015","3,401",614,False,False,False,False,False,True
208,5,4/9/2015,"5,486","4,063","3,430",633,False,False,False,True,False,False
209,6,4/10/2015,"4,178","3,213","2,697",516,False,False,False,False,False,False
210,7,4/11/2015,"2,878","2,153","1,835",318,False,True,False,False,False,False
211,1,4/12/2015,"4,169","2,903","2,447",456,False,False,True,False,False,False
212,2,4/13/2015,"6,372","4,485","3,787",698,True,False,False,False,False,False
213,3,4/14/2015,"6,240","4,391","3,698",693,False,False,False,False,True,False
214,4,4/15/2015,"6,170","4,409","3,723",686,False,False,False,False,False,True
215,5,4/16/2015,"6,071","4,275","3,586",689,False,False,False,True,False,False
216,6,4/17/2015,"4,682","3,307","2,741",566,False,False,False,False,False,False
217,7,4/18/2015,"3,208","2,291","1,894",397,False,True,False,False,False,False
218,1,4/19/2015,"4,310","3,144","2,669",475,False,False,True,False,False,False
219,2,4/20/2015,"6,435","4,694","3,929",765,True,False,False,False,False,False
220,3,4/21/2015,"6,299","4,455","3,769",686,False,False,False,False,True,False
221,4,4/22/2015,"6,360","4,512","3,797",715,False,False,False,False,False,True
222,5,4/23/2015,"6,349","4,360","3,664",696,False,False,False,True,False,False
223,6,4/24/2015,"4,660","3,387","2,845",542,False,False,False,False,False,False
224,7,4/25/2015,"3,354","2,420","2,035",385,False,True,False,False,False,False
225,1,4/26/2015,"4,371","3,189","2,688",501,False,False,True,False,False,False
226,2,4/27/2015,"6,534","4,731","3,977",754,True,False,False,False,False,False
227,3,4/28/2015,"6,832","4,941","4,161",780,False,False,False,False,True,False
228,4,4/29/2015,"6,689","4,870","4,110",760,False,False,False,False,False,True
229,5,4/30/2015,"5,849","4,086","3,450",636,False,False,False,True,False,False
230,6,5/1/2015,"4,247","3,064","2,562",502,False,False,False,False,False,False
231,7,5/2/2015,"3,219","2,360","1,958",402,False,True,False,False,False,False
232,1,5/3/2015,"4,211","3,210","2,765",445,False,False,True,False,False,False
233,2,5/4/2015,"6,424","4,752","4,043",709,True,False,False,False,False,False
234,3,5/5/2015,"6,223","4,520","3,818",702,False,False,False,False,True,False
235,4,5/6/2015,"6,551","4,768","4,059",709,False,False,False,False,False,True
236,5,5/7/2015,"6,343","4,449","3,770",679,False,False,False,True,False,False
237,6,5/8/2015,"4,696","3,366","2,824",542,False,False,False,False,False,False
238,7,5/9/2015,"3,134","2,239","1,846",393,False,True,False,False,False,False
239,1,5/10/2015,"3,868","2,844","2,365",479,False,False,True,False,False,False
240,2,5/11/2015,"6,020","4,482","3,787",695,True,False,False,False,False,False
241,3,5/12/2015,"5,705","4,160","3,490",670,False,False,False,False,True,False
242,4,5/13/2015,"5,752","4,016","3,348",668,False,False,False,False,False,True
243,5,5/14/2015,"5,181","3,605","3,008",597,False,False,False,True,False,False
244,6,5/15/2015,"4,269","2,913","2,404",509,False,False,False,False,False,False
245,7,5/16/2015,"2,633","1,818","1,473",345,False,True,False,False,False,False
246,1,5/17/2015,"3,336","2,376","1,988",388,False,False,True,False,False,False
247,2,5/18/2015,"5,127","3,587","2,955",632,True,False,False,False,False,False
248,3,5/19/2015,"5,449","3,767","3,149",618,False,False,False,False,True,False
249,4,5/20/2015,"5,746","3,956","3,371",585,False,False,False,False,False,True
250,5,5/21/2015,"5,115","3,642","3,046",596,False,False,False,True,False,False
251,6,5/22/2015,"3,995","2,749","2,243",506,False,False,False,False,False,False
252,7,5/23/2015,"2,618","1,884","1,585",299,False,True,False,False,False,False
253,1,5/24/2015,"2,961","2,117","1,763",354,False,False,True,False,False,False
254,2,5/25/2015,"4,090","2,913","2,427",486,True,False,False,False,False,False
255,3,5/26/2015,"5,201","3,637","3,073",564,False,False,False,False,True,False
256,4,5/27/2015,"5,321","3,797","3,146",651,False,False,False,False,False,True
257,5,5/28/2015,"5,219","3,509","2,887",622,False,False,False,True,False,False
258,6,5/29/2015,"4,017","2,804","2,338",466,False,False,False,False,False,False
259,7,5/30/2015,"2,297","1,629","1,346",283,False,True,False,False,False,False
260,1,5/31/2015,"3,145","2,226","1,860",366,False,False,True,False,False,False
261,2,6/1/2015,"4,905","3,419","2,797",622,True,False,False,False,False,False
262,3,6/2/2015,"4,747","3,284","2,701",583,False,False,False,False,True,False
263,4,6/3/2015,"4,591","3,317","2,713",604,False,False,False,False,False,True
264,5,6/4/2015,"4,431","3,173","2,652",521,False,False,False,True,False,False
265,6,6/5/2015,"3,608","2,523","2,068",455,False,False,False,False,False,False
266,7,6/6/2015,"2,422","1,673","1,336",337,False,True,False,False,False,False
267,1,6/7/2015,"3,132","2,145","1,790",355,False,False,True,False,False,False
268,2,6/8/2015,"4,962","3,377","2,788",589,True,False,False,False,False,False
269,3,6/9/2015,"4,881","3,469","2,862",607,False,False,False,False,True,False
270,4,6/10/2015,"5,001","3,425","2,786",639,False,False,False,False,False,True
271,5,6/11/2015,"4,635","3,242","2,614",628,False,False,False,True,False,False
272,6,6/12/2015,"3,545","2,494","2,066",428,False,False,False,False,False,False
273,7,6/13/2015,"2,262","1,490","1,235",255,False,True,False,False,False,False
274,1,6/14/2015,"2,866","2,034","1,692",342,False,False,True,False,False,False
275,2,6/15/2015,"4,692","3,261","2,682",579,True,False,False,False,False,False
276,3,6/16/2015,"4,602","3,204","2,660",544,False,False,False,False,True,False
277,4,6/17/2015,"4,620","3,101","2,556",545,False,False,False,False,False,True
278,5,6/18/2015,"4,475","2,955","2,386",569,False,False,False,True,False,False
279,6,6/19/2015,"3,564","2,422","1,954",468,False,False,False,False,False,False
280,7,6/20/2015,"2,071","1,370","1,129",241,False,True,False,False,False,False
281,1,6/21/2015,"2,659","1,840","1,523",317,False,False,True,False,False,False
282,2,6/22/2015,"4,338","2,963","2,410",553,True,False,False,False,False,False
283,3,6/23/2015,"4,531","3,139","2,566",573,False,False,False,False,True,False
284,4,6/24/2015,"4,498","3,022","2,481",541,False,False,False,False,False,True
285,5,6/25/2015,"4,128","2,730","2,210",520,False,False,False,True,False,False
286,6,6/26/2015,"3,132","2,153","1,721",432,False,False,False,False,False,False
287,7,6/27/2015,"1,829","1,264","1,067",197,False,True,False,False,False,False
288,1,6/28/2015,"2,149","1,517","1,224",293,False,False,True,False,False,False
289,2,6/29/2015,"3,975","2,691","2,169",522,True,False,False,False,False,False
290,3,6/30/2015,"4,046","2,718","2,180",538,False,False,False,False,True,False
291,4,7/1/2015,"3,897","2,745","2,266",479,False,False,False,False,False,True
292,5,7/2/2015,"3,871","2,540","2,072",468,False,False,False,True,False,False
293,6,7/3/2015,"2,630","1,716","1,353",363,False,False,False,False,False,False
294,7,7/4/2015,"1,602","1,104",900,204,False,True,False,False,False,False
295,1,7/5/2015,"1,960","1,370","1,141",229,False,False,True,False,False,False
296,2,7/6/2015,"4,143","2,655","2,171",484,True,False,False,False,False,False
297,3,7/7/2015,"4,205","2,789","2,266",523,False,False,False,False,True,False
298,4,7/8/2015,"4,193","2,783","2,255",528,False,False,False,False,False,True
299,5,7/9/2015,"3,710","2,536","2,069",467,False,False,False,True,False,False
300,6,7/10/2015,"3,137","2,203","1,767",436,False,False,False,False,False,False
301,7,7/11/2015,"1,834","1,145",944,201,False,True,False,False,False,False
302,1,7/12/2015,"2,070","1,473","1,197",276,False,False,True,False,False,False
303,2,7/13/2015,"4,180","2,852","2,310",542,True,False,False,False,False,False
304,3,7/14/2015,"4,038","2,731","2,226",505,False,False,False,False,True,False
305,4,7/15/2015,"3,906","2,667","2,119",548,False,False,False,False,False,True
306,5,7/16/2015,"3,580","2,424","1,940",484,False,False,False,True,False,False
307,6,7/17/2015,"2,948","2,070","1,708",362,False,False,False,False,False,False
308,7,7/18/2015,"1,622","1,121",924,197,False,True,False,False,False,False
309,1,7/19/2015,"2,179","1,480","1,214",266,False,False,True,False,False,False
310,2,7/20/2015,"3,906","2,615","2,146",469,True,False,False,False,False,False
311,3,7/21/2015,"3,745","2,596","2,071",525,False,False,False,False,True,False
312,4,7/22/2015,"4,212","2,761","2,205",556,False,False,False,False,False,True
313,5,7/23/2015,"3,901","2,595","2,095",500,False,False,False,True,False,False
314,6,7/24/2015,"3,292","2,207","1,785",422,False,False,False,False,False,False
315,7,7/25/2015,"1,819","1,229","1,016",213,False,True,False,False,False,False
316,1,7/26/2015,"2,068","1,562","1,286",276,False,False,True,False,False,False
317,2,7/27/2015,"3,991","2,805","2,243",562,True,False,False,False,False,False
318,3,7/28/2015,"4,073","2,862","2,361",501,False,False,False,False,True,False
319,4,7/29/2015,"4,069","2,825","2,324",501,False,False,False,False,False,True
320,5,7/30/2015,"3,716","2,629","2,126",503,False,False,False,True,False,False
321,6,7/31/2015,"3,380","2,120","1,709",411,False,False,False,False,False,False
322,7,8/1/2015,"1,737","1,197",958,239,False,True,False,False,False,False
323,1,8/2/2015,"2,181","1,567","1,282",285,False,False,True,False,False,False
324,2,8/3/2015,"3,973","2,794","2,263",531,True,False,False,False,False,False
325,3,8/4/2015,"3,997","2,794","2,269",525,False,False,False,False,True,False
326,4,8/5/2015,"4,132","2,798","2,287",511,False,False,False,False,False,True
327,5,8/6/2015,"3,791","2,693","2,204",489,False,False,False,True,False,False
328,6,8/7/2015,"2,968","2,139","1,738",401,False,False,False,False,False,False
329,7,8/8/2015,"1,752","1,266","1,021",245,False,True,False,False,False,False
330,1,8/9/2015,"2,070","1,497","1,231",266,False,False,True,False,False,False
331,2,8/10/2015,"3,920","2,684","2,139",545,True,False,False,False,False,False
332,3,8/11/2015,"4,106","2,791","2,266",525,False,False,False,False,True,False
333,4,8/12/2015,"4,006","2,726","2,166",560,False,False,False,False,False,True
334,5,8/13/2015,"3,827","2,639","2,133",506,False,False,False,True,False,False
335,6,8/14/2015,"2,944","1,973","1,564",409,False,False,False,False,False,False
336,7,8/15/2015,"1,827","1,193",954,239,False,True,False,False,False,False
337,1,8/16/2015,"2,373","1,658","1,369",289,False,False,True,False,False,False
338,2,8/17/2015,"4,031","2,763","2,290",473,True,False,False,False,False,False
339,3,8/18/2015,"4,027","2,780","2,248",532,False,False,False,False,True,False
340,4,8/19/2015,"3,912","2,795","2,291",504,False,False,False,False,False,True
341,5,8/20/2015,"3,867","2,715","2,191",524,False,False,False,True,False,False
342,6,8/21/2015,"3,304","2,238","1,806",432,False,False,False,False,False,False
343,7,8/22/2015,"1,685","1,208","1,011",197,False,True,False,False,False,False
344,1,8/23/2015,"2,130","1,542","1,282",260,False,False,True,False,False,False
345,2,8/24/2015,"3,936","2,697","2,182",515,True,False,False,False,False,False
346,3,8/25/2015,"4,029","2,744","2,203",541,False,False,False,False,True,False
347,4,8/26/2015,"4,010","2,789","2,237",552,False,False,False,False,False,True
348,5,8/27/2015,"4,027","2,890","2,392",498,False,False,False,True,False,False
349,6,8/28/2015,"2,829","2,000","1,585",415,False,False,False,False,False,False
350,7,8/29/2015,"1,736","1,227","1,023",204,False,True,False,False,False,False
351,1,8/30/2015,"2,517","1,686","1,416",270,False,False,True,False,False,False
352,2,8/31/2015,"4,029","2,769","2,299",470,True,False,False,False,False,False
353,3,9/1/2015,"4,261","2,890","2,358",532,False,False,False,False,True,False
354,4,9/2/2015,"4,058","2,923","2,442",481,False,False,False,False,False,True
355,5,9/3/2015,"4,392","3,007","2,466",541,False,False,False,True,False,False
356,6,9/4/2015,"3,072","2,221","1,846",375,False,False,False,False,False,False
357,7,9/5/2015,"1,799","1,284","1,068",216,False,True,False,False,False,False
358,1,9/6/2015,"2,341","1,611","1,345",266,False,False,True,False,False,False
359,2,9/7/2015,"3,330","2,354","1,963",391,True,False,False,False,False,False
360,3,9/8/2015,"4,734","3,381","2,833",548,False,False,False,False,True,False
361,4,9/9/2015,"4,801","3,381","2,845",536,False,False,False,False,False,True
362,5,9/10/2015,"4,399","3,079","2,575",504,False,False,False,True,False,False
363,6,9/11/2015,"3,275","2,375","1,958",417,False,False,False,False,False,False
364,7,9/12/2015,"2,042","1,429","1,223",206,False,True,False,False,False,False
365,1,9/13/2015,"2,827","2,103","1,844",259,False,False,True,False,False,False
366,2,9/14/2015,"4,836","3,437","2,954",483,True,False,False,False,False,False
367,3,9/15/2015,"4,840","3,465","2,944",521,False,False,False,False,True,False
368,4,9/16/2015,"4,504","3,356","2,902",454,False,False,False,False,False,True
369,5,9/17/2015,"4,379","3,240","2,736",504,False,False,False,True,False,False
370,6,9/18/2015,"3,391","2,428","2,024",404,False,False,False,False,False,False
371,7,9/19/2015,"2,045","1,513","1,278",235,False,True,False,False,False,False
372,1,9/20/2015,"2,721","2,081","1,817",264,False,False,True,False,False,False
373,2,9/21/2015,"4,630","3,535","2,998",537,True,False,False,False,False,False
374,3,9/22/2015,"4,748","3,540","3,004",536,False,False,False,False,True,False
375,4,9/23/2015,"4,702","3,377","2,893",484,False,False,False,False,False,True
376,5,9/24/2015,"4,440","3,309","2,827",482,False,False,False,True,False,False
377,6,9/25/2015,"3,513","2,518","2,116",402,False,False,False,False,False,False
378,7,9/26/2015,"2,253","1,633","1,395",238,False,True,False,False,False,False
379,1,9/27/2015,"3,141","2,291","1,980",311,False,False,True,False,False,False
380,2,9/28/2015,"5,122","3,808","3,289",519,True,False,False,False,False,False
381,3,9/29/2015,"5,151","3,868","3,305",563,False,False,False,False,True,False
382,4,9/30/2015,"4,969","3,703","3,182",521,False,False,False,False,False,True
383,5,10/1/2015,"4,619","3,365","2,876",489,False,False,False,True,False,False
384,6,10/2/2015,"3,443","2,598","2,196",402,False,False,False,False,False,False
385,7,10/3/2015,"2,302","1,754","1,503",251,False,True,False,False,False,False
386,1,10/4/2015,"3,291","2,506","2,173",333,False,False,True,False,False,False
387,2,10/5/2015,"5,206","3,737","3,170",567,True,False,False,False,False,False
388,3,10/6/2015,"5,474","3,940","3,337",603,False,False,False,False,True,False
389,4,10/7/2015,"5,400","3,934","3,350",584,False,False,False,False,False,True
390,5,10/8/2015,"5,334","3,821","3,244",577,False,False,False,True,False,False
391,6,10/9/2015,"4,174","3,022","2,547",475,False,False,False,False,False,False
392,7,10/10/2015,"2,571","1,853","1,597",256,False,True,False,False,False,False
393,1,10/11/2015,"3,572","2,636","2,283",353,False,False,True,False,False,False
394,2,10/12/2015,"5,018","3,788","3,241",547,True,False,False,False,False,False
395,3,10/13/2015,"5,565","4,159","3,536",623,False,False,False,False,True,False
396,4,10/14/2015,"5,420","4,048","3,403",645,False,False,False,False,False,True
397,5,10/15/2015,"5,366","3,908","3,331",577,False,False,False,True,False,False
398,6,10/16/2015,"4,091","3,002","2,507",495,False,False,False,False,False,False
399,7,10/17/2015,"2,824","2,087","1,770",317,False,True,False,False,False,False
400,1,10/18/2015,"3,843","2,825","2,441",384,False,False,True,False,False,False
401,2,10/19/2015,"5,516","4,140","3,491",649,True,False,False,False,False,False
402,3,10/20/2015,"5,572","4,121","3,460",661,False,False,False,False,True,False
403,4,10/21/2015,"5,243","3,882","3,298",584,False,False,False,False,False,True
404,5,10/22/2015,"5,133","3,720","3,104",616,False,False,False,True,False,False
405,6,10/23/2015,"4,084","2,947","2,441",506,False,False,False,False,False,False
406,7,10/24/2015,"2,739","1,978","1,647",331,False,True,False,False,False,False
407,1,10/25/2015,"3,781","2,857","2,435",422,False,False,True,False,False,False
408,2,10/26/2015,"5,684","4,073","3,417",656,True,False,False,False,False,False
409,3,10/27/2015,"5,687","4,179","3,534",645,False,False,False,False,True,False
410,4,10/28/2015,"5,906","4,266","3,614",652,False,False,False,False,False,True
411,5,10/29/2015,"5,541","4,020","3,368",652,False,False,False,True,False,False
412,6,10/30/2015,"4,171","3,043","2,501",542,False,False,False,False,False,False
413,7,10/31/2015,"2,586","1,820","1,496",324,False,True,False,False,False,False
414,1,11/1/2015,"3,838","2,922","2,456",466,False,False,True,False,False,False
415,2,11/2/2015,"5,675","4,076","3,419",657,True,False,False,False,False,False
416,3,11/3/2015,"5,624","4,178","3,504",674,False,False,False,False,True,False
417,4,11/4/2015,"5,794","4,316","3,670",646,False,False,False,False,False,True
418,5,11/5/2015,"5,389","4,031","3,379",652,False,False,False,True,False,False
419,6,11/6/2015,"4,305","3,047","2,522",525,False,False,False,False,False,False
420,7,11/7/2015,"3,281","2,202","1,854",348,False,True,False,False,False,False
421,1,11/8/2015,"3,790","2,837","2,418",419,False,False,True,False,False,False
422,2,11/9/2015,"5,894","4,203","3,487",716,True,False,False,False,False,False
423,3,11/10/2015,"5,461","4,048","3,388",660,False,False,False,False,True,False
424,4,11/11/2015,"5,206","3,869","3,219",650,False,False,False,False,False,True
425,5,11/12/2015,"5,228","3,929","3,281",648,False,False,False,True,False,False
426,6,11/13/2015,"4,097","2,971","2,436",535,False,False,False,False,False,False
427,7,11/14/2015,"2,694","1,964","1,616",348,False,True,False,False,False,False
428,1,11/15/2015,"3,893","2,930","2,483",447,False,False,True,False,False,False
429,2,11/16/2015,"6,185","4,550","3,872",678,True,False,False,False,False,False
430,3,11/17/2015,"6,178","4,503","3,795",708,False,False,False,False,True,False
431,4,11/18/2015,"6,067","4,397","3,693",704,False,False,False,False,False,True
432,5,11/19/2015,"5,656","4,166","3,487",679,False,False,False,True,False,False
433,6,11/20/2015,"4,398","3,173","2,645",528,False,False,False,False,False,False
434,7,11/21/2015,"2,836","2,086","1,741",345,False,True,False,False,False,False
435,1,11/22/2015,"3,896","2,927","2,424",503,False,False,True,False,False,False
436,2,11/23/2015,"5,814","4,236","3,543",693,True,False,False,False,False,False
437,3,11/24/2015,"5,879","4,140","3,475",665,False,False,False,False,True,False
438,4,11/25/2015,"4,800","3,457","2,836",621,False,False,False,False,False,True
439,5,11/26/2015,"3,838","2,825","2,334",491,False,False,False,True,False,False
440,6,11/27/2015,"3,576","2,579","2,118",461,False,False,False,False,False,False
441,7,11/28/2015,"2,799","1,974","1,652",322,False,True,False,False,False,False
442,1,11/29/2015,"4,228","3,127","2,605",522,False,False,True,False,False,False
443,2,11/30/2015,"6,331","4,570","3,817",753,True,False,False,False,False,False
444,3,12/1/2015,"6,380","4,743","4,027",716,False,False,False,False,True,False
445,4,12/2/2015,"6,314","4,829","4,039",790,False,False,False,False,False,True
446,5,12/3/2015,"6,160","4,584","3,835",749,False,False,False,True,False,False
447,6,12/4/2015,"4,859","3,615","2,995",620,False,False,False,False,False,False
448,7,12/5/2015,"3,317","2,468","2,040",428,False,True,False,False,False,False
449,1,12/6/2015,"4,715","3,550","2,972",578,False,False,True,False,False,False
450,2,12/7/2015,"6,940","5,136","4,303",833,True,False,False,False,False,False
451,3,12/8/2015,"6,551","4,866","4,068",798,False,False,False,False,True,False
452,4,12/9/2015,"6,327","4,761","3,961",800,False,False,False,False,False,True
453,5,12/10/2015,"6,212","4,578","3,830",748,False,False,False,True,False,False
454,6,12/11/2015,"4,687","3,388","2,771",617,False,False,False,False,False,False
455,7,12/12/2015,"3,014","2,283","1,856",427,False,True,False,False,False,False
456,1,12/13/2015,"4,132","3,064","2,548",516,False,False,True,False,False,False
457,2,12/14/2015,"5,989","4,330","3,606",724,True,False,False,False,False,False
458,3,12/15/2015,"5,331","3,967","3,309",658,False,False,False,False,True,False
459,4,12/16/2015,"5,183","3,665","3,025",640,False,False,False,False,False,True
460,5,12/17/2015,"4,769","3,515","2,917",598,False,False,False,True,False,False
461,6,12/18/2015,"3,627","2,518","2,071",447,False,False,False,False,False,False
462,7,12/19/2015,"1,857","1,319","1,087",232,False,True,False,False,False,False
463,1,12/20/2015,"2,221","1,489","1,204",285,False,False,True,False,False,False
464,2,12/21/2015,"3,335","2,335","1,906",429,True,False,False,False,False,False
465,3,12/22/2015,"2,883","2,047","1,639",408,False,False,False,False,True,False
466,4,12/23/2015,"2,353","1,621","1,312",309,False,False,False,False,False,True
467,5,12/24/2015,"1,578","1,099",886,213,False,False,False,True,False,False
468,6,12/25/2015,"1,017",724,586,138,False,False,False,False,False,False
469,7,12/26/2015,"1,334",936,760,176,False,True,False,False,False,False
470,1,12/27/2015,"1,690","1,155",947,208,False,False,True,False,False,False
471,2,12/28/2015,"2,838","1,829","1,474",355,True,False,False,False,False,False
472,3,12/29/2015,"2,815","1,786","1,419",367,False,False,False,False,True,False
473,4,12/30/2015,"2,382","1,618","1,292",326,False,False,False,False,False,True
474,5,12/31/2015,"1,587","1,035",809,226,False,False,False,True,False,False
475,6,1/1/2016,"1,411",960,786,174,False,False,False,False,False,False
476,7,1/2/2016,"1,838","1,197",969,228,False,True,False,False,False,False
477,1,1/3/2016,"2,180","1,562","1,279",283,False,False,True,False,False,False
478,2,1/4/2016,"3,587","2,494","2,037",457,True,False,False,False,False,False
479,3,1/5/2016,"3,855","2,742","2,230",512,False,False,False,False,True,False
480,4,1/6/2016,"3,840","2,628","2,127",501,False,False,False,False,False,True
481,5,1/7/2016,"3,735","2,746","2,258",488,False,False,False,True,False,False
482,6,1/8/2016,"3,223","2,286","1,860",426,False,False,False,False,False,False
483,7,1/9/2016,"2,207","1,531","1,280",251,False,True,False,False,False,False
484,1,1/10/2016,"2,814","2,000","1,661",339,False,False,True,False,False,False
485,2,1/11/2016,"4,007","2,976","2,444",532,True,False,False,False,False,False
486,3,1/12/2016,"4,119","2,961","2,385",576,False,False,False,False,True,False
487,4,1/13/2016,"4,338","3,164","2,631",533,False,False,False,False,False,True
488,5,1/14/2016,"4,432","2,962","2,418",544,False,False,False,True,False,False
489,6,1/15/2016,"3,306","2,349","1,866",483,False,False,False,False,False,False
490,7,1/16/2016,"2,223","1,557","1,262",295,False,True,False,False,False,False
491,1,1/17/2016,"2,757","2,002","1,635",367,False,False,True,False,False,False
492,2,1/18/2016,"4,047","2,898","2,373",525,True,False,False,False,False,False
493,3,1/19/2016,"4,489","3,190","2,566",624,False,False,False,False,True,False
494,4,1/20/2016,"4,588","3,232","2,656",576,False,False,False,False,False,True
495,5,1/21/2016,"4,398","3,106","2,561",545,False,False,False,True,False,False
496,6,1/22/2016,"3,340","2,455","1,990",465,False,False,False,False,False,False
497,7,1/23/2016,"2,344","1,639","1,338",301,False,True,False,False,False,False
498,1,1/24/2016,"2,973","2,094","1,736",358,False,False,True,False,False,False
499,2,1/25/2016,"4,638","3,205","2,649",556,True,False,False,False,False,False
500,3,1/26/2016,"4,791","3,409","2,834",575,False,False,False,False,True,False
501,4,1/27/2016,"5,104","3,768","3,197",571,False,False,False,False,False,True
502,5,1/28/2016,"4,621","3,439","2,876",563,False,False,False,True,False,False
503,6,1/29/2016,"3,831","2,715","2,232",483,False,False,False,False,False,False
504,7,1/30/2016,"2,295","1,690","1,400",290,False,True,False,False,False,False
505,1,1/31/2016,"3,235","2,462","2,050",412,False,False,True,False,False,False
506,2,2/1/2016,"4,918","3,640","3,060",580,True,False,False,False,False,False
507,3,2/2/2016,"5,127","3,783","3,195",588,False,False,False,False,True,False
508,4,2/3/2016,"4,794","3,575","2,999",576,False,False,False,False,False,True
509,5,2/4/2016,"4,788","3,420","2,848",572,False,False,False,True,False,False
510,6,2/5/2016,"3,948","2,727","2,256",471,False,False,False,False,False,False
511,7,2/6/2016,"2,383","1,765","1,477",288,False,True,False,False,False,False
512,1,2/7/2016,"2,950","2,231","1,839",392,False,False,True,False,False,False
513,2,2/8/2016,"4,905","3,592","3,024",568,True,False,False,False,False,False
514,3,2/9/2016,"5,353","3,931","3,299",632,False,False,False,False,True,False
515,4,2/10/2016,"5,492","4,007","3,358",649,False,False,False,False,False,True
516,5,2/11/2016,"5,052","3,628","3,019",609,False,False,False,True,False,False
517,6,2/12/2016,"3,764","2,807","2,300",507,False,False,False,False,False,False
518,7,2/13/2016,"2,458","1,788","1,459",329,False,True,False,False,False,False
519,1,2/14/2016,"3,098","2,277","1,866",411,False,False,True,False,False,False
520,2,2/15/2016,"4,951","3,652","3,039",613,True,False,False,False,False,False
521,3,2/16/2016,"5,495","4,000","3,304",696,False,False,False,False,True,False
522,4,2/17/2016,"5,505","4,062","3,375",687,False,False,False,False,False,True
523,5,2/18/2016,"5,188","3,812","3,156",656,False,False,False,True,False,False
524,6,2/19/2016,"4,002","2,932","2,377",555,False,False,False,False,False,False
525,7,2/20/2016,"2,607","1,888","1,537",351,False,True,False,False,False,False
526,1,2/21/2016,"3,906","2,838","2,355",483,False,False,True,False,False,False
527,2,2/22/2016,"6,360","4,432","3,684",748,True,False,False,False,False,False
528,3,2/23/2016,"6,046","4,460","3,714",746,False,False,False,False,True,False
529,4,2/24/2016,"5,938","4,309","3,499",810,False,False,False,False,False,True
530,5,2/25/2016,"5,325","3,892","3,199",693,False,False,False,True,False,False
531,6,2/26/2016,"4,165","3,048","2,490",558,False,False,False,False,False,False
532,7,2/27/2016,"2,829","2,096","1,726",370,False,True,False,False,False,False
533,1,2/28/2016,"4,090","2,979","2,462",517,False,False,True,False,False,False
534,2,2/29/2016,"5,734","4,224","3,493",731,True,False,False,False,False,False
535,3,3/1/2016,"6,214","4,474","3,731",743,False,False,False,False,True,False
536,4,3/2/2016,"5,906","4,333","3,597",736,False,False,False,False,False,True
537,5,3/3/2016,"5,814","4,191","3,419",772,False,False,False,True,False,False
538,6,3/4/2016,"4,507","3,188","2,624",564,False,False,False,False,False,False
539,7,3/5/2016,"2,859","2,064","1,718",346,False,True,False,False,False,False
540,1,3/6/2016,"3,897","2,806","2,326",480,False,False,True,False,False,False
541,2,3/7/2016,"5,849","4,240","3,503",737,True,False,False,False,False,False
542,3,3/8/2016,"6,264","4,526","3,743",783,False,False,False,False,True,False
543,4,3/9/2016,"6,062","4,404","3,624",780,False,False,False,False,False,True
544,5,3/10/2016,"5,685","4,159","3,415",744,False,False,False,True,False,False
545,6,3/11/2016,"4,391","3,241","2,627",614,False,False,False,False,False,False
546,7,3/12/2016,"2,880","2,046","1,638",408,False,True,False,False,False,False
547,1,3/13/2016,"3,740","2,673","2,163",510,False,False,True,False,False,False
548,2,3/14/2016,"5,710","4,261","3,469",792,True,False,False,False,False,False
549,3,3/15/2016,"5,168","3,778","3,047",731,False,False,False,False,True,False
550,4,3/16/2016,"5,577","4,062","3,287",775,False,False,False,False,False,True
551,5,3/17/2016,"5,238","3,827","3,134",693,False,False,False,True,False,False
552,6,3/18/2016,"3,931","2,871","2,320",551,False,False,False,False,False,False
553,7,3/19/2016,"2,606","1,892","1,568",324,False,True,False,False,False,False
554,1,3/20/2016,"3,149","2,410","2,028",382,False,False,True,False,False,False
555,2,3/21/2016,"5,565","3,968","3,274",694,True,False,False,False,False,False
556,3,3/22/2016,"5,281","3,770","3,035",735,False,False,False,False,True,False
557,4,3/23/2016,"5,202","3,780","3,146",634,False,False,False,False,False,True
558,5,3/24/2016,"4,581","3,203","2,649",554,False,False,False,True,False,False
559,6,3/25/2016,"3,264","2,281","1,847",434,False,False,False,False,False,False
560,7,3/26/2016,"2,344","1,759","1,393",366,False,True,False,False,False,False
561,1,3/27/2016,"3,112","2,311","1,890",421,False,False,True,False,False,False
562,2,3/28/2016,"5,051","3,655","2,985",670,True,False,False,False,False,False
563,3,3/29/2016,"5,333","3,944","3,217",727,False,False,False,False,True,False
564,4,3/30/2016,"5,671","4,078","3,369",709,False,False,False,False,False,True
565,5,3/31/2016,"5,097","3,707","3,026",681,False,False,False,True,False,False
566,6,4/1/2016,"4,555","2,971","2,408",563,False,False,False,False,False,False
567,7,4/2/2016,"2,987","2,129","1,737",392,False,True,False,False,False,False
568,1,4/3/2016,"4,257","2,964","2,421",543,False,False,True,False,False,False
569,2,4/4/2016,"5,804","4,216","3,426",790,True,False,False,False,False,False
570,3,4/5/2016,"5,885","4,379","3,597",782,False,False,False,False,True,False
571,4,4/6/2016,"6,054","4,293","3,522",771,False,False,False,False,False,True
572,5,4/7/2016,"5,791","4,147","3,422",725,False,False,False,True,False,False
573,6,4/8/2016,"4,741","3,430","2,820",610,False,False,False,False,False,False
574,7,4/9/2016,"2,946","2,140","1,740",400,False,True,False,False,False,False
575,1,4/10/2016,"4,071","2,864","2,330",534,False,False,True,False,False,False
576,2,4/11/2016,"6,265","4,503","3,667",836,True,False,False,False,False,False
577,3,4/12/2016,"6,298","4,626","3,769",857,False,False,False,False,True,False
578,4,4/13/2016,"6,495","4,628","3,791",837,False,False,False,False,False,True
579,5,4/14/2016,"5,536","4,189","3,431",758,False,False,False,True,False,False
580,6,4/15/2016,"4,737","3,447","2,785",662,False,False,False,False,False,False
581,7,4/16/2016,"3,232","2,333","1,862",471,False,True,False,False,False,False
582,1,4/17/2016,"4,201","3,093","2,504",589,False,False,True,False,False,False
583,2,4/18/2016,"6,806","4,769","3,920",849,True,False,False,False,False,False
584,3,4/19/2016,"6,769","4,817","3,940",877,False,False,False,False,True,False
585,4,4/20/2016,"6,581","4,824","3,926",898,False,False,False,False,False,True
586,5,4/21/2016,"6,254","4,537","3,707",830,False,False,False,True,False,False
587,6,4/22/2016,"5,163","3,685","3,009",676,False,False,False,False,False,False
588,7,4/23/2016,"3,851","2,595","2,113",482,False,True,False,False,False,False
589,1,4/24/2016,"4,695","3,386","2,761",625,False,False,True,False,False,False
590,2,4/25/2016,"7,098","5,224","4,237",987,True,False,False,False,False,False
591,3,4/26/2016,"7,156","5,392","4,468",924,False,False,False,False,True,False
592,4,4/27/2016,"6,836","5,056","4,130",926,False,False,False,False,False,True
593,5,4/28/2016,"6,329","4,724","3,892",832,False,False,False,True,False,False
594,6,4/29/2016,"4,990","3,608","2,922",686,False,False,False,False,False,False
595,7,4/30/2016,"3,536","2,489","1,993",496,False,True,False,False,False,False
596,1,5/1/2016,"4,366","3,236","2,605",631,False,False,True,False,False,False
597,2,5/2/2016,"6,510","4,786","3,909",877,True,False,False,False,False,False
598,3,5/3/2016,"6,855","4,962","4,085",877,False,False,False,False,True,False
599,4,5/4/2016,"6,599","4,651","3,744",907,False,False,False,False,False,True
600,5,5/5/2016,"5,510","4,105","3,375",730,False,False,False,True,False,False
601,6,5/6/2016,"4,549","3,245","2,639",606,False,False,False,False,False,False
602,7,5/7/2016,"3,064","2,167","1,760",407,False,True,False,False,False,False
603,1,5/8/2016,"3,633","2,663","2,180",483,False,False,True,False,False,False
604,2,5/9/2016,"5,838","4,283","3,489",794,True,False,False,False,False,False
605,3,5/10/2016,"6,026","4,336","3,581",755,False,False,False,False,True,False
606,4,5/11/2016,"5,780","4,226","3,479",747,False,False,False,False,False,True
607,5,5/12/2016,"5,131","3,781","3,101",680,False,False,False,True,False,False
608,6,5/13/2016,"3,928","2,845","2,294",551,False,False,False,False,False,False
609,7,5/14/2016,"2,636","1,930","1,552",378,False,True,False,False,False,False
610,1,5/15/2016,"3,278","2,366","1,922",444,False,False,True,False,False,False
611,2,5/16/2016,"4,785","3,560","2,882",678,True,False,False,False,False,False
612,3,5/17/2016,"4,886","3,601","2,914",687,False,False,False,False,True,False
613,4,5/18/2016,"5,145","3,672","2,987",685,False,False,False,False,False,True
614,5,5/19/2016,"5,849","4,211","3,484",727,False,False,False,True,False,False
615,6,5/20/2016,"4,456","3,324","2,725",599,False,False,False,False,False,False
616,7,5/21/2016,"2,960","2,138","1,716",422,False,True,False,False,False,False
617,1,5/22/2016,"3,885","2,860","2,338",522,False,False,True,False,False,False
618,2,5/23/2016,"5,857","4,155","3,368",787,True,False,False,False,False,False
619,3,5/24/2016,"6,162","4,345","3,526",819,False,False,False,False,True,False
620,4,5/25/2016,"6,014","4,254","3,398",856,False,False,False,False,False,True
621,5,5/26/2016,"5,652","4,119","3,385",734,False,False,False,True,False,False
622,6,5/27/2016,"4,793","3,340","2,692",648,False,False,False,False,False,False
623,7,5/28/2016,"2,819","1,995","1,611",384,False,True,False,False,False,False
624,1,5/29/2016,"3,687","2,546","2,067",479,False,False,True,False,False,False
625,2,5/30/2016,"4,851","3,399","2,701",698,True,False,False,False,False,False
626,3,5/31/2016,"5,775","4,216","3,413",803,False,False,False,False,True,False
627,4,6/1/2016,"5,443","3,962","3,193",769,False,False,False,False,False,True
628,5,6/2/2016,"5,590","3,959","3,176",783,False,False,False,True,False,False
629,6,6/3/2016,"4,482","3,164","2,489",675,False,False,False,False,False,False
630,7,6/4/2016,"2,792","1,947","1,533",414,False,True,False,False,False,False
631,1,6/5/2016,"3,371","2,449","1,979",470,False,False,True,False,False,False
632,2,6/6/2016,"5,547","3,832","3,036",796,True,False,False,False,False,False
633,3,6/7/2016,"5,468","3,954","3,226",728,False,False,False,False,True,False
634,4,6/8/2016,"5,104","3,751","3,064",687,False,False,False,False,False,True
635,5,6/9/2016,"4,728","3,485","2,812",673,False,False,False,True,False,False
636,6,6/10/2016,"4,024","2,855","2,290",565,False,False,False,False,False,False
637,7,6/11/2016,"2,350","1,677","1,348",329,False,True,False,False,False,False
638,1,6/12/2016,"3,234","2,196","1,779",417,False,False,True,False,False,False
639,2,6/13/2016,"4,948","3,550","2,790",760,True,False,False,False,False,False
640,3,6/14/2016,"5,247","3,760","3,052",708,False,False,False,False,True,False
641,4,6/15/2016,"5,003","3,557","2,810",747,False,False,False,False,False,True
642,5,6/16/2016,"4,816","3,482","2,775",707,False,False,False,True,False,False
643,6,6/17/2016,"4,208","2,818","2,267",551,False,False,False,False,False,False
644,7,6/18/2016,"2,454","1,668","1,357",311,False,True,False,False,False,False
645,1,6/19/2016,"2,763","1,919","1,506",413,False,False,True,False,False,False
646,2,6/20/2016,"4,954","3,522","2,829",693,True,False,False,False,False,False
647,3,6/21/2016,"4,903","3,470","2,793",677,False,False,False,False,True,False
648,4,6/22/2016,"4,907","3,464","2,772",692,False,False,False,False,False,True
649,5,6/23/2016,"4,625","3,336","2,669",667,False,False,False,True,False,False
650,6,6/24/2016,"3,497","2,482","1,947",535,False,False,False,False,False,False
651,7,6/25/2016,"1,826","1,358","1,101",257,False,True,False,False,False,False
652,1,6/26/2016,"2,307","1,721","1,356",365,False,False,True,False,False,False
653,2,6/27/2016,"4,368","3,078","2,433",645,True,False,False,False,False,False
654,3,6/28/2016,"4,233","3,091","2,466",625,False,False,False,False,True,False
655,4,6/29/2016,"4,187","2,948","2,377",571,False,False,False,False,False,True
656,5,6/30/2016,"3,811","2,726","2,135",591,False,False,False,True,False,False
657,6,7/1/2016,"3,179","2,226","1,730",496,False,False,False,False,False,False
658,7,7/2/2016,"1,615","1,039",814,225,False,True,False,False,False,False
659,1,7/3/2016,"1,788","1,307","1,028",279,False,False,True,False,False,False
660,2,7/4/2016,"2,959","2,144","1,653",491,True,False,False,False,False,False
661,3,7/5/2016,"3,947","2,840","2,235",605,False,False,False,False,True,False
662,4,7/6/2016,"3,841","2,821","2,248",573,False,False,False,False,False,True
663,5,7/7/2016,"3,729","2,700","2,148",552,False,False,False,True,False,False
664,6,7/8/2016,"3,324","2,381","1,891",490,False,False,False,False,False,False
665,7,7/9/2016,"1,795","1,305","1,036",269,False,True,False,False,False,False
666,1,7/10/2016,"2,373","1,655","1,321",334,False,False,True,False,False,False
667,2,7/11/2016,"4,101","2,855","2,208",647,True,False,False,False,False,False
668,3,7/12/2016,"4,241","2,960","2,352",608,False,False,False,False,True,False
669,4,7/13/2016,"4,478","3,189","2,578",611,False,False,False,False,False,True
670,5,7/14/2016,"3,961","2,814","2,214",600,False,False,False,True,False,False
671,6,7/15/2016,"3,367","2,325","1,796",529,False,False,False,False,False,False
672,7,7/16/2016,"1,828","1,222",951,271,False,True,False,False,False,False
673,1,7/17/2016,"2,344","1,636","1,319",317,False,False,True,False,False,False
674,2,7/18/2016,"4,415","3,007","2,382",625,True,False,False,False,False,False
675,3,7/19/2016,"4,403","3,151","2,502",649,False,False,False,False,True,False
676,4,7/20/2016,"4,244","3,082","2,450",632,False,False,False,False,False,True
677,5,7/21/2016,"4,322","3,077","2,404",673,False,False,False,True,False,False
678,6,7/22/2016,"3,456","2,431","1,936",495,False,False,False,False,False,False
679,7,7/23/2016,"2,068","1,407","1,099",308,False,True,False,False,False,False
680,1,7/24/2016,"2,568","1,755","1,374",381,False,False,True,False,False,False
681,2,7/25/2016,"4,770","3,320","2,628",692,True,False,False,False,False,False
682,3,7/26/2016,"4,621","3,277","2,595",682,False,False,False,False,True,False
683,4,7/27/2016,"4,470","3,164","2,513",651,False,False,False,False,False,True
684,5,7/28/2016,"4,307","3,077","2,459",618,False,False,False,True,False,False
685,6,7/29/2016,"3,370","2,366","1,818",548,False,False,False,False,False,False
686,7,7/30/2016,"1,960","1,341","1,017",324,False,True,False,False,False,False
687,1,7/31/2016,"2,412","1,765","1,423",342,False,False,True,False,False,False
688,2,8/1/2016,"4,504","3,095","2,489",606,True,False,False,False,False,False
689,3,8/2/2016,"4,382","3,138","2,499",639,False,False,False,False,True,False
690,4,8/3/2016,"4,710","3,369","2,697",672,False,False,False,False,False,True
691,5,8/4/2016,"4,324","3,106","2,479",627,False,False,False,True,False,False
692,6,8/5/2016,"3,472","2,497","1,980",517,False,False,False,False,False,False
693,7,8/6/2016,"1,909","1,339","1,081",258,False,True,False,False,False,False
694,1,8/7/2016,"2,365","1,688","1,334",354,False,False,True,False,False,False
695,2,8/8/2016,"4,460","3,056","2,438",618,True,False,False,False,False,False
696,3,8/9/2016,"4,479","3,135","2,482",653,False,False,False,False,True,False
697,4,8/10/2016,"4,510","3,207","2,550",657,False,False,False,False,False,True
698,5,8/11/2016,"4,340","3,111","2,491",620,False,False,False,True,False,False
699,6,8/12/2016,"3,508","2,436","1,933",503,False,False,False,False,False,False
700,7,8/13/2016,"2,030","1,420","1,122",298,False,True,False,False,False,False
701,1,8/14/2016,"2,586","1,749","1,399",350,False,False,True,False,False,False
702,2,8/15/2016,"4,476","2,970","2,346",624,True,False,False,False,False,False
703,3,8/16/2016,"3,232","2,299","1,823",476,False,False,False,False,True,False
704,4,8/17/2016,"4,291","3,106","2,498",608,False,False,False,False,False,True
705,5,8/18/2016,"4,247","2,926","2,327",599,False,False,False,True,False,False
706,6,8/19/2016,"3,477","2,539","2,045",494,False,False,False,False,False,False
707,7,8/20/2016,"2,169","1,470","1,169",301,False,True,False,False,False,False
708,1,8/21/2016,"2,430","1,808","1,453",355,False,False,True,False,False,False
709,2,8/22/2016,"4,358","3,082","2,439",643,True,False,False,False,False,False
710,3,8/23/2016,"4,465","3,249","2,550",699,False,False,False,False,True,False
711,4,8/24/2016,"4,550","3,210","2,615",595,False,False,False,False,False,True
712,5,8/25/2016,"4,147","3,011","2,380",631,False,False,False,True,False,False
713,6,8/26/2016,"3,634","2,532","2,000",532,False,False,False,False,False,False
714,7,8/27/2016,"2,014","1,430","1,141",289,False,True,False,False,False,False
715,1,8/28/2016,"2,687","1,910","1,555",355,False,False,True,False,False,False
716,2,8/29/2016,"4,376","3,115","2,521",594,True,False,False,False,False,False
717,3,8/30/2016,"4,318","3,226","2,622",604,False,False,False,False,True,False
718,4,8/31/2016,"4,441","3,219","2,620",599,False,False,False,False,False,True
719,5,9/1/2016,"4,234","3,116","2,556",560,False,False,False,True,False,False
720,6,9/2/2016,"3,027","2,230","1,762",468,False,False,False,False,False,False
721,7,9/3/2016,"1,966","1,376","1,101",275,False,True,False,False,False,False
722,1,9/4/2016,"2,446","1,761","1,452",309,False,False,True,False,False,False
723,2,9/5/2016,"3,779","2,643","2,145",498,True,False,False,False,False,False
724,3,9/6/2016,"4,619","3,341","2,727",614,False,False,False,False,True,False
725,4,9/7/2016,"4,983","3,584","2,925",659,False,False,False,False,False,True
726,5,9/8/2016,"4,645","3,319","2,716",603,False,False,False,True,False,False
727,6,9/9/2016,"3,612","2,630","2,139",491,False,False,False,False,False,False
728,7,9/10/2016,"2,153","1,577","1,323",254,False,True,False,False,False,False
729,1,9/11/2016,"3,089","2,307","1,978",329,False,False,True,False,False,False
730,2,9/12/2016,"4,580","3,446","2,882",564,True,False,False,False,False,False
731,3,9/13/2016,"4,788","3,625","2,992",633,False,False,False,False,True,False
732,4,9/14/2016,"5,095","3,759","3,113",646,False,False,False,False,False,True
733,5,9/15/2016,"4,668","3,454","2,860",594,False,False,False,True,False,False
734,6,9/16/2016,"3,711","2,785","2,272",513,False,False,False,False,False,False
735,7,9/17/2016,"2,523","1,861","1,577",284,False,True,False,False,False,False
736,1,9/18/2016,"3,364","2,547","2,122",425,False,False,True,False,False,False
737,2,9/19/2016,"5,513","4,050","3,321",729,True,False,False,False,False,False
738,3,9/20/2016,"5,362","3,762","3,095",667,False,False,False,False,True,False
739,4,9/21/2016,"5,402","3,987","3,293",694,False,False,False,False,False,True
740,5,9/22/2016,"5,398","3,996","3,299",697,False,False,False,True,False,False
741,6,9/23/2016,"3,783","2,663","2,134",529,False,False,False,False,False,False
742,7,9/24/2016,"2,395","1,797","1,503",294,False,True,False,False,False,False
743,1,9/25/2016,"3,679","2,719","2,289",430,False,False,True,False,False,False
744,2,9/26/2016,"5,688","4,325","3,570",755,True,False,False,False,False,False
745,3,9/27/2016,"5,842","4,382","3,645",737,False,False,False,False,True,False
746,4,9/28/2016,"5,923","4,458","3,682",776,False,False,False,False,False,True
747,5,9/29/2016,"5,717","4,222","3,487",735,False,False,False,True,False,False
748,6,9/30/2016,"4,250","3,176","2,565",611,False,False,False,False,False,False
749,7,10/1/2016,"2,525","1,986","1,656",330,False,True,False,False,False,False
750,1,10/2/2016,"3,923","3,023","2,559",464,False,False,True,False,False,False
751,2,10/3/2016,"5,785","4,281","3,545",736,True,False,False,False,False,False
752,3,10/4/2016,"6,052","4,522","3,780",742,False,False,False,False,True,False
753,4,10/5/2016,"6,150","4,588","3,814",774,False,False,False,False,False,True
754,5,10/6/2016,"5,591","4,134","3,419",715,False,False,False,True,False,False
755,6,10/7/2016,"4,279","3,196","2,616",580,False,False,False,False,False,False
756,7,10/8/2016,"2,897","2,066","1,717",349,False,True,False,False,False,False
757,1,10/9/2016,"3,904","2,873","2,374",499,False,False,True,False,False,False
758,2,10/10/2016,"5,458","4,145","3,442",703,True,False,False,False,False,False
759,3,10/11/2016,"5,909","4,399","3,685",714,False,False,False,False,True,False
760,4,10/12/2016,"6,175","4,620","3,823",797,False,False,False,False,False,True
761,5,10/13/2016,"5,856","4,422","3,581",841,False,False,False,True,False,False
762,6,10/14/2016,"4,610","3,505","2,837",668,False,False,False,False,False,False
763,7,10/15/2016,"3,081","2,269","1,864",405,False,True,False,False,False,False
764,1,10/16/2016,"4,390","3,265","2,718",547,False,False,True,False,False,False
765,2,10/17/2016,"6,507","4,917","4,018",899,True,False,False,False,False,False
766,3,10/18/2016,"6,941","5,103","4,189",914,False,False,False,False,True,False
767,4,10/19/2016,"6,576","4,776","3,961",815,False,False,False,False,False,True
768,5,10/20/2016,"5,985","4,462","3,701",761,False,False,False,True,False,False
769,6,10/21/2016,"4,789","3,497","2,840",657,False,False,False,False,False,False
770,7,10/22/2016,"3,263","2,292","1,881",411,False,True,False,False,False,False
771,1,10/23/2016,"4,180","3,135","2,561",574,False,False,True,False,False,False
772,2,10/24/2016,"6,371","4,865","3,993",872,True,False,False,False,False,False
773,3,10/25/2016,"6,648","4,960","4,070",890,False,False,False,False,True,False
774,4,10/26/2016,"6,501","4,777","3,880",897,False,False,False,False,False,True
775,5,10/27/2016,"6,088","4,431","3,574",857,False,False,False,True,False,False
776,6,10/28/2016,"4,376","3,179","2,510",669,False,False,False,False,False,False
777,7,10/29/2016,"2,733","1,955","1,549",406,False,True,False,False,False,False
778,1,10/30/2016,"3,953","2,921","2,344",577,False,False,True,False,False,False
779,2,10/31/2016,"6,108","4,416","3,563",853,True,False,False,False,False,False
780,3,11/1/2016,"5,668","4,185","3,360",825,False,False,False,False,True,False
781,4,11/2/2016,"6,159","4,508","3,663",845,False,False,False,False,False,True
782,5,11/3/2016,"5,810","4,241","3,426",815,False,False,False,True,False,False
783,6,11/4/2016,"4,491","3,394","2,670",724,False,False,False,False,False,False
784,7,11/5/2016,"3,110","2,263","1,842",421,False,True,False,False,False,False
785,1,11/6/2016,"4,418","3,281","2,713",568,False,False,True,False,False,False
786,2,11/7/2016,"6,529","4,488","3,573",915,True,False,False,False,False,False
787,3,11/8/2016,"5,756","4,251","3,437",814,False,False,False,False,True,False
788,4,11/9/2016,"5,716","4,102","3,315",787,False,False,False,False,False,True
789,5,11/10/2016,"5,323","4,022","3,246",776,False,False,False,True,False,False
790,6,11/11/2016,"4,280","3,085","2,441",644,False,False,False,False,False,False
791,7,11/12/2016,"2,982","2,169","1,777",392,False,True,False,False,False,False
792,1,11/13/2016,"4,365","3,172","2,595",577,False,False,True,False,False,False
793,2,11/14/2016,"6,627","4,888","3,942",946,True,False,False,False,False,False
794,3,11/15/2016,"6,467","4,808","3,905",903,False,False,False,False,True,False
795,4,11/16/2016,"6,631","4,903","3,984",919,False,False,False,False,False,True
796,5,11/17/2016,"6,378","4,681","3,779",902,False,False,False,True,False,False
797,6,11/18/2016,"4,767","3,424","2,734",690,False,False,False,False,False,False
798,7,11/19/2016,"3,501","2,580","2,136",444,False,True,False,False,False,False
799,1,11/20/2016,"4,647","3,426","2,777",649,False,False,True,False,False,False
800,2,11/21/2016,"6,336","4,693","3,788",905,True,False,False,False,False,False
801,3,11/22/2016,"6,222","4,564","3,646",918,False,False,False,False,True,False
802,4,11/23/2016,"5,527","3,904","3,082",822,False,False,False,False,False,True
803,5,11/24/2016,"4,267","3,197","2,561",636,False,False,False,True,False,False
804,6,11/25/2016,"3,733","2,678","2,135",543,False,False,False,False,False,False
805,7,11/26/2016,"3,299","2,394","1,907",487,False,True,False,False,False,False
806,1,11/27/2016,"4,530","3,396","2,722",674,False,False,True,False,False,False
807,2,11/28/2016,"6,908","5,047","4,167",880,True,False,False,False,False,False
808,3,11/29/2016,"7,714","5,338","4,369",969,False,False,False,False,True,False
809,4,11/30/2016,"7,490","5,425","4,389","1,036",False,False,False,False,False,True
810,5,12/1/2016,"7,190","5,081","4,120",961,False,False,False,True,False,False
811,6,12/2/2016,"5,391","3,977","3,171",806,False,False,False,False,False,False
812,7,12/3/2016,"3,575","2,667","2,178",489,False,True,False,False,False,False
813,1,12/4/2016,"5,285","4,031","3,247",784,False,False,True,False,False,False
814,2,12/5/2016,"7,330","5,439","4,452",987,True,False,False,False,False,False
815,3,12/6/2016,"7,489","5,479","4,500",979,False,False,False,False,True,False
816,4,12/7/2016,"7,345","5,467","4,469",998,False,False,False,False,False,True
817,5,12/8/2016,"6,679","4,991","3,998",993,False,False,False,True,False,False
818,6,12/9/2016,"5,403","3,970","3,190",780,False,False,False,False,False,False
819,7,12/10/2016,"3,573","2,712","2,203",509,False,True,False,False,False,False
820,1,12/11/2016,"4,834","3,515","2,838",677,False,False,True,False,False,False
821,2,12/12/2016,"6,905","4,945","3,988",957,True,False,False,False,False,False
822,3,12/13/2016,"6,743","4,927","3,942",985,False,False,False,False,True,False
823,4,12/14/2016,"6,201","4,488","3,593",895,False,False,False,False,False,True
824,5,12/15/2016,"5,571","4,071","3,229",842,False,False,False,True,False,False
825,6,12/16/2016,"3,872","2,780","2,191",589,False,False,False,False,False,False
826,7,12/17/2016,"2,613","1,884","1,480",404,False,True,False,False,False,False
827,1,12/18/2016,"3,109","2,293","1,853",440,False,False,True,False,False,False
828,2,12/19/2016,"4,324","3,145","2,477",668,True,False,False,False,False,False
829,3,12/20/2016,"4,226","3,064","2,339",725,False,False,False,False,True,False
830,4,12/21/2016,"3,991","2,914","2,278",636,False,False,False,False,False,True
831,5,12/22/2016,"3,160","2,211","1,728",483,False,False,False,True,False,False
832,6,12/23/2016,"2,386","1,626","1,257",369,False,False,False,False,False,False
833,7,12/24/2016,"1,115",825,634,191,False,True,False,False,False,False
834,1,12/25/2016,"1,387",930,740,190,False,False,True,False,False,False
835,2,12/26/2016,"2,147","1,418","1,142",276,True,False,False,False,False,False
836,3,12/27/2016,"2,686","1,777","1,349",428,False,False,False,False,True,False
837,4,12/28/2016,"2,885","1,915","1,476",439,False,False,False,False,False,True
838,5,12/29/2016,"2,694","1,837","1,400",437,False,False,False,True,False,False
839,6,12/30/2016,"2,273","1,541","1,164",377,False,False,False,False,False,False
840,7,12/31/2016,"1,188",836,643,193,False,True,False,False,False,False
841,1,1/1/2017,"1,447","1,039",832,207,False,False,True,False,False,False
842,2,1/2/2017,"2,568","1,844","1,448",396,True,False,False,False,False,False
843,3,1/3/2017,"3,566","2,527","1,970",557,False,False,False,False,True,False
844,4,1/4/2017,"3,941","2,816","2,226",590,False,False,False,False,False,True
845,5,1/5/2017,"3,841","2,625","2,058",567,False,False,False,True,False,False
846,6,1/6/2017,"3,261","2,338","1,812",526,False,False,False,False,False,False
847,7,1/7/2017,"2,241","1,523","1,204",319,False,True,False,False,False,False
848,1,1/8/2017,"2,679","1,892","1,519",373,False,False,True,False,False,False
849,2,1/9/2017,"4,182","2,841","2,191",650,True,False,False,False,False,False
850,3,1/10/2017,"4,236","3,039","2,391",648,False,False,False,False,True,False
851,4,1/11/2017,"4,628","3,206","2,536",670,False,False,False,False,False,True
852,5,1/12/2017,"4,205","3,025","2,403",622,False,False,False,True,False,False
853,6,1/13/2017,"3,459","2,508","2,033",475,False,False,False,False,False,False
854,7,1/14/2017,"2,448","1,744","1,390",354,False,True,False,False,False,False
855,1,1/15/2017,"2,853","2,015","1,586",429,False,False,True,False,False,False
856,2,1/16/2017,"4,638","3,178","2,543",635,True,False,False,False,False,False
857,3,1/17/2017,"5,325","3,669","2,942",727,False,False,False,False,True,False
858,4,1/18/2017,"4,866","3,364","2,670",694,False,False,False,False,False,True
859,5,1/19/2017,"4,715","3,375","2,689",686,False,False,False,True,False,False
860,6,1/20/2017,"3,753","2,713","2,136",577,False,False,False,False,False,False
861,7,1/21/2017,"2,481","1,778","1,437",341,False,True,False,False,False,False
862,1,1/22/2017,"3,233","2,401","1,981",420,False,False,True,False,False,False
863,2,1/23/2017,"5,034","3,660","2,957",703,True,False,False,False,False,False
864,3,1/24/2017,"4,787","3,593","2,909",684,False,False,False,False,True,False
865,4,1/25/2017,"4,901","3,602","2,923",679,False,False,False,False,False,True
866,5,1/26/2017,"4,398","3,266","2,653",613,False,False,False,True,False,False
867,6,1/27/2017,"3,823","2,832","2,267",565,False,False,False,False,False,False
868,7,1/28/2017,"2,619","1,901","1,534",367,False,True,False,False,False,False
869,1,1/29/2017,"3,518","2,612","2,205",407,False,False,True,False,False,False
870,2,1/30/2017,"5,178","3,826","3,127",699,True,False,False,False,False,False
871,3,1/31/2017,"5,290","3,876","3,127",749,False,False,False,False,True,False
872,4,2/1/2017,"5,469","4,116","3,402",714,False,False,False,False,False,True
873,5,2/2/2017,"5,399","4,028","3,303",725,False,False,False,True,False,False
874,6,2/3/2017,"4,232","3,012","2,342",670,False,False,False,False,False,False
875,7,2/4/2017,"2,828","2,084","1,697",387,False,True,False,False,False,False
876,1,2/5/2017,"3,724","2,783","2,281",502,False,False,True,False,False,False
877,2,2/6/2017,"5,733","4,249","3,448",801,True,False,False,False,False,False
878,3,2/7/2017,"5,814","4,284","3,521",763,False,False,False,False,True,False
879,4,2/8/2017,"5,349","4,006","3,248",758,False,False,False,False,False,True
880,5,2/9/2017,"5,025","3,681","3,010",671,False,False,False,True,False,False
881,6,2/10/2017,"4,044","2,922","2,335",587,False,False,False,False,False,False
882,7,2/11/2017,"2,323","1,731","1,377",354,False,True,False,False,False,False
883,1,2/12/2017,"3,147","2,469","2,005",464,False,False,True,False,False,False
884,2,2/13/2017,"4,972","3,719","3,014",705,True,False,False,False,False,False
885,3,2/14/2017,"4,878","3,582","2,897",685,False,False,False,False,True,False
886,4,2/15/2017,"5,288","3,786","3,039",747,False,False,False,False,False,True
887,5,2/16/2017,"4,968","3,668","2,934",734,False,False,False,True,False,False
888,6,2/17/2017,"3,788","2,748","2,158",590,False,False,False,False,False,False
889,7,2/18/2017,"2,514","1,839","1,496",343,False,True,False,False,False,False
890,1,2/19/2017,"3,463","2,602","2,083",519,False,False,True,False,False,False
891,2,2/20/2017,"4,931","3,700","3,009",691,True,False,False,False,False,False
892,3,2/21/2017,"5,101","3,873","3,079",794,False,False,False,False,True,False
893,4,2/22/2017,"5,144","3,727","2,998",729,False,False,False,False,False,True
894,5,2/23/2017,"4,433","3,372","2,657",715,False,False,False,True,False,False
895,6,2/24/2017,"3,597","2,648","2,111",537,False,False,False,False,False,False
896,7,2/25/2017,"2,621","1,826","1,482",344,False,True,False,False,False,False
897,1,2/26/2017,"3,397","2,494","2,021",473,False,False,True,False,False,False
898,2,2/27/2017,"5,062","3,812","3,009",803,True,False,False,False,False,False
899,3,2/28/2017,"4,926","3,678","2,933",745,False,False,False,False,True,False
900,4,3/1/2017,"4,936","3,558","2,822",736,False,False,False,False,False,True
901,5,3/2/2017,"4,688","3,441","2,747",694,False,False,False,True,False,False
902,6,3/3/2017,"3,827","2,699","2,140",559,False,False,False,False,False,False
903,7,3/4/2017,"2,452","1,754","1,408",346,False,True,False,False,False,False
904,1,3/5/2017,"3,283","2,394","1,958",436,False,False,True,False,False,False
905,2,3/6/2017,"4,823","3,481","2,764",717,True,False,False,False,False,False
906,3,3/7/2017,"4,821","3,662","2,942",720,False,False,False,False,True,False
907,4,3/8/2017,"5,059","3,613","2,923",690,False,False,False,False,False,True
908,5,3/9/2017,"4,585","3,444","2,744",700,False,False,False,True,False,False
909,6,3/10/2017,"3,682","2,733","2,178",555,False,False,False,False,False,False
910,7,3/11/2017,"2,350","1,714","1,351",363,False,True,False,False,False,False
911,1,3/12/2017,"3,056","2,189","1,755",434,False,False,True,False,False,False
912,2,3/13/2017,"4,746","3,367","2,721",646,True,False,False,False,False,False
913,3,3/14/2017,"4,613","3,465","2,808",657,False,False,False,False,True,False
914,4,3/15/2017,"4,560","3,441","2,694",747,False,False,False,False,False,True
915,5,3/16/2017,"4,520","3,304","2,629",675,False,False,False,True,False,False
916,6,3/17/2017,"3,346","2,433","1,930",503,False,False,False,False,False,False
917,7,3/18/2017,"2,253","1,649","1,325",324,False,True,False,False,False,False
918,1,3/19/2017,"2,927","2,267","1,807",460,False,False,True,False,False,False
919,2,3/20/2017,"4,878","3,463","2,799",664,True,False,False,False,False,False
920,3,3/21/2017,"4,852","3,481","2,802",679,False,False,False,False,True,False
921,4,3/22/2017,"4,585","3,430","2,757",673,False,False,False,False,False,True
922,5,3/23/2017,"4,477","3,260","2,600",660,False,False,False,True,False,False
923,6,3/24/2017,"3,654","2,566","1,993",573,False,False,False,False,False,False
924,7,3/25/2017,"2,411","1,760","1,420",340,False,True,False,False,False,False
925,1,3/26/2017,"3,054","2,336","1,882",454,False,False,True,False,False,False
926,2,3/27/2017,"4,696","3,479","2,765",714,True,False,False,False,False,False
927,3,3/28/2017,"5,033","3,633","2,875",758,False,False,False,False,True,False
928,4,3/29/2017,"4,948","3,530","2,809",721,False,False,False,False,False,True
929,5,3/30/2017,"4,636","3,390","2,704",686,False,False,False,True,False,False
930,6,3/31/2017,"3,539","2,636","2,060",576,False,False,False,False,False,False
931,7,4/1/2017,"2,371","1,678","1,338",340,False,True,False,False,False,False
932,1,4/2/2017,"2,816","2,159","1,715",444,False,False,True,False,False,False
933,2,4/3/2017,"4,493","3,356","2,672",684,True,False,False,False,False,False
934,3,4/4/2017,"4,678","3,486","2,739",747,False,False,False,False,True,False
935,4,4/5/2017,"4,737","3,484","2,762",722,False,False,False,False,False,True
936,5,4/6/2017,"4,775","3,514","2,806",708,False,False,False,True,False,False
937,6,4/7/2017,"3,658","2,725","2,181",544,False,False,False,False,False,False
938,7,4/8/2017,"2,260","1,664","1,324",340,False,True,False,False,False,False
939,1,4/9/2017,"3,343","2,433","1,933",500,False,False,True,False,False,False
940,2,4/10/2017,"4,640","3,440","2,756",684,True,False,False,False,False,False
941,3,4/11/2017,"4,694","3,532","2,867",665,False,False,False,False,True,False
942,4,4/12/2017,"4,771","3,517","2,800",717,False,False,False,False,False,True
943,5,4/13/2017,"4,173","3,017","2,395",622,False,False,False,True,False,False
944,6,4/14/2017,"3,046","2,238","1,752",486,False,False,False,False,False,False
945,7,4/15/2017,"2,260","1,701","1,333",368,False,True,False,False,False,False
946,1,4/16/2017,"2,876","2,143","1,700",443,False,False,True,False,False,False
947,2,4/17/2017,"4,774","3,402","2,719",683,True,False,False,False,False,False
948,3,4/18/2017,"5,009","3,702","2,906",796,False,False,False,False,True,False
949,4,4/19/2017,"5,369","3,852","3,133",719,False,False,False,False,False,True
950,5,4/20/2017,"5,020","3,669","2,969",700,False,False,False,True,False,False
951,6,4/21/2017,"3,935","2,802","2,203",599,False,False,False,False,False,False
952,7,4/22/2017,"2,795","2,049","1,630",419,False,True,False,False,False,False
953,1,4/23/2017,"3,795","2,827","2,305",522,False,False,True,False,False,False
954,2,4/24/2017,"5,489","4,083","3,252",831,True,False,False,False,False,False
955,3,4/25/2017,"5,680","4,108","3,336",772,False,False,False,False,True,False
956,4,4/26/2017,"5,383","3,940","3,205",735,False,False,False,False,False,True
957,5,4/27/2017,"4,890","3,695","2,985",710,False,False,False,True,False,False
958,6,4/28/2017,"3,872","2,887","2,310",577,False,False,False,False,False,False
959,7,4/29/2017,"2,790","1,987","1,602",385,False,True,False,False,False,False
960,1,4/30/2017,"3,524","2,616","2,118",498,False,False,True,False,False,False
961,2,5/1/2017,"4,903","3,551","2,875",676,True,False,False,False,False,False
962,3,5/2/2017,"5,160","3,802","3,079",723,False,False,False,False,True,False
963,4,5/3/2017,"5,194","3,766","2,995",771,False,False,False,False,False,True
964,5,5/4/2017,"5,142","3,755","3,013",742,False,False,False,True,False,False
965,6,5/5/2017,"3,836","2,925","2,323",602,False,False,False,False,False,False
966,7,5/6/2017,"2,737","1,981","1,572",409,False,True,False,False,False,False
967,1,5/7/2017,"3,386","2,534","2,025",509,False,False,True,False,False,False
968,2,5/8/2017,"4,816","3,585","2,900",685,True,False,False,False,False,False
969,3,5/9/2017,"4,734","3,458","2,763",695,False,False,False,False,True,False
970,4,5/10/2017,"4,761","3,475","2,754",721,False,False,False,False,False,True
971,5,5/11/2017,"4,277","3,224","2,570",654,False,False,False,True,False,False
972,6,5/12/2017,"3,563","2,620","2,056",564,False,False,False,False,False,False
973,7,5/13/2017,"2,401","1,749","1,379",370,False,True,False,False,False,False
974,1,5/14/2017,"2,877","2,126","1,674",452,False,False,True,False,False,False
975,2,5/15/2017,"4,448","3,191","2,494",697,True,False,False,False,False,False
976,3,5/16/2017,"4,525","3,226","2,593",633,False,False,False,False,True,False
977,4,5/17/2017,"4,533","3,318","2,676",642,False,False,False,False,False,True
978,5,5/18/2017,"4,431","3,307","2,686",621,False,False,False,True,False,False
979,6,5/19/2017,"3,456","2,470","1,938",532,False,False,False,False,False,False
980,7,5/20/2017,"2,162","1,651","1,332",319,False,True,False,False,False,False
981,1,5/21/2017,"2,786","1,971","1,597",374,False,False,True,False,False,False
982,2,5/22/2017,"4,172","3,041","2,403",638,True,False,False,False,False,False
983,3,5/23/2017,"4,255","3,077","2,457",620,False,False,False,False,True,False
984,4,5/24/2017,"4,154","2,996","2,400",596,False,False,False,False,False,True
985,5,5/25/2017,"3,803","2,839","2,263",576,False,False,False,True,False,False
986,6,5/26/2017,"2,950","2,183","1,720",463,False,False,False,False,False,False
987,7,5/27/2017,"1,909","1,444","1,155",289,False,True,False,False,False,False
988,1,5/28/2017,"2,506","1,781","1,399",382,False,False,True,False,False,False
989,2,5/29/2017,"3,325","2,457","1,913",544,True,False,False,False,False,False
990,3,5/30/2017,"4,086","2,909","2,298",611,False,False,False,False,True,False
991,4,5/31/2017,"3,716","2,667","2,069",598,False,False,False,False,False,True
992,5,6/1/2017,"3,702","2,639","2,103",536,False,False,False,True,False,False
993,6,6/2/2017,"2,959","2,171","1,680",491,False,False,False,False,False,False
994,7,6/3/2017,"2,006","1,471","1,161",310,False,True,False,False,False,False
995,1,6/4/2017,"2,479","1,795","1,419",376,False,False,True,False,False,False
996,2,6/5/2017,"3,501","2,610","2,072",538,True,False,False,False,False,False
997,3,6/6/2017,"3,985","2,922","2,361",561,False,False,False,False,True,False
998,4,6/7/2017,"3,920","2,913","2,314",599,False,False,False,False,False,True
999,5,6/8/2017,"3,868","2,796","2,209",587,False,False,False,True,False,False
1000,6,6/9/2017,"2,921","2,101","1,660",441,False,False,False,False,False,False
1001,7,6/10/2017,"1,655","1,244",975,269,False,True,False,False,False,False
1002,1,6/11/2017,"2,229","1,622","1,299",323,False,False,True,False,False,False
1003,2,6/12/2017,"3,660","2,598","2,020",578,True,False,False,False,False,False
1004,3,6/13/2017,"3,898","2,809","2,202",607,False,False,False,False,True,False
1005,4,6/14/2017,"3,912","2,797","2,200",597,False,False,False,False,False,True
1006,5,6/15/2017,"3,604","2,624","2,029",595,False,False,False,True,False,False
1007,6,6/16/2017,"2,970","2,105","1,621",484,False,False,False,False,False,False
1008,7,6/17/2017,"1,546","1,187",957,230,False,True,False,False,False,False
1009,1,6/18/2017,"1,944","1,465","1,146",319,False,False,True,False,False,False
1010,2,6/19/2017,"3,608","2,493","1,959",534,True,False,False,False,False,False
1011,3,6/20/2017,"3,514","2,472","1,905",567,False,False,False,False,True,False
1012,4,6/21/2017,"3,344","2,475","1,915",560,False,False,False,False,False,True
1013,5,6/22/2017,"3,292","2,351","1,824",527,False,False,False,True,False,False
1014,6,6/23/2017,"2,469","1,850","1,445",405,False,False,False,False,False,False
1015,7,6/24/2017,"1,296",925,702,223,False,True,False,False,False,False
1016,1,6/25/2017,"1,546","1,071",811,260,False,False,True,False,False,False
1017,2,6/26/2017,"2,948","1,998","1,528",470,True,False,False,False,False,False
1018,3,6/27/2017,"3,077","2,190","1,690",500,False,False,False,False,True,False
1019,4,6/28/2017,"3,028","2,145","1,649",496,False,False,False,False,False,True
1020,5,6/29/2017,"2,738","1,976","1,474",502,False,False,False,True,False,False
1021,6,6/30/2017,"2,147","1,478","1,087",391,False,False,False,False,False,False
1022,7,7/1/2017,"1,277",903,675,228,False,True,False,False,False,False
1023,1,7/2/2017,"1,606","1,142",879,263,False,False,True,False,False,False
1024,2,7/3/2017,"2,504","1,726","1,296",430,True,False,False,False,False,False
1025,3,7/4/2017,"2,218","1,566","1,217",349,False,False,False,False,True,False
1026,4,7/5/2017,"3,024","2,149","1,681",468,False,False,False,False,False,True
1027,5,7/6/2017,"2,951","2,047","1,555",492,False,False,False,True,False,False
1028,6,7/7/2017,"2,401","1,693","1,310",383,False,False,False,False,False,False
1029,7,7/8/2017,"1,242",891,700,191,False,True,False,False,False,False
1030,1,7/9/2017,"1,511","1,172",938,234,False,False,True,False,False,False
1031,2,7/10/2017,"2,934","2,062","1,619",443,True,False,False,False,False,False
1032,3,7/11/2017,"3,003","2,140","1,663",477,False,False,False,False,True,False
1033,4,7/12/2017,"3,073","2,192","1,710",482,False,False,False,False,False,True
1034,5,7/13/2017,"2,933","2,043","1,550",493,False,False,False,True,False,False
1035,6,7/14/2017,"2,468","1,710","1,287",423,False,False,False,False,False,False
1036,7,7/15/2017,"1,355",892,689,203,False,True,False,False,False,False
1037,1,7/16/2017,"1,553","1,122",891,231,False,False,True,False,False,False
1038,2,7/17/2017,"2,902","1,954","1,479",475,True,False,False,False,False,False
1039,3,7/18/2017,"2,899","2,109","1,591",518,False,False,False,False,True,False
1040,4,7/19/2017,"2,986","2,032","1,584",448,False,False,False,False,False,True
1041,5,7/20/2017,"2,964","2,031","1,571",460,False,False,False,True,False,False
1042,6,7/21/2017,"2,433","1,609","1,214",395,False,False,False,False,False,False
1043,7,7/22/2017,"1,280",923,725,198,False,True,False,False,False,False
1044,1,7/23/2017,"1,603","1,170",909,261,False,False,True,False,False,False
1045,2,7/24/2017,"3,154","2,214","1,726",488,True,False,False,False,False,False
1046,3,7/25/2017,"3,084","2,148","1,666",482,False,False,False,False,True,False
1047,4,7/26/2017,"2,983","1,925","1,490",435,False,False,False,False,False,True
1048,5,7/27/2017,"2,849","1,908","1,440",468,False,False,False,True,False,False
1049,6,7/28/2017,"2,420","1,538","1,150",388,False,False,False,False,False,False
1050,7,7/29/2017,"1,300",895,712,183,False,True,False,False,False,False
1051,1,7/30/2017,"1,526","1,112",863,249,False,False,True,False,False,False
1052,2,7/31/2017,"2,872","1,978","1,481",497,True,False,False,False,False,False
1053,3,8/1/2017,"2,914","1,957","1,463",494,False,False,False,False,True,False
1054,4,8/2/2017,"2,843","1,994","1,536",458,False,False,False,False,False,True
1055,5,8/3/2017,"2,649","1,894","1,447",447,False,False,False,True,False,False
1056,6,8/4/2017,"2,042","1,478","1,150",328,False,False,False,False,False,False
1057,7,8/5/2017,"1,225",901,681,220,False,True,False,False,False,False
1058,1,8/6/2017,"1,562","1,045",792,253,False,False,True,False,False,False
1059,2,8/7/2017,"2,751","1,823","1,398",425,True,False,False,False,False,False
1060,3,8/8/2017,"2,634","1,868","1,415",453,False,False,False,False,True,False
1061,4,8/9/2017,"2,704","1,961","1,511",450,False,False,False,False,False,True
1062,5,8/10/2017,"2,670","1,864","1,463",401,False,False,False,True,False,False
1063,6,8/11/2017,"2,073","1,498","1,121",377,False,False,False,False,False,False
1064,7,8/12/2017,"1,240",888,669,219,False,True,False,False,False,False
1065,1,8/13/2017,"1,530","1,076",811,265,False,False,True,False,False,False
1066,2,8/14/2017,"2,392","1,704","1,346",358,True,False,False,False,False,False
1067,3,8/15/2017,"2,675","1,846","1,471",375,False,False,False,False,True,False
1068,4,8/16/2017,"2,755","1,911","1,436",475,False,False,False,False,False,True
1069,5,8/17/2017,"2,608","1,824","1,421",403,False,False,False,True,False,False
1070,6,8/18/2017,"2,163","1,521","1,163",358,False,False,False,False,False,False
1071,7,8/19/2017,"1,304",951,743,208,False,True,False,False,False,False
1072,1,8/20/2017,"1,969","1,419","1,156",263,False,False,True,False,False,False
1073,2,8/21/2017,"2,985","2,069","1,575",494,True,False,False,False,False,False
1074,3,8/22/2017,"3,087","2,259","1,772",487,False,False,False,False,True,False
1075,4,8/23/2017,"3,047","2,147","1,704",443,False,False,False,False,False,True
1076,5,8/24/2017,"2,961","2,026","1,600",426,False,False,False,True,False,False
1077,6,8/25/2017,"2,293","1,589","1,257",332,False,False,False,False,False,False
1078,7,8/26/2017,"1,261",934,751,183,False,True,False,False,False,False
1079,1,8/27/2017,"1,676","1,211",983,228,False,False,True,False,False,False
1080,2,8/28/2017,"1,786","1,287","1,005",282,True,False,False,False,False,False
1081,3,8/29/2017,"3,252","2,310","1,845",465,False,False,False,False,True,False
1082,4,8/30/2017,"3,082","2,179","1,741",438,False,False,False,False,False,True
1083,5,8/31/2017,"2,721","1,963","1,579",384,False,False,False,True,False,False
1084,6,9/1/2017,"2,217","1,583","1,235",348,False,False,False,False,False,False
1085,7,9/2/2017,"1,271",908,730,178,False,True,False,False,False,False
1086,1,9/3/2017,"1,742","1,197",958,239,False,False,True,False,False,False
1087,2,9/4/2017,"2,293","1,704","1,380",324,True,False,False,False,False,False
1088,3,9/5/2017,"3,155","2,289","1,818",471,False,False,False,False,True,False
1089,4,9/6/2017,"3,159","2,320","1,882",438,False,False,False,False,False,True
1090,5,9/7/2017,"3,054","2,243","1,777",466,False,False,False,True,False,False
1091,6,9/8/2017,"2,440","1,848","1,488",360,False,False,False,False,False,False
1092,7,9/9/2017,"1,532","1,108",924,184,False,True,False,False,False,False
1093,1,9/10/2017,"2,247","1,657","1,366",291,False,False,True,False,False,False
1094,2,9/11/2017,"3,570","2,496","2,033",463,True,False,False,False,False,False
1095,3,9/12/2017,"3,524","2,540","2,075",465,False,False,False,False,True,False
1096,4,9/13/2017,"3,471","2,473","2,040",433,False,False,False,False,False,True
1097,5,9/14/2017,"3,303","2,415","1,974",441,False,False,False,True,False,False
1098,6,9/15/2017,"2,560","1,867","1,519",348,False,False,False,False,False,False
1099,7,9/16/2017,"1,470","1,090",912,178,False,True,False,False,False,False
1100,1,9/17/2017,"2,234","1,715","1,446",269,False,False,True,False,False,False
1101,2,9/18/2017,"3,504","2,596","2,123",473,True,False,False,False,False,False
1102,3,9/19/2017,"3,984","2,840","2,382",458,False,False,False,False,True,False
1103,4,9/20/2017,"3,746","2,660","2,188",472,False,False,False,False,False,True
1104,5,9/21/2017,"3,524","2,667","2,143",524,False,False,False,True,False,False
1105,6,9/22/2017,"2,639","1,944","1,591",353,False,False,False,False,False,False
1106,7,9/23/2017,"1,523","1,178",975,203,False,True,False,False,False,False
1107,1,9/24/2017,"2,425","1,809","1,521",288,False,False,True,False,False,False
1108,2,9/25/2017,"3,671","2,705","2,202",503,True,False,False,False,False,False
1109,3,9/26/2017,"3,669","2,780","2,306",474,False,False,False,False,True,False
1110,4,9/27/2017,"3,537","2,657","2,211",446,False,False,False,False,False,True
1111,5,9/28/2017,"3,413","2,507","2,048",459,False,False,False,True,False,False
1112,6,9/29/2017,"2,699","1,902","1,554",348,False,False,False,False,False,False
1113,7,9/30/2017,"1,829","1,289","1,058",231,False,True,False,False,False,False
1114,1,10/1/2017,"2,379","1,812","1,507",305,False,False,True,False,False,False
1115,2,10/2/2017,"3,637","2,669","2,221",448,True,False,False,False,False,False
1116,3,10/3/2017,"3,775","2,787","2,253",534,False,False,False,False,True,False
1117,4,10/4/2017,"3,572","2,731","2,245",486,False,False,False,False,False,True
1118,5,10/5/2017,"3,605","2,695","2,230",465,False,False,False,True,False,False
1119,6,10/6/2017,"2,774","2,078","1,670",408,False,False,False,False,False,False
1120,7,10/7/2017,"1,780","1,354","1,106",248,False,True,False,False,False,False
1121,1,10/8/2017,"2,469","1,884","1,571",313,False,False,True,False,False,False
1122,2,10/9/2017,"3,881","2,869","2,348",521,True,False,False,False,False,False
1123,3,10/10/2017,"3,767","2,785","2,296",489,False,False,False,False,True,False
1124,4,10/11/2017,"4,082","2,924","2,335",589,False,False,False,False,False,True
1125,5,10/12/2017,"4,047","2,768","2,240",528,False,False,False,True,False,False
1126,6,10/13/2017,"2,877","2,114","1,706",408,False,False,False,False,False,False
1127,7,10/14/2017,"2,073","1,559","1,298",261,False,True,False,False,False,False
1128,1,10/15/2017,"2,759","2,066","1,739",327,False,False,True,False,False,False
1129,2,10/16/2017,"3,817","2,880","2,344",536,True,False,False,False,False,False
1130,3,10/17/2017,"3,949","2,930","2,402",528,False,False,False,False,True,False
1131,4,10/18/2017,"3,867","2,896","2,395",501,False,False,False,False,False,True
1132,5,10/19/2017,"3,621","2,582","2,119",463,False,False,False,True,False,False
1133,6,10/20/2017,"2,978","2,220","1,772",448,False,False,False,False,False,False
1134,7,10/21/2017,"1,992","1,434","1,158",276,False,True,False,False,False,False
1135,1,10/22/2017,"2,851","2,142","1,779",363,False,False,True,False,False,False
1136,2,10/23/2017,"4,390","3,177","2,651",526,True,False,False,False,False,False
1137,3,10/24/2017,"3,886","2,938","2,406",532,False,False,False,False,True,False
1138,4,10/25/2017,"3,424","2,477","2,017",460,False,False,False,False,False,True
1139,5,10/26/2017,"4,207","3,087","2,561",526,False,False,False,True,False,False
1140,6,10/27/2017,"3,345","2,478","1,984",494,False,False,False,False,False,False
1141,7,10/28/2017,"2,128","1,567","1,277",290,False,True,False,False,False,False
1142,1,10/29/2017,"2,205","1,637","1,319",318,False,False,True,False,False,False
1143,2,10/30/2017,"4,091","2,999","2,453",546,True,False,False,False,False,False
1144,3,10/31/2017,"4,223","3,143","2,555",588,False,False,False,False,True,False
1145,4,11/1/2017,"4,361","3,147","2,554",593,False,False,False,False,False,True
1146,5,11/2/2017,"4,263","3,103","2,513",590,False,False,False,True,False,False
1147,6,11/3/2017,"3,341","2,397","1,903",494,False,False,False,False,False,False
1148,7,11/4/2017,"2,278","1,634","1,307",327,False,True,False,False,False,False
1149,1,11/5/2017,"3,097","2,299","1,888",411,False,False,True,False,False,False
1150,2,11/6/2017,"4,185","3,113","2,538",575,True,False,False,False,False,False
1151,3,11/7/2017,"4,477","3,341","2,689",652,False,False,False,False,True,False
1152,4,11/8/2017,"4,354","3,227","2,579",648,False,False,False,False,False,True
1153,5,11/9/2017,"4,194","3,005","2,401",604,False,False,False,True,False,False
1154,6,11/10/2017,"3,240","2,319","1,833",486,False,False,False,False,False,False
1155,7,11/11/2017,"2,424","1,613","1,283",330,False,True,False,False,False,False
1156,1,11/12/2017,"3,168","2,309","1,853",456,False,False,True,False,False,False
1157,2,11/13/2017,"4,709","3,433","2,784",649,True,False,False,False,False,False
1158,3,11/14/2017,"4,634","3,373","2,727",646,False,False,False,False,True,False
1159,4,11/15/2017,"4,545","3,345","2,681",664,False,False,False,False,False,True
1160,5,11/16/2017,"4,532","3,332","2,693",639,False,False,False,True,False,False
1161,6,11/17/2017,"3,317","2,508","2,018",490,False,False,False,False,False,False
1162,7,11/18/2017,"2,449","1,741","1,386",355,False,True,False,False,False,False
1163,1,11/19/2017,"2,893","2,231","1,780",451,False,False,True,False,False,False
1164,2,11/20/2017,"4,170","3,135","2,555",580,True,False,False,False,False,False
1165,3,11/21/2017,"4,277","3,026","2,419",607,False,False,False,False,True,False
1166,4,11/22/2017,"3,588","2,625","2,078",547,False,False,False,False,False,True
1167,5,11/23/2017,"3,141","2,237","1,760",477,False,False,False,True,False,False
1168,6,11/24/2017,"2,658","1,843","1,429",414,False,False,False,False,False,False
1169,7,11/25/2017,"2,391","1,652","1,327",325,False,True,False,False,False,False
1170,1,11/26/2017,"3,202","2,354","1,901",453,False,False,True,False,False,False
1171,2,11/27/2017,"4,349","3,251","2,601",650,True,False,False,False,False,False
1172,3,11/28/2017,"4,886","3,660","2,968",692,False,False,False,False,True,False
1173,4,11/29/2017,"4,555","3,484","2,824",660,False,False,False,False,False,True
1174,5,11/30/2017,"4,477","3,134","2,530",604,False,False,False,True,False,False
1175,6,12/1/2017,"3,577","2,603","2,056",547,False,False,False,False,False,False
1176,7,12/2/2017,"2,430","1,827","1,461",366,False,True,False,False,False,False
1177,1,12/3/2017,"3,449","2,504","2,006",498,False,False,True,False,False,False
1178,2,12/4/2017,"4,955","3,673","3,019",654,True,False,False,False,False,False
1179,3,12/5/2017,"4,475","3,435","2,775",660,False,False,False,False,True,False
1180,4,12/6/2017,"4,595","3,452","2,766",686,False,False,False,False,False,True
1181,5,12/7/2017,"4,451","3,199","2,563",636,False,False,False,True,False,False
1182,6,12/8/2017,"3,418","2,549","2,037",512,False,False,False,False,False,False
1183,7,12/9/2017,"2,605","1,944","1,572",372,False,True,False,False,False,False
1184,1,12/10/2017,"3,483","2,607","2,102",505,False,False,True,False,False,False
1185,2,12/11/2017,"4,651","3,350","2,656",694,True,False,False,False,False,False
1186,3,12/12/2017,"4,029","3,011","2,351",660,False,False,False,False,True,False
1187,4,12/13/2017,"4,282","3,205","2,609",596,False,False,False,False,False,True
1188,5,12/14/2017,"4,138","2,930","2,315",615,False,False,False,True,False,False
1189,6,12/15/2017,"4,130","2,803","2,211",592,False,False,False,False,False,False
1190,7,12/16/2017,"2,581","1,761","1,429",332,False,True,False,False,False,False
1191,1,12/17/2017,"3,355","2,300","1,876",424,False,False,True,False,False,False
1192,2,12/18/2017,"4,482","3,109","2,491",618,True,False,False,False,False,False
1193,3,12/19/2017,"4,584","3,021","2,456",565,False,False,False,False,True,False
1194,4,12/20/2017,"4,106","2,661","2,133",528,False,False,False,False,False,True
1195,5,12/21/2017,"3,378","2,243","1,798",445,False,False,False,True,False,False
1196,6,12/22/2017,"2,446","1,544","1,211",333,False,False,False,False,False,False
1197,7,12/23/2017,"1,447",958,753,205,False,True,False,False,False,False
1198,1,12/24/2017,"1,326",895,696,199,False,False,True,False,False,False
1199,2,12/25/2017,"1,609","1,015",809,206,True,False,False,False,False,False
1200,3,12/26/2017,"2,481","1,438","1,105",333,False,False,False,False,True,False
1201,4,12/27/2017,"2,798","1,740","1,350",390,False,False,False,False,False,True
1202,5,12/28/2017,"2,809","1,797","1,425",372,False,False,False,True,False,False
1203,6,12/29/2017,"2,216","1,410","1,083",327,False,False,False,False,False,False
1204,7,12/30/2017,"1,546","1,071",839,232,False,True,False,False,False,False
1205,1,12/31/2017,"1,339",923,724,199,False,False,True,False,False,False
1206,2,1/1/2018,"1,709","1,120",878,242,True,False,False,False,False,False
1207,3,1/2/2018,"3,389","2,208","1,755",453,False,False,False,False,True,False
1208,4,1/3/2018,"3,391","2,282","1,827",455,False,False,False,False,False,True
1209,5,1/4/2018,"3,698","2,310","1,878",432,False,False,False,True,False,False
1210,6,1/5/2018,"3,511","2,272","1,801",471,False,False,False,False,False,False
1211,7,1/6/2018,"2,279","1,498","1,196",302,False,True,False,False,False,False
1212,1,1/7/2018,"2,822","1,869","1,495",374,False,False,True,False,False,False
1213,2,1/8/2018,"4,240","2,784","2,186",598,True,False,False,False,False,False
1214,3,1/9/2018,"4,319","2,844","2,302",542,False,False,False,False,True,False
1215,4,1/10/2018,"4,224","2,866","2,304",562,False,False,False,False,False,True
1216,5,1/11/2018,"3,797","2,704","2,203",501,False,False,False,True,False,False
1217,6,1/12/2018,"3,190","2,127","1,692",435,False,False,False,False,False,False
1218,7,1/13/2018,"1,998","1,373","1,128",245,False,True,False,False,False,False
1219,1,1/14/2018,"2,515","1,711","1,393",318,False,False,True,False,False,False
1220,2,1/15/2018,"3,950","2,612","2,065",547,True,False,False,False,False,False
1221,3,1/16/2018,"4,033","2,631","2,133",498,False,False,False,False,True,False
1222,4,1/17/2018,"4,269","2,812","2,285",527,False,False,False,False,False,True
1223,5,1/18/2018,"4,124","2,677","2,157",520,False,False,False,True,False,False
1224,6,1/19/2018,"3,228","2,198","1,763",435,False,False,False,False,False,False
1225,7,1/20/2018,"2,287","1,423","1,160",263,False,True,False,False,False,False
1226,1,1/21/2018,"2,946","1,996","1,628",368,False,False,True,False,False,False
1227,2,1/22/2018,"4,608","3,035","2,534",501,True,False,False,False,False,False
1228,3,1/23/2018,"4,786","3,154","2,566",588,False,False,False,False,True,False
1229,4,1/24/2018,"4,724","3,244","2,680",564,False,False,False,False,False,True
1230,5,1/25/2018,"4,417","2,875","2,348",527,False,False,False,True,False,False
1231,6,1/26/2018,"3,580","2,314","1,825",489,False,False,False,False,False,False
1232,7,1/27/2018,"2,345","1,544","1,229",315,False,True,False,False,False,False
1233,1,1/28/2018,"3,170","2,140","1,776",364,False,False,True,False,False,False
1234,2,1/29/2018,"4,862","3,194","2,573",621,True,False,False,False,False,False
1235,3,1/30/2018,"4,600","3,106","2,504",602,False,False,False,False,True,False
1236,4,1/31/2018,"4,705","3,249","2,704",545,False,False,False,False,False,True
1237,5,2/1/2018,"4,723","3,164","2,571",593,False,False,False,True,False,False
1238,6,2/2/2018,"3,969","2,572","2,104",468,False,False,False,False,False,False
1239,7,2/3/2018,"2,994","2,034","1,702",332,False,True,False,False,False,False
1240,1,2/4/2018,"3,162","2,186","1,811",375,False,False,True,False,False,False
1241,2,2/5/2018,"4,949","3,287","2,735",552,True,False,False,False,False,False
1242,3,2/6/2018,"5,092","3,465","2,838",627,False,False,False,False,True,False
1243,4,2/7/2018,"4,767","3,319","2,729",590,False,False,False,False,False,True
1244,5,2/8/2018,"4,625","3,179","2,603",576,False,False,False,True,False,False
1245,6,2/9/2018,"3,738","2,477","2,015",462,False,False,False,False,False,False
1246,7,2/10/2018,"2,739","1,793","1,477",316,False,True,False,False,False,False
1247,1,2/11/2018,"3,923","2,476","2,077",399,False,False,True,False,False,False
1248,2,2/12/2018,"5,341","3,687","3,045",642,True,False,False,False,False,False
1249,3,2/13/2018,"5,114","3,460","2,836",624,False,False,False,False,True,False
1250,4,2/14/2018,"4,896","3,214","2,568",646,False,False,False,False,False,True
1251,5,2/15/2018,"4,502","3,050","2,507",543,False,False,False,True,False,False
1252,6,2/16/2018,"3,729","2,518","2,012",506,False,False,False,False,False,False
1253,7,2/17/2018,"2,388","1,618","1,319",299,False,True,False,False,False,False
1254,1,2/18/2018,"3,405","2,314","1,928",386,False,False,True,False,False,False
1255,2,2/19/2018,"5,176","3,620","2,971",649,True,False,False,False,False,False
1256,3,2/20/2018,"5,429","3,597","2,978",619,False,False,False,False,True,False
1257,4,2/21/2018,"5,120","3,448","2,869",579,False,False,False,False,False,True
1258,5,2/22/2018,"4,993","3,379","2,774",605,False,False,False,True,False,False
1259,6,2/23/2018,"4,148","2,751","2,221",530,False,False,False,False,False,False
1260,7,2/24/2018,"2,763","1,981","1,648",333,False,True,False,False,False,False
1261,1,2/25/2018,"3,599","2,446","2,011",435,False,False,True,False,False,False
1262,2,2/26/2018,"5,542","3,728","3,052",676,True,False,False,False,False,False
1263,3,2/27/2018,"5,378","3,764","3,123",641,False,False,False,False,True,False
1264,4,2/28/2018,"5,536","3,734","3,095",639,False,False,False,False,False,True
1265,5,3/1/2018,"4,984","3,315","2,713",602,False,False,False,True,False,False
1266,6,3/2/2018,"4,130","2,754","2,231",523,False,False,False,False,False,False
1267,7,3/3/2018,"2,818","1,922","1,579",343,False,True,False,False,False,False
1268,1,3/4/2018,"3,978","2,699","2,249",450,False,False,True,False,False,False
1269,2,3/5/2018,"5,502","3,727","3,019",708,True,False,False,False,False,False
1270,3,3/6/2018,"5,740","3,842","3,160",682,False,False,False,False,True,False
1271,4,3/7/2018,"5,635","3,734","3,037",697,False,False,False,False,False,True
1272,5,3/8/2018,"5,375","3,704","3,044",660,False,False,False,True,False,False
1273,6,3/9/2018,"4,273","3,038","2,490",548,False,False,False,False,False,False
1274,7,3/10/2018,"3,223","2,305","1,918",387,False,True,False,False,False,False
1275,1,3/11/2018,"3,956","2,727","2,288",439,False,False,True,False,False,False
1276,2,3/12/2018,"5,895","4,141","3,447",694,True,False,False,False,False,False
1277,3,3/13/2018,"6,152","4,207","3,398",809,False,False,False,False,True,False
1278,4,3/14/2018,"5,906","4,021","3,305",716,False,False,False,False,False,True
1279,5,3/15/2018,"6,300","4,061","3,279",782,False,False,False,True,False,False
1280,6,3/16/2018,"4,915","3,259","2,673",586,False,False,False,False,False,False
1281,7,3/17/2018,"3,218","2,161","1,818",343,False,True,False,False,False,False
1282,1,3/18/2018,"4,429","2,919","2,435",484,False,False,True,False,False,False
1283,2,3/19/2018,"5,739","4,038","3,316",722,True,False,False,False,False,False
1284,3,3/20/2018,"6,220","4,292","3,553",739,False,False,False,False,True,False
1285,4,3/21/2018,"6,238","4,163","3,396",767,False,False,False,False,False,True
1286,5,3/22/2018,"6,226","4,251","3,595",656,False,False,False,True,False,False
1287,6,3/23/2018,"4,364","2,994","2,457",537,False,False,False,False,False,False
1288,7,3/24/2018,"2,882","2,021","1,682",339,False,True,False,False,False,False
1289,1,3/25/2018,"4,010","2,748","2,263",485,False,False,True,False,False,False
1290,2,3/26/2018,"6,084","3,995","3,289",706,True,False,False,False,False,False
1291,3,3/27/2018,"5,874","4,147","3,446",701,False,False,False,False,True,False
1292,4,3/28/2018,"5,719","3,917","3,288",629,False,False,False,False,False,True
1293,5,3/29/2018,"5,003","3,396","2,812",584,False,False,False,True,False,False
1294,6,3/30/2018,"3,605","2,541","2,062",479,False,False,False,False,False,False
1295,7,3/31/2018,"2,811","1,901","1,512",389,False,True,False,False,False,False
1296,1,4/1/2018,"3,567","2,438","1,956",482,False,False,True,False,False,False
1297,2,4/2/2018,"5,237","3,542","2,875",667,True,False,False,False,False,False
1298,3,4/3/2018,"6,154","4,126","3,438",688,False,False,False,False,True,False
1299,4,4/4/2018,"5,895","4,112","3,418",694,False,False,False,False,False,True
1300,5,4/5/2018,"5,858","3,943","3,232",711,False,False,False,True,False,False
1301,6,4/6/2018,"5,034","3,348","2,749",599,False,False,False,False,False,False
1302,7,4/7/2018,"3,613","2,291","1,840",451,False,True,False,False,False,False
1303,1,4/8/2018,"4,389","3,059","2,530",529,False,False,True,False,False,False
1304,2,4/9/2018,"6,278","4,290","3,546",744,True,False,False,False,False,False
1305,3,4/10/2018,"6,836","4,514","3,747",767,False,False,False,False,True,False
1306,4,4/11/2018,"6,731","4,596","3,759",837,False,False,False,False,False,True
1307,5,4/12/2018,"6,287","4,332","3,563",769,False,False,False,True,False,False
1308,6,4/13/2018,"5,089","3,454","2,850",604,False,False,False,False,False,False
1309,7,4/14/2018,"3,812","2,542","2,094",448,False,True,False,False,False,False
1310,1,4/15/2018,"5,290","3,538","2,914",624,False,False,True,False,False,False
1311,2,4/16/2018,"7,161","4,993","4,188",805,True,False,False,False,False,False
1312,3,4/17/2018,"7,352","4,939","4,058",881,False,False,False,False,True,False
1313,4,4/18/2018,"7,218","4,842","4,001",841,False,False,False,False,False,True
1314,5,4/19/2018,"7,040","4,672","3,895",777,False,False,False,True,False,False
1315,6,4/20/2018,"5,367","3,728","3,029",699,False,False,False,False,False,False
1316,7,4/21/2018,"4,021","2,749","2,253",496,False,True,False,False,False,False
1317,1,4/22/2018,"5,397","3,722","3,059",663,False,False,True,False,False,False
1318,2,4/23/2018,"7,605","5,124","4,216",908,True,False,False,False,False,False
1319,3,4/24/2018,"7,614","5,094","4,181",913,False,False,False,False,True,False
1320,4,4/25/2018,"7,984","5,541","4,616",925,False,False,False,False,False,True
1321,5,4/26/2018,"7,040","4,823","3,957",866,False,False,False,True,False,False
1322,6,4/27/2018,"5,628","3,749","3,095",654,False,False,False,False,False,False
1323,7,4/28/2018,"3,926","2,618","2,141",477,False,True,False,False,False,False
1324,1,4/29/2018,"5,479","3,635","3,057",578,False,False,True,False,False,False
1325,2,4/30/2018,"6,670","4,584","3,784",800,True,False,False,False,False,False
1326,3,5/1/2018,"6,783","4,542","3,742",800,False,False,False,False,True,False
1327,4,5/2/2018,"7,105","4,865","4,013",852,False,False,False,False,False,True
1328,5,5/3/2018,"6,877","4,702","3,854",848,False,False,False,True,False,False
1329,6,5/4/2018,"5,460","3,711","3,039",672,False,False,False,False,False,False
1330,7,5/5/2018,"3,648","2,568","2,058",510,False,True,False,False,False,False
1331,1,5/6/2018,"4,917","3,311","2,737",574,False,False,True,False,False,False
1332,2,5/7/2018,"6,980","4,654","3,881",773,True,False,False,False,False,False
1333,3,5/8/2018,"6,702","4,577","3,700",877,False,False,False,False,True,False
1334,4,5/9/2018,"6,699","4,488","3,581",907,False,False,False,False,False,True
1335,5,5/10/2018,"6,001","4,059","3,265",794,False,False,False,True,False,False
1336,6,5/11/2018,"5,094","3,454","2,766",688,False,False,False,False,False,False
1337,7,5/12/2018,"3,179","2,237","1,821",416,False,True,False,False,False,False
1338,1,5/13/2018,"4,169","2,912","2,413",499,False,False,True,False,False,False
1339,2,5/14/2018,"6,392","4,388","3,637",751,True,False,False,False,False,False
1340,3,5/15/2018,"5,878","4,094","3,384",710,False,False,False,False,True,False
1341,4,5/16/2018,"5,800","3,976","3,266",710,False,False,False,False,False,True
1342,5,5/17/2018,"5,690","4,023","3,254",769,False,False,False,True,False,False
1343,6,5/18/2018,"4,314","2,986","2,400",586,False,False,False,False,False,False
1344,7,5/19/2018,"2,948","2,117","1,735",382,False,True,False,False,False,False
1345,1,5/20/2018,"3,864","2,674","2,155",519,False,False,True,False,False,False
1346,2,5/21/2018,"5,499","3,708","3,005",703,True,False,False,False,False,False
1347,3,5/22/2018,"5,790","4,040","3,269",771,False,False,False,False,True,False
1348,4,5/23/2018,"5,720","3,971","3,206",765,False,False,False,False,False,True
1349,5,5/24/2018,"5,692","3,675","2,965",710,False,False,False,True,False,False
1350,6,5/25/2018,"4,082","2,803","2,188",615,False,False,False,False,False,False
1351,7,5/26/2018,"2,716","1,965","1,597",368,False,True,False,False,False,False
1352,1,5/27/2018,"3,430","2,374","1,887",487,False,False,True,False,False,False
1353,2,5/28/2018,"4,353","2,994","2,392",602,True,False,False,False,False,False
1354,3,5/29/2018,"5,525","3,777","3,112",665,False,False,False,False,True,False
1355,4,5/30/2018,"5,407","3,574","2,908",666,False,False,False,False,False,True
1356,5,5/31/2018,"4,994","3,485","2,792",693,False,False,False,True,False,False
1357,6,6/1/2018,"3,835","2,681","2,172",509,False,False,False,False,False,False
1358,7,6/2/2018,"2,511","1,750","1,423",327,False,True,False,False,False,False
1359,1,6/3/2018,"3,371","2,308","1,891",417,False,False,True,False,False,False
1360,2,6/4/2018,"5,226","3,399","2,741",658,True,False,False,False,False,False
1361,3,6/5/2018,"5,139","3,453","2,811",642,False,False,False,False,True,False
1362,4,6/6/2018,"5,051","3,474","2,828",646,False,False,False,False,False,True
1363,5,6/7/2018,"4,787","3,283","2,685",598,False,False,False,True,False,False
1364,6,6/8/2018,"3,956","2,670","2,107",563,False,False,False,False,False,False
1365,7,6/9/2018,"2,303","1,589","1,278",311,False,True,False,False,False,False
1366,1,6/10/2018,"3,011","2,091","1,717",374,False,False,True,False,False,False
1367,2,6/11/2018,"4,896","3,326","2,714",612,True,False,False,False,False,False
1368,3,6/12/2018,"4,952","3,309","2,624",685,False,False,False,False,True,False
1369,4,6/13/2018,"4,570","3,099","2,439",660,False,False,False,False,False,True
1370,5,6/14/2018,"4,542","2,962","2,377",585,False,False,False,True,False,False
1371,6,6/15/2018,"3,383","2,320","1,847",473,False,False,False,False,False,False
1372,7,6/16/2018,"1,922","1,316","1,061",255,False,True,False,False,False,False
1373,1,6/17/2018,"2,404","1,677","1,361",316,False,False,True,False,False,False
1374,2,6/18/2018,"4,576","2,964","2,313",651,True,False,False,False,False,False
1375,3,6/19/2018,"4,727","3,144","2,519",625,False,False,False,False,True,False
1376,4,6/20/2018,"4,639","2,989","2,370",619,False,False,False,False,False,True
1377,5,6/21/2018,"4,108","2,762","2,154",608,False,False,False,True,False,False
1378,6,6/22/2018,"3,372","2,207","1,744",463,False,False,False,False,False,False
1379,7,6/23/2018,"1,996","1,277",989,288,False,True,False,False,False,False
1380,1,6/24/2018,"2,415","1,619","1,266",353,False,False,True,False,False,False
1381,2,6/25/2018,"4,457","2,881","2,272",609,True,False,False,False,False,False
1382,3,6/26/2018,"4,736","3,039","2,410",629,False,False,False,False,True,False
1383,4,6/27/2018,"4,245","2,818","2,244",574,False,False,False,False,False,True
1384,5,6/28/2018,"4,081","2,785","2,160",625,False,False,False,True,False,False
1385,6,6/29/2018,"3,053","2,008","1,568",440,False,False,False,False,False,False
1386,7,6/30/2018,"1,741","1,147",927,220,False,True,False,False,False,False
1387,1,7/1/2018,"2,186","1,447","1,140",307,False,False,True,False,False,False
1388,2,7/2/2018,"4,026","2,533","1,952",581,True,False,False,False,False,False
1389,3,7/3/2018,"3,961","2,515","1,966",549,False,False,False,False,True,False
1390,4,7/4/2018,"3,019","2,032","1,595",437,False,False,False,False,False,True
1391,5,7/5/2018,"3,743","2,496","1,997",499,False,False,False,True,False,False
1392,6,7/6/2018,"3,050","1,995","1,575",420,False,False,False,False,False,False
1393,7,7/7/2018,"1,688","1,080",857,223,False,True,False,False,False,False
1394,1,7/8/2018,"2,185","1,440","1,145",295,False,False,True,False,False,False
1395,2,7/9/2018,"4,104","2,576","2,016",560,True,False,False,False,False,False
1396,3,7/10/2018,"4,097","2,694","2,059",635,False,False,False,False,True,False
1397,4,7/11/2018,"3,844","2,506","1,895",611,False,False,False,False,False,True
1398,5,7/12/2018,"3,743","2,530","2,001",529,False,False,False,True,False,False
1399,6,7/13/2018,"3,073","2,068","1,581",487,False,False,False,False,False,False
1400,7,7/14/2018,"1,852","1,249",992,257,False,True,False,False,False,False
1401,1,7/15/2018,"2,105","1,474","1,173",301,False,False,True,False,False,False
1402,2,7/16/2018,"4,078","2,657","2,095",562,True,False,False,False,False,False
1403,3,7/17/2018,"4,515","2,856","2,255",601,False,False,False,False,True,False
1404,4,7/18/2018,"4,276","2,779","2,173",606,False,False,False,False,False,True
1405,5,7/19/2018,"4,043","2,705","2,114",591,False,False,False,True,False,False
1406,6,7/20/2018,"3,004","2,028","1,576",452,False,False,False,False,False,False
1407,7,7/21/2018,"1,664","1,177",942,235,False,True,False,False,False,False
1408,1,7/22/2018,"2,248","1,561","1,246",315,False,False,True,False,False,False
1409,2,7/23/2018,"4,062","2,658","2,081",577,True,False,False,False,False,False
1410,3,7/24/2018,"4,053","2,680","2,091",589,False,False,False,False,True,False
1411,4,7/25/2018,"3,628","2,431","1,879",552,False,False,False,False,False,True
1412,5,7/26/2018,"3,596","2,415","1,925",490,False,False,False,True,False,False
1413,6,7/27/2018,"3,140","2,002","1,539",463,False,False,False,False,False,False
1414,7,7/28/2018,"1,938","1,304","1,054",250,False,True,False,False,False,False
1415,1,7/29/2018,"2,460","1,699","1,364",335,False,False,True,False,False,False
1416,2,7/30/2018,"4,175","2,771","2,166",605,True,False,False,False,False,False
1417,3,7/31/2018,"4,113","2,881","2,310",571,False,False,False,False,True,False
1418,4,8/1/2018,"4,273","2,901","2,310",591,False,False,False,False,False,True
1419,5,8/2/2018,"4,194","2,754","2,202",552,False,False,False,True,False,False
1420,6,8/3/2018,"3,405","2,345","1,833",512,False,False,False,False,False,False
1421,7,8/4/2018,"1,800","1,251","1,025",226,False,True,False,False,False,False
1422,1,8/5/2018,"2,378","1,694","1,388",306,False,False,True,False,False,False
1423,2,8/6/2018,"4,319","2,856","2,233",623,True,False,False,False,False,False
1424,3,8/7/2018,"4,388","2,971","2,375",596,False,False,False,False,True,False
1425,4,8/8/2018,"4,205","2,724","2,118",606,False,False,False,False,False,True
1426,5,8/9/2018,"3,973","2,555","1,998",557,False,False,False,True,False,False
1427,6,8/10/2018,"3,510","2,224","1,777",447,False,False,False,False,False,False
1428,7,8/11/2018,"1,913","1,281","1,012",269,False,True,False,False,False,False
1429,1,8/12/2018,"2,397","1,644","1,284",360,False,False,True,False,False,False
1430,2,8/13/2018,"4,348","2,789","2,224",565,True,False,False,False,False,False
1431,3,8/14/2018,"3,966","2,688","2,127",561,False,False,False,False,True,False
1432,4,8/15/2018,"3,805","2,544","2,035",509,False,False,False,False,False,True
1433,5,8/16/2018,"3,866","2,604","2,074",530,False,False,False,True,False,False
1434,6,8/17/2018,"3,489","2,219","1,737",482,False,False,False,False,False,False
1435,7,8/18/2018,"2,074","1,394","1,108",286,False,True,False,False,False,False
1436,1,8/19/2018,"2,519","1,687","1,318",369,False,False,True,False,False,False
1437,2,8/20/2018,"4,202","2,734","2,128",606,True,False,False,False,False,False
1438,3,8/21/2018,"4,023","2,711","2,147",564,False,False,False,False,True,False
1439,4,8/22/2018,"4,048","2,685","2,121",564,False,False,False,False,False,True
1440,5,8/23/2018,"4,150","2,860","2,249",611,False,False,False,True,False,False
1441,6,8/24/2018,"3,154","2,199","1,742",457,False,False,False,False,False,False
1442,7,8/25/2018,"2,143","1,317","1,012",305,False,True,False,False,False,False
1443,1,8/26/2018,"2,576","1,705","1,372",333,False,False,True,False,False,False
1444,2,8/27/2018,"4,317","2,954","2,367",587,True,False,False,False,False,False
1445,3,8/28/2018,"4,421","3,023","2,427",596,False,False,False,False,True,False
1446,4,8/29/2018,"4,563","3,019","2,395",624,False,False,False,False,False,True
1447,5,8/30/2018,"4,055","2,798","2,265",533,False,False,False,True,False,False
1448,6,8/31/2018,"3,427","2,305","1,815",490,False,False,False,False,False,False
1449,7,9/1/2018,"1,731","1,241",989,252,False,True,False,False,False,False
1450,1,9/2/2018,"2,258","1,641","1,293",348,False,False,True,False,False,False
1451,2,9/3/2018,"3,655","2,499","2,032",467,True,False,False,False,False,False
1452,3,9/4/2018,"4,456","2,995","2,435",560,False,False,False,False,True,False
1453,4,9/5/2018,"4,566","3,042","2,456",586,False,False,False,False,False,True
1454,5,9/6/2018,"4,314","3,049","2,508",541,False,False,False,True,False,False
1455,6,9/7/2018,"3,557","2,349","1,890",459,False,False,False,False,False,False
1456,7,9/8/2018,"2,281","1,548","1,255",293,False,True,False,False,False,False
1457,1,9/9/2018,"3,346","2,255","1,906",349,False,False,True,False,False,False
1458,2,9/10/2018,"4,711","3,200","2,600",600,True,False,False,False,False,False
1459,3,9/11/2018,"4,709","3,134","2,595",539,False,False,False,False,True,False
1460,4,9/12/2018,"4,379","3,032","2,464",568,False,False,False,False,False,True
1461,5,9/13/2018,"4,357","2,870","2,325",545,False,False,False,True,False,False
1462,6,9/14/2018,"3,560","2,396","1,907",489,False,False,False,False,False,False
1463,7,9/15/2018,"2,049","1,488","1,244",244,False,True,False,False,False,False
1464,1,9/16/2018,"2,813","1,934","1,614",320,False,False,True,False,False,False
1465,2,9/17/2018,"5,064","3,241","2,621",620,True,False,False,False,False,False
1466,3,9/18/2018,"5,006","3,221","2,595",626,False,False,False,False,True,False
1467,4,9/19/2018,"4,949","3,282","2,708",574,False,False,False,False,False,True
1468,5,9/20/2018,"4,695","3,165","2,573",592,False,False,False,True,False,False
1469,6,9/21/2018,"3,516","2,383","1,933",450,False,False,False,False,False,False
1470,7,9/22/2018,"2,460","1,704","1,374",330,False,True,False,False,False,False
1471,1,9/23/2018,"2,994","2,127","1,733",394,False,False,True,False,False,False
1472,2,9/24/2018,"4,688","3,273","2,679",594,True,False,False,False,False,False
1473,3,9/25/2018,"4,924","3,481","2,885",596,False,False,False,False,True,False
1474,4,9/26/2018,"5,209","3,546","2,936",610,False,False,False,False,False,True
1475,5,9/27/2018,"5,966","4,029","3,385",644,False,False,False,True,False,False
1476,6,9/28/2018,"4,740","3,171","2,643",528,False,False,False,False,False,False
1477,7,9/29/2018,"2,715","1,870","1,618",252,False,True,False,False,False,False
1478,1,9/30/2018,"3,739","2,573","2,194",379,False,False,True,False,False,False
1479,2,10/1/2018,"5,841","3,982","3,331",651,True,False,False,False,False,False
1480,3,10/2/2018,"5,881","4,096","3,514",582,False,False,False,False,True,False
1481,4,10/3/2018,"5,540","3,863","3,249",614,False,False,False,False,False,True
1482,5,10/4/2018,"5,636","3,894","3,306",588,False,False,False,True,False,False
1483,6,10/5/2018,"4,479","3,120","2,638",482,False,False,False,False,False,False
1484,7,10/6/2018,"3,076","2,094","1,750",344,False,True,False,False,False,False
1485,1,10/7/2018,"3,973","2,865","2,457",408,False,False,True,False,False,False
1486,2,10/8/2018,"6,045","4,310","3,659",651,True,False,False,False,False,False
1487,3,10/9/2018,"6,126","4,173","3,522",651,False,False,False,False,True,False
1488,4,10/10/2018,"6,084","4,319","3,616",703,False,False,False,False,False,True
1489,5,10/11/2018,"6,154","4,254","3,632",622,False,False,False,True,False,False
1490,6,10/12/2018,"4,868","3,385","2,784",601,False,False,False,False,False,False
1491,7,10/13/2018,"3,409","2,379","2,006",373,False,True,False,False,False,False
1492,1,10/14/2018,"4,722","3,357","2,859",498,False,False,True,False,False,False
1493,2,10/15/2018,"6,555","4,550","3,766",784,True,False,False,False,False,False
1494,3,10/16/2018,"7,079","4,652","3,893",759,False,False,False,False,True,False
1495,4,10/17/2018,"6,691","4,673","3,893",780,False,False,False,False,False,True
1496,5,10/18/2018,"6,522","4,398","3,666",732,False,False,False,True,False,False
1497,6,10/19/2018,"4,922","3,390","2,857",533,False,False,False,False,False,False
1498,7,10/20/2018,"3,409","2,399","1,990",409,False,True,False,False,False,False
1499,1,10/21/2018,"4,483","3,092","2,623",469,False,False,True,False,False,False
1500,2,10/22/2018,"6,666","4,499","3,769",730,True,False,False,False,False,False
1501,3,10/23/2018,"6,991","4,677","3,916",761,False,False,False,False,True,False
1502,4,10/24/2018,"6,871","4,619","3,808",811,False,False,False,False,False,True
1503,5,10/25/2018,"6,357","4,331","3,579",752,False,False,False,True,False,False
1504,6,10/26/2018,"5,114","3,468","2,827",641,False,False,False,False,False,False
1505,7,10/27/2018,"3,456","2,400","2,006",394,False,True,False,False,False,False
1506,1,10/28/2018,"4,924","3,251","2,735",516,False,False,True,False,False,False
1507,2,10/29/2018,"6,837","4,704","3,890",814,True,False,False,False,False,False
1508,3,10/30/2018,"6,481","4,547","3,798",749,False,False,False,False,True,False
1509,4,10/31/2018,"6,296","4,316","3,545",771,False,False,False,False,False,True
1510,5,11/1/2018,"6,044","3,988","3,299",689,False,False,False,True,False,False
1511,6,11/2/2018,"4,860","3,326","2,738",588,False,False,False,False,False,False
1512,7,11/3/2018,"3,430","2,289","1,946",343,False,True,False,False,False,False
1513,1,11/4/2018,"4,638","3,236","2,744",492,False,False,True,False,False,False
1514,2,11/5/2018,"6,365","4,329","3,609",720,True,False,False,False,False,False
1515,3,11/6/2018,"6,330","4,291","3,556",735,False,False,False,False,True,False
1516,4,11/7/2018,"5,865","3,937","3,267",670,False,False,False,False,False,True
1517,5,11/8/2018,"5,692","3,938","3,298",640,False,False,False,True,False,False
1518,6,11/9/2018,"5,026","3,533","2,917",616,False,False,False,False,False,False
1519,7,11/10/2018,"3,506","2,428","2,018",410,False,True,False,False,False,False
1520,1,11/11/2018,"4,778","3,265","2,709",556,False,False,True,False,False,False
1521,2,11/12/2018,"6,684","4,592","3,795",797,True,False,False,False,False,False
1522,3,11/13/2018,"6,766","4,720","3,918",802,False,False,False,False,True,False
1523,4,11/14/2018,"6,916","4,674","3,872",802,False,False,False,False,False,True
1524,5,11/15/2018,"6,440","4,379","3,634",745,False,False,False,True,False,False
1525,6,11/16/2018,"5,066","3,497","2,863",634,False,False,False,False,False,False
1526,7,11/17/2018,"3,503","2,489","2,043",446,False,True,False,False,False,False
1527,1,11/18/2018,"4,855","3,321","2,691",630,False,False,True,False,False,False
1528,2,11/19/2018,"6,818","4,601","3,795",806,True,False,False,False,False,False
1529,3,11/20/2018,"6,239","4,424","3,640",784,False,False,False,False,True,False
1530,4,11/21/2018,"5,471","3,904","3,194",710,False,False,False,False,False,True
1531,5,11/22/2018,"4,453","3,186","2,592",594,False,False,False,True,False,False
1532,6,11/23/2018,"4,062","2,892","2,347",545,False,False,False,False,False,False
1533,7,11/24/2018,"3,485","2,445","1,987",458,False,True,False,False,False,False
1534,1,11/25/2018,"4,906","3,371","2,815",556,False,False,True,False,False,False
1535,2,11/26/2018,"7,099","4,871","4,012",859,True,False,False,False,False,False
1536,3,11/27/2018,"7,503","5,181","4,267",914,False,False,False,False,True,False
1537,4,11/28/2018,"7,554","5,227","4,330",897,False,False,False,False,False,True
1538,5,11/29/2018,"7,169","4,944","4,106",838,False,False,False,True,False,False
1539,6,11/30/2018,"5,608","3,895","3,211",684,False,False,False,False,False,False
1540,7,12/1/2018,"4,055","2,800","2,306",494,False,True,False,False,False,False
1541,1,12/2/2018,"5,611","3,906","3,259",647,False,False,True,False,False,False
1542,2,12/3/2018,"7,650","5,378","4,431",947,True,False,False,False,False,False
1543,3,12/4/2018,"7,372","5,225","4,328",897,False,False,False,False,True,False
1544,4,12/5/2018,"7,369","5,166","4,316",850,False,False,False,False,False,True
1545,5,12/6/2018,"7,250","5,093","4,213",880,False,False,False,True,False,False
1546,6,12/7/2018,"5,735","4,032","3,296",736,False,False,False,False,False,False
1547,7,12/8/2018,"4,614","3,240","2,699",541,False,True,False,False,False,False
1548,1,12/9/2018,"5,979","4,062","3,352",710,False,False,True,False,False,False
1549,2,12/10/2018,"7,840","5,421","4,465",956,True,False,False,False,False,False
1550,3,12/11/2018,"7,659","5,267","4,330",937,False,False,False,False,True,False
1551,4,12/12/2018,"7,319","4,983","4,010",973,False,False,False,False,False,True
1552,5,12/13/2018,"6,373","4,452","3,620",832,False,False,False,True,False,False
1553,6,12/14/2018,"4,897","3,404","2,776",628,False,False,False,False,False,False
1554,7,12/15/2018,"3,325","2,209","1,833",376,False,True,False,False,False,False
1555,1,12/16/2018,"3,874","2,671","2,206",465,False,False,True,False,False,False
1556,2,12/17/2018,"5,436","3,791","3,062",729,True,False,False,False,False,False
1557,3,12/18/2018,"5,174","3,562","2,945",617,False,False,False,False,True,False
1558,4,12/19/2018,"4,873","3,255","2,632",623,False,False,False,False,False,True
1559,5,12/20/2018,"3,913","2,716","2,164",552,False,False,False,True,False,False
1560,6,12/21/2018,"2,934","1,979","1,543",436,False,False,False,False,False,False
1561,7,12/22/2018,"1,523","1,074",846,228,False,True,False,False,False,False
1562,1,12/23/2018,"1,859","1,223",997,226,False,False,True,False,False,False
1563,2,12/24/2018,"1,835","1,310","1,019",291,True,False,False,False,False,False
1564,3,12/25/2018,"1,852","1,214",955,259,False,False,False,False,True,False
1565,4,12/26/2018,"2,357","1,594","1,243",351,False,False,False,False,False,True
1566,5,12/27/2018,"2,583","1,783","1,418",365,False,False,False,True,False,False
1567,6,12/28/2018,"2,477","1,613","1,279",334,False,False,False,False,False,False
1568,7,12/29/2018,"1,694","1,197",990,207,False,True,False,False,False,False
1569,1,12/30/2018,"1,985","1,340","1,097",243,False,False,True,False,False,False
1570,2,12/31/2018,"1,723","1,159",874,285,True,False,False,False,False,False
1571,3,1/1/2019,"1,715","1,168",891,277,False,False,False,False,True,False
1572,4,1/2/2019,"3,431","2,361","1,899",462,False,False,False,False,False,True
1573,5,1/3/2019,"4,118","2,793","2,259",534,False,False,False,True,False,False
1574,6,1/4/2019,"3,504","2,373","1,936",437,False,False,False,False,False,False
1575,7,1/5/2019,"2,308","1,609","1,348",261,False,True,False,False,False,False
1576,1,1/6/2019,"2,925","2,046","1,648",398,False,False,True,False,False,False
1577,2,1/7/2019,"4,587","3,100","2,550",550,True,False,False,False,False,False
1578,3,1/8/2019,"4,731","3,182","2,585",597,False,False,False,False,True,False
1579,4,1/9/2019,"4,831","3,245","2,660",585,False,False,False,False,False,True
1580,5,1/10/2019,"4,162","2,836","2,298",538,False,False,False,True,False,False
1581,6,1/11/2019,"3,726","2,476","1,999",477,False,False,False,False,False,False
1582,7,1/12/2019,"2,458","1,722","1,413",309,False,True,False,False,False,False
1583,1,1/13/2019,"3,266","2,264","1,878",386,False,False,True,False,False,False
1584,2,1/14/2019,"5,016","3,348","2,760",588,True,False,False,False,False,False
1585,3,1/15/2019,"4,732","3,320","2,738",582,False,False,False,False,True,False
1586,4,1/16/2019,"4,938","3,447","2,845",602,False,False,False,False,False,True
1587,5,1/17/2019,"5,033","3,516","2,967",549,False,False,False,True,False,False
1588,6,1/18/2019,"4,114","2,731","2,236",495,False,False,False,False,False,False
1589,7,1/19/2019,"2,780","1,929","1,599",330,False,True,False,False,False,False
1590,1,1/20/2019,"4,205","2,367","1,974",393,False,False,True,False,False,False
1591,2,1/21/2019,"4,983","3,391","2,783",608,True,False,False,False,False,False
1592,3,1/22/2019,"5,182","3,674","3,052",622,False,False,False,False,True,False
1593,4,1/23/2019,"5,316","3,856","3,199",657,False,False,False,False,False,True
1594,5,1/24/2019,"5,021","3,462","2,853",609,False,False,False,True,False,False
1595,6,1/25/2019,"4,230","2,882","2,382",500,False,False,False,False,False,False
1596,7,1/26/2019,"2,743","1,882","1,541",341,False,True,False,False,False,False
1597,1,1/27/2019,"3,890","2,622","2,232",390,False,False,True,False,False,False
1598,2,1/28/2019,"5,575","3,925","3,232",693,True,False,False,False,False,False
1599,3,1/29/2019,"5,732","3,866","3,260",606,False,False,False,False,True,False
1600,4,1/30/2019,"5,402","3,759","3,134",625,False,False,False,False,False,True
1601,5,1/31/2019,"5,069","3,597","2,984",613,False,False,False,True,False,False
1602,6,2/1/2019,"4,222","2,923","2,364",559,False,False,False,False,False,False
1603,7,2/2/2019,"2,864","1,902","1,596",306,False,True,False,False,False,False
1604,1,2/3/2019,"3,598","2,447","2,044",403,False,False,True,False,False,False
1605,2,2/4/2019,"5,366","3,767","3,146",621,True,False,False,False,False,False
1606,3,2/5/2019,"5,427","3,757","3,124",633,False,False,False,False,True,False
1607,4,2/6/2019,"5,667","3,759","3,130",629,False,False,False,False,False,True
1608,5,2/7/2019,"5,517","3,763","3,069",694,False,False,False,True,False,False
1609,6,2/8/2019,"4,420","2,943","2,429",514,False,False,False,False,False,False
1610,7,2/9/2019,"3,150","2,274","1,911",363,False,True,False,False,False,False
1611,1,2/10/2019,"4,264","2,962","2,470",492,False,False,True,False,False,False
1612,2,2/11/2019,"6,569","4,276","3,566",710,True,False,False,False,False,False
1613,3,2/12/2019,"6,145","4,092","3,391",701,False,False,False,False,True,False
1614,4,2/13/2019,"5,743","3,932","3,236",696,False,False,False,False,False,True
1615,5,2/14/2019,"5,512","3,762","3,075",687,False,False,False,True,False,False
1616,6,2/15/2019,"4,127","2,952","2,377",575,False,False,False,False,False,False
1617,7,2/16/2019,"3,309","2,195","1,809",386,False,True,False,False,False,False
1618,1,2/17/2019,"3,761","2,669","2,217",452,False,False,True,False,False,False
1619,2,2/18/2019,"5,592","3,912","3,226",686,True,False,False,False,False,False
1620,3,2/19/2019,"6,100","4,322","3,575",747,False,False,False,False,True,False
1621,4,2/20/2019,"6,208","4,265","3,543",722,False,False,False,False,False,True
1622,5,2/21/2019,"5,730","4,071","3,352",719,False,False,False,True,False,False
1623,6,2/22/2019,"4,372","3,073","2,508",565,False,False,False,False,False,False
1624,7,2/23/2019,"3,378","2,259","1,871",388,False,True,False,False,False,False
1625,1,2/24/2019,"4,367","3,012","2,524",488,False,False,True,False,False,False
1626,2,2/25/2019,"6,318","4,424","3,678",746,True,False,False,False,False,False
1627,3,2/26/2019,"6,431","4,304","3,530",774,False,False,False,False,True,False
1628,4,2/27/2019,"5,919","4,205","3,442",763,False,False,False,False,False,True
1629,5,2/28/2019,"5,668","3,966","3,266",700,False,False,False,True,False,False
1630,6,3/1/2019,"4,581","3,178","2,594",584,False,False,False,False,False,False
1631,7,3/2/2019,"3,383","2,263","1,878",385,False,True,False,False,False,False
1632,1,3/3/2019,"4,311","3,005","2,476",529,False,False,True,False,False,False
1633,2,3/4/2019,"6,357","4,214","3,443",771,True,False,False,False,False,False
1634,3,3/5/2019,"6,092","4,092","3,343",749,False,False,False,False,True,False
1635,4,3/6/2019,"5,772","4,070","3,340",730,False,False,False,False,False,True
1636,5,3/7/2019,"5,861","4,064","3,330",734,False,False,False,True,False,False
1637,6,3/8/2019,"4,600","3,147","2,590",557,False,False,False,False,False,False
1638,7,3/9/2019,"3,390","2,218","1,849",369,False,True,False,False,False,False
1639,1,3/10/2019,"4,099","2,898","2,397",501,False,False,True,False,False,False
1640,2,3/11/2019,"6,240","4,320","3,599",721,True,False,False,False,False,False
1641,3,3/12/2019,"5,871","4,127","3,375",752,False,False,False,False,True,False
1642,4,3/13/2019,"6,381","4,506","3,726",780,False,False,False,False,False,True
1643,5,3/14/2019,"5,853","4,043","3,328",715,False,False,False,True,False,False
1644,6,3/15/2019,"4,425","3,116","2,499",617,False,False,False,False,False,False
1645,7,3/16/2019,"2,961","2,099","1,685",414,False,True,False,False,False,False
1646,1,3/17/2019,"4,008","2,744","2,258",486,False,False,True,False,False,False
1647,2,3/18/2019,"5,830","4,040","3,319",721,True,False,False,False,False,False
1648,3,3/19/2019,"6,089","4,164","3,448",716,False,False,False,False,True,False
1649,4,3/20/2019,"5,800","3,946","3,192",754,False,False,False,False,False,True
1650,5,3/21/2019,"5,431","3,761","3,100",661,False,False,False,True,False,False
1651,6,3/22/2019,"4,560","3,071","2,543",528,False,False,False,False,False,False
1652,7,3/23/2019,"3,256","2,254","1,859",395,False,True,False,False,False,False
1653,1,3/24/2019,"4,156","2,858","2,386",472,False,False,True,False,False,False
1654,2,3/25/2019,"6,060","4,232","3,469",763,True,False,False,False,False,False
1655,3,3/26/2019,"6,191","4,344","3,578",766,False,False,False,False,True,False
1656,4,3/27/2019,"6,678","4,612","3,842",770,False,False,False,False,False,True
1657,5,3/28/2019,"6,167","4,086","3,361",725,False,False,False,True,False,False
1658,6,3/29/2019,"4,441","3,147","2,601",546,False,False,False,False,False,False
1659,7,3/30/2019,"3,243","2,325","1,949",376,False,True,False,False,False,False
1660,1,3/31/2019,"4,260","3,039","2,543",496,False,False,True,False,False,False
1661,2,4/1/2019,"6,078","4,238","3,550",688,True,False,False,False,False,False
1662,3,4/2/2019,"6,824","4,656","3,833",823,False,False,False,False,True,False
1663,4,4/3/2019,"6,621","4,727","3,942",785,False,False,False,False,False,True
1664,5,4/4/2019,"6,231","4,343","3,647",696,False,False,False,True,False,False
1665,6,4/5/2019,"4,776","3,346","2,719",627,False,False,False,False,False,False
1666,7,4/6/2019,"3,148","2,319","1,924",395,False,True,False,False,False,False
1667,1,4/7/2019,"4,357","3,050","2,511",539,False,False,True,False,False,False
1668,2,4/8/2019,"6,794","4,738","3,960",778,True,False,False,False,False,False
1669,3,4/9/2019,"6,688","4,505","3,736",769,False,False,False,False,True,False
1670,4,4/10/2019,"6,570","4,448","3,646",802,False,False,False,False,False,True
1671,5,4/11/2019,"6,113","4,264","3,504",760,False,False,False,True,False,False
1672,6,4/12/2019,"4,856","3,336","2,726",610,False,False,False,False,False,False
1673,7,4/13/2019,"3,401","2,409","2,011",398,False,True,False,False,False,False
1674,1,4/14/2019,"4,551","3,197","2,600",597,False,False,True,False,False,False
1675,2,4/15/2019,"6,614","4,773","3,967",806,True,False,False,False,False,False
1676,3,4/16/2019,"7,019","4,837","4,037",800,False,False,False,False,True,False
1677,4,4/17/2019,"6,643","4,470","3,681",789,False,False,False,False,False,True
1678,5,4/18/2019,"5,398","3,825","3,133",692,False,False,False,True,False,False
1679,6,4/19/2019,"4,323","2,981","2,482",499,False,False,False,False,False,False
1680,7,4/20/2019,"3,546","2,442","2,020",422,False,True,False,False,False,False
1681,1,4/21/2019,"4,312","3,045","2,534",511,False,False,True,False,False,False
1682,2,4/22/2019,"6,363","4,520","3,729",791,True,False,False,False,False,False
1683,3,4/23/2019,"6,797","4,968","4,147",821,False,False,False,False,True,False
1684,4,4/24/2019,"7,144","5,002","4,136",866,False,False,False,False,False,True
1685,5,4/25/2019,"6,555","4,621","3,804",817,False,False,False,True,False,False
1686,6,4/26/2019,"5,400","3,780","3,089",691,False,False,False,False,False,False
1687,7,4/27/2019,"3,710","2,465","2,038",427,False,True,False,False,False,False
1688,1,4/28/2019,"4,788","3,294","2,728",566,False,False,True,False,False,False
1689,2,4/29/2019,"6,232","4,340","3,578",762,True,False,False,False,False,False
1690,3,4/30/2019,"6,093","4,264","3,440",824,False,False,False,False,True,False
1691,4,5/1/2019,"6,117","4,275","3,556",719,False,False,False,False,False,True
1692,5,5/2/2019,"6,274","4,153","3,433",720,False,False,False,True,False,False
1693,6,5/3/2019,"4,774","3,370","2,763",607,False,False,False,False,False,False
1694,7,5/4/2019,"3,437","2,462","1,999",463,False,True,False,False,False,False
1695,1,5/5/2019,"4,330","3,009","2,457",552,False,False,True,False,False,False
1696,2,5/6/2019,"5,902","4,164","3,402",762,True,False,False,False,False,False
1697,3,5/7/2019,"6,064","4,258","3,469",789,False,False,False,False,True,False
1698,4,5/8/2019,"5,709","4,049","3,310",739,False,False,False,False,False,True
1699,5,5/9/2019,"5,596","3,944","3,275",669,False,False,False,True,False,False
1700,6,5/10/2019,"4,498","3,144","2,494",650,False,False,False,False,False,False
1701,7,5/11/2019,"3,258","2,119","1,702",417,False,True,False,False,False,False
1702,1,5/12/2019,"3,571","2,565","2,070",495,False,False,True,False,False,False
1703,2,5/13/2019,"5,677","3,908","3,136",772,True,False,False,False,False,False
1704,3,5/14/2019,"5,534","3,669","2,977",692,False,False,False,False,True,False
1705,4,5/15/2019,"5,391","3,667","2,989",678,False,False,False,False,False,True
1706,5,5/16/2019,"5,043","3,577","2,953",624,False,False,False,True,False,False
1707,6,5/17/2019,"3,993","2,795","2,254",541,False,False,False,False,False,False
1708,7,5/18/2019,"2,565","1,876","1,545",331,False,True,False,False,False,False
1709,1,5/19/2019,"3,369","2,364","1,954",410,False,False,True,False,False,False
1710,2,5/20/2019,"4,993","3,442","2,806",636,True,False,False,False,False,False
1711,3,5/21/2019,"4,728","3,406","2,813",593,False,False,False,False,True,False
1712,4,5/22/2019,"4,963","3,431","2,772",659,False,False,False,False,False,True
1713,5,5/23/2019,"4,637","3,243","2,698",545,False,False,False,True,False,False
1714,6,5/24/2019,"3,694","2,559","2,070",489,False,False,False,False,False,False
1715,7,5/25/2019,"2,460","1,658","1,347",311,False,True,False,False,False,False
1716,1,5/26/2019,"3,006","2,064","1,693",371,False,False,True,False,False,False
1717,2,5/27/2019,"3,992","2,780","2,271",509,True,False,False,False,False,False
1718,3,5/28/2019,"4,960","3,403","2,767",636,False,False,False,False,True,False
1719,4,5/29/2019,"4,376","3,115","2,562",553,False,False,False,False,False,True
1720,5,5/30/2019,"4,143","2,896","2,353",543,False,False,False,True,False,False
1721,6,5/31/2019,"3,359","2,363","1,909",454,False,False,False,False,False,False
1722,7,6/1/2019,"2,218","1,474","1,221",253,False,True,False,False,False,False
1723,1,6/2/2019,"2,768","1,845","1,516",329,False,False,True,False,False,False
1724,2,6/3/2019,"3,967","2,831","2,295",536,True,False,False,False,False,False
1725,3,6/4/2019,"4,501","3,008","2,426",582,False,False,False,False,True,False
1726,4,6/5/2019,"3,973","2,727","2,233",494,False,False,False,False,False,True
1727,5,6/6/2019,"4,259","2,871","2,312",559,False,False,False,True,False,False
1728,6,6/7/2019,"3,181","2,313","1,869",444,False,False,False,False,False,False
1729,7,6/8/2019,"2,170","1,583","1,324",259,False,True,False,False,False,False
1730,1,6/9/2019,"2,810","1,930","1,586",344,False,False,True,False,False,False
1731,2,6/10/2019,"4,420","3,030","2,463",567,True,False,False,False,False,False
1732,3,6/11/2019,"4,793","3,258","2,664",594,False,False,False,False,True,False
1733,4,6/12/2019,"4,410","3,064","2,479",585,False,False,False,False,False,True
1734,5,6/13/2019,"4,076","2,844","2,280",564,False,False,False,True,False,False
1735,6,6/14/2019,"3,287","2,265","1,789",476,False,False,False,False,False,False
1736,7,6/15/2019,"2,176","1,467","1,201",266,False,True,False,False,False,False
1737,1,6/16/2019,"2,516","1,747","1,419",328,False,False,True,False,False,False
1738,2,6/17/2019,"4,142","2,925","2,398",527,True,False,False,False,False,False
1739,3,6/18/2019,"4,225","3,013","2,461",552,False,False,False,False,True,False
1740,4,6/19/2019,"4,162","2,882","2,351",531,False,False,False,False,False,True
1741,5,6/20/2019,"3,716","2,615","2,137",478,False,False,False,True,False,False
1742,6,6/21/2019,"3,333","2,275","1,853",422,False,False,False,False,False,False
1743,7,6/22/2019,"1,918","1,360","1,118",242,False,True,False,False,False,False
1744,1,6/23/2019,"2,344","1,621","1,317",304,False,False,True,False,False,False
1745,2,6/24/2019,"3,691","2,591","2,149",442,True,False,False,False,False,False
1746,3,6/25/2019,"4,035","2,770","2,247",523,False,False,False,False,True,False
1747,4,6/26/2019,"3,939","2,675","2,186",489,False,False,False,False,False,True
1748,5,6/27/2019,"3,738","2,671","2,197",474,False,False,False,True,False,False
1749,6,6/28/2019,"2,846","2,021","1,657",364,False,False,False,False,False,False
1750,7,6/29/2019,"1,733","1,199",983,216,False,True,False,False,False,False
1751,1,6/30/2019,"2,184","1,494","1,240",254,False,False,True,False,False,False
1752,2,7/1/2019,"3,512","2,485","2,001",484,True,False,False,False,False,False
1753,3,7/2/2019,"3,675","2,636","2,163",473,False,False,False,False,True,False
1754,4,7/3/2019,"3,831","2,579","2,144",435,False,False,False,False,False,True
1755,5,7/4/2019,"2,801","1,971","1,648",323,False,False,False,True,False,False
1756,6,7/5/2019,"2,552","1,790","1,446",344,False,False,False,False,False,False
1757,7,7/6/2019,"1,950","1,291","1,110",181,False,True,False,False,False,False
1758,1,7/7/2019,"2,110","1,477","1,209",268,False,False,True,False,False,False
1759,2,7/8/2019,"4,303","2,903","2,383",520,True,False,False,False,False,False
1760,3,7/9/2019,"3,883","2,799","2,335",464,False,False,False,False,True,False
1761,4,7/10/2019,"4,244","2,907","2,347",560,False,False,False,False,False,True
1762,5,7/11/2019,"3,765","2,669","2,150",519,False,False,False,True,False,False
1763,6,7/12/2019,"3,286","2,276","1,816",460,False,False,False,False,False,False
1764,7,7/13/2019,"1,851","1,305","1,063",242,False,True,False,False,False,False
1765,1,7/14/2019,"2,580","1,754","1,433",321,False,False,True,False,False,False
1766,2,7/15/2019,"4,140","2,911","2,382",529,True,False,False,False,False,False
1767,3,7/16/2019,"4,076","2,785","2,285",500,False,False,False,False,True,False
1768,4,7/17/2019,"4,141","2,900","2,360",540,False,False,False,False,False,True
1769,5,7/18/2019,"3,898","2,774","2,249",525,False,False,False,True,False,False
1770,6,7/19/2019,"3,027","2,078","1,641",437,False,False,False,False,False,False
1771,7,7/20/2019,"1,831","1,271","1,033",238,False,True,False,False,False,False
1772,1,7/21/2019,"2,282","1,617","1,356",261,False,False,True,False,False,False
1773,2,7/22/2019,"4,138","2,890","2,376",514,True,False,False,False,False,False
1774,3,7/23/2019,"4,049","2,868","2,344",524,False,False,False,False,True,False
1775,4,7/24/2019,"4,272","2,963","2,359",604,False,False,False,False,False,True
1776,5,7/25/2019,"4,089","2,755","2,210",545,False,False,False,True,False,False
1777,6,7/26/2019,"3,277","2,264","1,842",422,False,False,False,False,False,False
1778,7,7/27/2019,"1,954","1,308","1,069",239,False,True,False,False,False,False
1779,1,7/28/2019,"2,111","1,509","1,239",270,False,False,True,False,False,False
1780,2,7/29/2019,"3,625","2,539","2,053",486,True,False,False,False,False,False
1781,3,7/30/2019,"4,415","2,906","2,386",520,False,False,False,False,True,False
1782,4,7/31/2019,"3,854","2,743","2,260",483,False,False,False,False,False,True
1783,5,8/1/2019,"4,114","2,771","2,262",509,False,False,False,True,False,False
1784,6,8/2/2019,"3,492","2,280","1,874",406,False,False,False,False,False,False
1785,7,8/3/2019,"1,849","1,312","1,096",216,False,True,False,False,False,False
1786,1,8/4/2019,"2,239","1,630","1,347",283,False,False,True,False,False,False
1787,2,8/5/2019,"3,976","2,664","2,191",473,True,False,False,False,False,False
1788,3,8/6/2019,"4,061","2,833","2,284",549,False,False,False,False,True,False
1789,4,8/7/2019,"3,702","2,675","2,215",460,False,False,False,False,False,True
1790,5,8/8/2019,"3,622","2,553","2,112",441,False,False,False,True,False,False
1791,6,8/9/2019,"3,039","2,033","1,660",373,False,False,False,False,False,False
1792,7,8/10/2019,"1,848","1,265","1,049",216,False,True,False,False,False,False
1793,1,8/11/2019,"2,082","1,502","1,242",260,False,False,True,False,False,False
1794,2,8/12/2019,"3,807","2,574","2,121",453,True,False,False,False,False,False
1795,3,8/13/2019,"3,993","2,667","2,215",452,False,False,False,False,True,False
1796,4,8/14/2019,"3,567","2,517","2,087",430,False,False,False,False,False,True
1797,5,8/15/2019,"3,484","2,450","2,046",404,False,False,False,True,False,False
1798,6,8/16/2019,"2,994","2,022","1,663",359,False,False,False,False,False,False
1799,7,8/17/2019,"1,793","1,276","1,074",202,False,True,False,False,False,False
1800,1,8/18/2019,"2,422","1,721","1,477",244,False,False,True,False,False,False
1801,2,8/19/2019,"4,070","2,847","2,371",476,True,False,False,False,False,False
1802,3,8/20/2019,"3,987","2,800","2,293",507,False,False,False,False,True,False
1803,4,8/21/2019,"3,355","2,407","1,963",444,False,False,False,False,False,True
1804,5,8/22/2019,"2,925","1,959","1,627",332,False,False,False,True,False,False
1805,6,8/23/2019,"3,010","2,143","1,769",374,False,False,False,False,False,False
1806,7,8/24/2019,"1,896","1,380","1,151",229,False,True,False,False,False,False
1807,1,8/25/2019,"2,501","1,791","1,497",294,False,False,True,False,False,False
1808,2,8/26/2019,"3,851","2,714","2,257",457,True,False,False,False,False,False
1809,3,8/27/2019,"4,403","3,075","2,622",453,False,False,False,False,True,False
1810,4,8/28/2019,"4,627","3,125","2,623",502,False,False,False,False,False,True
1811,5,8/29/2019,"4,221","2,982","2,477",505,False,False,False,True,False,False
1812,6,8/30/2019,"3,025","2,102","1,727",375,False,False,False,False,False,False
1813,7,8/31/2019,"1,998","1,386","1,179",207,False,True,False,False,False,False
1814,1,9/1/2019,"2,297","1,645","1,414",231,False,False,True,False,False,False
1815,2,9/2/2019,"3,192","2,272","1,910",362,True,False,False,False,False,False
1816,3,9/3/2019,"4,087","2,921","2,434",487,False,False,False,False,True,False
1817,4,9/4/2019,"4,787","3,348","2,842",506,False,False,False,False,False,True
1818,5,9/5/2019,"4,483","3,078","2,570",508,False,False,False,True,False,False
1819,6,9/6/2019,"3,571","2,483","2,095",388,False,False,False,False,False,False
1820,7,9/7/2019,"2,263","1,566","1,343",223,False,True,False,False,False,False
1821,1,9/8/2019,"2,948","2,118","1,827",291,False,False,True,False,False,False
1822,2,9/9/2019,"4,521","3,287","2,785",502,True,False,False,False,False,False
1823,3,9/10/2019,"4,563","3,251","2,758",493,False,False,False,False,True,False
1824,4,9/11/2019,"4,598","3,365","2,901",464,False,False,False,False,False,True
1825,5,9/12/2019,"4,603","3,356","2,868",488,False,False,False,True,False,False
1826,6,9/13/2019,"3,349","2,508","2,121",387,False,False,False,False,False,False
1827,7,9/14/2019,"2,437","1,716","1,451",265,False,True,False,False,False,False
1828,1,9/15/2019,"3,188","2,367","2,082",285,False,False,True,False,False,False
1829,2,9/16/2019,"5,291","3,839","3,280",559,True,False,False,False,False,False
1830,3,9/17/2019,"5,477","3,815","3,273",542,False,False,False,False,True,False
1831,4,9/18/2019,"5,257","3,726","3,222",504,False,False,False,False,False,True
1832,5,9/19/2019,"5,000","3,500","3,028",472,False,False,False,True,False,False
1833,6,9/20/2019,"3,890","2,822","2,407",415,False,False,False,False,False,False
1834,7,9/21/2019,"2,654","1,994","1,739",255,False,True,False,False,False,False
1835,1,9/22/2019,"3,656","2,640","2,328",312,False,False,True,False,False,False
1836,2,9/23/2019,"5,223","3,804","3,291",513,True,False,False,False,False,False
1837,3,9/24/2019,"5,276","3,826","3,287",539,False,False,False,False,True,False
1838,4,9/25/2019,"5,476","3,838","3,306",532,False,False,False,False,False,True
1839,5,9/26/2019,"5,196","3,718","3,208",510,False,False,False,True,False,False
1840,6,9/27/2019,"4,052","2,863","2,448",415,False,False,False,False,False,False
1841,7,9/28/2019,"2,635","1,945","1,696",249,False,True,False,False,False,False
1842,1,9/29/2019,"4,076","2,895","2,541",354,False,False,True,False,False,False
1843,2,9/30/2019,"5,167","3,754","3,216",538,True,False,False,False,False,False
1844,3,10/1/2019,"4,972","3,634","3,082",552,False,False,False,False,True,False
1845,4,10/2/2019,"5,143","3,683","3,209",474,False,False,False,False,False,True
1846,5,10/3/2019,"4,753","3,454","2,941",513,False,False,False,True,False,False
1847,6,10/4/2019,"3,795","2,854","2,440",414,False,False,False,False,False,False
1848,7,10/5/2019,"2,920","2,118","1,827",291,False,True,False,False,False,False
1849,1,10/6/2019,"3,950","2,850","2,471",379,False,False,True,False,False,False
1850,2,10/7/2019,"5,493","3,929","3,432",497,True,False,False,False,False,False
1851,3,10/8/2019,"5,652","4,186","3,705",481,False,False,False,False,True,False
1852,4,10/9/2019,"5,617","3,936","3,388",548,False,False,False,False,False,True
1853,5,10/10/2019,"5,234","3,802","3,261",541,False,False,False,True,False,False
1854,6,10/11/2019,"4,118","3,147","2,674",473,False,False,False,False,False,False
1855,7,10/12/2019,"2,863","2,111","1,803",308,False,True,False,False,False,False
1856,1,10/13/2019,"4,032","3,013","2,645",368,False,False,True,False,False,False
1857,2,10/14/2019,"5,476","4,022","3,466",556,True,False,False,False,False,False
1858,3,10/15/2019,"5,542","4,117","3,572",545,False,False,False,False,True,False
1859,4,10/16/2019,"5,340","3,966","3,403",563,False,False,False,False,False,True
1860,5,10/17/2019,"5,388","3,905","3,333",572,False,False,False,True,False,False
1861,6,10/18/2019,"4,309","3,097","2,675",422,False,False,False,False,False,False
1862,7,10/19/2019,"3,117","2,223","1,897",326,False,True,False,False,False,False
1863,1,10/20/2019,"4,234","3,081","2,679",402,False,False,True,False,False,False
1864,2,10/21/2019,"5,698","4,144","3,507",637,True,False,False,False,False,False
1865,3,10/22/2019,"5,721","4,132","3,536",596,False,False,False,False,True,False
1866,4,10/23/2019,"6,018","4,446","3,823",623,False,False,False,False,False,True
1867,5,10/24/2019,"5,563","3,995","3,397",598,False,False,False,True,False,False
1868,6,10/25/2019,"4,159","2,961","2,461",500,False,False,False,False,False,False
1869,7,10/26/2019,"2,732","2,057","1,753",304,False,True,False,False,False,False
1870,1,10/27/2019,"3,901","2,854","2,460",394,False,False,True,False,False,False
1871,2,10/28/2019,"5,749","4,120","3,529",591,True,False,False,False,False,False
1872,3,10/29/2019,"5,821","4,140","3,576",564,False,False,False,False,True,False
1873,4,10/30/2019,"5,647","4,059","3,452",607,False,False,False,False,False,True
1874,5,10/31/2019,"5,219","3,689","3,180",509,False,False,False,True,False,False
1875,6,11/1/2019,"4,054","3,010","2,604",406,False,False,False,False,False,False
1876,7,11/2/2019,"2,815","2,170","1,889",281,False,True,False,False,False,False
1877,1,11/3/2019,"4,253","3,063","2,603",460,False,False,True,False,False,False
1878,2,11/4/2019,"5,816","4,184","3,640",544,True,False,False,False,False,False
1879,3,11/5/2019,"5,843","4,176","3,549",627,False,False,False,False,True,False
1880,4,11/6/2019,"6,058","4,351","3,672",679,False,False,False,False,False,True
1881,5,11/7/2019,"6,291","4,489","3,810",679,False,False,False,True,False,False
1882,6,11/8/2019,"4,604","3,357","2,839",518,False,False,False,False,False,False
1883,7,11/9/2019,"3,354","2,337","2,000",337,False,True,False,False,False,False
1884,1,11/10/2019,"4,190","3,075","2,634",441,False,False,True,False,False,False
1885,2,11/11/2019,"5,931","4,194","3,573",621,True,False,False,False,False,False
1886,3,11/12/2019,"6,443","4,589","3,877",712,False,False,False,False,True,False
1887,4,11/13/2019,"5,805","4,275","3,572",703,False,False,False,False,False,True
1888,5,11/14/2019,"5,753","4,172","3,569",603,False,False,False,True,False,False
1889,6,11/15/2019,"4,709","3,452","2,927",525,False,False,False,False,False,False
1890,7,11/16/2019,"3,418","2,506","2,136",370,False,True,False,False,False,False
1891,1,11/17/2019,"4,821","3,387","2,872",515,False,False,True,False,False,False
1892,2,11/18/2019,"6,444","4,699","3,985",714,True,False,False,False,False,False
1893,3,11/19/2019,"6,607","4,772","4,119",653,False,False,False,False,True,False
1894,4,11/20/2019,"6,726","4,781","4,115",666,False,False,False,False,False,True
1895,5,11/21/2019,"6,334","4,462","3,840",622,False,False,False,True,False,False
1896,6,11/22/2019,"4,575","3,214","2,724",490,False,False,False,False,False,False
1897,7,11/23/2019,"3,414","2,474","2,118",356,False,True,False,False,False,False
1898,1,11/24/2019,"4,535","3,242","2,787",455,False,False,True,False,False,False
1899,2,11/25/2019,"5,970","4,467","3,836",631,True,False,False,False,False,False
1900,3,11/26/2019,"5,630","4,115","3,522",593,False,False,False,False,True,False
1901,4,11/27/2019,"5,384","3,823","3,225",598,False,False,False,False,False,True
1902,5,11/28/2019,"4,201","3,223","2,747",476,False,False,False,True,False,False
1903,6,11/29/2019,"3,799","2,947","2,504",443,False,False,False,False,False,False
1904,7,11/30/2019,"3,301","2,443","2,053",390,False,True,False,False,False,False
1905,1,12/1/2019,"4,420","3,308","2,849",459,False,False,True,False,False,False
1906,2,12/2/2019,"6,384","4,674","4,031",643,True,False,False,False,False,False
1907,3,12/3/2019,"6,964","4,975","4,285",690,False,False,False,False,True,False
1908,4,12/4/2019,"6,957","4,959","4,252",707,False,False,False,False,False,True
1909,5,12/5/2019,"6,350","4,671","3,989",682,False,False,False,True,False,False
1910,6,12/6/2019,"5,324","3,796","3,258",538,False,False,False,False,False,False
1911,7,12/7/2019,"3,795","2,760","2,362",398,False,True,False,False,False,False
1912,1,12/8/2019,"5,013","3,636","3,159",477,False,False,True,False,False,False
1913,2,12/9/2019,"7,005","5,250","4,569",681,True,False,False,False,False,False
1914,3,12/10/2019,"6,606","4,791","4,131",660,False,False,False,False,True,False
1915,4,12/11/2019,"6,686","4,902","4,240",662,False,False,False,False,False,True
1916,5,12/12/2019,"6,163","4,533","3,871",662,False,False,False,True,False,False
1917,6,12/13/2019,"4,581","3,272","2,801",471,False,False,False,False,False,False
1918,7,12/14/2019,"2,930","2,240","1,958",282,False,True,False,False,False,False
1919,1,12/15/2019,"3,585","2,672","2,280",392,False,False,True,False,False,False
1920,2,12/16/2019,"4,925","3,653","3,128",525,True,False,False,False,False,False
1921,3,12/17/2019,"4,743","3,441","2,895",546,False,False,False,False,True,False
1922,4,12/18/2019,"4,716","3,390","2,918",472,False,False,False,False,False,True
1923,5,12/19/2019,"3,793","2,821","2,381",440,False,False,False,True,False,False
1924,6,12/20/2019,"2,688","1,906","1,583",323,False,False,False,False,False,False
1925,7,12/21/2019,"1,682","1,177","1,020",157,False,True,False,False,False,False
1926,1,12/22/2019,"1,880","1,411","1,190",221,False,False,True,False,False,False
1927,2,12/23/2019,"2,451","1,738","1,442",296,True,False,False,False,False,False
1928,3,12/24/2019,"1,644","1,197",977,220,False,False,False,False,True,False
1929,4,12/25/2019,"1,483","1,027",851,176,False,False,False,False,False,True
1930,5,12/26/2019,"1,864","1,355","1,102",253,False,False,False,True,False,False
1931,6,12/27/2019,"1,927","1,319","1,109",210,False,False,False,False,False,False
1932,7,12/28/2019,"1,679","1,219","1,019",200,False,True,False,False,False,False
1933,1,12/29/2019,"1,962","1,299","1,111",188,False,False,True,False,False,False
1934,2,12/30/2019,"2,469","1,762","1,479",283,True,False,False,False,False,False
1935,3,12/31/2019,"1,750","1,192","1,005",187,False,False,False,False,True,False
1936,4,1/1/2020,"1,554","1,105",870,235,False,False,False,False,False,True
1937,5,1/2/2020,"2,820","2,083","1,754",329,False,False,False,True,False,False
1938,6,1/3/2020,"2,970","2,180","1,859",321,False,False,False,False,False,False
1939,7,1/4/2020,"2,111","1,526","1,300",226,False,True,False,False,False,False
1940,1,1/5/2020,"2,393","1,788","1,514",274,False,False,True,False,False,False
1941,2,1/6/2020,"3,704","2,770","2,341",429,True,False,False,False,False,False
1942,3,1/7/2020,"3,760","2,915","2,492",423,False,False,False,False,True,False
1943,4,1/8/2020,"3,698","2,844","2,402",442,False,False,False,False,False,True
1944,5,1/9/2020,"4,243","3,374","2,910",464,False,False,False,True,False,False
1945,6,1/10/2020,"3,177","2,415","2,043",372,False,False,False,False,False,False
1946,7,1/11/2020,"2,361","1,834","1,581",253,False,True,False,False,False,False
1947,1,1/12/2020,"2,762","2,238","1,961",277,False,False,True,False,False,False
1948,2,1/13/2020,"4,298","3,242","2,727",515,True,False,False,False,False,False
1949,3,1/14/2020,"3,838","2,884","2,450",434,False,False,False,False,True,False
1950,4,1/15/2020,"3,754","2,864","2,470",394,False,False,False,False,False,True
1951,5,1/16/2020,"3,817","2,951","2,510",441,False,False,False,True,False,False
1952,6,1/17/2020,"3,175","2,419","2,006",413,False,False,False,False,False,False
1953,7,1/18/2020,"2,336","1,927","1,681",246,False,True,False,False,False,False
1954,1,1/19/2020,"2,597","2,031","1,717",314,False,False,True,False,False,False
1955,2,1/20/2020,"3,715","2,948","2,505",443,True,False,False,False,False,False
1956,3,1/21/2020,"4,459","3,501","3,017",484,False,False,False,False,True,False
1957,4,1/22/2020,"4,483","3,552","3,079",473,False,False,False,False,False,True
1958,5,1/23/2020,"4,225","3,295","2,805",490,False,False,False,True,False,False
1959,6,1/24/2020,"3,111","2,484","2,131",353,False,False,False,False,False,False
1960,7,1/25/2020,"2,353","1,784","1,535",249,False,True,False,False,False,False
1961,1,1/26/2020,"3,198","2,520","2,213",307,False,False,True,False,False,False
1962,2,1/27/2020,"4,432","3,539","3,058",481,True,False,False,False,False,False
1963,3,1/28/2020,"4,664","3,654","3,148",506,False,False,False,False,True,False
1964,4,1/29/2020,"4,471","3,544","3,025",519,False,False,False,False,False,True
1965,5,1/30/2020,"4,486","3,499","3,031",468,False,False,False,True,False,False
1966,6,1/31/2020,"3,527","2,704","2,304",400,False,False,False,False,False,False
1967,7,2/1/2020,"2,514","1,995","1,728",267,False,True,False,False,False,False
1968,1,2/2/2020,"2,993","2,409","2,106",303,False,False,True,False,False,False
1969,2,2/3/2020,"4,728","3,694","3,174",520,True,False,False,False,False,False
1970,3,2/4/2020,"4,883","3,982","3,472",510,False,False,False,False,True,False
1971,4,2/5/2020,"5,071","4,061","3,528",533,False,False,False,False,False,True
1972,5,2/6/2020,"4,638","3,715","3,217",498,False,False,False,True,False,False
1973,6,2/7/2020,"3,757","2,942","2,512",430,False,False,False,False,False,False
1974,7,2/8/2020,"2,761","2,193","1,890",303,False,True,False,False,False,False
1975,1,2/9/2020,"3,423","2,849","2,498",351,False,False,True,False,False,False
1976,2,2/10/2020,"5,066","4,016","3,464",552,True,False,False,False,False,False
1977,3,2/11/2020,"4,928","4,045","3,499",546,False,False,False,False,True,False
1978,4,2/12/2020,"4,996","4,019","3,497",522,False,False,False,False,False,True
1979,5,2/13/2020,"5,004","3,823","3,188",635,False,False,False,True,False,False
1980,6,2/14/2020,"3,675","2,949","2,529",420,False,False,False,False,False,False
1981,7,2/15/2020,"2,556","2,024","1,757",267,False,True,False,False,False,False
1982,1,2/16/2020,"3,732","2,808","2,361",447,False,False,True,False,False,False
1983,2,2/17/2020,"4,958","3,951","3,382",569,True,False,False,False,False,False
1984,3,2/18/2020,"4,869","3,806","3,273",533,False,False,False,False,True,False
1985,4,2/19/2020,"5,224","4,042","3,495",547,False,False,False,False,False,True
1986,5,2/20/2020,"4,890","3,748","3,212",536,False,False,False,True,False,False
1987,6,2/21/2020,"3,678","2,914","2,528",386,False,False,False,False,False,False
1988,7,2/22/2020,"2,456","2,025","1,759",266,False,True,False,False,False,False
1989,1,2/23/2020,"3,444","2,708","2,387",321,False,False,True,False,False,False
1990,2,2/24/2020,"5,000","3,974","3,390",584,True,False,False,False,False,False
1991,3,2/25/2020,"5,496","4,210","3,601",609,False,False,False,False,True,False
1992,4,2/26/2020,"5,059","4,014","3,468",546,False,False,False,False,False,True
1993,5,2/27/2020,"4,813","3,759","3,247",512,False,False,False,True,False,False
1994,6,2/28/2020,"3,810","3,052","2,569",483,False,False,False,False,False,False
1995,7,2/29/2020,"2,682","2,169","1,858",311,False,True,False,False,False,False
1996,1,3/1/2020,"3,332","2,754","2,379",375,False,False,True,False,False,False
1997,2,3/2/2020,"4,872","3,801","3,264",537,True,False,False,False,False,False
1998,3,3/3/2020,"5,097","3,956","3,452",504,False,False,False,False,True,False
1999,4,3/4/2020,"4,714","3,591","3,118",473,False,False,False,False,False,True
2000,5,3/5/2020,"5,048","3,994","3,428",566,False,False,False,True,False,False
2001,6,3/6/2020,"3,698","2,843","2,386",457,False,False,False,False,False,False
2002,7,3/7/2020,"2,670","2,095","1,798",297,False,True,False,False,False,False
2003,1,3/8/2020,"3,416","2,743","2,362",381,False,False,True,False,False,False
2004,2,3/9/2020,"4,731","3,830","3,269",561,True,False,False,False,False,False
2005,3,3/10/2020,"4,820","3,718","3,169",549,False,False,False,False,True,False
2006,4,3/11/2020,"4,813","3,711","3,182",529,False,False,False,False,False,True
2007,5,3/12/2020,"4,393","3,508","2,952",556,False,False,False,True,False,False
2008,6,3/13/2020,"3,316","2,613","2,172",441,False,False,False,False,False,False
2009,7,3/14/2020,"2,416","1,888","1,569",319,False,True,False,False,False,False
2010,1,3/15/2020,"2,934","2,251","1,937",314,False,False,True,False,False,False
2011,2,3/16/2020,"2,732","2,157","1,809",348,True,False,False,False,False,False
2012,3,3/17/2020,"3,805","3,007","2,525",482,False,False,False,False,True,False
2013,4,3/18/2020,"3,748","2,976","2,508",468,False,False,False,False,False,True
2014,5,3/19/2020,"3,678","2,883","2,471",412,False,False,False,True,False,False
2015,6,3/20/2020,"3,322","2,647","2,239",408,False,False,False,False,False,False
2016,7,3/21/2020,"2,701","2,049","1,749",300,False,True,False,False,False,False
2017,1,3/22/2020,"3,263","2,469","2,120",349,False,False,True,False,False,False
2018,2,3/23/2020,"4,105","3,166","2,690",476,True,False,False,False,False,False
2019,3,3/24/2020,"4,156","3,247","2,766",481,False,False,False,False,True,False
2020,4,3/25/2020,"4,153","3,367","2,878",489,False,False,False,False,False,True
2021,5,3/26/2020,"4,256","3,394","2,944",450,False,False,False,True,False,False
2022,6,3/27/2020,"3,818","3,002","2,588",414,False,False,False,False,False,False
2023,7,3/28/2020,"3,045","2,438","2,103",335,False,True,False,False,False,False
2024,1,3/29/2020,"4,079","3,047","2,603",444,False,False,True,False,False,False
2025,2,3/30/2020,"4,899","3,852","3,280",572,True,False,False,False,False,False
2026,3,3/31/2020,"4,943","3,822","3,310",512,False,False,False,False,True,False
2027,4,4/1/2020,"4,907","3,799","3,317",482,False,False,False,False,False,True
2028,5,4/2/2020,"4,933","3,838","3,305",533,False,False,False,True,False,False
2029,6,4/3/2020,"4,665","3,498","2,975",523,False,False,False,False,False,False
2030,7,4/4/2020,"3,366","2,536","2,175",361,False,True,False,False,False,False
2031,1,4/5/2020,"3,976","3,045","2,644",401,False,False,True,False,False,False
2032,2,4/6/2020,"4,981","3,921","3,351",570,True,False,False,False,False,False
2033,3,4/7/2020,"5,331","4,144","3,552",592,False,False,False,False,True,False
2034,4,4/8/2020,"5,331","4,203","3,656",547,False,False,False,False,False,True
2035,5,4/9/2020,"5,063","3,982","3,426",556,False,False,False,True,False,False
2036,6,4/10/2020,"4,252","3,354","2,869",485,False,False,False,False,False,False
2037,7,4/11/2020,"3,656","2,712","2,279",433,False,True,False,False,False,False
2038,1,4/12/2020,"4,152","3,125","2,666",459,False,False,True,False,False,False
2039,2,4/13/2020,"5,089","3,922","3,379",543,True,False,False,False,False,False
2040,3,4/14/2020,"5,491","4,314","3,721",593,False,False,False,False,True,False
2041,4,4/15/2020,"5,665","4,424","3,754",670,False,False,False,False,False,True
2042,5,4/16/2020,"5,423","4,203","3,592",611,False,False,False,True,False,False
2043,6,4/17/2020,"4,688","3,682","3,146",536,False,False,False,False,False,False
2044,7,4/18/2020,"4,055","3,007","2,521",486,False,True,False,False,False,False
2045,1,4/19/2020,"4,830","3,671","3,057",614,False,False,True,False,False,False
2046,2,4/20/2020,"5,908","4,517","3,869",648,True,False,False,False,False,False
2047,3,4/21/2020,"5,633","4,377","3,722",655,False,False,False,False,True,False
2048,4,4/22/2020,"5,786","4,520","3,856",664,False,False,False,False,False,True
2049,5,4/23/2020,"5,967","4,758","4,074",684,False,False,False,True,False,False
2050,6,4/24/2020,"4,937","3,879","3,319",560,False,False,False,False,False,False
2051,7,4/25/2020,"4,327","3,284","2,814",470,False,True,False,False,False,False
2052,1,4/26/2020,"5,086","3,964","3,393",571,False,False,True,False,False,False
2053,2,4/27/2020,"6,038","4,771","4,054",717,True,False,False,False,False,False
2054,3,4/28/2020,"6,324","4,920","4,210",710,False,False,False,False,True,False
2055,4,4/29/2020,"6,062","4,735","4,006",729,False,False,False,False,False,True
2056,5,4/30/2020,"5,520","4,375","3,776",599,False,False,False,True,False,False
2057,6,5/1/2020,"4,670","3,621","3,068",553,False,False,False,False,False,False
2058,7,5/2/2020,"4,171","3,145","2,683",462,False,True,False,False,False,False
2059,1,5/3/2020,"4,716","3,648","3,067",581,False,False,True,False,False,False
2060,2,5/4/2020,"5,939","4,567","3,882",685,True,False,False,False,False,False
2061,3,5/5/2020,"6,361","4,900","4,169",731,False,False,False,False,True,False
2062,4,5/6/2020,"6,659","5,322","4,580",742,False,False,False,False,False,True
2063,5,5/7/2020,"6,264","4,857","4,067",790,False,False,False,True,False,False
2064,6,5/8/2020,"5,359","4,202","3,592",610,False,False,False,False,False,False
2065,7,5/9/2020,"4,593","3,452","2,932",520,False,True,False,False,False,False
2066,1,5/10/2020,"5,092","3,917","3,338",579,False,False,True,False,False,False
2067,2,5/11/2020,"6,563","5,112","4,278",834,True,False,False,False,False,False
2068,3,5/12/2020,"6,124","4,775","4,028",747,False,False,False,False,True,False
2069,4,5/13/2020,"5,817","4,596","3,886",710,False,False,False,False,False,True
2070,5,5/14/2020,"6,057","4,583","3,937",646,False,False,False,True,False,False
2071,6,5/15/2020,"4,958","3,829","3,183",646,False,False,False,False,False,False
2072,7,5/16/2020,"3,651","2,827","2,384",443,False,True,False,False,False,False
2073,1,5/17/2020,"4,248","3,291","2,737",554,False,False,True,False,False,False
2074,2,5/18/2020,"5,624","4,231","3,588",643,True,False,False,False,False,False
2075,3,5/19/2020,"5,595","4,300","3,666",634,False,False,False,False,True,False
2076,4,5/20/2020,"5,213","4,106","3,466",640,False,False,False,False,False,True
2077,5,5/21/2020,"5,156","3,990","3,372",618,False,False,False,True,False,False
2078,6,5/22/2020,"4,350","3,343","2,816",527,False,False,False,False,False,False
2079,7,5/23/2020,"3,446","2,696","2,291",405,False,True,False,False,False,False
2080,1,5/24/2020,"3,945","2,969","2,479",490,False,False,True,False,False,False
2081,2,5/25/2020,"4,639","3,610","3,054",556,True,False,False,False,False,False
2082,3,5/26/2020,"5,224","4,069","3,416",653,False,False,False,False,True,False
2083,4,5/27/2020,"5,242","4,105","3,474",631,False,False,False,False,False,True
2084,5,5/28/2020,"4,939","3,966","3,371",595,False,False,False,True,False,False
2085,6,5/29/2020,"4,387","3,486","2,949",537,False,False,False,False,False,False
2086,7,5/30/2020,"3,327","2,583","2,189",394,False,True,False,False,False,False
2087,1,5/31/2020,"3,692","2,919","2,482",437,False,False,True,False,False,False
2088,2,6/1/2020,"4,734","3,707","3,133",574,True,False,False,False,False,False
2089,3,6/2/2020,"4,727","3,690","3,057",633,False,False,False,False,True,False
2090,4,6/3/2020,"4,994","3,869","3,239",630,False,False,False,False,False,True
2091,5,6/4/2020,"4,767","3,733","3,156",577,False,False,False,True,False,False
2092,6,6/5/2020,"4,124","3,247","2,778",469,False,False,False,False,False,False
2093,7,6/6/2020,"3,230","2,425","2,045",380,False,True,False,False,False,False
2094,1,6/7/2020,"3,906","3,049","2,574",475,False,False,True,False,False,False
2095,2,6/8/2020,"4,895","3,787","3,188",599,True,False,False,False,False,False
2096,3,6/9/2020,"4,871","3,644","3,050",594,False,False,False,False,True,False
2097,4,6/10/2020,"4,989","3,857","3,269",588,False,False,False,False,False,True
2098,5,6/11/2020,"4,633","3,560","3,015",545,False,False,False,True,False,False
2099,6,6/12/2020,"4,475","3,292","2,757",535,False,False,False,False,False,False
2100,7,6/13/2020,"2,967","2,304","1,942",362,False,True,False,False,False,False
2101,1,6/14/2020,"3,507","2,684","2,282",402,False,False,True,False,False,False
2102,2,6/15/2020,"4,337","3,348","2,794",554,True,False,False,False,False,False
2103,3,6/16/2020,"4,470","3,461","2,964",497,False,False,False,False,True,False
2104,4,6/17/2020,"4,439","3,450","2,898",552,False,False,False,False,False,True
2105,5,6/18/2020,"4,895","3,677","3,132",545,False,False,False,True,False,False
2106,6,6/19/2020,"3,924","2,911","2,459",452,False,False,False,False,False,False
2107,7,6/20/2020,"2,827","2,190","1,851",339,False,True,False,False,False,False
2108,1,6/21/2020,"3,481","2,668","2,256",412,False,False,True,False,False,False
2109,2,6/22/2020,"4,627","3,493","2,935",558,True,False,False,False,False,False
2110,3,6/23/2020,"4,561","3,493","2,950",543,False,False,False,False,True,False
2111,4,6/24/2020,"4,626","3,521","2,982",539,False,False,False,False,False,True
2112,5,6/25/2020,"4,137","3,215","2,668",547,False,False,False,True,False,False
2113,6,6/26/2020,"3,555","2,675","2,248",427,False,False,False,False,False,False
2114,7,6/27/2020,"2,671","1,999","1,680",319,False,True,False,False,False,False
2115,1,6/28/2020,"3,486","2,635","2,233",402,False,False,True,False,False,False
2116,2,6/29/2020,"4,000","3,119","2,616",503,True,False,False,False,False,False
2117,3,6/30/2020,"3,828","3,013","2,553",460,False,False,False,False,True,False
2118,4,7/1/2020,"3,935","3,049","2,599",450,False,False,False,False,False,True
2119,5,7/2/2020,"3,633","2,881","2,397",484,False,False,False,True,False,False
2120,6,7/3/2020,"2,997","2,286","1,932",354,False,False,False,False,False,False
2121,7,7/4/2020,"2,194","1,704","1,420",284,False,True,False,False,False,False
2122,1,7/5/2020,"2,948","2,198","1,836",362,False,False,True,False,False,False
2123,2,7/6/2020,"4,049","3,215","2,724",491,True,False,False,False,False,False
2124,3,7/7/2020,"3,792","2,998","2,485",513,False,False,False,False,True,False
2125,4,7/8/2020,"4,029","3,096","2,613",483,False,False,False,False,False,True
2126,5,7/9/2020,"3,945","3,039","2,587",452,False,False,False,True,False,False
2127,6,7/10/2020,"3,523","2,620","2,173",447,False,False,False,False,False,False
2128,7,7/11/2020,"2,646","1,981","1,665",316,False,True,False,False,False,False
2129,1,7/12/2020,"3,454","2,611","2,213",398,False,False,True,False,False,False
2130,2,7/13/2020,"3,703","2,916","2,459",457,True,False,False,False,False,False
2131,3,7/14/2020,"3,680","2,853","2,397",456,False,False,False,False,True,False
2132,4,7/15/2020,"3,479","2,627","2,196",431,False,False,False,False,False,True
2133,5,7/16/2020,"3,756","2,916","2,463",453,False,False,False,True,False,False
2134,6,7/17/2020,"3,289","2,557","2,122",435,False,False,False,False,False,False
2135,7,7/18/2020,"2,416","1,892","1,606",286,False,True,False,False,False,False
2136,1,7/19/2020,"2,793","2,197","1,892",305,False,False,True,False,False,False
2137,2,7/20/2020,"3,749","2,881","2,428",453,True,False,False,False,False,False
2138,3,7/21/2020,"3,786","2,889","2,450",439,False,False,False,False,True,False
2139,4,7/22/2020,"4,002","3,039","2,566",473,False,False,False,False,False,True
2140,5,7/23/2020,"3,823","3,033","2,525",508,False,False,False,True,False,False
2141,6,7/24/2020,"3,430","2,623","2,262",361,False,False,False,False,False,False
2142,7,7/25/2020,"2,400","1,767","1,487",280,False,True,False,False,False,False
2143,1,7/26/2020,"2,835","2,207","1,869",338,False,False,True,False,False,False
2144,2,7/27/2020,"4,001","3,031","2,523",508,True,False,False,False,False,False
2145,3,7/28/2020,"3,795","2,969","2,525",444,False,False,False,False,True,False
2146,4,7/29/2020,"3,903","3,010","2,591",419,False,False,False,False,False,True
2147,5,7/30/2020,"3,397","2,687","2,265",422,False,False,False,True,False,False
2148,6,7/31/2020,"3,005","2,317","1,887",430,False,False,False,False,False,False
2149,7,8/1/2020,"2,305","1,750","1,479",271,False,True,False,False,False,False
2150,1,8/2/2020,"2,696","1,993","1,701",292,False,False,True,False,False,False
2151,2,8/3/2020,"3,866","2,814","2,368",446,True,False,False,False,False,False
2152,3,8/4/2020,"3,826","2,845","2,400",445,False,False,False,False,True,False
2153,4,8/5/2020,"3,673","2,774","2,334",440,False,False,False,False,False,True
2154,5,8/6/2020,"3,660","2,625","2,189",436,False,False,False,True,False,False
2155,6,8/7/2020,"3,136","2,364","1,941",423,False,False,False,False,False,False
2156,7,8/8/2020,"2,223","1,628","1,354",274,False,True,False,False,False,False
2157,1,8/9/2020,"2,623","1,941","1,644",297,False,False,True,False,False,False
2158,2,8/10/2020,"3,638","2,745","2,325",420,True,False,False,False,False,False
2159,3,8/11/2020,"3,740","2,742","2,258",484,False,False,False,False,True,False
2160,4,8/12/2020,"3,767","2,904","2,477",427,False,False,False,False,False,True
2161,5,8/13/2020,"3,621","2,780","2,322",458,False,False,False,True,False,False
2162,6,8/14/2020,"2,971","2,308","1,922",386,False,False,False,False,False,False
2163,7,8/15/2020,"2,221","1,696","1,373",323,False,True,False,False,False,False
2164,1,8/16/2020,"2,724","2,037","1,686",351,False,False,True,False,False,False
2165,2,8/17/2020,"3,456","2,638","2,181",457,True,False,False,False,False,False
2166,3,8/18/2020,"3,581","2,683","2,184",499,False,False,False,False,True,False
2167,4,8/19/2020,"2,064","1,564","1,297",267,False,False,False,False,False,True
