dataset_id,artifact_file,task_type,target_column,model_type,status,error,accuracy,precision,recall,f1_score,test_samples,n_classes,is_binary,resolved_dataset_path,model_path,executed_tools,tool_flow,task,train_accuracy,test_accuracy,overfitting_gap,training_samples,features,model_saved,test_indices_file,r2_score,mse,rmse,mae,mape,train_r2,test_r2,model,evaluation_method,suspicious
classification__easy__abhishek14398_heart-disease-classification__heart,classification__easy__abhishek14398_heart-disease-classification__heart__variant_01_of_05.json,classification,target,logistic,success,,0.8852,0.8788,0.9062,0.8923,61.0,2.0,True,/home/joshua/Code/ai_projects/amalia/backend/data/uploads/datasets/classification/easy/abhishek14398_heart-disease-classification/heart.csv,/home/joshua/Code/ai_projects/amalia/data/batch_results/corrected_execution/models/classification__easy__abhishek14398_heart-disease-classification__heart.pkl,3.0,"['1:load_csv', '2:train_classification_model', '3:evaluate_classification_model']",,,,,,,,,,,,,,,,DeepSeek,Corrected (test_indices),False
classification__easy__abhishek14398_heart-disease-classification__heart,classification__easy__abhishek14398_heart-disease-classification__heart__variant_02_of_05.json,classification,target,logistic,success,,0.8852,0.8788,0.9062,0.8923,61.0,2.0,True,/home/joshua/Code/ai_projects/amalia/backend/data/uploads/datasets/classification/easy/abhishek14398_heart-disease-classification/heart.csv,/home/joshua/Code/ai_projects/amalia/data/batch_results/corrected_execution/models/classification__easy__abhishek14398_heart-disease-classification__heart.pkl,3.0,"['1:load_csv', '2:train_classification_model', '3:evaluate_classification_model']",,,,,,,,,,,,,,,,DeepSeek,Corrected (test_indices),False
classification__easy__abhishek14398_heart-disease-classification__heart,classification__easy__abhishek14398_heart-disease-classification__heart__variant_03_of_05.json,classification,target,logistic,success,,0.8852,0.8788,0.9062,0.8923,61.0,2.0,True,/home/joshua/Code/ai_projects/amalia/backend/data/uploads/datasets/classification/easy/abhishek14398_heart-disease-classification/heart.csv,/home/joshua/Code/ai_projects/amalia/data/batch_results/corrected_execution/models/classification__easy__abhishek14398_heart-disease-classification__heart.pkl,3.0,"['1:load_csv', '2:train_classification_model', '3:evaluate_classification_model']",,,,,,,,,,,,,,,,DeepSeek,Corrected (test_indices),False
classification__easy__abhishek14398_heart-disease-classification__heart,classification__easy__abhishek14398_heart-disease-classification__heart__variant_04_of_05.json,classification,target,logistic,success,,0.8852,0.8788,0.9062,0.8923,61.0,2.0,True,/home/joshua/Code/ai_projects/amalia/backend/data/uploads/datasets/classification/easy/abhishek14398_heart-disease-classification/heart.csv,/home/joshua/Code/ai_projects/amalia/data/batch_results/corrected_execution/models/classification__easy__abhishek14398_heart-disease-classification__heart.pkl,3.0,"['1:load_csv', '2:train_classification_model', '3:evaluate_classification_model']",,,,,,,,,,,,,,,,DeepSeek,Corrected (test_indices),False
classification__easy__abhishek14398_heart-disease-classification__heart,classification__easy__abhishek14398_heart-disease-classification__heart__variant_05_of_05.json,classification,target,logistic,success,,0.8852,0.8788,0.9062,0.8923,61.0,2.0,True,/home/joshua/Code/ai_projects/amalia/backend/data/uploads/datasets/classification/easy/abhishek14398_heart-disease-classification/heart.csv,/home/joshua/Code/ai_projects/amalia/data/batch_results/corrected_execution/models/classification__easy__abhishek14398_heart-disease-classification__heart.pkl,3.0,"['1:load_csv', '2:train_classification_model', '3:evaluate_classification_model']",,,,,,,,,,,,,,,,DeepSeek,Corrected (test_indices),False
classification__easy__brsahan_genomic-data-for-cancer__gene_expression,classification__easy__brsahan_genomic-data-for-cancer__gene_expression__variant_01_of_05.json,classification,Cancer Present,logistic,success,,0.8483,0.8175,0.8566,0.8366,600.0,2.0,True,/home/joshua/Code/ai_projects/amalia/backend/data/uploads/datasets/classification/easy/brsahan_genomic-data-for-cancer/gene_expression.csv,/home/joshua/Code/ai_projects/amalia/data/batch_results/corrected_execution/models/classification__easy__brsahan_genomic-data-for-cancer__gene_expression.pkl,3.0,"['1:load_csv', '2:train_classification_model', '3:evaluate_classification_model']",,,,,,,,,,,,,,,,DeepSeek,Corrected (test_indices),False
classification__easy__brsahan_genomic-data-for-cancer__gene_expression,classification__easy__brsahan_genomic-data-for-cancer__gene_expression__variant_02_of_05.json,classification,Cancer Present,logistic,success,,0.8483,0.8175,0.8566,0.8366,600.0,2.0,True,/home/joshua/Code/ai_projects/amalia/backend/data/uploads/datasets/classification/easy/brsahan_genomic-data-for-cancer/gene_expression.csv,/home/joshua/Code/ai_projects/amalia/data/batch_results/corrected_execution/models/classification__easy__brsahan_genomic-data-for-cancer__gene_expression.pkl,3.0,"['1:load_csv', '2:train_classification_model', '3:evaluate_classification_model']",,,,,,,,,,,,,,,,DeepSeek,Corrected (test_indices),False
classification__easy__brsahan_genomic-data-for-cancer__gene_expression,classification__easy__brsahan_genomic-data-for-cancer__gene_expression__variant_03_of_05.json,classification,Cancer Present,logistic,success,,0.8483,0.8175,0.8566,0.8366,600.0,2.0,True,/home/joshua/Code/ai_projects/amalia/backend/data/uploads/datasets/classification/easy/brsahan_genomic-data-for-cancer/gene_expression.csv,/home/joshua/Code/ai_projects/amalia/data/batch_results/corrected_execution/models/classification__easy__brsahan_genomic-data-for-cancer__gene_expression.pkl,3.0,"['1:load_csv', '2:train_classification_model', '3:evaluate_classification_model']",,,,,,,,,,,,,,,,DeepSeek,Corrected (test_indices),False
classification__easy__brsahan_genomic-data-for-cancer__gene_expression,classification__easy__brsahan_genomic-data-for-cancer__gene_expression__variant_04_of_05.json,classification,,,failed,invalid literal for int() with base 10: '0.80.80.80.80.80.80.80.80.80.80.80.80.80.80.80.80.80.80.80.80.80.80.80.80.80.80.80.80.80.80.80.80.80.80.80.80.80.80.80.80.80.80.80.80.80.80.80.80.80.80.80.80.80.80.80.80.80.80.80.80.80.80.80.80.80.80,,,,,,,,,,,,,,,,,,,,,,,,,,,DeepSeek,Corrected (test_indices),False
classification__easy__brsahan_genomic-data-for-cancer__gene_expression,classification__easy__brsahan_genomic-data-for-cancer__gene_expression__variant_05_of_05.json,classification,Cancer Present,logistic,success,,0.8483,0.8175,0.8566,0.8366,600.0,2.0,True,/home/joshua/Code/ai_projects/amalia/backend/data/uploads/datasets/classification/easy/brsahan_genomic-data-for-cancer/gene_expression.csv,/home/joshua/Code/ai_projects/amalia/data/batch_results/corrected_execution/models/classification__easy__brsahan_genomic-data-for-cancer__gene_expression.pkl,3.0,"['1:load_csv', '2:train_classification_model', '3:evaluate_classification_model']",,,,,,,,,,,,,,,,DeepSeek,Corrected (test_indices),False
classification__easy__brsahan_genomic-data-for-cancer__gene_expression_cleaned,classification__easy__brsahan_genomic-data-for-cancer__gene_expression_cleaned__variant_01_of_05.json,classification,,,failed,invalid literal for int() with base 10: '0.80.80.80.80.80.80.80.80.80.80.80.80.80.80.80.80.80.80.80.80.80.80.80.80.80.80.80.80.80.80.80.80.80.80.80.80.80.80.80.80.80.80.80.80.80.80.80.80.80.80.80.80.80.80.80.80.80.80.80.80.80.80.80.80.80.80,,,,,,,,,,,,,,,,,,,,,,,,,,,DeepSeek,Corrected (test_indices),False
classification__easy__brsahan_genomic-data-for-cancer__gene_expression_cleaned,classification__easy__brsahan_genomic-data-for-cancer__gene_expression_cleaned__variant_02_of_05.json,classification,Cancer Present,logistic,success,,0.8528,0.8592,0.8472,0.8531,428.0,2.0,True,/home/joshua/Code/ai_projects/amalia/backend/data/uploads/datasets/classification/easy/brsahan_genomic-data-for-cancer/gene_expression_cleaned.csv,/home/joshua/Code/ai_projects/amalia/data/batch_results/corrected_execution/models/classification__easy__brsahan_genomic-data-for-cancer__gene_expression_cleaned.pkl,3.0,"['1:load_csv', '2:train_classification_model', '3:evaluate_classification_model']",,,,,,,,,,,,,,,,DeepSeek,Corrected (test_indices),False
classification__easy__brsahan_genomic-data-for-cancer__gene_expression_cleaned,classification__easy__brsahan_genomic-data-for-cancer__gene_expression_cleaned__variant_03_of_05.json,classification,Cancer Present,logistic,success,,0.8528,0.8592,0.8472,0.8531,428.0,2.0,True,/home/joshua/Code/ai_projects/amalia/backend/data/uploads/datasets/classification/easy/brsahan_genomic-data-for-cancer/gene_expression_cleaned.csv,/home/joshua/Code/ai_projects/amalia/data/batch_results/corrected_execution/models/classification__easy__brsahan_genomic-data-for-cancer__gene_expression_cleaned.pkl,3.0,"['1:load_csv', '2:train_classification_model', '3:evaluate_classification_model']",,,,,,,,,,,,,,,,DeepSeek,Corrected (test_indices),False
classification__easy__brsahan_genomic-data-for-cancer__gene_expression_cleaned,classification__easy__brsahan_genomic-data-for-cancer__gene_expression_cleaned__variant_04_of_05.json,classification,Cancer Present,logistic,success,,0.8528,0.8592,0.8472,0.8531,428.0,2.0,True,/home/joshua/Code/ai_projects/amalia/backend/data/uploads/datasets/classification/easy/brsahan_genomic-data-for-cancer/gene_expression_cleaned.csv,/home/joshua/Code/ai_projects/amalia/data/batch_results/corrected_execution/models/classification__easy__brsahan_genomic-data-for-cancer__gene_expression_cleaned.pkl,3.0,"['1:load_csv', '2:train_classification_model', '3:evaluate_classification_model']",,,,,,,,,,,,,,,,DeepSeek,Corrected (test_indices),False
classification__easy__brsahan_genomic-data-for-cancer__gene_expression_cleaned,classification__easy__brsahan_genomic-data-for-cancer__gene_expression_cleaned__variant_05_of_05.json,classification,Cancer Present,logistic,success,,0.8528,0.8592,0.8472,0.8531,428.0,2.0,True,/home/joshua/Code/ai_projects/amalia/backend/data/uploads/datasets/classification/easy/brsahan_genomic-data-for-cancer/gene_expression_cleaned.csv,/home/joshua/Code/ai_projects/amalia/data/batch_results/corrected_execution/models/classification__easy__brsahan_genomic-data-for-cancer__gene_expression_cleaned.pkl,3.0,"['1:load_csv', '2:train_classification_model', '3:evaluate_classification_model']",,,,,,,,,,,,,,,,DeepSeek,Corrected (test_indices),False
classification__easy__brsahan_genomic-data-for-cancer__gene_expression_scaled,classification__easy__brsahan_genomic-data-for-cancer__gene_expression_scaled__variant_01_of_05.json,classification,,,success,,,,,,,,,/home/joshua/Code/ai_projects/amalia/backend/data/uploads/datasets/classification/easy/brsahan_genomic-data-for-cancer/gene_expression_scaled.csv,,0.0,[],,,,,,,,,,,,,,,,DeepSeek,Corrected (test_indices),False
classification__easy__brsahan_genomic-data-for-cancer__gene_expression_scaled,classification__easy__brsahan_genomic-data-for-cancer__gene_expression_scaled__variant_02_of_05.json,classification,Cancer Present,gradient_boosting,success,,,,,,428.0,2.0,,/home/joshua/Code/ai_projects/amalia/backend/data/uploads/datasets/classification/easy/brsahan_genomic-data-for-cancer/gene_expression_scaled.csv,/home/joshua/Code/ai_projects/amalia/data/batch_results/corrected_execution/models/classification__easy__brsahan_genomic-data-for-cancer__gene_expression_scaled.pkl,1.0,['2:train_classification_model'],classification,0.9316,0.9089,0.0227,1710.0,"['Gene One', 'Gene Two']",/home/joshua/Code/ai_projects/amalia/data/batch_results/corrected_execution/models/classification__easy__brsahan_genomic-data-for-cancer__gene_expression_scaled.pkl,/home/joshua/Code/ai_projects/amalia/data/batch_results/corrected_execution/models/classification__easy__brsahan_genomic-data-for-cancer__gene_expression_scaled_test_indices.json,,,,,,,,DeepSeek,Corrected (test_indices),False
classification__easy__brsahan_genomic-data-for-cancer__gene_expression_scaled,classification__easy__brsahan_genomic-data-for-cancer__gene_expression_scaled__variant_03_of_05.json,classification,Cancer Present,logistic,success,,0.8528,0.8592,0.8472,0.8531,428.0,2.0,True,/home/joshua/Code/ai_projects/amalia/backend/data/uploads/datasets/classification/easy/brsahan_genomic-data-for-cancer/gene_expression_scaled.csv,/home/joshua/Code/ai_projects/amalia/data/batch_results/corrected_execution/models/classification__easy__brsahan_genomic-data-for-cancer__gene_expression_scaled.pkl,3.0,"['1:load_csv', '2:train_classification_model', '3:evaluate_classification_model']",,,,,,,,,,,,,,,,DeepSeek,Corrected (test_indices),False
classification__easy__brsahan_genomic-data-for-cancer__gene_expression_scaled,classification__easy__brsahan_genomic-data-for-cancer__gene_expression_scaled__variant_04_of_05.json,classification,Cancer Present,logistic,success,,0.8528,0.8592,0.8472,0.8531,428.0,2.0,True,/home/joshua/Code/ai_projects/amalia/backend/data/uploads/datasets/classification/easy/brsahan_genomic-data-for-cancer/gene_expression_scaled.csv,/home/joshua/Code/ai_projects/amalia/data/batch_results/corrected_execution/models/classification__easy__brsahan_genomic-data-for-cancer__gene_expression_scaled.pkl,3.0,"['1:load_csv', '2:train_classification_model', '3:evaluate_classification_model']",,,,,,,,,,,,,,,,DeepSeek,Corrected (test_indices),False
classification__easy__brsahan_genomic-data-for-cancer__gene_expression_scaled,classification__easy__brsahan_genomic-data-for-cancer__gene_expression_scaled__variant_05_of_05.json,classification,Cancer Present,logistic,success,,0.8528,0.8592,0.8472,0.8531,428.0,2.0,True,/home/joshua/Code/ai_projects/amalia/backend/data/uploads/datasets/classification/easy/brsahan_genomic-data-for-cancer/gene_expression_scaled.csv,/home/joshua/Code/ai_projects/amalia/data/batch_results/corrected_execution/models/classification__easy__brsahan_genomic-data-for-cancer__gene_expression_scaled.pkl,3.0,"['1:load_csv', '2:train_classification_model', '3:evaluate_classification_model']",,,,,,,,,,,,,,,,DeepSeek,Corrected (test_indices),False
classification__easy__fedesoriano_stellar-classification-dataset-sdss17__star_classification,classification__easy__fedesoriano_stellar-classification-dataset-sdss17__star_classification__variant_01_of_05.json,classification,class,logistic,success,,0.5927,0.4465,0.5927,0.4693,4000.0,3.0,False,/home/joshua/Code/ai_projects/amalia/backend/data/uploads/datasets/classification/easy/fedesoriano_stellar-classification-dataset-sdss17/star_classification.csv,/home/joshua/Code/ai_projects/amalia/data/batch_results/corrected_execution/models/classification__easy__fedesoriano_stellar-classification-dataset-sdss17__star_classification.pkl,3.0,"['1:load_csv', '2:train_classification_model', '3:evaluate_classification_model']",,,,,,,,,,,,,,,,DeepSeek,Corrected (test_indices),False
classification__easy__fedesoriano_stellar-classification-dataset-sdss17__star_classification,classification__easy__fedesoriano_stellar-classification-dataset-sdss17__star_classification__variant_02_of_05.json,classification,class,logistic,success,,0.5927,0.4465,0.5927,0.4693,4000.0,3.0,False,/home/joshua/Code/ai_projects/amalia/backend/data/uploads/datasets/classification/easy/fedesoriano_stellar-classification-dataset-sdss17/star_classification.csv,/home/joshua/Code/ai_projects/amalia/data/batch_results/corrected_execution/models/classification__easy__fedesoriano_stellar-classification-dataset-sdss17__star_classification.pkl,3.0,"['1:load_csv', '2:train_classification_model', '3:evaluate_classification_model']",,,,,,,,,,,,,,,,DeepSeek,Corrected (test_indices),False
classification__easy__fedesoriano_stellar-classification-dataset-sdss17__star_classification,classification__easy__fedesoriano_stellar-classification-dataset-sdss17__star_classification__variant_03_of_05.json,classification,class,logistic,success,,0.5927,0.4465,0.5927,0.4693,4000.0,3.0,False,/home/joshua/Code/ai_projects/amalia/backend/data/uploads/datasets/classification/easy/fedesoriano_stellar-classification-dataset-sdss17/star_classification.csv,/home/joshua/Code/ai_projects/amalia/data/batch_results/corrected_execution/models/classification__easy__fedesoriano_stellar-classification-dataset-sdss17__star_classification.pkl,3.0,"['1:load_csv', '2:train_classification_model', '3:evaluate_classification_model']",,,,,,,,,,,,,,,,DeepSeek,Corrected (test_indices),False
classification__easy__fedesoriano_stellar-classification-dataset-sdss17__star_classification,classification__easy__fedesoriano_stellar-classification-dataset-sdss17__star_classification__variant_04_of_05.json,classification,class,logistic,success,,0.5927,0.4465,0.5927,0.4693,4000.0,3.0,False,/home/joshua/Code/ai_projects/amalia/backend/data/uploads/datasets/classification/easy/fedesoriano_stellar-classification-dataset-sdss17/star_classification.csv,/home/joshua/Code/ai_projects/amalia/data/batch_results/corrected_execution/models/classification__easy__fedesoriano_stellar-classification-dataset-sdss17__star_classification.pkl,3.0,"['1:load_csv', '2:train_classification_model', '3:evaluate_classification_model']",,,,,,,,,,,,,,,,DeepSeek,Corrected (test_indices),False
classification__easy__fedesoriano_stellar-classification-dataset-sdss17__star_classification,classification__easy__fedesoriano_stellar-classification-dataset-sdss17__star_classification__variant_05_of_05.json,classification,,,success,,,,,,,,,/home/joshua/Code/ai_projects/amalia/backend/data/uploads/datasets/classification/easy/fedesoriano_stellar-classification-dataset-sdss17/star_classification.csv,,0.0,[],,,,,,,,,,,,,,,,DeepSeek,Corrected (test_indices),False
classification__easy__fedesoriano_stellar-classification-dataset-sdss17__star_classification_encoded,classification__easy__fedesoriano_stellar-classification-dataset-sdss17__star_classification_encoded__variant_01_of_05.json,classification,class,logistic,success,,0.5927,0.4465,0.5927,0.4693,4000.0,3.0,False,/home/joshua/Code/ai_projects/amalia/backend/data/uploads/datasets/classification/easy/fedesoriano_stellar-classification-dataset-sdss17/star_classification_encoded.csv,/home/joshua/Code/ai_projects/amalia/data/batch_results/corrected_execution/models/classification__easy__fedesoriano_stellar-classification-dataset-sdss17__star_classification_encoded.pkl,3.0,"['1:load_csv', '2:train_classification_model', '3:evaluate_classification_model']",,,,,,,,,,,,,,,,DeepSeek,Corrected (test_indices),False
classification__easy__fedesoriano_stellar-classification-dataset-sdss17__star_classification_encoded,classification__easy__fedesoriano_stellar-classification-dataset-sdss17__star_classification_encoded__variant_02_of_05.json,classification,class,logistic,success,,0.5927,0.4465,0.5927,0.4693,4000.0,3.0,False,/home/joshua/Code/ai_projects/amalia/backend/data/uploads/datasets/classification/easy/fedesoriano_stellar-classification-dataset-sdss17/star_classification_encoded.csv,/home/joshua/Code/ai_projects/amalia/data/batch_results/corrected_execution/models/classification__easy__fedesoriano_stellar-classification-dataset-sdss17__star_classification_encoded.pkl,3.0,"['1:load_csv', '2:train_classification_model', '3:evaluate_classification_model']",,,,,,,,,,,,,,,,DeepSeek,Corrected (test_indices),False
classification__easy__fedesoriano_stellar-classification-dataset-sdss17__star_classification_encoded,classification__easy__fedesoriano_stellar-classification-dataset-sdss17__star_classification_encoded__variant_03_of_05.json,classification,class,logistic,success,,0.5927,0.4465,0.5927,0.4693,4000.0,3.0,False,/home/joshua/Code/ai_projects/amalia/backend/data/uploads/datasets/classification/easy/fedesoriano_stellar-classification-dataset-sdss17/star_classification_encoded.csv,/home/joshua/Code/ai_projects/amalia/data/batch_results/corrected_execution/models/classification__easy__fedesoriano_stellar-classification-dataset-sdss17__star_classification_encoded.pkl,3.0,"['1:load_csv', '2:train_classification_model', '3:evaluate_classification_model']",,,,,,,,,,,,,,,,DeepSeek,Corrected (test_indices),False
classification__easy__fedesoriano_stellar-classification-dataset-sdss17__star_classification_encoded,classification__easy__fedesoriano_stellar-classification-dataset-sdss17__star_classification_encoded__variant_04_of_05.json,classification,class,logistic,success,,0.5927,0.4465,0.5927,0.4693,4000.0,3.0,False,/home/joshua/Code/ai_projects/amalia/backend/data/uploads/datasets/classification/easy/fedesoriano_stellar-classification-dataset-sdss17/star_classification_encoded.csv,/home/joshua/Code/ai_projects/amalia/data/batch_results/corrected_execution/models/classification__easy__fedesoriano_stellar-classification-dataset-sdss17__star_classification_encoded.pkl,3.0,"['1:load_csv', '2:train_classification_model', '3:evaluate_classification_model']",,,,,,,,,,,,,,,,DeepSeek,Corrected (test_indices),False
classification__easy__fedesoriano_stellar-classification-dataset-sdss17__star_classification_encoded,classification__easy__fedesoriano_stellar-classification-dataset-sdss17__star_classification_encoded__variant_05_of_05.json,classification,class,logistic,success,,0.5927,0.4465,0.5927,0.4693,4000.0,3.0,False,/home/joshua/Code/ai_projects/amalia/backend/data/uploads/datasets/classification/easy/fedesoriano_stellar-classification-dataset-sdss17/star_classification_encoded.csv,/home/joshua/Code/ai_projects/amalia/data/batch_results/corrected_execution/models/classification__easy__fedesoriano_stellar-classification-dataset-sdss17__star_classification_encoded.pkl,3.0,"['1:load_csv', '2:train_classification_model', '3:evaluate_classification_model']",,,,,,,,,,,,,,,,DeepSeek,Corrected (test_indices),False
classification__easy__fedesoriano_stellar-classification-dataset-sdss17__star_classification_scaled,classification__easy__fedesoriano_stellar-classification-dataset-sdss17__star_classification_scaled__variant_01_of_05.json,classification,class,logistic,success,,0.5927,0.4465,0.5927,0.4693,4000.0,3.0,False,/home/joshua/Code/ai_projects/amalia/backend/data/uploads/datasets/classification/easy/fedesoriano_stellar-classification-dataset-sdss17/star_classification_scaled.csv,/home/joshua/Code/ai_projects/amalia/data/batch_results/corrected_execution/models/classification__easy__fedesoriano_stellar-classification-dataset-sdss17__star_classification_scaled.pkl,3.0,"['1:load_csv', '2:train_classification_model', '3:evaluate_classification_model']",,,,,,,,,,,,,,,,DeepSeek,Corrected (test_indices),False
classification__easy__fedesoriano_stellar-classification-dataset-sdss17__star_classification_scaled,classification__easy__fedesoriano_stellar-classification-dataset-sdss17__star_classification_scaled__variant_02_of_05.json,classification,class,logistic,success,,0.5927,0.4465,0.5927,0.4693,4000.0,3.0,False,/home/joshua/Code/ai_projects/amalia/backend/data/uploads/datasets/classification/easy/fedesoriano_stellar-classification-dataset-sdss17/star_classification_scaled.csv,/home/joshua/Code/ai_projects/amalia/data/batch_results/corrected_execution/models/classification__easy__fedesoriano_stellar-classification-dataset-sdss17__star_classification_scaled.pkl,3.0,"['1:load_csv', '2:train_classification_model', '3:evaluate_classification_model']",,,,,,,,,,,,,,,,DeepSeek,Corrected (test_indices),False
classification__easy__fedesoriano_stellar-classification-dataset-sdss17__star_classification_scaled,classification__easy__fedesoriano_stellar-classification-dataset-sdss17__star_classification_scaled__variant_03_of_05.json,classification,class,logistic,success,,0.5927,0.4465,0.5927,0.4693,4000.0,3.0,False,/home/joshua/Code/ai_projects/amalia/backend/data/uploads/datasets/classification/easy/fedesoriano_stellar-classification-dataset-sdss17/star_classification_scaled.csv,/home/joshua/Code/ai_projects/amalia/data/batch_results/corrected_execution/models/classification__easy__fedesoriano_stellar-classification-dataset-sdss17__star_classification_scaled.pkl,3.0,"['1:load_csv', '2:train_classification_model', '3:evaluate_classification_model']",,,,,,,,,,,,,,,,DeepSeek,Corrected (test_indices),False
classification__easy__fedesoriano_stellar-classification-dataset-sdss17__star_classification_scaled,classification__easy__fedesoriano_stellar-classification-dataset-sdss17__star_classification_scaled__variant_04_of_05.json,classification,class,logistic,success,,0.5927,0.4465,0.5927,0.4693,4000.0,3.0,False,/home/joshua/Code/ai_projects/amalia/backend/data/uploads/datasets/classification/easy/fedesoriano_stellar-classification-dataset-sdss17/star_classification_scaled.csv,/home/joshua/Code/ai_projects/amalia/data/batch_results/corrected_execution/models/classification__easy__fedesoriano_stellar-classification-dataset-sdss17__star_classification_scaled.pkl,3.0,"['1:load_csv', '2:train_classification_model', '3:evaluate_classification_model']",,,,,,,,,,,,,,,,DeepSeek,Corrected (test_indices),False
classification__easy__fedesoriano_stellar-classification-dataset-sdss17__star_classification_scaled,classification__easy__fedesoriano_stellar-classification-dataset-sdss17__star_classification_scaled__variant_05_of_05.json,classification,class,logistic,success,,0.5927,0.4465,0.5927,0.4693,4000.0,3.0,False,/home/joshua/Code/ai_projects/amalia/backend/data/uploads/datasets/classification/easy/fedesoriano_stellar-classification-dataset-sdss17/star_classification_scaled.csv,/home/joshua/Code/ai_projects/amalia/data/batch_results/corrected_execution/models/classification__easy__fedesoriano_stellar-classification-dataset-sdss17__star_classification_scaled.pkl,3.0,"['1:load_csv', '2:train_classification_model', '3:evaluate_classification_model']",,,,,,,,,,,,,,,,DeepSeek,Corrected (test_indices),False
classification__easy__himanshunakrani_naive-bayes-classification-data__Naive-Bayes-Classification-Data,classification__easy__himanshunakrani_naive-bayes-classification-data__Naive-Bayes-Classification-Data__variant_01_of_05.json,classification,diabetes,logistic,success,,0.9296,0.951,0.9151,0.9327,199.0,2.0,True,/home/joshua/Code/ai_projects/amalia/backend/data/uploads/datasets/classification/easy/himanshunakrani_naive-bayes-classification-data/Naive-Bayes-Classification-Data.csv,/home/joshua/Code/ai_projects/amalia/data/batch_results/corrected_execution/models/classification__easy__himanshunakrani_naive-bayes-classification-data__Naive-Bayes-Classification-Data.pkl,3.0,"['1:load_csv', '2:train_classification_model', '3:evaluate_classification_model']",,,,,,,,,,,,,,,,DeepSeek,Corrected (test_indices),False
classification__easy__himanshunakrani_naive-bayes-classification-data__Naive-Bayes-Classification-Data,classification__easy__himanshunakrani_naive-bayes-classification-data__Naive-Bayes-Classification-Data__variant_02_of_05.json,classification,diabetes,logistic,success,,0.9296,0.951,0.9151,0.9327,199.0,2.0,True,/home/joshua/Code/ai_projects/amalia/backend/data/uploads/datasets/classification/easy/himanshunakrani_naive-bayes-classification-data/Naive-Bayes-Classification-Data.csv,/home/joshua/Code/ai_projects/amalia/data/batch_results/corrected_execution/models/classification__easy__himanshunakrani_naive-bayes-classification-data__Naive-Bayes-Classification-Data.pkl,3.0,"['1:load_csv', '2:train_classification_model', '3:evaluate_classification_model']",,,,,,,,,,,,,,,,DeepSeek,Corrected (test_indices),False
classification__easy__himanshunakrani_naive-bayes-classification-data__Naive-Bayes-Classification-Data,classification__easy__himanshunakrani_naive-bayes-classification-data__Naive-Bayes-Classification-Data__variant_03_of_05.json,classification,diabetes,logistic,success,,0.9296,0.951,0.9151,0.9327,199.0,2.0,True,/home/joshua/Code/ai_projects/amalia/backend/data/uploads/datasets/classification/easy/himanshunakrani_naive-bayes-classification-data/Naive-Bayes-Classification-Data.csv,/home/joshua/Code/ai_projects/amalia/data/batch_results/corrected_execution/models/classification__easy__himanshunakrani_naive-bayes-classification-data__Naive-Bayes-Classification-Data.pkl,3.0,"['1:load_csv', '2:train_classification_model', '3:evaluate_classification_model']",,,,,,,,,,,,,,,,DeepSeek,Corrected (test_indices),False
classification__easy__himanshunakrani_naive-bayes-classification-data__Naive-Bayes-Classification-Data,classification__easy__himanshunakrani_naive-bayes-classification-data__Naive-Bayes-Classification-Data__variant_04_of_05.json,classification,diabetes,logistic,success,,0.9296,0.951,0.9151,0.9327,199.0,2.0,True,/home/joshua/Code/ai_projects/amalia/backend/data/uploads/datasets/classification/easy/himanshunakrani_naive-bayes-classification-data/Naive-Bayes-Classification-Data.csv,/home/joshua/Code/ai_projects/amalia/data/batch_results/corrected_execution/models/classification__easy__himanshunakrani_naive-bayes-classification-data__Naive-Bayes-Classification-Data.pkl,3.0,"['1:load_csv', '2:train_classification_model', '3:evaluate_classification_model']",,,,,,,,,,,,,,,,DeepSeek,Corrected (test_indices),False
classification__easy__himanshunakrani_naive-bayes-classification-data__Naive-Bayes-Classification-Data,classification__easy__himanshunakrani_naive-bayes-classification-data__Naive-Bayes-Classification-Data__variant_05_of_05.json,classification,,,success,,,,,,,,,/home/joshua/Code/ai_projects/amalia/backend/data/uploads/datasets/classification/easy/himanshunakrani_naive-bayes-classification-data/Naive-Bayes-Classification-Data.csv,,0.0,[],,,,,,,,,,,,,,,,DeepSeek,Corrected (test_indices),False
classification__easy__himanshunakrani_naive-bayes-classification-data__Naive-Bayes-Classification-Data_cleaned,classification__easy__himanshunakrani_naive-bayes-classification-data__Naive-Bayes-Classification-Data_cleaned__variant_01_of_05.json,classification,diabetes,logistic,success,,0.8286,0.8519,0.92,0.8846,35.0,2.0,True,/home/joshua/Code/ai_projects/amalia/backend/data/uploads/datasets/classification/easy/himanshunakrani_naive-bayes-classification-data/Naive-Bayes-Classification-Data_cleaned.csv,/home/joshua/Code/ai_projects/amalia/data/batch_results/corrected_execution/models/classification__easy__himanshunakrani_naive-bayes-classification-data__Naive-Bayes-Classification-Data_cleaned.pkl,3.0,"['1:load_csv', '2:train_classification_model', '3:evaluate_classification_model']",,,,,,,,,,,,,,,,DeepSeek,Corrected (test_indices),False
classification__easy__himanshunakrani_naive-bayes-classification-data__Naive-Bayes-Classification-Data_cleaned,classification__easy__himanshunakrani_naive-bayes-classification-data__Naive-Bayes-Classification-Data_cleaned__variant_02_of_05.json,classification,,,success,,,,,,,,,/home/joshua/Code/ai_projects/amalia/backend/data/uploads/datasets/classification/easy/himanshunakrani_naive-bayes-classification-data/Naive-Bayes-Classification-Data_cleaned.csv,,0.0,[],,,,,,,,,,,,,,,,DeepSeek,Corrected (test_indices),False
classification__easy__himanshunakrani_naive-bayes-classification-data__Naive-Bayes-Classification-Data_cleaned,classification__easy__himanshunakrani_naive-bayes-classification-data__Naive-Bayes-Classification-Data_cleaned__variant_03_of_05.json,classification,diabetes,logistic,success,,0.8286,0.8519,0.92,0.8846,35.0,2.0,True,/home/joshua/Code/ai_projects/amalia/backend/data/uploads/datasets/classification/easy/himanshunakrani_naive-bayes-classification-data/Naive-Bayes-Classification-Data_cleaned.csv,/home/joshua/Code/ai_projects/amalia/data/batch_results/corrected_execution/models/classification__easy__himanshunakrani_naive-bayes-classification-data__Naive-Bayes-Classification-Data_cleaned.pkl,3.0,"['1:load_csv', '2:train_classification_model', '3:evaluate_classification_model']",,,,,,,,,,,,,,,,DeepSeek,Corrected (test_indices),False
classification__easy__himanshunakrani_naive-bayes-classification-data__Naive-Bayes-Classification-Data_cleaned,classification__easy__himanshunakrani_naive-bayes-classification-data__Naive-Bayes-Classification-Data_cleaned__variant_04_of_05.json,classification,,,success,,,,,,,,,/home/joshua/Code/ai_projects/amalia/backend/data/uploads/datasets/classification/easy/himanshunakrani_naive-bayes-classification-data/Naive-Bayes-Classification-Data_cleaned.csv,,1.0,['1:load_csv'],,,,,,,,,,,,,,,,DeepSeek,Corrected (test_indices),False
classification__easy__himanshunakrani_naive-bayes-classification-data__Naive-Bayes-Classification-Data_cleaned,classification__easy__himanshunakrani_naive-bayes-classification-data__Naive-Bayes-Classification-Data_cleaned__variant_05_of_05.json,classification,diabetes,logistic,success,,0.8286,0.8519,0.92,0.8846,35.0,2.0,True,/home/joshua/Code/ai_projects/amalia/backend/data/uploads/datasets/classification/easy/himanshunakrani_naive-bayes-classification-data/Naive-Bayes-Classification-Data_cleaned.csv,/home/joshua/Code/ai_projects/amalia/data/batch_results/corrected_execution/models/classification__easy__himanshunakrani_naive-bayes-classification-data__Naive-Bayes-Classification-Data_cleaned.pkl,3.0,"['1:load_csv', '2:train_classification_model', '3:evaluate_classification_model']",,,,,,,,,,,,,,,,DeepSeek,Corrected (test_indices),False
classification__easy__mahmoudshaheen1134_heart-disease-data__heart disease,classification__easy__mahmoudshaheen1134_heart-disease-data__heart disease__variant_01_of_05.json,classification,target,logistic,success,,0.8852,0.8788,0.9062,0.8923,61.0,2.0,True,/home/joshua/Code/ai_projects/amalia/backend/data/uploads/datasets/classification/easy/mahmoudshaheen1134_heart-disease-data/heart disease.csv,/home/joshua/Code/ai_projects/amalia/data/batch_results/corrected_execution/models/classification__easy__mahmoudshaheen1134_heart-disease-data__heart disease.pkl,3.0,"['1:load_csv', '2:train_classification_model', '3:evaluate_classification_model']",,,,,,,,,,,,,,,,DeepSeek,Corrected (test_indices),False
classification__easy__mahmoudshaheen1134_heart-disease-data__heart disease,classification__easy__mahmoudshaheen1134_heart-disease-data__heart disease__variant_02_of_05.json,classification,,,success,,,,,,,,,/home/joshua/Code/ai_projects/amalia/backend/data/uploads/datasets/classification/easy/mahmoudshaheen1134_heart-disease-data/heart disease.csv,,0.0,[],,,,,,,,,,,,,,,,DeepSeek,Corrected (test_indices),False
classification__easy__mahmoudshaheen1134_heart-disease-data__heart disease,classification__easy__mahmoudshaheen1134_heart-disease-data__heart disease__variant_03_of_05.json,classification,target,logistic,success,,0.8852,0.8788,0.9062,0.8923,61.0,2.0,True,/home/joshua/Code/ai_projects/amalia/backend/data/uploads/datasets/classification/easy/mahmoudshaheen1134_heart-disease-data/heart disease.csv,/home/joshua/Code/ai_projects/amalia/data/batch_results/corrected_execution/models/classification__easy__mahmoudshaheen1134_heart-disease-data__heart disease.pkl,3.0,"['1:load_csv', '2:train_classification_model', '3:evaluate_classification_model']",,,,,,,,,,,,,,,,DeepSeek,Corrected (test_indices),False
classification__easy__mahmoudshaheen1134_heart-disease-data__heart disease,classification__easy__mahmoudshaheen1134_heart-disease-data__heart disease__variant_04_of_05.json,classification,target,logistic,success,,0.8852,0.8788,0.9062,0.8923,61.0,2.0,True,/home/joshua/Code/ai_projects/amalia/backend/data/uploads/datasets/classification/easy/mahmoudshaheen1134_heart-disease-data/heart disease.csv,/home/joshua/Code/ai_projects/amalia/data/batch_results/corrected_execution/models/classification__easy__mahmoudshaheen1134_heart-disease-data__heart disease.pkl,3.0,"['1:load_csv', '2:train_classification_model', '3:evaluate_classification_model']",,,,,,,,,,,,,,,,DeepSeek,Corrected (test_indices),False
classification__easy__mahmoudshaheen1134_heart-disease-data__heart disease,classification__easy__mahmoudshaheen1134_heart-disease-data__heart disease__variant_05_of_05.json,classification,,,failed,invalid literal for int() with base 10: '0.80.80.80.80.80.80.80.80.80.80.80.80.80.80.80.80.80.80.80.80.80.80.80.80.80.80.80.80.80.80.80.80.80.80.80.80.80.80.80.80.80.80.80.80.80.80.80.80.80.80.80.80.80.80.80.80.80.80.80.80.80.80.80.80.80.80,,,,,,,,,,,,,,,,,,,,,,,,,,,DeepSeek,Corrected (test_indices),False
classification__easy__priyanshusethi_happiness-classification-dataset__happydata,classification__easy__priyanshusethi_happiness-classification-dataset__happydata__variant_01_of_05.json,classification,happy,logistic,success,,0.5517,0.5238,0.7857,0.6286,29.0,2.0,True,/home/joshua/Code/ai_projects/amalia/backend/data/uploads/datasets/classification/easy/priyanshusethi_happiness-classification-dataset/happydata.csv,/home/joshua/Code/ai_projects/amalia/data/batch_results/corrected_execution/models/classification__easy__priyanshusethi_happiness-classification-dataset__happydata.pkl,2.0,"['1:train_classification_model', '1:evaluate_classification_model']",,,,,,,,,,,,,,,,DeepSeek,Corrected (test_indices),False
classification__easy__priyanshusethi_happiness-classification-dataset__happydata,classification__easy__priyanshusethi_happiness-classification-dataset__happydata__variant_02_of_05.json,classification,happy,logistic,success,,0.5517,0.5238,0.7857,0.6286,29.0,2.0,True,/home/joshua/Code/ai_projects/amalia/backend/data/uploads/datasets/classification/easy/priyanshusethi_happiness-classification-dataset/happydata.csv,/home/joshua/Code/ai_projects/amalia/data/batch_results/corrected_execution/models/classification__easy__priyanshusethi_happiness-classification-dataset__happydata.pkl,3.0,"['1:load_csv', '2:train_classification_model', '3:evaluate_classification_model']",,,,,,,,,,,,,,,,DeepSeek,Corrected (test_indices),False
classification__easy__priyanshusethi_happiness-classification-dataset__happydata,classification__easy__priyanshusethi_happiness-classification-dataset__happydata__variant_03_of_05.json,classification,,,success,,,,,,,,,/home/joshua/Code/ai_projects/amalia/backend/data/uploads/datasets/classification/easy/priyanshusethi_happiness-classification-dataset/happydata.csv,,1.0,['1:remove_duplicates'],,,,,,,,,,,,,,,,DeepSeek,Corrected (test_indices),False
classification__easy__priyanshusethi_happiness-classification-dataset__happydata,classification__easy__priyanshusethi_happiness-classification-dataset__happydata__variant_04_of_05.json,classification,happy,gradient_boosting,success,,,,,,29.0,2.0,,/home/joshua/Code/ai_projects/amalia/backend/data/uploads/datasets/classification/easy/priyanshusethi_happiness-classification-dataset/happydata.csv,/home/joshua/Code/ai_projects/amalia/data/batch_results/corrected_execution/models/classification__easy__priyanshusethi_happiness-classification-dataset__happydata.pkl,2.0,"['2:train_classification_model', '3:train_classification_model']",classification,0.9211,0.5172,0.4038,114.0,"['infoavail', 'housecost', 'schoolquality', 'policetrust', 'streetquality', 'ëvents']",/home/joshua/Code/ai_projects/amalia/data/batch_results/corrected_execution/models/classification__easy__priyanshusethi_happiness-classification-dataset__happydata.pkl,/home/joshua/Code/ai_projects/amalia/data/batch_results/corrected_execution/models/classification__easy__priyanshusethi_happiness-classification-dataset__happydata_test_indices.json,,,,,,,,DeepSeek,Corrected (test_indices),False
classification__easy__priyanshusethi_happiness-classification-dataset__happydata,classification__easy__priyanshusethi_happiness-classification-dataset__happydata__variant_05_of_05.json,classification,happy,logistic,success,,0.5517,0.5238,0.7857,0.6286,29.0,2.0,True,/home/joshua/Code/ai_projects/amalia/backend/data/uploads/datasets/classification/easy/priyanshusethi_happiness-classification-dataset/happydata.csv,/home/joshua/Code/ai_projects/amalia/data/batch_results/corrected_execution/models/classification__easy__priyanshusethi_happiness-classification-dataset__happydata.pkl,2.0,"['2:train_classification_model', '3:evaluate_classification_model']",,,,,,,,,,,,,,,,DeepSeek,Corrected (test_indices),False
classification__easy__ritwikb3_heart-disease-cleveland__Heart_disease_cleveland_new,classification__easy__ritwikb3_heart-disease-cleveland__Heart_disease_cleveland_new__variant_01_of_05.json,classification,target,logistic,success,,0.8852,0.8788,0.9062,0.8923,61.0,2.0,True,/home/joshua/Code/ai_projects/amalia/backend/data/uploads/datasets/classification/easy/ritwikb3_heart-disease-cleveland/Heart_disease_cleveland_new.csv,/home/joshua/Code/ai_projects/amalia/data/batch_results/corrected_execution/models/classification__easy__ritwikb3_heart-disease-cleveland__Heart_disease_cleveland_new.pkl,3.0,"['1:load_csv', '2:train_classification_model', '3:evaluate_classification_model']",,,,,,,,,,,,,,,,DeepSeek,Corrected (test_indices),False
classification__easy__ritwikb3_heart-disease-cleveland__Heart_disease_cleveland_new,classification__easy__ritwikb3_heart-disease-cleveland__Heart_disease_cleveland_new__variant_02_of_05.json,classification,target,logistic,success,,0.8852,0.8788,0.9062,0.8923,61.0,2.0,True,/home/joshua/Code/ai_projects/amalia/backend/data/uploads/datasets/classification/easy/ritwikb3_heart-disease-cleveland/Heart_disease_cleveland_new.csv,/home/joshua/Code/ai_projects/amalia/data/batch_results/corrected_execution/models/classification__easy__ritwikb3_heart-disease-cleveland__Heart_disease_cleveland_new.pkl,3.0,"['1:load_csv', '2:train_classification_model', '3:evaluate_classification_model']",,,,,,,,,,,,,,,,DeepSeek,Corrected (test_indices),False
classification__easy__ritwikb3_heart-disease-cleveland__Heart_disease_cleveland_new,classification__easy__ritwikb3_heart-disease-cleveland__Heart_disease_cleveland_new__variant_03_of_05.json,classification,target,logistic,success,,0.8852,0.8788,0.9062,0.8923,61.0,2.0,True,/home/joshua/Code/ai_projects/amalia/backend/data/uploads/datasets/classification/easy/ritwikb3_heart-disease-cleveland/Heart_disease_cleveland_new.csv,/home/joshua/Code/ai_projects/amalia/data/batch_results/corrected_execution/models/classification__easy__ritwikb3_heart-disease-cleveland__Heart_disease_cleveland_new.pkl,3.0,"['1:load_csv', '2:train_classification_model', '3:evaluate_classification_model']",,,,,,,,,,,,,,,,DeepSeek,Corrected (test_indices),False
classification__easy__ritwikb3_heart-disease-cleveland__Heart_disease_cleveland_new,classification__easy__ritwikb3_heart-disease-cleveland__Heart_disease_cleveland_new__variant_04_of_05.json,classification,target,logistic,success,,0.8852,0.8788,0.9062,0.8923,61.0,2.0,True,/home/joshua/Code/ai_projects/amalia/backend/data/uploads/datasets/classification/easy/ritwikb3_heart-disease-cleveland/Heart_disease_cleveland_new.csv,/home/joshua/Code/ai_projects/amalia/data/batch_results/corrected_execution/models/classification__easy__ritwikb3_heart-disease-cleveland__Heart_disease_cleveland_new.pkl,3.0,"['1:load_csv', '2:train_classification_model', '3:evaluate_classification_model']",,,,,,,,,,,,,,,,DeepSeek,Corrected (test_indices),False
classification__easy__ritwikb3_heart-disease-cleveland__Heart_disease_cleveland_new,classification__easy__ritwikb3_heart-disease-cleveland__Heart_disease_cleveland_new__variant_05_of_05.json,classification,target,decision_tree,success,,0.7869,0.8519,0.7188,0.7797,61.0,2.0,True,/home/joshua/Code/ai_projects/amalia/backend/data/uploads/datasets/classification/easy/ritwikb3_heart-disease-cleveland/Heart_disease_cleveland_new.csv,/home/joshua/Code/ai_projects/amalia/data/batch_results/corrected_execution/models/classification__easy__ritwikb3_heart-disease-cleveland__Heart_disease_cleveland_new.pkl,2.0,"['2:train_classification_model', '3:evaluate_classification_model']",,,,,,,,,,,,,,,,DeepSeek,Corrected (test_indices),False
classification__easy__ritwikb3_heart-disease-statlog__Heart_disease_statlog,classification__easy__ritwikb3_heart-disease-statlog__Heart_disease_statlog__variant_01_of_05.json,classification,target,logistic,success,,0.9259,0.9474,0.8571,0.9,54.0,2.0,True,/home/joshua/Code/ai_projects/amalia/backend/data/uploads/datasets/classification/easy/ritwikb3_heart-disease-statlog/Heart_disease_statlog.csv,/home/joshua/Code/ai_projects/amalia/data/batch_results/corrected_execution/models/classification__easy__ritwikb3_heart-disease-statlog__Heart_disease_statlog.pkl,3.0,"['1:load_csv', '2:train_classification_model', '3:evaluate_classification_model']",,,,,,,,,,,,,,,,DeepSeek,Corrected (test_indices),False
classification__easy__ritwikb3_heart-disease-statlog__Heart_disease_statlog,classification__easy__ritwikb3_heart-disease-statlog__Heart_disease_statlog__variant_02_of_05.json,classification,target,logistic,success,,0.9259,0.9474,0.8571,0.9,54.0,2.0,True,/home/joshua/Code/ai_projects/amalia/backend/data/uploads/datasets/classification/easy/ritwikb3_heart-disease-statlog/Heart_disease_statlog.csv,/home/joshua/Code/ai_projects/amalia/data/batch_results/corrected_execution/models/classification__easy__ritwikb3_heart-disease-statlog__Heart_disease_statlog.pkl,3.0,"['1:load_csv', '2:train_classification_model', '3:evaluate_classification_model']",,,,,,,,,,,,,,,,DeepSeek,Corrected (test_indices),False
classification__easy__ritwikb3_heart-disease-statlog__Heart_disease_statlog,classification__easy__ritwikb3_heart-disease-statlog__Heart_disease_statlog__variant_03_of_05.json,classification,target,logistic,success,,0.9259,0.9474,0.8571,0.9,54.0,2.0,True,/home/joshua/Code/ai_projects/amalia/backend/data/uploads/datasets/classification/easy/ritwikb3_heart-disease-statlog/Heart_disease_statlog.csv,/home/joshua/Code/ai_projects/amalia/data/batch_results/corrected_execution/models/classification__easy__ritwikb3_heart-disease-statlog__Heart_disease_statlog.pkl,3.0,"['1:load_csv', '2:train_classification_model', '3:evaluate_classification_model']",,,,,,,,,,,,,,,,DeepSeek,Corrected (test_indices),False
classification__easy__ritwikb3_heart-disease-statlog__Heart_disease_statlog,classification__easy__ritwikb3_heart-disease-statlog__Heart_disease_statlog__variant_04_of_05.json,classification,target,logistic,success,,0.9259,0.9474,0.8571,0.9,54.0,2.0,True,/home/joshua/Code/ai_projects/amalia/backend/data/uploads/datasets/classification/easy/ritwikb3_heart-disease-statlog/Heart_disease_statlog.csv,/home/joshua/Code/ai_projects/amalia/data/batch_results/corrected_execution/models/classification__easy__ritwikb3_heart-disease-statlog__Heart_disease_statlog.pkl,3.0,"['1:load_csv', '2:train_classification_model', '3:evaluate_classification_model']",,,,,,,,,,,,,,,,DeepSeek,Corrected (test_indices),False
classification__easy__ritwikb3_heart-disease-statlog__Heart_disease_statlog,classification__easy__ritwikb3_heart-disease-statlog__Heart_disease_statlog__variant_05_of_05.json,classification,,,success,,,,,,,,,/home/joshua/Code/ai_projects/amalia/backend/data/uploads/datasets/classification/easy/ritwikb3_heart-disease-statlog/Heart_disease_statlog.csv,,0.0,[],,,,,,,,,,,,,,,,DeepSeek,Corrected (test_indices),False
classification__easy__robikscube_eye-state-classification-eeg-dataset__EEG_Eye_State_Classification,classification__easy__robikscube_eye-state-classification-eeg-dataset__EEG_Eye_State_Classification__variant_01_of_05.json,classification,eyeDetection,logistic,success,,0.6272,0.6484,0.4539,0.534,2996.0,2.0,True,/home/joshua/Code/ai_projects/amalia/backend/data/uploads/datasets/classification/easy/robikscube_eye-state-classification-eeg-dataset/EEG_Eye_State_Classification.csv,/home/joshua/Code/ai_projects/amalia/data/batch_results/corrected_execution/models/classification__easy__robikscube_eye-state-classification-eeg-dataset__EEG_Eye_State_Classification.pkl,3.0,"['1:load_csv', '2:train_classification_model', '3:evaluate_classification_model']",,,,,,,,,,,,,,,,DeepSeek,Corrected (test_indices),False
classification__easy__robikscube_eye-state-classification-eeg-dataset__EEG_Eye_State_Classification,classification__easy__robikscube_eye-state-classification-eeg-dataset__EEG_Eye_State_Classification__variant_02_of_05.json,classification,eyeDetection,random_forest,success,,,,,,2996.0,2.0,,/home/joshua/Code/ai_projects/amalia/backend/data/uploads/datasets/classification/easy/robikscube_eye-state-classification-eeg-dataset/EEG_Eye_State_Classification.csv,/home/joshua/Code/ai_projects/amalia/data/batch_results/corrected_execution/models/classification__easy__robikscube_eye-state-classification-eeg-dataset__EEG_Eye_State_Classification.pkl,2.0,"['1:load_csv', '2:train_classification_model']",classification,1.0,0.9212,0.0788,11984.0,"['AF3', 'F7', 'F3', 'FC5', 'T7', 'P7', 'O1', 'O2', 'P8', 'T8', 'FC6', 'F4', 'F8', 'AF4']",/home/joshua/Code/ai_projects/amalia/data/batch_results/corrected_execution/models/classification__easy__robikscube_eye-state-classification-eeg-dataset__EEG_Eye_State_Classification.pkl,/home/joshua/Code/ai_projects/amalia/data/batch_results/corrected_execution/models/classification__easy__robikscube_eye-state-classification-eeg-dataset__EEG_Eye_State_Classification_test_indices.json,,,,,,,,DeepSeek,Corrected (test_indices),False
classification__easy__robikscube_eye-state-classification-eeg-dataset__EEG_Eye_State_Classification,classification__easy__robikscube_eye-state-classification-eeg-dataset__EEG_Eye_State_Classification__variant_03_of_05.json,classification,,,success,,,,,,,,,/home/joshua/Code/ai_projects/amalia/backend/data/uploads/datasets/classification/easy/robikscube_eye-state-classification-eeg-dataset/EEG_Eye_State_Classification.csv,,0.0,[],,,,,,,,,,,,,,,,DeepSeek,Corrected (test_indices),False
classification__easy__robikscube_eye-state-classification-eeg-dataset__EEG_Eye_State_Classification,classification__easy__robikscube_eye-state-classification-eeg-dataset__EEG_Eye_State_Classification__variant_04_of_05.json,classification,eyeDetection,logistic,success,,0.6272,0.6484,0.4539,0.534,2996.0,2.0,True,/home/joshua/Code/ai_projects/amalia/backend/data/uploads/datasets/classification/easy/robikscube_eye-state-classification-eeg-dataset/EEG_Eye_State_Classification.csv,/home/joshua/Code/ai_projects/amalia/data/batch_results/corrected_execution/models/classification__easy__robikscube_eye-state-classification-eeg-dataset__EEG_Eye_State_Classification.pkl,3.0,"['1:load_csv', '2:train_classification_model', '3:evaluate_classification_model']",,,,,,,,,,,,,,,,DeepSeek,Corrected (test_indices),False
classification__easy__robikscube_eye-state-classification-eeg-dataset__EEG_Eye_State_Classification,classification__easy__robikscube_eye-state-classification-eeg-dataset__EEG_Eye_State_Classification__variant_05_of_05.json,classification,eyeDetection,logistic,success,,0.6272,0.6484,0.4539,0.534,2996.0,2.0,True,/home/joshua/Code/ai_projects/amalia/backend/data/uploads/datasets/classification/easy/robikscube_eye-state-classification-eeg-dataset/EEG_Eye_State_Classification.csv,/home/joshua/Code/ai_projects/amalia/data/batch_results/corrected_execution/models/classification__easy__robikscube_eye-state-classification-eeg-dataset__EEG_Eye_State_Classification.pkl,3.0,"['1:load_csv', '2:train_classification_model', '3:evaluate_classification_model']",,,,,,,,,,,,,,,,DeepSeek,Corrected (test_indices),False
classification__easy__uciml_glass__glass,classification__easy__uciml_glass__glass__variant_01_of_05.json,classification,Type,logistic,success,,0.6977,0.6249,0.6977,0.6453,43.0,6.0,False,/home/joshua/Code/ai_projects/amalia/backend/data/uploads/datasets/classification/easy/uciml_glass/glass.csv,/home/joshua/Code/ai_projects/amalia/data/batch_results/corrected_execution/models/classification__easy__uciml_glass__glass.pkl,3.0,"['1:load_csv', '2:train_classification_model', '3:evaluate_classification_model']",,,,,,,,,,,,,,,,DeepSeek,Corrected (test_indices),False
classification__easy__uciml_glass__glass,classification__easy__uciml_glass__glass__variant_02_of_05.json,classification,Type,random_forest,success,,0.7674,0.7367,0.7674,0.7446,43.0,6.0,False,/home/joshua/Code/ai_projects/amalia/backend/data/uploads/datasets/classification/easy/uciml_glass/glass.csv,/home/joshua/Code/ai_projects/amalia/data/batch_results/corrected_execution/models/classification__easy__uciml_glass__glass.pkl,3.0,"['1:load_csv', '2:train_classification_model', '3:evaluate_classification_model']",,,,,,,,,,,,,,,,DeepSeek,Corrected (test_indices),False
classification__easy__uciml_glass__glass,classification__easy__uciml_glass__glass__variant_03_of_05.json,classification,Type,logistic,success,,0.6977,0.6249,0.6977,0.6453,43.0,6.0,False,/home/joshua/Code/ai_projects/amalia/backend/data/uploads/datasets/classification/easy/uciml_glass/glass.csv,/home/joshua/Code/ai_projects/amalia/data/batch_results/corrected_execution/models/classification__easy__uciml_glass__glass.pkl,3.0,"['1:load_csv', '2:train_classification_model', '3:evaluate_classification_model']",,,,,,,,,,,,,,,,DeepSeek,Corrected (test_indices),False
classification__easy__uciml_glass__glass,classification__easy__uciml_glass__glass__variant_04_of_05.json,classification,Type,random_forest,success,,,,,,43.0,6.0,,/home/joshua/Code/ai_projects/amalia/backend/data/uploads/datasets/classification/easy/uciml_glass/glass.csv,/home/joshua/Code/ai_projects/amalia/data/batch_results/corrected_execution/models/classification__easy__uciml_glass__glass.pkl,3.0,"['1:load_csv', '2:handle_missing_values', '3:train_classification_model']",classification,1.0,0.7209,0.2791,171.0,"['RI', 'Na', 'Mg', 'Al', 'Si', 'K', 'Ca', 'Ba', 'Fe']",/home/joshua/Code/ai_projects/amalia/data/batch_results/corrected_execution/models/classification__easy__uciml_glass__glass.pkl,/home/joshua/Code/ai_projects/amalia/data/batch_results/corrected_execution/models/classification__easy__uciml_glass__glass_test_indices.json,,,,,,,,DeepSeek,Corrected (test_indices),False
classification__easy__uciml_glass__glass,classification__easy__uciml_glass__glass__variant_05_of_05.json,classification,,,success,,,,,,,,,/home/joshua/Code/ai_projects/amalia/backend/data/uploads/datasets/classification/easy/uciml_glass/glass.csv,,1.0,['1:load_csv'],,,,,,,,,,,,,,,,DeepSeek,Corrected (test_indices),False
classification__easy__yasserh_heart-disease-dataset__heart,classification__easy__yasserh_heart-disease-dataset__heart__variant_01_of_05.json,classification,target,logistic,success,,0.8852,0.8788,0.9062,0.8923,61.0,2.0,True,/home/joshua/Code/ai_projects/amalia/backend/data/uploads/datasets/classification/easy/yasserh_heart-disease-dataset/heart.csv,/home/joshua/Code/ai_projects/amalia/data/batch_results/corrected_execution/models/classification__easy__yasserh_heart-disease-dataset__heart.pkl,3.0,"['1:load_csv', '2:train_classification_model', '3:evaluate_classification_model']",,,,,,,,,,,,,,,,DeepSeek,Corrected (test_indices),False
classification__easy__yasserh_heart-disease-dataset__heart,classification__easy__yasserh_heart-disease-dataset__heart__variant_02_of_05.json,classification,target,logistic,success,,0.8852,0.8788,0.9062,0.8923,61.0,2.0,True,/home/joshua/Code/ai_projects/amalia/backend/data/uploads/datasets/classification/easy/yasserh_heart-disease-dataset/heart.csv,/home/joshua/Code/ai_projects/amalia/data/batch_results/corrected_execution/models/classification__easy__yasserh_heart-disease-dataset__heart.pkl,3.0,"['1:load_csv', '2:train_classification_model', '3:evaluate_classification_model']",,,,,,,,,,,,,,,,DeepSeek,Corrected (test_indices),False
classification__easy__yasserh_heart-disease-dataset__heart,classification__easy__yasserh_heart-disease-dataset__heart__variant_03_of_05.json,classification,target,logistic,success,,0.8852,0.8788,0.9062,0.8923,61.0,2.0,True,/home/joshua/Code/ai_projects/amalia/backend/data/uploads/datasets/classification/easy/yasserh_heart-disease-dataset/heart.csv,/home/joshua/Code/ai_projects/amalia/data/batch_results/corrected_execution/models/classification__easy__yasserh_heart-disease-dataset__heart.pkl,3.0,"['1:load_csv', '2:train_classification_model', '3:evaluate_classification_model']",,,,,,,,,,,,,,,,DeepSeek,Corrected (test_indices),False
classification__easy__yasserh_heart-disease-dataset__heart,classification__easy__yasserh_heart-disease-dataset__heart__variant_04_of_05.json,classification,target,logistic,success,,0.8852,0.8788,0.9062,0.8923,61.0,2.0,True,/home/joshua/Code/ai_projects/amalia/backend/data/uploads/datasets/classification/easy/yasserh_heart-disease-dataset/heart.csv,/home/joshua/Code/ai_projects/amalia/data/batch_results/corrected_execution/models/classification__easy__yasserh_heart-disease-dataset__heart.pkl,3.0,"['1:load_csv', '2:train_classification_model', '3:evaluate_classification_model']",,,,,,,,,,,,,,,,DeepSeek,Corrected (test_indices),False
classification__easy__yasserh_heart-disease-dataset__heart,classification__easy__yasserh_heart-disease-dataset__heart__variant_05_of_05.json,classification,target,logistic,success,,0.8852,0.8788,0.9062,0.8923,61.0,2.0,True,/home/joshua/Code/ai_projects/amalia/backend/data/uploads/datasets/classification/easy/yasserh_heart-disease-dataset/heart.csv,/home/joshua/Code/ai_projects/amalia/data/batch_results/corrected_execution/models/classification__easy__yasserh_heart-disease-dataset__heart.pkl,3.0,"['1:load_csv', '2:train_classification_model', '3:evaluate_classification_model']",,,,,,,,,,,,,,,,DeepSeek,Corrected (test_indices),False
classification__easy__yasserh_wine-quality-dataset__WineQT,classification__easy__yasserh_wine-quality-dataset__WineQT__variant_01_of_05.json,regression,Id,linear,success,,,,,,229.0,,,/home/joshua/Code/ai_projects/amalia/backend/data/uploads/datasets/classification/easy/yasserh_wine-quality-dataset/WineQT.csv,/home/joshua/Code/ai_projects/amalia/data/batch_results/corrected_execution/models/classification__easy__yasserh_wine-quality-dataset__WineQT.pkl,3.0,"['1:load_csv', '2:train_regression_model', '3:evaluate_regression_model']",,,,,,,,,0.1226,184153.57,429.1312,347.403,242.9196,,,DeepSeek,Corrected (test_indices),False
classification__easy__yasserh_wine-quality-dataset__WineQT,classification__easy__yasserh_wine-quality-dataset__WineQT__variant_02_of_05.json,regression,Id,linear,success,,,,,,229.0,,,/home/joshua/Code/ai_projects/amalia/backend/data/uploads/datasets/classification/easy/yasserh_wine-quality-dataset/WineQT.csv,/home/joshua/Code/ai_projects/amalia/data/batch_results/corrected_execution/models/classification__easy__yasserh_wine-quality-dataset__WineQT.pkl,3.0,"['1:load_csv', '2:train_regression_model', '3:evaluate_regression_model']",,,,,,,,,0.1226,184153.57,429.1312,347.403,242.9196,,,DeepSeek,Corrected (test_indices),False
classification__easy__yasserh_wine-quality-dataset__WineQT,classification__easy__yasserh_wine-quality-dataset__WineQT__variant_03_of_05.json,regression,Id,linear,success,,,,,,229.0,,,/home/joshua/Code/ai_projects/amalia/backend/data/uploads/datasets/classification/easy/yasserh_wine-quality-dataset/WineQT.csv,/home/joshua/Code/ai_projects/amalia/data/batch_results/corrected_execution/models/classification__easy__yasserh_wine-quality-dataset__WineQT.pkl,3.0,"['1:load_csv', '2:train_regression_model', '3:evaluate_regression_model']",,,,,,,,,0.1226,184153.57,429.1312,347.403,242.9196,,,DeepSeek,Corrected (test_indices),False
classification__easy__yasserh_wine-quality-dataset__WineQT,classification__easy__yasserh_wine-quality-dataset__WineQT__variant_04_of_05.json,classification,quality,knn,success,,0.5808,0.5717,0.5808,0.5742,229.0,6.0,False,/home/joshua/Code/ai_projects/amalia/backend/data/uploads/datasets/classification/easy/yasserh_wine-quality-dataset/WineQT.csv,/home/joshua/Code/ai_projects/amalia/data/batch_results/corrected_execution/models/classification__easy__yasserh_wine-quality-dataset__WineQT.pkl,5.0,"['2:train_classification_model', '2:train_classification_model', '2:train_classification_model', '2:train_classification_model', '4:evaluate_classification_model']",,,,,,,,,,,,,,,,DeepSeek,Corrected (test_indices),False
classification__easy__yasserh_wine-quality-dataset__WineQT,classification__easy__yasserh_wine-quality-dataset__WineQT__variant_05_of_05.json,regression,Id,linear,success,,,,,,229.0,,,/home/joshua/Code/ai_projects/amalia/backend/data/uploads/datasets/classification/easy/yasserh_wine-quality-dataset/WineQT.csv,/home/joshua/Code/ai_projects/amalia/data/batch_results/corrected_execution/models/classification__easy__yasserh_wine-quality-dataset__WineQT.pkl,3.0,"['1:load_csv', '2:train_regression_model', '3:evaluate_regression_model']",,,,,,,,,0.1226,184153.57,429.1312,347.403,242.9196,,,DeepSeek,Corrected (test_indices),False
classification__hard__abhishek14398_loan-dataset__loan,classification__hard__abhishek14398_loan-dataset__loan__variant_01_of_05.json,classification,total_il_high_credit_limit,naive_bayes,failed,Input y contains NaN.,,,,,,,,,,,,,,,,,,,,,,,,,,,DeepSeek,Corrected (test_indices),False
classification__hard__abhishek14398_loan-dataset__loan,classification__hard__abhishek14398_loan-dataset__loan__variant_02_of_05.json,classification,total_il_high_credit_limit,naive_bayes,failed,Input y contains NaN.,,,,,,,,,,,,,,,,,,,,,,,,,,,DeepSeek,Corrected (test_indices),False
classification__hard__abhishek14398_loan-dataset__loan,classification__hard__abhishek14398_loan-dataset__loan__variant_03_of_05.json,classification,total_il_high_credit_limit,naive_bayes,failed,Input y contains NaN.,,,,,,,,,,,,,,,,,,,,,,,,,,,DeepSeek,Corrected (test_indices),False
classification__hard__abhishek14398_loan-dataset__loan,classification__hard__abhishek14398_loan-dataset__loan__variant_04_of_05.json,classification,total_il_high_credit_limit,naive_bayes,failed,Input y contains NaN.,,,,,,,,,,,,,,,,,,,,,,,,,,,DeepSeek,Corrected (test_indices),False
classification__hard__abhishek14398_loan-dataset__loan,classification__hard__abhishek14398_loan-dataset__loan__variant_05_of_05.json,classification,total_il_high_credit_limit,naive_bayes,failed,Input y contains NaN.,,,,,,,,,,,,,,,,,,,,,,,,,,,DeepSeek,Corrected (test_indices),False
classification__hard__andrewmvd_cyberbullying-classification__cyberbullying_tweets,classification__hard__andrewmvd_cyberbullying-classification__cyberbullying_tweets__variant_01_of_05.json,classification,cyberbullying_type,logistic,success,,,,,,4000.0,6.0,,/home/joshua/Code/ai_projects/amalia/backend/data/uploads/datasets/classification/hard/andrewmvd_cyberbullying-classification/cyberbullying_tweets.csv,/home/joshua/Code/ai_projects/amalia/data/batch_results/corrected_execution/models/classification__hard__andrewmvd_cyberbullying-classification__cyberbullying_tweets.pkl,2.0,"['1:load_csv', '3:train_classification_model']",classification,0.8906,0.888,0.0026,16000.0,['tweet_text'],/home/joshua/Code/ai_projects/amalia/data/batch_results/corrected_execution/models/classification__hard__andrewmvd_cyberbullying-classification__cyberbullying_tweets.pkl,/home/joshua/Code/ai_projects/amalia/data/batch_results/corrected_execution/models/classification__hard__andrewmvd_cyberbullying-classification__cyberbullying_tweets_test_indices.json,,,,,,,,DeepSeek,Corrected (test_indices),False
classification__hard__andrewmvd_cyberbullying-classification__cyberbullying_tweets,classification__hard__andrewmvd_cyberbullying-classification__cyberbullying_tweets__variant_02_of_05.json,classification,label,random_forest,failed,train_classification_model: Target column 'label' not found,,,,,,,,,,,,,,,,,,,,,,,,,,,DeepSeek,Corrected (test_indices),False
classification__hard__andrewmvd_cyberbullying-classification__cyberbullying_tweets,classification__hard__andrewmvd_cyberbullying-classification__cyberbullying_tweets__variant_03_of_05.json,classification,cyberbullying_type,logistic,success,,0.1698,0.0288,0.1698,0.0493,4000.0,6.0,False,/home/joshua/Code/ai_projects/amalia/backend/data/uploads/datasets/classification/hard/andrewmvd_cyberbullying-classification/cyberbullying_tweets.csv,/home/joshua/Code/ai_projects/amalia/data/batch_results/corrected_execution/models/classification__hard__andrewmvd_cyberbullying-classification__cyberbullying_tweets.pkl,3.0,"['1:load_csv', '2:train_classification_model', '3:evaluate_classification_model']",,,,,,,,,,,,,,,,DeepSeek,Corrected (test_indices),False
classification__hard__andrewmvd_cyberbullying-classification__cyberbullying_tweets,classification__hard__andrewmvd_cyberbullying-classification__cyberbullying_tweets__variant_04_of_05.json,classification,cyberbullying_type,logistic,success,,0.1698,0.0288,0.1698,0.0493,4000.0,6.0,False,/home/joshua/Code/ai_projects/amalia/backend/data/uploads/datasets/classification/hard/andrewmvd_cyberbullying-classification/cyberbullying_tweets.csv,/home/joshua/Code/ai_projects/amalia/data/batch_results/corrected_execution/models/classification__hard__andrewmvd_cyberbullying-classification__cyberbullying_tweets.pkl,3.0,"['1:load_csv', '2:train_classification_model', '3:evaluate_classification_model']",,,,,,,,,,,,,,,,DeepSeek,Corrected (test_indices),False
classification__hard__andrewmvd_cyberbullying-classification__cyberbullying_tweets,classification__hard__andrewmvd_cyberbullying-classification__cyberbullying_tweets__variant_05_of_05.json,classification,,,success,,,,,,,,,/home/joshua/Code/ai_projects/amalia/backend/data/uploads/datasets/classification/hard/andrewmvd_cyberbullying-classification/cyberbullying_tweets.csv,,0.0,[],,,,,,,,,,,,,,,,DeepSeek,Corrected (test_indices),False
classification__hard__balaka18_email-spam-classification-dataset-csv__emails,classification__hard__balaka18_email-spam-classification-dataset-csv__emails__variant_01_of_05.json,classification,target,svm,success,,0.9874,0.975,0.9874,0.9812,1035.0,5.0,False,/home/joshua/Code/ai_projects/amalia/backend/data/uploads/datasets/classification/hard/balaka18_email-spam-classification-dataset-csv/emails.csv,/home/joshua/Code/ai_projects/amalia/data/batch_results/corrected_execution/models/classification__hard__balaka18_email-spam-classification-dataset-csv__emails.pkl,3.0,"['1:load_csv', '2:train_classification_model', '3:evaluate_classification_model']",,,,,,,,,,,,,,,,DeepSeek,Corrected (test_indices),True
classification__hard__balaka18_email-spam-classification-dataset-csv__emails,classification__hard__balaka18_email-spam-classification-dataset-csv__emails__variant_02_of_05.json,classification,target,svm,success,,0.9874,0.975,0.9874,0.9812,1035.0,5.0,False,/home/joshua/Code/ai_projects/amalia/backend/data/uploads/datasets/classification/hard/balaka18_email-spam-classification-dataset-csv/emails.csv,/home/joshua/Code/ai_projects/amalia/data/batch_results/corrected_execution/models/classification__hard__balaka18_email-spam-classification-dataset-csv__emails.pkl,3.0,"['1:load_csv', '2:train_classification_model', '3:evaluate_classification_model']",,,,,,,,,,,,,,,,DeepSeek,Corrected (test_indices),True
classification__hard__balaka18_email-spam-classification-dataset-csv__emails,classification__hard__balaka18_email-spam-classification-dataset-csv__emails__variant_03_of_05.json,classification,target,svm,success,,0.9874,0.975,0.9874,0.9812,1035.0,5.0,False,/home/joshua/Code/ai_projects/amalia/backend/data/uploads/datasets/classification/hard/balaka18_email-spam-classification-dataset-csv/emails.csv,/home/joshua/Code/ai_projects/amalia/data/batch_results/corrected_execution/models/classification__hard__balaka18_email-spam-classification-dataset-csv__emails.pkl,3.0,"['1:load_csv', '2:train_classification_model', '3:evaluate_classification_model']",,,,,,,,,,,,,,,,DeepSeek,Corrected (test_indices),True
classification__hard__balaka18_email-spam-classification-dataset-csv__emails,classification__hard__balaka18_email-spam-classification-dataset-csv__emails__variant_04_of_05.json,classification,target,svm,success,,0.9874,0.975,0.9874,0.9812,1035.0,5.0,False,/home/joshua/Code/ai_projects/amalia/backend/data/uploads/datasets/classification/hard/balaka18_email-spam-classification-dataset-csv/emails.csv,/home/joshua/Code/ai_projects/amalia/data/batch_results/corrected_execution/models/classification__hard__balaka18_email-spam-classification-dataset-csv__emails.pkl,3.0,"['1:load_csv', '2:train_classification_model', '3:evaluate_classification_model']",,,,,,,,,,,,,,,,DeepSeek,Corrected (test_indices),True
classification__hard__balaka18_email-spam-classification-dataset-csv__emails,classification__hard__balaka18_email-spam-classification-dataset-csv__emails__variant_05_of_05.json,classification,target,svm,success,,0.9874,0.975,0.9874,0.9812,1035.0,5.0,False,/home/joshua/Code/ai_projects/amalia/backend/data/uploads/datasets/classification/hard/balaka18_email-spam-classification-dataset-csv/emails.csv,/home/joshua/Code/ai_projects/amalia/data/batch_results/corrected_execution/models/classification__hard__balaka18_email-spam-classification-dataset-csv__emails.pkl,3.0,"['1:load_csv', '2:train_classification_model', '3:evaluate_classification_model']",,,,,,,,,,,,,,,,DeepSeek,Corrected (test_indices),True
classification__hard__ddosad_ecommerce-customer-service-satisfaction__Customer_support_data,classification__hard__ddosad_ecommerce-customer-service-satisfaction__Customer_support_data__variant_01_of_05.json,classification,CSAT Score,naive_bayes,failed,"Input X contains NaN.
GaussianNB does not accept missing values encoded as NaN natively. For supervised learning, you might want to consider sklearn.ensemble.HistGradientBoostingClassifier and Regressor which accept missing values encoded as NaNs natively. Alternatively, it is possible to preprocess the data, for instance by using an imputer transformer in a pipeline or drop samples with missing values. See https://scikit-learn.org/stable/modules/impute.html You can find a list of all estimators that handle NaN values at the following page: https://scikit-learn.org/stable/modules/impute.html#estimators-that-handle-nan-values",,,,,,,,,,,,,,,,,,,,,,,,,,,DeepSeek,Corrected (test_indices),False
classification__hard__ddosad_ecommerce-customer-service-satisfaction__Customer_support_data,classification__hard__ddosad_ecommerce-customer-service-satisfaction__Customer_support_data__variant_02_of_05.json,classification,CSAT Score,naive_bayes,failed,"Input X contains NaN.
GaussianNB does not accept missing values encoded as NaN natively. For supervised learning, you might want to consider sklearn.ensemble.HistGradientBoostingClassifier and Regressor which accept missing values encoded as NaNs natively. Alternatively, it is possible to preprocess the data, for instance by using an imputer transformer in a pipeline or drop samples with missing values. See https://scikit-learn.org/stable/modules/impute.html You can find a list of all estimators that handle NaN values at the following page: https://scikit-learn.org/stable/modules/impute.html#estimators-that-handle-nan-values",,,,,,,,,,,,,,,,,,,,,,,,,,,DeepSeek,Corrected (test_indices),False
classification__hard__ddosad_ecommerce-customer-service-satisfaction__Customer_support_data,classification__hard__ddosad_ecommerce-customer-service-satisfaction__Customer_support_data__variant_03_of_05.json,classification,CSAT Score,naive_bayes,failed,"Input X contains NaN.
GaussianNB does not accept missing values encoded as NaN natively. For supervised learning, you might want to consider sklearn.ensemble.HistGradientBoostingClassifier and Regressor which accept missing values encoded as NaNs natively. Alternatively, it is possible to preprocess the data, for instance by using an imputer transformer in a pipeline or drop samples with missing values. See https://scikit-learn.org/stable/modules/impute.html You can find a list of all estimators that handle NaN values at the following page: https://scikit-learn.org/stable/modules/impute.html#estimators-that-handle-nan-values",,,,,,,,,,,,,,,,,,,,,,,,,,,DeepSeek,Corrected (test_indices),False
classification__hard__ddosad_ecommerce-customer-service-satisfaction__Customer_support_data,classification__hard__ddosad_ecommerce-customer-service-satisfaction__Customer_support_data__variant_04_of_05.json,classification,CSAT Score,naive_bayes,failed,"Input X contains NaN.
GaussianNB does not accept missing values encoded as NaN natively. For supervised learning, you might want to consider sklearn.ensemble.HistGradientBoostingClassifier and Regressor which accept missing values encoded as NaNs natively. Alternatively, it is possible to preprocess the data, for instance by using an imputer transformer in a pipeline or drop samples with missing values. See https://scikit-learn.org/stable/modules/impute.html You can find a list of all estimators that handle NaN values at the following page: https://scikit-learn.org/stable/modules/impute.html#estimators-that-handle-nan-values",,,,,,,,,,,,,,,,,,,,,,,,,,,DeepSeek,Corrected (test_indices),False
classification__hard__ddosad_ecommerce-customer-service-satisfaction__Customer_support_data,classification__hard__ddosad_ecommerce-customer-service-satisfaction__Customer_support_data__variant_05_of_05.json,classification,CSAT Score,naive_bayes,failed,"Input X contains NaN.
GaussianNB does not accept missing values encoded as NaN natively. For supervised learning, you might want to consider sklearn.ensemble.HistGradientBoostingClassifier and Regressor which accept missing values encoded as NaNs natively. Alternatively, it is possible to preprocess the data, for instance by using an imputer transformer in a pipeline or drop samples with missing values. See https://scikit-learn.org/stable/modules/impute.html You can find a list of all estimators that handle NaN values at the following page: https://scikit-learn.org/stable/modules/impute.html#estimators-that-handle-nan-values",,,,,,,,,,,,,,,,,,,,,,,,,,,DeepSeek,Corrected (test_indices),False
classification__hard__hetulmehta_website-classification__website_classification,classification__hard__hetulmehta_website-classification__website_classification__variant_01_of_05.json,classification,Category,logistic,success,,0.0957,0.0306,0.0957,0.038,282.0,16.0,False,/home/joshua/Code/ai_projects/amalia/backend/data/uploads/datasets/classification/hard/hetulmehta_website-classification/website_classification.csv,/home/joshua/Code/ai_projects/amalia/data/batch_results/corrected_execution/models/classification__hard__hetulmehta_website-classification__website_classification.pkl,3.0,"['1:load_csv', '2:train_classification_model', '3:evaluate_classification_model']",,,,,,,,,,,,,,,,DeepSeek,Corrected (test_indices),False
classification__hard__hetulmehta_website-classification__website_classification,classification__hard__hetulmehta_website-classification__website_classification__variant_02_of_05.json,classification,,,success,,,,,,,,,/home/joshua/Code/ai_projects/amalia/backend/data/uploads/datasets/classification/hard/hetulmehta_website-classification/website_classification.csv,,1.0,['1:load_csv'],,,,,,,,,,,,,,,,DeepSeek,Corrected (test_indices),False
classification__hard__hetulmehta_website-classification__website_classification,classification__hard__hetulmehta_website-classification__website_classification__variant_03_of_05.json,classification,Category,logistic,success,,0.0957,0.0306,0.0957,0.038,282.0,16.0,False,/home/joshua/Code/ai_projects/amalia/backend/data/uploads/datasets/classification/hard/hetulmehta_website-classification/website_classification.csv,/home/joshua/Code/ai_projects/amalia/data/batch_results/corrected_execution/models/classification__hard__hetulmehta_website-classification__website_classification.pkl,3.0,"['1:load_csv', '2:train_classification_model', '3:evaluate_classification_model']",,,,,,,,,,,,,,,,DeepSeek,Corrected (test_indices),False
classification__hard__hetulmehta_website-classification__website_classification,classification__hard__hetulmehta_website-classification__website_classification__variant_04_of_05.json,classification,Category,logistic,success,,0.0957,0.0306,0.0957,0.038,282.0,16.0,False,/home/joshua/Code/ai_projects/amalia/backend/data/uploads/datasets/classification/hard/hetulmehta_website-classification/website_classification.csv,/home/joshua/Code/ai_projects/amalia/data/batch_results/corrected_execution/models/classification__hard__hetulmehta_website-classification__website_classification.pkl,3.0,"['1:load_csv', '2:train_classification_model', '3:evaluate_classification_model']",,,,,,,,,,,,,,,,DeepSeek,Corrected (test_indices),False
classification__hard__hetulmehta_website-classification__website_classification,classification__hard__hetulmehta_website-classification__website_classification__variant_05_of_05.json,classification,Category,logistic,success,,0.0957,0.0306,0.0957,0.038,282.0,16.0,False,/home/joshua/Code/ai_projects/amalia/backend/data/uploads/datasets/classification/hard/hetulmehta_website-classification/website_classification.csv,/home/joshua/Code/ai_projects/amalia/data/batch_results/corrected_execution/models/classification__hard__hetulmehta_website-classification__website_classification.pkl,3.0,"['1:load_csv', '2:train_classification_model', '3:evaluate_classification_model']",,,,,,,,,,,,,,,,DeepSeek,Corrected (test_indices),False
classification__hard__jocelyndumlao_consumer-review-of-clothing-product__Consumer Review of Clothing Product__data_amazon.xlsx - Sheet1,classification__hard__jocelyndumlao_consumer-review-of-clothing-product__Consumer Review of Clothing Product__data_amazon.xlsx - Sheet1__variant_01_of_05.json,classification,Durability,logistic,failed,"Input X contains NaN.
LogisticRegression does not accept missing values encoded as NaN natively. For supervised learning, you might want to consider sklearn.ensemble.HistGradientBoostingClassifier and Regressor which accept missing values encoded as NaNs natively. Alternatively, it is possible to preprocess the data, for instance by using an imputer transformer in a pipeline or drop samples with missing values. See https://scikit-learn.org/stable/modules/impute.html You can find a list of all estimators that handle NaN values at the following page: https://scikit-learn.org/stable/modules/impute.html#estimators-that-handle-nan-values",,,,,,,,,,,,,,,,,,,,,,,,,,,DeepSeek,Corrected (test_indices),False
classification__hard__jocelyndumlao_consumer-review-of-clothing-product__Consumer Review of Clothing Product__data_amazon.xlsx - Sheet1,classification__hard__jocelyndumlao_consumer-review-of-clothing-product__Consumer Review of Clothing Product__data_amazon.xlsx - Sheet1__variant_02_of_05.json,classification,Durability,logistic,failed,"Input X contains NaN.
LogisticRegression does not accept missing values encoded as NaN natively. For supervised learning, you might want to consider sklearn.ensemble.HistGradientBoostingClassifier and Regressor which accept missing values encoded as NaNs natively. Alternatively, it is possible to preprocess the data, for instance by using an imputer transformer in a pipeline or drop samples with missing values. See https://scikit-learn.org/stable/modules/impute.html You can find a list of all estimators that handle NaN values at the following page: https://scikit-learn.org/stable/modules/impute.html#estimators-that-handle-nan-values",,,,,,,,,,,,,,,,,,,,,,,,,,,DeepSeek,Corrected (test_indices),False
classification__hard__jocelyndumlao_consumer-review-of-clothing-product__Consumer Review of Clothing Product__data_amazon.xlsx - Sheet1,classification__hard__jocelyndumlao_consumer-review-of-clothing-product__Consumer Review of Clothing Product__data_amazon.xlsx - Sheet1__variant_03_of_05.json,classification,Durability,logistic,failed,"Input X contains NaN.
LogisticRegression does not accept missing values encoded as NaN natively. For supervised learning, you might want to consider sklearn.ensemble.HistGradientBoostingClassifier and Regressor which accept missing values encoded as NaNs natively. Alternatively, it is possible to preprocess the data, for instance by using an imputer transformer in a pipeline or drop samples with missing values. See https://scikit-learn.org/stable/modules/impute.html You can find a list of all estimators that handle NaN values at the following page: https://scikit-learn.org/stable/modules/impute.html#estimators-that-handle-nan-values",,,,,,,,,,,,,,,,,,,,,,,,,,,DeepSeek,Corrected (test_indices),False
classification__hard__jocelyndumlao_consumer-review-of-clothing-product__Consumer Review of Clothing Product__data_amazon.xlsx - Sheet1,classification__hard__jocelyndumlao_consumer-review-of-clothing-product__Consumer Review of Clothing Product__data_amazon.xlsx - Sheet1__variant_04_of_05.json,classification,Durability,logistic,failed,"Input X contains NaN.
LogisticRegression does not accept missing values encoded as NaN natively. For supervised learning, you might want to consider sklearn.ensemble.HistGradientBoostingClassifier and Regressor which accept missing values encoded as NaNs natively. Alternatively, it is possible to preprocess the data, for instance by using an imputer transformer in a pipeline or drop samples with missing values. See https://scikit-learn.org/stable/modules/impute.html You can find a list of all estimators that handle NaN values at the following page: https://scikit-learn.org/stable/modules/impute.html#estimators-that-handle-nan-values",,,,,,,,,,,,,,,,,,,,,,,,,,,DeepSeek,Corrected (test_indices),False
classification__hard__jocelyndumlao_consumer-review-of-clothing-product__Consumer Review of Clothing Product__data_amazon.xlsx - Sheet1,classification__hard__jocelyndumlao_consumer-review-of-clothing-product__Consumer Review of Clothing Product__data_amazon.xlsx - Sheet1__variant_05_of_05.json,classification,Durability,logistic,failed,"Input X contains NaN.
LogisticRegression does not accept missing values encoded as NaN natively. For supervised learning, you might want to consider sklearn.ensemble.HistGradientBoostingClassifier and Regressor which accept missing values encoded as NaNs natively. Alternatively, it is possible to preprocess the data, for instance by using an imputer transformer in a pipeline or drop samples with missing values. See https://scikit-learn.org/stable/modules/impute.html You can find a list of all estimators that handle NaN values at the following page: https://scikit-learn.org/stable/modules/impute.html#estimators-that-handle-nan-values",,,,,,,,,,,,,,,,,,,,,,,,,,,DeepSeek,Corrected (test_indices),False
classification__hard__pashupatigupta_emotion-detection-from-text__tweet_emotions,classification__hard__pashupatigupta_emotion-detection-from-text__tweet_emotions__variant_01_of_05.json,classification,content,logistic,success,,0.0,0.0,0.0,0.0,4000.0,3997.0,False,/home/joshua/Code/ai_projects/amalia/backend/data/uploads/datasets/classification/hard/pashupatigupta_emotion-detection-from-text/tweet_emotions.csv,/home/joshua/Code/ai_projects/amalia/data/batch_results/corrected_execution/models/classification__hard__pashupatigupta_emotion-detection-from-text__tweet_emotions.pkl,3.0,"['1:load_csv', '2:train_classification_model', '3:evaluate_classification_model']",,,,,,,,,,,,,,,,DeepSeek,Corrected (test_indices),False
classification__hard__pashupatigupta_emotion-detection-from-text__tweet_emotions,classification__hard__pashupatigupta_emotion-detection-from-text__tweet_emotions__variant_02_of_05.json,classification,content,logistic,success,,0.0,0.0,0.0,0.0,4000.0,3997.0,False,/home/joshua/Code/ai_projects/amalia/backend/data/uploads/datasets/classification/hard/pashupatigupta_emotion-detection-from-text/tweet_emotions.csv,/home/joshua/Code/ai_projects/amalia/data/batch_results/corrected_execution/models/classification__hard__pashupatigupta_emotion-detection-from-text__tweet_emotions.pkl,3.0,"['1:load_csv', '2:train_classification_model', '3:evaluate_classification_model']",,,,,,,,,,,,,,,,DeepSeek,Corrected (test_indices),False
classification__hard__pashupatigupta_emotion-detection-from-text__tweet_emotions,classification__hard__pashupatigupta_emotion-detection-from-text__tweet_emotions__variant_03_of_05.json,classification,,,success,,,,,,,,,/home/joshua/Code/ai_projects/amalia/backend/data/uploads/datasets/classification/hard/pashupatigupta_emotion-detection-from-text/tweet_emotions.csv,,0.0,[],,,,,,,,,,,,,,,,DeepSeek,Corrected (test_indices),False
classification__hard__pashupatigupta_emotion-detection-from-text__tweet_emotions,classification__hard__pashupatigupta_emotion-detection-from-text__tweet_emotions__variant_04_of_05.json,classification,content,logistic,success,,0.0,0.0,0.0,0.0,4000.0,3997.0,False,/home/joshua/Code/ai_projects/amalia/backend/data/uploads/datasets/classification/hard/pashupatigupta_emotion-detection-from-text/tweet_emotions.csv,/home/joshua/Code/ai_projects/amalia/data/batch_results/corrected_execution/models/classification__hard__pashupatigupta_emotion-detection-from-text__tweet_emotions.pkl,3.0,"['1:load_csv', '2:train_classification_model', '3:evaluate_classification_model']",,,,,,,,,,,,,,,,DeepSeek,Corrected (test_indices),False
classification__hard__pashupatigupta_emotion-detection-from-text__tweet_emotions,classification__hard__pashupatigupta_emotion-detection-from-text__tweet_emotions__variant_05_of_05.json,classification,content,logistic,success,,0.0,0.0,0.0,0.0,4000.0,3997.0,False,/home/joshua/Code/ai_projects/amalia/backend/data/uploads/datasets/classification/hard/pashupatigupta_emotion-detection-from-text/tweet_emotions.csv,/home/joshua/Code/ai_projects/amalia/data/batch_results/corrected_execution/models/classification__hard__pashupatigupta_emotion-detection-from-text__tweet_emotions.pkl,3.0,"['1:load_csv', '2:train_classification_model', '3:evaluate_classification_model']",,,,,,,,,,,,,,,,DeepSeek,Corrected (test_indices),False
classification__hard__prox37_twitter-multilabel-classification-dataset__mLabel_tweets,classification__hard__prox37_twitter-multilabel-classification-dataset__mLabel_tweets__variant_01_of_05.json,classification,labels,logistic,success,,0.2907,0.0845,0.2907,0.1309,1985.0,139.0,False,/home/joshua/Code/ai_projects/amalia/backend/data/uploads/datasets/classification/hard/prox37_twitter-multilabel-classification-dataset/mLabel_tweets.csv,/home/joshua/Code/ai_projects/amalia/data/batch_results/corrected_execution/models/classification__hard__prox37_twitter-multilabel-classification-dataset__mLabel_tweets.pkl,3.0,"['1:load_csv', '2:train_classification_model', '3:evaluate_classification_model']",,,,,,,,,,,,,,,,DeepSeek,Corrected (test_indices),False
classification__hard__prox37_twitter-multilabel-classification-dataset__mLabel_tweets,classification__hard__prox37_twitter-multilabel-classification-dataset__mLabel_tweets__variant_02_of_05.json,classification,labels,logistic,success,,0.2907,0.0845,0.2907,0.1309,1985.0,139.0,False,/home/joshua/Code/ai_projects/amalia/backend/data/uploads/datasets/classification/hard/prox37_twitter-multilabel-classification-dataset/mLabel_tweets.csv,/home/joshua/Code/ai_projects/amalia/data/batch_results/corrected_execution/models/classification__hard__prox37_twitter-multilabel-classification-dataset__mLabel_tweets.pkl,3.0,"['1:load_csv', '2:train_classification_model', '3:evaluate_classification_model']",,,,,,,,,,,,,,,,DeepSeek,Corrected (test_indices),False
classification__hard__prox37_twitter-multilabel-classification-dataset__mLabel_tweets,classification__hard__prox37_twitter-multilabel-classification-dataset__mLabel_tweets__variant_03_of_05.json,classification,labels,logistic,success,,0.2907,0.0845,0.2907,0.1309,1985.0,139.0,False,/home/joshua/Code/ai_projects/amalia/backend/data/uploads/datasets/classification/hard/prox37_twitter-multilabel-classification-dataset/mLabel_tweets.csv,/home/joshua/Code/ai_projects/amalia/data/batch_results/corrected_execution/models/classification__hard__prox37_twitter-multilabel-classification-dataset__mLabel_tweets.pkl,3.0,"['1:load_csv', '2:train_classification_model', '3:evaluate_classification_model']",,,,,,,,,,,,,,,,DeepSeek,Corrected (test_indices),False
classification__hard__prox37_twitter-multilabel-classification-dataset__mLabel_tweets,classification__hard__prox37_twitter-multilabel-classification-dataset__mLabel_tweets__variant_04_of_05.json,classification,labels,logistic,success,,0.2907,0.0845,0.2907,0.1309,1985.0,139.0,False,/home/joshua/Code/ai_projects/amalia/backend/data/uploads/datasets/classification/hard/prox37_twitter-multilabel-classification-dataset/mLabel_tweets.csv,/home/joshua/Code/ai_projects/amalia/data/batch_results/corrected_execution/models/classification__hard__prox37_twitter-multilabel-classification-dataset__mLabel_tweets.pkl,3.0,"['1:load_csv', '2:train_classification_model', '3:evaluate_classification_model']",,,,,,,,,,,,,,,,DeepSeek,Corrected (test_indices),False
classification__hard__prox37_twitter-multilabel-classification-dataset__mLabel_tweets,classification__hard__prox37_twitter-multilabel-classification-dataset__mLabel_tweets__variant_05_of_05.json,classification,labels,logistic,success,,0.2907,0.0845,0.2907,0.1309,1985.0,139.0,False,/home/joshua/Code/ai_projects/amalia/backend/data/uploads/datasets/classification/hard/prox37_twitter-multilabel-classification-dataset/mLabel_tweets.csv,/home/joshua/Code/ai_projects/amalia/data/batch_results/corrected_execution/models/classification__hard__prox37_twitter-multilabel-classification-dataset__mLabel_tweets.pkl,3.0,"['1:load_csv', '2:train_classification_model', '3:evaluate_classification_model']",,,,,,,,,,,,,,,,DeepSeek,Corrected (test_indices),False
classification__hard__saurabhshahane_ecommerce-text-classification__ecommerceDataset,classification__hard__saurabhshahane_ecommerce-text-classification__ecommerceDataset__variant_01_of_05.json,classification,"Paper Plane Design Framed Wall Hanging Motivational Office Decor Art Prints (8.7 X 8.7 inch) - Set of 4 Painting made up in synthetic frame with uv textured print which gives multi effects and attracts towards it. This is an special series of paintings which makes your wall very beautiful and gives a royal touch. This painting is ready to hang, you would be proud to possess this unique painting that is a niche apart. We use only the most modern and efficient printing technology on our prints, with only the and inks and precision epson, roland and hp printers. This innovative hd printing technique results in durable and spectacular looking prints of the highest that last a lifetime. We print solely with top-notch 100% inks, to achieve brilliant and true colours. Due to their high level of uv resistance, our prints retain their beautiful colours for many years. Add colour and style to your living space with this digitally printed painting. Some are for pleasure and some for eternal bliss.so bring home this elegant print that is lushed with rich colors that makes it nothing but sheer elegance to be to your friends and family.it would be treasured forever by whoever your lucky recipient is. Liven up your place with these intriguing paintings that are high definition hd graphic digital prints for home, office or any room.",logistic,failed,Input contains NaN,,,,,,,,,,,,,,,,,,,,,,,,,,,DeepSeek,Corrected (test_indices),False
classification__hard__saurabhshahane_ecommerce-text-classification__ecommerceDataset,classification__hard__saurabhshahane_ecommerce-text-classification__ecommerceDataset__variant_02_of_05.json,classification,"Paper Plane Design Framed Wall Hanging Motivational Office Decor Art Prints (8.7 X 8.7 inch) - Set of 4 Painting made up in synthetic frame with uv textured print which gives multi effects and attracts towards it. This is an special series of paintings which makes your wall very beautiful and gives a royal touch. This painting is ready to hang, you would be proud to possess this unique painting that is a niche apart. We use only the most modern and efficient printing technology on our prints, with only the and inks and precision epson, roland and hp printers. This innovative hd printing technique results in durable and spectacular looking prints of the highest that last a lifetime. We print solely with top-notch 100% inks, to achieve brilliant and true colours. Due to their high level of uv resistance, our prints retain their beautiful colours for many years. Add colour and style to your living space with this digitally printed painting. Some are for pleasure and some for eternal bliss.so bring home this elegant print that is lushed with rich colors that makes it nothing but sheer elegance to be to your friends and family.it would be treasured forever by whoever your lucky recipient is. Liven up your place with these intriguing paintings that are high definition hd graphic digital prints for home, office or any room.",logistic,failed,Input contains NaN,,,,,,,,,,,,,,,,,,,,,,,,,,,DeepSeek,Corrected (test_indices),False
classification__hard__saurabhshahane_ecommerce-text-classification__ecommerceDataset,classification__hard__saurabhshahane_ecommerce-text-classification__ecommerceDataset__variant_03_of_05.json,classification,"Paper Plane Design Framed Wall Hanging Motivational Office Decor Art Prints (8.7 X 8.7 inch) - Set of 4 Painting made up in synthetic frame with uv textured print which gives multi effects and attracts towards it. This is an special series of paintings which makes your wall very beautiful and gives a royal touch. This painting is ready to hang, you would be proud to possess this unique painting that is a niche apart. We use only the most modern and efficient printing technology on our prints, with only the and inks and precision epson, roland and hp printers. This innovative hd printing technique results in durable and spectacular looking prints of the highest that last a lifetime. We print solely with top-notch 100% inks, to achieve brilliant and true colours. Due to their high level of uv resistance, our prints retain their beautiful colours for many years. Add colour and style to your living space with this digitally printed painting. Some are for pleasure and some for eternal bliss.so bring home this elegant print that is lushed with rich colors that makes it nothing but sheer elegance to be to your friends and family.it would be treasured forever by whoever your lucky recipient is. Liven up your place with these intriguing paintings that are high definition hd graphic digital prints for home, office or any room.",logistic,failed,Input contains NaN,,,,,,,,,,,,,,,,,,,,,,,,,,,DeepSeek,Corrected (test_indices),False
classification__hard__saurabhshahane_ecommerce-text-classification__ecommerceDataset,classification__hard__saurabhshahane_ecommerce-text-classification__ecommerceDataset__variant_04_of_05.json,classification,"Paper Plane Design Framed Wall Hanging Motivational Office Decor Art Prints (8.7 X 8.7 inch) - Set of 4 Painting made up in synthetic frame with uv textured print which gives multi effects and attracts towards it. This is an special series of paintings which makes your wall very beautiful and gives a royal touch. This painting is ready to hang, you would be proud to possess this unique painting that is a niche apart. We use only the most modern and efficient printing technology on our prints, with only the and inks and precision epson, roland and hp printers. This innovative hd printing technique results in durable and spectacular looking prints of the highest that last a lifetime. We print solely with top-notch 100% inks, to achieve brilliant and true colours. Due to their high level of uv resistance, our prints retain their beautiful colours for many years. Add colour and style to your living space with this digitally printed painting. Some are for pleasure and some for eternal bliss.so bring home this elegant print that is lushed with rich colors that makes it nothing but sheer elegance to be to your friends and family.it would be treasured forever by whoever your lucky recipient is. Liven up your place with these intriguing paintings that are high definition hd graphic digital prints for home, office or any room.",logistic,failed,Input contains NaN,,,,,,,,,,,,,,,,,,,,,,,,,,,DeepSeek,Corrected (test_indices),False
classification__hard__saurabhshahane_ecommerce-text-classification__ecommerceDataset,classification__hard__saurabhshahane_ecommerce-text-classification__ecommerceDataset__variant_05_of_05.json,classification,"Paper Plane Design Framed Wall Hanging Motivational Office Decor Art Prints (8.7 X 8.7 inch) - Set of 4 Painting made up in synthetic frame with uv textured print which gives multi effects and attracts towards it. This is an special series of paintings which makes your wall very beautiful and gives a royal touch. This painting is ready to hang, you would be proud to possess this unique painting that is a niche apart. We use only the most modern and efficient printing technology on our prints, with only the and inks and precision epson, roland and hp printers. This innovative hd printing technique results in durable and spectacular looking prints of the highest that last a lifetime. We print solely with top-notch 100% inks, to achieve brilliant and true colours. Due to their high level of uv resistance, our prints retain their beautiful colours for many years. Add colour and style to your living space with this digitally printed painting. Some are for pleasure and some for eternal bliss.so bring home this elegant print that is lushed with rich colors that makes it nothing but sheer elegance to be to your friends and family.it would be treasured forever by whoever your lucky recipient is. Liven up your place with these intriguing paintings that are high definition hd graphic digital prints for home, office or any room.",logistic,failed,Input contains NaN,,,,,,,,,,,,,,,,,,,,,,,,,,,DeepSeek,Corrected (test_indices),False
classification__hard__shivamb_spam-url-prediction__url_spam_classification,classification__hard__shivamb_spam-url-prediction__url_spam_classification__variant_01_of_05.json,classification,is_spam,logistic,success,,0.3155,0.3155,1.0,0.4797,4000.0,2.0,True,/home/joshua/Code/ai_projects/amalia/backend/data/uploads/datasets/classification/hard/shivamb_spam-url-prediction/url_spam_classification.csv,/home/joshua/Code/ai_projects/amalia/data/batch_results/corrected_execution/models/classification__hard__shivamb_spam-url-prediction__url_spam_classification.pkl,3.0,"['1:load_csv', '2:train_classification_model', '3:evaluate_classification_model']",,,,,,,,,,,,,,,,DeepSeek,Corrected (test_indices),False
classification__hard__shivamb_spam-url-prediction__url_spam_classification,classification__hard__shivamb_spam-url-prediction__url_spam_classification__variant_02_of_05.json,classification,is_spam,logistic,success,,0.3155,0.3155,1.0,0.4797,4000.0,2.0,True,/home/joshua/Code/ai_projects/amalia/backend/data/uploads/datasets/classification/hard/shivamb_spam-url-prediction/url_spam_classification.csv,/home/joshua/Code/ai_projects/amalia/data/batch_results/corrected_execution/models/classification__hard__shivamb_spam-url-prediction__url_spam_classification.pkl,3.0,"['1:load_csv', '2:train_classification_model', '3:evaluate_classification_model']",,,,,,,,,,,,,,,,DeepSeek,Corrected (test_indices),False
classification__hard__shivamb_spam-url-prediction__url_spam_classification,classification__hard__shivamb_spam-url-prediction__url_spam_classification__variant_03_of_05.json,classification,,,success,,,,,,,,,/home/joshua/Code/ai_projects/amalia/backend/data/uploads/datasets/classification/hard/shivamb_spam-url-prediction/url_spam_classification.csv,,2.0,"['1:load_csv', '2:remove_duplicates']",,,,,,,,,,,,,,,,DeepSeek,Corrected (test_indices),False
classification__hard__shivamb_spam-url-prediction__url_spam_classification,classification__hard__shivamb_spam-url-prediction__url_spam_classification__variant_04_of_05.json,classification,is_spam,logistic,success,,0.3155,0.3155,1.0,0.4797,4000.0,2.0,True,/home/joshua/Code/ai_projects/amalia/backend/data/uploads/datasets/classification/hard/shivamb_spam-url-prediction/url_spam_classification.csv,/home/joshua/Code/ai_projects/amalia/data/batch_results/corrected_execution/models/classification__hard__shivamb_spam-url-prediction__url_spam_classification.pkl,3.0,"['1:load_csv', '2:train_classification_model', '3:evaluate_classification_model']",,,,,,,,,,,,,,,,DeepSeek,Corrected (test_indices),False
classification__hard__shivamb_spam-url-prediction__url_spam_classification,classification__hard__shivamb_spam-url-prediction__url_spam_classification__variant_05_of_05.json,classification,is_spam,logistic,success,,0.3155,0.3155,1.0,0.4797,4000.0,2.0,True,/home/joshua/Code/ai_projects/amalia/backend/data/uploads/datasets/classification/hard/shivamb_spam-url-prediction/url_spam_classification.csv,/home/joshua/Code/ai_projects/amalia/data/batch_results/corrected_execution/models/classification__hard__shivamb_spam-url-prediction__url_spam_classification.pkl,3.0,"['1:load_csv', '2:train_classification_model', '3:evaluate_classification_model']",,,,,,,,,,,,,,,,DeepSeek,Corrected (test_indices),False
classification__mid__andrewmvd_cyberbullying-classification__cyberbullying_tweets,classification__mid__andrewmvd_cyberbullying-classification__cyberbullying_tweets__variant_01_of_05.json,classification,,,success,,,,,,,,,/home/joshua/Code/ai_projects/amalia/backend/data/uploads/datasets/classification/mid/andrewmvd_cyberbullying-classification/cyberbullying_tweets.csv,,0.0,[],,,,,,,,,,,,,,,,DeepSeek,Corrected (test_indices),False
classification__mid__andrewmvd_cyberbullying-classification__cyberbullying_tweets,classification__mid__andrewmvd_cyberbullying-classification__cyberbullying_tweets__variant_02_of_05.json,classification,cyberbullying_type,logistic,success,,0.1698,0.0288,0.1698,0.0493,4000.0,6.0,False,/home/joshua/Code/ai_projects/amalia/backend/data/uploads/datasets/classification/mid/andrewmvd_cyberbullying-classification/cyberbullying_tweets.csv,/home/joshua/Code/ai_projects/amalia/data/batch_results/corrected_execution/models/classification__mid__andrewmvd_cyberbullying-classification__cyberbullying_tweets.pkl,3.0,"['1:load_csv', '2:train_classification_model', '3:evaluate_classification_model']",,,,,,,,,,,,,,,,DeepSeek,Corrected (test_indices),False
classification__mid__andrewmvd_cyberbullying-classification__cyberbullying_tweets,classification__mid__andrewmvd_cyberbullying-classification__cyberbullying_tweets__variant_03_of_05.json,classification,cyberbullying_type,logistic,success,,0.1698,0.0288,0.1698,0.0493,4000.0,6.0,False,/home/joshua/Code/ai_projects/amalia/backend/data/uploads/datasets/classification/mid/andrewmvd_cyberbullying-classification/cyberbullying_tweets.csv,/home/joshua/Code/ai_projects/amalia/data/batch_results/corrected_execution/models/classification__mid__andrewmvd_cyberbullying-classification__cyberbullying_tweets.pkl,3.0,"['1:load_csv', '2:train_classification_model', '3:evaluate_classification_model']",,,,,,,,,,,,,,,,DeepSeek,Corrected (test_indices),False
classification__mid__andrewmvd_cyberbullying-classification__cyberbullying_tweets,classification__mid__andrewmvd_cyberbullying-classification__cyberbullying_tweets__variant_04_of_05.json,classification,cyberbullying_type,logistic,success,,0.1698,0.0288,0.1698,0.0493,4000.0,6.0,False,/home/joshua/Code/ai_projects/amalia/backend/data/uploads/datasets/classification/mid/andrewmvd_cyberbullying-classification/cyberbullying_tweets.csv,/home/joshua/Code/ai_projects/amalia/data/batch_results/corrected_execution/models/classification__mid__andrewmvd_cyberbullying-classification__cyberbullying_tweets.pkl,3.0,"['1:load_csv', '2:train_classification_model', '3:evaluate_classification_model']",,,,,,,,,,,,,,,,DeepSeek,Corrected (test_indices),False
classification__mid__andrewmvd_cyberbullying-classification__cyberbullying_tweets,classification__mid__andrewmvd_cyberbullying-classification__cyberbullying_tweets__variant_05_of_05.json,classification,cyberbullying_type,logistic,success,,,,,,4000.0,6.0,,/home/joshua/Code/ai_projects/amalia/backend/data/uploads/datasets/classification/mid/andrewmvd_cyberbullying-classification/cyberbullying_tweets.csv,/home/joshua/Code/ai_projects/amalia/data/batch_results/corrected_execution/models/classification__mid__andrewmvd_cyberbullying-classification__cyberbullying_tweets.pkl,2.0,"['1:load_csv', '2:train_classification_model']",classification,0.8906,0.888,0.0026,16000.0,['tweet_text'],/home/joshua/Code/ai_projects/amalia/data/batch_results/corrected_execution/models/classification__mid__andrewmvd_cyberbullying-classification__cyberbullying_tweets.pkl,/home/joshua/Code/ai_projects/amalia/data/batch_results/corrected_execution/models/classification__mid__andrewmvd_cyberbullying-classification__cyberbullying_tweets_test_indices.json,,,,,,,,DeepSeek,Corrected (test_indices),False
classification__mid__christianlillelund_csgo-round-winner-classification__csgo_round_snapshots,classification__mid__christianlillelund_csgo-round-winner-classification__csgo_round_snapshots__variant_01_of_05.json,classification,round_winner,decision_tree,failed,"pos_label=1 is not a valid label. It should be one of ['CT', 'T']",,,,,,,,,,,,,,,,,,,,,,,,,,,DeepSeek,Corrected (test_indices),False
classification__mid__christianlillelund_csgo-round-winner-classification__csgo_round_snapshots,classification__mid__christianlillelund_csgo-round-winner-classification__csgo_round_snapshots__variant_02_of_05.json,classification,round_winner,decision_tree,failed,"pos_label=1 is not a valid label. It should be one of ['CT', 'T']",,,,,,,,,,,,,,,,,,,,,,,,,,,DeepSeek,Corrected (test_indices),False
classification__mid__christianlillelund_csgo-round-winner-classification__csgo_round_snapshots,classification__mid__christianlillelund_csgo-round-winner-classification__csgo_round_snapshots__variant_03_of_05.json,classification,round_winner,decision_tree,failed,"pos_label=1 is not a valid label. It should be one of ['CT', 'T']",,,,,,,,,,,,,,,,,,,,,,,,,,,DeepSeek,Corrected (test_indices),False
classification__mid__christianlillelund_csgo-round-winner-classification__csgo_round_snapshots,classification__mid__christianlillelund_csgo-round-winner-classification__csgo_round_snapshots__variant_04_of_05.json,classification,round_winner,decision_tree,failed,"pos_label=1 is not a valid label. It should be one of ['CT', 'T']",,,,,,,,,,,,,,,,,,,,,,,,,,,DeepSeek,Corrected (test_indices),False
classification__mid__christianlillelund_csgo-round-winner-classification__csgo_round_snapshots,classification__mid__christianlillelund_csgo-round-winner-classification__csgo_round_snapshots__variant_05_of_05.json,classification,round_winner,decision_tree,failed,"pos_label=1 is not a valid label. It should be one of ['CT', 'T']",,,,,,,,,,,,,,,,,,,,,,,,,,,DeepSeek,Corrected (test_indices),False
classification__mid__fedesoriano_heart-failure-prediction__heart,classification__mid__fedesoriano_heart-failure-prediction__heart__variant_01_of_05.json,classification,HeartDisease,logistic,success,,0.7717,0.8916,0.6916,0.7789,184.0,2.0,True,/home/joshua/Code/ai_projects/amalia/backend/data/uploads/datasets/classification/mid/fedesoriano_heart-failure-prediction/heart.csv,/home/joshua/Code/ai_projects/amalia/data/batch_results/corrected_execution/models/classification__mid__fedesoriano_heart-failure-prediction__heart.pkl,3.0,"['1:load_csv', '2:train_classification_model', '3:evaluate_classification_model']",,,,,,,,,,,,,,,,DeepSeek,Corrected (test_indices),False
classification__mid__fedesoriano_heart-failure-prediction__heart,classification__mid__fedesoriano_heart-failure-prediction__heart__variant_02_of_05.json,classification,,,success,,,,,,,,,/home/joshua/Code/ai_projects/amalia/backend/data/uploads/datasets/classification/mid/fedesoriano_heart-failure-prediction/heart.csv,,0.0,[],,,,,,,,,,,,,,,,DeepSeek,Corrected (test_indices),False
classification__mid__fedesoriano_heart-failure-prediction__heart,classification__mid__fedesoriano_heart-failure-prediction__heart__variant_03_of_05.json,classification,HeartDisease,logistic,success,,0.7717,0.8916,0.6916,0.7789,184.0,2.0,True,/home/joshua/Code/ai_projects/amalia/backend/data/uploads/datasets/classification/mid/fedesoriano_heart-failure-prediction/heart.csv,/home/joshua/Code/ai_projects/amalia/data/batch_results/corrected_execution/models/classification__mid__fedesoriano_heart-failure-prediction__heart.pkl,3.0,"['1:load_csv', '2:train_classification_model', '3:evaluate_classification_model']",,,,,,,,,,,,,,,,DeepSeek,Corrected (test_indices),False
classification__mid__fedesoriano_heart-failure-prediction__heart,classification__mid__fedesoriano_heart-failure-prediction__heart__variant_04_of_05.json,classification,HeartDisease,logistic,success,,0.7717,0.8916,0.6916,0.7789,184.0,2.0,True,/home/joshua/Code/ai_projects/amalia/backend/data/uploads/datasets/classification/mid/fedesoriano_heart-failure-prediction/heart.csv,/home/joshua/Code/ai_projects/amalia/data/batch_results/corrected_execution/models/classification__mid__fedesoriano_heart-failure-prediction__heart.pkl,3.0,"['1:load_csv', '2:train_classification_model', '3:evaluate_classification_model']",,,,,,,,,,,,,,,,DeepSeek,Corrected (test_indices),False
classification__mid__fedesoriano_heart-failure-prediction__heart,classification__mid__fedesoriano_heart-failure-prediction__heart__variant_05_of_05.json,classification,HeartDisease,logistic,success,,0.7717,0.8916,0.6916,0.7789,184.0,2.0,True,/home/joshua/Code/ai_projects/amalia/backend/data/uploads/datasets/classification/mid/fedesoriano_heart-failure-prediction/heart.csv,/home/joshua/Code/ai_projects/amalia/data/batch_results/corrected_execution/models/classification__mid__fedesoriano_heart-failure-prediction__heart.pkl,3.0,"['1:load_csv', '2:train_classification_model', '3:evaluate_classification_model']",,,,,,,,,,,,,,,,DeepSeek,Corrected (test_indices),False
classification__mid__fedesoriano_stellar-classification-dataset-sdss17__star_classification,classification__mid__fedesoriano_stellar-classification-dataset-sdss17__star_classification__variant_01_of_05.json,classification,class,decision_tree,success,,,,,,4000.0,3.0,,/home/joshua/Code/ai_projects/amalia/backend/data/uploads/datasets/classification/mid/fedesoriano_stellar-classification-dataset-sdss17/star_classification.csv,/home/joshua/Code/ai_projects/amalia/data/batch_results/corrected_execution/models/classification__mid__fedesoriano_stellar-classification-dataset-sdss17__star_classification.pkl,1.0,['2:train_classification_model'],classification,0.9883,0.971,0.0173,16000.0,"['obj_ID', 'alpha', 'delta', 'u', 'g', 'r', 'i', 'z', 'run_ID', 'rerun_ID', 'cam_col', 'field_ID', 'spec_obj_ID', 'redshift', 'plate', 'MJD', 'fiber_ID']",/home/joshua/Code/ai_projects/amalia/data/batch_results/corrected_execution/models/classification__mid__fedesoriano_stellar-classification-dataset-sdss17__star_classification.pkl,/home/joshua/Code/ai_projects/amalia/data/batch_results/corrected_execution/models/classification__mid__fedesoriano_stellar-classification-dataset-sdss17__star_classification_test_indices.json,,,,,,,,DeepSeek,Corrected (test_indices),False
classification__mid__fedesoriano_stellar-classification-dataset-sdss17__star_classification,classification__mid__fedesoriano_stellar-classification-dataset-sdss17__star_classification__variant_02_of_05.json,classification,class,logistic,success,,0.5927,0.4465,0.5927,0.4693,4000.0,3.0,False,/home/joshua/Code/ai_projects/amalia/backend/data/uploads/datasets/classification/mid/fedesoriano_stellar-classification-dataset-sdss17/star_classification.csv,/home/joshua/Code/ai_projects/amalia/data/batch_results/corrected_execution/models/classification__mid__fedesoriano_stellar-classification-dataset-sdss17__star_classification.pkl,3.0,"['1:load_csv', '2:train_classification_model', '3:evaluate_classification_model']",,,,,,,,,,,,,,,,DeepSeek,Corrected (test_indices),False
classification__mid__fedesoriano_stellar-classification-dataset-sdss17__star_classification,classification__mid__fedesoriano_stellar-classification-dataset-sdss17__star_classification__variant_03_of_05.json,classification,,,success,,,,,,,,,/home/joshua/Code/ai_projects/amalia/backend/data/uploads/datasets/classification/mid/fedesoriano_stellar-classification-dataset-sdss17/star_classification.csv,,0.0,[],,,,,,,,,,,,,,,,DeepSeek,Corrected (test_indices),False
classification__mid__fedesoriano_stellar-classification-dataset-sdss17__star_classification,classification__mid__fedesoriano_stellar-classification-dataset-sdss17__star_classification__variant_04_of_05.json,classification,class,logistic,success,,0.5927,0.4465,0.5927,0.4693,4000.0,3.0,False,/home/joshua/Code/ai_projects/amalia/backend/data/uploads/datasets/classification/mid/fedesoriano_stellar-classification-dataset-sdss17/star_classification.csv,/home/joshua/Code/ai_projects/amalia/data/batch_results/corrected_execution/models/classification__mid__fedesoriano_stellar-classification-dataset-sdss17__star_classification.pkl,3.0,"['1:load_csv', '2:train_classification_model', '3:evaluate_classification_model']",,,,,,,,,,,,,,,,DeepSeek,Corrected (test_indices),False
classification__mid__fedesoriano_stellar-classification-dataset-sdss17__star_classification,classification__mid__fedesoriano_stellar-classification-dataset-sdss17__star_classification__variant_05_of_05.json,classification,class,logistic,success,,0.5927,0.4465,0.5927,0.4693,4000.0,3.0,False,/home/joshua/Code/ai_projects/amalia/backend/data/uploads/datasets/classification/mid/fedesoriano_stellar-classification-dataset-sdss17/star_classification.csv,/home/joshua/Code/ai_projects/amalia/data/batch_results/corrected_execution/models/classification__mid__fedesoriano_stellar-classification-dataset-sdss17__star_classification.pkl,3.0,"['1:load_csv', '2:train_classification_model', '3:evaluate_classification_model']",,,,,,,,,,,,,,,,DeepSeek,Corrected (test_indices),False
classification__mid__nimapourmoradi_dry-bean-dataset-classification__Dry_Bean_Dataset,classification__mid__nimapourmoradi_dry-bean-dataset-classification__Dry_Bean_Dataset__variant_01_of_05.json,classification,Class,logistic,success,,0.8627,0.8627,0.8627,0.8623,2723.0,7.0,False,/home/joshua/Code/ai_projects/amalia/backend/data/uploads/datasets/classification/mid/nimapourmoradi_dry-bean-dataset-classification/Dry_Bean_Dataset.csv,/home/joshua/Code/ai_projects/amalia/data/batch_results/corrected_execution/models/classification__mid__nimapourmoradi_dry-bean-dataset-classification__Dry_Bean_Dataset.pkl,3.0,"['1:load_csv', '2:train_classification_model', '3:evaluate_classification_model']",,,,,,,,,,,,,,,,DeepSeek,Corrected (test_indices),False
classification__mid__nimapourmoradi_dry-bean-dataset-classification__Dry_Bean_Dataset,classification__mid__nimapourmoradi_dry-bean-dataset-classification__Dry_Bean_Dataset__variant_02_of_05.json,classification,Class,random_forest,success,,0.9262,0.9268,0.9262,0.9264,2723.0,7.0,False,/home/joshua/Code/ai_projects/amalia/backend/data/uploads/datasets/classification/mid/nimapourmoradi_dry-bean-dataset-classification/Dry_Bean_Dataset.csv,/home/joshua/Code/ai_projects/amalia/data/batch_results/corrected_execution/models/classification__mid__nimapourmoradi_dry-bean-dataset-classification__Dry_Bean_Dataset.pkl,3.0,"['2:scale_features', '3:train_classification_model', '4:evaluate_classification_model']",,,,,,,,,,,,,,,,DeepSeek,Corrected (test_indices),False
classification__mid__nimapourmoradi_dry-bean-dataset-classification__Dry_Bean_Dataset,classification__mid__nimapourmoradi_dry-bean-dataset-classification__Dry_Bean_Dataset__variant_03_of_05.json,classification,Class,logistic,success,,0.8627,0.8627,0.8627,0.8623,2723.0,7.0,False,/home/joshua/Code/ai_projects/amalia/backend/data/uploads/datasets/classification/mid/nimapourmoradi_dry-bean-dataset-classification/Dry_Bean_Dataset.csv,/home/joshua/Code/ai_projects/amalia/data/batch_results/corrected_execution/models/classification__mid__nimapourmoradi_dry-bean-dataset-classification__Dry_Bean_Dataset.pkl,3.0,"['1:load_csv', '2:train_classification_model', '3:evaluate_classification_model']",,,,,,,,,,,,,,,,DeepSeek,Corrected (test_indices),False
classification__mid__nimapourmoradi_dry-bean-dataset-classification__Dry_Bean_Dataset,classification__mid__nimapourmoradi_dry-bean-dataset-classification__Dry_Bean_Dataset__variant_04_of_05.json,classification,Class,logistic,success,,0.8627,0.8627,0.8627,0.8623,2723.0,7.0,False,/home/joshua/Code/ai_projects/amalia/backend/data/uploads/datasets/classification/mid/nimapourmoradi_dry-bean-dataset-classification/Dry_Bean_Dataset.csv,/home/joshua/Code/ai_projects/amalia/data/batch_results/corrected_execution/models/classification__mid__nimapourmoradi_dry-bean-dataset-classification__Dry_Bean_Dataset.pkl,3.0,"['1:load_csv', '2:train_classification_model', '3:evaluate_classification_model']",,,,,,,,,,,,,,,,DeepSeek,Corrected (test_indices),False
classification__mid__nimapourmoradi_dry-bean-dataset-classification__Dry_Bean_Dataset,classification__mid__nimapourmoradi_dry-bean-dataset-classification__Dry_Bean_Dataset__variant_05_of_05.json,classification,Class,logistic,success,,0.8627,0.8627,0.8627,0.8623,2723.0,7.0,False,/home/joshua/Code/ai_projects/amalia/backend/data/uploads/datasets/classification/mid/nimapourmoradi_dry-bean-dataset-classification/Dry_Bean_Dataset.csv,/home/joshua/Code/ai_projects/amalia/data/batch_results/corrected_execution/models/classification__mid__nimapourmoradi_dry-bean-dataset-classification__Dry_Bean_Dataset.pkl,3.0,"['1:load_csv', '2:train_classification_model', '3:evaluate_classification_model']",,,,,,,,,,,,,,,,DeepSeek,Corrected (test_indices),False
classification__mid__tanishqdublish_text-classification-documentation__df_file,classification__mid__tanishqdublish_text-classification-documentation__df_file__variant_01_of_05.json,classification,,,success,,,,,,,,,/home/joshua/Code/ai_projects/amalia/backend/data/uploads/datasets/classification/mid/tanishqdublish_text-classification-documentation/df_file.csv,,1.0,['1:load_csv'],,,,,,,,,,,,,,,,DeepSeek,Corrected (test_indices),False
classification__mid__tanishqdublish_text-classification-documentation__df_file,classification__mid__tanishqdublish_text-classification-documentation__df_file__variant_02_of_05.json,classification,Label,logistic,success,,0.2225,0.1005,0.2225,0.106,445.0,5.0,False,/home/joshua/Code/ai_projects/amalia/backend/data/uploads/datasets/classification/mid/tanishqdublish_text-classification-documentation/df_file.csv,/home/joshua/Code/ai_projects/amalia/data/batch_results/corrected_execution/models/classification__mid__tanishqdublish_text-classification-documentation__df_file.pkl,3.0,"['1:load_csv', '2:train_classification_model', '3:evaluate_classification_model']",,,,,,,,,,,,,,,,DeepSeek,Corrected (test_indices),False
classification__mid__tanishqdublish_text-classification-documentation__df_file,classification__mid__tanishqdublish_text-classification-documentation__df_file__variant_03_of_05.json,classification,Label,logistic,success,,0.2225,0.1005,0.2225,0.106,445.0,5.0,False,/home/joshua/Code/ai_projects/amalia/backend/data/uploads/datasets/classification/mid/tanishqdublish_text-classification-documentation/df_file.csv,/home/joshua/Code/ai_projects/amalia/data/batch_results/corrected_execution/models/classification__mid__tanishqdublish_text-classification-documentation__df_file.pkl,3.0,"['1:load_csv', '2:train_classification_model', '3:evaluate_classification_model']",,,,,,,,,,,,,,,,DeepSeek,Corrected (test_indices),False
classification__mid__tanishqdublish_text-classification-documentation__df_file,classification__mid__tanishqdublish_text-classification-documentation__df_file__variant_04_of_05.json,classification,Label,logistic,success,,0.2225,0.1005,0.2225,0.106,445.0,5.0,False,/home/joshua/Code/ai_projects/amalia/backend/data/uploads/datasets/classification/mid/tanishqdublish_text-classification-documentation/df_file.csv,/home/joshua/Code/ai_projects/amalia/data/batch_results/corrected_execution/models/classification__mid__tanishqdublish_text-classification-documentation__df_file.pkl,3.0,"['1:load_csv', '2:train_classification_model', '3:evaluate_classification_model']",,,,,,,,,,,,,,,,DeepSeek,Corrected (test_indices),False
classification__mid__tanishqdublish_text-classification-documentation__df_file,classification__mid__tanishqdublish_text-classification-documentation__df_file__variant_05_of_05.json,classification,,,success,,,,,,,,,/home/joshua/Code/ai_projects/amalia/backend/data/uploads/datasets/classification/mid/tanishqdublish_text-classification-documentation/df_file.csv,,0.0,[],,,,,,,,,,,,,,,,DeepSeek,Corrected (test_indices),False
classification__mid__uciml_iris__Iris,classification__mid__uciml_iris__Iris__variant_01_of_05.json,classification,Species,logistic,success,,,,,,30.0,3.0,,/home/joshua/Code/ai_projects/amalia/backend/data/uploads/datasets/classification/mid/uciml_iris/Iris.csv,/home/joshua/Code/ai_projects/amalia/data/batch_results/corrected_execution/models/classification__mid__uciml_iris__Iris.pkl,2.0,"['1:load_csv', '2:train_classification_model']",classification,1.0,1.0,0.0,120.0,"['Id', 'SepalLengthCm', 'SepalWidthCm', 'PetalLengthCm', 'PetalWidthCm']",/home/joshua/Code/ai_projects/amalia/data/batch_results/corrected_execution/models/classification__mid__uciml_iris__Iris.pkl,/home/joshua/Code/ai_projects/amalia/data/batch_results/corrected_execution/models/classification__mid__uciml_iris__Iris_test_indices.json,,,,,,,,DeepSeek,Corrected (test_indices),False
classification__mid__uciml_iris__Iris,classification__mid__uciml_iris__Iris__variant_02_of_05.json,classification,,,success,,,,,,,,,/home/joshua/Code/ai_projects/amalia/backend/data/uploads/datasets/classification/mid/uciml_iris/Iris.csv,,1.0,['2:scale_features'],,,,,,,,,,,,,,,,DeepSeek,Corrected (test_indices),False
classification__mid__uciml_iris__Iris,classification__mid__uciml_iris__Iris__variant_03_of_05.json,classification,Species,logistic,success,,1.0,1.0,1.0,1.0,30.0,3.0,False,/home/joshua/Code/ai_projects/amalia/backend/data/uploads/datasets/classification/mid/uciml_iris/Iris.csv,/home/joshua/Code/ai_projects/amalia/data/batch_results/corrected_execution/models/classification__mid__uciml_iris__Iris.pkl,3.0,"['1:load_csv', '2:train_classification_model', '3:evaluate_classification_model']",,,,,,,,,,,,,,,,DeepSeek,Corrected (test_indices),True
classification__mid__uciml_iris__Iris,classification__mid__uciml_iris__Iris__variant_04_of_05.json,classification,Species,random_forest,success,,,,,,30.0,3.0,,/home/joshua/Code/ai_projects/amalia/backend/data/uploads/datasets/classification/mid/uciml_iris/Iris.csv,/home/joshua/Code/ai_projects/amalia/data/batch_results/corrected_execution/models/classification__mid__uciml_iris__Iris.pkl,1.0,['2:train_classification_model'],classification,1.0,1.0,0.0,120.0,"['Id', 'SepalLengthCm', 'SepalWidthCm', 'PetalLengthCm', 'PetalWidthCm']",/home/joshua/Code/ai_projects/amalia/data/batch_results/corrected_execution/models/classification__mid__uciml_iris__Iris.pkl,/home/joshua/Code/ai_projects/amalia/data/batch_results/corrected_execution/models/classification__mid__uciml_iris__Iris_test_indices.json,,,,,,,,DeepSeek,Corrected (test_indices),False
classification__mid__uciml_iris__Iris,classification__mid__uciml_iris__Iris__variant_05_of_05.json,classification,Species,logistic,success,,1.0,1.0,1.0,1.0,30.0,3.0,False,/home/joshua/Code/ai_projects/amalia/backend/data/uploads/datasets/classification/mid/uciml_iris/Iris.csv,/home/joshua/Code/ai_projects/amalia/data/batch_results/corrected_execution/models/classification__mid__uciml_iris__Iris.pkl,3.0,"['1:load_csv', '2:train_classification_model', '3:evaluate_classification_model']",,,,,,,,,,,,,,,,DeepSeek,Corrected (test_indices),True
classification__mid__uciml_pima-indians-diabetes-database__diabetes,classification__mid__uciml_pima-indians-diabetes-database__diabetes__variant_01_of_05.json,classification,Outcome,logistic,success,,0.7468,0.6379,0.6727,0.6549,154.0,2.0,True,/home/joshua/Code/ai_projects/amalia/backend/data/uploads/datasets/classification/mid/uciml_pima-indians-diabetes-database/diabetes.csv,/home/joshua/Code/ai_projects/amalia/data/batch_results/corrected_execution/models/classification__mid__uciml_pima-indians-diabetes-database__diabetes.pkl,3.0,"['1:load_csv', '2:train_classification_model', '3:evaluate_classification_model']",,,,,,,,,,,,,,,,DeepSeek,Corrected (test_indices),False
classification__mid__uciml_pima-indians-diabetes-database__diabetes,classification__mid__uciml_pima-indians-diabetes-database__diabetes__variant_02_of_05.json,classification,Outcome,logistic,success,,0.7468,0.6379,0.6727,0.6549,154.0,2.0,True,/home/joshua/Code/ai_projects/amalia/backend/data/uploads/datasets/classification/mid/uciml_pima-indians-diabetes-database/diabetes.csv,/home/joshua/Code/ai_projects/amalia/data/batch_results/corrected_execution/models/classification__mid__uciml_pima-indians-diabetes-database__diabetes.pkl,3.0,"['1:load_csv', '2:train_classification_model', '3:evaluate_classification_model']",,,,,,,,,,,,,,,,DeepSeek,Corrected (test_indices),False
classification__mid__uciml_pima-indians-diabetes-database__diabetes,classification__mid__uciml_pima-indians-diabetes-database__diabetes__variant_03_of_05.json,classification,Outcome,random_forest,success,,,,,,154.0,2.0,,/home/joshua/Code/ai_projects/amalia/backend/data/uploads/datasets/classification/mid/uciml_pima-indians-diabetes-database/diabetes.csv,/home/joshua/Code/ai_projects/amalia/data/batch_results/corrected_execution/models/classification__mid__uciml_pima-indians-diabetes-database__diabetes.pkl,3.0,"['1:load_csv', '2:handle_missing_values', '3:train_classification_model']",classification,0.8632,0.7338,0.1294,614.0,"['Pregnancies', 'Glucose', 'BloodPressure', 'SkinThickness', 'Insulin', 'BMI', 'DiabetesPedigreeFunction', 'Age']",/home/joshua/Code/ai_projects/amalia/data/batch_results/corrected_execution/models/classification__mid__uciml_pima-indians-diabetes-database__diabetes.pkl,/home/joshua/Code/ai_projects/amalia/data/batch_results/corrected_execution/models/classification__mid__uciml_pima-indians-diabetes-database__diabetes_test_indices.json,,,,,,,,DeepSeek,Corrected (test_indices),False
classification__mid__uciml_pima-indians-diabetes-database__diabetes,classification__mid__uciml_pima-indians-diabetes-database__diabetes__variant_04_of_05.json,classification,Outcome,gradient_boosting,success,,0.7987,0.7255,0.6852,0.7048,154.0,2.0,True,/home/joshua/Code/ai_projects/amalia/backend/data/uploads/datasets/classification/mid/uciml_pima-indians-diabetes-database/diabetes.csv,/home/joshua/Code/ai_projects/amalia/data/batch_results/corrected_execution/models/classification__mid__uciml_pima-indians-diabetes-database__diabetes.pkl,4.0,"['2:train_classification_model', '2:train_classification_model', '3:evaluate_classification_model', '3:evaluate_classification_model']",,,,,,,,,,,,,,,,DeepSeek,Corrected (test_indices),False
classification__mid__uciml_pima-indians-diabetes-database__diabetes,classification__mid__uciml_pima-indians-diabetes-database__diabetes__variant_05_of_05.json,classification,Outcome,logistic,success,,0.7468,0.6379,0.6727,0.6549,154.0,2.0,True,/home/joshua/Code/ai_projects/amalia/backend/data/uploads/datasets/classification/mid/uciml_pima-indians-diabetes-database/diabetes.csv,/home/joshua/Code/ai_projects/amalia/data/batch_results/corrected_execution/models/classification__mid__uciml_pima-indians-diabetes-database__diabetes.pkl,3.0,"['1:load_csv', '2:train_classification_model', '3:evaluate_classification_model']",,,,,,,,,,,,,,,,DeepSeek,Corrected (test_indices),False
classification__mid__xhlulu_cpc-codes__titles,classification__mid__xhlulu_cpc-codes__titles__variant_01_of_05.json,classification,,,success,,,,,,,,,/home/joshua/Code/ai_projects/amalia/backend/data/uploads/datasets/classification/mid/xhlulu_cpc-codes/titles.csv,,1.0,['1:handle_missing_values'],,,,,,,,,,,,,,,,DeepSeek,Corrected (test_indices),False
classification__mid__xhlulu_cpc-codes__titles,classification__mid__xhlulu_cpc-codes__titles__variant_02_of_05.json,classification,class,logistic,failed,"Input X contains NaN.
LogisticRegression does not accept missing values encoded as NaN natively. For supervised learning, you might want to consider sklearn.ensemble.HistGradientBoostingClassifier and Regressor which accept missing values encoded as NaNs natively. Alternatively, it is possible to preprocess the data, for instance by using an imputer transformer in a pipeline or drop samples with missing values. See https://scikit-learn.org/stable/modules/impute.html You can find a list of all estimators that handle NaN values at the following page: https://scikit-learn.org/stable/modules/impute.html#estimators-that-handle-nan-values",,,,,,,,,,,,,,,,,,,,,,,,,,,DeepSeek,Corrected (test_indices),False
classification__mid__xhlulu_cpc-codes__titles,classification__mid__xhlulu_cpc-codes__titles__variant_03_of_05.json,classification,class,logistic,failed,"Input X contains NaN.
LogisticRegression does not accept missing values encoded as NaN natively. For supervised learning, you might want to consider sklearn.ensemble.HistGradientBoostingClassifier and Regressor which accept missing values encoded as NaNs natively. Alternatively, it is possible to preprocess the data, for instance by using an imputer transformer in a pipeline or drop samples with missing values. See https://scikit-learn.org/stable/modules/impute.html You can find a list of all estimators that handle NaN values at the following page: https://scikit-learn.org/stable/modules/impute.html#estimators-that-handle-nan-values",,,,,,,,,,,,,,,,,,,,,,,,,,,DeepSeek,Corrected (test_indices),False
classification__mid__xhlulu_cpc-codes__titles,classification__mid__xhlulu_cpc-codes__titles__variant_04_of_05.json,classification,class,logistic,failed,"Input X contains NaN.
LogisticRegression does not accept missing values encoded as NaN natively. For supervised learning, you might want to consider sklearn.ensemble.HistGradientBoostingClassifier and Regressor which accept missing values encoded as NaNs natively. Alternatively, it is possible to preprocess the data, for instance by using an imputer transformer in a pipeline or drop samples with missing values. See https://scikit-learn.org/stable/modules/impute.html You can find a list of all estimators that handle NaN values at the following page: https://scikit-learn.org/stable/modules/impute.html#estimators-that-handle-nan-values",,,,,,,,,,,,,,,,,,,,,,,,,,,DeepSeek,Corrected (test_indices),False
classification__mid__xhlulu_cpc-codes__titles,classification__mid__xhlulu_cpc-codes__titles__variant_05_of_05.json,classification,,,success,,,,,,,,,/home/joshua/Code/ai_projects/amalia/backend/data/uploads/datasets/classification/mid/xhlulu_cpc-codes/titles.csv,,2.0,"['1:handle_missing_values', '1:encode_categorical']",,,,,,,,,,,,,,,,DeepSeek,Corrected (test_indices),False
classification__mid__yasserh_titanic-dataset__Titanic-Dataset,classification__mid__yasserh_titanic-dataset__Titanic-Dataset__variant_01_of_05.json,classification,Embarked,logistic,failed,"Input X contains NaN.
LogisticRegression does not accept missing values encoded as NaN natively. For supervised learning, you might want to consider sklearn.ensemble.HistGradientBoostingClassifier and Regressor which accept missing values encoded as NaNs natively. Alternatively, it is possible to preprocess the data, for instance by using an imputer transformer in a pipeline or drop samples with missing values. See https://scikit-learn.org/stable/modules/impute.html You can find a list of all estimators that handle NaN values at the following page: https://scikit-learn.org/stable/modules/impute.html#estimators-that-handle-nan-values",,,,,,,,,,,,,,,,,,,,,,,,,,,DeepSeek,Corrected (test_indices),False
classification__mid__yasserh_titanic-dataset__Titanic-Dataset,classification__mid__yasserh_titanic-dataset__Titanic-Dataset__variant_02_of_05.json,classification,Embarked,logistic,failed,"Input X contains NaN.
LogisticRegression does not accept missing values encoded as NaN natively. For supervised learning, you might want to consider sklearn.ensemble.HistGradientBoostingClassifier and Regressor which accept missing values encoded as NaNs natively. Alternatively, it is possible to preprocess the data, for instance by using an imputer transformer in a pipeline or drop samples with missing values. See https://scikit-learn.org/stable/modules/impute.html You can find a list of all estimators that handle NaN values at the following page: https://scikit-learn.org/stable/modules/impute.html#estimators-that-handle-nan-values",,,,,,,,,,,,,,,,,,,,,,,,,,,DeepSeek,Corrected (test_indices),False
classification__mid__yasserh_titanic-dataset__Titanic-Dataset,classification__mid__yasserh_titanic-dataset__Titanic-Dataset__variant_03_of_05.json,classification,Embarked,logistic,failed,"Input X contains NaN.
LogisticRegression does not accept missing values encoded as NaN natively. For supervised learning, you might want to consider sklearn.ensemble.HistGradientBoostingClassifier and Regressor which accept missing values encoded as NaNs natively. Alternatively, it is possible to preprocess the data, for instance by using an imputer transformer in a pipeline or drop samples with missing values. See https://scikit-learn.org/stable/modules/impute.html You can find a list of all estimators that handle NaN values at the following page: https://scikit-learn.org/stable/modules/impute.html#estimators-that-handle-nan-values",,,,,,,,,,,,,,,,,,,,,,,,,,,DeepSeek,Corrected (test_indices),False
classification__mid__yasserh_titanic-dataset__Titanic-Dataset,classification__mid__yasserh_titanic-dataset__Titanic-Dataset__variant_04_of_05.json,classification,Embarked,logistic,failed,"Input X contains NaN.
LogisticRegression does not accept missing values encoded as NaN natively. For supervised learning, you might want to consider sklearn.ensemble.HistGradientBoostingClassifier and Regressor which accept missing values encoded as NaNs natively. Alternatively, it is possible to preprocess the data, for instance by using an imputer transformer in a pipeline or drop samples with missing values. See https://scikit-learn.org/stable/modules/impute.html You can find a list of all estimators that handle NaN values at the following page: https://scikit-learn.org/stable/modules/impute.html#estimators-that-handle-nan-values",,,,,,,,,,,,,,,,,,,,,,,,,,,DeepSeek,Corrected (test_indices),False
classification__mid__yasserh_titanic-dataset__Titanic-Dataset,classification__mid__yasserh_titanic-dataset__Titanic-Dataset__variant_05_of_05.json,classification,Embarked,logistic,failed,"Input X contains NaN.
LogisticRegression does not accept missing values encoded as NaN natively. For supervised learning, you might want to consider sklearn.ensemble.HistGradientBoostingClassifier and Regressor which accept missing values encoded as NaNs natively. Alternatively, it is possible to preprocess the data, for instance by using an imputer transformer in a pipeline or drop samples with missing values. See https://scikit-learn.org/stable/modules/impute.html You can find a list of all estimators that handle NaN values at the following page: https://scikit-learn.org/stable/modules/impute.html#estimators-that-handle-nan-values",,,,,,,,,,,,,,,,,,,,,,,,,,,DeepSeek,Corrected (test_indices),False
regression__easy__ganjerlawrence_mobile-phone-price-prediction-cleaned-dataset__Mobile-Price-Prediction-cleaned_data,regression__easy__ganjerlawrence_mobile-phone-price-prediction-cleaned-dataset__Mobile-Price-Prediction-cleaned_data__variant_01_of_05.json,regression,Price,linear,success,,,,,,94.0,,,/home/joshua/Code/ai_projects/amalia/backend/data/uploads/datasets/regression/easy/ganjerlawrence_mobile-phone-price-prediction-cleaned-dataset/Mobile-Price-Prediction-cleaned_data.csv,/home/joshua/Code/ai_projects/amalia/data/batch_results/corrected_execution/models/regression__easy__ganjerlawrence_mobile-phone-price-prediction-cleaned-dataset__Mobile-Price-Prediction-cleaned_data.pkl,3.0,"['1:load_csv', '2:train_regression_model', '3:evaluate_regression_model']",,,,,,,,,0.2858,292205913.1856,17094.0315,8626.7143,386.9679,,,DeepSeek,Corrected (test_indices),False
regression__easy__ganjerlawrence_mobile-phone-price-prediction-cleaned-dataset__Mobile-Price-Prediction-cleaned_data,regression__easy__ganjerlawrence_mobile-phone-price-prediction-cleaned-dataset__Mobile-Price-Prediction-cleaned_data__variant_02_of_05.json,regression,Price,linear,success,,,,,,94.0,,,/home/joshua/Code/ai_projects/amalia/backend/data/uploads/datasets/regression/easy/ganjerlawrence_mobile-phone-price-prediction-cleaned-dataset/Mobile-Price-Prediction-cleaned_data.csv,/home/joshua/Code/ai_projects/amalia/data/batch_results/corrected_execution/models/regression__easy__ganjerlawrence_mobile-phone-price-prediction-cleaned-dataset__Mobile-Price-Prediction-cleaned_data.pkl,3.0,"['1:load_csv', '2:train_regression_model', '3:evaluate_regression_model']",,,,,,,,,0.2858,292205913.1856,17094.0315,8626.7143,386.9679,,,DeepSeek,Corrected (test_indices),False
regression__easy__ganjerlawrence_mobile-phone-price-prediction-cleaned-dataset__Mobile-Price-Prediction-cleaned_data,regression__easy__ganjerlawrence_mobile-phone-price-prediction-cleaned-dataset__Mobile-Price-Prediction-cleaned_data__variant_03_of_05.json,regression,,,failed,invalid literal for int() with base 10: '0.80.80.80.80.80.80.80.80.80.80.80.80.80.80.80.80.80.80.80.80.80.80.80.80.80.80.80.80.80.80.80.80.80.80.80.80.80.80.80.80.80.80.80.80.80.80.80.80.80.80.80.80.80.80.80.80.80.80.80.80.80.80.80.80.80.80,,,,,,,,,,,,,,,,,,,,,,,,,,,DeepSeek,Corrected (test_indices),False
regression__easy__ganjerlawrence_mobile-phone-price-prediction-cleaned-dataset__Mobile-Price-Prediction-cleaned_data,regression__easy__ganjerlawrence_mobile-phone-price-prediction-cleaned-dataset__Mobile-Price-Prediction-cleaned_data__variant_04_of_05.json,regression,Price,linear,success,,,,,,94.0,,,/home/joshua/Code/ai_projects/amalia/backend/data/uploads/datasets/regression/easy/ganjerlawrence_mobile-phone-price-prediction-cleaned-dataset/Mobile-Price-Prediction-cleaned_data.csv,/home/joshua/Code/ai_projects/amalia/data/batch_results/corrected_execution/models/regression__easy__ganjerlawrence_mobile-phone-price-prediction-cleaned-dataset__Mobile-Price-Prediction-cleaned_data.pkl,3.0,"['1:load_csv', '2:train_regression_model', '3:evaluate_regression_model']",,,,,,,,,0.2858,292205913.1856,17094.0315,8626.7143,386.9679,,,DeepSeek,Corrected (test_indices),False
regression__easy__ganjerlawrence_mobile-phone-price-prediction-cleaned-dataset__Mobile-Price-Prediction-cleaned_data,regression__easy__ganjerlawrence_mobile-phone-price-prediction-cleaned-dataset__Mobile-Price-Prediction-cleaned_data__variant_05_of_05.json,regression,,,success,,,,,,,,,/home/joshua/Code/ai_projects/amalia/backend/data/uploads/datasets/regression/easy/ganjerlawrence_mobile-phone-price-prediction-cleaned-dataset/Mobile-Price-Prediction-cleaned_data.csv,,0.0,[],,,,,,,,,,,,,,,,DeepSeek,Corrected (test_indices),False
regression__easy__govindaramsriram_crop-yield-of-a-farm__crop_yield_data,regression__easy__govindaramsriram_crop-yield-of-a-farm__crop_yield_data__variant_01_of_05.json,regression,crop_yield,linear,success,,,,,,600.0,,,/home/joshua/Code/ai_projects/amalia/backend/data/uploads/datasets/regression/easy/govindaramsriram_crop-yield-of-a-farm/crop_yield_data.csv,/home/joshua/Code/ai_projects/amalia/data/batch_results/corrected_execution/models/regression__easy__govindaramsriram_crop-yield-of-a-farm__crop_yield_data.pkl,3.0,"['1:load_csv', '2:train_regression_model', '3:evaluate_regression_model']",,,,,,,,,1.0,0.0818,0.2859,0.2432,0.0999,,,DeepSeek,Corrected (test_indices),True
regression__easy__govindaramsriram_crop-yield-of-a-farm__crop_yield_data,regression__easy__govindaramsriram_crop-yield-of-a-farm__crop_yield_data__variant_02_of_05.json,regression,crop_yield,linear,success,,,,,,600.0,,,/home/joshua/Code/ai_projects/amalia/backend/data/uploads/datasets/regression/easy/govindaramsriram_crop-yield-of-a-farm/crop_yield_data.csv,/home/joshua/Code/ai_projects/amalia/data/batch_results/corrected_execution/models/regression__easy__govindaramsriram_crop-yield-of-a-farm__crop_yield_data.pkl,3.0,"['1:load_csv', '2:train_regression_model', '3:evaluate_regression_model']",,,,,,,,,1.0,0.0818,0.2859,0.2432,0.0999,,,DeepSeek,Corrected (test_indices),True
regression__easy__govindaramsriram_crop-yield-of-a-farm__crop_yield_data,regression__easy__govindaramsriram_crop-yield-of-a-farm__crop_yield_data__variant_03_of_05.json,regression,crop_yield,linear,success,,,,,,600.0,,,/home/joshua/Code/ai_projects/amalia/backend/data/uploads/datasets/regression/easy/govindaramsriram_crop-yield-of-a-farm/crop_yield_data.csv,/home/joshua/Code/ai_projects/amalia/data/batch_results/corrected_execution/models/regression__easy__govindaramsriram_crop-yield-of-a-farm__crop_yield_data.pkl,3.0,"['1:load_csv', '2:train_regression_model', '3:evaluate_regression_model']",,,,,,,,,1.0,0.0818,0.2859,0.2432,0.0999,,,DeepSeek,Corrected (test_indices),True
regression__easy__govindaramsriram_crop-yield-of-a-farm__crop_yield_data,regression__easy__govindaramsriram_crop-yield-of-a-farm__crop_yield_data__variant_04_of_05.json,regression,crop_yield,linear,success,,,,,,600.0,,,/home/joshua/Code/ai_projects/amalia/backend/data/uploads/datasets/regression/easy/govindaramsriram_crop-yield-of-a-farm/crop_yield_data.csv,/home/joshua/Code/ai_projects/amalia/data/batch_results/corrected_execution/models/regression__easy__govindaramsriram_crop-yield-of-a-farm__crop_yield_data.pkl,3.0,"['1:load_csv', '2:train_regression_model', '3:evaluate_regression_model']",,,,,,,,,1.0,0.0818,0.2859,0.2432,0.0999,,,DeepSeek,Corrected (test_indices),True
regression__easy__govindaramsriram_crop-yield-of-a-farm__crop_yield_data,regression__easy__govindaramsriram_crop-yield-of-a-farm__crop_yield_data__variant_05_of_05.json,regression,,,failed,Input file not found: None,,,,,,,,,,,,,,,,,,,,,,,,,,,DeepSeek,Corrected (test_indices),False
regression__easy__nalisha_numerical-feature-based-target-prediction-using-ml__practice_dataset,regression__easy__nalisha_numerical-feature-based-target-prediction-using-ml__practice_dataset__variant_01_of_05.json,regression,target,linear,success,,,,,,2000.0,,,/home/joshua/Code/ai_projects/amalia/backend/data/uploads/datasets/regression/easy/nalisha_numerical-feature-based-target-prediction-using-ml/practice_dataset.csv,/home/joshua/Code/ai_projects/amalia/data/batch_results/corrected_execution/models/regression__easy__nalisha_numerical-feature-based-target-prediction-using-ml__practice_dataset.pkl,3.0,"['1:load_csv', '2:train_regression_model', '3:evaluate_regression_model']",,,,,,,,,0.5281,2509.0934,50.0909,41.2742,143.6676,,,DeepSeek,Corrected (test_indices),False
regression__easy__nalisha_numerical-feature-based-target-prediction-using-ml__practice_dataset,regression__easy__nalisha_numerical-feature-based-target-prediction-using-ml__practice_dataset__variant_02_of_05.json,regression,,,success,,,,,,,,,/home/joshua/Code/ai_projects/amalia/backend/data/uploads/datasets/regression/easy/nalisha_numerical-feature-based-target-prediction-using-ml/practice_dataset.csv,,0.0,[],,,,,,,,,,,,,,,,DeepSeek,Corrected (test_indices),False
regression__easy__nalisha_numerical-feature-based-target-prediction-using-ml__practice_dataset,regression__easy__nalisha_numerical-feature-based-target-prediction-using-ml__practice_dataset__variant_03_of_05.json,regression,target,linear,success,,,,,,2000.0,,,/home/joshua/Code/ai_projects/amalia/backend/data/uploads/datasets/regression/easy/nalisha_numerical-feature-based-target-prediction-using-ml/practice_dataset.csv,/home/joshua/Code/ai_projects/amalia/data/batch_results/corrected_execution/models/regression__easy__nalisha_numerical-feature-based-target-prediction-using-ml__practice_dataset.pkl,3.0,"['1:load_csv', '2:train_regression_model', '3:evaluate_regression_model']",,,,,,,,,0.5281,2509.0934,50.0909,41.2742,143.6676,,,DeepSeek,Corrected (test_indices),False
regression__easy__nalisha_numerical-feature-based-target-prediction-using-ml__practice_dataset,regression__easy__nalisha_numerical-feature-based-target-prediction-using-ml__practice_dataset__variant_04_of_05.json,regression,,,success,,,,,,,,,/home/joshua/Code/ai_projects/amalia/backend/data/uploads/datasets/regression/easy/nalisha_numerical-feature-based-target-prediction-using-ml/practice_dataset.csv,,1.0,['1:load_csv'],,,,,,,,,,,,,,,,DeepSeek,Corrected (test_indices),False
regression__easy__nalisha_numerical-feature-based-target-prediction-using-ml__practice_dataset,regression__easy__nalisha_numerical-feature-based-target-prediction-using-ml__practice_dataset__variant_05_of_05.json,regression,target,linear,success,,,,,,2000.0,,,/home/joshua/Code/ai_projects/amalia/backend/data/uploads/datasets/regression/easy/nalisha_numerical-feature-based-target-prediction-using-ml/practice_dataset.csv,/home/joshua/Code/ai_projects/amalia/data/batch_results/corrected_execution/models/regression__easy__nalisha_numerical-feature-based-target-prediction-using-ml__practice_dataset.pkl,3.0,"['1:load_csv', '2:train_regression_model', '3:evaluate_regression_model']",,,,,,,,,0.5281,2509.0934,50.0909,41.2742,143.6676,,,DeepSeek,Corrected (test_indices),False
regression__easy__quantbruce_real-estate-price-prediction__Real estate,regression__easy__quantbruce_real-estate-price-prediction__Real estate__variant_01_of_05.json,regression,Y house price of unit area,linear,success,,,,,,83.0,,,/home/joshua/Code/ai_projects/amalia/backend/data/uploads/datasets/regression/easy/quantbruce_real-estate-price-prediction/Real estate.csv,/home/joshua/Code/ai_projects/amalia/data/batch_results/corrected_execution/models/regression__easy__quantbruce_real-estate-price-prediction__Real estate.pkl,3.0,"['1:load_csv', '2:train_regression_model', '3:evaluate_regression_model']",,,,,,,,,0.6745,54.602,7.3893,5.418,17.692,,,DeepSeek,Corrected (test_indices),False
regression__easy__quantbruce_real-estate-price-prediction__Real estate,regression__easy__quantbruce_real-estate-price-prediction__Real estate__variant_02_of_05.json,regression,Y house price of unit area,linear,success,,,,,,83.0,,,/home/joshua/Code/ai_projects/amalia/backend/data/uploads/datasets/regression/easy/quantbruce_real-estate-price-prediction/Real estate.csv,/home/joshua/Code/ai_projects/amalia/data/batch_results/corrected_execution/models/regression__easy__quantbruce_real-estate-price-prediction__Real estate.pkl,3.0,"['1:load_csv', '2:train_regression_model', '3:evaluate_regression_model']",,,,,,,,,0.6745,54.602,7.3893,5.418,17.692,,,DeepSeek,Corrected (test_indices),False
regression__easy__quantbruce_real-estate-price-prediction__Real estate,regression__easy__quantbruce_real-estate-price-prediction__Real estate__variant_03_of_05.json,regression,,,success,,,,,,,,,/home/joshua/Code/ai_projects/amalia/backend/data/uploads/datasets/regression/easy/quantbruce_real-estate-price-prediction/Real estate.csv,,0.0,[],,,,,,,,,,,,,,,,DeepSeek,Corrected (test_indices),False
regression__easy__quantbruce_real-estate-price-prediction__Real estate,regression__easy__quantbruce_real-estate-price-prediction__Real estate__variant_04_of_05.json,regression,Y house price of unit area,linear,success,,,,,,83.0,,,/home/joshua/Code/ai_projects/amalia/backend/data/uploads/datasets/regression/easy/quantbruce_real-estate-price-prediction/Real estate.csv,/home/joshua/Code/ai_projects/amalia/data/batch_results/corrected_execution/models/regression__easy__quantbruce_real-estate-price-prediction__Real estate.pkl,3.0,"['1:load_csv', '2:train_regression_model', '3:evaluate_regression_model']",,,,,,,,,0.6745,54.602,7.3893,5.418,17.692,,,DeepSeek,Corrected (test_indices),False
regression__easy__quantbruce_real-estate-price-prediction__Real estate,regression__easy__quantbruce_real-estate-price-prediction__Real estate__variant_05_of_05.json,regression,Y house price of unit area,linear,success,,,,,,83.0,,,/home/joshua/Code/ai_projects/amalia/backend/data/uploads/datasets/regression/easy/quantbruce_real-estate-price-prediction/Real estate.csv,/home/joshua/Code/ai_projects/amalia/data/batch_results/corrected_execution/models/regression__easy__quantbruce_real-estate-price-prediction__Real estate.pkl,3.0,"['1:load_csv', '2:train_regression_model', '3:evaluate_regression_model']",,,,,,,,,0.6745,54.602,7.3893,5.418,17.692,,,DeepSeek,Corrected (test_indices),False
regression__easy__ranitsarkar01_porter-delivery-time-estimation__dataset,regression__easy__ranitsarkar01_porter-delivery-time-estimation__dataset__variant_01_of_05.json,regression,total_outstanding_orders,linear,failed,"Input X contains NaN.
LinearRegression does not accept missing values encoded as NaN natively. For supervised learning, you might want to consider sklearn.ensemble.HistGradientBoostingClassifier and Regressor which accept missing values encoded as NaNs natively. Alternatively, it is possible to preprocess the data, for instance by using an imputer transformer in a pipeline or drop samples with missing values. See https://scikit-learn.org/stable/modules/impute.html You can find a list of all estimators that handle NaN values at the following page: https://scikit-learn.org/stable/modules/impute.html#estimators-that-handle-nan-values",,,,,,,,,,,,,,,,,,,,,,,,,,,DeepSeek,Corrected (test_indices),False
regression__easy__ranitsarkar01_porter-delivery-time-estimation__dataset,regression__easy__ranitsarkar01_porter-delivery-time-estimation__dataset__variant_02_of_05.json,regression,total_outstanding_orders,linear,failed,"Input X contains NaN.
LinearRegression does not accept missing values encoded as NaN natively. For supervised learning, you might want to consider sklearn.ensemble.HistGradientBoostingClassifier and Regressor which accept missing values encoded as NaNs natively. Alternatively, it is possible to preprocess the data, for instance by using an imputer transformer in a pipeline or drop samples with missing values. See https://scikit-learn.org/stable/modules/impute.html You can find a list of all estimators that handle NaN values at the following page: https://scikit-learn.org/stable/modules/impute.html#estimators-that-handle-nan-values",,,,,,,,,,,,,,,,,,,,,,,,,,,DeepSeek,Corrected (test_indices),False
regression__easy__ranitsarkar01_porter-delivery-time-estimation__dataset,regression__easy__ranitsarkar01_porter-delivery-time-estimation__dataset__variant_03_of_05.json,regression,total_outstanding_orders,linear,failed,"Input X contains NaN.
LinearRegression does not accept missing values encoded as NaN natively. For supervised learning, you might want to consider sklearn.ensemble.HistGradientBoostingClassifier and Regressor which accept missing values encoded as NaNs natively. Alternatively, it is possible to preprocess the data, for instance by using an imputer transformer in a pipeline or drop samples with missing values. See https://scikit-learn.org/stable/modules/impute.html You can find a list of all estimators that handle NaN values at the following page: https://scikit-learn.org/stable/modules/impute.html#estimators-that-handle-nan-values",,,,,,,,,,,,,,,,,,,,,,,,,,,DeepSeek,Corrected (test_indices),False
regression__easy__ranitsarkar01_porter-delivery-time-estimation__dataset,regression__easy__ranitsarkar01_porter-delivery-time-estimation__dataset__variant_04_of_05.json,regression,total_outstanding_orders,linear,failed,"Input X contains NaN.
LinearRegression does not accept missing values encoded as NaN natively. For supervised learning, you might want to consider sklearn.ensemble.HistGradientBoostingClassifier and Regressor which accept missing values encoded as NaNs natively. Alternatively, it is possible to preprocess the data, for instance by using an imputer transformer in a pipeline or drop samples with missing values. See https://scikit-learn.org/stable/modules/impute.html You can find a list of all estimators that handle NaN values at the following page: https://scikit-learn.org/stable/modules/impute.html#estimators-that-handle-nan-values",,,,,,,,,,,,,,,,,,,,,,,,,,,DeepSeek,Corrected (test_indices),False
regression__easy__ranitsarkar01_porter-delivery-time-estimation__dataset,regression__easy__ranitsarkar01_porter-delivery-time-estimation__dataset__variant_05_of_05.json,regression,total_outstanding_orders,linear,failed,"Input X contains NaN.
LinearRegression does not accept missing values encoded as NaN natively. For supervised learning, you might want to consider sklearn.ensemble.HistGradientBoostingClassifier and Regressor which accept missing values encoded as NaNs natively. Alternatively, it is possible to preprocess the data, for instance by using an imputer transformer in a pipeline or drop samples with missing values. See https://scikit-learn.org/stable/modules/impute.html You can find a list of all estimators that handle NaN values at the following page: https://scikit-learn.org/stable/modules/impute.html#estimators-that-handle-nan-values",,,,,,,,,,,,,,,,,,,,,,,,,,,DeepSeek,Corrected (test_indices),False
regression__easy__sakshisatre_the-boston-housing-dataset__Boston (1),regression__easy__sakshisatre_the-boston-housing-dataset__Boston (1)__variant_01_of_05.json,regression,MEDV,linear,success,,,,,,102.0,,,/home/joshua/Code/ai_projects/amalia/backend/data/uploads/datasets/regression/easy/sakshisatre_the-boston-housing-dataset/Boston (1).csv,/home/joshua/Code/ai_projects/amalia/data/batch_results/corrected_execution/models/regression__easy__sakshisatre_the-boston-housing-dataset__Boston (1).pkl,3.0,"['1:load_csv', '2:train_regression_model', '3:evaluate_regression_model']",,,,,,,,,0.6688,24.2911,4.9286,3.1891,16.8664,,,DeepSeek,Corrected (test_indices),False
regression__easy__sakshisatre_the-boston-housing-dataset__Boston (1),regression__easy__sakshisatre_the-boston-housing-dataset__Boston (1)__variant_02_of_05.json,regression,MEDV,linear,success,,,,,,102.0,,,/home/joshua/Code/ai_projects/amalia/backend/data/uploads/datasets/regression/easy/sakshisatre_the-boston-housing-dataset/Boston (1).csv,/home/joshua/Code/ai_projects/amalia/data/batch_results/corrected_execution/models/regression__easy__sakshisatre_the-boston-housing-dataset__Boston (1).pkl,3.0,"['1:load_csv', '2:train_regression_model', '3:evaluate_regression_model']",,,,,,,,,0.6688,24.2911,4.9286,3.1891,16.8664,,,DeepSeek,Corrected (test_indices),False
regression__easy__sakshisatre_the-boston-housing-dataset__Boston (1),regression__easy__sakshisatre_the-boston-housing-dataset__Boston (1)__variant_03_of_05.json,regression,MEDV,linear,success,,,,,,102.0,,,/home/joshua/Code/ai_projects/amalia/backend/data/uploads/datasets/regression/easy/sakshisatre_the-boston-housing-dataset/Boston (1).csv,/home/joshua/Code/ai_projects/amalia/data/batch_results/corrected_execution/models/regression__easy__sakshisatre_the-boston-housing-dataset__Boston (1).pkl,3.0,"['1:load_csv', '2:train_regression_model', '3:evaluate_regression_model']",,,,,,,,,0.6688,24.2911,4.9286,3.1891,16.8664,,,DeepSeek,Corrected (test_indices),False
regression__easy__sakshisatre_the-boston-housing-dataset__Boston (1),regression__easy__sakshisatre_the-boston-housing-dataset__Boston (1)__variant_04_of_05.json,regression,MEDV,linear,success,,,,,,102.0,,,/home/joshua/Code/ai_projects/amalia/backend/data/uploads/datasets/regression/easy/sakshisatre_the-boston-housing-dataset/Boston (1).csv,/home/joshua/Code/ai_projects/amalia/data/batch_results/corrected_execution/models/regression__easy__sakshisatre_the-boston-housing-dataset__Boston (1).pkl,3.0,"['1:load_csv', '2:train_regression_model', '3:evaluate_regression_model']",,,,,,,,,0.6688,24.2911,4.9286,3.1891,16.8664,,,DeepSeek,Corrected (test_indices),False
regression__easy__sakshisatre_the-boston-housing-dataset__Boston (1),regression__easy__sakshisatre_the-boston-housing-dataset__Boston (1)__variant_05_of_05.json,regression,MEDV,linear,success,,,,,,102.0,,,/home/joshua/Code/ai_projects/amalia/backend/data/uploads/datasets/regression/easy/sakshisatre_the-boston-housing-dataset/Boston (1).csv,/home/joshua/Code/ai_projects/amalia/data/batch_results/corrected_execution/models/regression__easy__sakshisatre_the-boston-housing-dataset__Boston (1).pkl,3.0,"['1:load_csv', '2:train_regression_model', '3:evaluate_regression_model']",,,,,,,,,0.6688,24.2911,4.9286,3.1891,16.8664,,,DeepSeek,Corrected (test_indices),False
regression__easy__thedevastator_age-prediction-for-individuals-using-multi-omic__test_rows,regression__easy__thedevastator_age-prediction-for-individuals-using-multi-omic__test_rows__variant_01_of_05.json,regression,KLF14_2,linear,success,,,,,,21.0,,,/home/joshua/Code/ai_projects/amalia/backend/data/uploads/datasets/regression/easy/thedevastator_age-prediction-for-individuals-using-multi-omic/test_rows.csv,/home/joshua/Code/ai_projects/amalia/data/batch_results/corrected_execution/models/regression__easy__thedevastator_age-prediction-for-individuals-using-multi-omic__test_rows.pkl,3.0,"['1:load_csv', '2:train_regression_model', '3:evaluate_regression_model']",,,,,,,,,0.3535,2.5586,1.5996,1.3572,63.5413,,,DeepSeek,Corrected (test_indices),False
regression__easy__thedevastator_age-prediction-for-individuals-using-multi-omic__test_rows,regression__easy__thedevastator_age-prediction-for-individuals-using-multi-omic__test_rows__variant_02_of_05.json,regression,KLF14_2,linear,success,,,,,,21.0,,,/home/joshua/Code/ai_projects/amalia/backend/data/uploads/datasets/regression/easy/thedevastator_age-prediction-for-individuals-using-multi-omic/test_rows.csv,/home/joshua/Code/ai_projects/amalia/data/batch_results/corrected_execution/models/regression__easy__thedevastator_age-prediction-for-individuals-using-multi-omic__test_rows.pkl,3.0,"['1:load_csv', '2:train_regression_model', '3:evaluate_regression_model']",,,,,,,,,0.3535,2.5586,1.5996,1.3572,63.5413,,,DeepSeek,Corrected (test_indices),False
regression__easy__thedevastator_age-prediction-for-individuals-using-multi-omic__test_rows,regression__easy__thedevastator_age-prediction-for-individuals-using-multi-omic__test_rows__variant_03_of_05.json,regression,,,success,,,,,,,,,/home/joshua/Code/ai_projects/amalia/backend/data/uploads/datasets/regression/easy/thedevastator_age-prediction-for-individuals-using-multi-omic/test_rows.csv,,0.0,[],,,,,,,,,,,,,,,,DeepSeek,Corrected (test_indices),False
regression__easy__thedevastator_age-prediction-for-individuals-using-multi-omic__test_rows,regression__easy__thedevastator_age-prediction-for-individuals-using-multi-omic__test_rows__variant_04_of_05.json,regression,KLF14_2,linear,success,,,,,,21.0,,,/home/joshua/Code/ai_projects/amalia/backend/data/uploads/datasets/regression/easy/thedevastator_age-prediction-for-individuals-using-multi-omic/test_rows.csv,/home/joshua/Code/ai_projects/amalia/data/batch_results/corrected_execution/models/regression__easy__thedevastator_age-prediction-for-individuals-using-multi-omic__test_rows.pkl,3.0,"['1:load_csv', '2:train_regression_model', '3:evaluate_regression_model']",,,,,,,,,0.3535,2.5586,1.5996,1.3572,63.5413,,,DeepSeek,Corrected (test_indices),False
regression__easy__thedevastator_age-prediction-for-individuals-using-multi-omic__test_rows,regression__easy__thedevastator_age-prediction-for-individuals-using-multi-omic__test_rows__variant_05_of_05.json,regression,KLF14_2,linear,success,,,,,,21.0,,,/home/joshua/Code/ai_projects/amalia/backend/data/uploads/datasets/regression/easy/thedevastator_age-prediction-for-individuals-using-multi-omic/test_rows.csv,/home/joshua/Code/ai_projects/amalia/data/batch_results/corrected_execution/models/regression__easy__thedevastator_age-prediction-for-individuals-using-multi-omic__test_rows.pkl,2.0,"['1:train_regression_model', '2:evaluate_regression_model']",,,,,,,,,0.3535,2.5586,1.5996,1.3572,63.5413,,,DeepSeek,Corrected (test_indices),False
regression__easy__zubairdhuddi_linear-regression__test,regression__easy__zubairdhuddi_linear-regression__test__variant_01_of_05.json,regression,y,linear,success,,,,,,60.0,,,/home/joshua/Code/ai_projects/amalia/backend/data/uploads/datasets/regression/easy/zubairdhuddi_linear-regression/test.csv,/home/joshua/Code/ai_projects/amalia/data/batch_results/corrected_execution/models/regression__easy__zubairdhuddi_linear-regression__test.pkl,3.0,"['1:load_csv', '2:train_regression_model', '3:evaluate_regression_model']",,,,,,,,,0.9909,9.2594,3.0429,2.5178,21.074,,,DeepSeek,Corrected (test_indices),True
regression__easy__zubairdhuddi_linear-regression__test,regression__easy__zubairdhuddi_linear-regression__test__variant_02_of_05.json,regression,y,linear,success,,,,,,60.0,,,/home/joshua/Code/ai_projects/amalia/backend/data/uploads/datasets/regression/easy/zubairdhuddi_linear-regression/test.csv,/home/joshua/Code/ai_projects/amalia/data/batch_results/corrected_execution/models/regression__easy__zubairdhuddi_linear-regression__test.pkl,3.0,"['1:load_csv', '2:train_regression_model', '3:evaluate_regression_model']",,,,,,,,,0.9909,9.2594,3.0429,2.5178,21.074,,,DeepSeek,Corrected (test_indices),True
regression__easy__zubairdhuddi_linear-regression__test,regression__easy__zubairdhuddi_linear-regression__test__variant_03_of_05.json,regression,y,linear,success,,,,,,60.0,,,/home/joshua/Code/ai_projects/amalia/backend/data/uploads/datasets/regression/easy/zubairdhuddi_linear-regression/test.csv,/home/joshua/Code/ai_projects/amalia/data/batch_results/corrected_execution/models/regression__easy__zubairdhuddi_linear-regression__test.pkl,3.0,"['1:load_csv', '2:train_regression_model', '3:evaluate_regression_model']",,,,,,,,,0.9909,9.2594,3.0429,2.5178,21.074,,,DeepSeek,Corrected (test_indices),True
regression__easy__zubairdhuddi_linear-regression__test,regression__easy__zubairdhuddi_linear-regression__test__variant_04_of_05.json,regression,y,random_forest,success,,,,,,60.0,,,/home/joshua/Code/ai_projects/amalia/backend/data/uploads/datasets/regression/easy/zubairdhuddi_linear-regression/test.csv,/home/joshua/Code/ai_projects/amalia/data/batch_results/corrected_execution/models/regression__easy__zubairdhuddi_linear-regression__test.pkl,2.0,"['1:train_regression_model', '2:evaluate_regression_model']",,,,,,,,,0.9905,9.6809,3.1114,2.5056,22.9098,,,DeepSeek,Corrected (test_indices),True
regression__easy__zubairdhuddi_linear-regression__test,regression__easy__zubairdhuddi_linear-regression__test__variant_05_of_05.json,regression,y,linear,success,,,,,,60.0,,,/home/joshua/Code/ai_projects/amalia/backend/data/uploads/datasets/regression/easy/zubairdhuddi_linear-regression/test.csv,/home/joshua/Code/ai_projects/amalia/data/batch_results/corrected_execution/models/regression__easy__zubairdhuddi_linear-regression__test.pkl,2.0,"['1:load_csv', '2:train_regression_model']",regression,,,-0.0023,240.0,['x'],/home/joshua/Code/ai_projects/amalia/data/batch_results/corrected_execution/models/regression__easy__zubairdhuddi_linear-regression__test.pkl,/home/joshua/Code/ai_projects/amalia/data/batch_results/corrected_execution/models/regression__easy__zubairdhuddi_linear-regression__test_test_indices.json,,9.2594,3.0429,2.5178,,0.9885,0.9909,DeepSeek,Corrected (test_indices),False
regression__hard__anujsaha0123456789_house-prices-cleaned-dataset-for-regression-ml__house_prices_cleaned,regression__hard__anujsaha0123456789_house-prices-cleaned-dataset-for-regression-ml__house_prices_cleaned__variant_01_of_05.json,regression,SalePrice,svr,success,,,,,,292.0,,,/home/joshua/Code/ai_projects/amalia/backend/data/uploads/datasets/regression/hard/anujsaha0123456789_house-prices-cleaned-dataset-for-regression-ml/house_prices_cleaned.csv,/home/joshua/Code/ai_projects/amalia/data/batch_results/corrected_execution/models/regression__hard__anujsaha0123456789_house-prices-cleaned-dataset-for-regression-ml__house_prices_cleaned.pkl,3.0,"['1:load_csv', '2:train_regression_model', '3:evaluate_regression_model']",,,,,,,,,-0.0246,7859359217.2756,88653.0271,59556.7317,35.9659,,,DeepSeek,Corrected (test_indices),False
regression__hard__anujsaha0123456789_house-prices-cleaned-dataset-for-regression-ml__house_prices_cleaned,regression__hard__anujsaha0123456789_house-prices-cleaned-dataset-for-regression-ml__house_prices_cleaned__variant_02_of_05.json,regression,SalePrice,svr,success,,,,,,292.0,,,/home/joshua/Code/ai_projects/amalia/backend/data/uploads/datasets/regression/hard/anujsaha0123456789_house-prices-cleaned-dataset-for-regression-ml/house_prices_cleaned.csv,/home/joshua/Code/ai_projects/amalia/data/batch_results/corrected_execution/models/regression__hard__anujsaha0123456789_house-prices-cleaned-dataset-for-regression-ml__house_prices_cleaned.pkl,3.0,"['1:load_csv', '2:train_regression_model', '3:evaluate_regression_model']",,,,,,,,,-0.0246,7859359217.2756,88653.0271,59556.7317,35.9659,,,DeepSeek,Corrected (test_indices),False
regression__hard__anujsaha0123456789_house-prices-cleaned-dataset-for-regression-ml__house_prices_cleaned,regression__hard__anujsaha0123456789_house-prices-cleaned-dataset-for-regression-ml__house_prices_cleaned__variant_03_of_05.json,regression,SalePrice,svr,success,,,,,,292.0,,,/home/joshua/Code/ai_projects/amalia/backend/data/uploads/datasets/regression/hard/anujsaha0123456789_house-prices-cleaned-dataset-for-regression-ml/house_prices_cleaned.csv,/home/joshua/Code/ai_projects/amalia/data/batch_results/corrected_execution/models/regression__hard__anujsaha0123456789_house-prices-cleaned-dataset-for-regression-ml__house_prices_cleaned.pkl,3.0,"['1:load_csv', '2:train_regression_model', '3:evaluate_regression_model']",,,,,,,,,-0.0246,7859359217.2756,88653.0271,59556.7317,35.9659,,,DeepSeek,Corrected (test_indices),False
regression__hard__anujsaha0123456789_house-prices-cleaned-dataset-for-regression-ml__house_prices_cleaned,regression__hard__anujsaha0123456789_house-prices-cleaned-dataset-for-regression-ml__house_prices_cleaned__variant_04_of_05.json,regression,SalePrice,svr,success,,,,,,292.0,,,/home/joshua/Code/ai_projects/amalia/backend/data/uploads/datasets/regression/hard/anujsaha0123456789_house-prices-cleaned-dataset-for-regression-ml/house_prices_cleaned.csv,/home/joshua/Code/ai_projects/amalia/data/batch_results/corrected_execution/models/regression__hard__anujsaha0123456789_house-prices-cleaned-dataset-for-regression-ml__house_prices_cleaned.pkl,3.0,"['1:load_csv', '2:train_regression_model', '3:evaluate_regression_model']",,,,,,,,,-0.0246,7859359217.2756,88653.0271,59556.7317,35.9659,,,DeepSeek,Corrected (test_indices),False
regression__hard__anujsaha0123456789_house-prices-cleaned-dataset-for-regression-ml__house_prices_cleaned,regression__hard__anujsaha0123456789_house-prices-cleaned-dataset-for-regression-ml__house_prices_cleaned__variant_05_of_05.json,regression,SalePrice,svr,success,,,,,,292.0,,,/home/joshua/Code/ai_projects/amalia/backend/data/uploads/datasets/regression/hard/anujsaha0123456789_house-prices-cleaned-dataset-for-regression-ml/house_prices_cleaned.csv,/home/joshua/Code/ai_projects/amalia/data/batch_results/corrected_execution/models/regression__hard__anujsaha0123456789_house-prices-cleaned-dataset-for-regression-ml__house_prices_cleaned.pkl,3.0,"['1:load_csv', '2:train_regression_model', '3:evaluate_regression_model']",,,,,,,,,-0.0246,7859359217.2756,88653.0271,59556.7317,35.9659,,,DeepSeek,Corrected (test_indices),False
regression__hard__bharatsahu_house-price-prediction-dataset-insurancehub-usa__House_price_multifeatures,regression__hard__bharatsahu_house-price-prediction-dataset-insurancehub-usa__House_price_multifeatures__variant_01_of_05.json,classification,TTTerritory,decision_tree,failed,Input contains NaN,,,,,,,,,,,,,,,,,,,,,,,,,,,DeepSeek,Corrected (test_indices),False
regression__hard__bharatsahu_house-price-prediction-dataset-insurancehub-usa__House_price_multifeatures,regression__hard__bharatsahu_house-price-prediction-dataset-insurancehub-usa__House_price_multifeatures__variant_02_of_05.json,classification,TTTerritory,decision_tree,failed,Input contains NaN,,,,,,,,,,,,,,,,,,,,,,,,,,,DeepSeek,Corrected (test_indices),False
regression__hard__bharatsahu_house-price-prediction-dataset-insurancehub-usa__House_price_multifeatures,regression__hard__bharatsahu_house-price-prediction-dataset-insurancehub-usa__House_price_multifeatures__variant_03_of_05.json,classification,TTTerritory,decision_tree,failed,Input contains NaN,,,,,,,,,,,,,,,,,,,,,,,,,,,DeepSeek,Corrected (test_indices),False
regression__hard__bharatsahu_house-price-prediction-dataset-insurancehub-usa__House_price_multifeatures,regression__hard__bharatsahu_house-price-prediction-dataset-insurancehub-usa__House_price_multifeatures__variant_04_of_05.json,classification,TTTerritory,decision_tree,failed,Input contains NaN,,,,,,,,,,,,,,,,,,,,,,,,,,,DeepSeek,Corrected (test_indices),False
regression__hard__bharatsahu_house-price-prediction-dataset-insurancehub-usa__House_price_multifeatures,regression__hard__bharatsahu_house-price-prediction-dataset-insurancehub-usa__House_price_multifeatures__variant_05_of_05.json,classification,TTTerritory,decision_tree,failed,Input contains NaN,,,,,,,,,,,,,,,,,,,,,,,,,,,DeepSeek,Corrected (test_indices),False
regression__hard__bjaton_housepricesadvancedregressiontechniquestrain__train,regression__hard__bjaton_housepricesadvancedregressiontechniquestrain__train__variant_01_of_05.json,regression,SalePrice,ridge,failed,"Input X contains NaN.
Ridge does not accept missing values encoded as NaN natively. For supervised learning, you might want to consider sklearn.ensemble.HistGradientBoostingClassifier and Regressor which accept missing values encoded as NaNs natively. Alternatively, it is possible to preprocess the data, for instance by using an imputer transformer in a pipeline or drop samples with missing values. See https://scikit-learn.org/stable/modules/impute.html You can find a list of all estimators that handle NaN values at the following page: https://scikit-learn.org/stable/modules/impute.html#estimators-that-handle-nan-values",,,,,,,,,,,,,,,,,,,,,,,,,,,DeepSeek,Corrected (test_indices),False
regression__hard__bjaton_housepricesadvancedregressiontechniquestrain__train,regression__hard__bjaton_housepricesadvancedregressiontechniquestrain__train__variant_02_of_05.json,regression,SalePrice,ridge,failed,"Input X contains NaN.
Ridge does not accept missing values encoded as NaN natively. For supervised learning, you might want to consider sklearn.ensemble.HistGradientBoostingClassifier and Regressor which accept missing values encoded as NaNs natively. Alternatively, it is possible to preprocess the data, for instance by using an imputer transformer in a pipeline or drop samples with missing values. See https://scikit-learn.org/stable/modules/impute.html You can find a list of all estimators that handle NaN values at the following page: https://scikit-learn.org/stable/modules/impute.html#estimators-that-handle-nan-values",,,,,,,,,,,,,,,,,,,,,,,,,,,DeepSeek,Corrected (test_indices),False
regression__hard__bjaton_housepricesadvancedregressiontechniquestrain__train,regression__hard__bjaton_housepricesadvancedregressiontechniquestrain__train__variant_03_of_05.json,regression,SalePrice,ridge,failed,"Input X contains NaN.
Ridge does not accept missing values encoded as NaN natively. For supervised learning, you might want to consider sklearn.ensemble.HistGradientBoostingClassifier and Regressor which accept missing values encoded as NaNs natively. Alternatively, it is possible to preprocess the data, for instance by using an imputer transformer in a pipeline or drop samples with missing values. See https://scikit-learn.org/stable/modules/impute.html You can find a list of all estimators that handle NaN values at the following page: https://scikit-learn.org/stable/modules/impute.html#estimators-that-handle-nan-values",,,,,,,,,,,,,,,,,,,,,,,,,,,DeepSeek,Corrected (test_indices),False
regression__hard__bjaton_housepricesadvancedregressiontechniquestrain__train,regression__hard__bjaton_housepricesadvancedregressiontechniquestrain__train__variant_04_of_05.json,regression,SalePrice,ridge,failed,"Input X contains NaN.
Ridge does not accept missing values encoded as NaN natively. For supervised learning, you might want to consider sklearn.ensemble.HistGradientBoostingClassifier and Regressor which accept missing values encoded as NaNs natively. Alternatively, it is possible to preprocess the data, for instance by using an imputer transformer in a pipeline or drop samples with missing values. See https://scikit-learn.org/stable/modules/impute.html You can find a list of all estimators that handle NaN values at the following page: https://scikit-learn.org/stable/modules/impute.html#estimators-that-handle-nan-values",,,,,,,,,,,,,,,,,,,,,,,,,,,DeepSeek,Corrected (test_indices),False
regression__hard__bjaton_housepricesadvancedregressiontechniquestrain__train,regression__hard__bjaton_housepricesadvancedregressiontechniquestrain__train__variant_05_of_05.json,regression,SalePrice,ridge,failed,"Input X contains NaN.
Ridge does not accept missing values encoded as NaN natively. For supervised learning, you might want to consider sklearn.ensemble.HistGradientBoostingClassifier and Regressor which accept missing values encoded as NaNs natively. Alternatively, it is possible to preprocess the data, for instance by using an imputer transformer in a pipeline or drop samples with missing values. See https://scikit-learn.org/stable/modules/impute.html You can find a list of all estimators that handle NaN values at the following page: https://scikit-learn.org/stable/modules/impute.html#estimators-that-handle-nan-values",,,,,,,,,,,,,,,,,,,,,,,,,,,DeepSeek,Corrected (test_indices),False
regression__hard__bobnau_daily-website-visitors__daily-website-visitors,regression__hard__bobnau_daily-website-visitors__daily-website-visitors__variant_01_of_05.json,regression,Returning.Visits,linear,failed,"could not convert string to float: '1,036'",,,,,,,,,,,,,,,,,,,,,,,,,,,DeepSeek,Corrected (test_indices),False
regression__hard__bobnau_daily-website-visitors__daily-website-visitors,regression__hard__bobnau_daily-website-visitors__daily-website-visitors__variant_02_of_05.json,regression,Returning.Visits,linear,failed,"could not convert string to float: '1,036'",,,,,,,,,,,,,,,,,,,,,,,,,,,DeepSeek,Corrected (test_indices),False
regression__hard__bobnau_daily-website-visitors__daily-website-visitors,regression__hard__bobnau_daily-website-visitors__daily-website-visitors__variant_03_of_05.json,regression,Returning.Visits,linear,failed,"could not convert string to float: '1,036'",,,,,,,,,,,,,,,,,,,,,,,,,,,DeepSeek,Corrected (test_indices),False
regression__hard__bobnau_daily-website-visitors__daily-website-visitors,regression__hard__bobnau_daily-website-visitors__daily-website-visitors__variant_04_of_05.json,regression,Returning.Visits,linear,failed,"could not convert string to float: '1,036'",,,,,,,,,,,,,,,,,,,,,,,,,,,DeepSeek,Corrected (test_indices),False
regression__hard__bobnau_daily-website-visitors__daily-website-visitors,regression__hard__bobnau_daily-website-visitors__daily-website-visitors__variant_05_of_05.json,regression,Returning.Visits,linear,failed,"could not convert string to float: '1,036'",,,,,,,,,,,,,,,,,,,,,,,,,,,DeepSeek,Corrected (test_indices),False
regression__hard__deepcontractor_car-price-prediction-challenge__car_price_prediction,regression__hard__deepcontractor_car-price-prediction-challenge__car_price_prediction__variant_01_of_05.json,classification,Airbags,logistic,success,,0.3836,0.2308,0.3836,0.2875,3848.0,16.0,False,/home/joshua/Code/ai_projects/amalia/backend/data/uploads/datasets/regression/hard/deepcontractor_car-price-prediction-challenge/car_price_prediction.csv,/home/joshua/Code/ai_projects/amalia/data/batch_results/corrected_execution/models/regression__hard__deepcontractor_car-price-prediction-challenge__car_price_prediction.pkl,3.0,"['1:load_csv', '2:train_classification_model', '3:evaluate_classification_model']",,,,,,,,,,,,,,,,DeepSeek,Corrected (test_indices),False
regression__hard__deepcontractor_car-price-prediction-challenge__car_price_prediction,regression__hard__deepcontractor_car-price-prediction-challenge__car_price_prediction__variant_02_of_05.json,classification,Airbags,logistic,success,,0.3836,0.2308,0.3836,0.2875,3848.0,16.0,False,/home/joshua/Code/ai_projects/amalia/backend/data/uploads/datasets/regression/hard/deepcontractor_car-price-prediction-challenge/car_price_prediction.csv,/home/joshua/Code/ai_projects/amalia/data/batch_results/corrected_execution/models/regression__hard__deepcontractor_car-price-prediction-challenge__car_price_prediction.pkl,3.0,"['1:load_csv', '2:train_classification_model', '3:evaluate_classification_model']",,,,,,,,,,,,,,,,DeepSeek,Corrected (test_indices),False
regression__hard__deepcontractor_car-price-prediction-challenge__car_price_prediction,regression__hard__deepcontractor_car-price-prediction-challenge__car_price_prediction__variant_03_of_05.json,classification,Airbags,logistic,success,,0.3836,0.2308,0.3836,0.2875,3848.0,16.0,False,/home/joshua/Code/ai_projects/amalia/backend/data/uploads/datasets/regression/hard/deepcontractor_car-price-prediction-challenge/car_price_prediction.csv,/home/joshua/Code/ai_projects/amalia/data/batch_results/corrected_execution/models/regression__hard__deepcontractor_car-price-prediction-challenge__car_price_prediction.pkl,3.0,"['1:load_csv', '2:train_classification_model', '3:evaluate_classification_model']",,,,,,,,,,,,,,,,DeepSeek,Corrected (test_indices),False
regression__hard__deepcontractor_car-price-prediction-challenge__car_price_prediction,regression__hard__deepcontractor_car-price-prediction-challenge__car_price_prediction__variant_04_of_05.json,classification,Airbags,logistic,success,,0.3836,0.2308,0.3836,0.2875,3848.0,16.0,False,/home/joshua/Code/ai_projects/amalia/backend/data/uploads/datasets/regression/hard/deepcontractor_car-price-prediction-challenge/car_price_prediction.csv,/home/joshua/Code/ai_projects/amalia/data/batch_results/corrected_execution/models/regression__hard__deepcontractor_car-price-prediction-challenge__car_price_prediction.pkl,3.0,"['1:load_csv', '2:train_classification_model', '3:evaluate_classification_model']",,,,,,,,,,,,,,,,DeepSeek,Corrected (test_indices),False
regression__hard__deepcontractor_car-price-prediction-challenge__car_price_prediction,regression__hard__deepcontractor_car-price-prediction-challenge__car_price_prediction__variant_05_of_05.json,classification,Airbags,logistic,success,,0.3836,0.2308,0.3836,0.2875,3848.0,16.0,False,/home/joshua/Code/ai_projects/amalia/backend/data/uploads/datasets/regression/hard/deepcontractor_car-price-prediction-challenge/car_price_prediction.csv,/home/joshua/Code/ai_projects/amalia/data/batch_results/corrected_execution/models/regression__hard__deepcontractor_car-price-prediction-challenge__car_price_prediction.pkl,3.0,"['1:load_csv', '2:train_classification_model', '3:evaluate_classification_model']",,,,,,,,,,,,,,,,DeepSeek,Corrected (test_indices),False
regression__hard__kanchana1990_colorado-real-estate-market-2026__colorado_real_estate_2026,regression__hard__kanchana1990_colorado-real-estate-market-2026__colorado_real_estate_2026__variant_01_of_05.json,classification,garage,logistic,failed,"Input X contains NaN.
LogisticRegression does not accept missing values encoded as NaN natively. For supervised learning, you might want to consider sklearn.ensemble.HistGradientBoostingClassifier and Regressor which accept missing values encoded as NaNs natively. Alternatively, it is possible to preprocess the data, for instance by using an imputer transformer in a pipeline or drop samples with missing values. See https://scikit-learn.org/stable/modules/impute.html You can find a list of all estimators that handle NaN values at the following page: https://scikit-learn.org/stable/modules/impute.html#estimators-that-handle-nan-values",,,,,,,,,,,,,,,,,,,,,,,,,,,DeepSeek,Corrected (test_indices),False
regression__hard__kanchana1990_colorado-real-estate-market-2026__colorado_real_estate_2026,regression__hard__kanchana1990_colorado-real-estate-market-2026__colorado_real_estate_2026__variant_02_of_05.json,classification,garage,logistic,failed,"Input X contains NaN.
LogisticRegression does not accept missing values encoded as NaN natively. For supervised learning, you might want to consider sklearn.ensemble.HistGradientBoostingClassifier and Regressor which accept missing values encoded as NaNs natively. Alternatively, it is possible to preprocess the data, for instance by using an imputer transformer in a pipeline or drop samples with missing values. See https://scikit-learn.org/stable/modules/impute.html You can find a list of all estimators that handle NaN values at the following page: https://scikit-learn.org/stable/modules/impute.html#estimators-that-handle-nan-values",,,,,,,,,,,,,,,,,,,,,,,,,,,DeepSeek,Corrected (test_indices),False
regression__hard__kanchana1990_colorado-real-estate-market-2026__colorado_real_estate_2026,regression__hard__kanchana1990_colorado-real-estate-market-2026__colorado_real_estate_2026__variant_03_of_05.json,classification,garage,logistic,failed,"Input X contains NaN.
LogisticRegression does not accept missing values encoded as NaN natively. For supervised learning, you might want to consider sklearn.ensemble.HistGradientBoostingClassifier and Regressor which accept missing values encoded as NaNs natively. Alternatively, it is possible to preprocess the data, for instance by using an imputer transformer in a pipeline or drop samples with missing values. See https://scikit-learn.org/stable/modules/impute.html You can find a list of all estimators that handle NaN values at the following page: https://scikit-learn.org/stable/modules/impute.html#estimators-that-handle-nan-values",,,,,,,,,,,,,,,,,,,,,,,,,,,DeepSeek,Corrected (test_indices),False
regression__hard__kanchana1990_colorado-real-estate-market-2026__colorado_real_estate_2026,regression__hard__kanchana1990_colorado-real-estate-market-2026__colorado_real_estate_2026__variant_04_of_05.json,classification,garage,logistic,failed,"Input X contains NaN.
LogisticRegression does not accept missing values encoded as NaN natively. For supervised learning, you might want to consider sklearn.ensemble.HistGradientBoostingClassifier and Regressor which accept missing values encoded as NaNs natively. Alternatively, it is possible to preprocess the data, for instance by using an imputer transformer in a pipeline or drop samples with missing values. See https://scikit-learn.org/stable/modules/impute.html You can find a list of all estimators that handle NaN values at the following page: https://scikit-learn.org/stable/modules/impute.html#estimators-that-handle-nan-values",,,,,,,,,,,,,,,,,,,,,,,,,,,DeepSeek,Corrected (test_indices),False
regression__hard__kanchana1990_colorado-real-estate-market-2026__colorado_real_estate_2026,regression__hard__kanchana1990_colorado-real-estate-market-2026__colorado_real_estate_2026__variant_05_of_05.json,classification,garage,logistic,failed,"Input X contains NaN.
LogisticRegression does not accept missing values encoded as NaN natively. For supervised learning, you might want to consider sklearn.ensemble.HistGradientBoostingClassifier and Regressor which accept missing values encoded as NaNs natively. Alternatively, it is possible to preprocess the data, for instance by using an imputer transformer in a pipeline or drop samples with missing values. See https://scikit-learn.org/stable/modules/impute.html You can find a list of all estimators that handle NaN values at the following page: https://scikit-learn.org/stable/modules/impute.html#estimators-that-handle-nan-values",,,,,,,,,,,,,,,,,,,,,,,,,,,DeepSeek,Corrected (test_indices),False
regression__hard__milanvaddoriya_old-car-price-prediction__car_price,regression__hard__milanvaddoriya_old-car-price-prediction__car_price__variant_01_of_05.json,regression,,,failed,invalid literal for int() with base 10: '0.80.80.80.80.80.80.80.80.80.80.80.80.80.80.80.80.80.80.80.80.80.80.80.80.80.80.80.80.80.80.80.80.80.80.80.80.80.80.80.80.80.80.80.80.80.80.80.80.80.80.80.80.80.80.80.80.80.80.80.80.80.80.80.80.80.80,,,,,,,,,,,,,,,,,,,,,,,,,,,DeepSeek,Corrected (test_indices),False
regression__hard__milanvaddoriya_old-car-price-prediction__car_price,regression__hard__milanvaddoriya_old-car-price-prediction__car_price__variant_02_of_05.json,classification,Seats,logistic,success,,0.8477,0.7186,0.8477,0.7778,1103.0,6.0,False,/home/joshua/Code/ai_projects/amalia/backend/data/uploads/datasets/regression/hard/milanvaddoriya_old-car-price-prediction/car_price.csv,/home/joshua/Code/ai_projects/amalia/data/batch_results/corrected_execution/models/regression__hard__milanvaddoriya_old-car-price-prediction__car_price.pkl,3.0,"['1:load_csv', '2:train_classification_model', '3:evaluate_classification_model']",,,,,,,,,,,,,,,,DeepSeek,Corrected (test_indices),False
regression__hard__milanvaddoriya_old-car-price-prediction__car_price,regression__hard__milanvaddoriya_old-car-price-prediction__car_price__variant_03_of_05.json,classification,Seats,logistic,success,,0.8477,0.7186,0.8477,0.7778,1103.0,6.0,False,/home/joshua/Code/ai_projects/amalia/backend/data/uploads/datasets/regression/hard/milanvaddoriya_old-car-price-prediction/car_price.csv,/home/joshua/Code/ai_projects/amalia/data/batch_results/corrected_execution/models/regression__hard__milanvaddoriya_old-car-price-prediction__car_price.pkl,3.0,"['1:load_csv', '2:train_classification_model', '3:evaluate_classification_model']",,,,,,,,,,,,,,,,DeepSeek,Corrected (test_indices),False
regression__hard__milanvaddoriya_old-car-price-prediction__car_price,regression__hard__milanvaddoriya_old-car-price-prediction__car_price__variant_04_of_05.json,classification,Seats,logistic,success,,0.8477,0.7186,0.8477,0.7778,1103.0,6.0,False,/home/joshua/Code/ai_projects/amalia/backend/data/uploads/datasets/regression/hard/milanvaddoriya_old-car-price-prediction/car_price.csv,/home/joshua/Code/ai_projects/amalia/data/batch_results/corrected_execution/models/regression__hard__milanvaddoriya_old-car-price-prediction__car_price.pkl,3.0,"['1:load_csv', '2:train_classification_model', '3:evaluate_classification_model']",,,,,,,,,,,,,,,,DeepSeek,Corrected (test_indices),False
regression__hard__milanvaddoriya_old-car-price-prediction__car_price,regression__hard__milanvaddoriya_old-car-price-prediction__car_price__variant_05_of_05.json,regression,,,success,,,,,,,,,/home/joshua/Code/ai_projects/amalia/backend/data/uploads/datasets/regression/hard/milanvaddoriya_old-car-price-prediction/car_price.csv,,1.0,['1:load_csv'],,,,,,,,,,,,,,,,DeepSeek,Corrected (test_indices),False
regression__hard__spittman1248_cdc-data-nutrition-physical-activity-obesity__Nutrition__Physical_Activity__and_Obesity_-_Behavioral_Risk_Factor_Surveillance_System,regression__hard__spittman1248_cdc-data-nutrition-physical-activity-obesity__Nutrition__Physical_Activity__and_Obesity_-_Behavioral_Risk_Factor_Surveillance_System__variant_01_of_05.json,regression,Class,linear,failed,"Input X contains NaN.
LinearRegression does not accept missing values encoded as NaN natively. For supervised learning, you might want to consider sklearn.ensemble.HistGradientBoostingClassifier and Regressor which accept missing values encoded as NaNs natively. Alternatively, it is possible to preprocess the data, for instance by using an imputer transformer in a pipeline or drop samples with missing values. See https://scikit-learn.org/stable/modules/impute.html You can find a list of all estimators that handle NaN values at the following page: https://scikit-learn.org/stable/modules/impute.html#estimators-that-handle-nan-values",,,,,,,,,,,,,,,,,,,,,,,,,,,DeepSeek,Corrected (test_indices),False
regression__hard__spittman1248_cdc-data-nutrition-physical-activity-obesity__Nutrition__Physical_Activity__and_Obesity_-_Behavioral_Risk_Factor_Surveillance_System,regression__hard__spittman1248_cdc-data-nutrition-physical-activity-obesity__Nutrition__Physical_Activity__and_Obesity_-_Behavioral_Risk_Factor_Surveillance_System__variant_02_of_05.json,regression,,,failed,"Input X contains NaN.
SelectKBest does not accept missing values encoded as NaN natively. For supervised learning, you might want to consider sklearn.ensemble.HistGradientBoostingClassifier and Regressor which accept missing values encoded as NaNs natively. Alternatively, it is possible to preprocess the data, for instance by using an imputer transformer in a pipeline or drop samples with missing values. See https://scikit-learn.org/stable/modules/impute.html You can find a list of all estimators that handle NaN values at the following page: https://scikit-learn.org/stable/modules/impute.html#estimators-that-handle-nan-values",,,,,,,,,,,,,,,,,,,,,,,,,,,DeepSeek,Corrected (test_indices),False
regression__hard__spittman1248_cdc-data-nutrition-physical-activity-obesity__Nutrition__Physical_Activity__and_Obesity_-_Behavioral_Risk_Factor_Surveillance_System,regression__hard__spittman1248_cdc-data-nutrition-physical-activity-obesity__Nutrition__Physical_Activity__and_Obesity_-_Behavioral_Risk_Factor_Surveillance_System__variant_03_of_05.json,regression,Data_Value,gradient_boosting,failed,"Input X contains NaN.
GradientBoostingRegressor does not accept missing values encoded as NaN natively. For supervised learning, you might want to consider sklearn.ensemble.HistGradientBoostingClassifier and Regressor which accept missing values encoded as NaNs natively. Alternatively, it is possible to preprocess the data, for instance by using an imputer transformer in a pipeline or drop samples with missing values. See https://scikit-learn.org/stable/modules/impute.html You can find a list of all estimators that handle NaN values at the following page: https://scikit-learn.org/stable/modules/impute.html#estimators-that-handle-nan-values",,,,,,,,,,,,,,,,,,,,,,,,,,,DeepSeek,Corrected (test_indices),False
regression__hard__spittman1248_cdc-data-nutrition-physical-activity-obesity__Nutrition__Physical_Activity__and_Obesity_-_Behavioral_Risk_Factor_Surveillance_System,regression__hard__spittman1248_cdc-data-nutrition-physical-activity-obesity__Nutrition__Physical_Activity__and_Obesity_-_Behavioral_Risk_Factor_Surveillance_System__variant_04_of_05.json,classification,Class,naive_bayes,failed,"Input X contains NaN.
GaussianNB does not accept missing values encoded as NaN natively. For supervised learning, you might want to consider sklearn.ensemble.HistGradientBoostingClassifier and Regressor which accept missing values encoded as NaNs natively. Alternatively, it is possible to preprocess the data, for instance by using an imputer transformer in a pipeline or drop samples with missing values. See https://scikit-learn.org/stable/modules/impute.html You can find a list of all estimators that handle NaN values at the following page: https://scikit-learn.org/stable/modules/impute.html#estimators-that-handle-nan-values",,,,,,,,,,,,,,,,,,,,,,,,,,,DeepSeek,Corrected (test_indices),False
regression__hard__spittman1248_cdc-data-nutrition-physical-activity-obesity__Nutrition__Physical_Activity__and_Obesity_-_Behavioral_Risk_Factor_Surveillance_System,regression__hard__spittman1248_cdc-data-nutrition-physical-activity-obesity__Nutrition__Physical_Activity__and_Obesity_-_Behavioral_Risk_Factor_Surveillance_System__variant_05_of_05.json,classification,Class,naive_bayes,failed,"Input X contains NaN.
GaussianNB does not accept missing values encoded as NaN natively. For supervised learning, you might want to consider sklearn.ensemble.HistGradientBoostingClassifier and Regressor which accept missing values encoded as NaNs natively. Alternatively, it is possible to preprocess the data, for instance by using an imputer transformer in a pipeline or drop samples with missing values. See https://scikit-learn.org/stable/modules/impute.html You can find a list of all estimators that handle NaN values at the following page: https://scikit-learn.org/stable/modules/impute.html#estimators-that-handle-nan-values",,,,,,,,,,,,,,,,,,,,,,,,,,,DeepSeek,Corrected (test_indices),False
regression__hard__taweilo_mba-admission-dataset__MBA,regression__hard__taweilo_mba-admission-dataset__MBA__variant_01_of_05.json,regression,admission,linear,failed,Input contains NaN,,,,,,,,,,,,,,,,,,,,,,,,,,,DeepSeek,Corrected (test_indices),False
regression__hard__taweilo_mba-admission-dataset__MBA,regression__hard__taweilo_mba-admission-dataset__MBA__variant_02_of_05.json,classification,admission,logistic,failed,Input contains NaN,,,,,,,,,,,,,,,,,,,,,,,,,,,DeepSeek,Corrected (test_indices),False
regression__hard__taweilo_mba-admission-dataset__MBA,regression__hard__taweilo_mba-admission-dataset__MBA__variant_03_of_05.json,classification,admission,logistic,failed,Input contains NaN,,,,,,,,,,,,,,,,,,,,,,,,,,,DeepSeek,Corrected (test_indices),False
regression__hard__taweilo_mba-admission-dataset__MBA,regression__hard__taweilo_mba-admission-dataset__MBA__variant_04_of_05.json,classification,admission,logistic,failed,Input contains NaN,,,,,,,,,,,,,,,,,,,,,,,,,,,DeepSeek,Corrected (test_indices),False
regression__hard__taweilo_mba-admission-dataset__MBA,regression__hard__taweilo_mba-admission-dataset__MBA__variant_05_of_05.json,classification,admission,logistic,failed,Input contains NaN,,,,,,,,,,,,,,,,,,,,,,,,,,,DeepSeek,Corrected (test_indices),False
regression__hard__valakhorasani_tehran-house-prices-dataset__TehranHouse,regression__hard__valakhorasani_tehran-house-prices-dataset__TehranHouse__variant_01_of_05.json,regression,Price(USD),linear,success,,,,,,696.0,,,/home/joshua/Code/ai_projects/amalia/backend/data/uploads/datasets/regression/hard/valakhorasani_tehran-house-prices-dataset/TehranHouse.csv,/home/joshua/Code/ai_projects/amalia/data/batch_results/corrected_execution/models/regression__hard__valakhorasani_tehran-house-prices-dataset__TehranHouse.pkl,3.0,"['1:load_csv', '2:train_regression_model', '3:evaluate_regression_model']",,,,,,,,,1.0,0.0,0.0027,0.0022,0.0,,,DeepSeek,Corrected (test_indices),True
regression__hard__valakhorasani_tehran-house-prices-dataset__TehranHouse,regression__hard__valakhorasani_tehran-house-prices-dataset__TehranHouse__variant_02_of_05.json,regression,Price(USD),gradient_boosting,success,,,,,,696.0,,,/home/joshua/Code/ai_projects/amalia/backend/data/uploads/datasets/regression/hard/valakhorasani_tehran-house-prices-dataset/TehranHouse.csv,/home/joshua/Code/ai_projects/amalia/data/batch_results/corrected_execution/models/regression__hard__valakhorasani_tehran-house-prices-dataset__TehranHouse.pkl,4.0,"['1:handle_missing_values', '1:encode_categorical', '1:scale_features', '2:train_regression_model']",regression,,,0.0003,2783.0,"['Area', 'Room', 'Parking', 'Warehouse', 'Elevator', 'Address', 'Price']",/home/joshua/Code/ai_projects/amalia/data/batch_results/corrected_execution/models/regression__hard__valakhorasani_tehran-house-prices-dataset__TehranHouse.pkl,/home/joshua/Code/ai_projects/amalia/data/batch_results/corrected_execution/models/regression__hard__valakhorasani_tehran-house-prices-dataset__TehranHouse_test_indices.json,,19753668.7671,4444.51,1085.8813,,1.0,0.9997,DeepSeek,Corrected (test_indices),False
regression__hard__valakhorasani_tehran-house-prices-dataset__TehranHouse,regression__hard__valakhorasani_tehran-house-prices-dataset__TehranHouse__variant_03_of_05.json,regression,Price(USD),linear,success,,,,,,696.0,,,/home/joshua/Code/ai_projects/amalia/backend/data/uploads/datasets/regression/hard/valakhorasani_tehran-house-prices-dataset/TehranHouse.csv,/home/joshua/Code/ai_projects/amalia/data/batch_results/corrected_execution/models/regression__hard__valakhorasani_tehran-house-prices-dataset__TehranHouse.pkl,3.0,"['1:load_csv', '2:train_regression_model', '3:evaluate_regression_model']",,,,,,,,,1.0,0.0,0.0027,0.0022,0.0,,,DeepSeek,Corrected (test_indices),True
regression__hard__valakhorasani_tehran-house-prices-dataset__TehranHouse,regression__hard__valakhorasani_tehran-house-prices-dataset__TehranHouse__variant_04_of_05.json,regression,Price(USD),linear,success,,,,,,696.0,,,/home/joshua/Code/ai_projects/amalia/backend/data/uploads/datasets/regression/hard/valakhorasani_tehran-house-prices-dataset/TehranHouse.csv,/home/joshua/Code/ai_projects/amalia/data/batch_results/corrected_execution/models/regression__hard__valakhorasani_tehran-house-prices-dataset__TehranHouse.pkl,3.0,"['1:load_csv', '2:train_regression_model', '3:evaluate_regression_model']",,,,,,,,,1.0,0.0,0.0027,0.0022,0.0,,,DeepSeek,Corrected (test_indices),True
regression__hard__valakhorasani_tehran-house-prices-dataset__TehranHouse,regression__hard__valakhorasani_tehran-house-prices-dataset__TehranHouse__variant_05_of_05.json,regression,Price(USD),linear,success,,,,,,696.0,,,/home/joshua/Code/ai_projects/amalia/backend/data/uploads/datasets/regression/hard/valakhorasani_tehran-house-prices-dataset/TehranHouse.csv,/home/joshua/Code/ai_projects/amalia/data/batch_results/corrected_execution/models/regression__hard__valakhorasani_tehran-house-prices-dataset__TehranHouse.pkl,3.0,"['1:load_csv', '2:train_regression_model', '3:evaluate_regression_model']",,,,,,,,,1.0,0.0,0.0027,0.0022,0.0,,,DeepSeek,Corrected (test_indices),True
regression__mid__CooperUnion_cardataset__data,regression__mid__CooperUnion_cardataset__data__variant_01_of_05.json,regression,MSRP,linear,failed,"Input X contains NaN.
LinearRegression does not accept missing values encoded as NaN natively. For supervised learning, you might want to consider sklearn.ensemble.HistGradientBoostingClassifier and Regressor which accept missing values encoded as NaNs natively. Alternatively, it is possible to preprocess the data, for instance by using an imputer transformer in a pipeline or drop samples with missing values. See https://scikit-learn.org/stable/modules/impute.html You can find a list of all estimators that handle NaN values at the following page: https://scikit-learn.org/stable/modules/impute.html#estimators-that-handle-nan-values",,,,,,,,,,,,,,,,,,,,,,,,,,,DeepSeek,Corrected (test_indices),False
regression__mid__CooperUnion_cardataset__data,regression__mid__CooperUnion_cardataset__data__variant_02_of_05.json,regression,MSRP,linear,failed,"Input X contains NaN.
LinearRegression does not accept missing values encoded as NaN natively. For supervised learning, you might want to consider sklearn.ensemble.HistGradientBoostingClassifier and Regressor which accept missing values encoded as NaNs natively. Alternatively, it is possible to preprocess the data, for instance by using an imputer transformer in a pipeline or drop samples with missing values. See https://scikit-learn.org/stable/modules/impute.html You can find a list of all estimators that handle NaN values at the following page: https://scikit-learn.org/stable/modules/impute.html#estimators-that-handle-nan-values",,,,,,,,,,,,,,,,,,,,,,,,,,,DeepSeek,Corrected (test_indices),False
regression__mid__CooperUnion_cardataset__data,regression__mid__CooperUnion_cardataset__data__variant_03_of_05.json,regression,MSRP,linear,failed,"Input X contains NaN.
LinearRegression does not accept missing values encoded as NaN natively. For supervised learning, you might want to consider sklearn.ensemble.HistGradientBoostingClassifier and Regressor which accept missing values encoded as NaNs natively. Alternatively, it is possible to preprocess the data, for instance by using an imputer transformer in a pipeline or drop samples with missing values. See https://scikit-learn.org/stable/modules/impute.html You can find a list of all estimators that handle NaN values at the following page: https://scikit-learn.org/stable/modules/impute.html#estimators-that-handle-nan-values",,,,,,,,,,,,,,,,,,,,,,,,,,,DeepSeek,Corrected (test_indices),False
regression__mid__CooperUnion_cardataset__data,regression__mid__CooperUnion_cardataset__data__variant_04_of_05.json,regression,MSRP,linear,failed,"Input X contains NaN.
LinearRegression does not accept missing values encoded as NaN natively. For supervised learning, you might want to consider sklearn.ensemble.HistGradientBoostingClassifier and Regressor which accept missing values encoded as NaNs natively. Alternatively, it is possible to preprocess the data, for instance by using an imputer transformer in a pipeline or drop samples with missing values. See https://scikit-learn.org/stable/modules/impute.html You can find a list of all estimators that handle NaN values at the following page: https://scikit-learn.org/stable/modules/impute.html#estimators-that-handle-nan-values",,,,,,,,,,,,,,,,,,,,,,,,,,,DeepSeek,Corrected (test_indices),False
regression__mid__CooperUnion_cardataset__data,regression__mid__CooperUnion_cardataset__data__variant_05_of_05.json,regression,MSRP,linear,failed,"Input X contains NaN.
LinearRegression does not accept missing values encoded as NaN natively. For supervised learning, you might want to consider sklearn.ensemble.HistGradientBoostingClassifier and Regressor which accept missing values encoded as NaNs natively. Alternatively, it is possible to preprocess the data, for instance by using an imputer transformer in a pipeline or drop samples with missing values. See https://scikit-learn.org/stable/modules/impute.html You can find a list of all estimators that handle NaN values at the following page: https://scikit-learn.org/stable/modules/impute.html#estimators-that-handle-nan-values",,,,,,,,,,,,,,,,,,,,,,,,,,,DeepSeek,Corrected (test_indices),False
regression__mid__alamshihab075_health-and-lifestyle-data-for-diabetes-prediction__Diabetes_and_LifeStyle_Dataset ,regression__mid__alamshihab075_health-and-lifestyle-data-for-diabetes-prediction__Diabetes_and_LifeStyle_Dataset __variant_01_of_05.json,classification,diagnosed_diabetes,decision_tree,success,,0.834,0.8692,0.8503,0.8596,4000.0,2.0,True,/home/joshua/Code/ai_projects/amalia/backend/data/uploads/datasets/regression/mid/alamshihab075_health-and-lifestyle-data-for-diabetes-prediction/Diabetes_and_LifeStyle_Dataset .csv,/home/joshua/Code/ai_projects/amalia/data/batch_results/corrected_execution/models/regression__mid__alamshihab075_health-and-lifestyle-data-for-diabetes-prediction__Diabetes_and_LifeStyle_Dataset .pkl,3.0,"['1:load_csv', '2:train_classification_model', '3:evaluate_classification_model']",,,,,,,,,,,,,,,,DeepSeek,Corrected (test_indices),False
regression__mid__alamshihab075_health-and-lifestyle-data-for-diabetes-prediction__Diabetes_and_LifeStyle_Dataset ,regression__mid__alamshihab075_health-and-lifestyle-data-for-diabetes-prediction__Diabetes_and_LifeStyle_Dataset __variant_02_of_05.json,classification,diagnosed_diabetes,decision_tree,success,,0.834,0.8692,0.8503,0.8596,4000.0,2.0,True,/home/joshua/Code/ai_projects/amalia/backend/data/uploads/datasets/regression/mid/alamshihab075_health-and-lifestyle-data-for-diabetes-prediction/Diabetes_and_LifeStyle_Dataset .csv,/home/joshua/Code/ai_projects/amalia/data/batch_results/corrected_execution/models/regression__mid__alamshihab075_health-and-lifestyle-data-for-diabetes-prediction__Diabetes_and_LifeStyle_Dataset .pkl,3.0,"['1:load_csv', '2:train_classification_model', '3:evaluate_classification_model']",,,,,,,,,,,,,,,,DeepSeek,Corrected (test_indices),False
regression__mid__alamshihab075_health-and-lifestyle-data-for-diabetes-prediction__Diabetes_and_LifeStyle_Dataset ,regression__mid__alamshihab075_health-and-lifestyle-data-for-diabetes-prediction__Diabetes_and_LifeStyle_Dataset __variant_03_of_05.json,classification,diagnosed_diabetes,decision_tree,success,,0.834,0.8692,0.8503,0.8596,4000.0,2.0,True,/home/joshua/Code/ai_projects/amalia/backend/data/uploads/datasets/regression/mid/alamshihab075_health-and-lifestyle-data-for-diabetes-prediction/Diabetes_and_LifeStyle_Dataset .csv,/home/joshua/Code/ai_projects/amalia/data/batch_results/corrected_execution/models/regression__mid__alamshihab075_health-and-lifestyle-data-for-diabetes-prediction__Diabetes_and_LifeStyle_Dataset .pkl,3.0,"['1:load_csv', '2:train_classification_model', '3:evaluate_classification_model']",,,,,,,,,,,,,,,,DeepSeek,Corrected (test_indices),False
regression__mid__alamshihab075_health-and-lifestyle-data-for-diabetes-prediction__Diabetes_and_LifeStyle_Dataset ,regression__mid__alamshihab075_health-and-lifestyle-data-for-diabetes-prediction__Diabetes_and_LifeStyle_Dataset __variant_04_of_05.json,classification,diagnosed_diabetes,decision_tree,success,,0.834,0.8692,0.8503,0.8596,4000.0,2.0,True,/home/joshua/Code/ai_projects/amalia/backend/data/uploads/datasets/regression/mid/alamshihab075_health-and-lifestyle-data-for-diabetes-prediction/Diabetes_and_LifeStyle_Dataset .csv,/home/joshua/Code/ai_projects/amalia/data/batch_results/corrected_execution/models/regression__mid__alamshihab075_health-and-lifestyle-data-for-diabetes-prediction__Diabetes_and_LifeStyle_Dataset .pkl,3.0,"['1:load_csv', '2:train_classification_model', '3:evaluate_classification_model']",,,,,,,,,,,,,,,,DeepSeek,Corrected (test_indices),False
regression__mid__alamshihab075_health-and-lifestyle-data-for-diabetes-prediction__Diabetes_and_LifeStyle_Dataset ,regression__mid__alamshihab075_health-and-lifestyle-data-for-diabetes-prediction__Diabetes_and_LifeStyle_Dataset __variant_05_of_05.json,classification,diagnosed_diabetes,decision_tree,success,,0.834,0.8692,0.8503,0.8596,4000.0,2.0,True,/home/joshua/Code/ai_projects/amalia/backend/data/uploads/datasets/regression/mid/alamshihab075_health-and-lifestyle-data-for-diabetes-prediction/Diabetes_and_LifeStyle_Dataset .csv,/home/joshua/Code/ai_projects/amalia/data/batch_results/corrected_execution/models/regression__mid__alamshihab075_health-and-lifestyle-data-for-diabetes-prediction__Diabetes_and_LifeStyle_Dataset .pkl,3.0,"['1:load_csv', '2:train_classification_model', '3:evaluate_classification_model']",,,,,,,,,,,,,,,,DeepSeek,Corrected (test_indices),False
regression__mid__camnugent_california-housing-prices__housing,regression__mid__camnugent_california-housing-prices__housing__variant_01_of_05.json,classification,ocean_proximity,logistic,failed,"Input X contains NaN.
LogisticRegression does not accept missing values encoded as NaN natively. For supervised learning, you might want to consider sklearn.ensemble.HistGradientBoostingClassifier and Regressor which accept missing values encoded as NaNs natively. Alternatively, it is possible to preprocess the data, for instance by using an imputer transformer in a pipeline or drop samples with missing values. See https://scikit-learn.org/stable/modules/impute.html You can find a list of all estimators that handle NaN values at the following page: https://scikit-learn.org/stable/modules/impute.html#estimators-that-handle-nan-values",,,,,,,,,,,,,,,,,,,,,,,,,,,DeepSeek,Corrected (test_indices),False
regression__mid__camnugent_california-housing-prices__housing,regression__mid__camnugent_california-housing-prices__housing__variant_02_of_05.json,regression,median_house_value,gradient_boosting,failed,"Input X contains NaN.
GradientBoostingRegressor does not accept missing values encoded as NaN natively. For supervised learning, you might want to consider sklearn.ensemble.HistGradientBoostingClassifier and Regressor which accept missing values encoded as NaNs natively. Alternatively, it is possible to preprocess the data, for instance by using an imputer transformer in a pipeline or drop samples with missing values. See https://scikit-learn.org/stable/modules/impute.html You can find a list of all estimators that handle NaN values at the following page: https://scikit-learn.org/stable/modules/impute.html#estimators-that-handle-nan-values",,,,,,,,,,,,,,,,,,,,,,,,,,,DeepSeek,Corrected (test_indices),False
regression__mid__camnugent_california-housing-prices__housing,regression__mid__camnugent_california-housing-prices__housing__variant_03_of_05.json,classification,ocean_proximity,logistic,failed,"Input X contains NaN.
LogisticRegression does not accept missing values encoded as NaN natively. For supervised learning, you might want to consider sklearn.ensemble.HistGradientBoostingClassifier and Regressor which accept missing values encoded as NaNs natively. Alternatively, it is possible to preprocess the data, for instance by using an imputer transformer in a pipeline or drop samples with missing values. See https://scikit-learn.org/stable/modules/impute.html You can find a list of all estimators that handle NaN values at the following page: https://scikit-learn.org/stable/modules/impute.html#estimators-that-handle-nan-values",,,,,,,,,,,,,,,,,,,,,,,,,,,DeepSeek,Corrected (test_indices),False
regression__mid__camnugent_california-housing-prices__housing,regression__mid__camnugent_california-housing-prices__housing__variant_04_of_05.json,regression,median_house_value,random_forest,success,,,,,,4000.0,,,/home/joshua/Code/ai_projects/amalia/backend/data/uploads/datasets/regression/mid/camnugent_california-housing-prices/housing.csv,/home/joshua/Code/ai_projects/amalia/data/batch_results/corrected_execution/models/regression__mid__camnugent_california-housing-prices__housing.pkl,2.0,"['1:train_regression_model', '2:evaluate_regression_model']",,,,,,,,,0.5418,6167645011.0341,78534.3556,61539.3867,44.3412,,,DeepSeek,Corrected (test_indices),False
regression__mid__camnugent_california-housing-prices__housing,regression__mid__camnugent_california-housing-prices__housing__variant_05_of_05.json,classification,ocean_proximity,logistic,failed,"Input X contains NaN.
LogisticRegression does not accept missing values encoded as NaN natively. For supervised learning, you might want to consider sklearn.ensemble.HistGradientBoostingClassifier and Regressor which accept missing values encoded as NaNs natively. Alternatively, it is possible to preprocess the data, for instance by using an imputer transformer in a pipeline or drop samples with missing values. See https://scikit-learn.org/stable/modules/impute.html You can find a list of all estimators that handle NaN values at the following page: https://scikit-learn.org/stable/modules/impute.html#estimators-that-handle-nan-values",,,,,,,,,,,,,,,,,,,,,,,,,,,DeepSeek,Corrected (test_indices),False
regression__mid__harlfoxem_housesalesprediction__kc_house_data,regression__mid__harlfoxem_housesalesprediction__kc_house_data__variant_01_of_05.json,regression,sqft_lot15,linear,success,,,,,,4000.0,,,/home/joshua/Code/ai_projects/amalia/backend/data/uploads/datasets/regression/mid/harlfoxem_housesalesprediction/kc_house_data.csv,/home/joshua/Code/ai_projects/amalia/data/batch_results/corrected_execution/models/regression__mid__harlfoxem_housesalesprediction__kc_house_data.pkl,3.0,"['1:load_csv', '2:train_regression_model', '3:evaluate_regression_model']",,,,,,,,,0.3455,411576220.4085,20287.3414,5497.4275,49.7257,,,DeepSeek,Corrected (test_indices),False
regression__mid__harlfoxem_housesalesprediction__kc_house_data,regression__mid__harlfoxem_housesalesprediction__kc_house_data__variant_02_of_05.json,regression,sqft_lot15,linear,success,,,,,,4000.0,,,/home/joshua/Code/ai_projects/amalia/backend/data/uploads/datasets/regression/mid/harlfoxem_housesalesprediction/kc_house_data.csv,/home/joshua/Code/ai_projects/amalia/data/batch_results/corrected_execution/models/regression__mid__harlfoxem_housesalesprediction__kc_house_data.pkl,3.0,"['1:load_csv', '2:train_regression_model', '3:evaluate_regression_model']",,,,,,,,,0.3455,411576220.4085,20287.3414,5497.4275,49.7257,,,DeepSeek,Corrected (test_indices),False
regression__mid__harlfoxem_housesalesprediction__kc_house_data,regression__mid__harlfoxem_housesalesprediction__kc_house_data__variant_03_of_05.json,regression,sqft_lot15,linear,success,,,,,,4000.0,,,/home/joshua/Code/ai_projects/amalia/backend/data/uploads/datasets/regression/mid/harlfoxem_housesalesprediction/kc_house_data.csv,/home/joshua/Code/ai_projects/amalia/data/batch_results/corrected_execution/models/regression__mid__harlfoxem_housesalesprediction__kc_house_data.pkl,3.0,"['1:load_csv', '2:train_regression_model', '3:evaluate_regression_model']",,,,,,,,,0.3455,411576220.4085,20287.3414,5497.4275,49.7257,,,DeepSeek,Corrected (test_indices),False
regression__mid__harlfoxem_housesalesprediction__kc_house_data,regression__mid__harlfoxem_housesalesprediction__kc_house_data__variant_04_of_05.json,regression,sqft_lot15,linear,success,,,,,,4000.0,,,/home/joshua/Code/ai_projects/amalia/backend/data/uploads/datasets/regression/mid/harlfoxem_housesalesprediction/kc_house_data.csv,/home/joshua/Code/ai_projects/amalia/data/batch_results/corrected_execution/models/regression__mid__harlfoxem_housesalesprediction__kc_house_data.pkl,3.0,"['1:load_csv', '2:train_regression_model', '3:evaluate_regression_model']",,,,,,,,,0.3455,411576220.4085,20287.3414,5497.4275,49.7257,,,DeepSeek,Corrected (test_indices),False
regression__mid__harlfoxem_housesalesprediction__kc_house_data,regression__mid__harlfoxem_housesalesprediction__kc_house_data__variant_05_of_05.json,regression,sqft_lot15,linear,success,,,,,,4000.0,,,/home/joshua/Code/ai_projects/amalia/backend/data/uploads/datasets/regression/mid/harlfoxem_housesalesprediction/kc_house_data.csv,/home/joshua/Code/ai_projects/amalia/data/batch_results/corrected_execution/models/regression__mid__harlfoxem_housesalesprediction__kc_house_data.pkl,3.0,"['1:load_csv', '2:train_regression_model', '3:evaluate_regression_model']",,,,,,,,,0.3455,411576220.4085,20287.3414,5497.4275,49.7257,,,DeepSeek,Corrected (test_indices),False
regression__mid__hrokrin_the-largest-diamond-dataset-currely-on-kaggle__diamonds,regression__mid__hrokrin_the-largest-diamond-dataset-currely-on-kaggle__diamonds__variant_01_of_05.json,classification,total_sales_price,naive_bayes,success,,0.5025,0.5206,0.5025,0.4861,4000.0,2348.0,False,/home/joshua/Code/ai_projects/amalia/backend/data/uploads/datasets/regression/mid/hrokrin_the-largest-diamond-dataset-currely-on-kaggle/diamonds.csv,/home/joshua/Code/ai_projects/amalia/data/batch_results/corrected_execution/models/regression__mid__hrokrin_the-largest-diamond-dataset-currely-on-kaggle__diamonds.pkl,3.0,"['1:load_csv', '2:train_classification_model', '3:evaluate_classification_model']",,,,,,,,,,,,,,,,DeepSeek,Corrected (test_indices),False
regression__mid__hrokrin_the-largest-diamond-dataset-currely-on-kaggle__diamonds,regression__mid__hrokrin_the-largest-diamond-dataset-currely-on-kaggle__diamonds__variant_02_of_05.json,classification,total_sales_price,naive_bayes,success,,0.5025,0.5206,0.5025,0.4861,4000.0,2348.0,False,/home/joshua/Code/ai_projects/amalia/backend/data/uploads/datasets/regression/mid/hrokrin_the-largest-diamond-dataset-currely-on-kaggle/diamonds.csv,/home/joshua/Code/ai_projects/amalia/data/batch_results/corrected_execution/models/regression__mid__hrokrin_the-largest-diamond-dataset-currely-on-kaggle__diamonds.pkl,3.0,"['1:load_csv', '2:train_classification_model', '3:evaluate_classification_model']",,,,,,,,,,,,,,,,DeepSeek,Corrected (test_indices),False
regression__mid__hrokrin_the-largest-diamond-dataset-currely-on-kaggle__diamonds,regression__mid__hrokrin_the-largest-diamond-dataset-currely-on-kaggle__diamonds__variant_03_of_05.json,regression,total_sales_price,gradient_boosting,success,,,,,,4000.0,,,/home/joshua/Code/ai_projects/amalia/backend/data/uploads/datasets/regression/mid/hrokrin_the-largest-diamond-dataset-currely-on-kaggle/diamonds.csv,/home/joshua/Code/ai_projects/amalia/data/batch_results/corrected_execution/models/regression__mid__hrokrin_the-largest-diamond-dataset-currely-on-kaggle__diamonds.pkl,2.0,"['2:train_regression_model', '3:evaluate_regression_model']",,,,,,,,,0.982,14829189.9343,3850.8687,253.4866,2.8537,,,DeepSeek,Corrected (test_indices),True
regression__mid__hrokrin_the-largest-diamond-dataset-currely-on-kaggle__diamonds,regression__mid__hrokrin_the-largest-diamond-dataset-currely-on-kaggle__diamonds__variant_04_of_05.json,regression,total_sales_price,linear,success,,,,,,4000.0,,,/home/joshua/Code/ai_projects/amalia/backend/data/uploads/datasets/regression/mid/hrokrin_the-largest-diamond-dataset-currely-on-kaggle/diamonds.csv,/home/joshua/Code/ai_projects/amalia/data/batch_results/corrected_execution/models/regression__mid__hrokrin_the-largest-diamond-dataset-currely-on-kaggle__diamonds.pkl,5.0,"['1:handle_missing_values', '1:scale_features', '3:train_regression_model', '3:train_regression_model', '3:train_regression_model']",regression,,,-0.0179,16000.0,"['Unnamed: 0', 'cut', 'color', 'clarity', 'carat_weight', 'cut_quality', 'lab', 'symmetry', 'polish', 'eye_clean', 'culet_size', 'culet_condition', 'depth_percent', 'table_percent', 'meas_length', 'meas_width', 'meas_depth', 'girdle_min', 'girdle_max', 'fluor_color', 'fluor_intensity', 'fancy_color_dominant_color', 'fancy_color_secondary_color', 'fancy_color_overtone', 'fancy_color_intensity']",/home/joshua/Code/ai_projects/amalia/data/batch_results/corrected_execution/models/regression__mid__hrokrin_the-largest-diamond-dataset-currely-on-kaggle__diamonds.pkl,/home/joshua/Code/ai_projects/amalia/data/batch_results/corrected_execution/models/regression__mid__hrokrin_the-largest-diamond-dataset-currely-on-kaggle__diamonds_test_indices.json,,220065115.4036,14834.5919,4419.6937,,0.6634,0.6813,DeepSeek,Corrected (test_indices),False
regression__mid__hrokrin_the-largest-diamond-dataset-currely-on-kaggle__diamonds,regression__mid__hrokrin_the-largest-diamond-dataset-currely-on-kaggle__diamonds__variant_05_of_05.json,classification,total_sales_price,naive_bayes,success,,0.5025,0.5206,0.5025,0.4861,4000.0,2348.0,False,/home/joshua/Code/ai_projects/amalia/backend/data/uploads/datasets/regression/mid/hrokrin_the-largest-diamond-dataset-currely-on-kaggle/diamonds.csv,/home/joshua/Code/ai_projects/amalia/data/batch_results/corrected_execution/models/regression__mid__hrokrin_the-largest-diamond-dataset-currely-on-kaggle__diamonds.pkl,3.0,"['1:load_csv', '2:train_classification_model', '3:evaluate_classification_model']",,,,,,,,,,,,,,,,DeepSeek,Corrected (test_indices),False
regression__mid__lorenzozoppelletto_financial-risk-for-loan-approval__Loan,regression__mid__lorenzozoppelletto_financial-risk-for-loan-approval__Loan__variant_01_of_05.json,regression,RiskScore,ridge,success,,,,,,4000.0,,,/home/joshua/Code/ai_projects/amalia/backend/data/uploads/datasets/regression/mid/lorenzozoppelletto_financial-risk-for-loan-approval/Loan.csv,/home/joshua/Code/ai_projects/amalia/data/batch_results/corrected_execution/models/regression__mid__lorenzozoppelletto_financial-risk-for-loan-approval__Loan.pkl,3.0,"['1:load_csv', '2:train_regression_model', '3:evaluate_regression_model']",,,,,,,,,0.9334,4.1322,2.0328,1.5346,3.1429,,,DeepSeek,Corrected (test_indices),False
regression__mid__lorenzozoppelletto_financial-risk-for-loan-approval__Loan,regression__mid__lorenzozoppelletto_financial-risk-for-loan-approval__Loan__variant_02_of_05.json,regression,,,failed,invalid literal for int() with base 10: '0.80.80.80.80.80.80.80.80.80.80.80.80.80.80.80.80.80.80.80.80.80.80.80.80.80.80.80.80.80.80.80.80.80.80.80.80.80.80.80.80.80.80.80.80.80.80.80.80.80.80.80.80.80.80.80.80.80.80.80.80.80.80.80.80.80.80,,,,,,,,,,,,,,,,,,,,,,,,,,,DeepSeek,Corrected (test_indices),False
regression__mid__lorenzozoppelletto_financial-risk-for-loan-approval__Loan,regression__mid__lorenzozoppelletto_financial-risk-for-loan-approval__Loan__variant_03_of_05.json,regression,RiskScore,ridge,success,,,,,,4000.0,,,/home/joshua/Code/ai_projects/amalia/backend/data/uploads/datasets/regression/mid/lorenzozoppelletto_financial-risk-for-loan-approval/Loan.csv,/home/joshua/Code/ai_projects/amalia/data/batch_results/corrected_execution/models/regression__mid__lorenzozoppelletto_financial-risk-for-loan-approval__Loan.pkl,3.0,"['1:load_csv', '2:train_regression_model', '3:evaluate_regression_model']",,,,,,,,,0.9334,4.1322,2.0328,1.5346,3.1429,,,DeepSeek,Corrected (test_indices),False
regression__mid__lorenzozoppelletto_financial-risk-for-loan-approval__Loan,regression__mid__lorenzozoppelletto_financial-risk-for-loan-approval__Loan__variant_04_of_05.json,regression,RiskScore,ridge,success,,,,,,4000.0,,,/home/joshua/Code/ai_projects/amalia/backend/data/uploads/datasets/regression/mid/lorenzozoppelletto_financial-risk-for-loan-approval/Loan.csv,/home/joshua/Code/ai_projects/amalia/data/batch_results/corrected_execution/models/regression__mid__lorenzozoppelletto_financial-risk-for-loan-approval__Loan.pkl,3.0,"['1:load_csv', '2:train_regression_model', '3:evaluate_regression_model']",,,,,,,,,0.9334,4.1322,2.0328,1.5346,3.1429,,,DeepSeek,Corrected (test_indices),False
regression__mid__lorenzozoppelletto_financial-risk-for-loan-approval__Loan,regression__mid__lorenzozoppelletto_financial-risk-for-loan-approval__Loan__variant_05_of_05.json,regression,RiskScore,ridge,success,,,,,,4000.0,,,/home/joshua/Code/ai_projects/amalia/backend/data/uploads/datasets/regression/mid/lorenzozoppelletto_financial-risk-for-loan-approval/Loan.csv,/home/joshua/Code/ai_projects/amalia/data/batch_results/corrected_execution/models/regression__mid__lorenzozoppelletto_financial-risk-for-loan-approval__Loan.pkl,3.0,"['1:load_csv', '2:train_regression_model', '3:evaluate_regression_model']",,,,,,,,,0.9334,4.1322,2.0328,1.5346,3.1429,,,DeepSeek,Corrected (test_indices),False
regression__mid__mirichoi0218_insurance__insurance,regression__mid__mirichoi0218_insurance__insurance__variant_01_of_05.json,regression,charges,linear,success,,,,,,268.0,,,/home/joshua/Code/ai_projects/amalia/backend/data/uploads/datasets/regression/mid/mirichoi0218_insurance/insurance.csv,/home/joshua/Code/ai_projects/amalia/data/batch_results/corrected_execution/models/regression__mid__mirichoi0218_insurance__insurance.pkl,3.0,"['1:load_csv', '1:encode_categorical', '2:train_regression_model']",regression,,,0.033,1070.0,"['age', 'sex', 'bmi', 'children', 'smoker', 'region']",/home/joshua/Code/ai_projects/amalia/data/batch_results/corrected_execution/models/regression__mid__mirichoi0218_insurance__insurance.pkl,/home/joshua/Code/ai_projects/amalia/data/batch_results/corrected_execution/models/regression__mid__mirichoi0218_insurance__insurance_test_indices.json,,48536693.1773,6966.8281,4791.5594,,0.7569,0.7239,DeepSeek,Corrected (test_indices),False
regression__mid__mirichoi0218_insurance__insurance,regression__mid__mirichoi0218_insurance__insurance__variant_02_of_05.json,regression,charges,linear,success,,,,,,268.0,,,/home/joshua/Code/ai_projects/amalia/backend/data/uploads/datasets/regression/mid/mirichoi0218_insurance/insurance.csv,/home/joshua/Code/ai_projects/amalia/data/batch_results/corrected_execution/models/regression__mid__mirichoi0218_insurance__insurance.pkl,3.0,"['1:load_csv', '2:train_regression_model', '3:evaluate_regression_model']",,,,,,,,,-2.9451,612464623.8711,24748.0226,24040.1006,448.1731,,,DeepSeek,Corrected (test_indices),False
regression__mid__mirichoi0218_insurance__insurance,regression__mid__mirichoi0218_insurance__insurance__variant_03_of_05.json,regression,charges,linear,success,,,,,,268.0,,,/home/joshua/Code/ai_projects/amalia/backend/data/uploads/datasets/regression/mid/mirichoi0218_insurance/insurance.csv,/home/joshua/Code/ai_projects/amalia/data/batch_results/corrected_execution/models/regression__mid__mirichoi0218_insurance__insurance.pkl,3.0,"['1:load_csv', '2:train_regression_model', '3:evaluate_regression_model']",,,,,,,,,-2.9451,612464623.8711,24748.0226,24040.1006,448.1731,,,DeepSeek,Corrected (test_indices),False
regression__mid__mirichoi0218_insurance__insurance,regression__mid__mirichoi0218_insurance__insurance__variant_04_of_05.json,regression,charges,linear,success,,,,,,268.0,,,/home/joshua/Code/ai_projects/amalia/backend/data/uploads/datasets/regression/mid/mirichoi0218_insurance/insurance.csv,/home/joshua/Code/ai_projects/amalia/data/batch_results/corrected_execution/models/regression__mid__mirichoi0218_insurance__insurance.pkl,3.0,"['1:load_csv', '2:train_regression_model', '3:evaluate_regression_model']",,,,,,,,,-2.9451,612464623.8711,24748.0226,24040.1006,448.1731,,,DeepSeek,Corrected (test_indices),False
regression__mid__mirichoi0218_insurance__insurance,regression__mid__mirichoi0218_insurance__insurance__variant_05_of_05.json,regression,charges,linear,success,,,,,,268.0,,,/home/joshua/Code/ai_projects/amalia/backend/data/uploads/datasets/regression/mid/mirichoi0218_insurance/insurance.csv,/home/joshua/Code/ai_projects/amalia/data/batch_results/corrected_execution/models/regression__mid__mirichoi0218_insurance__insurance.pkl,3.0,"['1:load_csv', '2:train_regression_model', '3:evaluate_regression_model']",,,,,,,,,-2.9451,612464623.8711,24748.0226,24040.1006,448.1731,,,DeepSeek,Corrected (test_indices),False
regression__mid__ranitsarkar01_porter-delivery-time-estimation__dataset,regression__mid__ranitsarkar01_porter-delivery-time-estimation__dataset__variant_01_of_05.json,regression,total_outstanding_orders,linear,failed,"Input X contains NaN.
LinearRegression does not accept missing values encoded as NaN natively. For supervised learning, you might want to consider sklearn.ensemble.HistGradientBoostingClassifier and Regressor which accept missing values encoded as NaNs natively. Alternatively, it is possible to preprocess the data, for instance by using an imputer transformer in a pipeline or drop samples with missing values. See https://scikit-learn.org/stable/modules/impute.html You can find a list of all estimators that handle NaN values at the following page: https://scikit-learn.org/stable/modules/impute.html#estimators-that-handle-nan-values",,,,,,,,,,,,,,,,,,,,,,,,,,,DeepSeek,Corrected (test_indices),False
regression__mid__ranitsarkar01_porter-delivery-time-estimation__dataset,regression__mid__ranitsarkar01_porter-delivery-time-estimation__dataset__variant_02_of_05.json,regression,total_outstanding_orders,linear,failed,"Input X contains NaN.
LinearRegression does not accept missing values encoded as NaN natively. For supervised learning, you might want to consider sklearn.ensemble.HistGradientBoostingClassifier and Regressor which accept missing values encoded as NaNs natively. Alternatively, it is possible to preprocess the data, for instance by using an imputer transformer in a pipeline or drop samples with missing values. See https://scikit-learn.org/stable/modules/impute.html You can find a list of all estimators that handle NaN values at the following page: https://scikit-learn.org/stable/modules/impute.html#estimators-that-handle-nan-values",,,,,,,,,,,,,,,,,,,,,,,,,,,DeepSeek,Corrected (test_indices),False
regression__mid__ranitsarkar01_porter-delivery-time-estimation__dataset,regression__mid__ranitsarkar01_porter-delivery-time-estimation__dataset__variant_03_of_05.json,regression,total_outstanding_orders,linear,failed,"Input X contains NaN.
LinearRegression does not accept missing values encoded as NaN natively. For supervised learning, you might want to consider sklearn.ensemble.HistGradientBoostingClassifier and Regressor which accept missing values encoded as NaNs natively. Alternatively, it is possible to preprocess the data, for instance by using an imputer transformer in a pipeline or drop samples with missing values. See https://scikit-learn.org/stable/modules/impute.html You can find a list of all estimators that handle NaN values at the following page: https://scikit-learn.org/stable/modules/impute.html#estimators-that-handle-nan-values",,,,,,,,,,,,,,,,,,,,,,,,,,,DeepSeek,Corrected (test_indices),False
regression__mid__ranitsarkar01_porter-delivery-time-estimation__dataset,regression__mid__ranitsarkar01_porter-delivery-time-estimation__dataset__variant_04_of_05.json,regression,total_outstanding_orders,linear,failed,"Input X contains NaN.
LinearRegression does not accept missing values encoded as NaN natively. For supervised learning, you might want to consider sklearn.ensemble.HistGradientBoostingClassifier and Regressor which accept missing values encoded as NaNs natively. Alternatively, it is possible to preprocess the data, for instance by using an imputer transformer in a pipeline or drop samples with missing values. See https://scikit-learn.org/stable/modules/impute.html You can find a list of all estimators that handle NaN values at the following page: https://scikit-learn.org/stable/modules/impute.html#estimators-that-handle-nan-values",,,,,,,,,,,,,,,,,,,,,,,,,,,DeepSeek,Corrected (test_indices),False
regression__mid__ranitsarkar01_porter-delivery-time-estimation__dataset,regression__mid__ranitsarkar01_porter-delivery-time-estimation__dataset__variant_05_of_05.json,regression,total_outstanding_orders,linear,failed,"Input X contains NaN.
LinearRegression does not accept missing values encoded as NaN natively. For supervised learning, you might want to consider sklearn.ensemble.HistGradientBoostingClassifier and Regressor which accept missing values encoded as NaNs natively. Alternatively, it is possible to preprocess the data, for instance by using an imputer transformer in a pipeline or drop samples with missing values. See https://scikit-learn.org/stable/modules/impute.html You can find a list of all estimators that handle NaN values at the following page: https://scikit-learn.org/stable/modules/impute.html#estimators-that-handle-nan-values",,,,,,,,,,,,,,,,,,,,,,,,,,,DeepSeek,Corrected (test_indices),False
regression__mid__rupals_gpu-runtime__sgemm_product,regression__mid__rupals_gpu-runtime__sgemm_product__variant_01_of_05.json,regression,Run4 (ms),linear,success,,,,,,4000.0,,,/home/joshua/Code/ai_projects/amalia/backend/data/uploads/datasets/regression/mid/rupals_gpu-runtime/sgemm_product.csv,/home/joshua/Code/ai_projects/amalia/data/batch_results/corrected_execution/models/regression__mid__rupals_gpu-runtime__sgemm_product.pkl,3.0,"['1:load_csv', '3:train_regression_model', '4:evaluate_regression_model']",,,,,,,,,1.0,2.5365,1.5926,0.6223,0.6287,,,DeepSeek,Corrected (test_indices),True
regression__mid__rupals_gpu-runtime__sgemm_product,regression__mid__rupals_gpu-runtime__sgemm_product__variant_02_of_05.json,regression,Run4 (ms),random_forest,success,,,,,,4000.0,,,/home/joshua/Code/ai_projects/amalia/backend/data/uploads/datasets/regression/mid/rupals_gpu-runtime/sgemm_product.csv,/home/joshua/Code/ai_projects/amalia/data/batch_results/corrected_execution/models/regression__mid__rupals_gpu-runtime__sgemm_product.pkl,2.0,"['3:train_regression_model', '4:evaluate_regression_model']",,,,,,,,,1.0,4.7327,2.1755,0.7284,0.633,,,DeepSeek,Corrected (test_indices),True
regression__mid__rupals_gpu-runtime__sgemm_product,regression__mid__rupals_gpu-runtime__sgemm_product__variant_03_of_05.json,regression,Run4 (ms),linear,success,,,,,,4000.0,,,/home/joshua/Code/ai_projects/amalia/backend/data/uploads/datasets/regression/mid/rupals_gpu-runtime/sgemm_product.csv,/home/joshua/Code/ai_projects/amalia/data/batch_results/corrected_execution/models/regression__mid__rupals_gpu-runtime__sgemm_product.pkl,3.0,"['1:load_csv', '2:train_regression_model', '3:evaluate_regression_model']",,,,,,,,,1.0,2.5365,1.5926,0.6223,0.6287,,,DeepSeek,Corrected (test_indices),True
regression__mid__rupals_gpu-runtime__sgemm_product,regression__mid__rupals_gpu-runtime__sgemm_product__variant_04_of_05.json,regression,Run4 (ms),linear,success,,,,,,4000.0,,,/home/joshua/Code/ai_projects/amalia/backend/data/uploads/datasets/regression/mid/rupals_gpu-runtime/sgemm_product.csv,/home/joshua/Code/ai_projects/amalia/data/batch_results/corrected_execution/models/regression__mid__rupals_gpu-runtime__sgemm_product.pkl,3.0,"['1:load_csv', '2:train_regression_model', '3:evaluate_regression_model']",,,,,,,,,1.0,2.5365,1.5926,0.6223,0.6287,,,DeepSeek,Corrected (test_indices),True
regression__mid__rupals_gpu-runtime__sgemm_product,regression__mid__rupals_gpu-runtime__sgemm_product__variant_05_of_05.json,regression,Run4 (ms),linear,success,,,,,,4000.0,,,/home/joshua/Code/ai_projects/amalia/backend/data/uploads/datasets/regression/mid/rupals_gpu-runtime/sgemm_product.csv,/home/joshua/Code/ai_projects/amalia/data/batch_results/corrected_execution/models/regression__mid__rupals_gpu-runtime__sgemm_product.pkl,3.0,"['1:load_csv', '2:train_regression_model', '3:evaluate_regression_model']",,,,,,,,,1.0,2.5365,1.5926,0.6223,0.6287,,,DeepSeek,Corrected (test_indices),True
regression__mid__yasserh_uber-fares-dataset__uber,regression__mid__yasserh_uber-fares-dataset__uber__variant_01_of_05.json,classification,passenger_count,logistic,success,,0.6917,0.4785,0.6917,0.5657,4000.0,7.0,False,/home/joshua/Code/ai_projects/amalia/backend/data/uploads/datasets/regression/mid/yasserh_uber-fares-dataset/uber.csv,/home/joshua/Code/ai_projects/amalia/data/batch_results/corrected_execution/models/regression__mid__yasserh_uber-fares-dataset__uber.pkl,3.0,"['1:load_csv', '2:train_classification_model', '3:evaluate_classification_model']",,,,,,,,,,,,,,,,DeepSeek,Corrected (test_indices),False
regression__mid__yasserh_uber-fares-dataset__uber,regression__mid__yasserh_uber-fares-dataset__uber__variant_02_of_05.json,classification,passenger_count,logistic,success,,0.6917,0.4785,0.6917,0.5657,4000.0,7.0,False,/home/joshua/Code/ai_projects/amalia/backend/data/uploads/datasets/regression/mid/yasserh_uber-fares-dataset/uber.csv,/home/joshua/Code/ai_projects/amalia/data/batch_results/corrected_execution/models/regression__mid__yasserh_uber-fares-dataset__uber.pkl,3.0,"['1:load_csv', '2:train_classification_model', '3:evaluate_classification_model']",,,,,,,,,,,,,,,,DeepSeek,Corrected (test_indices),False
regression__mid__yasserh_uber-fares-dataset__uber,regression__mid__yasserh_uber-fares-dataset__uber__variant_03_of_05.json,classification,passenger_count,logistic,success,,0.6917,0.4785,0.6917,0.5657,4000.0,7.0,False,/home/joshua/Code/ai_projects/amalia/backend/data/uploads/datasets/regression/mid/yasserh_uber-fares-dataset/uber.csv,/home/joshua/Code/ai_projects/amalia/data/batch_results/corrected_execution/models/regression__mid__yasserh_uber-fares-dataset__uber.pkl,3.0,"['1:load_csv', '2:train_classification_model', '3:evaluate_classification_model']",,,,,,,,,,,,,,,,DeepSeek,Corrected (test_indices),False
regression__mid__yasserh_uber-fares-dataset__uber,regression__mid__yasserh_uber-fares-dataset__uber__variant_04_of_05.json,classification,passenger_count,logistic,success,,0.6917,0.4785,0.6917,0.5657,4000.0,7.0,False,/home/joshua/Code/ai_projects/amalia/backend/data/uploads/datasets/regression/mid/yasserh_uber-fares-dataset/uber.csv,/home/joshua/Code/ai_projects/amalia/data/batch_results/corrected_execution/models/regression__mid__yasserh_uber-fares-dataset__uber.pkl,3.0,"['1:load_csv', '2:train_classification_model', '3:evaluate_classification_model']",,,,,,,,,,,,,,,,DeepSeek,Corrected (test_indices),False
regression__mid__yasserh_uber-fares-dataset__uber,regression__mid__yasserh_uber-fares-dataset__uber__variant_05_of_05.json,classification,passenger_count,logistic,success,,0.6917,0.4785,0.6917,0.5657,4000.0,7.0,False,/home/joshua/Code/ai_projects/amalia/backend/data/uploads/datasets/regression/mid/yasserh_uber-fares-dataset/uber.csv,/home/joshua/Code/ai_projects/amalia/data/batch_results/corrected_execution/models/regression__mid__yasserh_uber-fares-dataset__uber.pkl,3.0,"['1:load_csv', '2:train_classification_model', '3:evaluate_classification_model']",,,,,,,,,,,,,,,,DeepSeek,Corrected (test_indices),False
