dataset_id,artifact_file,task_type,target_column,model_type,status,error,accuracy,precision,recall,f1_score,test_samples,n_classes,is_binary,resolved_dataset_path,model_path,executed_tools,tool_flow,task,train_accuracy,test_accuracy,overfitting_gap,training_samples,features,model_saved,train_r2,test_r2,rmse,mae,mse,r2_score,mape,pipeline_variant,model,difficulty
classification__easy__abhishek14398_heart-disease-classification__heart,classification__easy__abhishek14398_heart-disease-classification__heart.json,classification,target,logistic,success,,0.8648492463993527,0.8531,0.9152,0.8677515172314848,303.0,2.0,True,/home/joshua/Code/ai_projects/amalia/backend/data/uploads/datasets/classification/easy/abhishek14398_heart-disease-classification/heart.csv,/home/joshua/Code/ai_projects/amalia/data/batch_results/batch_20260421164615_4d958e70mistral_final/models/classification__easy__abhishek14398_heart-disease-classification__heart.pkl,3.0,"['1:load_csv', '2:train_classification_model', '3:evaluate_classification_model']",,,,,,,,,,,,,,,1,Mistral,easy
classification__easy__brsahan_genomic-data-for-cancer__gene_expression,classification__easy__brsahan_genomic-data-for-cancer__gene_expression.json,classification,Cancer Present,logistic,success,,,,,,600.0,2.0,,/home/joshua/Code/ai_projects/amalia/backend/data/uploads/datasets/classification/easy/brsahan_genomic-data-for-cancer/gene_expression.csv,/home/joshua/Code/ai_projects/amalia/data/batch_results/batch_20260421164615_4d958e70mistral_final/models/classification__easy__brsahan_genomic-data-for-cancer__gene_expression.pkl,4.0,"['1:load_csv', '1:validate_csv_structure', '1:detect_duplicates', '2:train_classification_model']",classification,0.8542,0.8667,-0.0125,2400.0,"['Gene One', 'Gene Two']",/home/joshua/Code/ai_projects/amalia/data/batch_results/batch_20260421164615_4d958e70mistral_final/models/classification__easy__brsahan_genomic-data-for-cancer__gene_expression.pkl,,,,,,,,1,Mistral,easy
classification__easy__fedesoriano_stellar-classification-dataset-sdss17__star_classification,classification__easy__fedesoriano_stellar-classification-dataset-sdss17__star_classification.json,classification,,,failed,get_column_info: Column 'None' not found,,,,,,,,,,,,,,,,,,,,,,,,,,1,Mistral,easy
classification__easy__himanshunakrani_naive-bayes-classification-data__Naive-Bayes-Classification-Data,classification__easy__himanshunakrani_naive-bayes-classification-data__Naive-Bayes-Classification-Data.json,classification,diabetes,naive_bayes,success,,,,,,199.0,2.0,,/home/joshua/Code/ai_projects/amalia/backend/data/uploads/datasets/classification/easy/himanshunakrani_naive-bayes-classification-data/Naive-Bayes-Classification-Data.csv,/home/joshua/Code/ai_projects/amalia/data/batch_results/batch_20260421164615_4d958e70mistral_final/models/classification__easy__himanshunakrani_naive-bayes-classification-data__Naive-Bayes-Classification-Data.pkl,3.0,"['1:load_csv', '2:remove_duplicates', '3:train_classification_model']",classification,0.9347,0.9296,0.005,796.0,"['glucose', 'bloodpressure']",/home/joshua/Code/ai_projects/amalia/data/batch_results/batch_20260421164615_4d958e70mistral_final/models/classification__easy__himanshunakrani_naive-bayes-classification-data__Naive-Bayes-Classification-Data.pkl,,,,,,,,1,Mistral,easy
classification__easy__mahmoudshaheen1134_heart-disease-data__heart disease,classification__easy__mahmoudshaheen1134_heart-disease-data__heart disease.json,classification,target,logistic,success,,0.8956006368892452,0.8531,0.9173,0.909436800035546,242.0,2.0,True,/home/joshua/Code/ai_projects/amalia/backend/data/uploads/heart disease_train.csv,/home/joshua/Code/ai_projects/amalia/backend/models/heart_disease_model.pkl,5.0,"['1:load_csv', '2:validate_csv_structure', '3:split_dataset', '4:train_classification_model', '5:evaluate_classification_model']",,,,,,,,,,,,,,,1,Mistral,easy
classification__easy__priyanshusethi_happiness-classification-dataset__happydata,classification__easy__priyanshusethi_happiness-classification-dataset__happydata.json,classification,,,failed,get_column_info: Column 'None' not found,,,,,,,,,,,,,,,,,,,,,,,,,,1,Mistral,easy
classification__easy__ritwikb3_heart-disease-cleveland__Heart_disease_cleveland_new,classification__easy__ritwikb3_heart-disease-cleveland__Heart_disease_cleveland_new.json,classification,,,failed,,,,,,,,,/home/joshua/Code/ai_projects/amalia/backend/data/uploads/datasets/classification/easy/ritwikb3_heart-disease-cleveland/Heart_disease_cleveland_new.csv,,0.0,[],,,,,,,,,,,,,,,1,Mistral,easy
classification__easy__ritwikb3_heart-disease-statlog__Heart_disease_statlog,classification__easy__ritwikb3_heart-disease-statlog__Heart_disease_statlog.json,classification,target,logistic,success,,0.8531828029657614,0.8661,0.8083,0.8573343016463956,270.0,2.0,True,/home/joshua/Code/ai_projects/amalia/backend/data/uploads/datasets/classification/easy/ritwikb3_heart-disease-statlog/Heart_disease_statlog.csv,/home/joshua/Code/ai_projects/amalia/data/batch_results/batch_20260421164615_4d958e70mistral_final/models/classification__easy__ritwikb3_heart-disease-statlog__Heart_disease_statlog.pkl,3.0,"['1:load_csv', '2:train_classification_model', '3:evaluate_classification_model']",,,,,,,,,,,,,,,1,Mistral,easy
classification__easy__robikscube_eye-state-classification-eeg-dataset__EEG_Eye_State_Classification,classification__easy__robikscube_eye-state-classification-eeg-dataset__EEG_Eye_State_Classification.json,classification,eyeDetection,logistic,success,,0.6474526877902688,0.6417,0.4651,0.4969958536549648,14980.0,2.0,True,/home/joshua/Code/ai_projects/amalia/backend/data/uploads/datasets/classification/easy/robikscube_eye-state-classification-eeg-dataset/EEG_Eye_State_Classification.csv,/home/joshua/Code/ai_projects/amalia/data/batch_results/batch_20260421164615_4d958e70mistral_final/models/classification__easy__robikscube_eye-state-classification-eeg-dataset__EEG_Eye_State_Classification.pkl,3.0,"['1:load_csv', '2:train_classification_model', '3:evaluate_classification_model']",,,,,,,,,,,,,,,1,Mistral,easy
classification__easy__uciml_glass__glass,classification__easy__uciml_glass__glass.json,classification,Type,logistic,success,,0.6736751416883546,0.6124,0.6542,0.6297854703246943,214.0,6.0,False,/home/joshua/Code/ai_projects/amalia/backend/data/uploads/datasets/classification/easy/uciml_glass/glass.csv,/home/joshua/Code/ai_projects/amalia/data/batch_results/batch_20260421164615_4d958e70mistral_final/models/classification__easy__uciml_glass__glass.pkl,3.0,"['1:load_csv', '2:train_classification_model', '3:evaluate_classification_model']",,,,,,,,,,,,,,,1,Mistral,easy
classification__easy__yasserh_heart-disease-dataset__heart,classification__easy__yasserh_heart-disease-dataset__heart.json,classification,target,logistic,success,,0.8596275208202621,0.8531,0.9152,0.9078805581422188,303.0,2.0,True,/home/joshua/Code/ai_projects/amalia/backend/data/uploads/datasets/classification/easy/yasserh_heart-disease-dataset/heart.csv,/home/joshua/Code/ai_projects/amalia/data/batch_results/batch_20260421164615_4d958e70mistral_final/models/classification__easy__yasserh_heart-disease-dataset__heart.pkl,3.0,"['1:load_csv', '2:train_classification_model', '3:evaluate_classification_model']",,,,,,,,,,,,,,,1,Mistral,easy
classification__easy__yasserh_wine-quality-dataset__WineQT,classification__easy__yasserh_wine-quality-dataset__WineQT.json,classification,,,failed,Workflow has no executable steps,,,,,,,,,,,,,,,,,,,,,,,,,,1,Mistral,easy
classification__hard__abhishek14398_loan-dataset__loan,classification__hard__abhishek14398_loan-dataset__loan.json,classification,total_il_high_credit_limit,naive_bayes,failed,Input y contains NaN.,,,,,,,,,,,,,,,,,,,,,,,,,,1,Mistral,hard
classification__hard__andrewmvd_cyberbullying-classification__cyberbullying_tweets,classification__hard__andrewmvd_cyberbullying-classification__cyberbullying_tweets.json,classification,cyberbullying_type,logistic,success,,0.8889120085147201,0.8949,0.8899,0.887967988817358,47692.0,6.0,False,/home/joshua/Code/ai_projects/amalia/backend/data/uploads/datasets/classification/hard/andrewmvd_cyberbullying-classification/cyberbullying_tweets.csv,/home/joshua/Code/ai_projects/amalia/data/batch_results/batch_20260421164615_4d958e70mistral_final/models/classification__hard__andrewmvd_cyberbullying-classification__cyberbullying_tweets.pkl,3.0,"['1:load_csv', '2:train_classification_model', '3:evaluate_classification_model']",,,,,,,,,,,,,,,1,Mistral,hard
classification__hard__balaka18_email-spam-classification-dataset-csv__emails,classification__hard__balaka18_email-spam-classification-dataset-csv__emails.json,classification,target,svm,success,,1.0,0.9743,0.987,0.987870632964966,5172.0,7.0,False,/home/joshua/Code/ai_projects/amalia/backend/data/uploads/datasets/classification/hard/balaka18_email-spam-classification-dataset-csv/emails.csv,/home/joshua/Code/ai_projects/amalia/data/batch_results/batch_20260421164615_4d958e70mistral_final/models/classification__hard__balaka18_email-spam-classification-dataset-csv__emails.pkl,3.0,"['1:load_csv', '2:train_classification_model', '3:evaluate_classification_model']",,,,,,,,,,,,,,,1,Mistral,hard
classification__hard__ddosad_ecommerce-customer-service-satisfaction__Customer_support_data,classification__hard__ddosad_ecommerce-customer-service-satisfaction__Customer_support_data.json,classification,CSAT Score,logistic,failed,"Input X contains NaN.
LogisticRegression does not accept missing values encoded as NaN natively. For supervised learning, you might want to consider sklearn.ensemble.HistGradientBoostingClassifier and Regressor which accept missing values encoded as NaNs natively. Alternatively, it is possible to preprocess the data, for instance by using an imputer transformer in a pipeline or drop samples with missing values. See https://scikit-learn.org/stable/modules/impute.html You can find a list of all estimators that handle NaN values at the following page: https://scikit-learn.org/stable/modules/impute.html#estimators-that-handle-nan-values",,,,,,,,,,,,,,,,,,,,,,,,,,1,Mistral,hard
classification__hard__hetulmehta_website-classification__website_classification,classification__hard__hetulmehta_website-classification__website_classification.json,classification,Category,logistic,success,,0.6027353920655272,0.6073,0.5682,0.5453220723821485,1408.0,16.0,False,/home/joshua/Code/ai_projects/amalia/backend/data/uploads/datasets/classification/hard/hetulmehta_website-classification/website_classification.csv,/home/joshua/Code/ai_projects/amalia/data/batch_results/batch_20260421164615_4d958e70mistral_final/models/classification__hard__hetulmehta_website-classification__website_classification.pkl,3.0,"['1:load_csv', '2:train_classification_model', '3:evaluate_classification_model']",,,,,,,,,,,,,,,1,Mistral,hard
classification__hard__jocelyndumlao_consumer-review-of-clothing-product__Consumer Review of Clothing Product__data_amazon.xlsx - Sheet1,classification__hard__jocelyndumlao_consumer-review-of-clothing-product__Consumer Review of Clothing Product__data_amazon.xlsx - Sheet1.json,classification,Durability,gradient_boosting,failed,"Input X contains NaN.
GradientBoostingClassifier does not accept missing values encoded as NaN natively. For supervised learning, you might want to consider sklearn.ensemble.HistGradientBoostingClassifier and Regressor which accept missing values encoded as NaNs natively. Alternatively, it is possible to preprocess the data, for instance by using an imputer transformer in a pipeline or drop samples with missing values. See https://scikit-learn.org/stable/modules/impute.html You can find a list of all estimators that handle NaN values at the following page: https://scikit-learn.org/stable/modules/impute.html#estimators-that-handle-nan-values",,,,,,,,,,,,,,,,,,,,,,,,,,1,Mistral,hard
classification__hard__pashupatigupta_emotion-detection-from-text__tweet_emotions,classification__hard__pashupatigupta_emotion-detection-from-text__tweet_emotions.json,classification,,,failed,"random_state must be an integer, array-like, a BitGenerator, Generator, a numpy RandomState, or None",,,,,,,,,,,,,,,,,,,,,,,,,,1,Mistral,hard
classification__hard__prox37_twitter-multilabel-classification-dataset__mLabel_tweets,classification__hard__prox37_twitter-multilabel-classification-dataset__mLabel_tweets.json,classification,labels,logistic,success,,,,,,1985.0,288.0,,/home/joshua/Code/ai_projects/amalia/backend/data/uploads/datasets/classification/hard/prox37_twitter-multilabel-classification-dataset/mLabel_tweets.csv,/home/joshua/Code/ai_projects/amalia/data/batch_results/batch_20260421164615_4d958e70mistral_final/models/classification__hard__prox37_twitter-multilabel-classification-dataset__mLabel_tweets.pkl,2.0,"['1:encode_categorical', '2:train_classification_model']",classification,0.2906,0.2907,-0.0001,7936.0,"['ID', 'tweet']",/home/joshua/Code/ai_projects/amalia/data/batch_results/batch_20260421164615_4d958e70mistral_final/models/classification__hard__prox37_twitter-multilabel-classification-dataset__mLabel_tweets.pkl,,,,,,,,1,Mistral,hard
classification__hard__saurabhshahane_ecommerce-text-classification__ecommerceDataset,classification__hard__saurabhshahane_ecommerce-text-classification__ecommerceDataset.json,classification,"Paper Plane Design Framed Wall Hanging Motivational Office Decor Art Prints (8.7 X 8.7 inch) - Set of 4 Painting made up in synthetic frame with uv textured print which gives multi effects and attracts towards it. This is an special series of paintings which makes your wall very beautiful and gives a royal touch. This painting is ready to hang, you would be proud to possess this unique painting that is a niche apart. We use only the most modern and efficient printing technology on our prints, with only the and inks and precision epson, roland and hp printers. This innovative hd printing technique results in durable and spectacular looking prints of the highest that last a lifetime. We print solely with top-notch 100% inks, to achieve brilliant and true colours. Due to their high level of uv resistance, our prints retain their beautiful colours for many years. Add colour and style to your living space with this digitally printed painting. Some are for pleasure and some for eternal bliss.so bring home this elegant print that is lushed with rich colors that makes it nothing but sheer elegance to be to your friends and family.it would be treasured forever by whoever your lucky recipient is. Liven up your place with these intriguing paintings that are high definition hd graphic digital prints for home, office or any room.",logistic,failed,Input contains NaN,,,,,,,,,,,,,,,,,,,,,,,,,,1,Mistral,hard
classification__hard__shivamb_spam-url-prediction__url_spam_classification,classification__hard__shivamb_spam-url-prediction__url_spam_classification.json,classification,is_spam,logistic,success,,0.7947088339830238,0.6732,0.7047,0.7204674081121054,148303.0,2.0,True,/home/joshua/Code/ai_projects/amalia/backend/data/uploads/datasets/classification/hard/shivamb_spam-url-prediction/url_spam_classification.csv,/home/joshua/Code/ai_projects/amalia/data/batch_results/batch_20260421164615_4d958e70mistral_final/models/classification__hard__shivamb_spam-url-prediction__url_spam_classification.pkl,3.0,"['1:load_csv', '2:train_classification_model', '3:evaluate_classification_model']",,,,,,,,,,,,,,,1,Mistral,hard
classification__mid__andrewmvd_cyberbullying-classification__cyberbullying_tweets,classification__mid__andrewmvd_cyberbullying-classification__cyberbullying_tweets.json,classification,cyberbullying_type,logistic,success,,0.9016314740657134,0.8949,0.8899,0.8773609552910285,47692.0,6.0,False,/home/joshua/Code/ai_projects/amalia/backend/data/uploads/datasets/classification/mid/andrewmvd_cyberbullying-classification/cyberbullying_tweets.csv,/home/joshua/Code/ai_projects/amalia/data/batch_results/batch_20260421164615_4d958e70mistral_final/models/classification__mid__andrewmvd_cyberbullying-classification__cyberbullying_tweets.pkl,4.0,"['1:load_csv', '2:get_basic_stats', '3:train_classification_model', '4:evaluate_classification_model']",,,,,,,,,,,,,,,1,Mistral,medium
classification__mid__christianlillelund_csgo-round-winner-classification__csgo_round_snapshots,classification__mid__christianlillelund_csgo-round-winner-classification__csgo_round_snapshots.json,classification,round_winner,decision_tree,failed,"pos_label=1 is not a valid label. It should be one of ['CT', 'T']",,,,,,,,,,,,,,,,,,,,,,,,,,1,Mistral,medium
classification__mid__fedesoriano_heart-failure-prediction__heart,classification__mid__fedesoriano_heart-failure-prediction__heart.json,classification,HeartDisease,logistic,success,,0.8859746023794707,0.8672,0.874,0.8713472038333432,918.0,2.0,True,/home/joshua/Code/ai_projects/amalia/backend/data/uploads/datasets/classification/mid/fedesoriano_heart-failure-prediction/heart.csv,/home/joshua/Code/ai_projects/amalia/data/batch_results/batch_20260421164615_4d958e70mistral_final/models/classification__mid__fedesoriano_heart-failure-prediction__heart.pkl,3.0,"['1:load_csv', '2:train_classification_model', '3:evaluate_classification_model']",,,,,,,,,,,,,,,1,Mistral,medium
classification__mid__fedesoriano_stellar-classification-dataset-sdss17__star_classification,classification__mid__fedesoriano_stellar-classification-dataset-sdss17__star_classification.json,classification,,,failed,"random_state must be an integer, array-like, a BitGenerator, Generator, a numpy RandomState, or None",,,,,,,,,,,,,,,,,,,,,,,,,,1,Mistral,medium
classification__mid__nimapourmoradi_dry-bean-dataset-classification__Dry_Bean_Dataset,classification__mid__nimapourmoradi_dry-bean-dataset-classification__Dry_Bean_Dataset.json,classification,Class,logistic,success,,,,,,2723.0,7.0,,/home/joshua/Code/ai_projects/amalia/backend/data/uploads/datasets/classification/mid/nimapourmoradi_dry-bean-dataset-classification/Dry_Bean_Dataset.csv,/home/joshua/Code/ai_projects/amalia/data/batch_results/batch_20260421164615_4d958e70mistral_final/models/classification__mid__nimapourmoradi_dry-bean-dataset-classification__Dry_Bean_Dataset.pkl,3.0,"['1:load_csv', '2:get_basic_stats', '3:train_classification_model']",classification,0.8803,0.8707,0.0096,10888.0,"['Area', 'Perimeter', 'MajorAxisLength', 'MinorAxisLength', 'AspectRation', 'Eccentricity', 'ConvexArea', 'EquivDiameter', 'Extent', 'Solidity', 'roundness', 'Compactness', 'ShapeFactor1', 'ShapeFactor2', 'ShapeFactor3', 'ShapeFactor4']",/home/joshua/Code/ai_projects/amalia/data/batch_results/batch_20260421164615_4d958e70mistral_final/models/classification__mid__nimapourmoradi_dry-bean-dataset-classification__Dry_Bean_Dataset.pkl,,,,,,,,1,Mistral,medium
classification__mid__tanishqdublish_text-classification-documentation__df_file,classification__mid__tanishqdublish_text-classification-documentation__df_file.json,classification,Label,logistic,success,,1.0,0.9996,0.9996,0.9789143498788364,2225.0,5.0,False,/home/joshua/Code/ai_projects/amalia/backend/data/uploads/datasets/classification/mid/tanishqdublish_text-classification-documentation/df_file.csv,/home/joshua/Code/ai_projects/amalia/data/batch_results/batch_20260421164615_4d958e70mistral_final/models/classification__mid__tanishqdublish_text-classification-documentation__df_file.pkl,3.0,"['1:load_csv', '2:train_classification_model', '3:evaluate_classification_model']",,,,,,,,,,,,,,,1,Mistral,medium
classification__mid__uciml_iris__Iris,classification__mid__uciml_iris__Iris.json,classification,Species,logistic,success,,,,,,30.0,3.0,,/home/joshua/Code/ai_projects/amalia/backend/data/uploads/datasets/classification/mid/uciml_iris/Iris.csv,/home/joshua/Code/ai_projects/amalia/data/batch_results/batch_20260421164615_4d958e70mistral_final/models/classification__mid__uciml_iris__Iris.pkl,2.0,"['1:encode_categorical', '2:train_classification_model']",classification,1.0,1.0,0.0,120.0,"['Id', 'SepalLengthCm', 'SepalWidthCm', 'PetalLengthCm', 'PetalWidthCm']",/home/joshua/Code/ai_projects/amalia/data/batch_results/batch_20260421164615_4d958e70mistral_final/models/classification__mid__uciml_iris__Iris.pkl,,,,,,,,1,Mistral,medium
classification__mid__uciml_pima-indians-diabetes-database__diabetes,classification__mid__uciml_pima-indians-diabetes-database__diabetes.json,classification,Outcome,logistic,success,,0.788841433388209,0.6947,0.5858,0.6583510930346546,768.0,2.0,True,/home/joshua/Code/ai_projects/amalia/backend/data/uploads/datasets/classification/mid/uciml_pima-indians-diabetes-database/diabetes.csv,/home/joshua/Code/ai_projects/amalia/data/batch_results/batch_20260421164615_4d958e70mistral_final/models/classification__mid__uciml_pima-indians-diabetes-database__diabetes.pkl,3.0,"['1:load_csv', '2:train_classification_model', '3:evaluate_classification_model']",,,,,,,,,,,,,,,1,Mistral,medium
classification__mid__xhlulu_cpc-codes__titles,classification__mid__xhlulu_cpc-codes__titles.json,classification,class,logistic,failed,"Input X contains NaN.
LogisticRegression does not accept missing values encoded as NaN natively. For supervised learning, you might want to consider sklearn.ensemble.HistGradientBoostingClassifier and Regressor which accept missing values encoded as NaNs natively. Alternatively, it is possible to preprocess the data, for instance by using an imputer transformer in a pipeline or drop samples with missing values. See https://scikit-learn.org/stable/modules/impute.html You can find a list of all estimators that handle NaN values at the following page: https://scikit-learn.org/stable/modules/impute.html#estimators-that-handle-nan-values",,,,,,,,,,,,,,,,,,,,,,,,,,1,Mistral,medium
classification__mid__yasserh_titanic-dataset__Titanic-Dataset,classification__mid__yasserh_titanic-dataset__Titanic-Dataset.json,classification,Survived,logistic,failed,"Input X contains NaN.
LogisticRegression does not accept missing values encoded as NaN natively. For supervised learning, you might want to consider sklearn.ensemble.HistGradientBoostingClassifier and Regressor which accept missing values encoded as NaNs natively. Alternatively, it is possible to preprocess the data, for instance by using an imputer transformer in a pipeline or drop samples with missing values. See https://scikit-learn.org/stable/modules/impute.html You can find a list of all estimators that handle NaN values at the following page: https://scikit-learn.org/stable/modules/impute.html#estimators-that-handle-nan-values",,,,,,,,,,,,,,,,,,,,,,,,,,1,Mistral,medium
regression__easy__ganjerlawrence_mobile-phone-price-prediction-cleaned-dataset__Mobile-Price-Prediction-cleaned_data,regression__easy__ganjerlawrence_mobile-phone-price-prediction-cleaned-dataset__Mobile-Price-Prediction-cleaned_data.json,regression,Price,linear,success,,,,,,94.0,,,/home/joshua/Code/ai_projects/amalia/backend/data/uploads/datasets/regression/easy/ganjerlawrence_mobile-phone-price-prediction-cleaned-dataset/Mobile-Price-Prediction-cleaned_data.csv,/home/joshua/Code/ai_projects/amalia/data/batch_results/batch_20260421164615_4d958e70mistral_final/models/regression__easy__ganjerlawrence_mobile-phone-price-prediction-cleaned-dataset__Mobile-Price-Prediction-cleaned_data.pkl,1.0,['1:train_regression_model'],regression,,,0.1973,372.0,"['Ratings', 'RAM', 'ROM', 'Mobile_Size', 'Primary_Cam', 'Selfi_Cam', 'Battery_Power']",/home/joshua/Code/ai_projects/amalia/data/batch_results/batch_20260421164615_4d958e70mistral_final/models/regression__easy__ganjerlawrence_mobile-phone-price-prediction-cleaned-dataset__Mobile-Price-Prediction-cleaned_data.pkl,0.4831,0.2858,17094.0315,8626.7143,292205913.1856,,,1,Mistral,easy
regression__easy__govindaramsriram_crop-yield-of-a-farm__crop_yield_data,regression__easy__govindaramsriram_crop-yield-of-a-farm__crop_yield_data.json,regression,crop_yield,linear,success,,,,,,3000.0,,,/home/joshua/Code/ai_projects/amalia/backend/data/uploads/datasets/regression/easy/govindaramsriram_crop-yield-of-a-farm/crop_yield_data.csv,/home/joshua/Code/ai_projects/amalia/data/batch_results/batch_20260421164615_4d958e70mistral_final/models/regression__easy__govindaramsriram_crop-yield-of-a-farm__crop_yield_data.pkl,3.0,"['1:load_csv', '2:train_regression_model', '3:evaluate_regression_model']",,,,,,,,,,0.2915,0.2518,0.085,0.9641770545921706,0.1015,1,Mistral,easy
regression__easy__nalisha_numerical-feature-based-target-prediction-using-ml__practice_dataset,regression__easy__nalisha_numerical-feature-based-target-prediction-using-ml__practice_dataset.json,regression,target,linear,success,,,,,,10000.0,,,/home/joshua/Code/ai_projects/amalia/backend/data/uploads/datasets/regression/easy/nalisha_numerical-feature-based-target-prediction-using-ml/practice_dataset.csv,/home/joshua/Code/ai_projects/amalia/data/batch_results/batch_20260421164615_4d958e70mistral_final/models/regression__easy__nalisha_numerical-feature-based-target-prediction-using-ml__practice_dataset.pkl,3.0,"['1:load_csv', '2:train_regression_model', '3:evaluate_regression_model']",,,,,,,,,,50.0381,41.4775,2503.812,0.5510226580341522,260.3718,1,Mistral,easy
regression__easy__quantbruce_real-estate-price-prediction__Real estate,regression__easy__quantbruce_real-estate-price-prediction__Real estate.json,regression,Y house price of unit area,linear,failed,,,,,,83.0,,,/home/joshua/Code/ai_projects/amalia/backend/data/uploads/datasets/regression/easy/quantbruce_real-estate-price-prediction/Real estate.csv,/home/joshua/Code/ai_projects/amalia/backend/models/regression_model.pkl,2.0,"['1:load_csv', '2:train_regression_model']",regression,,,-0.1165,331.0,"['No', 'X1 transaction date', 'X2 house age', 'X3 distance to the nearest MRT station', 'X4 number of convenience stores', 'X5 latitude', 'X6 longitude']",/home/joshua/Code/ai_projects/amalia/backend/models/regression_model.pkl,0.5593,0.6758,7.5969,5.4899,57.7124,,,1,Mistral,easy
regression__easy__ranitsarkar01_porter-delivery-time-estimation__dataset,regression__easy__ranitsarkar01_porter-delivery-time-estimation__dataset.json,regression,total_outstanding_orders,linear,failed,"Input X contains NaN.
LinearRegression does not accept missing values encoded as NaN natively. For supervised learning, you might want to consider sklearn.ensemble.HistGradientBoostingClassifier and Regressor which accept missing values encoded as NaNs natively. Alternatively, it is possible to preprocess the data, for instance by using an imputer transformer in a pipeline or drop samples with missing values. See https://scikit-learn.org/stable/modules/impute.html You can find a list of all estimators that handle NaN values at the following page: https://scikit-learn.org/stable/modules/impute.html#estimators-that-handle-nan-values",,,,,,,,,,,,,,,,,,,,,,,,,,1,Mistral,easy
regression__easy__sakshisatre_the-boston-housing-dataset__Boston (1),regression__easy__sakshisatre_the-boston-housing-dataset__Boston (1).json,regression,MEDV,linear,success,,,,,,506.0,,,/home/joshua/Code/ai_projects/amalia/backend/data/uploads/datasets/regression/easy/sakshisatre_the-boston-housing-dataset/Boston (1).csv,/home/joshua/Code/ai_projects/amalia/data/batch_results/batch_20260421164615_4d958e70mistral_final/models/regression__easy__sakshisatre_the-boston-housing-dataset__Boston (1).pkl,3.0,"['1:load_csv', '2:train_regression_model', '3:evaluate_regression_model']",,,,,,,,,,4.6947,3.2988,22.0407,0.7570222004402721,16.6655,1,Mistral,easy
regression__easy__thedevastator_age-prediction-for-individuals-using-multi-omic__test_rows,regression__easy__thedevastator_age-prediction-for-individuals-using-multi-omic__test_rows.json,regression,KLF14_2,linear,success,,,,,,104.0,,,/home/joshua/Code/ai_projects/amalia/backend/data/uploads/datasets/regression/easy/thedevastator_age-prediction-for-individuals-using-multi-omic/test_rows.csv,/home/joshua/Code/ai_projects/amalia/data/batch_results/batch_20260421164615_4d958e70mistral_final/models/regression__easy__thedevastator_age-prediction-for-individuals-using-multi-omic__test_rows.pkl,3.0,"['1:load_csv', '2:train_regression_model', '3:evaluate_regression_model']",,,,,,,,,,1.3975,1.0866,1.953,0.4979711876248391,52.356,1,Mistral,easy
regression__easy__zubairdhuddi_linear-regression__test,regression__easy__zubairdhuddi_linear-regression__test.json,regression,y,linear,failed,,,,,,60.0,,,/home/joshua/Code/ai_projects/amalia/backend/data/uploads/datasets/regression/easy/zubairdhuddi_linear-regression/test.csv,/home/joshua/Code/ai_projects/amalia/backend/models/linear_regression_test_model.pkl,1.0,['1:train_regression_model'],regression,,,-0.0019,240.0,['x'],/home/joshua/Code/ai_projects/amalia/backend/models/linear_regression_test_model.pkl,0.9887,0.9906,2.8216,2.1583,7.9614,,,1,Mistral,easy
regression__hard__anujsaha0123456789_house-prices-cleaned-dataset-for-regression-ml__house_prices_cleaned,regression__hard__anujsaha0123456789_house-prices-cleaned-dataset-for-regression-ml__house_prices_cleaned.json,regression,SalePrice,svr,success,,,,,,1460.0,,,/home/joshua/Code/ai_projects/amalia/backend/data/uploads/datasets/regression/hard/anujsaha0123456789_house-prices-cleaned-dataset-for-regression-ml/house_prices_cleaned.csv,/home/joshua/Code/ai_projects/amalia/data/batch_results/batch_20260421164615_4d958e70mistral_final/models/regression__hard__anujsaha0123456789_house-prices-cleaned-dataset-for-regression-ml__house_prices_cleaned.pkl,3.0,"['1:load_csv', '2:train_regression_model', '3:evaluate_regression_model']",,,,,,,,,,80981.1703,55540.0192,6557949939.5246,-0.0388375078800485,32.1043,1,Mistral,hard
regression__hard__bharatsahu_house-price-prediction-dataset-insurancehub-usa__House_price_multifeatures,regression__hard__bharatsahu_house-price-prediction-dataset-insurancehub-usa__House_price_multifeatures.json,classification,TTTerritory,decision_tree,failed,Input contains NaN,,,,,,,,,,,,,,,,,,,,,,,,,,1,Mistral,hard
regression__hard__bjaton_housepricesadvancedregressiontechniquestrain__train,regression__hard__bjaton_housepricesadvancedregressiontechniquestrain__train.json,regression,SalePrice,ridge,failed,"Input X contains NaN.
Ridge does not accept missing values encoded as NaN natively. For supervised learning, you might want to consider sklearn.ensemble.HistGradientBoostingClassifier and Regressor which accept missing values encoded as NaNs natively. Alternatively, it is possible to preprocess the data, for instance by using an imputer transformer in a pipeline or drop samples with missing values. See https://scikit-learn.org/stable/modules/impute.html You can find a list of all estimators that handle NaN values at the following page: https://scikit-learn.org/stable/modules/impute.html#estimators-that-handle-nan-values",,,,,,,,,,,,,,,,,,,,,,,,,,1,Mistral,hard
regression__hard__bobnau_daily-website-visitors__daily-website-visitors,regression__hard__bobnau_daily-website-visitors__daily-website-visitors.json,regression,Returning.Visits,linear,failed,"could not convert string to float: '1,036'",,,,,,,,,,,,,,,,,,,,,,,,,,1,Mistral,hard
regression__hard__deepcontractor_car-price-prediction-challenge__car_price_prediction,regression__hard__deepcontractor_car-price-prediction-challenge__car_price_prediction.json,regression,Price,random_forest,success,,,,,,19237.0,,,/home/joshua/Code/ai_projects/amalia/backend/data/uploads/datasets/regression/hard/deepcontractor_car-price-prediction-challenge/car_price_prediction_preprocessed.csv,/home/joshua/Code/ai_projects/amalia/backend/models/car_price_prediction_model.pkl,4.0,"['1:handle_missing_values', '1:encode_categorical', '2:train_regression_model', '3:evaluate_regression_model']",,,,,,,,,,85477.0567,3065.5139,7306327215.1562,0.7784724276155319,628.093,1,Mistral,hard
regression__hard__kanchana1990_colorado-real-estate-market-2026__colorado_real_estate_2026,regression__hard__kanchana1990_colorado-real-estate-market-2026__colorado_real_estate_2026.json,regression,garage,linear,failed,"Input X contains NaN.
LinearRegression does not accept missing values encoded as NaN natively. For supervised learning, you might want to consider sklearn.ensemble.HistGradientBoostingClassifier and Regressor which accept missing values encoded as NaNs natively. Alternatively, it is possible to preprocess the data, for instance by using an imputer transformer in a pipeline or drop samples with missing values. See https://scikit-learn.org/stable/modules/impute.html You can find a list of all estimators that handle NaN values at the following page: https://scikit-learn.org/stable/modules/impute.html#estimators-that-handle-nan-values",,,,,,,,,,,,,,,,,,,,,,,,,,1,Mistral,hard
regression__hard__milanvaddoriya_old-car-price-prediction__car_price,regression__hard__milanvaddoriya_old-car-price-prediction__car_price.json,regression,,,failed,get_column_info: Column 'None' not found,,,,,,,,,,,,,,,,,,,,,,,,,,1,Mistral,hard
regression__hard__spittman1248_cdc-data-nutrition-physical-activity-obesity__Nutrition__Physical_Activity__and_Obesity_-_Behavioral_Risk_Factor_Surveillance_System,regression__hard__spittman1248_cdc-data-nutrition-physical-activity-obesity__Nutrition__Physical_Activity__and_Obesity_-_Behavioral_Risk_Factor_Surveillance_System.json,classification,Class,naive_bayes,failed,"Input X contains NaN.
GaussianNB does not accept missing values encoded as NaN natively. For supervised learning, you might want to consider sklearn.ensemble.HistGradientBoostingClassifier and Regressor which accept missing values encoded as NaNs natively. Alternatively, it is possible to preprocess the data, for instance by using an imputer transformer in a pipeline or drop samples with missing values. See https://scikit-learn.org/stable/modules/impute.html You can find a list of all estimators that handle NaN values at the following page: https://scikit-learn.org/stable/modules/impute.html#estimators-that-handle-nan-values",,,,,,,,,,,,,,,,,,,,,,,,,,1,Mistral,hard
regression__hard__taweilo_mba-admission-dataset__MBA,regression__hard__taweilo_mba-admission-dataset__MBA.json,regression,gpa,linear,success,,,,,,692.0,,,/home/joshua/Code/ai_projects/amalia/backend/data/uploads/datasets/regression/hard/taweilo_mba-admission-dataset/MBA_processed.csv,/home/joshua/Code/ai_projects/amalia/backend/models/regression_linear_MBA.joblib,3.0,"['1:handle_missing_values', '2:train_regression_model', '3:evaluate_regression_model']",,,,,,,,,,0.1038,0.0833,0.0108,0.2809183453894555,2.4765,1,Mistral,hard
regression__hard__valakhorasani_tehran-house-prices-dataset__TehranHouse,regression__hard__valakhorasani_tehran-house-prices-dataset__TehranHouse.json,regression,Price(USD),linear,success,,,,,,3479.0,,,/home/joshua/Code/ai_projects/amalia/backend/data/uploads/datasets/regression/hard/valakhorasani_tehran-house-prices-dataset/TehranHouse.csv,/home/joshua/Code/ai_projects/amalia/data/batch_results/batch_20260421164615_4d958e70mistral_final/models/regression__hard__valakhorasani_tehran-house-prices-dataset__TehranHouse.pkl,3.0,"['1:load_csv', '2:train_regression_model', '3:evaluate_regression_model']",,,,,,,,,,0.0026,0.0021,0.0,1.0,0.0,1,Mistral,hard
regression__mid__CooperUnion_cardataset__data,regression__mid__CooperUnion_cardataset__data.json,regression,MSRP,linear,failed,"Input X contains NaN.
LinearRegression does not accept missing values encoded as NaN natively. For supervised learning, you might want to consider sklearn.ensemble.HistGradientBoostingClassifier and Regressor which accept missing values encoded as NaNs natively. Alternatively, it is possible to preprocess the data, for instance by using an imputer transformer in a pipeline or drop samples with missing values. See https://scikit-learn.org/stable/modules/impute.html You can find a list of all estimators that handle NaN values at the following page: https://scikit-learn.org/stable/modules/impute.html#estimators-that-handle-nan-values",,,,,,,,,,,,,,,,,,,,,,,,,,1,Mistral,medium
regression__mid__alamshihab075_health-and-lifestyle-data-for-diabetes-prediction__Diabetes_and_LifeStyle_Dataset ,regression__mid__alamshihab075_health-and-lifestyle-data-for-diabetes-prediction__Diabetes_and_LifeStyle_Dataset .json,regression,diagnosed_diabetes,ridge,success,,,,,,97297.0,,,/home/joshua/Code/ai_projects/amalia/backend/data/uploads/datasets/regression/mid/alamshihab075_health-and-lifestyle-data-for-diabetes-prediction/Diabetes_and_LifeStyle_Dataset .csv,/home/joshua/Code/ai_projects/amalia/data/batch_results/batch_20260421164615_4d958e70mistral_final/models/regression__mid__alamshihab075_health-and-lifestyle-data-for-diabetes-prediction__Diabetes_and_LifeStyle_Dataset .pkl,3.0,"['1:load_csv', '2:train_regression_model', '3:evaluate_regression_model']",,,,,,,,,,0.1363,0.0805,0.0186,0.9608772427766632,,1,Mistral,medium
regression__mid__camnugent_california-housing-prices__housing,regression__mid__camnugent_california-housing-prices__housing.json,regression,median_house_value,linear,failed,"Input X contains NaN.
LinearRegression does not accept missing values encoded as NaN natively. For supervised learning, you might want to consider sklearn.ensemble.HistGradientBoostingClassifier and Regressor which accept missing values encoded as NaNs natively. Alternatively, it is possible to preprocess the data, for instance by using an imputer transformer in a pipeline or drop samples with missing values. See https://scikit-learn.org/stable/modules/impute.html You can find a list of all estimators that handle NaN values at the following page: https://scikit-learn.org/stable/modules/impute.html#estimators-that-handle-nan-values",,,,,,,,,,,,,,,,,,,,,,,,,,1,Mistral,medium
regression__mid__harlfoxem_housesalesprediction__kc_house_data,regression__mid__harlfoxem_housesalesprediction__kc_house_data.json,regression,,,failed,can't multiply sequence by non-int of type 'numpy.float64',,,,,,,,,,,,,,,,,,,,,,,,,,1,Mistral,medium
regression__mid__hrokrin_the-largest-diamond-dataset-currely-on-kaggle__diamonds,regression__mid__hrokrin_the-largest-diamond-dataset-currely-on-kaggle__diamonds.json,classification,total_sales_price,naive_bayes,success,,0.5507372835691962,0.6016,0.5443,0.5582590345940955,219703.0,22202.0,False,/home/joshua/Code/ai_projects/amalia/backend/data/uploads/datasets/regression/mid/hrokrin_the-largest-diamond-dataset-currely-on-kaggle/diamonds.csv,/home/joshua/Code/ai_projects/amalia/data/batch_results/batch_20260421164615_4d958e70mistral_final/models/regression__mid__hrokrin_the-largest-diamond-dataset-currely-on-kaggle__diamonds.pkl,3.0,"['1:load_csv', '2:train_classification_model', '3:evaluate_classification_model']",,,,,,,,,,,,,,,1,Mistral,medium
regression__mid__lorenzozoppelletto_financial-risk-for-loan-approval__Loan,regression__mid__lorenzozoppelletto_financial-risk-for-loan-approval__Loan.json,regression,RiskScore,ridge,success,,,,,,20000.0,,,/home/joshua/Code/ai_projects/amalia/backend/data/uploads/datasets/regression/mid/lorenzozoppelletto_financial-risk-for-loan-approval/Loan.csv,/home/joshua/Code/ai_projects/amalia/data/batch_results/batch_20260421164615_4d958e70mistral_final/models/regression__mid__lorenzozoppelletto_financial-risk-for-loan-approval__Loan.pkl,3.0,"['1:load_csv', '2:train_regression_model', '3:evaluate_regression_model']",,,,,,,,,,1.9492,1.5056,3.7993,0.9634564928786742,3.0474,1,Mistral,medium
regression__mid__mirichoi0218_insurance__insurance,regression__mid__mirichoi0218_insurance__insurance.json,regression,charges,gradient_boosting,success,,,,,,1338.0,,,/home/joshua/Code/ai_projects/amalia/backend/data/uploads/datasets/regression/mid/mirichoi0218_insurance/insurance.csv,/home/joshua/Code/ai_projects/amalia/backend/models/regression_model.pkl,4.0,"['1:load_csv', '1:infer_data_types', '2:train_regression_model', '3:evaluate_regression_model']",,,,,,,,,,3850.9558,2162.0931,14829860.2228,0.8872531970299344,26.6765,1,Mistral,medium
regression__mid__ranitsarkar01_porter-delivery-time-estimation__dataset,regression__mid__ranitsarkar01_porter-delivery-time-estimation__dataset.json,regression,,,failed,filter_rows: Unknown condition: notnull,,,,,,,,,,,,,,,,,,,,,,,,,,1,Mistral,medium
regression__mid__rupals_gpu-runtime__sgemm_product,regression__mid__rupals_gpu-runtime__sgemm_product.json,regression,,,failed,get_column_info: Column 'None' not found,,,,,,,,,,,,,,,,,,,,,,,,,,1,Mistral,medium
regression__mid__yasserh_uber-fares-dataset__uber,regression__mid__yasserh_uber-fares-dataset__uber.json,regression,,,failed,get_column_info: Column 'None' not found,,,,,,,,,,,,,,,,,,,,,,,,,,1,Mistral,medium
classification__easy__abhishek14398_heart-disease-classification__heart,classification__easy__abhishek14398_heart-disease-classification__heart.json,classification,target,logistic,success,,0.8668066362427277,0.8531,0.9152,0.9030220619150768,303.0,2.0,True,/home/joshua/Code/ai_projects/amalia/backend/data/uploads/datasets/classification/easy/abhishek14398_heart-disease-classification/heart.csv,/home/joshua/Code/ai_projects/amalia/data/batch_results/batch_20260421164615_4d958e70mistral_final/models/classification__easy__abhishek14398_heart-disease-classification__heart.pkl,3.0,"['1:load_csv', '2:train_classification_model', '3:evaluate_classification_model']",,,,,,,,,,,,,,,2,Mistral,easy
classification__easy__brsahan_genomic-data-for-cancer__gene_expression,classification__easy__brsahan_genomic-data-for-cancer__gene_expression.json,classification,Cancer Present,logistic,success,,,,,,600.0,2.0,,/home/joshua/Code/ai_projects/amalia/backend/data/uploads/datasets/classification/easy/brsahan_genomic-data-for-cancer/gene_expression.csv,/home/joshua/Code/ai_projects/amalia/data/batch_results/batch_20260421164615_4d958e70mistral_final/models/classification__easy__brsahan_genomic-data-for-cancer__gene_expression.pkl,4.0,"['1:load_csv', '1:validate_csv_structure', '1:detect_duplicates', '2:train_classification_model']",classification,0.8542,0.8667,-0.0125,2400.0,"['Gene One', 'Gene Two']",/home/joshua/Code/ai_projects/amalia/data/batch_results/batch_20260421164615_4d958e70mistral_final/models/classification__easy__brsahan_genomic-data-for-cancer__gene_expression.pkl,,,,,,,,2,Mistral,easy
classification__easy__fedesoriano_stellar-classification-dataset-sdss17__star_classification,classification__easy__fedesoriano_stellar-classification-dataset-sdss17__star_classification.json,classification,,,failed,get_column_info: Column 'None' not found,,,,,,,,,,,,,,,,,,,,,,,,,,2,Mistral,easy
classification__easy__himanshunakrani_naive-bayes-classification-data__Naive-Bayes-Classification-Data,classification__easy__himanshunakrani_naive-bayes-classification-data__Naive-Bayes-Classification-Data.json,classification,diabetes,naive_bayes,success,,,,,,199.0,2.0,,/home/joshua/Code/ai_projects/amalia/backend/data/uploads/datasets/classification/easy/himanshunakrani_naive-bayes-classification-data/Naive-Bayes-Classification-Data.csv,/home/joshua/Code/ai_projects/amalia/data/batch_results/batch_20260421164615_4d958e70mistral_final/models/classification__easy__himanshunakrani_naive-bayes-classification-data__Naive-Bayes-Classification-Data.pkl,3.0,"['1:load_csv', '2:remove_duplicates', '3:train_classification_model']",classification,0.9347,0.9296,0.005,796.0,"['glucose', 'bloodpressure']",/home/joshua/Code/ai_projects/amalia/data/batch_results/batch_20260421164615_4d958e70mistral_final/models/classification__easy__himanshunakrani_naive-bayes-classification-data__Naive-Bayes-Classification-Data.pkl,,,,,,,,2,Mistral,easy
classification__easy__mahmoudshaheen1134_heart-disease-data__heart disease,classification__easy__mahmoudshaheen1134_heart-disease-data__heart disease.json,classification,target,logistic,success,,0.8697895374497312,0.8531,0.9173,0.904596170861827,242.0,2.0,True,/home/joshua/Code/ai_projects/amalia/backend/data/uploads/heart disease_train.csv,/home/joshua/Code/ai_projects/amalia/backend/models/heart_disease_model.pkl,5.0,"['1:load_csv', '2:validate_csv_structure', '3:split_dataset', '4:train_classification_model', '5:evaluate_classification_model']",,,,,,,,,,,,,,,2,Mistral,easy
classification__easy__priyanshusethi_happiness-classification-dataset__happydata,classification__easy__priyanshusethi_happiness-classification-dataset__happydata.json,classification,,,failed,get_column_info: Column 'None' not found,,,,,,,,,,,,,,,,,,,,,,,,,,2,Mistral,easy
classification__easy__ritwikb3_heart-disease-cleveland__Heart_disease_cleveland_new,classification__easy__ritwikb3_heart-disease-cleveland__Heart_disease_cleveland_new.json,classification,,,success,,,,,,,,,/home/joshua/Code/ai_projects/amalia/backend/data/uploads/datasets/classification/easy/ritwikb3_heart-disease-cleveland/Heart_disease_cleveland_new.csv,,0.0,[],,,,,,,,,,,,,,,2,Mistral,easy
classification__easy__ritwikb3_heart-disease-statlog__Heart_disease_statlog,classification__easy__ritwikb3_heart-disease-statlog__Heart_disease_statlog.json,classification,target,logistic,success,,0.8659312469970412,0.8661,0.8083,0.8256232009921877,270.0,2.0,True,/home/joshua/Code/ai_projects/amalia/backend/data/uploads/datasets/classification/easy/ritwikb3_heart-disease-statlog/Heart_disease_statlog.csv,/home/joshua/Code/ai_projects/amalia/data/batch_results/batch_20260421164615_4d958e70mistral_final/models/classification__easy__ritwikb3_heart-disease-statlog__Heart_disease_statlog.pkl,3.0,"['1:load_csv', '2:train_classification_model', '3:evaluate_classification_model']",,,,,,,,,,,,,,,2,Mistral,easy
classification__easy__robikscube_eye-state-classification-eeg-dataset__EEG_Eye_State_Classification,classification__easy__robikscube_eye-state-classification-eeg-dataset__EEG_Eye_State_Classification.json,classification,eyeDetection,logistic,success,,0.6783436339866501,0.6417,0.4651,0.5386416649091151,14980.0,2.0,True,/home/joshua/Code/ai_projects/amalia/backend/data/uploads/datasets/classification/easy/robikscube_eye-state-classification-eeg-dataset/EEG_Eye_State_Classification.csv,/home/joshua/Code/ai_projects/amalia/data/batch_results/batch_20260421164615_4d958e70mistral_final/models/classification__easy__robikscube_eye-state-classification-eeg-dataset__EEG_Eye_State_Classification.pkl,3.0,"['1:load_csv', '2:train_classification_model', '3:evaluate_classification_model']",,,,,,,,,,,,,,,2,Mistral,easy
classification__easy__uciml_glass__glass,classification__easy__uciml_glass__glass.json,classification,Type,logistic,success,,0.6803962726391508,0.6124,0.6542,0.6068004014192594,214.0,6.0,False,/home/joshua/Code/ai_projects/amalia/backend/data/uploads/datasets/classification/easy/uciml_glass/glass.csv,/home/joshua/Code/ai_projects/amalia/data/batch_results/batch_20260421164615_4d958e70mistral_final/models/classification__easy__uciml_glass__glass.pkl,3.0,"['1:load_csv', '2:train_classification_model', '3:evaluate_classification_model']",,,,,,,,,,,,,,,2,Mistral,easy
classification__easy__yasserh_heart-disease-dataset__heart,classification__easy__yasserh_heart-disease-dataset__heart.json,classification,target,logistic,success,,0.795008007209197,0.8531,0.9152,0.8964847202743871,303.0,2.0,True,/home/joshua/Code/ai_projects/amalia/backend/data/uploads/datasets/classification/easy/yasserh_heart-disease-dataset/heart.csv,/home/joshua/Code/ai_projects/amalia/data/batch_results/batch_20260421164615_4d958e70mistral_final/models/classification__easy__yasserh_heart-disease-dataset__heart.pkl,3.0,"['1:load_csv', '2:train_classification_model', '3:evaluate_classification_model']",,,,,,,,,,,,,,,2,Mistral,easy
classification__easy__yasserh_wine-quality-dataset__WineQT,classification__easy__yasserh_wine-quality-dataset__WineQT.json,classification,,,failed,Workflow has no executable steps,,,,,,,,,,,,,,,,,,,,,,,,,,2,Mistral,easy
classification__hard__abhishek14398_loan-dataset__loan,classification__hard__abhishek14398_loan-dataset__loan.json,classification,total_il_high_credit_limit,naive_bayes,failed,Input y contains NaN.,,,,,,,,,,,,,,,,,,,,,,,,,,2,Mistral,hard
classification__hard__andrewmvd_cyberbullying-classification__cyberbullying_tweets,classification__hard__andrewmvd_cyberbullying-classification__cyberbullying_tweets.json,classification,cyberbullying_type,logistic,success,,0.9079967052668856,0.8949,0.8899,0.9188129879573628,47692.0,6.0,False,/home/joshua/Code/ai_projects/amalia/backend/data/uploads/datasets/classification/hard/andrewmvd_cyberbullying-classification/cyberbullying_tweets.csv,/home/joshua/Code/ai_projects/amalia/data/batch_results/batch_20260421164615_4d958e70mistral_final/models/classification__hard__andrewmvd_cyberbullying-classification__cyberbullying_tweets.pkl,3.0,"['1:load_csv', '2:train_classification_model', '3:evaluate_classification_model']",,,,,,,,,,,,,,,2,Mistral,hard
classification__hard__balaka18_email-spam-classification-dataset-csv__emails,classification__hard__balaka18_email-spam-classification-dataset-csv__emails.json,classification,target,svm,failed,,,0.9743,0.987,,5172.0,7.0,False,/home/joshua/Code/ai_projects/amalia/backend/data/uploads/datasets/classification/hard/balaka18_email-spam-classification-dataset-csv/emails.csv,/home/joshua/Code/ai_projects/amalia/data/batch_results/batch_20260421164615_4d958e70mistral_final/models/classification__hard__balaka18_email-spam-classification-dataset-csv__emails.pkl,3.0,"['1:load_csv', '2:train_classification_model', '3:evaluate_classification_model']",,,,,,,,,,,,,,,2,Mistral,hard
classification__hard__ddosad_ecommerce-customer-service-satisfaction__Customer_support_data,classification__hard__ddosad_ecommerce-customer-service-satisfaction__Customer_support_data.json,classification,CSAT Score,logistic,failed,"Input X contains NaN.
LogisticRegression does not accept missing values encoded as NaN natively. For supervised learning, you might want to consider sklearn.ensemble.HistGradientBoostingClassifier and Regressor which accept missing values encoded as NaNs natively. Alternatively, it is possible to preprocess the data, for instance by using an imputer transformer in a pipeline or drop samples with missing values. See https://scikit-learn.org/stable/modules/impute.html You can find a list of all estimators that handle NaN values at the following page: https://scikit-learn.org/stable/modules/impute.html#estimators-that-handle-nan-values",,,,,,,,,,,,,,,,,,,,,,,,,,2,Mistral,hard
classification__hard__hetulmehta_website-classification__website_classification,classification__hard__hetulmehta_website-classification__website_classification.json,classification,Category,logistic,success,,0.5796371317373905,0.6073,0.5682,0.5273244721640489,1408.0,16.0,False,/home/joshua/Code/ai_projects/amalia/backend/data/uploads/datasets/classification/hard/hetulmehta_website-classification/website_classification.csv,/home/joshua/Code/ai_projects/amalia/data/batch_results/batch_20260421164615_4d958e70mistral_final/models/classification__hard__hetulmehta_website-classification__website_classification.pkl,3.0,"['1:load_csv', '2:train_classification_model', '3:evaluate_classification_model']",,,,,,,,,,,,,,,2,Mistral,hard
classification__hard__jocelyndumlao_consumer-review-of-clothing-product__Consumer Review of Clothing Product__data_amazon.xlsx - Sheet1,classification__hard__jocelyndumlao_consumer-review-of-clothing-product__Consumer Review of Clothing Product__data_amazon.xlsx - Sheet1.json,classification,Durability,gradient_boosting,failed,"Input X contains NaN.
GradientBoostingClassifier does not accept missing values encoded as NaN natively. For supervised learning, you might want to consider sklearn.ensemble.HistGradientBoostingClassifier and Regressor which accept missing values encoded as NaNs natively. Alternatively, it is possible to preprocess the data, for instance by using an imputer transformer in a pipeline or drop samples with missing values. See https://scikit-learn.org/stable/modules/impute.html You can find a list of all estimators that handle NaN values at the following page: https://scikit-learn.org/stable/modules/impute.html#estimators-that-handle-nan-values",,,,,,,,,,,,,,,,,,,,,,,,,,2,Mistral,hard
classification__hard__pashupatigupta_emotion-detection-from-text__tweet_emotions,classification__hard__pashupatigupta_emotion-detection-from-text__tweet_emotions.json,classification,,,failed,"random_state must be an integer, array-like, a BitGenerator, Generator, a numpy RandomState, or None",,,,,,,,,,,,,,,,,,,,,,,,,,2,Mistral,hard
classification__hard__prox37_twitter-multilabel-classification-dataset__mLabel_tweets,classification__hard__prox37_twitter-multilabel-classification-dataset__mLabel_tweets.json,classification,labels,logistic,success,,,,,,1985.0,288.0,,/home/joshua/Code/ai_projects/amalia/backend/data/uploads/datasets/classification/hard/prox37_twitter-multilabel-classification-dataset/mLabel_tweets.csv,/home/joshua/Code/ai_projects/amalia/data/batch_results/batch_20260421164615_4d958e70mistral_final/models/classification__hard__prox37_twitter-multilabel-classification-dataset__mLabel_tweets.pkl,2.0,"['1:encode_categorical', '2:train_classification_model']",classification,0.2906,0.2907,-0.0001,7936.0,"['ID', 'tweet']",/home/joshua/Code/ai_projects/amalia/data/batch_results/batch_20260421164615_4d958e70mistral_final/models/classification__hard__prox37_twitter-multilabel-classification-dataset__mLabel_tweets.pkl,,,,,,,,2,Mistral,hard
classification__hard__saurabhshahane_ecommerce-text-classification__ecommerceDataset,classification__hard__saurabhshahane_ecommerce-text-classification__ecommerceDataset.json,classification,"Paper Plane Design Framed Wall Hanging Motivational Office Decor Art Prints (8.7 X 8.7 inch) - Set of 4 Painting made up in synthetic frame with uv textured print which gives multi effects and attracts towards it. This is an special series of paintings which makes your wall very beautiful and gives a royal touch. This painting is ready to hang, you would be proud to possess this unique painting that is a niche apart. We use only the most modern and efficient printing technology on our prints, with only the and inks and precision epson, roland and hp printers. This innovative hd printing technique results in durable and spectacular looking prints of the highest that last a lifetime. We print solely with top-notch 100% inks, to achieve brilliant and true colours. Due to their high level of uv resistance, our prints retain their beautiful colours for many years. Add colour and style to your living space with this digitally printed painting. Some are for pleasure and some for eternal bliss.so bring home this elegant print that is lushed with rich colors that makes it nothing but sheer elegance to be to your friends and family.it would be treasured forever by whoever your lucky recipient is. Liven up your place with these intriguing paintings that are high definition hd graphic digital prints for home, office or any room.",logistic,failed,Input contains NaN,,,,,,,,,,,,,,,,,,,,,,,,,,2,Mistral,hard
classification__hard__shivamb_spam-url-prediction__url_spam_classification,classification__hard__shivamb_spam-url-prediction__url_spam_classification.json,classification,is_spam,logistic,success,,0.7823626853207439,0.6732,0.7047,0.6697077505286961,148303.0,2.0,True,/home/joshua/Code/ai_projects/amalia/backend/data/uploads/datasets/classification/hard/shivamb_spam-url-prediction/url_spam_classification.csv,/home/joshua/Code/ai_projects/amalia/data/batch_results/batch_20260421164615_4d958e70mistral_final/models/classification__hard__shivamb_spam-url-prediction__url_spam_classification.pkl,3.0,"['1:load_csv', '2:train_classification_model', '3:evaluate_classification_model']",,,,,,,,,,,,,,,2,Mistral,hard
classification__mid__andrewmvd_cyberbullying-classification__cyberbullying_tweets,classification__mid__andrewmvd_cyberbullying-classification__cyberbullying_tweets.json,classification,cyberbullying_type,logistic,success,,0.8556636040392664,0.8949,0.8899,0.8516243328380253,47692.0,6.0,False,/home/joshua/Code/ai_projects/amalia/backend/data/uploads/datasets/classification/mid/andrewmvd_cyberbullying-classification/cyberbullying_tweets.csv,/home/joshua/Code/ai_projects/amalia/data/batch_results/batch_20260421164615_4d958e70mistral_final/models/classification__mid__andrewmvd_cyberbullying-classification__cyberbullying_tweets.pkl,4.0,"['1:load_csv', '2:get_basic_stats', '3:train_classification_model', '4:evaluate_classification_model']",,,,,,,,,,,,,,,2,Mistral,medium
classification__mid__christianlillelund_csgo-round-winner-classification__csgo_round_snapshots,classification__mid__christianlillelund_csgo-round-winner-classification__csgo_round_snapshots.json,classification,round_winner,decision_tree,failed,"pos_label=1 is not a valid label. It should be one of ['CT', 'T']",,,,,,,,,,,,,,,,,,,,,,,,,,2,Mistral,medium
classification__mid__fedesoriano_heart-failure-prediction__heart,classification__mid__fedesoriano_heart-failure-prediction__heart.json,classification,HeartDisease,logistic,success,,0.8409910761271672,0.8672,0.874,0.8823280444837025,918.0,2.0,True,/home/joshua/Code/ai_projects/amalia/backend/data/uploads/datasets/classification/mid/fedesoriano_heart-failure-prediction/heart.csv,/home/joshua/Code/ai_projects/amalia/data/batch_results/batch_20260421164615_4d958e70mistral_final/models/classification__mid__fedesoriano_heart-failure-prediction__heart.pkl,3.0,"['1:load_csv', '2:train_classification_model', '3:evaluate_classification_model']",,,,,,,,,,,,,,,2,Mistral,medium
classification__mid__fedesoriano_stellar-classification-dataset-sdss17__star_classification,classification__mid__fedesoriano_stellar-classification-dataset-sdss17__star_classification.json,classification,,,failed,"random_state must be an integer, array-like, a BitGenerator, Generator, a numpy RandomState, or None",,,,,,,,,,,,,,,,,,,,,,,,,,2,Mistral,medium
classification__mid__nimapourmoradi_dry-bean-dataset-classification__Dry_Bean_Dataset,classification__mid__nimapourmoradi_dry-bean-dataset-classification__Dry_Bean_Dataset.json,classification,Class,logistic,success,,,,,,2723.0,7.0,,/home/joshua/Code/ai_projects/amalia/backend/data/uploads/datasets/classification/mid/nimapourmoradi_dry-bean-dataset-classification/Dry_Bean_Dataset.csv,/home/joshua/Code/ai_projects/amalia/data/batch_results/batch_20260421164615_4d958e70mistral_final/models/classification__mid__nimapourmoradi_dry-bean-dataset-classification__Dry_Bean_Dataset.pkl,3.0,"['1:load_csv', '2:get_basic_stats', '3:train_classification_model']",classification,0.8803,0.8707,0.0096,10888.0,"['Area', 'Perimeter', 'MajorAxisLength', 'MinorAxisLength', 'AspectRation', 'Eccentricity', 'ConvexArea', 'EquivDiameter', 'Extent', 'Solidity', 'roundness', 'Compactness', 'ShapeFactor1', 'ShapeFactor2', 'ShapeFactor3', 'ShapeFactor4']",/home/joshua/Code/ai_projects/amalia/data/batch_results/batch_20260421164615_4d958e70mistral_final/models/classification__mid__nimapourmoradi_dry-bean-dataset-classification__Dry_Bean_Dataset.pkl,,,,,,,,2,Mistral,medium
classification__mid__tanishqdublish_text-classification-documentation__df_file,classification__mid__tanishqdublish_text-classification-documentation__df_file.json,classification,Label,logistic,success,,0.9674870671539968,0.9996,0.9996,1.0,2225.0,5.0,False,/home/joshua/Code/ai_projects/amalia/backend/data/uploads/datasets/classification/mid/tanishqdublish_text-classification-documentation/df_file.csv,/home/joshua/Code/ai_projects/amalia/data/batch_results/batch_20260421164615_4d958e70mistral_final/models/classification__mid__tanishqdublish_text-classification-documentation__df_file.pkl,3.0,"['1:load_csv', '2:train_classification_model', '3:evaluate_classification_model']",,,,,,,,,,,,,,,2,Mistral,medium
classification__mid__uciml_iris__Iris,classification__mid__uciml_iris__Iris.json,classification,Species,logistic,success,,,,,,30.0,3.0,,/home/joshua/Code/ai_projects/amalia/backend/data/uploads/datasets/classification/mid/uciml_iris/Iris.csv,/home/joshua/Code/ai_projects/amalia/data/batch_results/batch_20260421164615_4d958e70mistral_final/models/classification__mid__uciml_iris__Iris.pkl,2.0,"['1:encode_categorical', '2:train_classification_model']",classification,1.0,1.0,0.0,120.0,"['Id', 'SepalLengthCm', 'SepalWidthCm', 'PetalLengthCm', 'PetalWidthCm']",/home/joshua/Code/ai_projects/amalia/data/batch_results/batch_20260421164615_4d958e70mistral_final/models/classification__mid__uciml_iris__Iris.pkl,,,,,,,,2,Mistral,medium
classification__mid__uciml_pima-indians-diabetes-database__diabetes,classification__mid__uciml_pima-indians-diabetes-database__diabetes.json,classification,Outcome,logistic,success,,0.7286586276034818,0.6947,0.5858,0.6587633065669009,768.0,2.0,True,/home/joshua/Code/ai_projects/amalia/backend/data/uploads/datasets/classification/mid/uciml_pima-indians-diabetes-database/diabetes.csv,/home/joshua/Code/ai_projects/amalia/data/batch_results/batch_20260421164615_4d958e70mistral_final/models/classification__mid__uciml_pima-indians-diabetes-database__diabetes.pkl,3.0,"['1:load_csv', '2:train_classification_model', '3:evaluate_classification_model']",,,,,,,,,,,,,,,2,Mistral,medium
classification__mid__xhlulu_cpc-codes__titles,classification__mid__xhlulu_cpc-codes__titles.json,classification,class,logistic,failed,"Input X contains NaN.
LogisticRegression does not accept missing values encoded as NaN natively. For supervised learning, you might want to consider sklearn.ensemble.HistGradientBoostingClassifier and Regressor which accept missing values encoded as NaNs natively. Alternatively, it is possible to preprocess the data, for instance by using an imputer transformer in a pipeline or drop samples with missing values. See https://scikit-learn.org/stable/modules/impute.html You can find a list of all estimators that handle NaN values at the following page: https://scikit-learn.org/stable/modules/impute.html#estimators-that-handle-nan-values",,,,,,,,,,,,,,,,,,,,,,,,,,2,Mistral,medium
classification__mid__yasserh_titanic-dataset__Titanic-Dataset,classification__mid__yasserh_titanic-dataset__Titanic-Dataset.json,classification,Survived,logistic,failed,"Input X contains NaN.
LogisticRegression does not accept missing values encoded as NaN natively. For supervised learning, you might want to consider sklearn.ensemble.HistGradientBoostingClassifier and Regressor which accept missing values encoded as NaNs natively. Alternatively, it is possible to preprocess the data, for instance by using an imputer transformer in a pipeline or drop samples with missing values. See https://scikit-learn.org/stable/modules/impute.html You can find a list of all estimators that handle NaN values at the following page: https://scikit-learn.org/stable/modules/impute.html#estimators-that-handle-nan-values",,,,,,,,,,,,,,,,,,,,,,,,,,2,Mistral,medium
regression__easy__ganjerlawrence_mobile-phone-price-prediction-cleaned-dataset__Mobile-Price-Prediction-cleaned_data,regression__easy__ganjerlawrence_mobile-phone-price-prediction-cleaned-dataset__Mobile-Price-Prediction-cleaned_data.json,regression,Price,linear,success,,,,,,94.0,,,/home/joshua/Code/ai_projects/amalia/backend/data/uploads/datasets/regression/easy/ganjerlawrence_mobile-phone-price-prediction-cleaned-dataset/Mobile-Price-Prediction-cleaned_data.csv,/home/joshua/Code/ai_projects/amalia/data/batch_results/batch_20260421164615_4d958e70mistral_final/models/regression__easy__ganjerlawrence_mobile-phone-price-prediction-cleaned-dataset__Mobile-Price-Prediction-cleaned_data.pkl,1.0,['1:train_regression_model'],regression,,,0.1973,372.0,"['Ratings', 'RAM', 'ROM', 'Mobile_Size', 'Primary_Cam', 'Selfi_Cam', 'Battery_Power']",/home/joshua/Code/ai_projects/amalia/data/batch_results/batch_20260421164615_4d958e70mistral_final/models/regression__easy__ganjerlawrence_mobile-phone-price-prediction-cleaned-dataset__Mobile-Price-Prediction-cleaned_data.pkl,0.4831,0.2858,17094.0315,8626.7143,292205913.1856,,,2,Mistral,easy
regression__easy__govindaramsriram_crop-yield-of-a-farm__crop_yield_data,regression__easy__govindaramsriram_crop-yield-of-a-farm__crop_yield_data.json,regression,crop_yield,linear,success,,,,,,3000.0,,,/home/joshua/Code/ai_projects/amalia/backend/data/uploads/datasets/regression/easy/govindaramsriram_crop-yield-of-a-farm/crop_yield_data.csv,/home/joshua/Code/ai_projects/amalia/data/batch_results/batch_20260421164615_4d958e70mistral_final/models/regression__easy__govindaramsriram_crop-yield-of-a-farm__crop_yield_data.pkl,3.0,"['1:load_csv', '2:train_regression_model', '3:evaluate_regression_model']",,,,,,,,,,0.2915,0.2518,0.085,0.9938350709510636,0.1015,2,Mistral,easy
regression__easy__nalisha_numerical-feature-based-target-prediction-using-ml__practice_dataset,regression__easy__nalisha_numerical-feature-based-target-prediction-using-ml__practice_dataset.json,regression,target,linear,success,,,,,,10000.0,,,/home/joshua/Code/ai_projects/amalia/backend/data/uploads/datasets/regression/easy/nalisha_numerical-feature-based-target-prediction-using-ml/practice_dataset.csv,/home/joshua/Code/ai_projects/amalia/data/batch_results/batch_20260421164615_4d958e70mistral_final/models/regression__easy__nalisha_numerical-feature-based-target-prediction-using-ml__practice_dataset.pkl,3.0,"['1:load_csv', '2:train_regression_model', '3:evaluate_regression_model']",,,,,,,,,,50.0381,41.4775,2503.812,0.5358335956200292,260.3718,2,Mistral,easy
regression__easy__quantbruce_real-estate-price-prediction__Real estate,regression__easy__quantbruce_real-estate-price-prediction__Real estate.json,regression,Y house price of unit area,linear,success,,,,,,83.0,,,/home/joshua/Code/ai_projects/amalia/backend/data/uploads/datasets/regression/easy/quantbruce_real-estate-price-prediction/Real estate.csv,/home/joshua/Code/ai_projects/amalia/backend/models/regression_model.pkl,2.0,"['1:load_csv', '2:train_regression_model']",regression,,,-0.1165,331.0,"['No', 'X1 transaction date', 'X2 house age', 'X3 distance to the nearest MRT station', 'X4 number of convenience stores', 'X5 latitude', 'X6 longitude']",/home/joshua/Code/ai_projects/amalia/backend/models/regression_model.pkl,0.5593,0.6758,7.5969,5.4899,57.7124,,,2,Mistral,easy
regression__easy__ranitsarkar01_porter-delivery-time-estimation__dataset,regression__easy__ranitsarkar01_porter-delivery-time-estimation__dataset.json,regression,total_outstanding_orders,linear,failed,"Input X contains NaN.
LinearRegression does not accept missing values encoded as NaN natively. For supervised learning, you might want to consider sklearn.ensemble.HistGradientBoostingClassifier and Regressor which accept missing values encoded as NaNs natively. Alternatively, it is possible to preprocess the data, for instance by using an imputer transformer in a pipeline or drop samples with missing values. See https://scikit-learn.org/stable/modules/impute.html You can find a list of all estimators that handle NaN values at the following page: https://scikit-learn.org/stable/modules/impute.html#estimators-that-handle-nan-values",,,,,,,,,,,,,,,,,,,,,,,,,,2,Mistral,easy
regression__easy__sakshisatre_the-boston-housing-dataset__Boston (1),regression__easy__sakshisatre_the-boston-housing-dataset__Boston (1).json,regression,MEDV,linear,success,,,,,,506.0,,,/home/joshua/Code/ai_projects/amalia/backend/data/uploads/datasets/regression/easy/sakshisatre_the-boston-housing-dataset/Boston (1).csv,/home/joshua/Code/ai_projects/amalia/data/batch_results/batch_20260421164615_4d958e70mistral_final/models/regression__easy__sakshisatre_the-boston-housing-dataset__Boston (1).pkl,3.0,"['1:load_csv', '2:train_regression_model', '3:evaluate_regression_model']",,,,,,,,,,4.6947,3.2988,22.0407,0.8173100613996662,16.6655,2,Mistral,easy
regression__easy__thedevastator_age-prediction-for-individuals-using-multi-omic__test_rows,regression__easy__thedevastator_age-prediction-for-individuals-using-multi-omic__test_rows.json,regression,KLF14_2,linear,success,,,,,,104.0,,,/home/joshua/Code/ai_projects/amalia/backend/data/uploads/datasets/regression/easy/thedevastator_age-prediction-for-individuals-using-multi-omic/test_rows.csv,/home/joshua/Code/ai_projects/amalia/data/batch_results/batch_20260421164615_4d958e70mistral_final/models/regression__easy__thedevastator_age-prediction-for-individuals-using-multi-omic__test_rows.pkl,3.0,"['1:load_csv', '2:train_regression_model', '3:evaluate_regression_model']",,,,,,,,,,1.3975,1.0866,1.953,0.5214826013997161,52.356,2,Mistral,easy
regression__easy__zubairdhuddi_linear-regression__test,regression__easy__zubairdhuddi_linear-regression__test.json,regression,y,linear,success,,,,,,60.0,,,/home/joshua/Code/ai_projects/amalia/backend/data/uploads/datasets/regression/easy/zubairdhuddi_linear-regression/test.csv,/home/joshua/Code/ai_projects/amalia/backend/models/linear_regression_test_model.pkl,1.0,['1:train_regression_model'],regression,,,-0.0019,240.0,['x'],/home/joshua/Code/ai_projects/amalia/backend/models/linear_regression_test_model.pkl,0.9887,0.9906,2.8216,2.1583,7.9614,,,2,Mistral,easy
regression__hard__anujsaha0123456789_house-prices-cleaned-dataset-for-regression-ml__house_prices_cleaned,regression__hard__anujsaha0123456789_house-prices-cleaned-dataset-for-regression-ml__house_prices_cleaned.json,regression,SalePrice,svr,success,,,,,,1460.0,,,/home/joshua/Code/ai_projects/amalia/backend/data/uploads/datasets/regression/hard/anujsaha0123456789_house-prices-cleaned-dataset-for-regression-ml/house_prices_cleaned.csv,/home/joshua/Code/ai_projects/amalia/data/batch_results/batch_20260421164615_4d958e70mistral_final/models/regression__hard__anujsaha0123456789_house-prices-cleaned-dataset-for-regression-ml__house_prices_cleaned.pkl,3.0,"['1:load_csv', '2:train_regression_model', '3:evaluate_regression_model']",,,,,,,,,,80981.1703,55540.0192,6557949939.5246,-0.0580837467941045,32.1043,2,Mistral,hard
regression__hard__bharatsahu_house-price-prediction-dataset-insurancehub-usa__House_price_multifeatures,regression__hard__bharatsahu_house-price-prediction-dataset-insurancehub-usa__House_price_multifeatures.json,classification,TTTerritory,decision_tree,failed,Input contains NaN,,,,,,,,,,,,,,,,,,,,,,,,,,2,Mistral,hard
regression__hard__bjaton_housepricesadvancedregressiontechniquestrain__train,regression__hard__bjaton_housepricesadvancedregressiontechniquestrain__train.json,regression,SalePrice,ridge,failed,"Input X contains NaN.
Ridge does not accept missing values encoded as NaN natively. For supervised learning, you might want to consider sklearn.ensemble.HistGradientBoostingClassifier and Regressor which accept missing values encoded as NaNs natively. Alternatively, it is possible to preprocess the data, for instance by using an imputer transformer in a pipeline or drop samples with missing values. See https://scikit-learn.org/stable/modules/impute.html You can find a list of all estimators that handle NaN values at the following page: https://scikit-learn.org/stable/modules/impute.html#estimators-that-handle-nan-values",,,,,,,,,,,,,,,,,,,,,,,,,,2,Mistral,hard
regression__hard__bobnau_daily-website-visitors__daily-website-visitors,regression__hard__bobnau_daily-website-visitors__daily-website-visitors.json,regression,Returning.Visits,linear,failed,"could not convert string to float: '1,036'",,,,,,,,,,,,,,,,,,,,,,,,,,2,Mistral,hard
regression__hard__deepcontractor_car-price-prediction-challenge__car_price_prediction,regression__hard__deepcontractor_car-price-prediction-challenge__car_price_prediction.json,regression,Price,random_forest,success,,,,,,19237.0,,,/home/joshua/Code/ai_projects/amalia/backend/data/uploads/datasets/regression/hard/deepcontractor_car-price-prediction-challenge/car_price_prediction_preprocessed.csv,/home/joshua/Code/ai_projects/amalia/backend/models/car_price_prediction_model.pkl,4.0,"['1:handle_missing_values', '1:encode_categorical', '2:train_regression_model', '3:evaluate_regression_model']",,,,,,,,,,85477.0567,3065.5139,7306327215.1562,0.7877881853164286,628.093,2,Mistral,hard
regression__hard__kanchana1990_colorado-real-estate-market-2026__colorado_real_estate_2026,regression__hard__kanchana1990_colorado-real-estate-market-2026__colorado_real_estate_2026.json,regression,garage,linear,failed,"Input X contains NaN.
LinearRegression does not accept missing values encoded as NaN natively. For supervised learning, you might want to consider sklearn.ensemble.HistGradientBoostingClassifier and Regressor which accept missing values encoded as NaNs natively. Alternatively, it is possible to preprocess the data, for instance by using an imputer transformer in a pipeline or drop samples with missing values. See https://scikit-learn.org/stable/modules/impute.html You can find a list of all estimators that handle NaN values at the following page: https://scikit-learn.org/stable/modules/impute.html#estimators-that-handle-nan-values",,,,,,,,,,,,,,,,,,,,,,,,,,2,Mistral,hard
regression__hard__milanvaddoriya_old-car-price-prediction__car_price,regression__hard__milanvaddoriya_old-car-price-prediction__car_price.json,regression,,,failed,get_column_info: Column 'None' not found,,,,,,,,,,,,,,,,,,,,,,,,,,2,Mistral,hard
regression__hard__spittman1248_cdc-data-nutrition-physical-activity-obesity__Nutrition__Physical_Activity__and_Obesity_-_Behavioral_Risk_Factor_Surveillance_System,regression__hard__spittman1248_cdc-data-nutrition-physical-activity-obesity__Nutrition__Physical_Activity__and_Obesity_-_Behavioral_Risk_Factor_Surveillance_System.json,classification,Class,naive_bayes,failed,"Input X contains NaN.
GaussianNB does not accept missing values encoded as NaN natively. For supervised learning, you might want to consider sklearn.ensemble.HistGradientBoostingClassifier and Regressor which accept missing values encoded as NaNs natively. Alternatively, it is possible to preprocess the data, for instance by using an imputer transformer in a pipeline or drop samples with missing values. See https://scikit-learn.org/stable/modules/impute.html You can find a list of all estimators that handle NaN values at the following page: https://scikit-learn.org/stable/modules/impute.html#estimators-that-handle-nan-values",,,,,,,,,,,,,,,,,,,,,,,,,,2,Mistral,hard
regression__hard__taweilo_mba-admission-dataset__MBA,regression__hard__taweilo_mba-admission-dataset__MBA.json,regression,gpa,linear,success,,,,,,692.0,,,/home/joshua/Code/ai_projects/amalia/backend/data/uploads/datasets/regression/hard/taweilo_mba-admission-dataset/MBA_processed.csv,/home/joshua/Code/ai_projects/amalia/backend/models/regression_linear_MBA.joblib,3.0,"['1:handle_missing_values', '2:train_regression_model', '3:evaluate_regression_model']",,,,,,,,,,0.1038,0.0833,0.0108,0.2669903869414367,2.4765,2,Mistral,hard
regression__hard__valakhorasani_tehran-house-prices-dataset__TehranHouse,regression__hard__valakhorasani_tehran-house-prices-dataset__TehranHouse.json,regression,Price(USD),linear,success,,,,,,3479.0,,,/home/joshua/Code/ai_projects/amalia/backend/data/uploads/datasets/regression/hard/valakhorasani_tehran-house-prices-dataset/TehranHouse.csv,/home/joshua/Code/ai_projects/amalia/data/batch_results/batch_20260421164615_4d958e70mistral_final/models/regression__hard__valakhorasani_tehran-house-prices-dataset__TehranHouse.pkl,3.0,"['1:load_csv', '2:train_regression_model', '3:evaluate_regression_model']",,,,,,,,,,0.0026,0.0021,0.0,0.9785819081864714,0.0,2,Mistral,hard
regression__mid__CooperUnion_cardataset__data,regression__mid__CooperUnion_cardataset__data.json,regression,MSRP,linear,failed,"Input X contains NaN.
LinearRegression does not accept missing values encoded as NaN natively. For supervised learning, you might want to consider sklearn.ensemble.HistGradientBoostingClassifier and Regressor which accept missing values encoded as NaNs natively. Alternatively, it is possible to preprocess the data, for instance by using an imputer transformer in a pipeline or drop samples with missing values. See https://scikit-learn.org/stable/modules/impute.html You can find a list of all estimators that handle NaN values at the following page: https://scikit-learn.org/stable/modules/impute.html#estimators-that-handle-nan-values",,,,,,,,,,,,,,,,,,,,,,,,,,2,Mistral,medium
regression__mid__alamshihab075_health-and-lifestyle-data-for-diabetes-prediction__Diabetes_and_LifeStyle_Dataset ,regression__mid__alamshihab075_health-and-lifestyle-data-for-diabetes-prediction__Diabetes_and_LifeStyle_Dataset .json,regression,diagnosed_diabetes,ridge,success,,,,,,97297.0,,,/home/joshua/Code/ai_projects/amalia/backend/data/uploads/datasets/regression/mid/alamshihab075_health-and-lifestyle-data-for-diabetes-prediction/Diabetes_and_LifeStyle_Dataset .csv,/home/joshua/Code/ai_projects/amalia/data/batch_results/batch_20260421164615_4d958e70mistral_final/models/regression__mid__alamshihab075_health-and-lifestyle-data-for-diabetes-prediction__Diabetes_and_LifeStyle_Dataset .pkl,3.0,"['1:load_csv', '2:train_regression_model', '3:evaluate_regression_model']",,,,,,,,,,0.1363,0.0805,0.0186,0.8858317763572258,,2,Mistral,medium
regression__mid__camnugent_california-housing-prices__housing,regression__mid__camnugent_california-housing-prices__housing.json,regression,median_house_value,linear,failed,"Input X contains NaN.
LinearRegression does not accept missing values encoded as NaN natively. For supervised learning, you might want to consider sklearn.ensemble.HistGradientBoostingClassifier and Regressor which accept missing values encoded as NaNs natively. Alternatively, it is possible to preprocess the data, for instance by using an imputer transformer in a pipeline or drop samples with missing values. See https://scikit-learn.org/stable/modules/impute.html You can find a list of all estimators that handle NaN values at the following page: https://scikit-learn.org/stable/modules/impute.html#estimators-that-handle-nan-values",,,,,,,,,,,,,,,,,,,,,,,,,,2,Mistral,medium
regression__mid__harlfoxem_housesalesprediction__kc_house_data,regression__mid__harlfoxem_housesalesprediction__kc_house_data.json,regression,,,failed,can't multiply sequence by non-int of type 'numpy.float64',,,,,,,,,,,,,,,,,,,,,,,,,,2,Mistral,medium
regression__mid__hrokrin_the-largest-diamond-dataset-currely-on-kaggle__diamonds,regression__mid__hrokrin_the-largest-diamond-dataset-currely-on-kaggle__diamonds.json,classification,total_sales_price,naive_bayes,success,,0.5514943616769634,0.6016,0.5443,0.5201965832976402,219703.0,22202.0,False,/home/joshua/Code/ai_projects/amalia/backend/data/uploads/datasets/regression/mid/hrokrin_the-largest-diamond-dataset-currely-on-kaggle/diamonds.csv,/home/joshua/Code/ai_projects/amalia/data/batch_results/batch_20260421164615_4d958e70mistral_final/models/regression__mid__hrokrin_the-largest-diamond-dataset-currely-on-kaggle__diamonds.pkl,3.0,"['1:load_csv', '2:train_classification_model', '3:evaluate_classification_model']",,,,,,,,,,,,,,,2,Mistral,medium
regression__mid__lorenzozoppelletto_financial-risk-for-loan-approval__Loan,regression__mid__lorenzozoppelletto_financial-risk-for-loan-approval__Loan.json,regression,RiskScore,ridge,success,,,,,,20000.0,,,/home/joshua/Code/ai_projects/amalia/backend/data/uploads/datasets/regression/mid/lorenzozoppelletto_financial-risk-for-loan-approval/Loan.csv,/home/joshua/Code/ai_projects/amalia/data/batch_results/batch_20260421164615_4d958e70mistral_final/models/regression__mid__lorenzozoppelletto_financial-risk-for-loan-approval__Loan.pkl,3.0,"['1:load_csv', '2:train_regression_model', '3:evaluate_regression_model']",,,,,,,,,,1.9492,1.5056,3.7993,0.9436204986599428,3.0474,2,Mistral,medium
regression__mid__mirichoi0218_insurance__insurance,regression__mid__mirichoi0218_insurance__insurance.json,regression,charges,gradient_boosting,success,,,,,,1338.0,,,/home/joshua/Code/ai_projects/amalia/backend/data/uploads/datasets/regression/mid/mirichoi0218_insurance/insurance.csv,/home/joshua/Code/ai_projects/amalia/backend/models/regression_model.pkl,4.0,"['1:load_csv', '1:infer_data_types', '2:train_regression_model', '3:evaluate_regression_model']",,,,,,,,,,3850.9558,2162.0931,14829860.2228,0.8346811810879026,26.6765,2,Mistral,medium
regression__mid__ranitsarkar01_porter-delivery-time-estimation__dataset,regression__mid__ranitsarkar01_porter-delivery-time-estimation__dataset.json,regression,,,failed,filter_rows: Unknown condition: notnull,,,,,,,,,,,,,,,,,,,,,,,,,,2,Mistral,medium
regression__mid__rupals_gpu-runtime__sgemm_product,regression__mid__rupals_gpu-runtime__sgemm_product.json,regression,,,failed,get_column_info: Column 'None' not found,,,,,,,,,,,,,,,,,,,,,,,,,,2,Mistral,medium
regression__mid__yasserh_uber-fares-dataset__uber,regression__mid__yasserh_uber-fares-dataset__uber.json,regression,,,failed,get_column_info: Column 'None' not found,,,,,,,,,,,,,,,,,,,,,,,,,,2,Mistral,medium
classification__easy__abhishek14398_heart-disease-classification__heart,classification__easy__abhishek14398_heart-disease-classification__heart.json,classification,target,logistic,success,,0.8746396958234217,0.8531,0.9152,0.8464142181624973,303.0,2.0,True,/home/joshua/Code/ai_projects/amalia/backend/data/uploads/datasets/classification/easy/abhishek14398_heart-disease-classification/heart.csv,/home/joshua/Code/ai_projects/amalia/data/batch_results/batch_20260421164615_4d958e70mistral_final/models/classification__easy__abhishek14398_heart-disease-classification__heart.pkl,3.0,"['1:load_csv', '2:train_classification_model', '3:evaluate_classification_model']",,,,,,,,,,,,,,,3,Mistral,easy
classification__easy__brsahan_genomic-data-for-cancer__gene_expression,classification__easy__brsahan_genomic-data-for-cancer__gene_expression.json,classification,Cancer Present,logistic,success,,,,,,600.0,2.0,,/home/joshua/Code/ai_projects/amalia/backend/data/uploads/datasets/classification/easy/brsahan_genomic-data-for-cancer/gene_expression.csv,/home/joshua/Code/ai_projects/amalia/data/batch_results/batch_20260421164615_4d958e70mistral_final/models/classification__easy__brsahan_genomic-data-for-cancer__gene_expression.pkl,4.0,"['1:load_csv', '1:validate_csv_structure', '1:detect_duplicates', '2:train_classification_model']",classification,0.8542,0.8667,-0.0125,2400.0,"['Gene One', 'Gene Two']",/home/joshua/Code/ai_projects/amalia/data/batch_results/batch_20260421164615_4d958e70mistral_final/models/classification__easy__brsahan_genomic-data-for-cancer__gene_expression.pkl,,,,,,,,3,Mistral,easy
classification__easy__fedesoriano_stellar-classification-dataset-sdss17__star_classification,classification__easy__fedesoriano_stellar-classification-dataset-sdss17__star_classification.json,classification,,,failed,get_column_info: Column 'None' not found,,,,,,,,,,,,,,,,,,,,,,,,,,3,Mistral,easy
classification__easy__himanshunakrani_naive-bayes-classification-data__Naive-Bayes-Classification-Data,classification__easy__himanshunakrani_naive-bayes-classification-data__Naive-Bayes-Classification-Data.json,classification,diabetes,naive_bayes,success,,,,,,199.0,2.0,,/home/joshua/Code/ai_projects/amalia/backend/data/uploads/datasets/classification/easy/himanshunakrani_naive-bayes-classification-data/Naive-Bayes-Classification-Data.csv,/home/joshua/Code/ai_projects/amalia/data/batch_results/batch_20260421164615_4d958e70mistral_final/models/classification__easy__himanshunakrani_naive-bayes-classification-data__Naive-Bayes-Classification-Data.pkl,3.0,"['1:load_csv', '2:remove_duplicates', '3:train_classification_model']",classification,0.9347,0.9296,0.005,796.0,"['glucose', 'bloodpressure']",/home/joshua/Code/ai_projects/amalia/data/batch_results/batch_20260421164615_4d958e70mistral_final/models/classification__easy__himanshunakrani_naive-bayes-classification-data__Naive-Bayes-Classification-Data.pkl,,,,,,,,3,Mistral,easy
classification__easy__mahmoudshaheen1134_heart-disease-data__heart disease,classification__easy__mahmoudshaheen1134_heart-disease-data__heart disease.json,classification,target,logistic,success,,0.899028563118724,0.8531,0.9173,0.8945378029749632,242.0,2.0,True,/home/joshua/Code/ai_projects/amalia/backend/data/uploads/heart disease_train.csv,/home/joshua/Code/ai_projects/amalia/backend/models/heart_disease_model.pkl,5.0,"['1:load_csv', '2:validate_csv_structure', '3:split_dataset', '4:train_classification_model', '5:evaluate_classification_model']",,,,,,,,,,,,,,,3,Mistral,easy
classification__easy__priyanshusethi_happiness-classification-dataset__happydata,classification__easy__priyanshusethi_happiness-classification-dataset__happydata.json,classification,,,failed,get_column_info: Column 'None' not found,,,,,,,,,,,,,,,,,,,,,,,,,,3,Mistral,easy
classification__easy__ritwikb3_heart-disease-cleveland__Heart_disease_cleveland_new,classification__easy__ritwikb3_heart-disease-cleveland__Heart_disease_cleveland_new.json,classification,,,success,,,,,,,,,/home/joshua/Code/ai_projects/amalia/backend/data/uploads/datasets/classification/easy/ritwikb3_heart-disease-cleveland/Heart_disease_cleveland_new.csv,,0.0,[],,,,,,,,,,,,,,,3,Mistral,easy
classification__easy__ritwikb3_heart-disease-statlog__Heart_disease_statlog,classification__easy__ritwikb3_heart-disease-statlog__Heart_disease_statlog.json,classification,target,logistic,success,,0.8682783948734842,0.8661,0.8083,0.841085779851794,270.0,2.0,True,/home/joshua/Code/ai_projects/amalia/backend/data/uploads/datasets/classification/easy/ritwikb3_heart-disease-statlog/Heart_disease_statlog.csv,/home/joshua/Code/ai_projects/amalia/data/batch_results/batch_20260421164615_4d958e70mistral_final/models/classification__easy__ritwikb3_heart-disease-statlog__Heart_disease_statlog.pkl,3.0,"['1:load_csv', '2:train_classification_model', '3:evaluate_classification_model']",,,,,,,,,,,,,,,3,Mistral,easy
classification__easy__robikscube_eye-state-classification-eeg-dataset__EEG_Eye_State_Classification,classification__easy__robikscube_eye-state-classification-eeg-dataset__EEG_Eye_State_Classification.json,classification,eyeDetection,logistic,success,,0.6009338488140668,0.6417,0.4651,0.556970935076149,14980.0,2.0,True,/home/joshua/Code/ai_projects/amalia/backend/data/uploads/datasets/classification/easy/robikscube_eye-state-classification-eeg-dataset/EEG_Eye_State_Classification.csv,/home/joshua/Code/ai_projects/amalia/data/batch_results/batch_20260421164615_4d958e70mistral_final/models/classification__easy__robikscube_eye-state-classification-eeg-dataset__EEG_Eye_State_Classification.pkl,3.0,"['1:load_csv', '2:train_classification_model', '3:evaluate_classification_model']",,,,,,,,,,,,,,,3,Mistral,easy
classification__easy__uciml_glass__glass,classification__easy__uciml_glass__glass.json,classification,Type,logistic,failed,,,0.6124,0.6542,,214.0,6.0,False,/home/joshua/Code/ai_projects/amalia/backend/data/uploads/datasets/classification/easy/uciml_glass/glass.csv,/home/joshua/Code/ai_projects/amalia/data/batch_results/batch_20260421164615_4d958e70mistral_final/models/classification__easy__uciml_glass__glass.pkl,3.0,"['1:load_csv', '2:train_classification_model', '3:evaluate_classification_model']",,,,,,,,,,,,,,,3,Mistral,easy
classification__easy__yasserh_heart-disease-dataset__heart,classification__easy__yasserh_heart-disease-dataset__heart.json,classification,target,logistic,success,,0.8425659787497783,0.8531,0.9152,0.9089305100818318,303.0,2.0,True,/home/joshua/Code/ai_projects/amalia/backend/data/uploads/datasets/classification/easy/yasserh_heart-disease-dataset/heart.csv,/home/joshua/Code/ai_projects/amalia/data/batch_results/batch_20260421164615_4d958e70mistral_final/models/classification__easy__yasserh_heart-disease-dataset__heart.pkl,3.0,"['1:load_csv', '2:train_classification_model', '3:evaluate_classification_model']",,,,,,,,,,,,,,,3,Mistral,easy
classification__easy__yasserh_wine-quality-dataset__WineQT,classification__easy__yasserh_wine-quality-dataset__WineQT.json,classification,,,failed,Workflow has no executable steps,,,,,,,,,,,,,,,,,,,,,,,,,,3,Mistral,easy
classification__hard__abhishek14398_loan-dataset__loan,classification__hard__abhishek14398_loan-dataset__loan.json,classification,total_il_high_credit_limit,naive_bayes,failed,Input y contains NaN.,,,,,,,,,,,,,,,,,,,,,,,,,,3,Mistral,hard
classification__hard__andrewmvd_cyberbullying-classification__cyberbullying_tweets,classification__hard__andrewmvd_cyberbullying-classification__cyberbullying_tweets.json,classification,cyberbullying_type,logistic,success,,0.8893203659042029,0.8949,0.8899,0.8873437463751136,47692.0,6.0,False,/home/joshua/Code/ai_projects/amalia/backend/data/uploads/datasets/classification/hard/andrewmvd_cyberbullying-classification/cyberbullying_tweets.csv,/home/joshua/Code/ai_projects/amalia/data/batch_results/batch_20260421164615_4d958e70mistral_final/models/classification__hard__andrewmvd_cyberbullying-classification__cyberbullying_tweets.pkl,3.0,"['1:load_csv', '2:train_classification_model', '3:evaluate_classification_model']",,,,,,,,,,,,,,,3,Mistral,hard
classification__hard__balaka18_email-spam-classification-dataset-csv__emails,classification__hard__balaka18_email-spam-classification-dataset-csv__emails.json,classification,target,svm,success,,0.9659031318459872,0.9743,0.987,0.9697709286254002,5172.0,7.0,False,/home/joshua/Code/ai_projects/amalia/backend/data/uploads/datasets/classification/hard/balaka18_email-spam-classification-dataset-csv/emails.csv,/home/joshua/Code/ai_projects/amalia/data/batch_results/batch_20260421164615_4d958e70mistral_final/models/classification__hard__balaka18_email-spam-classification-dataset-csv__emails.pkl,3.0,"['1:load_csv', '2:train_classification_model', '3:evaluate_classification_model']",,,,,,,,,,,,,,,3,Mistral,hard
classification__hard__ddosad_ecommerce-customer-service-satisfaction__Customer_support_data,classification__hard__ddosad_ecommerce-customer-service-satisfaction__Customer_support_data.json,classification,CSAT Score,logistic,failed,"Input X contains NaN.
LogisticRegression does not accept missing values encoded as NaN natively. For supervised learning, you might want to consider sklearn.ensemble.HistGradientBoostingClassifier and Regressor which accept missing values encoded as NaNs natively. Alternatively, it is possible to preprocess the data, for instance by using an imputer transformer in a pipeline or drop samples with missing values. See https://scikit-learn.org/stable/modules/impute.html You can find a list of all estimators that handle NaN values at the following page: https://scikit-learn.org/stable/modules/impute.html#estimators-that-handle-nan-values",,,,,,,,,,,,,,,,,,,,,,,,,,3,Mistral,hard
classification__hard__hetulmehta_website-classification__website_classification,classification__hard__hetulmehta_website-classification__website_classification.json,classification,Category,logistic,success,,0.5717140215369806,0.6073,0.5682,0.5345258350021594,1408.0,16.0,False,/home/joshua/Code/ai_projects/amalia/backend/data/uploads/datasets/classification/hard/hetulmehta_website-classification/website_classification.csv,/home/joshua/Code/ai_projects/amalia/data/batch_results/batch_20260421164615_4d958e70mistral_final/models/classification__hard__hetulmehta_website-classification__website_classification.pkl,3.0,"['1:load_csv', '2:train_classification_model', '3:evaluate_classification_model']",,,,,,,,,,,,,,,3,Mistral,hard
classification__hard__jocelyndumlao_consumer-review-of-clothing-product__Consumer Review of Clothing Product__data_amazon.xlsx - Sheet1,classification__hard__jocelyndumlao_consumer-review-of-clothing-product__Consumer Review of Clothing Product__data_amazon.xlsx - Sheet1.json,classification,Durability,gradient_boosting,failed,"Input X contains NaN.
GradientBoostingClassifier does not accept missing values encoded as NaN natively. For supervised learning, you might want to consider sklearn.ensemble.HistGradientBoostingClassifier and Regressor which accept missing values encoded as NaNs natively. Alternatively, it is possible to preprocess the data, for instance by using an imputer transformer in a pipeline or drop samples with missing values. See https://scikit-learn.org/stable/modules/impute.html You can find a list of all estimators that handle NaN values at the following page: https://scikit-learn.org/stable/modules/impute.html#estimators-that-handle-nan-values",,,,,,,,,,,,,,,,,,,,,,,,,,3,Mistral,hard
classification__hard__pashupatigupta_emotion-detection-from-text__tweet_emotions,classification__hard__pashupatigupta_emotion-detection-from-text__tweet_emotions.json,classification,,,failed,"random_state must be an integer, array-like, a BitGenerator, Generator, a numpy RandomState, or None",,,,,,,,,,,,,,,,,,,,,,,,,,3,Mistral,hard
classification__hard__prox37_twitter-multilabel-classification-dataset__mLabel_tweets,classification__hard__prox37_twitter-multilabel-classification-dataset__mLabel_tweets.json,classification,labels,logistic,success,,,,,,1985.0,288.0,,/home/joshua/Code/ai_projects/amalia/backend/data/uploads/datasets/classification/hard/prox37_twitter-multilabel-classification-dataset/mLabel_tweets.csv,/home/joshua/Code/ai_projects/amalia/data/batch_results/batch_20260421164615_4d958e70mistral_final/models/classification__hard__prox37_twitter-multilabel-classification-dataset__mLabel_tweets.pkl,2.0,"['1:encode_categorical', '2:train_classification_model']",classification,0.2906,0.2907,-0.0001,7936.0,"['ID', 'tweet']",/home/joshua/Code/ai_projects/amalia/data/batch_results/batch_20260421164615_4d958e70mistral_final/models/classification__hard__prox37_twitter-multilabel-classification-dataset__mLabel_tweets.pkl,,,,,,,,3,Mistral,hard
classification__hard__saurabhshahane_ecommerce-text-classification__ecommerceDataset,classification__hard__saurabhshahane_ecommerce-text-classification__ecommerceDataset.json,classification,"Paper Plane Design Framed Wall Hanging Motivational Office Decor Art Prints (8.7 X 8.7 inch) - Set of 4 Painting made up in synthetic frame with uv textured print which gives multi effects and attracts towards it. This is an special series of paintings which makes your wall very beautiful and gives a royal touch. This painting is ready to hang, you would be proud to possess this unique painting that is a niche apart. We use only the most modern and efficient printing technology on our prints, with only the and inks and precision epson, roland and hp printers. This innovative hd printing technique results in durable and spectacular looking prints of the highest that last a lifetime. We print solely with top-notch 100% inks, to achieve brilliant and true colours. Due to their high level of uv resistance, our prints retain their beautiful colours for many years. Add colour and style to your living space with this digitally printed painting. Some are for pleasure and some for eternal bliss.so bring home this elegant print that is lushed with rich colors that makes it nothing but sheer elegance to be to your friends and family.it would be treasured forever by whoever your lucky recipient is. Liven up your place with these intriguing paintings that are high definition hd graphic digital prints for home, office or any room.",logistic,failed,Input contains NaN,,,,,,,,,,,,,,,,,,,,,,,,,,3,Mistral,hard
classification__hard__shivamb_spam-url-prediction__url_spam_classification,classification__hard__shivamb_spam-url-prediction__url_spam_classification.json,classification,is_spam,logistic,failed,,,0.6732,0.7047,,148303.0,2.0,True,/home/joshua/Code/ai_projects/amalia/backend/data/uploads/datasets/classification/hard/shivamb_spam-url-prediction/url_spam_classification.csv,/home/joshua/Code/ai_projects/amalia/data/batch_results/batch_20260421164615_4d958e70mistral_final/models/classification__hard__shivamb_spam-url-prediction__url_spam_classification.pkl,3.0,"['1:load_csv', '2:train_classification_model', '3:evaluate_classification_model']",,,,,,,,,,,,,,,3,Mistral,hard
classification__mid__andrewmvd_cyberbullying-classification__cyberbullying_tweets,classification__mid__andrewmvd_cyberbullying-classification__cyberbullying_tweets.json,classification,cyberbullying_type,logistic,failed,,,0.8949,0.8899,,47692.0,6.0,False,/home/joshua/Code/ai_projects/amalia/backend/data/uploads/datasets/classification/mid/andrewmvd_cyberbullying-classification/cyberbullying_tweets.csv,/home/joshua/Code/ai_projects/amalia/data/batch_results/batch_20260421164615_4d958e70mistral_final/models/classification__mid__andrewmvd_cyberbullying-classification__cyberbullying_tweets.pkl,4.0,"['1:load_csv', '2:get_basic_stats', '3:train_classification_model', '4:evaluate_classification_model']",,,,,,,,,,,,,,,3,Mistral,medium
classification__mid__christianlillelund_csgo-round-winner-classification__csgo_round_snapshots,classification__mid__christianlillelund_csgo-round-winner-classification__csgo_round_snapshots.json,classification,round_winner,decision_tree,failed,"pos_label=1 is not a valid label. It should be one of ['CT', 'T']",,,,,,,,,,,,,,,,,,,,,,,,,,3,Mistral,medium
classification__mid__fedesoriano_heart-failure-prediction__heart,classification__mid__fedesoriano_heart-failure-prediction__heart.json,classification,HeartDisease,logistic,success,,0.8546626315652444,0.8672,0.874,0.8906789549437597,918.0,2.0,True,/home/joshua/Code/ai_projects/amalia/backend/data/uploads/datasets/classification/mid/fedesoriano_heart-failure-prediction/heart.csv,/home/joshua/Code/ai_projects/amalia/data/batch_results/batch_20260421164615_4d958e70mistral_final/models/classification__mid__fedesoriano_heart-failure-prediction__heart.pkl,3.0,"['1:load_csv', '2:train_classification_model', '3:evaluate_classification_model']",,,,,,,,,,,,,,,3,Mistral,medium
classification__mid__fedesoriano_stellar-classification-dataset-sdss17__star_classification,classification__mid__fedesoriano_stellar-classification-dataset-sdss17__star_classification.json,classification,,,failed,"random_state must be an integer, array-like, a BitGenerator, Generator, a numpy RandomState, or None",,,,,,,,,,,,,,,,,,,,,,,,,,3,Mistral,medium
classification__mid__nimapourmoradi_dry-bean-dataset-classification__Dry_Bean_Dataset,classification__mid__nimapourmoradi_dry-bean-dataset-classification__Dry_Bean_Dataset.json,classification,Class,logistic,success,,,,,,2723.0,7.0,,/home/joshua/Code/ai_projects/amalia/backend/data/uploads/datasets/classification/mid/nimapourmoradi_dry-bean-dataset-classification/Dry_Bean_Dataset.csv,/home/joshua/Code/ai_projects/amalia/data/batch_results/batch_20260421164615_4d958e70mistral_final/models/classification__mid__nimapourmoradi_dry-bean-dataset-classification__Dry_Bean_Dataset.pkl,3.0,"['1:load_csv', '2:get_basic_stats', '3:train_classification_model']",classification,0.8803,0.8707,0.0096,10888.0,"['Area', 'Perimeter', 'MajorAxisLength', 'MinorAxisLength', 'AspectRation', 'Eccentricity', 'ConvexArea', 'EquivDiameter', 'Extent', 'Solidity', 'roundness', 'Compactness', 'ShapeFactor1', 'ShapeFactor2', 'ShapeFactor3', 'ShapeFactor4']",/home/joshua/Code/ai_projects/amalia/data/batch_results/batch_20260421164615_4d958e70mistral_final/models/classification__mid__nimapourmoradi_dry-bean-dataset-classification__Dry_Bean_Dataset.pkl,,,,,,,,3,Mistral,medium
classification__mid__tanishqdublish_text-classification-documentation__df_file,classification__mid__tanishqdublish_text-classification-documentation__df_file.json,classification,Label,logistic,success,,0.9863540125077354,0.9996,0.9996,0.9949135369750072,2225.0,5.0,False,/home/joshua/Code/ai_projects/amalia/backend/data/uploads/datasets/classification/mid/tanishqdublish_text-classification-documentation/df_file.csv,/home/joshua/Code/ai_projects/amalia/data/batch_results/batch_20260421164615_4d958e70mistral_final/models/classification__mid__tanishqdublish_text-classification-documentation__df_file.pkl,3.0,"['1:load_csv', '2:train_classification_model', '3:evaluate_classification_model']",,,,,,,,,,,,,,,3,Mistral,medium
classification__mid__uciml_iris__Iris,classification__mid__uciml_iris__Iris.json,classification,Species,logistic,success,,,,,,30.0,3.0,,/home/joshua/Code/ai_projects/amalia/backend/data/uploads/datasets/classification/mid/uciml_iris/Iris.csv,/home/joshua/Code/ai_projects/amalia/data/batch_results/batch_20260421164615_4d958e70mistral_final/models/classification__mid__uciml_iris__Iris.pkl,2.0,"['1:encode_categorical', '2:train_classification_model']",classification,1.0,1.0,0.0,120.0,"['Id', 'SepalLengthCm', 'SepalWidthCm', 'PetalLengthCm', 'PetalWidthCm']",/home/joshua/Code/ai_projects/amalia/data/batch_results/batch_20260421164615_4d958e70mistral_final/models/classification__mid__uciml_iris__Iris.pkl,,,,,,,,3,Mistral,medium
classification__mid__uciml_pima-indians-diabetes-database__diabetes,classification__mid__uciml_pima-indians-diabetes-database__diabetes.json,classification,Outcome,logistic,success,,0.776622846275587,0.6947,0.5858,0.6458863749856827,768.0,2.0,True,/home/joshua/Code/ai_projects/amalia/backend/data/uploads/datasets/classification/mid/uciml_pima-indians-diabetes-database/diabetes.csv,/home/joshua/Code/ai_projects/amalia/data/batch_results/batch_20260421164615_4d958e70mistral_final/models/classification__mid__uciml_pima-indians-diabetes-database__diabetes.pkl,3.0,"['1:load_csv', '2:train_classification_model', '3:evaluate_classification_model']",,,,,,,,,,,,,,,3,Mistral,medium
classification__mid__xhlulu_cpc-codes__titles,classification__mid__xhlulu_cpc-codes__titles.json,classification,class,logistic,failed,"Input X contains NaN.
LogisticRegression does not accept missing values encoded as NaN natively. For supervised learning, you might want to consider sklearn.ensemble.HistGradientBoostingClassifier and Regressor which accept missing values encoded as NaNs natively. Alternatively, it is possible to preprocess the data, for instance by using an imputer transformer in a pipeline or drop samples with missing values. See https://scikit-learn.org/stable/modules/impute.html You can find a list of all estimators that handle NaN values at the following page: https://scikit-learn.org/stable/modules/impute.html#estimators-that-handle-nan-values",,,,,,,,,,,,,,,,,,,,,,,,,,3,Mistral,medium
classification__mid__yasserh_titanic-dataset__Titanic-Dataset,classification__mid__yasserh_titanic-dataset__Titanic-Dataset.json,classification,Survived,logistic,failed,"Input X contains NaN.
LogisticRegression does not accept missing values encoded as NaN natively. For supervised learning, you might want to consider sklearn.ensemble.HistGradientBoostingClassifier and Regressor which accept missing values encoded as NaNs natively. Alternatively, it is possible to preprocess the data, for instance by using an imputer transformer in a pipeline or drop samples with missing values. See https://scikit-learn.org/stable/modules/impute.html You can find a list of all estimators that handle NaN values at the following page: https://scikit-learn.org/stable/modules/impute.html#estimators-that-handle-nan-values",,,,,,,,,,,,,,,,,,,,,,,,,,3,Mistral,medium
regression__easy__ganjerlawrence_mobile-phone-price-prediction-cleaned-dataset__Mobile-Price-Prediction-cleaned_data,regression__easy__ganjerlawrence_mobile-phone-price-prediction-cleaned-dataset__Mobile-Price-Prediction-cleaned_data.json,regression,Price,linear,success,,,,,,94.0,,,/home/joshua/Code/ai_projects/amalia/backend/data/uploads/datasets/regression/easy/ganjerlawrence_mobile-phone-price-prediction-cleaned-dataset/Mobile-Price-Prediction-cleaned_data.csv,/home/joshua/Code/ai_projects/amalia/data/batch_results/batch_20260421164615_4d958e70mistral_final/models/regression__easy__ganjerlawrence_mobile-phone-price-prediction-cleaned-dataset__Mobile-Price-Prediction-cleaned_data.pkl,1.0,['1:train_regression_model'],regression,,,0.1973,372.0,"['Ratings', 'RAM', 'ROM', 'Mobile_Size', 'Primary_Cam', 'Selfi_Cam', 'Battery_Power']",/home/joshua/Code/ai_projects/amalia/data/batch_results/batch_20260421164615_4d958e70mistral_final/models/regression__easy__ganjerlawrence_mobile-phone-price-prediction-cleaned-dataset__Mobile-Price-Prediction-cleaned_data.pkl,0.4831,0.2858,17094.0315,8626.7143,292205913.1856,,,3,Mistral,easy
regression__easy__govindaramsriram_crop-yield-of-a-farm__crop_yield_data,regression__easy__govindaramsriram_crop-yield-of-a-farm__crop_yield_data.json,regression,crop_yield,linear,success,,,,,,3000.0,,,/home/joshua/Code/ai_projects/amalia/backend/data/uploads/datasets/regression/easy/govindaramsriram_crop-yield-of-a-farm/crop_yield_data.csv,/home/joshua/Code/ai_projects/amalia/data/batch_results/batch_20260421164615_4d958e70mistral_final/models/regression__easy__govindaramsriram_crop-yield-of-a-farm__crop_yield_data.pkl,3.0,"['1:load_csv', '2:train_regression_model', '3:evaluate_regression_model']",,,,,,,,,,0.2915,0.2518,0.085,0.9728428706860232,0.1015,3,Mistral,easy
regression__easy__nalisha_numerical-feature-based-target-prediction-using-ml__practice_dataset,regression__easy__nalisha_numerical-feature-based-target-prediction-using-ml__practice_dataset.json,regression,target,linear,success,,,,,,10000.0,,,/home/joshua/Code/ai_projects/amalia/backend/data/uploads/datasets/regression/easy/nalisha_numerical-feature-based-target-prediction-using-ml/practice_dataset.csv,/home/joshua/Code/ai_projects/amalia/data/batch_results/batch_20260421164615_4d958e70mistral_final/models/regression__easy__nalisha_numerical-feature-based-target-prediction-using-ml__practice_dataset.pkl,3.0,"['1:load_csv', '2:train_regression_model', '3:evaluate_regression_model']",,,,,,,,,,50.0381,41.4775,2503.812,0.5754081001189236,260.3718,3,Mistral,easy
regression__easy__quantbruce_real-estate-price-prediction__Real estate,regression__easy__quantbruce_real-estate-price-prediction__Real estate.json,regression,Y house price of unit area,linear,success,,,,,,83.0,,,/home/joshua/Code/ai_projects/amalia/backend/data/uploads/datasets/regression/easy/quantbruce_real-estate-price-prediction/Real estate.csv,/home/joshua/Code/ai_projects/amalia/backend/models/regression_model.pkl,2.0,"['1:load_csv', '2:train_regression_model']",regression,,,-0.1165,331.0,"['No', 'X1 transaction date', 'X2 house age', 'X3 distance to the nearest MRT station', 'X4 number of convenience stores', 'X5 latitude', 'X6 longitude']",/home/joshua/Code/ai_projects/amalia/backend/models/regression_model.pkl,0.5593,0.6758,7.5969,5.4899,57.7124,,,3,Mistral,easy
regression__easy__ranitsarkar01_porter-delivery-time-estimation__dataset,regression__easy__ranitsarkar01_porter-delivery-time-estimation__dataset.json,regression,total_outstanding_orders,linear,failed,"Input X contains NaN.
LinearRegression does not accept missing values encoded as NaN natively. For supervised learning, you might want to consider sklearn.ensemble.HistGradientBoostingClassifier and Regressor which accept missing values encoded as NaNs natively. Alternatively, it is possible to preprocess the data, for instance by using an imputer transformer in a pipeline or drop samples with missing values. See https://scikit-learn.org/stable/modules/impute.html You can find a list of all estimators that handle NaN values at the following page: https://scikit-learn.org/stable/modules/impute.html#estimators-that-handle-nan-values",,,,,,,,,,,,,,,,,,,,,,,,,,3,Mistral,easy
regression__easy__sakshisatre_the-boston-housing-dataset__Boston (1),regression__easy__sakshisatre_the-boston-housing-dataset__Boston (1).json,regression,MEDV,linear,success,,,,,,506.0,,,/home/joshua/Code/ai_projects/amalia/backend/data/uploads/datasets/regression/easy/sakshisatre_the-boston-housing-dataset/Boston (1).csv,/home/joshua/Code/ai_projects/amalia/data/batch_results/batch_20260421164615_4d958e70mistral_final/models/regression__easy__sakshisatre_the-boston-housing-dataset__Boston (1).pkl,3.0,"['1:load_csv', '2:train_regression_model', '3:evaluate_regression_model']",,,,,,,,,,4.6947,3.2988,22.0407,0.741092461770133,16.6655,3,Mistral,easy
regression__easy__thedevastator_age-prediction-for-individuals-using-multi-omic__test_rows,regression__easy__thedevastator_age-prediction-for-individuals-using-multi-omic__test_rows.json,regression,KLF14_2,linear,success,,,,,,104.0,,,/home/joshua/Code/ai_projects/amalia/backend/data/uploads/datasets/regression/easy/thedevastator_age-prediction-for-individuals-using-multi-omic/test_rows.csv,/home/joshua/Code/ai_projects/amalia/data/batch_results/batch_20260421164615_4d958e70mistral_final/models/regression__easy__thedevastator_age-prediction-for-individuals-using-multi-omic__test_rows.pkl,3.0,"['1:load_csv', '2:train_regression_model', '3:evaluate_regression_model']",,,,,,,,,,1.3975,1.0866,1.953,0.5184876899182964,52.356,3,Mistral,easy
regression__easy__zubairdhuddi_linear-regression__test,regression__easy__zubairdhuddi_linear-regression__test.json,regression,y,linear,success,,,,,,60.0,,,/home/joshua/Code/ai_projects/amalia/backend/data/uploads/datasets/regression/easy/zubairdhuddi_linear-regression/test.csv,/home/joshua/Code/ai_projects/amalia/backend/models/linear_regression_test_model.pkl,1.0,['1:train_regression_model'],regression,,,-0.0019,240.0,['x'],/home/joshua/Code/ai_projects/amalia/backend/models/linear_regression_test_model.pkl,0.9887,0.9906,2.8216,2.1583,7.9614,,,3,Mistral,easy
regression__hard__anujsaha0123456789_house-prices-cleaned-dataset-for-regression-ml__house_prices_cleaned,regression__hard__anujsaha0123456789_house-prices-cleaned-dataset-for-regression-ml__house_prices_cleaned.json,regression,SalePrice,svr,success,,,,,,1460.0,,,/home/joshua/Code/ai_projects/amalia/backend/data/uploads/datasets/regression/hard/anujsaha0123456789_house-prices-cleaned-dataset-for-regression-ml/house_prices_cleaned.csv,/home/joshua/Code/ai_projects/amalia/data/batch_results/batch_20260421164615_4d958e70mistral_final/models/regression__hard__anujsaha0123456789_house-prices-cleaned-dataset-for-regression-ml__house_prices_cleaned.pkl,3.0,"['1:load_csv', '2:train_regression_model', '3:evaluate_regression_model']",,,,,,,,,,80981.1703,55540.0192,6557949939.5246,-0.0113443526550479,32.1043,3,Mistral,hard
regression__hard__bharatsahu_house-price-prediction-dataset-insurancehub-usa__House_price_multifeatures,regression__hard__bharatsahu_house-price-prediction-dataset-insurancehub-usa__House_price_multifeatures.json,classification,TTTerritory,decision_tree,failed,Input contains NaN,,,,,,,,,,,,,,,,,,,,,,,,,,3,Mistral,hard
regression__hard__bjaton_housepricesadvancedregressiontechniquestrain__train,regression__hard__bjaton_housepricesadvancedregressiontechniquestrain__train.json,regression,SalePrice,ridge,failed,"Input X contains NaN.
Ridge does not accept missing values encoded as NaN natively. For supervised learning, you might want to consider sklearn.ensemble.HistGradientBoostingClassifier and Regressor which accept missing values encoded as NaNs natively. Alternatively, it is possible to preprocess the data, for instance by using an imputer transformer in a pipeline or drop samples with missing values. See https://scikit-learn.org/stable/modules/impute.html You can find a list of all estimators that handle NaN values at the following page: https://scikit-learn.org/stable/modules/impute.html#estimators-that-handle-nan-values",,,,,,,,,,,,,,,,,,,,,,,,,,3,Mistral,hard
regression__hard__bobnau_daily-website-visitors__daily-website-visitors,regression__hard__bobnau_daily-website-visitors__daily-website-visitors.json,regression,Returning.Visits,linear,failed,"could not convert string to float: '1,036'",,,,,,,,,,,,,,,,,,,,,,,,,,3,Mistral,hard
regression__hard__deepcontractor_car-price-prediction-challenge__car_price_prediction,regression__hard__deepcontractor_car-price-prediction-challenge__car_price_prediction.json,regression,Price,random_forest,failed,,,,,,19237.0,,,/home/joshua/Code/ai_projects/amalia/backend/data/uploads/datasets/regression/hard/deepcontractor_car-price-prediction-challenge/car_price_prediction_preprocessed.csv,/home/joshua/Code/ai_projects/amalia/backend/models/car_price_prediction_model.pkl,4.0,"['1:handle_missing_values', '1:encode_categorical', '2:train_regression_model', '3:evaluate_regression_model']",,,,,,,,,,85477.0567,3065.5139,7306327215.1562,,628.093,3,Mistral,hard
regression__hard__kanchana1990_colorado-real-estate-market-2026__colorado_real_estate_2026,regression__hard__kanchana1990_colorado-real-estate-market-2026__colorado_real_estate_2026.json,regression,garage,linear,failed,"Input X contains NaN.
LinearRegression does not accept missing values encoded as NaN natively. For supervised learning, you might want to consider sklearn.ensemble.HistGradientBoostingClassifier and Regressor which accept missing values encoded as NaNs natively. Alternatively, it is possible to preprocess the data, for instance by using an imputer transformer in a pipeline or drop samples with missing values. See https://scikit-learn.org/stable/modules/impute.html You can find a list of all estimators that handle NaN values at the following page: https://scikit-learn.org/stable/modules/impute.html#estimators-that-handle-nan-values",,,,,,,,,,,,,,,,,,,,,,,,,,3,Mistral,hard
regression__hard__milanvaddoriya_old-car-price-prediction__car_price,regression__hard__milanvaddoriya_old-car-price-prediction__car_price.json,regression,,,failed,get_column_info: Column 'None' not found,,,,,,,,,,,,,,,,,,,,,,,,,,3,Mistral,hard
regression__hard__spittman1248_cdc-data-nutrition-physical-activity-obesity__Nutrition__Physical_Activity__and_Obesity_-_Behavioral_Risk_Factor_Surveillance_System,regression__hard__spittman1248_cdc-data-nutrition-physical-activity-obesity__Nutrition__Physical_Activity__and_Obesity_-_Behavioral_Risk_Factor_Surveillance_System.json,classification,Class,naive_bayes,failed,"Input X contains NaN.
GaussianNB does not accept missing values encoded as NaN natively. For supervised learning, you might want to consider sklearn.ensemble.HistGradientBoostingClassifier and Regressor which accept missing values encoded as NaNs natively. Alternatively, it is possible to preprocess the data, for instance by using an imputer transformer in a pipeline or drop samples with missing values. See https://scikit-learn.org/stable/modules/impute.html You can find a list of all estimators that handle NaN values at the following page: https://scikit-learn.org/stable/modules/impute.html#estimators-that-handle-nan-values",,,,,,,,,,,,,,,,,,,,,,,,,,3,Mistral,hard
regression__hard__taweilo_mba-admission-dataset__MBA,regression__hard__taweilo_mba-admission-dataset__MBA.json,regression,gpa,linear,success,,,,,,692.0,,,/home/joshua/Code/ai_projects/amalia/backend/data/uploads/datasets/regression/hard/taweilo_mba-admission-dataset/MBA_processed.csv,/home/joshua/Code/ai_projects/amalia/backend/models/regression_linear_MBA.joblib,3.0,"['1:handle_missing_values', '2:train_regression_model', '3:evaluate_regression_model']",,,,,,,,,,0.1038,0.0833,0.0108,0.2499811208513505,2.4765,3,Mistral,hard
regression__hard__valakhorasani_tehran-house-prices-dataset__TehranHouse,regression__hard__valakhorasani_tehran-house-prices-dataset__TehranHouse.json,regression,Price(USD),linear,success,,,,,,3479.0,,,/home/joshua/Code/ai_projects/amalia/backend/data/uploads/datasets/regression/hard/valakhorasani_tehran-house-prices-dataset/TehranHouse.csv,/home/joshua/Code/ai_projects/amalia/data/batch_results/batch_20260421164615_4d958e70mistral_final/models/regression__hard__valakhorasani_tehran-house-prices-dataset__TehranHouse.pkl,3.0,"['1:load_csv', '2:train_regression_model', '3:evaluate_regression_model']",,,,,,,,,,0.0026,0.0021,0.0,1.0,0.0,3,Mistral,hard
regression__mid__CooperUnion_cardataset__data,regression__mid__CooperUnion_cardataset__data.json,regression,MSRP,linear,failed,"Input X contains NaN.
LinearRegression does not accept missing values encoded as NaN natively. For supervised learning, you might want to consider sklearn.ensemble.HistGradientBoostingClassifier and Regressor which accept missing values encoded as NaNs natively. Alternatively, it is possible to preprocess the data, for instance by using an imputer transformer in a pipeline or drop samples with missing values. See https://scikit-learn.org/stable/modules/impute.html You can find a list of all estimators that handle NaN values at the following page: https://scikit-learn.org/stable/modules/impute.html#estimators-that-handle-nan-values",,,,,,,,,,,,,,,,,,,,,,,,,,3,Mistral,medium
regression__mid__alamshihab075_health-and-lifestyle-data-for-diabetes-prediction__Diabetes_and_LifeStyle_Dataset ,regression__mid__alamshihab075_health-and-lifestyle-data-for-diabetes-prediction__Diabetes_and_LifeStyle_Dataset .json,regression,diagnosed_diabetes,ridge,success,,,,,,97297.0,,,/home/joshua/Code/ai_projects/amalia/backend/data/uploads/datasets/regression/mid/alamshihab075_health-and-lifestyle-data-for-diabetes-prediction/Diabetes_and_LifeStyle_Dataset .csv,/home/joshua/Code/ai_projects/amalia/data/batch_results/batch_20260421164615_4d958e70mistral_final/models/regression__mid__alamshihab075_health-and-lifestyle-data-for-diabetes-prediction__Diabetes_and_LifeStyle_Dataset .pkl,3.0,"['1:load_csv', '2:train_regression_model', '3:evaluate_regression_model']",,,,,,,,,,0.1363,0.0805,0.0186,0.9230821615789506,,3,Mistral,medium
regression__mid__camnugent_california-housing-prices__housing,regression__mid__camnugent_california-housing-prices__housing.json,regression,median_house_value,linear,failed,"Input X contains NaN.
LinearRegression does not accept missing values encoded as NaN natively. For supervised learning, you might want to consider sklearn.ensemble.HistGradientBoostingClassifier and Regressor which accept missing values encoded as NaNs natively. Alternatively, it is possible to preprocess the data, for instance by using an imputer transformer in a pipeline or drop samples with missing values. See https://scikit-learn.org/stable/modules/impute.html You can find a list of all estimators that handle NaN values at the following page: https://scikit-learn.org/stable/modules/impute.html#estimators-that-handle-nan-values",,,,,,,,,,,,,,,,,,,,,,,,,,3,Mistral,medium
regression__mid__harlfoxem_housesalesprediction__kc_house_data,regression__mid__harlfoxem_housesalesprediction__kc_house_data.json,regression,,,failed,can't multiply sequence by non-int of type 'numpy.float64',,,,,,,,,,,,,,,,,,,,,,,,,,3,Mistral,medium
regression__mid__hrokrin_the-largest-diamond-dataset-currely-on-kaggle__diamonds,regression__mid__hrokrin_the-largest-diamond-dataset-currely-on-kaggle__diamonds.json,classification,total_sales_price,naive_bayes,failed,,,0.6016,0.5443,,219703.0,22202.0,False,/home/joshua/Code/ai_projects/amalia/backend/data/uploads/datasets/regression/mid/hrokrin_the-largest-diamond-dataset-currely-on-kaggle/diamonds.csv,/home/joshua/Code/ai_projects/amalia/data/batch_results/batch_20260421164615_4d958e70mistral_final/models/regression__mid__hrokrin_the-largest-diamond-dataset-currely-on-kaggle__diamonds.pkl,3.0,"['1:load_csv', '2:train_classification_model', '3:evaluate_classification_model']",,,,,,,,,,,,,,,3,Mistral,medium
regression__mid__lorenzozoppelletto_financial-risk-for-loan-approval__Loan,regression__mid__lorenzozoppelletto_financial-risk-for-loan-approval__Loan.json,regression,RiskScore,ridge,success,,,,,,20000.0,,,/home/joshua/Code/ai_projects/amalia/backend/data/uploads/datasets/regression/mid/lorenzozoppelletto_financial-risk-for-loan-approval/Loan.csv,/home/joshua/Code/ai_projects/amalia/data/batch_results/batch_20260421164615_4d958e70mistral_final/models/regression__mid__lorenzozoppelletto_financial-risk-for-loan-approval__Loan.pkl,3.0,"['1:load_csv', '2:train_regression_model', '3:evaluate_regression_model']",,,,,,,,,,1.9492,1.5056,3.7993,0.9350769650534672,3.0474,3,Mistral,medium
regression__mid__mirichoi0218_insurance__insurance,regression__mid__mirichoi0218_insurance__insurance.json,regression,charges,gradient_boosting,success,,,,,,1338.0,,,/home/joshua/Code/ai_projects/amalia/backend/data/uploads/datasets/regression/mid/mirichoi0218_insurance/insurance.csv,/home/joshua/Code/ai_projects/amalia/backend/models/regression_model.pkl,4.0,"['1:load_csv', '1:infer_data_types', '2:train_regression_model', '3:evaluate_regression_model']",,,,,,,,,,3850.9558,2162.0931,14829860.2228,0.933863834331282,26.6765,3,Mistral,medium
regression__mid__ranitsarkar01_porter-delivery-time-estimation__dataset,regression__mid__ranitsarkar01_porter-delivery-time-estimation__dataset.json,regression,,,failed,filter_rows: Unknown condition: notnull,,,,,,,,,,,,,,,,,,,,,,,,,,3,Mistral,medium
regression__mid__rupals_gpu-runtime__sgemm_product,regression__mid__rupals_gpu-runtime__sgemm_product.json,regression,,,failed,get_column_info: Column 'None' not found,,,,,,,,,,,,,,,,,,,,,,,,,,3,Mistral,medium
regression__mid__yasserh_uber-fares-dataset__uber,regression__mid__yasserh_uber-fares-dataset__uber.json,regression,,,failed,get_column_info: Column 'None' not found,,,,,,,,,,,,,,,,,,,,,,,,,,3,Mistral,medium
classification__easy__abhishek14398_heart-disease-classification__heart,classification__easy__abhishek14398_heart-disease-classification__heart.json,classification,target,logistic,success,,0.89351184632678,0.8531,0.9152,0.8632529665835528,303.0,2.0,True,/home/joshua/Code/ai_projects/amalia/backend/data/uploads/datasets/classification/easy/abhishek14398_heart-disease-classification/heart.csv,/home/joshua/Code/ai_projects/amalia/data/batch_results/batch_20260421164615_4d958e70mistral_final/models/classification__easy__abhishek14398_heart-disease-classification__heart.pkl,3.0,"['1:load_csv', '2:train_classification_model', '3:evaluate_classification_model']",,,,,,,,,,,,,,,4,Mistral,easy
classification__easy__brsahan_genomic-data-for-cancer__gene_expression,classification__easy__brsahan_genomic-data-for-cancer__gene_expression.json,classification,Cancer Present,logistic,success,,,,,,600.0,2.0,,/home/joshua/Code/ai_projects/amalia/backend/data/uploads/datasets/classification/easy/brsahan_genomic-data-for-cancer/gene_expression.csv,/home/joshua/Code/ai_projects/amalia/data/batch_results/batch_20260421164615_4d958e70mistral_final/models/classification__easy__brsahan_genomic-data-for-cancer__gene_expression.pkl,4.0,"['1:load_csv', '1:validate_csv_structure', '1:detect_duplicates', '2:train_classification_model']",classification,0.8542,0.8667,-0.0125,2400.0,"['Gene One', 'Gene Two']",/home/joshua/Code/ai_projects/amalia/data/batch_results/batch_20260421164615_4d958e70mistral_final/models/classification__easy__brsahan_genomic-data-for-cancer__gene_expression.pkl,,,,,,,,4,Mistral,easy
classification__easy__fedesoriano_stellar-classification-dataset-sdss17__star_classification,classification__easy__fedesoriano_stellar-classification-dataset-sdss17__star_classification.json,classification,,,failed,get_column_info: Column 'None' not found,,,,,,,,,,,,,,,,,,,,,,,,,,4,Mistral,easy
classification__easy__himanshunakrani_naive-bayes-classification-data__Naive-Bayes-Classification-Data,classification__easy__himanshunakrani_naive-bayes-classification-data__Naive-Bayes-Classification-Data.json,classification,diabetes,naive_bayes,success,,,,,,199.0,2.0,,/home/joshua/Code/ai_projects/amalia/backend/data/uploads/datasets/classification/easy/himanshunakrani_naive-bayes-classification-data/Naive-Bayes-Classification-Data.csv,/home/joshua/Code/ai_projects/amalia/data/batch_results/batch_20260421164615_4d958e70mistral_final/models/classification__easy__himanshunakrani_naive-bayes-classification-data__Naive-Bayes-Classification-Data.pkl,3.0,"['1:load_csv', '2:remove_duplicates', '3:train_classification_model']",classification,0.9347,0.9296,0.005,796.0,"['glucose', 'bloodpressure']",/home/joshua/Code/ai_projects/amalia/data/batch_results/batch_20260421164615_4d958e70mistral_final/models/classification__easy__himanshunakrani_naive-bayes-classification-data__Naive-Bayes-Classification-Data.pkl,,,,,,,,4,Mistral,easy
classification__easy__mahmoudshaheen1134_heart-disease-data__heart disease,classification__easy__mahmoudshaheen1134_heart-disease-data__heart disease.json,classification,target,logistic,success,,0.8607315629834638,0.8531,0.9173,0.8591715900781223,242.0,2.0,True,/home/joshua/Code/ai_projects/amalia/backend/data/uploads/heart disease_train.csv,/home/joshua/Code/ai_projects/amalia/backend/models/heart_disease_model.pkl,5.0,"['1:load_csv', '2:validate_csv_structure', '3:split_dataset', '4:train_classification_model', '5:evaluate_classification_model']",,,,,,,,,,,,,,,4,Mistral,easy
classification__easy__priyanshusethi_happiness-classification-dataset__happydata,classification__easy__priyanshusethi_happiness-classification-dataset__happydata.json,classification,,,failed,get_column_info: Column 'None' not found,,,,,,,,,,,,,,,,,,,,,,,,,,4,Mistral,easy
classification__easy__ritwikb3_heart-disease-cleveland__Heart_disease_cleveland_new,classification__easy__ritwikb3_heart-disease-cleveland__Heart_disease_cleveland_new.json,classification,,,success,,,,,,,,,/home/joshua/Code/ai_projects/amalia/backend/data/uploads/datasets/classification/easy/ritwikb3_heart-disease-cleveland/Heart_disease_cleveland_new.csv,,0.0,[],,,,,,,,,,,,,,,4,Mistral,easy
classification__easy__ritwikb3_heart-disease-statlog__Heart_disease_statlog,classification__easy__ritwikb3_heart-disease-statlog__Heart_disease_statlog.json,classification,target,logistic,success,,0.881600541090245,0.8661,0.8083,0.8244353485715855,270.0,2.0,True,/home/joshua/Code/ai_projects/amalia/backend/data/uploads/datasets/classification/easy/ritwikb3_heart-disease-statlog/Heart_disease_statlog.csv,/home/joshua/Code/ai_projects/amalia/data/batch_results/batch_20260421164615_4d958e70mistral_final/models/classification__easy__ritwikb3_heart-disease-statlog__Heart_disease_statlog.pkl,3.0,"['1:load_csv', '2:train_classification_model', '3:evaluate_classification_model']",,,,,,,,,,,,,,,4,Mistral,easy
classification__easy__robikscube_eye-state-classification-eeg-dataset__EEG_Eye_State_Classification,classification__easy__robikscube_eye-state-classification-eeg-dataset__EEG_Eye_State_Classification.json,classification,eyeDetection,logistic,success,,0.6432285319170307,0.6417,0.4651,0.5320770356843882,14980.0,2.0,True,/home/joshua/Code/ai_projects/amalia/backend/data/uploads/datasets/classification/easy/robikscube_eye-state-classification-eeg-dataset/EEG_Eye_State_Classification.csv,/home/joshua/Code/ai_projects/amalia/data/batch_results/batch_20260421164615_4d958e70mistral_final/models/classification__easy__robikscube_eye-state-classification-eeg-dataset__EEG_Eye_State_Classification.pkl,3.0,"['1:load_csv', '2:train_classification_model', '3:evaluate_classification_model']",,,,,,,,,,,,,,,4,Mistral,easy
classification__easy__uciml_glass__glass,classification__easy__uciml_glass__glass.json,classification,Type,logistic,success,,0.634972687169398,0.6124,0.6542,0.6360827405561934,214.0,6.0,False,/home/joshua/Code/ai_projects/amalia/backend/data/uploads/datasets/classification/easy/uciml_glass/glass.csv,/home/joshua/Code/ai_projects/amalia/data/batch_results/batch_20260421164615_4d958e70mistral_final/models/classification__easy__uciml_glass__glass.pkl,3.0,"['1:load_csv', '2:train_classification_model', '3:evaluate_classification_model']",,,,,,,,,,,,,,,4,Mistral,easy
classification__easy__yasserh_heart-disease-dataset__heart,classification__easy__yasserh_heart-disease-dataset__heart.json,classification,target,logistic,success,,0.8724117062852542,0.8531,0.9152,0.8982565509344396,303.0,2.0,True,/home/joshua/Code/ai_projects/amalia/backend/data/uploads/datasets/classification/easy/yasserh_heart-disease-dataset/heart.csv,/home/joshua/Code/ai_projects/amalia/data/batch_results/batch_20260421164615_4d958e70mistral_final/models/classification__easy__yasserh_heart-disease-dataset__heart.pkl,3.0,"['1:load_csv', '2:train_classification_model', '3:evaluate_classification_model']",,,,,,,,,,,,,,,4,Mistral,easy
classification__easy__yasserh_wine-quality-dataset__WineQT,classification__easy__yasserh_wine-quality-dataset__WineQT.json,classification,,,failed,Workflow has no executable steps,,,,,,,,,,,,,,,,,,,,,,,,,,4,Mistral,easy
classification__hard__abhishek14398_loan-dataset__loan,classification__hard__abhishek14398_loan-dataset__loan.json,classification,total_il_high_credit_limit,naive_bayes,failed,Input y contains NaN.,,,,,,,,,,,,,,,,,,,,,,,,,,4,Mistral,hard
classification__hard__andrewmvd_cyberbullying-classification__cyberbullying_tweets,classification__hard__andrewmvd_cyberbullying-classification__cyberbullying_tweets.json,classification,cyberbullying_type,logistic,success,,0.8894779834373666,0.8949,0.8899,0.8892426403897521,47692.0,6.0,False,/home/joshua/Code/ai_projects/amalia/backend/data/uploads/datasets/classification/hard/andrewmvd_cyberbullying-classification/cyberbullying_tweets.csv,/home/joshua/Code/ai_projects/amalia/data/batch_results/batch_20260421164615_4d958e70mistral_final/models/classification__hard__andrewmvd_cyberbullying-classification__cyberbullying_tweets.pkl,3.0,"['1:load_csv', '2:train_classification_model', '3:evaluate_classification_model']",,,,,,,,,,,,,,,4,Mistral,hard
classification__hard__balaka18_email-spam-classification-dataset-csv__emails,classification__hard__balaka18_email-spam-classification-dataset-csv__emails.json,classification,target,svm,success,,0.9977257454309156,0.9743,0.987,1.0,5172.0,7.0,False,/home/joshua/Code/ai_projects/amalia/backend/data/uploads/datasets/classification/hard/balaka18_email-spam-classification-dataset-csv/emails.csv,/home/joshua/Code/ai_projects/amalia/data/batch_results/batch_20260421164615_4d958e70mistral_final/models/classification__hard__balaka18_email-spam-classification-dataset-csv__emails.pkl,3.0,"['1:load_csv', '2:train_classification_model', '3:evaluate_classification_model']",,,,,,,,,,,,,,,4,Mistral,hard
classification__hard__ddosad_ecommerce-customer-service-satisfaction__Customer_support_data,classification__hard__ddosad_ecommerce-customer-service-satisfaction__Customer_support_data.json,classification,CSAT Score,logistic,failed,"Input X contains NaN.
LogisticRegression does not accept missing values encoded as NaN natively. For supervised learning, you might want to consider sklearn.ensemble.HistGradientBoostingClassifier and Regressor which accept missing values encoded as NaNs natively. Alternatively, it is possible to preprocess the data, for instance by using an imputer transformer in a pipeline or drop samples with missing values. See https://scikit-learn.org/stable/modules/impute.html You can find a list of all estimators that handle NaN values at the following page: https://scikit-learn.org/stable/modules/impute.html#estimators-that-handle-nan-values",,,,,,,,,,,,,,,,,,,,,,,,,,4,Mistral,hard
classification__hard__hetulmehta_website-classification__website_classification,classification__hard__hetulmehta_website-classification__website_classification.json,classification,Category,logistic,success,,0.5886171564175201,0.6073,0.5682,0.4989312204389967,1408.0,16.0,False,/home/joshua/Code/ai_projects/amalia/backend/data/uploads/datasets/classification/hard/hetulmehta_website-classification/website_classification.csv,/home/joshua/Code/ai_projects/amalia/data/batch_results/batch_20260421164615_4d958e70mistral_final/models/classification__hard__hetulmehta_website-classification__website_classification.pkl,3.0,"['1:load_csv', '2:train_classification_model', '3:evaluate_classification_model']",,,,,,,,,,,,,,,4,Mistral,hard
classification__hard__jocelyndumlao_consumer-review-of-clothing-product__Consumer Review of Clothing Product__data_amazon.xlsx - Sheet1,classification__hard__jocelyndumlao_consumer-review-of-clothing-product__Consumer Review of Clothing Product__data_amazon.xlsx - Sheet1.json,classification,Durability,gradient_boosting,failed,"Input X contains NaN.
GradientBoostingClassifier does not accept missing values encoded as NaN natively. For supervised learning, you might want to consider sklearn.ensemble.HistGradientBoostingClassifier and Regressor which accept missing values encoded as NaNs natively. Alternatively, it is possible to preprocess the data, for instance by using an imputer transformer in a pipeline or drop samples with missing values. See https://scikit-learn.org/stable/modules/impute.html You can find a list of all estimators that handle NaN values at the following page: https://scikit-learn.org/stable/modules/impute.html#estimators-that-handle-nan-values",,,,,,,,,,,,,,,,,,,,,,,,,,4,Mistral,hard
classification__hard__pashupatigupta_emotion-detection-from-text__tweet_emotions,classification__hard__pashupatigupta_emotion-detection-from-text__tweet_emotions.json,classification,,,failed,"random_state must be an integer, array-like, a BitGenerator, Generator, a numpy RandomState, or None",,,,,,,,,,,,,,,,,,,,,,,,,,4,Mistral,hard
classification__hard__prox37_twitter-multilabel-classification-dataset__mLabel_tweets,classification__hard__prox37_twitter-multilabel-classification-dataset__mLabel_tweets.json,classification,labels,logistic,success,,,,,,1985.0,288.0,,/home/joshua/Code/ai_projects/amalia/backend/data/uploads/datasets/classification/hard/prox37_twitter-multilabel-classification-dataset/mLabel_tweets.csv,/home/joshua/Code/ai_projects/amalia/data/batch_results/batch_20260421164615_4d958e70mistral_final/models/classification__hard__prox37_twitter-multilabel-classification-dataset__mLabel_tweets.pkl,2.0,"['1:encode_categorical', '2:train_classification_model']",classification,0.2906,0.2907,-0.0001,7936.0,"['ID', 'tweet']",/home/joshua/Code/ai_projects/amalia/data/batch_results/batch_20260421164615_4d958e70mistral_final/models/classification__hard__prox37_twitter-multilabel-classification-dataset__mLabel_tweets.pkl,,,,,,,,4,Mistral,hard
classification__hard__saurabhshahane_ecommerce-text-classification__ecommerceDataset,classification__hard__saurabhshahane_ecommerce-text-classification__ecommerceDataset.json,classification,"Paper Plane Design Framed Wall Hanging Motivational Office Decor Art Prints (8.7 X 8.7 inch) - Set of 4 Painting made up in synthetic frame with uv textured print which gives multi effects and attracts towards it. This is an special series of paintings which makes your wall very beautiful and gives a royal touch. This painting is ready to hang, you would be proud to possess this unique painting that is a niche apart. We use only the most modern and efficient printing technology on our prints, with only the and inks and precision epson, roland and hp printers. This innovative hd printing technique results in durable and spectacular looking prints of the highest that last a lifetime. We print solely with top-notch 100% inks, to achieve brilliant and true colours. Due to their high level of uv resistance, our prints retain their beautiful colours for many years. Add colour and style to your living space with this digitally printed painting. Some are for pleasure and some for eternal bliss.so bring home this elegant print that is lushed with rich colors that makes it nothing but sheer elegance to be to your friends and family.it would be treasured forever by whoever your lucky recipient is. Liven up your place with these intriguing paintings that are high definition hd graphic digital prints for home, office or any room.",logistic,failed,Input contains NaN,,,,,,,,,,,,,,,,,,,,,,,,,,4,Mistral,hard
classification__hard__shivamb_spam-url-prediction__url_spam_classification,classification__hard__shivamb_spam-url-prediction__url_spam_classification.json,classification,is_spam,logistic,success,,0.7956343898179122,0.6732,0.7047,0.6610951009352315,148303.0,2.0,True,/home/joshua/Code/ai_projects/amalia/backend/data/uploads/datasets/classification/hard/shivamb_spam-url-prediction/url_spam_classification.csv,/home/joshua/Code/ai_projects/amalia/data/batch_results/batch_20260421164615_4d958e70mistral_final/models/classification__hard__shivamb_spam-url-prediction__url_spam_classification.pkl,3.0,"['1:load_csv', '2:train_classification_model', '3:evaluate_classification_model']",,,,,,,,,,,,,,,4,Mistral,hard
classification__mid__andrewmvd_cyberbullying-classification__cyberbullying_tweets,classification__mid__andrewmvd_cyberbullying-classification__cyberbullying_tweets.json,classification,cyberbullying_type,logistic,success,,0.8842929420203981,0.8949,0.8899,0.8715612651650885,47692.0,6.0,False,/home/joshua/Code/ai_projects/amalia/backend/data/uploads/datasets/classification/mid/andrewmvd_cyberbullying-classification/cyberbullying_tweets.csv,/home/joshua/Code/ai_projects/amalia/data/batch_results/batch_20260421164615_4d958e70mistral_final/models/classification__mid__andrewmvd_cyberbullying-classification__cyberbullying_tweets.pkl,4.0,"['1:load_csv', '2:get_basic_stats', '3:train_classification_model', '4:evaluate_classification_model']",,,,,,,,,,,,,,,4,Mistral,medium
classification__mid__christianlillelund_csgo-round-winner-classification__csgo_round_snapshots,classification__mid__christianlillelund_csgo-round-winner-classification__csgo_round_snapshots.json,classification,round_winner,decision_tree,failed,"pos_label=1 is not a valid label. It should be one of ['CT', 'T']",,,,,,,,,,,,,,,,,,,,,,,,,,4,Mistral,medium
classification__mid__fedesoriano_heart-failure-prediction__heart,classification__mid__fedesoriano_heart-failure-prediction__heart.json,classification,HeartDisease,logistic,success,,0.8453552592256551,0.8672,0.874,0.8761759961745047,918.0,2.0,True,/home/joshua/Code/ai_projects/amalia/backend/data/uploads/datasets/classification/mid/fedesoriano_heart-failure-prediction/heart.csv,/home/joshua/Code/ai_projects/amalia/data/batch_results/batch_20260421164615_4d958e70mistral_final/models/classification__mid__fedesoriano_heart-failure-prediction__heart.pkl,3.0,"['1:load_csv', '2:train_classification_model', '3:evaluate_classification_model']",,,,,,,,,,,,,,,4,Mistral,medium
classification__mid__fedesoriano_stellar-classification-dataset-sdss17__star_classification,classification__mid__fedesoriano_stellar-classification-dataset-sdss17__star_classification.json,classification,,,failed,"random_state must be an integer, array-like, a BitGenerator, Generator, a numpy RandomState, or None",,,,,,,,,,,,,,,,,,,,,,,,,,4,Mistral,medium
classification__mid__nimapourmoradi_dry-bean-dataset-classification__Dry_Bean_Dataset,classification__mid__nimapourmoradi_dry-bean-dataset-classification__Dry_Bean_Dataset.json,classification,Class,logistic,success,,,,,,2723.0,7.0,,/home/joshua/Code/ai_projects/amalia/backend/data/uploads/datasets/classification/mid/nimapourmoradi_dry-bean-dataset-classification/Dry_Bean_Dataset.csv,/home/joshua/Code/ai_projects/amalia/data/batch_results/batch_20260421164615_4d958e70mistral_final/models/classification__mid__nimapourmoradi_dry-bean-dataset-classification__Dry_Bean_Dataset.pkl,3.0,"['1:load_csv', '2:get_basic_stats', '3:train_classification_model']",classification,0.8803,0.8707,0.0096,10888.0,"['Area', 'Perimeter', 'MajorAxisLength', 'MinorAxisLength', 'AspectRation', 'Eccentricity', 'ConvexArea', 'EquivDiameter', 'Extent', 'Solidity', 'roundness', 'Compactness', 'ShapeFactor1', 'ShapeFactor2', 'ShapeFactor3', 'ShapeFactor4']",/home/joshua/Code/ai_projects/amalia/data/batch_results/batch_20260421164615_4d958e70mistral_final/models/classification__mid__nimapourmoradi_dry-bean-dataset-classification__Dry_Bean_Dataset.pkl,,,,,,,,4,Mistral,medium
classification__mid__tanishqdublish_text-classification-documentation__df_file,classification__mid__tanishqdublish_text-classification-documentation__df_file.json,classification,Label,logistic,success,,0.9831922840973571,0.9996,0.9996,0.973780571420778,2225.0,5.0,False,/home/joshua/Code/ai_projects/amalia/backend/data/uploads/datasets/classification/mid/tanishqdublish_text-classification-documentation/df_file.csv,/home/joshua/Code/ai_projects/amalia/data/batch_results/batch_20260421164615_4d958e70mistral_final/models/classification__mid__tanishqdublish_text-classification-documentation__df_file.pkl,3.0,"['1:load_csv', '2:train_classification_model', '3:evaluate_classification_model']",,,,,,,,,,,,,,,4,Mistral,medium
classification__mid__uciml_iris__Iris,classification__mid__uciml_iris__Iris.json,classification,Species,logistic,success,,,,,,30.0,3.0,,/home/joshua/Code/ai_projects/amalia/backend/data/uploads/datasets/classification/mid/uciml_iris/Iris.csv,/home/joshua/Code/ai_projects/amalia/data/batch_results/batch_20260421164615_4d958e70mistral_final/models/classification__mid__uciml_iris__Iris.pkl,2.0,"['1:encode_categorical', '2:train_classification_model']",classification,1.0,1.0,0.0,120.0,"['Id', 'SepalLengthCm', 'SepalWidthCm', 'PetalLengthCm', 'PetalWidthCm']",/home/joshua/Code/ai_projects/amalia/data/batch_results/batch_20260421164615_4d958e70mistral_final/models/classification__mid__uciml_iris__Iris.pkl,,,,,,,,4,Mistral,medium
classification__mid__uciml_pima-indians-diabetes-database__diabetes,classification__mid__uciml_pima-indians-diabetes-database__diabetes.json,classification,Outcome,logistic,success,,0.7475326804036626,0.6947,0.5858,0.6391304860019273,768.0,2.0,True,/home/joshua/Code/ai_projects/amalia/backend/data/uploads/datasets/classification/mid/uciml_pima-indians-diabetes-database/diabetes.csv,/home/joshua/Code/ai_projects/amalia/data/batch_results/batch_20260421164615_4d958e70mistral_final/models/classification__mid__uciml_pima-indians-diabetes-database__diabetes.pkl,3.0,"['1:load_csv', '2:train_classification_model', '3:evaluate_classification_model']",,,,,,,,,,,,,,,4,Mistral,medium
classification__mid__xhlulu_cpc-codes__titles,classification__mid__xhlulu_cpc-codes__titles.json,classification,class,logistic,failed,"Input X contains NaN.
LogisticRegression does not accept missing values encoded as NaN natively. For supervised learning, you might want to consider sklearn.ensemble.HistGradientBoostingClassifier and Regressor which accept missing values encoded as NaNs natively. Alternatively, it is possible to preprocess the data, for instance by using an imputer transformer in a pipeline or drop samples with missing values. See https://scikit-learn.org/stable/modules/impute.html You can find a list of all estimators that handle NaN values at the following page: https://scikit-learn.org/stable/modules/impute.html#estimators-that-handle-nan-values",,,,,,,,,,,,,,,,,,,,,,,,,,4,Mistral,medium
classification__mid__yasserh_titanic-dataset__Titanic-Dataset,classification__mid__yasserh_titanic-dataset__Titanic-Dataset.json,classification,Survived,logistic,failed,"Input X contains NaN.
LogisticRegression does not accept missing values encoded as NaN natively. For supervised learning, you might want to consider sklearn.ensemble.HistGradientBoostingClassifier and Regressor which accept missing values encoded as NaNs natively. Alternatively, it is possible to preprocess the data, for instance by using an imputer transformer in a pipeline or drop samples with missing values. See https://scikit-learn.org/stable/modules/impute.html You can find a list of all estimators that handle NaN values at the following page: https://scikit-learn.org/stable/modules/impute.html#estimators-that-handle-nan-values",,,,,,,,,,,,,,,,,,,,,,,,,,4,Mistral,medium
regression__easy__ganjerlawrence_mobile-phone-price-prediction-cleaned-dataset__Mobile-Price-Prediction-cleaned_data,regression__easy__ganjerlawrence_mobile-phone-price-prediction-cleaned-dataset__Mobile-Price-Prediction-cleaned_data.json,regression,Price,linear,success,,,,,,94.0,,,/home/joshua/Code/ai_projects/amalia/backend/data/uploads/datasets/regression/easy/ganjerlawrence_mobile-phone-price-prediction-cleaned-dataset/Mobile-Price-Prediction-cleaned_data.csv,/home/joshua/Code/ai_projects/amalia/data/batch_results/batch_20260421164615_4d958e70mistral_final/models/regression__easy__ganjerlawrence_mobile-phone-price-prediction-cleaned-dataset__Mobile-Price-Prediction-cleaned_data.pkl,1.0,['1:train_regression_model'],regression,,,0.1973,372.0,"['Ratings', 'RAM', 'ROM', 'Mobile_Size', 'Primary_Cam', 'Selfi_Cam', 'Battery_Power']",/home/joshua/Code/ai_projects/amalia/data/batch_results/batch_20260421164615_4d958e70mistral_final/models/regression__easy__ganjerlawrence_mobile-phone-price-prediction-cleaned-dataset__Mobile-Price-Prediction-cleaned_data.pkl,0.4831,0.2858,17094.0315,8626.7143,292205913.1856,,,4,Mistral,easy
regression__easy__govindaramsriram_crop-yield-of-a-farm__crop_yield_data,regression__easy__govindaramsriram_crop-yield-of-a-farm__crop_yield_data.json,regression,crop_yield,linear,success,,,,,,3000.0,,,/home/joshua/Code/ai_projects/amalia/backend/data/uploads/datasets/regression/easy/govindaramsriram_crop-yield-of-a-farm/crop_yield_data.csv,/home/joshua/Code/ai_projects/amalia/data/batch_results/batch_20260421164615_4d958e70mistral_final/models/regression__easy__govindaramsriram_crop-yield-of-a-farm__crop_yield_data.pkl,3.0,"['1:load_csv', '2:train_regression_model', '3:evaluate_regression_model']",,,,,,,,,,0.2915,0.2518,0.085,0.9630641272185294,0.1015,4,Mistral,easy
regression__easy__nalisha_numerical-feature-based-target-prediction-using-ml__practice_dataset,regression__easy__nalisha_numerical-feature-based-target-prediction-using-ml__practice_dataset.json,regression,target,linear,success,,,,,,10000.0,,,/home/joshua/Code/ai_projects/amalia/backend/data/uploads/datasets/regression/easy/nalisha_numerical-feature-based-target-prediction-using-ml/practice_dataset.csv,/home/joshua/Code/ai_projects/amalia/data/batch_results/batch_20260421164615_4d958e70mistral_final/models/regression__easy__nalisha_numerical-feature-based-target-prediction-using-ml__practice_dataset.pkl,3.0,"['1:load_csv', '2:train_regression_model', '3:evaluate_regression_model']",,,,,,,,,,50.0381,41.4775,2503.812,0.5674914034563738,260.3718,4,Mistral,easy
regression__easy__quantbruce_real-estate-price-prediction__Real estate,regression__easy__quantbruce_real-estate-price-prediction__Real estate.json,regression,Y house price of unit area,linear,success,,,,,,83.0,,,/home/joshua/Code/ai_projects/amalia/backend/data/uploads/datasets/regression/easy/quantbruce_real-estate-price-prediction/Real estate.csv,/home/joshua/Code/ai_projects/amalia/backend/models/regression_model.pkl,2.0,"['1:load_csv', '2:train_regression_model']",regression,,,-0.1165,331.0,"['No', 'X1 transaction date', 'X2 house age', 'X3 distance to the nearest MRT station', 'X4 number of convenience stores', 'X5 latitude', 'X6 longitude']",/home/joshua/Code/ai_projects/amalia/backend/models/regression_model.pkl,0.5593,0.6758,7.5969,5.4899,57.7124,,,4,Mistral,easy
regression__easy__ranitsarkar01_porter-delivery-time-estimation__dataset,regression__easy__ranitsarkar01_porter-delivery-time-estimation__dataset.json,regression,total_outstanding_orders,linear,failed,"Input X contains NaN.
LinearRegression does not accept missing values encoded as NaN natively. For supervised learning, you might want to consider sklearn.ensemble.HistGradientBoostingClassifier and Regressor which accept missing values encoded as NaNs natively. Alternatively, it is possible to preprocess the data, for instance by using an imputer transformer in a pipeline or drop samples with missing values. See https://scikit-learn.org/stable/modules/impute.html You can find a list of all estimators that handle NaN values at the following page: https://scikit-learn.org/stable/modules/impute.html#estimators-that-handle-nan-values",,,,,,,,,,,,,,,,,,,,,,,,,,4,Mistral,easy
regression__easy__sakshisatre_the-boston-housing-dataset__Boston (1),regression__easy__sakshisatre_the-boston-housing-dataset__Boston (1).json,regression,MEDV,linear,success,,,,,,506.0,,,/home/joshua/Code/ai_projects/amalia/backend/data/uploads/datasets/regression/easy/sakshisatre_the-boston-housing-dataset/Boston (1).csv,/home/joshua/Code/ai_projects/amalia/data/batch_results/batch_20260421164615_4d958e70mistral_final/models/regression__easy__sakshisatre_the-boston-housing-dataset__Boston (1).pkl,3.0,"['1:load_csv', '2:train_regression_model', '3:evaluate_regression_model']",,,,,,,,,,4.6947,3.2988,22.0407,0.7223622191862535,16.6655,4,Mistral,easy
regression__easy__thedevastator_age-prediction-for-individuals-using-multi-omic__test_rows,regression__easy__thedevastator_age-prediction-for-individuals-using-multi-omic__test_rows.json,regression,KLF14_2,linear,success,,,,,,104.0,,,/home/joshua/Code/ai_projects/amalia/backend/data/uploads/datasets/regression/easy/thedevastator_age-prediction-for-individuals-using-multi-omic/test_rows.csv,/home/joshua/Code/ai_projects/amalia/data/batch_results/batch_20260421164615_4d958e70mistral_final/models/regression__easy__thedevastator_age-prediction-for-individuals-using-multi-omic__test_rows.pkl,3.0,"['1:load_csv', '2:train_regression_model', '3:evaluate_regression_model']",,,,,,,,,,1.3975,1.0866,1.953,0.5299779804958037,52.356,4,Mistral,easy
regression__easy__zubairdhuddi_linear-regression__test,regression__easy__zubairdhuddi_linear-regression__test.json,regression,y,linear,success,,,,,,60.0,,,/home/joshua/Code/ai_projects/amalia/backend/data/uploads/datasets/regression/easy/zubairdhuddi_linear-regression/test.csv,/home/joshua/Code/ai_projects/amalia/backend/models/linear_regression_test_model.pkl,1.0,['1:train_regression_model'],regression,,,-0.0019,240.0,['x'],/home/joshua/Code/ai_projects/amalia/backend/models/linear_regression_test_model.pkl,0.9887,0.9906,2.8216,2.1583,7.9614,,,4,Mistral,easy
regression__hard__anujsaha0123456789_house-prices-cleaned-dataset-for-regression-ml__house_prices_cleaned,regression__hard__anujsaha0123456789_house-prices-cleaned-dataset-for-regression-ml__house_prices_cleaned.json,regression,SalePrice,svr,success,,,,,,1460.0,,,/home/joshua/Code/ai_projects/amalia/backend/data/uploads/datasets/regression/hard/anujsaha0123456789_house-prices-cleaned-dataset-for-regression-ml/house_prices_cleaned.csv,/home/joshua/Code/ai_projects/amalia/data/batch_results/batch_20260421164615_4d958e70mistral_final/models/regression__hard__anujsaha0123456789_house-prices-cleaned-dataset-for-regression-ml__house_prices_cleaned.pkl,3.0,"['1:load_csv', '2:train_regression_model', '3:evaluate_regression_model']",,,,,,,,,,80981.1703,55540.0192,6557949939.5246,-0.0235785096682885,32.1043,4,Mistral,hard
regression__hard__bharatsahu_house-price-prediction-dataset-insurancehub-usa__House_price_multifeatures,regression__hard__bharatsahu_house-price-prediction-dataset-insurancehub-usa__House_price_multifeatures.json,classification,TTTerritory,decision_tree,failed,Input contains NaN,,,,,,,,,,,,,,,,,,,,,,,,,,4,Mistral,hard
regression__hard__bjaton_housepricesadvancedregressiontechniquestrain__train,regression__hard__bjaton_housepricesadvancedregressiontechniquestrain__train.json,regression,SalePrice,ridge,failed,"Input X contains NaN.
Ridge does not accept missing values encoded as NaN natively. For supervised learning, you might want to consider sklearn.ensemble.HistGradientBoostingClassifier and Regressor which accept missing values encoded as NaNs natively. Alternatively, it is possible to preprocess the data, for instance by using an imputer transformer in a pipeline or drop samples with missing values. See https://scikit-learn.org/stable/modules/impute.html You can find a list of all estimators that handle NaN values at the following page: https://scikit-learn.org/stable/modules/impute.html#estimators-that-handle-nan-values",,,,,,,,,,,,,,,,,,,,,,,,,,4,Mistral,hard
regression__hard__bobnau_daily-website-visitors__daily-website-visitors,regression__hard__bobnau_daily-website-visitors__daily-website-visitors.json,regression,Returning.Visits,linear,failed,"could not convert string to float: '1,036'",,,,,,,,,,,,,,,,,,,,,,,,,,4,Mistral,hard
regression__hard__deepcontractor_car-price-prediction-challenge__car_price_prediction,regression__hard__deepcontractor_car-price-prediction-challenge__car_price_prediction.json,regression,Price,random_forest,success,,,,,,19237.0,,,/home/joshua/Code/ai_projects/amalia/backend/data/uploads/datasets/regression/hard/deepcontractor_car-price-prediction-challenge/car_price_prediction_preprocessed.csv,/home/joshua/Code/ai_projects/amalia/backend/models/car_price_prediction_model.pkl,4.0,"['1:handle_missing_values', '1:encode_categorical', '2:train_regression_model', '3:evaluate_regression_model']",,,,,,,,,,85477.0567,3065.5139,7306327215.1562,0.7645940481259814,628.093,4,Mistral,hard
regression__hard__kanchana1990_colorado-real-estate-market-2026__colorado_real_estate_2026,regression__hard__kanchana1990_colorado-real-estate-market-2026__colorado_real_estate_2026.json,regression,garage,linear,failed,"Input X contains NaN.
LinearRegression does not accept missing values encoded as NaN natively. For supervised learning, you might want to consider sklearn.ensemble.HistGradientBoostingClassifier and Regressor which accept missing values encoded as NaNs natively. Alternatively, it is possible to preprocess the data, for instance by using an imputer transformer in a pipeline or drop samples with missing values. See https://scikit-learn.org/stable/modules/impute.html You can find a list of all estimators that handle NaN values at the following page: https://scikit-learn.org/stable/modules/impute.html#estimators-that-handle-nan-values",,,,,,,,,,,,,,,,,,,,,,,,,,4,Mistral,hard
regression__hard__milanvaddoriya_old-car-price-prediction__car_price,regression__hard__milanvaddoriya_old-car-price-prediction__car_price.json,regression,,,failed,get_column_info: Column 'None' not found,,,,,,,,,,,,,,,,,,,,,,,,,,4,Mistral,hard
regression__hard__spittman1248_cdc-data-nutrition-physical-activity-obesity__Nutrition__Physical_Activity__and_Obesity_-_Behavioral_Risk_Factor_Surveillance_System,regression__hard__spittman1248_cdc-data-nutrition-physical-activity-obesity__Nutrition__Physical_Activity__and_Obesity_-_Behavioral_Risk_Factor_Surveillance_System.json,classification,Class,naive_bayes,failed,"Input X contains NaN.
GaussianNB does not accept missing values encoded as NaN natively. For supervised learning, you might want to consider sklearn.ensemble.HistGradientBoostingClassifier and Regressor which accept missing values encoded as NaNs natively. Alternatively, it is possible to preprocess the data, for instance by using an imputer transformer in a pipeline or drop samples with missing values. See https://scikit-learn.org/stable/modules/impute.html You can find a list of all estimators that handle NaN values at the following page: https://scikit-learn.org/stable/modules/impute.html#estimators-that-handle-nan-values",,,,,,,,,,,,,,,,,,,,,,,,,,4,Mistral,hard
regression__hard__taweilo_mba-admission-dataset__MBA,regression__hard__taweilo_mba-admission-dataset__MBA.json,regression,gpa,linear,success,,,,,,692.0,,,/home/joshua/Code/ai_projects/amalia/backend/data/uploads/datasets/regression/hard/taweilo_mba-admission-dataset/MBA_processed.csv,/home/joshua/Code/ai_projects/amalia/backend/models/regression_linear_MBA.joblib,3.0,"['1:handle_missing_values', '2:train_regression_model', '3:evaluate_regression_model']",,,,,,,,,,0.1038,0.0833,0.0108,0.3196364499007348,2.4765,4,Mistral,hard
regression__hard__valakhorasani_tehran-house-prices-dataset__TehranHouse,regression__hard__valakhorasani_tehran-house-prices-dataset__TehranHouse.json,regression,Price(USD),linear,success,,,,,,3479.0,,,/home/joshua/Code/ai_projects/amalia/backend/data/uploads/datasets/regression/hard/valakhorasani_tehran-house-prices-dataset/TehranHouse.csv,/home/joshua/Code/ai_projects/amalia/data/batch_results/batch_20260421164615_4d958e70mistral_final/models/regression__hard__valakhorasani_tehran-house-prices-dataset__TehranHouse.pkl,3.0,"['1:load_csv', '2:train_regression_model', '3:evaluate_regression_model']",,,,,,,,,,0.0026,0.0021,0.0,1.0,0.0,4,Mistral,hard
regression__mid__CooperUnion_cardataset__data,regression__mid__CooperUnion_cardataset__data.json,regression,MSRP,linear,failed,"Input X contains NaN.
LinearRegression does not accept missing values encoded as NaN natively. For supervised learning, you might want to consider sklearn.ensemble.HistGradientBoostingClassifier and Regressor which accept missing values encoded as NaNs natively. Alternatively, it is possible to preprocess the data, for instance by using an imputer transformer in a pipeline or drop samples with missing values. See https://scikit-learn.org/stable/modules/impute.html You can find a list of all estimators that handle NaN values at the following page: https://scikit-learn.org/stable/modules/impute.html#estimators-that-handle-nan-values",,,,,,,,,,,,,,,,,,,,,,,,,,4,Mistral,medium
regression__mid__alamshihab075_health-and-lifestyle-data-for-diabetes-prediction__Diabetes_and_LifeStyle_Dataset ,regression__mid__alamshihab075_health-and-lifestyle-data-for-diabetes-prediction__Diabetes_and_LifeStyle_Dataset .json,regression,diagnosed_diabetes,ridge,success,,,,,,97297.0,,,/home/joshua/Code/ai_projects/amalia/backend/data/uploads/datasets/regression/mid/alamshihab075_health-and-lifestyle-data-for-diabetes-prediction/Diabetes_and_LifeStyle_Dataset .csv,/home/joshua/Code/ai_projects/amalia/data/batch_results/batch_20260421164615_4d958e70mistral_final/models/regression__mid__alamshihab075_health-and-lifestyle-data-for-diabetes-prediction__Diabetes_and_LifeStyle_Dataset .pkl,3.0,"['1:load_csv', '2:train_regression_model', '3:evaluate_regression_model']",,,,,,,,,,0.1363,0.0805,0.0186,0.9090036293823696,,4,Mistral,medium
regression__mid__camnugent_california-housing-prices__housing,regression__mid__camnugent_california-housing-prices__housing.json,regression,median_house_value,linear,failed,"Input X contains NaN.
LinearRegression does not accept missing values encoded as NaN natively. For supervised learning, you might want to consider sklearn.ensemble.HistGradientBoostingClassifier and Regressor which accept missing values encoded as NaNs natively. Alternatively, it is possible to preprocess the data, for instance by using an imputer transformer in a pipeline or drop samples with missing values. See https://scikit-learn.org/stable/modules/impute.html You can find a list of all estimators that handle NaN values at the following page: https://scikit-learn.org/stable/modules/impute.html#estimators-that-handle-nan-values",,,,,,,,,,,,,,,,,,,,,,,,,,4,Mistral,medium
regression__mid__harlfoxem_housesalesprediction__kc_house_data,regression__mid__harlfoxem_housesalesprediction__kc_house_data.json,regression,,,failed,can't multiply sequence by non-int of type 'numpy.float64',,,,,,,,,,,,,,,,,,,,,,,,,,4,Mistral,medium
regression__mid__hrokrin_the-largest-diamond-dataset-currely-on-kaggle__diamonds,regression__mid__hrokrin_the-largest-diamond-dataset-currely-on-kaggle__diamonds.json,classification,total_sales_price,naive_bayes,success,,0.5587920475928132,0.6016,0.5443,0.5247173552624274,219703.0,22202.0,False,/home/joshua/Code/ai_projects/amalia/backend/data/uploads/datasets/regression/mid/hrokrin_the-largest-diamond-dataset-currely-on-kaggle/diamonds.csv,/home/joshua/Code/ai_projects/amalia/data/batch_results/batch_20260421164615_4d958e70mistral_final/models/regression__mid__hrokrin_the-largest-diamond-dataset-currely-on-kaggle__diamonds.pkl,3.0,"['1:load_csv', '2:train_classification_model', '3:evaluate_classification_model']",,,,,,,,,,,,,,,4,Mistral,medium
regression__mid__lorenzozoppelletto_financial-risk-for-loan-approval__Loan,regression__mid__lorenzozoppelletto_financial-risk-for-loan-approval__Loan.json,regression,RiskScore,ridge,success,,,,,,20000.0,,,/home/joshua/Code/ai_projects/amalia/backend/data/uploads/datasets/regression/mid/lorenzozoppelletto_financial-risk-for-loan-approval/Loan.csv,/home/joshua/Code/ai_projects/amalia/data/batch_results/batch_20260421164615_4d958e70mistral_final/models/regression__mid__lorenzozoppelletto_financial-risk-for-loan-approval__Loan.pkl,3.0,"['1:load_csv', '2:train_regression_model', '3:evaluate_regression_model']",,,,,,,,,,1.9492,1.5056,3.7993,0.9622637037277404,3.0474,4,Mistral,medium
regression__mid__mirichoi0218_insurance__insurance,regression__mid__mirichoi0218_insurance__insurance.json,regression,charges,gradient_boosting,success,,,,,,1338.0,,,/home/joshua/Code/ai_projects/amalia/backend/data/uploads/datasets/regression/mid/mirichoi0218_insurance/insurance.csv,/home/joshua/Code/ai_projects/amalia/backend/models/regression_model.pkl,4.0,"['1:load_csv', '1:infer_data_types', '2:train_regression_model', '3:evaluate_regression_model']",,,,,,,,,,3850.9558,2162.0931,14829860.2228,0.8473344101154042,26.6765,4,Mistral,medium
regression__mid__ranitsarkar01_porter-delivery-time-estimation__dataset,regression__mid__ranitsarkar01_porter-delivery-time-estimation__dataset.json,regression,,,failed,filter_rows: Unknown condition: notnull,,,,,,,,,,,,,,,,,,,,,,,,,,4,Mistral,medium
regression__mid__rupals_gpu-runtime__sgemm_product,regression__mid__rupals_gpu-runtime__sgemm_product.json,regression,,,failed,get_column_info: Column 'None' not found,,,,,,,,,,,,,,,,,,,,,,,,,,4,Mistral,medium
regression__mid__yasserh_uber-fares-dataset__uber,regression__mid__yasserh_uber-fares-dataset__uber.json,regression,,,failed,get_column_info: Column 'None' not found,,,,,,,,,,,,,,,,,,,,,,,,,,4,Mistral,medium
classification__easy__abhishek14398_heart-disease-classification__heart,classification__easy__abhishek14398_heart-disease-classification__heart.json,classification,target,logistic,success,,0.856904147350281,0.8531,0.9152,0.8785210514571833,303.0,2.0,True,/home/joshua/Code/ai_projects/amalia/backend/data/uploads/datasets/classification/easy/abhishek14398_heart-disease-classification/heart.csv,/home/joshua/Code/ai_projects/amalia/data/batch_results/batch_20260421164615_4d958e70mistral_final/models/classification__easy__abhishek14398_heart-disease-classification__heart.pkl,3.0,"['1:load_csv', '2:train_classification_model', '3:evaluate_classification_model']",,,,,,,,,,,,,,,5,Mistral,easy
classification__easy__brsahan_genomic-data-for-cancer__gene_expression,classification__easy__brsahan_genomic-data-for-cancer__gene_expression.json,classification,Cancer Present,logistic,success,,,,,,600.0,2.0,,/home/joshua/Code/ai_projects/amalia/backend/data/uploads/datasets/classification/easy/brsahan_genomic-data-for-cancer/gene_expression.csv,/home/joshua/Code/ai_projects/amalia/data/batch_results/batch_20260421164615_4d958e70mistral_final/models/classification__easy__brsahan_genomic-data-for-cancer__gene_expression.pkl,4.0,"['1:load_csv', '1:validate_csv_structure', '1:detect_duplicates', '2:train_classification_model']",classification,0.8542,0.8667,-0.0125,2400.0,"['Gene One', 'Gene Two']",/home/joshua/Code/ai_projects/amalia/data/batch_results/batch_20260421164615_4d958e70mistral_final/models/classification__easy__brsahan_genomic-data-for-cancer__gene_expression.pkl,,,,,,,,5,Mistral,easy
classification__easy__fedesoriano_stellar-classification-dataset-sdss17__star_classification,classification__easy__fedesoriano_stellar-classification-dataset-sdss17__star_classification.json,classification,,,failed,get_column_info: Column 'None' not found,,,,,,,,,,,,,,,,,,,,,,,,,,5,Mistral,easy
classification__easy__himanshunakrani_naive-bayes-classification-data__Naive-Bayes-Classification-Data,classification__easy__himanshunakrani_naive-bayes-classification-data__Naive-Bayes-Classification-Data.json,classification,diabetes,naive_bayes,success,,,,,,199.0,2.0,,/home/joshua/Code/ai_projects/amalia/backend/data/uploads/datasets/classification/easy/himanshunakrani_naive-bayes-classification-data/Naive-Bayes-Classification-Data.csv,/home/joshua/Code/ai_projects/amalia/data/batch_results/batch_20260421164615_4d958e70mistral_final/models/classification__easy__himanshunakrani_naive-bayes-classification-data__Naive-Bayes-Classification-Data.pkl,3.0,"['1:load_csv', '2:remove_duplicates', '3:train_classification_model']",classification,0.9347,0.9296,0.005,796.0,"['glucose', 'bloodpressure']",/home/joshua/Code/ai_projects/amalia/data/batch_results/batch_20260421164615_4d958e70mistral_final/models/classification__easy__himanshunakrani_naive-bayes-classification-data__Naive-Bayes-Classification-Data.pkl,,,,,,,,5,Mistral,easy
classification__easy__mahmoudshaheen1134_heart-disease-data__heart disease,classification__easy__mahmoudshaheen1134_heart-disease-data__heart disease.json,classification,target,logistic,success,,0.8455507511653669,0.8531,0.9173,0.9100183591603046,242.0,2.0,True,/home/joshua/Code/ai_projects/amalia/backend/data/uploads/heart disease_train.csv,/home/joshua/Code/ai_projects/amalia/backend/models/heart_disease_model.pkl,5.0,"['1:load_csv', '2:validate_csv_structure', '3:split_dataset', '4:train_classification_model', '5:evaluate_classification_model']",,,,,,,,,,,,,,,5,Mistral,easy
classification__easy__priyanshusethi_happiness-classification-dataset__happydata,classification__easy__priyanshusethi_happiness-classification-dataset__happydata.json,classification,,,failed,get_column_info: Column 'None' not found,,,,,,,,,,,,,,,,,,,,,,,,,,5,Mistral,easy
classification__easy__ritwikb3_heart-disease-cleveland__Heart_disease_cleveland_new,classification__easy__ritwikb3_heart-disease-cleveland__Heart_disease_cleveland_new.json,classification,,,success,,,,,,,,,/home/joshua/Code/ai_projects/amalia/backend/data/uploads/datasets/classification/easy/ritwikb3_heart-disease-cleveland/Heart_disease_cleveland_new.csv,,0.0,[],,,,,,,,,,,,,,,5,Mistral,easy
classification__easy__ritwikb3_heart-disease-statlog__Heart_disease_statlog,classification__easy__ritwikb3_heart-disease-statlog__Heart_disease_statlog.json,classification,target,logistic,success,,0.8765388145593358,0.8661,0.8083,0.8587270090198005,270.0,2.0,True,/home/joshua/Code/ai_projects/amalia/backend/data/uploads/datasets/classification/easy/ritwikb3_heart-disease-statlog/Heart_disease_statlog.csv,/home/joshua/Code/ai_projects/amalia/data/batch_results/batch_20260421164615_4d958e70mistral_final/models/classification__easy__ritwikb3_heart-disease-statlog__Heart_disease_statlog.pkl,3.0,"['1:load_csv', '2:train_classification_model', '3:evaluate_classification_model']",,,,,,,,,,,,,,,5,Mistral,easy
classification__easy__robikscube_eye-state-classification-eeg-dataset__EEG_Eye_State_Classification,classification__easy__robikscube_eye-state-classification-eeg-dataset__EEG_Eye_State_Classification.json,classification,eyeDetection,logistic,success,,0.6589929562160451,0.6417,0.4651,0.5280678665946851,14980.0,2.0,True,/home/joshua/Code/ai_projects/amalia/backend/data/uploads/datasets/classification/easy/robikscube_eye-state-classification-eeg-dataset/EEG_Eye_State_Classification.csv,/home/joshua/Code/ai_projects/amalia/data/batch_results/batch_20260421164615_4d958e70mistral_final/models/classification__easy__robikscube_eye-state-classification-eeg-dataset__EEG_Eye_State_Classification.pkl,3.0,"['1:load_csv', '2:train_classification_model', '3:evaluate_classification_model']",,,,,,,,,,,,,,,5,Mistral,easy
classification__easy__uciml_glass__glass,classification__easy__uciml_glass__glass.json,classification,Type,logistic,success,,0.6538386492976777,0.6124,0.6542,0.6185687082906424,214.0,6.0,False,/home/joshua/Code/ai_projects/amalia/backend/data/uploads/datasets/classification/easy/uciml_glass/glass.csv,/home/joshua/Code/ai_projects/amalia/data/batch_results/batch_20260421164615_4d958e70mistral_final/models/classification__easy__uciml_glass__glass.pkl,3.0,"['1:load_csv', '2:train_classification_model', '3:evaluate_classification_model']",,,,,,,,,,,,,,,5,Mistral,easy
classification__easy__yasserh_heart-disease-dataset__heart,classification__easy__yasserh_heart-disease-dataset__heart.json,classification,target,logistic,success,,0.8468035239132097,0.8531,0.9152,0.8823717930539727,303.0,2.0,True,/home/joshua/Code/ai_projects/amalia/backend/data/uploads/datasets/classification/easy/yasserh_heart-disease-dataset/heart.csv,/home/joshua/Code/ai_projects/amalia/data/batch_results/batch_20260421164615_4d958e70mistral_final/models/classification__easy__yasserh_heart-disease-dataset__heart.pkl,3.0,"['1:load_csv', '2:train_classification_model', '3:evaluate_classification_model']",,,,,,,,,,,,,,,5,Mistral,easy
classification__easy__yasserh_wine-quality-dataset__WineQT,classification__easy__yasserh_wine-quality-dataset__WineQT.json,classification,,,failed,Workflow has no executable steps,,,,,,,,,,,,,,,,,,,,,,,,,,5,Mistral,easy
classification__hard__abhishek14398_loan-dataset__loan,classification__hard__abhishek14398_loan-dataset__loan.json,classification,total_il_high_credit_limit,naive_bayes,failed,Input y contains NaN.,,,,,,,,,,,,,,,,,,,,,,,,,,5,Mistral,hard
classification__hard__andrewmvd_cyberbullying-classification__cyberbullying_tweets,classification__hard__andrewmvd_cyberbullying-classification__cyberbullying_tweets.json,classification,cyberbullying_type,logistic,success,,0.8943675604827098,0.8949,0.8899,0.8804883886719749,47692.0,6.0,False,/home/joshua/Code/ai_projects/amalia/backend/data/uploads/datasets/classification/hard/andrewmvd_cyberbullying-classification/cyberbullying_tweets.csv,/home/joshua/Code/ai_projects/amalia/data/batch_results/batch_20260421164615_4d958e70mistral_final/models/classification__hard__andrewmvd_cyberbullying-classification__cyberbullying_tweets.pkl,3.0,"['1:load_csv', '2:train_classification_model', '3:evaluate_classification_model']",,,,,,,,,,,,,,,5,Mistral,hard
classification__hard__balaka18_email-spam-classification-dataset-csv__emails,classification__hard__balaka18_email-spam-classification-dataset-csv__emails.json,classification,target,svm,success,,0.969226281844056,0.9743,0.987,1.0,5172.0,7.0,False,/home/joshua/Code/ai_projects/amalia/backend/data/uploads/datasets/classification/hard/balaka18_email-spam-classification-dataset-csv/emails.csv,/home/joshua/Code/ai_projects/amalia/data/batch_results/batch_20260421164615_4d958e70mistral_final/models/classification__hard__balaka18_email-spam-classification-dataset-csv__emails.pkl,3.0,"['1:load_csv', '2:train_classification_model', '3:evaluate_classification_model']",,,,,,,,,,,,,,,5,Mistral,hard
classification__hard__ddosad_ecommerce-customer-service-satisfaction__Customer_support_data,classification__hard__ddosad_ecommerce-customer-service-satisfaction__Customer_support_data.json,classification,CSAT Score,logistic,failed,"Input X contains NaN.
LogisticRegression does not accept missing values encoded as NaN natively. For supervised learning, you might want to consider sklearn.ensemble.HistGradientBoostingClassifier and Regressor which accept missing values encoded as NaNs natively. Alternatively, it is possible to preprocess the data, for instance by using an imputer transformer in a pipeline or drop samples with missing values. See https://scikit-learn.org/stable/modules/impute.html You can find a list of all estimators that handle NaN values at the following page: https://scikit-learn.org/stable/modules/impute.html#estimators-that-handle-nan-values",,,,,,,,,,,,,,,,,,,,,,,,,,5,Mistral,hard
classification__hard__hetulmehta_website-classification__website_classification,classification__hard__hetulmehta_website-classification__website_classification.json,classification,Category,logistic,success,,0.5586017241403374,0.6073,0.5682,0.5045793319769966,1408.0,16.0,False,/home/joshua/Code/ai_projects/amalia/backend/data/uploads/datasets/classification/hard/hetulmehta_website-classification/website_classification.csv,/home/joshua/Code/ai_projects/amalia/data/batch_results/batch_20260421164615_4d958e70mistral_final/models/classification__hard__hetulmehta_website-classification__website_classification.pkl,3.0,"['1:load_csv', '2:train_classification_model', '3:evaluate_classification_model']",,,,,,,,,,,,,,,5,Mistral,hard
classification__hard__jocelyndumlao_consumer-review-of-clothing-product__Consumer Review of Clothing Product__data_amazon.xlsx - Sheet1,classification__hard__jocelyndumlao_consumer-review-of-clothing-product__Consumer Review of Clothing Product__data_amazon.xlsx - Sheet1.json,classification,Durability,gradient_boosting,failed,"Input X contains NaN.
GradientBoostingClassifier does not accept missing values encoded as NaN natively. For supervised learning, you might want to consider sklearn.ensemble.HistGradientBoostingClassifier and Regressor which accept missing values encoded as NaNs natively. Alternatively, it is possible to preprocess the data, for instance by using an imputer transformer in a pipeline or drop samples with missing values. See https://scikit-learn.org/stable/modules/impute.html You can find a list of all estimators that handle NaN values at the following page: https://scikit-learn.org/stable/modules/impute.html#estimators-that-handle-nan-values",,,,,,,,,,,,,,,,,,,,,,,,,,5,Mistral,hard
classification__hard__pashupatigupta_emotion-detection-from-text__tweet_emotions,classification__hard__pashupatigupta_emotion-detection-from-text__tweet_emotions.json,classification,,,failed,"random_state must be an integer, array-like, a BitGenerator, Generator, a numpy RandomState, or None",,,,,,,,,,,,,,,,,,,,,,,,,,5,Mistral,hard
classification__hard__prox37_twitter-multilabel-classification-dataset__mLabel_tweets,classification__hard__prox37_twitter-multilabel-classification-dataset__mLabel_tweets.json,classification,labels,logistic,success,,,,,,1985.0,288.0,,/home/joshua/Code/ai_projects/amalia/backend/data/uploads/datasets/classification/hard/prox37_twitter-multilabel-classification-dataset/mLabel_tweets.csv,/home/joshua/Code/ai_projects/amalia/data/batch_results/batch_20260421164615_4d958e70mistral_final/models/classification__hard__prox37_twitter-multilabel-classification-dataset__mLabel_tweets.pkl,2.0,"['1:encode_categorical', '2:train_classification_model']",classification,0.2906,0.2907,-0.0001,7936.0,"['ID', 'tweet']",/home/joshua/Code/ai_projects/amalia/data/batch_results/batch_20260421164615_4d958e70mistral_final/models/classification__hard__prox37_twitter-multilabel-classification-dataset__mLabel_tweets.pkl,,,,,,,,5,Mistral,hard
classification__hard__saurabhshahane_ecommerce-text-classification__ecommerceDataset,classification__hard__saurabhshahane_ecommerce-text-classification__ecommerceDataset.json,classification,"Paper Plane Design Framed Wall Hanging Motivational Office Decor Art Prints (8.7 X 8.7 inch) - Set of 4 Painting made up in synthetic frame with uv textured print which gives multi effects and attracts towards it. This is an special series of paintings which makes your wall very beautiful and gives a royal touch. This painting is ready to hang, you would be proud to possess this unique painting that is a niche apart. We use only the most modern and efficient printing technology on our prints, with only the and inks and precision epson, roland and hp printers. This innovative hd printing technique results in durable and spectacular looking prints of the highest that last a lifetime. We print solely with top-notch 100% inks, to achieve brilliant and true colours. Due to their high level of uv resistance, our prints retain their beautiful colours for many years. Add colour and style to your living space with this digitally printed painting. Some are for pleasure and some for eternal bliss.so bring home this elegant print that is lushed with rich colors that makes it nothing but sheer elegance to be to your friends and family.it would be treasured forever by whoever your lucky recipient is. Liven up your place with these intriguing paintings that are high definition hd graphic digital prints for home, office or any room.",logistic,failed,Input contains NaN,,,,,,,,,,,,,,,,,,,,,,,,,,5,Mistral,hard
classification__hard__shivamb_spam-url-prediction__url_spam_classification,classification__hard__shivamb_spam-url-prediction__url_spam_classification.json,classification,is_spam,logistic,success,,0.8559424917782605,0.6732,0.7047,0.713392853792049,148303.0,2.0,True,/home/joshua/Code/ai_projects/amalia/backend/data/uploads/datasets/classification/hard/shivamb_spam-url-prediction/url_spam_classification.csv,/home/joshua/Code/ai_projects/amalia/data/batch_results/batch_20260421164615_4d958e70mistral_final/models/classification__hard__shivamb_spam-url-prediction__url_spam_classification.pkl,3.0,"['1:load_csv', '2:train_classification_model', '3:evaluate_classification_model']",,,,,,,,,,,,,,,5,Mistral,hard
classification__mid__andrewmvd_cyberbullying-classification__cyberbullying_tweets,classification__mid__andrewmvd_cyberbullying-classification__cyberbullying_tweets.json,classification,cyberbullying_type,logistic,success,,0.8831069302381448,0.8949,0.8899,0.8707569579275546,47692.0,6.0,False,/home/joshua/Code/ai_projects/amalia/backend/data/uploads/datasets/classification/mid/andrewmvd_cyberbullying-classification/cyberbullying_tweets.csv,/home/joshua/Code/ai_projects/amalia/data/batch_results/batch_20260421164615_4d958e70mistral_final/models/classification__mid__andrewmvd_cyberbullying-classification__cyberbullying_tweets.pkl,4.0,"['1:load_csv', '2:get_basic_stats', '3:train_classification_model', '4:evaluate_classification_model']",,,,,,,,,,,,,,,5,Mistral,medium
classification__mid__christianlillelund_csgo-round-winner-classification__csgo_round_snapshots,classification__mid__christianlillelund_csgo-round-winner-classification__csgo_round_snapshots.json,classification,round_winner,decision_tree,failed,"pos_label=1 is not a valid label. It should be one of ['CT', 'T']",,,,,,,,,,,,,,,,,,,,,,,,,,5,Mistral,medium
classification__mid__fedesoriano_heart-failure-prediction__heart,classification__mid__fedesoriano_heart-failure-prediction__heart.json,classification,HeartDisease,logistic,success,,0.8313007434175532,0.8672,0.874,0.8879433958742745,918.0,2.0,True,/home/joshua/Code/ai_projects/amalia/backend/data/uploads/datasets/classification/mid/fedesoriano_heart-failure-prediction/heart.csv,/home/joshua/Code/ai_projects/amalia/data/batch_results/batch_20260421164615_4d958e70mistral_final/models/classification__mid__fedesoriano_heart-failure-prediction__heart.pkl,3.0,"['1:load_csv', '2:train_classification_model', '3:evaluate_classification_model']",,,,,,,,,,,,,,,5,Mistral,medium
classification__mid__fedesoriano_stellar-classification-dataset-sdss17__star_classification,classification__mid__fedesoriano_stellar-classification-dataset-sdss17__star_classification.json,classification,,,failed,"random_state must be an integer, array-like, a BitGenerator, Generator, a numpy RandomState, or None",,,,,,,,,,,,,,,,,,,,,,,,,,5,Mistral,medium
classification__mid__nimapourmoradi_dry-bean-dataset-classification__Dry_Bean_Dataset,classification__mid__nimapourmoradi_dry-bean-dataset-classification__Dry_Bean_Dataset.json,classification,Class,logistic,success,,,,,,2723.0,7.0,,/home/joshua/Code/ai_projects/amalia/backend/data/uploads/datasets/classification/mid/nimapourmoradi_dry-bean-dataset-classification/Dry_Bean_Dataset.csv,/home/joshua/Code/ai_projects/amalia/data/batch_results/batch_20260421164615_4d958e70mistral_final/models/classification__mid__nimapourmoradi_dry-bean-dataset-classification__Dry_Bean_Dataset.pkl,3.0,"['1:load_csv', '2:get_basic_stats', '3:train_classification_model']",classification,0.8803,0.8707,0.0096,10888.0,"['Area', 'Perimeter', 'MajorAxisLength', 'MinorAxisLength', 'AspectRation', 'Eccentricity', 'ConvexArea', 'EquivDiameter', 'Extent', 'Solidity', 'roundness', 'Compactness', 'ShapeFactor1', 'ShapeFactor2', 'ShapeFactor3', 'ShapeFactor4']",/home/joshua/Code/ai_projects/amalia/data/batch_results/batch_20260421164615_4d958e70mistral_final/models/classification__mid__nimapourmoradi_dry-bean-dataset-classification__Dry_Bean_Dataset.pkl,,,,,,,,5,Mistral,medium
classification__mid__tanishqdublish_text-classification-documentation__df_file,classification__mid__tanishqdublish_text-classification-documentation__df_file.json,classification,Label,logistic,success,,0.9968586756594936,0.9996,0.9996,1.0,2225.0,5.0,False,/home/joshua/Code/ai_projects/amalia/backend/data/uploads/datasets/classification/mid/tanishqdublish_text-classification-documentation/df_file.csv,/home/joshua/Code/ai_projects/amalia/data/batch_results/batch_20260421164615_4d958e70mistral_final/models/classification__mid__tanishqdublish_text-classification-documentation__df_file.pkl,3.0,"['1:load_csv', '2:train_classification_model', '3:evaluate_classification_model']",,,,,,,,,,,,,,,5,Mistral,medium
classification__mid__uciml_iris__Iris,classification__mid__uciml_iris__Iris.json,classification,Species,logistic,success,,,,,,30.0,3.0,,/home/joshua/Code/ai_projects/amalia/backend/data/uploads/datasets/classification/mid/uciml_iris/Iris.csv,/home/joshua/Code/ai_projects/amalia/data/batch_results/batch_20260421164615_4d958e70mistral_final/models/classification__mid__uciml_iris__Iris.pkl,2.0,"['1:encode_categorical', '2:train_classification_model']",classification,1.0,1.0,0.0,120.0,"['Id', 'SepalLengthCm', 'SepalWidthCm', 'PetalLengthCm', 'PetalWidthCm']",/home/joshua/Code/ai_projects/amalia/data/batch_results/batch_20260421164615_4d958e70mistral_final/models/classification__mid__uciml_iris__Iris.pkl,,,,,,,,5,Mistral,medium
classification__mid__uciml_pima-indians-diabetes-database__diabetes,classification__mid__uciml_pima-indians-diabetes-database__diabetes.json,classification,Outcome,logistic,success,,0.7685772925921442,0.6947,0.5858,0.5965670949450687,768.0,2.0,True,/home/joshua/Code/ai_projects/amalia/backend/data/uploads/datasets/classification/mid/uciml_pima-indians-diabetes-database/diabetes.csv,/home/joshua/Code/ai_projects/amalia/data/batch_results/batch_20260421164615_4d958e70mistral_final/models/classification__mid__uciml_pima-indians-diabetes-database__diabetes.pkl,3.0,"['1:load_csv', '2:train_classification_model', '3:evaluate_classification_model']",,,,,,,,,,,,,,,5,Mistral,medium
classification__mid__xhlulu_cpc-codes__titles,classification__mid__xhlulu_cpc-codes__titles.json,classification,class,logistic,failed,"Input X contains NaN.
LogisticRegression does not accept missing values encoded as NaN natively. For supervised learning, you might want to consider sklearn.ensemble.HistGradientBoostingClassifier and Regressor which accept missing values encoded as NaNs natively. Alternatively, it is possible to preprocess the data, for instance by using an imputer transformer in a pipeline or drop samples with missing values. See https://scikit-learn.org/stable/modules/impute.html You can find a list of all estimators that handle NaN values at the following page: https://scikit-learn.org/stable/modules/impute.html#estimators-that-handle-nan-values",,,,,,,,,,,,,,,,,,,,,,,,,,5,Mistral,medium
classification__mid__yasserh_titanic-dataset__Titanic-Dataset,classification__mid__yasserh_titanic-dataset__Titanic-Dataset.json,classification,Survived,logistic,failed,"Input X contains NaN.
LogisticRegression does not accept missing values encoded as NaN natively. For supervised learning, you might want to consider sklearn.ensemble.HistGradientBoostingClassifier and Regressor which accept missing values encoded as NaNs natively. Alternatively, it is possible to preprocess the data, for instance by using an imputer transformer in a pipeline or drop samples with missing values. See https://scikit-learn.org/stable/modules/impute.html You can find a list of all estimators that handle NaN values at the following page: https://scikit-learn.org/stable/modules/impute.html#estimators-that-handle-nan-values",,,,,,,,,,,,,,,,,,,,,,,,,,5,Mistral,medium
regression__easy__ganjerlawrence_mobile-phone-price-prediction-cleaned-dataset__Mobile-Price-Prediction-cleaned_data,regression__easy__ganjerlawrence_mobile-phone-price-prediction-cleaned-dataset__Mobile-Price-Prediction-cleaned_data.json,regression,Price,linear,success,,,,,,94.0,,,/home/joshua/Code/ai_projects/amalia/backend/data/uploads/datasets/regression/easy/ganjerlawrence_mobile-phone-price-prediction-cleaned-dataset/Mobile-Price-Prediction-cleaned_data.csv,/home/joshua/Code/ai_projects/amalia/data/batch_results/batch_20260421164615_4d958e70mistral_final/models/regression__easy__ganjerlawrence_mobile-phone-price-prediction-cleaned-dataset__Mobile-Price-Prediction-cleaned_data.pkl,1.0,['1:train_regression_model'],regression,,,0.1973,372.0,"['Ratings', 'RAM', 'ROM', 'Mobile_Size', 'Primary_Cam', 'Selfi_Cam', 'Battery_Power']",/home/joshua/Code/ai_projects/amalia/data/batch_results/batch_20260421164615_4d958e70mistral_final/models/regression__easy__ganjerlawrence_mobile-phone-price-prediction-cleaned-dataset__Mobile-Price-Prediction-cleaned_data.pkl,0.4831,0.2858,17094.0315,8626.7143,292205913.1856,,,5,Mistral,easy
regression__easy__govindaramsriram_crop-yield-of-a-farm__crop_yield_data,regression__easy__govindaramsriram_crop-yield-of-a-farm__crop_yield_data.json,regression,crop_yield,linear,success,,,,,,3000.0,,,/home/joshua/Code/ai_projects/amalia/backend/data/uploads/datasets/regression/easy/govindaramsriram_crop-yield-of-a-farm/crop_yield_data.csv,/home/joshua/Code/ai_projects/amalia/data/batch_results/batch_20260421164615_4d958e70mistral_final/models/regression__easy__govindaramsriram_crop-yield-of-a-farm__crop_yield_data.pkl,3.0,"['1:load_csv', '2:train_regression_model', '3:evaluate_regression_model']",,,,,,,,,,0.2915,0.2518,0.085,1.0,0.1015,5,Mistral,easy
regression__easy__nalisha_numerical-feature-based-target-prediction-using-ml__practice_dataset,regression__easy__nalisha_numerical-feature-based-target-prediction-using-ml__practice_dataset.json,regression,target,linear,success,,,,,,10000.0,,,/home/joshua/Code/ai_projects/amalia/backend/data/uploads/datasets/regression/easy/nalisha_numerical-feature-based-target-prediction-using-ml/practice_dataset.csv,/home/joshua/Code/ai_projects/amalia/data/batch_results/batch_20260421164615_4d958e70mistral_final/models/regression__easy__nalisha_numerical-feature-based-target-prediction-using-ml__practice_dataset.pkl,3.0,"['1:load_csv', '2:train_regression_model', '3:evaluate_regression_model']",,,,,,,,,,50.0381,41.4775,2503.812,0.5325142388648967,260.3718,5,Mistral,easy
regression__easy__quantbruce_real-estate-price-prediction__Real estate,regression__easy__quantbruce_real-estate-price-prediction__Real estate.json,regression,Y house price of unit area,linear,success,,,,,,83.0,,,/home/joshua/Code/ai_projects/amalia/backend/data/uploads/datasets/regression/easy/quantbruce_real-estate-price-prediction/Real estate.csv,/home/joshua/Code/ai_projects/amalia/backend/models/regression_model.pkl,2.0,"['1:load_csv', '2:train_regression_model']",regression,,,-0.1165,331.0,"['No', 'X1 transaction date', 'X2 house age', 'X3 distance to the nearest MRT station', 'X4 number of convenience stores', 'X5 latitude', 'X6 longitude']",/home/joshua/Code/ai_projects/amalia/backend/models/regression_model.pkl,0.5593,0.6758,7.5969,5.4899,57.7124,,,5,Mistral,easy
regression__easy__ranitsarkar01_porter-delivery-time-estimation__dataset,regression__easy__ranitsarkar01_porter-delivery-time-estimation__dataset.json,regression,total_outstanding_orders,linear,failed,"Input X contains NaN.
LinearRegression does not accept missing values encoded as NaN natively. For supervised learning, you might want to consider sklearn.ensemble.HistGradientBoostingClassifier and Regressor which accept missing values encoded as NaNs natively. Alternatively, it is possible to preprocess the data, for instance by using an imputer transformer in a pipeline or drop samples with missing values. See https://scikit-learn.org/stable/modules/impute.html You can find a list of all estimators that handle NaN values at the following page: https://scikit-learn.org/stable/modules/impute.html#estimators-that-handle-nan-values",,,,,,,,,,,,,,,,,,,,,,,,,,5,Mistral,easy
regression__easy__sakshisatre_the-boston-housing-dataset__Boston (1),regression__easy__sakshisatre_the-boston-housing-dataset__Boston (1).json,regression,MEDV,linear,success,,,,,,506.0,,,/home/joshua/Code/ai_projects/amalia/backend/data/uploads/datasets/regression/easy/sakshisatre_the-boston-housing-dataset/Boston (1).csv,/home/joshua/Code/ai_projects/amalia/data/batch_results/batch_20260421164615_4d958e70mistral_final/models/regression__easy__sakshisatre_the-boston-housing-dataset__Boston (1).pkl,3.0,"['1:load_csv', '2:train_regression_model', '3:evaluate_regression_model']",,,,,,,,,,4.6947,3.2988,22.0407,0.7372629617788873,16.6655,5,Mistral,easy
regression__easy__thedevastator_age-prediction-for-individuals-using-multi-omic__test_rows,regression__easy__thedevastator_age-prediction-for-individuals-using-multi-omic__test_rows.json,regression,KLF14_2,linear,failed,,,,,,104.0,,,/home/joshua/Code/ai_projects/amalia/backend/data/uploads/datasets/regression/easy/thedevastator_age-prediction-for-individuals-using-multi-omic/test_rows.csv,/home/joshua/Code/ai_projects/amalia/data/batch_results/batch_20260421164615_4d958e70mistral_final/models/regression__easy__thedevastator_age-prediction-for-individuals-using-multi-omic__test_rows.pkl,3.0,"['1:load_csv', '2:train_regression_model', '3:evaluate_regression_model']",,,,,,,,,,1.3975,1.0866,1.953,,52.356,5,Mistral,easy
regression__easy__zubairdhuddi_linear-regression__test,regression__easy__zubairdhuddi_linear-regression__test.json,regression,y,linear,success,,,,,,60.0,,,/home/joshua/Code/ai_projects/amalia/backend/data/uploads/datasets/regression/easy/zubairdhuddi_linear-regression/test.csv,/home/joshua/Code/ai_projects/amalia/backend/models/linear_regression_test_model.pkl,1.0,['1:train_regression_model'],regression,,,-0.0019,240.0,['x'],/home/joshua/Code/ai_projects/amalia/backend/models/linear_regression_test_model.pkl,0.9887,0.9906,2.8216,2.1583,7.9614,,,5,Mistral,easy
regression__hard__anujsaha0123456789_house-prices-cleaned-dataset-for-regression-ml__house_prices_cleaned,regression__hard__anujsaha0123456789_house-prices-cleaned-dataset-for-regression-ml__house_prices_cleaned.json,regression,SalePrice,svr,success,,,,,,1460.0,,,/home/joshua/Code/ai_projects/amalia/backend/data/uploads/datasets/regression/hard/anujsaha0123456789_house-prices-cleaned-dataset-for-regression-ml/house_prices_cleaned.csv,/home/joshua/Code/ai_projects/amalia/data/batch_results/batch_20260421164615_4d958e70mistral_final/models/regression__hard__anujsaha0123456789_house-prices-cleaned-dataset-for-regression-ml__house_prices_cleaned.pkl,3.0,"['1:load_csv', '2:train_regression_model', '3:evaluate_regression_model']",,,,,,,,,,80981.1703,55540.0192,6557949939.5246,-0.079417793813064,32.1043,5,Mistral,hard
regression__hard__bharatsahu_house-price-prediction-dataset-insurancehub-usa__House_price_multifeatures,regression__hard__bharatsahu_house-price-prediction-dataset-insurancehub-usa__House_price_multifeatures.json,classification,TTTerritory,decision_tree,failed,Input contains NaN,,,,,,,,,,,,,,,,,,,,,,,,,,5,Mistral,hard
regression__hard__bjaton_housepricesadvancedregressiontechniquestrain__train,regression__hard__bjaton_housepricesadvancedregressiontechniquestrain__train.json,regression,SalePrice,ridge,failed,"Input X contains NaN.
Ridge does not accept missing values encoded as NaN natively. For supervised learning, you might want to consider sklearn.ensemble.HistGradientBoostingClassifier and Regressor which accept missing values encoded as NaNs natively. Alternatively, it is possible to preprocess the data, for instance by using an imputer transformer in a pipeline or drop samples with missing values. See https://scikit-learn.org/stable/modules/impute.html You can find a list of all estimators that handle NaN values at the following page: https://scikit-learn.org/stable/modules/impute.html#estimators-that-handle-nan-values",,,,,,,,,,,,,,,,,,,,,,,,,,5,Mistral,hard
regression__hard__bobnau_daily-website-visitors__daily-website-visitors,regression__hard__bobnau_daily-website-visitors__daily-website-visitors.json,regression,Returning.Visits,linear,failed,"could not convert string to float: '1,036'",,,,,,,,,,,,,,,,,,,,,,,,,,5,Mistral,hard
regression__hard__deepcontractor_car-price-prediction-challenge__car_price_prediction,regression__hard__deepcontractor_car-price-prediction-challenge__car_price_prediction.json,regression,Price,random_forest,success,,,,,,19237.0,,,/home/joshua/Code/ai_projects/amalia/backend/data/uploads/datasets/regression/hard/deepcontractor_car-price-prediction-challenge/car_price_prediction_preprocessed.csv,/home/joshua/Code/ai_projects/amalia/backend/models/car_price_prediction_model.pkl,4.0,"['1:handle_missing_values', '1:encode_categorical', '2:train_regression_model', '3:evaluate_regression_model']",,,,,,,,,,85477.0567,3065.5139,7306327215.1562,0.8407895476625092,628.093,5,Mistral,hard
regression__hard__kanchana1990_colorado-real-estate-market-2026__colorado_real_estate_2026,regression__hard__kanchana1990_colorado-real-estate-market-2026__colorado_real_estate_2026.json,regression,garage,linear,failed,"Input X contains NaN.
LinearRegression does not accept missing values encoded as NaN natively. For supervised learning, you might want to consider sklearn.ensemble.HistGradientBoostingClassifier and Regressor which accept missing values encoded as NaNs natively. Alternatively, it is possible to preprocess the data, for instance by using an imputer transformer in a pipeline or drop samples with missing values. See https://scikit-learn.org/stable/modules/impute.html You can find a list of all estimators that handle NaN values at the following page: https://scikit-learn.org/stable/modules/impute.html#estimators-that-handle-nan-values",,,,,,,,,,,,,,,,,,,,,,,,,,5,Mistral,hard
regression__hard__milanvaddoriya_old-car-price-prediction__car_price,regression__hard__milanvaddoriya_old-car-price-prediction__car_price.json,regression,,,failed,get_column_info: Column 'None' not found,,,,,,,,,,,,,,,,,,,,,,,,,,5,Mistral,hard
regression__hard__spittman1248_cdc-data-nutrition-physical-activity-obesity__Nutrition__Physical_Activity__and_Obesity_-_Behavioral_Risk_Factor_Surveillance_System,regression__hard__spittman1248_cdc-data-nutrition-physical-activity-obesity__Nutrition__Physical_Activity__and_Obesity_-_Behavioral_Risk_Factor_Surveillance_System.json,classification,Class,naive_bayes,failed,"Input X contains NaN.
GaussianNB does not accept missing values encoded as NaN natively. For supervised learning, you might want to consider sklearn.ensemble.HistGradientBoostingClassifier and Regressor which accept missing values encoded as NaNs natively. Alternatively, it is possible to preprocess the data, for instance by using an imputer transformer in a pipeline or drop samples with missing values. See https://scikit-learn.org/stable/modules/impute.html You can find a list of all estimators that handle NaN values at the following page: https://scikit-learn.org/stable/modules/impute.html#estimators-that-handle-nan-values",,,,,,,,,,,,,,,,,,,,,,,,,,5,Mistral,hard
regression__hard__taweilo_mba-admission-dataset__MBA,regression__hard__taweilo_mba-admission-dataset__MBA.json,regression,gpa,linear,failed,,,,,,692.0,,,/home/joshua/Code/ai_projects/amalia/backend/data/uploads/datasets/regression/hard/taweilo_mba-admission-dataset/MBA_processed.csv,/home/joshua/Code/ai_projects/amalia/backend/models/regression_linear_MBA.joblib,3.0,"['1:handle_missing_values', '2:train_regression_model', '3:evaluate_regression_model']",,,,,,,,,,0.1038,0.0833,0.0108,,2.4765,5,Mistral,hard
regression__hard__valakhorasani_tehran-house-prices-dataset__TehranHouse,regression__hard__valakhorasani_tehran-house-prices-dataset__TehranHouse.json,regression,Price(USD),linear,success,,,,,,3479.0,,,/home/joshua/Code/ai_projects/amalia/backend/data/uploads/datasets/regression/hard/valakhorasani_tehran-house-prices-dataset/TehranHouse.csv,/home/joshua/Code/ai_projects/amalia/data/batch_results/batch_20260421164615_4d958e70mistral_final/models/regression__hard__valakhorasani_tehran-house-prices-dataset__TehranHouse.pkl,3.0,"['1:load_csv', '2:train_regression_model', '3:evaluate_regression_model']",,,,,,,,,,0.0026,0.0021,0.0,1.0,0.0,5,Mistral,hard
regression__mid__CooperUnion_cardataset__data,regression__mid__CooperUnion_cardataset__data.json,regression,MSRP,linear,failed,"Input X contains NaN.
LinearRegression does not accept missing values encoded as NaN natively. For supervised learning, you might want to consider sklearn.ensemble.HistGradientBoostingClassifier and Regressor which accept missing values encoded as NaNs natively. Alternatively, it is possible to preprocess the data, for instance by using an imputer transformer in a pipeline or drop samples with missing values. See https://scikit-learn.org/stable/modules/impute.html You can find a list of all estimators that handle NaN values at the following page: https://scikit-learn.org/stable/modules/impute.html#estimators-that-handle-nan-values",,,,,,,,,,,,,,,,,,,,,,,,,,5,Mistral,medium
regression__mid__alamshihab075_health-and-lifestyle-data-for-diabetes-prediction__Diabetes_and_LifeStyle_Dataset ,regression__mid__alamshihab075_health-and-lifestyle-data-for-diabetes-prediction__Diabetes_and_LifeStyle_Dataset .json,regression,diagnosed_diabetes,ridge,success,,,,,,97297.0,,,/home/joshua/Code/ai_projects/amalia/backend/data/uploads/datasets/regression/mid/alamshihab075_health-and-lifestyle-data-for-diabetes-prediction/Diabetes_and_LifeStyle_Dataset .csv,/home/joshua/Code/ai_projects/amalia/data/batch_results/batch_20260421164615_4d958e70mistral_final/models/regression__mid__alamshihab075_health-and-lifestyle-data-for-diabetes-prediction__Diabetes_and_LifeStyle_Dataset .pkl,3.0,"['1:load_csv', '2:train_regression_model', '3:evaluate_regression_model']",,,,,,,,,,0.1363,0.0805,0.0186,0.9184437678716496,,5,Mistral,medium
regression__mid__camnugent_california-housing-prices__housing,regression__mid__camnugent_california-housing-prices__housing.json,regression,median_house_value,linear,failed,"Input X contains NaN.
LinearRegression does not accept missing values encoded as NaN natively. For supervised learning, you might want to consider sklearn.ensemble.HistGradientBoostingClassifier and Regressor which accept missing values encoded as NaNs natively. Alternatively, it is possible to preprocess the data, for instance by using an imputer transformer in a pipeline or drop samples with missing values. See https://scikit-learn.org/stable/modules/impute.html You can find a list of all estimators that handle NaN values at the following page: https://scikit-learn.org/stable/modules/impute.html#estimators-that-handle-nan-values",,,,,,,,,,,,,,,,,,,,,,,,,,5,Mistral,medium
regression__mid__harlfoxem_housesalesprediction__kc_house_data,regression__mid__harlfoxem_housesalesprediction__kc_house_data.json,regression,,,failed,can't multiply sequence by non-int of type 'numpy.float64',,,,,,,,,,,,,,,,,,,,,,,,,,5,Mistral,medium
regression__mid__hrokrin_the-largest-diamond-dataset-currely-on-kaggle__diamonds,regression__mid__hrokrin_the-largest-diamond-dataset-currely-on-kaggle__diamonds.json,classification,total_sales_price,naive_bayes,success,,0.5667719684893251,0.6016,0.5443,0.5367403569743122,219703.0,22202.0,False,/home/joshua/Code/ai_projects/amalia/backend/data/uploads/datasets/regression/mid/hrokrin_the-largest-diamond-dataset-currely-on-kaggle/diamonds.csv,/home/joshua/Code/ai_projects/amalia/data/batch_results/batch_20260421164615_4d958e70mistral_final/models/regression__mid__hrokrin_the-largest-diamond-dataset-currely-on-kaggle__diamonds.pkl,3.0,"['1:load_csv', '2:train_classification_model', '3:evaluate_classification_model']",,,,,,,,,,,,,,,5,Mistral,medium
regression__mid__lorenzozoppelletto_financial-risk-for-loan-approval__Loan,regression__mid__lorenzozoppelletto_financial-risk-for-loan-approval__Loan.json,regression,RiskScore,ridge,success,,,,,,20000.0,,,/home/joshua/Code/ai_projects/amalia/backend/data/uploads/datasets/regression/mid/lorenzozoppelletto_financial-risk-for-loan-approval/Loan.csv,/home/joshua/Code/ai_projects/amalia/data/batch_results/batch_20260421164615_4d958e70mistral_final/models/regression__mid__lorenzozoppelletto_financial-risk-for-loan-approval__Loan.pkl,3.0,"['1:load_csv', '2:train_regression_model', '3:evaluate_regression_model']",,,,,,,,,,1.9492,1.5056,3.7993,0.9434424430200768,3.0474,5,Mistral,medium
regression__mid__mirichoi0218_insurance__insurance,regression__mid__mirichoi0218_insurance__insurance.json,regression,charges,gradient_boosting,success,,,,,,1338.0,,,/home/joshua/Code/ai_projects/amalia/backend/data/uploads/datasets/regression/mid/mirichoi0218_insurance/insurance.csv,/home/joshua/Code/ai_projects/amalia/backend/models/regression_model.pkl,4.0,"['1:load_csv', '1:infer_data_types', '2:train_regression_model', '3:evaluate_regression_model']",,,,,,,,,,3850.9558,2162.0931,14829860.2228,0.936812207604509,26.6765,5,Mistral,medium
regression__mid__ranitsarkar01_porter-delivery-time-estimation__dataset,regression__mid__ranitsarkar01_porter-delivery-time-estimation__dataset.json,regression,,,failed,filter_rows: Unknown condition: notnull,,,,,,,,,,,,,,,,,,,,,,,,,,5,Mistral,medium
regression__mid__rupals_gpu-runtime__sgemm_product,regression__mid__rupals_gpu-runtime__sgemm_product.json,regression,,,failed,get_column_info: Column 'None' not found,,,,,,,,,,,,,,,,,,,,,,,,,,5,Mistral,medium
regression__mid__yasserh_uber-fares-dataset__uber,regression__mid__yasserh_uber-fares-dataset__uber.json,regression,,,failed,get_column_info: Column 'None' not found,,,,,,,,,,,,,,,,,,,,,,,,,,5,Mistral,medium
